Unix Time,Sample Index,Speed,Torque,Power,Efficiency,Voltage alpha,Voltage beta,Current alpha,Current beta,Error flags
1775462289,0,1500.0,0.5739475727301301,0.09793513690877466,92.05537072154617,-44.879150390625,56.2957763671875,-0.20903001708984376,0.8912260986328125,0.0
,1,,,,,-49.2645263671875,53.485107421875,-0.2713868408203125,0.8602548522949219,0.0
,2,,,,,-53.1280517578125,50.8209228515625,-0.34109804077148437,0.8374666442871094,0.0
,3,,,,,-56.6070556640625,47.9095458984375,-0.38750311889648437,0.8043201599121094,0.0
,4,,,,,-60.1409912109375,44.4488525390625,-0.44809903564453124,0.7610225646972657,0.0
,5,,,,,-63.079833984375,40.9515380859375,-0.5157385803222656,0.6972155822753906,0.0
,6,,,,,-64.9017333984375,37.628173828125,-0.5920790771484375,0.6462528625488282,0.0
,7,,,,,-67.1630859375,33.9202880859375,-0.6554717285156251,0.6056484191894531,0.0
,8,,,,,-69.0216064453125,29.901123046875,-0.6978370788574219,0.5681514587402344,0.0
,9,,,,,-68.756103515625,28.6651611328125,-0.7611261474609375,0.5006154968261719,0.0
,10,,,,,-68.4356689453125,26.348876953125,-0.8057703186035157,0.46674393310546874,0.0
,11,,,,,-68.9849853515625,22.210693359375,-0.8232758056640626,0.4392945007324219,0.0
,12,,,,,-69.085693359375,17.633056640625,-0.8621193420410157,0.3965148193359375,0.0
,13,,,,,-70.1019287109375,11.8194580078125,-0.8971303161621094,0.36202175903320316,0.0
,14,,,,,-71.044921875,6.6192626953125,-0.8937120849609376,0.3259749572753906,0.0
,15,,,,,-74.1119384765625,-3.3416748046875,-0.9090423339843751,0.29893985595703126,0.0
,16,,,,,-75.9613037109375,-6.5460205078125,-0.9084208374023438,0.23896543579101565,0.0
,17,,,,,-72.4639892578125,-11.9842529296875,-0.9256155761718751,0.20115772705078125,0.0
,18,,,,,-72.235107421875,-16.3970947265625,-0.9293445556640625,0.12067391967773437,0.0
,19,,,,,-71.9879150390625,-20.745849609375,-0.94301748046875,0.060595916748046874,0.0
,20,,,,,-71.502685546875,-24.8382568359375,-0.9381490905761719,-0.020095056152343752,0.0
,21,,,,,-70.3399658203125,-30.06591796875,-0.9326592041015626,-0.07033269653320312,0.0
,22,,,,,-68.975830078125,-34.515380859375,-0.9274800659179688,-0.13424326171875,0.0
,23,,,,,-67.49267578125,-37.46337890625,-0.9110104064941407,-0.15299174194335938,0.0
,24,,,,,-66.522216796875,-38.690185546875,-0.9026202026367188,-0.25740316772460936,0.0
,25,,,,,-63.61083984375,-41.656494140625,-0.8949550781250001,-0.31851699829101565,0.0
,26,,,,,-61.0198974609375,-43.9544677734375,-0.8802463256835937,-0.39993305053710937,0.0
,27,,,,,-58.721923828125,-45.2728271484375,-0.8556972106933594,-0.4302828002929688,0.0
,28,,,,,-54.8492431640625,-48.541259765625,-0.8655375732421875,-0.5052767211914063,0.0
,29,,,,,-50.6927490234375,-51.0406494140625,-0.8451317687988281,-0.532829736328125,0.0
,30,,,,,-45.1995849609375,-55.11474609375,-0.8363272338867188,-0.6006764465332032,0.0
,31,,,,,-39.8712158203125,-58.831787109375,-0.7887827453613282,-0.6036803466796875,0.0
,32,,,,,-31.6680908203125,-61.6241455078125,-0.78059970703125,-0.6610651977539063,0.0
,33,,,,,-30.4046630859375,-64.6728515625,-0.7229041076660156,-0.6722521362304688,0.0
,34,,,,,-25.3326416015625,-67.840576171875,-0.6976299133300782,-0.7319158081054687,0.0
,35,,,,,-20.4254150390625,-70.2484130859375,-0.62812587890625,-0.7511822021484376,0.0
,36,,,,,-16.9464111328125,-72.1160888671875,-0.565976220703125,-0.7833964416503907,0.0
,37,,,,,-12.945556640625,-73.53515625,-0.46922991943359377,-0.7768707275390625,0.0
,38,,,,,-8.2305908203125,-74.1485595703125,-0.43328670043945317,-0.8247259643554687,0.0
,39,,,,,-3.4332275390625,-74.560546875,-0.3500061584472656,-0.8302158508300782,0.0
,40,,,,,0.3936767578125,-74.23095703125,-0.31644534301757815,-0.8754815185546875,0.0
,41,,,,,3.1768798828125,-73.992919921875,-0.23368271484375,-0.8830430603027344,0.0
,42,,,,,7.763671875,-73.040771484375,-0.184791650390625,-0.9124605651855469,0.0
,43,,,,,10.80322265625,-71.8597412109375,-0.08980625610351563,-0.8998234680175782,0.0
,44,,,,,13.0645751953125,-70.5413818359375,-0.03987936401367188,-0.9139107238769532,0.0
,45,,,,,17.6605224609375,-69.17724609375,0.016158911132812502,-0.9168110412597656,0.0
,46,,,,,22.7783203125,-66.925048828125,0.044644171142578126,-0.9291373901367188,0.0
,47,,,,,28.7017822265625,-64.4805908203125,0.09954303588867187,-0.9268585693359376,0.0
,48,,,,,34.0484619140625,-62.2283935546875,0.09912870483398438,-0.9379419250488281,0.0
,49,,,,,39.642333984375,-59.3902587890625,0.1727760498046875,-0.9126677307128906,0.0
,50,,,,,45.703125,-56.0302734375,0.2108945068359375,-0.8759994323730469,0.0
,51,,,,,50.6744384765625,-53.3111572265625,0.24787355346679688,-0.8716489562988281,0.0
,52,,,,,54.5745849609375,-50.848388671875,0.29262130737304687,-0.8495858276367187,0.0
,53,,,,,57.989501953125,-47.991943359375,0.35456380004882815,-0.8301122680664063,0.0
,54,,,,,61.1572265625,-45.135498046875,0.421789013671875,-0.7782173034667969,0.0
,55,,,,,64.5538330078125,-41.56494140625,0.49491844482421876,-0.7321229736328125,0.0
,56,,,,,67.41943359375,-37.8936767578125,0.5426700988769532,-0.6841641540527343,0.0
,57,,,,,68.9117431640625,-35.2294921875,0.6176640197753906,-0.6203571716308593,0.0
,58,,,,,69.2962646484375,-34.0484619140625,0.6711127258300782,-0.5748843383789063,0.0
,59,,,,,70.27587890625,-30.029296875,0.7268402526855469,-0.5354193054199219,0.0
,60,,,,,70.880126953125,-26.1474609375,0.8031807495117188,-0.48052044067382815,0.0
,61,,,,,70.2301025390625,-23.7762451171875,0.8308373474121094,-0.45452116699218753,0.0
,62,,,,,70.8892822265625,-18.7225341796875,0.8597369384765625,-0.42448216552734375,0.0
,63,,,,,71.2738037109375,-13.5406494140625,0.8895687744140626,-0.3887461120605469,0.0
,64,,,,,72.10693359375,-6.976318359375,0.9283087280273438,-0.33457232666015624,0.0
,65,,,,,77.325439453125,2.069091796875,0.9316233764648438,-0.2702474304199219,0.0
,66,,,,,73.6175537109375,5.16357421875,0.926547821044922,-0.2485986328125,0.0
,67,,,,,76.8218994140625,10.7208251953125,0.9105960754394532,-0.1898672058105469,0.0
,68,,,,,73.7274169921875,16.094970703125,0.9453998840332032,-0.13413967895507814,0.0
,69,,,,,76.8402099609375,21.478271484375,0.9208507690429688,-0.06774312744140626,0.0
,70,,,,,72.69287109375,25.1495361328125,0.9277908142089843,-0.0069400451660156254,0.0
,71,,,,,71.484375,28.875732421875,0.9263406555175782,0.08483428344726562,0.0
,72,,,,,69.9371337890625,32.464599609375,0.9440533081054687,0.14584453125,0.0
,73,,,,,67.3736572265625,37.17041015625,0.9152572998046875,0.22042412109375,0.0
,74,,,,,64.8468017578125,40.5487060546875,0.9194006103515625,0.2898245727539063,0.0
,75,,,,,63.7481689453125,40.72265625,0.9067635131835938,0.3546673828125,0.0
,76,,,,,61.19384765625,42.8192138671875,0.9091459167480469,0.425103662109375,0.0
,77,,,,,57.806396484375,45.9503173828125,0.8910189331054688,0.48010610961914063,0.0
,78,,,,,54.60205078125,47.479248046875,0.9048990234375001,0.5236108703613281,0.0
,79,,,,,50.3997802734375,50.299072265625,0.8809714050292969,0.5804778076171875,0.0
,80,,,,,45.794677734375,53.7322998046875,0.8426457824707031,0.5860712768554688,0.0
,81,,,,,39.9261474609375,58.2550048828125,0.8193396606445312,0.6155923645019531,0.0
,82,,,,,33.6456298828125,62.0635986328125,0.7611261474609375,0.6011943603515625,0.0
,83,,,,,29.55322265625,65.167236328125,0.72425068359375,0.6318548583984375,0.0
,84,,,,,24.8382568359375,68.4173583984375,0.6594078735351563,0.6421095520019532,0.0
,85,,,,,19.9127197265625,70.916748046875,0.6114490539550781,0.680331591796875,0.0
,86,,,,,15.1153564453125,72.784423828125,0.5486778991699219,0.6799172607421875,0.0
,87,,,,,11.3067626953125,74.1851806640625,0.5122167663574219,0.7502499572753907,0.0
,88,,,,,7.1136474609375,75.2105712890625,0.4210639343261719,0.8051488220214844,0.0
,89,,,,,2.1331787109375,75.6591796875,0.3981721435546875,0.8648124938964844,0.0
,90,,,,,-2.6641845703125,75.6591796875,0.32980751953125004,0.8881186157226563,0.0
,91,,,,,-6.060791015625,75.0,0.27407999267578126,0.9068670959472657,0.0
,92,,,,,-7.6446533203125,74.102783203125,0.1769193603515625,0.9139107238769532,0.0
,93,,,,,-11.7919921875,72.6287841796875,0.11508045043945313,0.9134963928222657,0.0
,94,,,,,-15.8111572265625,70.9991455078125,0.06028516845703125,0.9395992492675782,0.0
,95,,,,,-17.889404296875,68.9208984375,0.025377777099609377,0.9575190673828126,0.0
,96,,,,,-22.869873046875,66.6046142578125,-0.04671582641601563,0.9426031494140625,0.0
,97,,,,,-29.11376953125,63.6199951171875,-0.06432489624023438,0.92644423828125,0.0
,98,,,,,-35.19287109375,61.541748046875,-0.11860226440429687,0.9055205200195313,0.0
,99,,,,,-40.594482421875,59.326171875,-0.174847705078125,0.86346591796875,0.0
,100,,,,,-45.703125,56.9915771484375,-0.21265541381835937,0.8519682312011719,0.0
,101,,,,,-47.2503662109375,54.2999267578125,-0.261028564453125,0.8016270080566407,0.0
,102,,,,,-55.609130859375,51.7364501953125,-0.3260785400390625,0.7672375305175781,0.0
,103,,,,,-58.85009765625,49.658203125,-0.3839813049316406,0.7310871459960938,0.0
,104,,,,,-61.7523193359375,47.16796875,-0.4656045227050781,0.6801244262695313,0.0
,105,,,,,-65.1123046875,43.1488037109375,-0.5332440673828125,0.6616866943359375,0.0
,106,,,,,-67.2821044921875,39.5599365234375,-0.5834817077636719,0.6309226135253907,0.0
,107,,,,,-68.133544921875,37.811279296875,-0.6337193481445312,0.5834817077636719,0.0
,108,,,,,-69.17724609375,34.698486328125,-0.7140995727539062,0.5395626159667969,0.0
,109,,,,,-69.3695068359375,32.684326171875,-0.7751098205566407,0.4901536376953125,0.0
,110,,,,,-69.9554443359375,28.912353515625,-0.8011090942382812,0.4595967224121094,0.0
,111,,,,,-71.1456298828125,23.9776611328125,-0.8397454650878906,0.4355655212402344,0.0
,112,,,,,-71.173095703125,20.0775146484375,-0.869266552734375,0.39993305053710937,0.0
,113,,,,,-71.9146728515625,14.3280029296875,-0.9075921752929688,0.3721728698730469,0.0
,114,,,,,-75.6134033203125,7.9193115234375,-0.9380455078125001,0.31209486694335936,0.0
,115,,,,,-75.640869140625,-2.838134765625,-0.9368025146484376,0.2764623962402344,0.0
,116,,,,,-76.0345458984375,-3.515625,-0.9525470947265625,0.216280810546875,0.0
,117,,,,,-73.6358642578125,-8.7066650390625,-0.9419816528320313,0.1918352783203125,0.0
,118,,,,,-77.1881103515625,-14.8590087890625,-0.9422924011230469,0.11238729858398439,0.0
,119,,,,,-72.5006103515625,-19.537353515625,-0.9344201110839844,0.08224471435546875,0.0
,120,,,,,-71.4202880859375,-23.4832763671875,-0.9510969360351563,-0.005800634765625,0.0
,121,,,,,-70.12939453125,-27.557373046875,-0.938977752685547,-0.04878748168945313,0.0
,122,,,,,-67.9046630859375,-32.0709228515625,-0.9480930358886719,-0.14263346557617188,0.0
,123,,,,,-65.5426025390625,-35.9527587890625,-0.9564832397460937,-0.18044117431640624,0.0
,124,,,,,-64.0594482421875,-37.5823974609375,-0.947160791015625,-0.28319527587890625,0.0
,125,,,,,-62.0269775390625,-40.7318115234375,-0.9166038757324219,-0.33053259887695313,0.0
,126,,,,,-59.7747802734375,-43.798828125,-0.8966124023437501,-0.4011760437011719,0.0
,127,,,,,-56.707763671875,-45.9320068359375,-0.8610835144042969,-0.42085676879882816,0.0
,128,,,,,-53.4942626953125,-48.2666015625,-0.8701987976074219,-0.5007190795898437,0.0
,129,,,,,-50.0152587890625,-50.3448486328125,-0.8249331298828125,-0.4982330932617188,0.0
,130,,,,,-44.9066162109375,-54.5928955078125,-0.833737664794922,-0.5669084655761719,0.0
,131,,,,,-39.5599365234375,-58.7127685546875,-0.812917529296875,-0.5910432495117187,0.0
,132,,,,,-31.45751953125,-62.127685546875,-0.7958263732910157,-0.6328906860351563,0.0
,133,,,,,-29.132080078125,-65.4510498046875,-0.7478675537109375,-0.6269864685058594,0.0
,134,,,,,-23.8494873046875,-68.5638427734375,-0.7168963073730469,-0.6791921813964844,0.0
,135,,,,,-18.93310546875,-71.5118408203125,-0.6425238830566407,-0.6851999816894532,0.0
,136,,,,,-14.703369140625,-73.1964111328125,-0.5806849731445313,-0.7211432006835937,0.0
,137,,,,,-10.1898193359375,-74.249267578125,-0.5120096008300782,-0.7411346740722656,0.0
,138,,,,,-5.2642822265625,-75.54931640625,-0.46384361572265626,-0.789714990234375,0.0
,139,,,,,-0.347900390625,-76.446533203125,-0.3899891052246094,-0.8125031982421875,0.0
,140,,,,,3.2958984375,-76.13525390625,-0.35155989990234376,-0.8665734008789063,0.0
,141,,,,,5.914306640625,-75.7598876953125,-0.2702474304199219,-0.8727883666992188,0.0
,142,,,,,10.4736328125,-74.7894287109375,-0.18665614013671875,-0.8690593872070312,0.0
,143,,,,,13.4033203125,-73.1414794921875,-0.07116135864257812,-0.8518646484375,0.0
,144,,,,,14.5294189453125,-71.37451171875,-0.03977578125,-0.8805570739746094,0.0
,145,,,,,18.768310546875,-69.8822021484375,0.033975146484375,-0.8913296813964844,0.0
,146,,,,,24.5819091796875,-67.6300048828125,0.04070802612304688,-0.9003413818359375,0.0
,147,,,,,30.4779052734375,-65.570068359375,0.098610791015625,-0.8823179809570313,0.0
,148,,,,,30.4779052734375,-65.570068359375,0.11767001953125,-0.8755851013183594,0.0
,149,,,,,40.6494140625,-61.2579345703125,0.15734221801757814,-0.8671948974609375,0.0
,150,,,,,40.6494140625,-61.2579345703125,0.21379482421875,-0.8269012023925781,0.0
,151,,,,,50.8392333984375,-56.1492919921875,0.28816724853515624,-0.8094992980957032,0.0
,152,,,,,50.8392333984375,-56.1492919921875,0.32431763305664063,-0.7918902282714844,0.0
,153,,,,,58.1817626953125,-51.141357421875,0.3672008972167969,-0.7801853759765626,0.0
,154,,,,,61.48681640625,-48.541259765625,0.42696815185546877,-0.7239399353027344,0.0
,155,,,,,64.8284912109375,-44.696044921875,0.5006154968261719,-0.6722521362304688,0.0
,156,,,,,67.437744140625,-41.1529541015625,0.5650439758300781,-0.6162138610839843,0.0
,157,,,,,68.5455322265625,-38.323974609375,0.6172496887207032,-0.5993298706054687,0.0
,158,,,,,68.5089111328125,-37.4267578125,0.6936937683105469,-0.5476420715332031,0.0
,159,,,,,69.3603515625,-33.837890625,0.7636121337890626,-0.5037229797363282,0.0
,160,,,,,70.1202392578125,-29.5806884765625,0.817164422607422,-0.4642579467773438,0.0
,161,,,,,69.2230224609375,-26.9989013671875,0.8376738098144532,-0.4388801696777344,0.0
,162,,,,,69.598388671875,-21.5789794921875,0.8921583435058594,-0.39982946777343753,0.0
,163,,,,,70.0927734375,-15.5181884765625,0.9273764831542969,-0.3749696044921875,0.0
,164,,,,,70.8526611328125,-8.660888671875,0.9436389770507813,-0.3424446166992188,0.0
,165,,,,,73.846435546875,2.4078369140625,0.9302768005371094,-0.31623817749023436,0.0
,166,,,,,71.356201171875,3.22265625,0.95959072265625,-0.27418357543945315,0.0
,167,,,,,71.2554931640625,8.45947265625,0.947160791015625,-0.20913359985351562,0.0
,168,,,,,71.1822509765625,14.4287109375,0.9563796569824219,-0.15226666259765625,0.0
,169,,,,,70.9075927734375,19.66552734375,0.9394956665039063,-0.08649160766601563,0.0
,170,,,,,70.3125,23.5931396484375,0.9508897705078125,-0.02672435302734375,0.0
,171,,,,,68.9849853515625,27.7313232421875,0.9378383422851563,0.05116988525390625,0.0
,172,,,,,67.0806884765625,32.080078125,0.9447783874511719,0.12937487182617188,0.0
,173,,,,,64.9383544921875,36.3739013671875,0.9267549865722656,0.19981115112304687,0.0
,174,,,,,62.933349609375,39.2852783203125,0.9259263244628907,0.2551243469238281,0.0
,175,,,,,61.63330078125,40.4296875,0.8969231506347657,0.32794302978515627,0.0
,176,,,,,58.1451416015625,43.39599609375,0.9110104064941407,0.39599690551757816,0.0
,177,,,,,54.96826171875,45.9503173828125,0.9137035583496094,0.4593895568847656,0.0
,178,,,,,52.6153564453125,46.9390869140625,0.8876007019042969,0.48217776489257813,0.0
,179,,,,,48.5504150390625,50.4547119140625,0.8646053283691406,0.5414271057128907,0.0
,180,,,,,43.3319091796875,54.6295166015625,0.8515539001464844,0.562661572265625,0.0
,181,,,,,38.0859375,58.8043212890625,0.81706083984375,0.5865891906738282,0.0
,182,,,,,32.8948974609375,62.1185302734375,0.7563613403320313,0.5747807556152343,0.0
,183,,,,,28.6376953125,65.5426025390625,0.7135816589355469,0.6117598022460937,0.0
,184,,,,,22.869873046875,68.682861328125,0.66458701171875,0.6341336791992188,0.0
,185,,,,,17.889404296875,71.099853515625,0.6511212524414063,0.6916221130371094,0.0
,186,,,,,13.9251708984375,72.83935546875,0.5733305969238282,0.6937973510742188,0.0
,187,,,,,9.9517822265625,74.2034912109375,0.5107666076660157,0.7410310913085938,0.0
,188,,,,,4.595947265625,75.1373291015625,0.4156776306152344,0.7609189819335938,0.0
,189,,,,,0.1556396484375,75.732421875,0.3928894226074219,0.8187181640625,0.0
,190,,,,,-3.0853271484375,75.9063720703125,0.32141731567382814,0.8513467346191407,0.0
,191,,,,,-6.427001953125,75.2471923828125,0.2465269775390625,0.8811785705566406,0.0
,192,,,,,-8.16650390625,74.1668701171875,0.13807582397460938,0.8841824707031251,0.0
,193,,,,,-11.3525390625,73.077392578125,0.10544725341796875,0.9236475036621095,0.0
,194,,,,,-14.6026611328125,71.88720703125,0.03977578125,0.9414637390136719,0.0
,195,,,,,-17.340087890625,69.7357177734375,0.0020716552734375,0.9420852355957031,0.0
,196,,,,,-23.1536865234375,67.5384521484375,-0.06080308227539063,0.9241654174804688,0.0
,197,,,,,-29.0313720703125,65.1763916015625,-0.10700099487304687,0.9227152587890626,0.0
,198,,,,,-34.0118408203125,63.17138671875,-0.13683283081054687,0.9094566650390625,0.0
,199,,,,,-34.0118408203125,63.17138671875,-0.17557278442382812,0.8749636047363282,0.0
,200,,,,,-44.1192626953125,59.619140625,-0.24673414306640626,0.8362236511230469,0.0
,201,,,,,-44.1192626953125,59.619140625,-0.28236661376953126,0.8113637878417969,0.0
,202,,,,,-53.5675048828125,53.7689208984375,-0.3672008972167969,0.7712772583007813,0.0
,203,,,,,-56.671142578125,51.1138916015625,-0.4197173583984375,0.7386486877441406,0.0
,204,,,,,-59.36279296875,48.2940673828125,-0.4724409851074219,0.7210396179199219,0.0
,205,,,,,-62.3748779296875,44.7052001953125,-0.5416342712402344,0.6850963989257812,0.0
,206,,,,,-64.6820068359375,40.8782958984375,-0.6194249267578125,0.6410737243652344,0.0
,207,,,,,-65.2862548828125,39.3585205078125,-0.6812638366699219,0.5757130004882812,0.0
,208,,,,,-66.24755859375,36.4837646484375,-0.7224897766113282,0.5437059265136719,0.0
,209,,,,,-67.1356201171875,32.794189453125,-0.768169775390625,0.48373150634765627,0.0
,210,,,,,-67.41943359375,29.4158935546875,-0.8259689575195313,0.45037785644531253,0.0
,211,,,,,-68.060302734375,25.5340576171875,-0.8550757141113281,0.43908733520507814,0.0
,212,,,,,-68.15185546875,21.2860107421875,-0.8892580261230469,0.39786139526367187,0.0
,213,,,,,-68.8568115234375,15.472412109375,-0.9081100891113282,0.37890574951171874,0.0
,214,,,,,-69.873046875,8.404541015625,-0.9395992492675782,0.3335364990234375,0.0
,215,,,,,-73.42529296875,-2.7008056640625,-0.9318305419921875,0.3158238464355469,0.0
,216,,,,,-71.19140625,-3.4423828125,-0.9292409729003906,0.25740316772460936,0.0
,217,,,,,-71.7864990234375,-8.7982177734375,-0.9435353942871094,0.20302221679687502,0.0
,218,,,,,-71.539306640625,-14.5111083984375,-0.9601086364746094,0.12626738891601563,0.0
,219,,,,,-71.1822509765625,-19.7113037109375,-0.9457106323242188,0.10244335327148438,0.0
,220,,,,,-70.330810546875,-23.91357421875,-0.9346272766113282,0.017505487060546877,0.0
,221,,,,,-69.03076171875,-28.41796875,-0.9390813354492188,-0.027449432373046877,0.0
,222,,,,,-67.0166015625,-33.4808349609375,-0.9415673217773438,-0.11487328491210938,0.0
,223,,,,,-64.801025390625,-37.68310546875,-0.9426031494140625,-0.15848162841796876,0.0
,224,,,,,-62.750244140625,-41.0614013671875,-0.9445712219238281,-0.23243972167968752,0.0
,225,,,,,-60.1043701171875,-43.6798095703125,-0.9209543518066406,-0.28412752075195313,0.0
,226,,,,,-58.0718994140625,-44.8699951171875,-0.9064527648925782,-0.38056307373046877,0.0
,227,,,,,-54.9407958984375,-47.3876953125,-0.8630515869140625,-0.41132715454101565,0.0
,228,,,,,-51.8646240234375,-50.262451171875,-0.8718561218261719,-0.497197265625,0.0
,229,,,,,-48.4954833984375,-51.7364501953125,-0.8414027893066407,-0.5115952697753906,0.0
,230,,,,,-43.2220458984375,-55.426025390625,-0.8209969848632813,-0.5646296447753907,0.0
,231,,,,,-38.067626953125,-59.58251953125,-0.7926153076171876,-0.5688765380859375,0.0
,232,,,,,-32.3638916015625,-62.969970703125,-0.7666160339355469,-0.6014015258789063,0.0
,233,,,,,-28.509521484375,-66.0003662109375,-0.7365770324707032,-0.6319584411621094,0.0
,234,,,,,-23.126220703125,-69.2047119140625,-0.7133744934082031,-0.6940045166015625,0.0
,235,,,,,-18.34716796875,-72.25341796875,-0.6222216613769531,-0.660443701171875,0.0
,236,,,,,-14.7125244140625,-73.86474609375,-0.5672192138671875,-0.7061236999511719,0.0
,237,,,,,-10.8306884765625,-75.3204345703125,-0.493053955078125,-0.7223861938476562,0.0
,238,,,,,-6.1798095703125,-76.13525390625,-0.4326652038574219,-0.7774922241210938,0.0
,239,,,,,-1.5472412109375,-76.7578125,-0.3485559997558594,-0.7819462829589844,0.0
,240,,,,,1.666259765625,-76.6754150390625,-0.29997568359375,-0.8327018371582031,0.0
,241,,,,,3.0670166015625,-76.153564453125,-0.20291863403320312,-0.8681271423339844,0.0
,242,,,,,6.060791015625,-75.274658203125,-0.14107972412109376,-0.8924690917968751,0.0
,243,,,,,9.9884033203125,-74.249267578125,-0.058938592529296875,-0.8964052368164063,0.0
,244,,,,,12.3321533203125,-72.94921875,-0.005904217529296875,-0.8944371643066407,0.0
,245,,,,,16.7633056640625,-71.337890625,0.04412625732421875,-0.8961980712890625,0.0
,246,,,,,21.9635009765625,-69.3328857421875,0.06132099609375,-0.9034488647460938,0.0
,247,,,,,28.23486328125,-66.7877197265625,0.11860226440429687,-0.8996163024902344,0.0
,248,,,,,28.23486328125,-66.7877197265625,0.11590911254882813,-0.9061420166015626,0.0
,249,,,,,38.92822265625,-62.6129150390625,0.189763623046875,-0.8728919494628906,0.0
,250,,,,,38.92822265625,-62.6129150390625,0.24228008422851563,-0.8589082763671875,0.0
,251,,,,,48.504638671875,-57.037353515625,0.29490012817382816,-0.8511395690917969,0.0
,252,,,,,50.225830078125,-54.052734375,0.3402693786621094,-0.7997625183105469,0.0
,253,,,,,55.865478515625,-51.7364501953125,0.4136059753417969,-0.7664088684082031,0.0
,254,,,,,58.8775634765625,-48.7060546875,0.468194091796875,-0.7298441528320313,0.0
,255,,,,,61.175537109375,-45.4833984375,0.5318974914550781,-0.7191751281738281,0.0
,256,,,,,63.812255859375,-41.326904296875,0.5933220703125001,-0.6799172607421875,0.0
,257,,,,,65.679931640625,-37.408447265625,0.6669694152832032,-0.6381734069824219,0.0
,258,,,,,65.8447265625,-36.14501953125,0.7415490051269531,-0.5879357666015625,0.0
,259,,,,,66.8792724609375,-32.940673828125,0.7794602966308594,-0.549402978515625,0.0
,260,,,,,68.1060791015625,-28.729248046875,0.8057703186035157,-0.5106630249023437,0.0
,261,,,,,68.1976318359375,-25.634765625,0.852693310546875,-0.4644651123046875,0.0
,262,,,,,68.975830078125,-20.709228515625,0.8741349426269531,-0.44115899047851564,0.0
,263,,,,,69.5068359375,-15.362548828125,0.8812821533203126,-0.4089447509765625,0.0
,264,,,,,70.257568359375,-9.3109130859375,0.9157752136230469,-0.38315264282226563,0.0
,265,,,,,73.9471435546875,3.350830078125,0.9105960754394532,-0.35352797241210937,0.0
,266,,,,,71.3470458984375,4.522705078125,0.9139107238769532,-0.3257677917480469,0.0
,267,,,,,71.4752197265625,10.29052734375,0.9145322204589844,-0.2551243469238281,0.0
,268,,,,,71.3287353515625,15.3350830078125,0.9373204284667969,-0.19898248901367188,0.0
,269,,,,,70.71533203125,21.3409423828125,0.9528578430175781,-0.12461006469726563,0.0
,270,,,,,70.0103759765625,26.7333984375,0.9527542602539063,-0.053863037109375005,0.0
,271,,,,,68.9117431640625,30.5877685546875,0.9171217895507813,0.000103582763671875,0.0
,272,,,,,67.3095703125,34.3505859375,0.9422924011230469,0.08276262817382812,0.0
,273,,,,,64.984130859375,38.8916015625,0.91981494140625,0.14574094848632813,0.0
,274,,,,,62.7960205078125,42.7825927734375,0.9122533996582032,0.21389840698242188,0.0
,275,,,,,61.8255615234375,43.7347412109375,0.885839794921875,0.2839203552246094,0.0
,276,,,,,59.0606689453125,45.941162109375,0.8990983886718751,0.36854747314453123,0.0
,277,,,,,55.865478515625,48.797607421875,0.8697844665527344,0.431732958984375,0.0
,278,,,,,53.21044921875,49.8321533203125,0.8555936279296875,0.49046438598632813,0.0
,279,,,,,49.383544921875,52.91748046875,0.8441995239257812,0.5442238403320313,0.0
,280,,,,,44.5770263671875,56.2591552734375,0.8204790710449219,0.5745735900878907,0.0
,281,,,,,29.718017578125,60.1043701171875,0.8056667358398438,0.6127956298828126,0.0
,282,,,,,34.039306640625,63.9495849609375,0.7518036987304688,0.5971546325683594,0.0
,283,,,,,29.7271728515625,67.08984375,0.7097490966796876,0.6168353576660156,0.0
,284,,,,,25.2227783203125,69.818115234375,0.6364125,0.616524609375,0.0
,285,,,,,20.123291015625,72.6654052734375,0.5820315490722656,0.6557824768066406,0.0
,286,,,,,15.6829833984375,75.2288818359375,0.5200890563964844,0.6693518188476563,0.0
,287,,,,,12.5518798828125,76.666259765625,0.46487944335937503,0.7263223388671876,0.0
,288,,,,,8.49609375,77.63671875,0.3933037536621094,0.7729345825195313,0.0
,289,,,,,3.900146484375,77.838134765625,0.3444126892089844,0.8196504089355469,0.0
,290,,,,,0.4302978515625,77.618408203125,0.25533151245117186,0.8325982543945313,0.0
,291,,,,,-2.5634765625,77.1514892578125,0.2021935546875,0.8729955322265626,0.0
,292,,,,,-4.13818359375,76.57470703125,0.13455401000976563,0.8864612915039063,0.0
,293,,,,,-7.94677734375,75.1373291015625,0.0890811767578125,0.9158787963867188,0.0
,294,,,,,-12.6708984375,73.3245849609375,0.01968072509765625,0.955550994873047,0.0
,295,,,,,-15.56396484375,70.9808349609375,-0.013569342041015625,0.9609372985839844,0.0
,296,,,,,-20.5078125,69.012451171875,-0.05707410278320313,0.9450891357421876,0.0
,297,,,,,-26.62353515625,66.5863037109375,-0.0948818115234375,0.9207471862792969,0.0
,298,,,,,-32.6751708984375,63.9312744140625,-0.15464906616210938,0.9029309509277345,0.0
,299,,,,,-37.5823974609375,61.5234375,-0.19245677490234375,0.8883257812500001,0.0
,300,,,,,-42.242431640625,59.4451904296875,-0.23337196655273437,0.8755851013183594,0.0
,301,,,,,-43.8995361328125,56.5704345703125,-0.2930356384277344,0.8285585266113281,0.0
,302,,,,,-51.763916015625,53.94287109375,-0.36771881103515625,0.7883684143066406,0.0
,303,,,,,-55.059814453125,51.4801025390625,-0.4049050231933594,0.7733489135742188,0.0
,304,,,,,-58.26416015625,48.74267578125,-0.4666403503417969,0.726736669921875,0.0
,305,,,,,-61.8072509765625,44.622802734375,-0.5181209838867188,0.683646240234375,0.0
,306,,,,,-64.4622802734375,40.704345703125,-0.587521435546875,0.6593042907714844,0.0
,307,,,,,-66.2200927734375,37.518310546875,-0.65795771484375,0.6064770812988282,0.0
,308,,,,,-67.694091796875,33.8287353515625,-0.7257008422851563,0.5544785339355469,0.0
,309,,,,,-68.115234375,31.3751220703125,-0.7576043334960938,0.5189496459960937,0.0
,310,,,,,-68.7744140625,27.7679443359375,-0.7829821105957031,0.49263962402343753,0.0
,311,,,,,-69.3603515625,24.114990234375,-0.8159214294433594,0.4578358154296875,0.0
,312,,,,,-69.0032958984375,20.6817626953125,-0.8630515869140625,0.41640270996093753,0.0
,313,,,,,-69.68994140625,14.4012451171875,-0.8781746704101563,0.3924750915527344,0.0
,314,,,,,-70.4681396484375,7.72705078125,-0.9042775268554688,0.3539423034667969,0.0
,315,,,,,-74.102783203125,-3.5614013671875,-0.9340057800292969,0.3199671569824219,0.0
,316,,,,,-71.3104248046875,-4.8614501953125,-0.9406350769042969,0.26662203369140625,0.0
,317,,,,,-71.502685546875,-11.7095947265625,-0.9339021972656251,0.23803319091796876,0.0
,318,,,,,-71.6400146484375,-17.87109375,-0.9252012451171875,0.1578601318359375,0.0
,319,,,,,-71.3104248046875,-22.320556640625,-0.9307947143554688,0.10979772949218751,0.0
,320,,,,,-70.49560546875,-26.55029296875,-0.93638818359375,0.03459664306640625,0.0
,321,,,,,-69.140625,-31.2103271484375,-0.9102853271484376,-0.0029003173828125,0.0
,322,,,,,-67.822265625,-35.9161376953125,-0.9255119934082031,-0.10441142578125,0.0
,323,,,,,-66.2567138671875,-39.404296875,-0.9055205200195313,-0.1396295654296875,0.0
,324,,,,,-65.07568359375,-41.656494140625,-0.8908117675781251,-0.20809777221679687,0.0
,325,,,,,-62.2833251953125,-44.9249267578125,-0.8541434692382813,-0.25709241943359373,0.0
,326,,,,,-60.0128173828125,-46.783447265625,-0.8381917236328126,-0.35787844848632816,0.0
,327,,,,,-57.8521728515625,-47.918701171875,-0.8276262817382812,-0.41319164428710936,0.0
,328,,,,,-54.0252685546875,-50.299072265625,-0.8215148986816406,-0.48549241333007814,0.0
,329,,,,,-49.51171875,-52.9449462890625,-0.7969657836914062,-0.49212171020507817,0.0
,330,,,,,-44.6044921875,-56.8450927734375,-0.7998661010742187,-0.5572752685546876,0.0
,331,,,,,-39.6240234375,-59.5458984375,-0.7742811584472656,-0.5740556762695312,0.0
,332,,,,,-32.6202392578125,-62.7685546875,-0.7519072814941407,-0.6185962646484375,0.0
,333,,,,,-30.4229736328125,-66.265869140625,-0.6691446533203125,-0.6080308227539063,0.0
,334,,,,,-25.3326416015625,-69.708251953125,-0.6347551757812501,-0.6581648803710938,0.0
,335,,,,,-20.3704833984375,-72.4090576171875,-0.5845175354003906,-0.6627225219726562,0.0
,336,,,,,-16.8182373046875,-74.0753173828125,-0.532829736328125,-0.7163783935546876,0.0
,337,,,,,-12.9730224609375,-75.25634765625,-0.45068860473632816,-0.7620583923339844,0.0
,338,,,,,-8.4228515625,-76.0711669921875,-0.4031441162109375,-0.8083598876953125,0.0
,339,,,,,-3.9642333984375,-76.20849609375,-0.31354502563476566,-0.7927188903808594,0.0
,340,,,,,-0.823974609375,-75.4486083984375,-0.264343212890625,-0.8548685485839844,0.0
,341,,,,,0.4486083984375,-74.7711181640625,-0.1811662536621094,-0.8897759399414062,0.0
,342,,,,,4.6142578125,-73.333740234375,-0.13890448608398437,-0.920643603515625,0.0
,343,,,,,8.349609375,-71.7864990234375,-0.05438095092773438,-0.9218865966796875,0.0
,344,,,,,9.9700927734375,-70.0927734375,-0.0285888427734375,-0.9401171630859375,0.0
,345,,,,,14.9139404296875,-68.170166015625,0.036771881103515626,-0.9274800659179688,0.0
,346,,,,,21.0845947265625,-66.0003662109375,0.05324154052734375,-0.9465392944335937,0.0
,347,,,,,27.1087646484375,-63.922119140625,0.08255546264648438,-0.9393920837402344,0.0
,348,,,,,32.464599609375,-62.2283935546875,0.10969414672851563,-0.9294481384277344,0.0
,349,,,,,37.7655029296875,-60.53466796875,0.1760906982421875,-0.8992019714355469,0.0
,350,,,,,43.5333251953125,-57.7423095703125,0.19297468872070314,-0.8589082763671875,0.0
,351,,,,,48.1842041015625,-55.2703857421875,0.26910802001953127,-0.8348770751953125,0.0
,352,,,,,51.8463134765625,-52.8717041015625,0.3274251159667969,-0.7925117248535156,0.0
,353,,,,,55.3802490234375,-49.8138427734375,0.3650256591796875,-0.7818427001953125,0.0
,354,,,,,58.99658203125,-45.6573486328125,0.4015903747558594,-0.7537717712402344,0.0
,355,,,,,61.798095703125,-42.2607421875,0.4992689208984375,-0.703534130859375,0.0
,356,,,,,63.958740234375,-38.9373779296875,0.5639045654296875,-0.66458701171875,0.0
,357,,,,,65.8538818359375,-35.5682373046875,0.6101024780273437,-0.635583837890625,0.0
,358,,,,,67.1630859375,-33.233642578125,0.6637583496093751,-0.5936328186035157,0.0
,359,,,,,68.4173583984375,-29.443359375,0.7234220214843751,-0.5450525024414062,0.0
,360,,,,,68.682861328125,-26.47705078125,0.7649587097167969,-0.5073483764648438,0.0
,361,,,,,68.0694580078125,-23.638916015625,0.8065989807128906,-0.47295889892578125,0.0
,362,,,,,68.6920166015625,-17.7337646484375,0.8368451477050781,-0.44654529418945316,0.0
,363,,,,,69.305419921875,-11.6546630859375,0.8605656005859376,-0.4148489685058594,0.0
,364,,,,,69.9188232421875,-6.060791015625,0.8861505432128907,-0.38429205322265625,0.0
,365,,,,,72.0062255859375,2.545166015625,0.89329775390625,-0.3357117370605469,0.0
,366,,,,,71.1822509765625,6.6375732421875,0.8918475952148438,-0.30090792846679687,0.0
,367,,,,,71.539306640625,12.579345703125,0.8677128112792969,-0.23306121826171874,0.0
,368,,,,,71.502685546875,16.9647216796875,0.9035524475097656,-0.16935781860351562,0.0
,369,,,,,71.3287353515625,21.844482421875,0.8818000671386719,-0.11197296752929688,0.0
,370,,,,,70.7977294921875,26.8524169921875,0.8971303161621094,-0.03490739135742187,0.0
,371,,,,,69.7357177734375,31.4208984375,0.8748600219726563,0.050030474853515625,0.0
,372,,,,,68.1243896484375,34.661865234375,0.8871863708496094,0.11373387451171875,0.0
,373,,,,,66.082763671875,38.0218505859375,0.8814893188476562,0.199707568359375,0.0
,374,,,,,63.8031005859375,41.5191650390625,0.8770352600097656,0.26475754394531253,0.0
,375,,,,,62.98828125,42.352294921875,0.8612906799316407,0.35321722412109374,0.0
,376,,,,,60.9649658203125,44.293212890625,0.8588046936035156,0.4064587646484375,0.0
,377,,,,,57.9803466796875,46.9390869140625,0.8450281860351563,0.4728553161621094,0.0
,378,,,,,54.400634765625,48.6785888671875,0.8437851928710938,0.5173959045410157,0.0
,379,,,,,50.0885009765625,52.4322509765625,0.8065989807128906,0.5480564025878907,0.0
,380,,,,,45.8221435546875,55.7281494140625,0.7768707275390625,0.5513710510253906,0.0
,381,,,,,40.8966064453125,59.307861328125,0.7689984375000001,0.5902145874023438,0.0
,382,,,,,32.6751708984375,63.0523681640625,0.7164819763183594,0.6126920471191406,0.0
,383,,,,,30.57861328125,66.650390625,0.69110419921875,0.6514320007324219,0.0
,384,,,,,26.3671875,69.0582275390625,0.6210822509765626,0.6454242004394531,0.0
,385,,,,,22.2930908203125,70.916748046875,0.5736413452148438,0.6718378051757813,0.0
,386,,,,,17.24853515625,72.9766845703125,0.4984402587890625,0.7183464660644532,0.0
,387,,,,,12.78076171875,74.2034912109375,0.4616683776855469,0.7691020202636719,0.0
,388,,,,,9.063720703125,74.6337890625,0.4015903747558594,0.8053559875488282,0.0
,389,,,,,5.2642822265625,74.70703125,0.35456380004882815,0.8519682312011719,0.0
,390,,,,,1.080322265625,74.029541015625,0.26879727172851564,0.8839753051757813,0.0
,391,,,,,-3.680419921875,73.3428955078125,0.23016090087890625,0.9174325378417969,0.0
,392,,,,,-5.2093505859375,73.0133056640625,0.14812335205078125,0.9377347595214844,0.0
,393,,,,,-8.294677734375,71.9329833984375,0.11518403320312501,0.9491288635253906,0.0
,394,,,,,-12.34130859375,70.7061767578125,0.07364734497070313,0.9617659606933594,0.0
,395,,,,,-15.9210205078125,68.902587890625,0.020716552734375,0.9568975708007813,0.0
,396,,,,,-21.6796875,67.3095703125,-0.0352181396484375,0.9437425598144532,0.0
,397,,,,,-27.06298828125,65.2313232421875,-0.08441995239257813,0.9232331726074219,0.0
,398,,,,,-32.5653076171875,62.80517578125,-0.12989278564453124,0.9199185241699219,0.0
,399,,,,,-39.019775390625,59.8297119140625,-0.16428226318359376,0.8883257812500001,0.0
,400,,,,,-44.78759765625,56.9549560546875,-0.21565931396484375,0.8591154418945313,0.0
,401,,,,,-49.163818359375,54.3548583984375,-0.2827809448242188,0.806288232421875,0.0
,402,,,,,-53.2928466796875,51.59912109375,-0.3335364990234375,0.7844322692871094,0.0
,403,,,,,-57.550048828125,48.37646484375,-0.37652334594726566,0.7793567138671875,0.0
,404,,,,,-60.8551025390625,45.30029296875,-0.43152579345703124,0.7559470092773438,0.0
,405,,,,,-63.31787109375,42.00439453125,-0.4819705993652344,0.7125458312988281,0.0
,406,,,,,-65.679931640625,38.800048828125,-0.5771631591796875,0.6586827941894532,0.0
,407,,,,,-68.2159423828125,34.698486328125,-0.6451134521484375,0.6011943603515625,0.0
,408,,,,,-69.6533203125,30.743408203125,-0.7028090515136719,0.5554107788085938,0.0
,409,,,,,-69.25048828125,29.6722412109375,-0.7431027465820312,0.5281685119628906,0.0
,410,,,,,-69.5343017578125,26.4495849609375,-0.7975872802734375,0.4794846130371094,0.0
,411,,,,,-70.184326171875,22.0001220703125,-0.839434716796875,0.4436449768066406,0.0
,412,,,,,-70.111083984375,17.6513671875,-0.8782782531738281,0.4028333679199219,0.0
,413,,,,,-71.136474609375,11.97509765625,-0.8884293640136719,0.38657087402343754,0.0
,414,,,,,-71.8048095703125,6.170654296875,-0.9013772094726563,0.3373690612792969,0.0
,415,,,,,-74.37744140625,-2.8564453125,-0.9044846923828125,0.32545704345703125,0.0
,416,,,,,-72.8851318359375,-6.298828125,-0.9176397033691407,0.25222402954101564,0.0
,417,,,,,-72.9400634765625,-12.04833984375,-0.9261334899902344,0.20706194458007812,0.0
,418,,,,,-72.8668212890625,-16.552734375,-0.93307353515625,0.12564589233398438,0.0
,419,,,,,-72.6837158203125,-21.1578369140625,-0.9365953491210938,0.08151963500976563,0.0
,420,,,,,-72.39990234375,-25.48828125,-0.9587620605468751,-0.02423836669921875,0.0
,421,,,,,-71.2921142578125,-30.5328369140625,-0.9381490905761719,-0.07105777587890626,0.0
,422,,,,,-69.671630859375,-35.137939453125,-0.9133928100585937,-0.1351755065917969,0.0
,423,,,,,-67.9962158203125,-37.9119873046875,-0.9010664611816407,-0.16210702514648437,0.0
,424,,,,,-67.0074462890625,-39.1387939453125,-0.8943335815429688,-0.27708389282226564,0.0
,425,,,,,-64.19677734375,-42.6177978515625,-0.8902938537597657,-0.33871563720703124,0.0
,426,,,,,-61.5142822265625,-44.8699951171875,-0.8787961669921875,-0.4180600341796875,0.0
,427,,,,,-59.21630859375,-45.2178955078125,-0.8605656005859376,-0.4579393981933594,0.0
,428,,,,,-55.5999755859375,-48.321533203125,-0.8647089111328126,-0.5339691467285156,0.0
,429,,,,,-51.4892578125,-51.2786865234375,-0.8319767578125,-0.5424629333496094,0.0
,430,,,,,-45.8221435546875,-55.352783203125,-0.8321839233398438,-0.6054412536621094,0.0
,431,,,,,-40.2923583984375,-59.0057373046875,-0.7982087768554688,-0.5888680114746094,0.0
,432,,,,,-31.8603515625,-62.1734619140625,-0.7970693664550782,-0.6576469665527344,0.0
,433,,,,,-30.889892578125,-65.3778076171875,-0.7414454223632813,-0.6640690979003906,0.0
,434,,,,,-25.689697265625,-68.426513671875,-0.6878931335449219,-0.7032233825683594,0.0
,435,,,,,-20.91064453125,-71.026611328125,-0.61486728515625,-0.7145139038085938,0.0
,436,,,,,-17.0379638671875,-72.5189208984375,-0.563490234375,-0.7492141296386718,0.0
,437,,,,,-12.5701904296875,-73.974609375,-0.4975080139160156,-0.7626798889160157,0.0
,438,,,,,-7.8277587890625,-75.1007080078125,-0.4434378112792969,-0.8165429260253907,0.0
,439,,,,,-3.3782958984375,-75.6683349609375,-0.3439983581542969,-0.8205826538085937,0.0
,440,,,,,0.457763671875,-75.6134033203125,-0.31344144287109377,-0.8906046020507813,0.0
,441,,,,,3.350830078125,-75.3204345703125,-0.2398976806640625,-0.9181576171875,0.0
,442,,,,,7.818603515625,-74.505615234375,-0.16738974609375,-0.9188826965332032,0.0
,443,,,,,11.1053466796875,-73.3154296875,-0.09384598388671875,-0.9162931274414062,0.0
,444,,,,,13.128662109375,-71.685791015625,-0.0476480712890625,-0.9332807006835938,0.0
,445,,,,,17.6788330078125,-69.9005126953125,0.0319034912109375,-0.9274800659179688,0.0
,446,,,,,23.0072021484375,-67.144775390625,0.04650866088867188,-0.9342129455566407,0.0
,447,,,,,29.0130615234375,-64.5355224609375,0.0849378662109375,-0.9350416076660156,0.0
,448,,,,,34.7076416015625,-62.1917724609375,0.11518403320312501,-0.9270657348632813,0.0
,449,,,,,40.374755859375,-59.7198486328125,0.16076044921875002,-0.9169146240234375,0.0
,450,,,,,45.4925537109375,-57.1197509765625,0.20208997192382813,-0.8912260986328125,0.0
,451,,,,,50.8392333984375,-53.72314453125,0.26330738525390623,-0.8591154418945313,0.0
,452,,,,,55.3985595703125,-50.6103515625,0.3016330078125,-0.8300086853027344,0.0
,453,,,,,58.5205078125,-48.4588623046875,0.3562211242675781,-0.8044237426757813,0.0
,454,,,,,61.9354248046875,-45.721435546875,0.42054602050781253,-0.7519072814941407,0.0
,455,,,,,65.2496337890625,-42.1051025390625,0.49087871704101566,-0.7091276000976563,0.0
,456,,,,,67.9595947265625,-38.2781982421875,0.57177685546875,-0.6527785766601563,0.0
,457,,,,,69.5159912109375,-35.2935791015625,0.6296796203613282,-0.6296796203613282,0.0
,458,,,,,69.7906494140625,-34.130859375,0.6835426574707032,-0.5794419799804688,0.0
,459,,,,,70.367431640625,-31.256103515625,0.7255972595214844,-0.5514746337890625,0.0
,460,,,,,71.2646484375,-27.24609375,0.7804961242675782,-0.4940897827148438,0.0
,461,,,,,71.0540771484375,-24.2431640625,0.8284549438476563,-0.4477882873535156,0.0
,462,,,,,71.5850830078125,-19.0704345703125,0.8575617004394531,-0.4260359069824219,0.0
,463,,,,,72.2076416015625,-13.00048828125,0.8801427429199219,-0.4025226196289063,0.0
,464,,,,,73.13232421875,-5.987548828125,0.9093530822753907,-0.38646729125976564,0.0
,465,,,,,77.74658203125,1.995849609375,0.9026202026367188,-0.33250067138671874,0.0
,466,,,,,74.212646484375,5.7220458984375,0.9381490905761719,-0.2768767272949219,0.0
,467,,,,,77.2796630859375,11.02294921875,0.9236475036621095,-0.21493423461914063,0.0
,468,,,,,74.4140625,15.380859375,0.9261334899902344,-0.15278457641601562,0.0
,469,,,,,77.435302734375,20.61767578125,0.9090423339843751,-0.08452353515625,0.0
,470,,,,,73.5076904296875,25.4150390625,0.9366989318847656,-0.0062149658203125005,0.0
,471,,,,,72.2442626953125,29.26025390625,0.9133928100585937,0.05779918212890625,0.0
,472,,,,,70.3857421875,32.8582763671875,0.9227152587890626,0.1289605407714844,0.0
,473,,,,,68.0145263671875,37.7288818359375,0.8884293640136719,0.20903001708984376,0.0
,474,,,,,65.7257080078125,41.2445068359375,0.9200221069335938,0.289203076171875,0.0
,475,,,,,64.7918701171875,41.436767578125,0.9326592041015626,0.3901962707519531,0.0
,476,,,,,62.0635986328125,43.4600830078125,0.92312958984375,0.4511029357910156,0.0
,477,,,,,58.1817626953125,46.4080810546875,0.9007557128906251,0.5019620727539063,0.0
,478,,,,,54.656982421875,47.772216796875,0.9016879577636719,0.55520361328125,0.0
,479,,,,,50.445556640625,50.8026123046875,0.8955765747070312,0.602540936279297,0.0
,480,,,,,45.6024169921875,54.16259765625,0.8685414733886719,0.6099988952636719,0.0
,481,,,,,39.9169921875,58.447265625,0.8414027893066407,0.6375519104003906,0.0
,482,,,,,33.819580078125,62.7685546875,0.7916830627441407,0.6301975341796875,0.0
,483,,,,,30.2581787109375,66.2750244140625,0.7355412048339844,0.6461492797851562,0.0
,484,,,,,25.4791259765625,68.865966796875,0.6769133605957032,0.670387646484375,0.0
,485,,,,,20.2423095703125,71.3104248046875,0.6270900512695313,0.6957654235839844,0.0
,486,,,,,15.3350830078125,73.5443115234375,0.5530283752441406,0.7021875549316406,0.0
,487,,,,,11.3983154296875,74.5147705078125,0.5200890563964844,0.7677554443359376,0.0
,488,,,,,7.0037841796875,75.7781982421875,0.421789013671875,0.7869182556152344,0.0
,489,,,,,2.1697998046875,76.4373779296875,0.39982946777343753,0.8443031066894532,0.0
,490,,,,,-2.6275634765625,76.3824462890625,0.3241104675292969,0.8837681396484375,0.0
,491,,,,,-6.317138671875,75.5767822265625,0.2611321472167969,0.9021022888183594,0.0
,492,,,,,-7.8826904296875,74.45068359375,0.19328543701171877,0.9274800659179688,0.0
,493,,,,,-11.8560791015625,73.114013671875,0.15982820434570313,0.9517184326171876,0.0
,494,,,,,-15.7928466796875,71.2738037109375,0.09881795654296875,0.9747138061523438,0.0
,495,,,,,-17.889404296875,69.3695068359375,0.023513287353515627,0.9668415161132813,0.0
,496,,,,,-22.8973388671875,67.327880859375,-0.059974420166015625,0.9408422424316406,0.0
,497,,,,,-29.18701171875,64.0869140625,-0.09187791137695313,0.9081100891113282,0.0
,498,,,,,-35.2569580078125,61.3677978515625,-0.12170974731445312,0.9120462341308594,0.0
,499,,,,,-40.521240234375,59.033203125,-0.16148552856445314,0.88998310546875,0.0
,500,,,,,-45.5841064453125,56.3690185546875,-0.21431273803710937,0.8736170288085938,0.0
,501,,,,,-50.921630859375,53.3477783203125,-0.2727334167480469,0.8265904541015625,0.0
,502,,,,,-55.0140380859375,50.9124755859375,-0.3291860229492188,0.7991410217285156,0.0
,503,,,,,-58.3465576171875,48.358154296875,-0.3883317810058594,0.7470388916015626,0.0
,504,,,,,-61.3494873046875,45.9869384765625,-0.4685048400878906,0.6995979858398438,0.0
,505,,,,,-64.41650390625,42.4896240234375,-0.5271326843261719,0.6630332702636719,0.0
,506,,,,,-66.39404296875,39.2669677734375,-0.5864856079101562,0.6357910034179688,0.0
,507,,,,,-66.8975830078125,37.7838134765625,-0.6589935424804688,0.5769559936523437,0.0
,508,,,,,-68.060302734375,34.5794677734375,-0.7121315002441406,0.5479528198242187,0.0
,509,,,,,-68.2342529296875,32.1990966796875,-0.7677554443359376,0.4894285583496094,0.0
,510,,,,,-68.7744140625,28.52783203125,-0.8067025634765626,0.45887164306640627,0.0
,511,,,,,-70.0927734375,23.5382080078125,-0.8448210205078125,0.43991599731445313,0.0
,512,,,,,-70.001220703125,19.4366455078125,-0.8912260986328125,0.37921649780273436,0.0
,513,,,,,-70.733642578125,13.9801025390625,-0.9071778442382813,0.35943218994140624,0.0
,514,,,,,-71.22802734375,7.489013671875,-0.9135999755859375,0.31841341552734376,0.0
,515,,,,,-73.919677734375,-2.45361328125,-0.9358702697753907,0.28630275878906253,0.0
,516,,,,,-71.9512939453125,-3.6895751953125,-0.9499575256347657,0.22529251098632813,0.0
,517,,,,,-72.2442626953125,-8.4136962890625,-0.9557581604003906,0.18551672973632813,0.0
,518,,,,,-72.0062255859375,-14.02587890625,-0.9376311767578125,0.12067391967773437,0.0
,519,,,,,-71.3470458984375,-19.1162109375,-0.9362846008300781,0.06701804809570312,0.0
,520,,,,,-70.513916015625,-23.291015625,-0.9451927185058594,-0.020095056152343752,0.0
,521,,,,,-69.17724609375,-27.1728515625,-0.9382526733398437,-0.04961614379882812,0.0
,522,,,,,-67.56591796875,-30.8258056640625,-0.9515112670898438,-0.14429078979492188,0.0
,523,,,,,-65.2130126953125,-35.0738525390625,-0.9266514038085938,-0.16065686645507812,0.0
,524,,,,,-63.372802734375,-37.6007080078125,-0.9321412902832031,-0.24352307739257814,0.0
,525,,,,,-61.1572265625,-40.228271484375,-0.8913296813964844,-0.2992506042480469,0.0
,526,,,,,-59.5001220703125,-42.1234130859375,-0.8914332641601562,-0.38335980834960937,0.0
,527,,,,,-56.4239501953125,-45.37353515625,-0.8845968017578125,-0.42883264160156254,0.0
,528,,,,,-52.459716796875,-48.4954833984375,-0.8628444213867188,-0.48746048583984375,0.0
,529,,,,,-49.1729736328125,-49.896240234375,-0.8157142639160156,-0.5119060180664062,0.0
,530,,,,,-43.8446044921875,-54.38232421875,-0.8147820190429688,-0.5790276489257813,0.0
,531,,,,,-38.543701171875,-58.0535888671875,-0.7993481872558594,-0.5938399841308594,0.0
,532,,,,,-31.3751220703125,-61.2579345703125,-0.7701378479003906,-0.6243968994140625,0.0
,533,,,,,-28.9764404296875,-64.654541015625,-0.728393994140625,-0.62812587890625,0.0
,534,,,,,-23.2269287109375,-67.6483154296875,-0.7194858764648437,-0.6782599365234375,0.0
,535,,,,,-18.1732177734375,-70.330810546875,-0.6467707763671875,-0.6885146301269531,0.0
,536,,,,,-14.300537109375,-72.2900390625,-0.5824458801269532,-0.7255972595214844,0.0
,537,,,,,-9.906005859375,-73.333740234375,-0.5105594421386719,-0.7495248779296875,0.0
,538,,,,,-4.9713134765625,-73.86474609375,-0.4682976745605469,-0.8038022460937501,0.0
,539,,,,,-0.201416015625,-74.3316650390625,-0.36077876586914065,-0.806288232421875,0.0
,540,,,,,3.2958984375,-74.30419921875,-0.32980751953125004,-0.8559043762207031,0.0
,541,,,,,5.4107666015625,-74.3499755859375,-0.23192180786132813,-0.8431636962890625,0.0
,542,,,,,9.576416015625,-73.7457275390625,-0.14822693481445312,-0.8335304992675782,0.0
,543,,,,,12.70751953125,-72.7294921875,-0.0658786376953125,-0.84689267578125,0.0
,544,,,,,13.9801025390625,-71.4935302734375,-0.025895690917968752,-0.8638802490234375,0.0
,545,,,,,18.3746337890625,-69.7998046875,0.05438095092773438,-0.8668841491699218,0.0
,546,,,,,24.114990234375,-67.6483154296875,0.057281268310546876,-0.9021022888183594,0.0
,547,,,,,30.0018310546875,-65.5242919921875,0.08379845581054687,-0.9215758483886719,0.0
,548,,,,,35.2386474609375,-62.8326416015625,0.10389351196289062,-0.9160859619140626,0.0
,549,,,,,40.3106689453125,-60.150146484375,0.16790765991210937,-0.8935049194335938,0.0
,550,,,,,45.1263427734375,-57.4493408203125,0.20954793090820314,-0.8743421081542969,0.0
,551,,,,,50.115966796875,-54.5928955078125,0.26382529907226565,-0.8564222900390626,0.0
,552,,,,,54.510498046875,-52.0477294921875,0.3199671569824219,-0.8000732666015625,0.0
,553,,,,,57.586669921875,-50.3814697265625,0.3634719177246094,-0.7841215209960938,0.0
,554,,,,,60.699462890625,-47.9736328125,0.4144346374511719,-0.7382343566894531,0.0
,555,,,,,63.9862060546875,-44.3206787109375,0.4981295104980469,-0.6777420227050781,0.0
,556,,,,,66.595458984375,-40.6951904296875,0.5764380798339844,-0.6293688720703126,0.0
,557,,,,,67.7581787109375,-37.9302978515625,0.6349623413085937,-0.5978797119140625,0.0
,558,,,,,67.840576171875,-37.02392578125,0.6910006164550782,-0.5555143615722656,0.0
,559,,,,,68.719482421875,-33.28857421875,0.7713808410644531,-0.5006154968261719,0.0
,560,,,,,69.3878173828125,-29.2144775390625,0.8082563049316407,-0.47130157470703127,0.0
,561,,,,,68.7103271484375,-26.6143798828125,0.8331161682128907,-0.44395572509765624,0.0
,562,,,,,69.39697265625,-21.1578369140625,0.8538327209472657,-0.4046978576660156,0.0
,563,,,,,69.635009765625,-15.545654296875,0.8843896362304687,-0.3736230285644531,0.0
,564,,,,,70.3948974609375,-8.514404296875,0.9263406555175782,-0.32763228149414064,0.0
,565,,,,,71.1181640625,-2.0050048828125,0.922404510498047,-0.2899281555175781,0.0
,566,,,,,71.5850830078125,3.204345703125,0.9343165283203125,-0.25015237426757814,0.0
,567,,,,,71.74072265625,8.45947265625,0.9335914489746094,-0.19245677490234375,0.0
,568,,,,,71.4569091796875,14.0350341796875,0.9518220153808594,-0.12699246826171876,0.0
,569,,,,,71.0540771484375,19.1986083984375,0.9211615173339844,-0.07758348999023437,0.0
,570,,,,,70.49560546875,22.9339599609375,0.9188826965332032,-0.01885206298828125,0.0
,571,,,,,69.76318359375,27.35595703125,0.9042775268554688,0.03293931884765625,0.0
,572,,,,,68.0877685546875,31.8603515625,0.9353523559570313,0.1081404052734375,0.0
,573,,,,,65.80810546875,36.1541748046875,0.9274800659179688,0.19691083374023438,0.0
,574,,,,,63.665771484375,39.2669677734375,0.9403243286132813,0.2641360473632813,0.0
,575,,,,,62.3199462890625,40.5303955078125,0.9144286376953126,0.3219352294921875,0.0
,576,,,,,59.14306640625,44.1558837890625,0.9030345336914063,0.3891604431152344,0.0
,577,,,,,56.0760498046875,47.076416015625,0.9022058715820312,0.4696442504882813,0.0
,578,,,,,53.6590576171875,47.9461669921875,0.9027237854003907,0.5119060180664062,0.0
,579,,,,,49.47509765625,51.5167236328125,0.8876007019042969,0.5511638854980468,0.0
,580,,,,,44.659423828125,54.4921875,0.8393311340332031,0.5565501892089844,0.0
,581,,,,,28.436279296875,58.5479736328125,0.8128139465332032,0.5810993041992187,0.0
,582,,,,,33.2244873046875,62.6129150390625,0.7893006591796875,0.5972582153320313,0.0
,583,,,,,28.3905029296875,65.73486328125,0.7485926330566407,0.6246040649414063,0.0
,584,,,,,23.7030029296875,69.1680908203125,0.6519499145507812,0.6060627502441407,0.0
,585,,,,,18.4844970703125,72.216796875,0.6185962646484375,0.6517427490234375,0.0
,586,,,,,13.5772705078125,74.1668701171875,0.5454668334960938,0.6457349487304688,0.0
,587,,,,,9.8968505859375,75.4852294921875,0.4993725036621094,0.710163427734375,0.0
,588,,,,,5.5755615234375,76.1810302734375,0.41412388916015624,0.740927508544922,0.0
,589,,,,,0.69580078125,76.2451171875,0.3943395812988281,0.8190289123535156,0.0
,590,,,,,-4.06494140625,76.28173828125,0.30401541137695315,0.8545578002929688,0.0
,591,,,,,-7.2418212890625,75.62255859375,0.26361813354492186,0.8953694091796875,0.0
,592,,,,,-7.9193115234375,74.96337890625,0.18997078857421876,0.9133928100585937,0.0
,593,,,,,-11.224365234375,73.9288330078125,0.11984525756835938,0.9312090454101563,0.0
,594,,,,,-15.19775390625,72.528076171875,0.05945650634765625,0.9448819702148438,0.0
,595,,,,,-17.8436279296875,70.7427978515625,0.015744580078125,0.95296142578125,0.0
,596,,,,,-22.7691650390625,69.0582275390625,-0.06898612060546876,0.9240618347167969,0.0
,597,,,,,-28.89404296875,66.357421875,-0.08421278686523438,0.914014306640625,0.0
,598,,,,,-35.0372314453125,63.6199951171875,-0.1321716064453125,0.8938156677246094,0.0
,599,,,,,-36.346435546875,61.3494873046875,-0.19297468872070314,0.864294580078125,0.0
,600,,,,,-44.769287109375,59.28955078125,-0.24559473266601564,0.8490679138183594,0.0
,601,,,,,-44.769287109375,59.28955078125,-0.2981111938476563,0.8121924499511719,0.0
,602,,,,,-54.1168212890625,54.0252685546875,-0.37393377685546875,0.7754205688476563,0.0
,603,,,,,-57.1746826171875,51.5625,-0.41640270996093753,0.7536681884765625,0.0
,604,,,,,-60.02197265625,48.9898681640625,-0.4891178100585938,0.7116135864257813,0.0
,605,,,,,-62.6953125,45.9869384765625,-0.5621436584472657,0.6450098693847657,0.0
,606,,,,,-65.2862548828125,42.4072265625,-0.6252255615234376,0.6186998474121094,0.0
,607,,,,,-66.5771484375,39.8895263671875,-0.6669694152832032,0.5937364013671875,0.0
,608,,,,,-67.401123046875,36.7584228515625,-0.7009445617675781,0.5734341796875,0.0
,609,,,,,-67.694091796875,34.31396484375,-0.7686876892089844,0.5283756774902344,0.0
,610,,,,,-68.2708740234375,29.9835205078125,-0.8376738098144532,0.4830064270019531,0.0
,611,,,,,-69.0948486328125,24.79248046875,-0.8884293640136719,0.4538996704101563,0.0
,612,,,,,-68.756103515625,21.148681640625,-0.9030345336914063,0.4289362243652344,0.0
,613,,,,,-69.5526123046875,15.362548828125,-0.9344201110839844,0.3942359985351563,0.0
,614,,,,,-70.220947265625,9.283447265625,-0.9547223327636719,0.3365403991699219,0.0
,615,,,,,-74.7528076171875,-3.9642333984375,-0.9446748046875,0.3087802185058594,0.0
,616,,,,,-71.7315673828125,-3.717041015625,-0.951407684326172,0.24621622924804687,0.0
,617,,,,,-72.1435546875,-8.8623046875,-0.9711919921875001,0.21016942749023437,0.0
,618,,,,,-72.3358154296875,-14.4927978515625,-0.9599014709472656,0.13693641357421876,0.0
,619,,,,,-72.0062255859375,-20.123291015625,-0.9480930358886719,0.10306484985351563,0.0
,620,,,,,-71.08154296875,-25.3509521484375,-0.9578298156738282,0.027242266845703127,0.0
,621,,,,,-69.7906494140625,-29.0771484375,-0.9533757568359376,-0.011912017822265626,0.0
,622,,,,,-68.133544921875,-33.306884765625,-0.9680845092773438,-0.11912017822265625,0.0
,623,,,,,-65.771484375,-38.12255859375,-0.9427067321777344,-0.1557884765625,0.0
,624,,,,,-63.0706787109375,-41.93115234375,-0.9546187500000001,-0.21731663818359376,0.0
,625,,,,,-60.479736328125,-44.7509765625,-0.9371132629394532,-0.27739464111328127,0.0
,626,,,,,-59.088134765625,-45.4833984375,-0.9050026062011719,-0.37300153198242186,0.0
,627,,,,,-55.8197021484375,-47.735595703125,-0.8754815185546875,-0.4045942749023438,0.0
,628,,,,,-52.1026611328125,-50.50048828125,-0.8574581176757813,-0.4675725952148438,0.0
,629,,,,,-48.687744140625,-51.89208984375,-0.82369013671875,-0.48549241333007814,0.0
,630,,,,,-43.8995361328125,-55.389404296875,-0.836120068359375,-0.5690837036132813,0.0
,631,,,,,-46.2799072265625,-59.50927734375,-0.8045273254394532,-0.5915611633300781,0.0
,632,,,,,-29.2144775390625,-63.5467529296875,-0.7572935852050782,-0.6092738159179688,0.0
,633,,,,,-28.60107421875,-66.7877197265625,-0.7019803894042969,-0.6020230224609375,0.0
,634,,,,,-24.1058349609375,-69.5892333984375,-0.6942116821289063,-0.6800208435058595,0.0
,635,,,,,-18.7042236328125,-72.2900390625,-0.6180783508300781,-0.6840605712890625,0.0
,636,,,,,-14.2181396484375,-74.560546875,-0.5612114135742188,-0.7325373046875,0.0
,637,,,,,-10.491943359375,-76.0894775390625,-0.45452116699218753,-0.7365770324707032,0.0
,638,,,,,-6.7657470703125,-77.178955078125,-0.40304053344726565,-0.7786316345214844,0.0
,639,,,,,-1.904296875,-77.838134765625,-0.3229710571289063,-0.7987266906738282,0.0
,640,,,,,1.959228515625,-77.691650390625,-0.2774982238769531,-0.8520718139648438,0.0
,641,,,,,2.874755859375,-77.2796630859375,-0.19691083374023438,-0.8565258728027344,0.0
,642,,,,,6.18896484375,-76.57470703125,-0.13434684448242187,-0.8705095458984375,0.0
,643,,,,,10.3546142578125,-75.201416015625,-0.05158421630859375,-0.8779675048828125,0.0
,644,,,,,12.85400390625,-73.1231689453125,-0.022684625244140624,-0.9096638305664063,0.0
,645,,,,,17.083740234375,-71.44775390625,0.06018158569335938,-0.8947479125976563,0.0
,646,,,,,22.1649169921875,-69.6441650390625,0.07416525878906251,-0.9089387512207031,0.0
,647,,,,,28.2440185546875,-67.49267578125,0.10171827392578126,-0.9190898620605469,0.0
,648,,,,,29.736328125,-64.910888671875,0.1310321960449219,-0.9001342163085938,0.0
,649,,,,,39.1937255859375,-62.5579833984375,0.20447237548828126,-0.8797284118652344,0.0
,650,,,,,39.1937255859375,-62.5579833984375,0.24176217041015627,-0.8464783447265626,0.0
,651,,,,,48.248291015625,-58.0718994140625,0.2938643005371094,-0.8340484130859376,0.0
,652,,,,,50.0244140625,-54.986572265625,0.33281141967773437,-0.8284549438476563,0.0
,653,,,,,56.43310546875,-52.2674560546875,0.3962040710449219,-0.8006947631835938,0.0
,654,,,,,59.014892578125,-49.25537109375,0.4575250671386719,-0.7612297302246094,0.0
,655,,,,,61.431884765625,-45.6207275390625,0.546088330078125,-0.724354266357422,0.0
,656,,,,,64.3524169921875,-40.869140625,0.5996406188964843,-0.6739094604492187,0.0
,657,,,,,66.2567138671875,-37.17041015625,0.6673837463378907,-0.633926513671875,0.0
,658,,,,,66.1651611328125,-36.529541015625,0.7331588012695313,-0.5781989868164062,0.0
,659,,,,,67.08984375,-33.50830078125,0.7701378479003906,-0.5491958129882812,0.0
,660,,,,,68.0694580078125,-30.010986328125,0.8192360778808594,-0.502997900390625,0.0
,661,,,,,68.1243896484375,-26.0284423828125,0.8564222900390626,-0.4685048400878906,0.0
,662,,,,,69.140625,-20.2239990234375,0.8796248291015625,-0.44830620117187503,0.0
,663,,,,,69.7174072265625,-14.7857666015625,0.8954729919433594,-0.4056301025390625,0.0
,664,,,,,70.3033447265625,-8.642578125,0.9390813354492188,-0.37310511474609376,0.0
,665,,,,,73.736572265625,3.570556640625,0.9295517211914063,-0.34503418579101564,0.0
,666,,,,,70.9991455078125,4.852294921875,0.940531494140625,-0.29251772460937503,0.0
,667,,,,,70.8892822265625,10.4095458984375,0.9485073669433594,-0.22156353149414063,0.0
,668,,,,,70.6787109375,15.6280517578125,0.9530650085449219,-0.18261641235351564,0.0
,669,,,,,70.0103759765625,21.1212158203125,0.9262370727539063,-0.12191691284179688,0.0
,670,,,,,69.0582275390625,25.8087158203125,0.93970283203125,-0.052102130126953125,0.0
,671,,,,,67.6666259765625,29.91943359375,0.9390813354492188,0.025792108154296875,0.0
,672,,,,,66.1102294921875,34.1400146484375,0.9451927185058594,0.08006947631835938,0.0
,673,,,,,63.665771484375,38.6810302734375,0.8958873229980469,0.15796371459960937,0.0
,674,,,,,61.3677978515625,42.07763671875,0.9179504516601563,0.23523645629882814,0.0
,675,,,,,60.53466796875,42.718505859375,0.9168110412597656,0.31313069458007814,0.0
,676,,,,,58.0902099609375,45.1904296875,0.8931941711425782,0.38035590820312504,0.0
,677,,,,,54.986572265625,48.0377197265625,0.8654339904785157,0.4415733215332031,0.0
,678,,,,,52.11181640625,49.1912841796875,0.8708202941894532,0.5033086486816406,0.0
,679,,,,,48.4588623046875,52.313232421875,0.8307337646484375,0.5433951782226563,0.0
,680,,,,,44.0643310546875,55.40771484375,0.8196504089355469,0.5457775817871094,0.0
,681,,,,,22.08251953125,59.1888427734375,0.7958263732910157,0.5876250183105469,0.0
,682,,,,,29.022216796875,63.134765625,0.7429991638183594,0.5995370361328125,0.0
,683,,,,,29.278564453125,66.339111328125,0.7216611145019531,0.6530893249511719,0.0
,684,,,,,24.755859375,69.1497802734375,0.6353766723632813,0.6444919555664063,0.0
,685,,,,,20.03173828125,71.7132568359375,0.5857605285644532,0.6711127258300782,0.0
,686,,,,,15.673828125,73.8922119140625,0.5190532287597657,0.6841641540527343,0.0
,687,,,,,12.4786376953125,75.347900390625,0.4768950439453125,0.7460030639648437,0.0
,688,,,,,8.38623046875,76.025390625,0.3909213500976563,0.7765599792480469,0.0
,689,,,,,3.84521484375,76.4739990234375,0.3376798095703125,0.8143676879882813,0.0
,690,,,,,0.4119873046875,76.4923095703125,0.2673471130371094,0.8433708618164063,0.0
,691,,,,,-2.52685546875,76.043701171875,0.21068734130859376,0.8780710876464844,0.0
,692,,,,,-4.1839599609375,75.421142578125,0.12927128906250002,0.8998234680175782,0.0
,693,,,,,-8.111572265625,73.736572265625,0.09301732177734376,0.9315197937011719,0.0
,694,,,,,-12.5518798828125,71.7315673828125,0.03998294677734375,0.9561724914550781,0.0
,695,,,,,-15.2069091796875,69.4610595703125,-0.013465759277343751,0.9445712219238281,0.0
,696,,,,,-20.1507568359375,67.1905517578125,-0.07830856933593751,0.9208507690429688,0.0
,697,,,,,-26.2115478515625,64.727783203125,-0.11549478149414062,0.9145322204589844,0.0
,698,,,,,-32.025146484375,62.4298095703125,-0.17505487060546876,0.8900866882324219,0.0
,699,,,,,-37.060546875,60.0677490234375,-0.20447237548828126,0.872581201171875,0.0
,700,,,,,-41.912841796875,58.392333984375,-0.2432123291015625,0.8508288208007813,0.0
,701,,,,,-46.9573974609375,55.8929443359375,-0.29479654541015626,0.7899221557617188,0.0
,702,,,,,-51.01318359375,53.6773681640625,-0.3415123718261719,0.7734524963378906,0.0
,703,,,,,-54.1168212890625,51.67236328125,-0.4115343200683594,0.7261151733398438,0.0
,704,,,,,-57.183837890625,48.74267578125,-0.4826956787109375,0.69773349609375,0.0
,705,,,,,-60.6536865234375,44.6044921875,-0.5489886474609376,0.6641726806640625,0.0
,706,,,,,-63.226318359375,40.8782958984375,-0.6117598022460937,0.6377590759277344,0.0
,707,,,,,-65.0848388671875,37.24365234375,-0.6525714111328125,0.60492333984375,0.0
,708,,,,,-66.4398193359375,33.2611083984375,-0.6915185302734376,0.5851390319824219,0.0
,709,,,,,-66.7510986328125,30.6427001953125,-0.7519072814941407,0.5324154052734376,0.0
,710,,,,,-67.4835205078125,26.98974609375,-0.7957227905273437,0.49005005493164067,0.0
,711,,,,,-68.170166015625,23.5382080078125,-0.8140569396972657,0.47347681274414066,0.0
,712,,,,,-68.023681640625,20.0225830078125,-0.8525897277832032,0.42655382080078125,0.0
,713,,,,,-68.8201904296875,13.5498046875,-0.8835609741210938,0.38843536376953125,0.0
,714,,,,,-69.3603515625,7.06787109375,-0.8886365295410157,0.3464843444824219,0.0
,715,,,,,-72.7294921875,-3.3416748046875,-0.8984768920898438,0.3293931884765625,0.0
,716,,,,,-70.4681396484375,-4.669189453125,-0.9186755310058594,0.25460643310546877,0.0
,717,,,,,-70.7061767578125,-11.151123046875,-0.9411529907226562,0.2034365478515625,0.0
,718,,,,,-70.7611083984375,-17.24853515625,-0.9354559387207032,0.14988425903320313,0.0
,719,,,,,-70.3033447265625,-21.478271484375,-0.9115283203125,0.12191691284179688,0.0
,720,,,,,-69.525146484375,-25.946044921875,-0.9270657348632813,0.0153302490234375,0.0
,721,,,,,-68.2525634765625,-31.1920166015625,-0.923958251953125,-0.027449432373046877,0.0
,722,,,,,-66.7510986328125,-35.5865478515625,-0.9055205200195313,-0.10088961181640625,0.0
,723,,,,,-65.240478515625,-38.763427734375,-0.8674020629882813,-0.1164270263671875,0.0
,724,,,,,-64.251708984375,-40.887451171875,-0.8558007934570313,-0.1823056640625,0.0
,725,,,,,-61.505126953125,-44.2657470703125,-0.8415063720703125,-0.252741943359375,0.0
,726,,,,,-59.3994140625,-46.417236328125,-0.8581831970214844,-0.37238003540039066,0.0
,727,,,,,-57.2662353515625,-47.35107421875,-0.8354985717773438,-0.4190958618164063,0.0
,728,,,,,-53.704833984375,-49.951171875,-0.8280406127929688,-0.48839273071289063,0.0
,729,,,,,-49.3743896484375,-52.77099609375,-0.788057666015625,-0.4935718688964844,0.0
,730,,,,,-44.3572998046875,-56.2042236328125,-0.7646479614257813,-0.5373873779296875,0.0
,731,,,,,-39.7247314453125,-59.58251953125,-0.7394773498535157,-0.5548928649902344,0.0
,732,,,,,-33.087158203125,-63.31787109375,-0.7370949462890625,-0.6054412536621094,0.0
,733,,,,,-30.0933837890625,-66.83349609375,-0.6801244262695313,-0.59829404296875,0.0
,734,,,,,-25.30517578125,-69.9737548828125,-0.6430417968750001,-0.662101025390625,0.0
,735,,,,,-21.1669921875,-72.2259521484375,-0.58835009765625,-0.6940045166015625,0.0
,736,,,,,-17.2210693359375,-73.8189697265625,-0.5352121398925781,-0.7523216125488281,0.0
,737,,,,,-12.3138427734375,-75.25634765625,-0.4428163146972656,-0.7824641967773438,0.0
,738,,,,,-8.203125,-76.3092041015625,-0.3873995361328125,-0.8175787536621094,0.0
,739,,,,,-4.4952392578125,-76.4007568359375,-0.2972825317382813,-0.8132282775878906,0.0
,740,,,,,-0.933837890625,-76.153564453125,-0.2590604919433594,-0.8550757141113281,0.0
,741,,,,,0.238037109375,-75.6866455078125,-0.18820988159179688,-0.8600476867675781,0.0
,742,,,,,4.3487548828125,-74.59716796875,-0.1371435791015625,-0.8947479125976563,0.0
,743,,,,,7.965087890625,-73.35205078125,-0.05800634765625,-0.9072814270019531,0.0
,744,,,,,9.8968505859375,-71.282958984375,-0.017712652587890624,-0.9313126281738282,0.0
,745,,,,,14.959716796875,-69.5892333984375,0.05458811645507813,-0.9230260070800782,0.0
,746,,,,,21.1395263671875,-67.19970703125,0.044229840087890625,-0.9497503601074219,0.0
,747,,,,,27.35595703125,-64.63623046875,0.09022058715820312,-0.937216845703125,0.0
,748,,,,,32.8857421875,-62.713623046875,0.11342312622070314,-0.9243725830078126,0.0
,749,,,,,38.1591796875,-60.7177734375,0.1836522399902344,-0.8868756225585938,0.0
,750,,,,,43.7164306640625,-58.1268310546875,0.22197786254882812,-0.8660554870605469,0.0
,751,,,,,48.7884521484375,-55.718994140625,0.29438221435546874,-0.8098100463867188,0.0
,752,,,,,52.6702880859375,-53.118896484375,0.3239033020019531,-0.7910615661621094,0.0
,753,,,,,55.84716796875,-50.518798828125,0.36202175903320316,-0.7795638793945313,0.0
,754,,,,,59.6282958984375,-46.746826171875,0.4013832092285156,-0.7443457397460937,0.0
,755,,,,,62.823486328125,-43.1396484375,0.4871497375488281,-0.6948331787109375,0.0
,756,,,,,65.1580810546875,-39.58740234375,0.5457775817871094,-0.6580612976074219,0.0
,757,,,,,67.0074462890625,-35.9344482421875,0.6290581237792969,-0.6208750854492188,0.0
,758,,,,,68.0145263671875,-33.1146240234375,0.7053986206054688,-0.5652511413574219,0.0
,759,,,,,69.287109375,-29.00390625,0.7450708190917968,-0.5415306884765625,0.0
,760,,,,,69.3695068359375,-26.275634765625,0.7645443786621094,-0.5041373107910156,0.0
,761,,,,,68.5638427734375,-23.9501953125,0.8080491394042969,-0.47202665405273436,0.0
,762,,,,,69.25048828125,-19.0338134765625,0.8683343078613281,-0.42085676879882816,0.0
,763,,,,,69.8638916015625,-12.41455078125,0.8763101806640625,-0.38522429809570313,0.0
,764,,,,,70.751953125,-5.7769775390625,0.8707167114257813,-0.35663545532226565,0.0
,765,,,,,72.637939453125,2.4627685546875,0.8841824707031251,-0.320692236328125,0.0
,766,,,,,71.66748046875,5.767822265625,0.9055205200195313,-0.2829881103515625,0.0
,767,,,,,71.978759765625,12.3687744140625,0.8961980712890625,-0.2536741882324219,0.0
,768,,,,,72.0062255859375,18.2464599609375,0.9188826965332032,-0.19297468872070314,0.0
,769,,,,,71.759033203125,22.9339599609375,0.8986840576171875,-0.10772607421875001,0.0
,770,,,,,71.2921142578125,27.2003173828125,0.897441064453125,-0.03801487426757812,0.0
,771,,,,,70.27587890625,31.9427490234375,0.8834573913574219,0.06308190307617188,0.0
,772,,,,,69.012451171875,35.4400634765625,0.9046918579101563,0.13206802368164064,0.0
,773,,,,,67.3187255859375,38.4246826171875,0.8677128112792969,0.1926639404296875,0.0
,774,,,,,65.29541015625,41.2994384765625,0.8873935363769532,0.277601806640625,0.0
,775,,,,,63.6749267578125,42.4346923828125,0.8835609741210938,0.36854747314453123,0.0
,776,,,,,60.82763671875,44.8150634765625,0.8708202941894532,0.4004509643554688,0.0
,777,,,,,57.9254150390625,47.16796875,0.8511395690917969,0.4572143188476563,0.0
,778,,,,,55.1605224609375,48.7060546875,0.8505180725097656,0.49450411376953124,0.0
,779,,,,,50.6103515625,52.9541015625,0.8346699096679687,0.5482635681152344,0.0
,780,,,,,45.6298828125,56.6253662109375,0.7984159423828125,0.5530283752441406,0.0
,781,,,,,41.253662109375,60.1043701171875,0.7817391174316406,0.6010907775878906,0.0
,782,,,,,34.259033203125,63.6383056640625,0.7193822937011719,0.5864856079101562,0.0
,783,,,,,31.3385009765625,67.0989990234375,0.6814710021972656,0.6295760375976562,0.0
,784,,,,,26.47705078125,70.3582763671875,0.6328906860351563,0.6508105041503907,0.0
,785,,,,,22.74169921875,72.1435546875,0.5829637939453125,0.6746345397949219,0.0
,786,,,,,18.365478515625,73.6358642578125,0.5155314147949219,0.7179321350097656,0.0
,787,,,,,13.18359375,74.74365234375,0.49450411376953124,0.7992446044921875,0.0
,788,,,,,8.2489013671875,75.2655029296875,0.4227212585449219,0.833737664794922,0.0
,789,,,,,4.4677734375,75.1922607421875,0.3912320983886719,0.8930905883789063,0.0
,790,,,,,0.3204345703125,74.761962890625,0.298318359375,0.9037596130371094,0.0
,791,,,,,-4.156494140625,74.2218017578125,0.24621622924804687,0.9168110412597656,0.0
,792,,,,,-5.5755615234375,73.6358642578125,0.15848162841796876,0.9175361206054687,0.0
,793,,,,,-8.404541015625,72.6470947265625,0.09622838745117188,0.9170182067871094,0.0
,794,,,,,-12.3779296875,71.6217041015625,0.04878748168945313,0.9441568908691407,0.0
,795,,,,,-16.1773681640625,69.61669921875,0.029521087646484374,0.9633197021484375,0.0
,796,,,,,-21.93603515625,67.63916015625,-0.03345723266601563,0.9448819702148438,0.0
,797,,,,,-26.9073486328125,65.5426025390625,-0.06660371704101563,0.934730859375,0.0
,798,,,,,-32.7392578125,63.0157470703125,-0.12792471313476564,0.9267549865722656,0.0
,799,,,,,-38.653564453125,60.296630859375,-0.1653180908203125,0.9071778442382813,0.0
,800,,,,,-44.7235107421875,57.2296142578125,-0.23243972167968752,0.8747564392089844,0.0
,801,,,,,-49.98779296875,54.52880859375,-0.27832688598632815,0.8407812927246094,0.0
,802,,,,,-53.79638671875,52.1575927734375,-0.3319827575683594,0.8028700012207032,0.0
,803,,,,,-57.623291015625,49.1912841796875,-0.3840848876953125,0.7544968505859375,0.0
,804,,,,,-61.322021484375,45.556640625,-0.4405374938964844,0.7347125427246094,0.0
,805,,,,,-64.56298828125,41.6107177734375,-0.5139776733398438,0.6863393920898437,0.0
,806,,,,,-66.50390625,38.6260986328125,-0.5652511413574219,0.665415673828125,0.0
,807,,,,,-68.536376953125,35.247802734375,-0.6278151306152344,0.609066650390625,0.0
,808,,,,,-70.1751708984375,31.201171875,-0.7021875549316406,0.5680478759765625,0.0
,809,,,,,-70.294189453125,29.534912109375,-0.7618512268066406,0.53034375,0.0
,810,,,,,-70.5780029296875,26.4495849609375,-0.8111566223144532,0.4840422546386719,0.0
,811,,,,,-71.099853515625,21.9268798828125,-0.8333233337402344,0.4601146362304688,0.0
,812,,,,,-70.86181640625,17.633056640625,-0.8496894104003907,0.41868153076171877,0.0
,813,,,,,-71.59423828125,11.97509765625,-0.8867720397949219,0.391128515625,0.0
,814,,,,,-72.1710205078125,6.536865234375,-0.8927798400878907,0.327321533203125,0.0
,815,,,,,-74.835205078125,-2.8564453125,-0.8910189331054688,0.31717042236328125,0.0
,816,,,,,-73.004150390625,-4.9530029296875,-0.9126677307128906,0.23927618408203125,0.0
,817,,,,,-73.2696533203125,-11.3067626953125,-0.9277908142089843,0.18997078857421876,0.0
,818,,,,,-73.370361328125,-17.193603515625,-0.9261334899902344,0.12906412353515626,0.0
,819,,,,,-73.3062744140625,-21.78955078125,-0.9343165283203125,0.08151963500976563,0.0
,820,,,,,-72.94921875,-25.9918212890625,-0.9449855529785156,-0.012326348876953126,0.0
,821,,,,,-71.9512939453125,-30.5694580078125,-0.9250976623535156,-0.06453206176757813,0.0
,822,,,,,-70.440673828125,-35.3668212890625,-0.9201256896972656,-0.13600416870117188,0.0
,823,,,,,-68.8201904296875,-38.5894775390625,-0.9157752136230469,-0.16997931518554688,0.0
,824,,,,,-67.6025390625,-39.4134521484375,-0.8992019714355469,-0.2640324645996094,0.0
,825,,,,,-65.22216796875,-41.7755126953125,-0.8802463256835937,-0.3161345947265625,0.0
,826,,,,,-62.3565673828125,-44.5587158203125,-0.8779675048828125,-0.40583726806640624,0.0
,827,,,,,-59.307861328125,-46.142578125,-0.8495858276367187,-0.43401177978515626,0.0
,828,,,,,-55.55419921875,-49.0997314453125,-0.8513467346191407,-0.5114916870117188,0.0
,829,,,,,-51.1322021484375,-51.5899658203125,-0.8443031066894532,-0.5456739990234375,0.0
,830,,,,,-45.611572265625,-55.718994140625,-0.8368451477050781,-0.6075129089355469,0.0
,831,,,,,-40.081787109375,-59.3719482421875,-0.7932368041992188,-0.6169389404296876,0.0
,832,,,,,-32.11669921875,-62.2283935546875,-0.7791495483398437,-0.6630332702636719,0.0
,833,,,,,-30.6976318359375,-65.5242919921875,-0.7194858764648437,-0.662101025390625,0.0
,834,,,,,-25.396728515625,-68.426513671875,-0.6799172607421875,-0.725079345703125,0.0
,835,,,,,-20.599365234375,-70.733642578125,-0.6014015258789063,-0.7583294128417969,0.0
,836,,,,,-16.7816162109375,-72.1160888671875,-0.5720876037597656,-0.786400341796875,0.0
,837,,,,,-12.689208984375,-73.3154296875,-0.4798989440917969,-0.7887827453613282,0.0
,838,,,,,-7.9925537109375,-74.01123046875,-0.44727037353515625,-0.8508288208007813,0.0
,839,,,,,-3.314208984375,-74.6337890625,-0.3674080627441406,-0.8592190246582031,0.0
,840,,,,,0.54931640625,-74.560546875,-0.31634176025390626,-0.9018951232910156,0.0
,841,,,,,3.55224609375,-73.846435546875,-0.22415310058593751,-0.9074885925292969,0.0
,842,,,,,7.2418212890625,-72.8668212890625,-0.16293568725585938,-0.9216794311523437,0.0
,843,,,,,10.8306884765625,-71.4752197265625,-0.09923228759765625,-0.9218865966796875,0.0
,844,,,,,13.494873046875,-69.8638916015625,-0.045887164306640624,-0.9211615173339844,0.0
,845,,,,,17.61474609375,-68.2708740234375,0.009633197021484375,-0.9334878662109375,0.0
,846,,,,,22.320556640625,-66.229248046875,0.05085913696289063,-0.9320377075195313,0.0
,847,,,,,28.4454345703125,-63.8946533203125,0.11104072265625001,-0.930587548828125,0.0
,848,,,,,34.442138671875,-61.3311767578125,0.10441142578125,-0.9423959838867187,0.0
,849,,,,,39.66064453125,-58.92333984375,0.1520594970703125,-0.9336950317382813,0.0
,850,,,,,44.805908203125,-56.231689453125,0.20923718261718752,-0.8861505432128907,0.0
,851,,,,,50.0701904296875,-53.155517578125,0.2639288818359375,-0.8563187072753906,0.0
,852,,,,,54.8675537109375,-49.896240234375,0.3062942321777344,-0.8207898193359375,0.0
,853,,,,,58.135986328125,-47.3876953125,0.36264325561523436,-0.7995553527832031,0.0
,854,,,,,61.1297607421875,-44.696044921875,0.40003663330078126,-0.7560505920410157,0.0
,855,,,,,63.995361328125,-41.5008544921875,0.48621749267578124,-0.7128565795898437,0.0
,856,,,,,66.778564453125,-37.481689453125,0.5606934997558594,-0.6693518188476563,0.0
,857,,,,,68.206787109375,-34.588623046875,0.6233610717773438,-0.6364125,0.0
,858,,,,,68.3258056640625,-33.7921142578125,0.6943152648925781,-0.5722947692871094,0.0
,859,,,,,69.0765380859375,-30.8258056640625,0.7419633361816407,-0.5302401672363282,0.0
,860,,,,,70.2392578125,-26.531982421875,0.7813247863769531,-0.4944005310058594,0.0
,861,,,,,69.8455810546875,-23.5382080078125,0.8111566223144532,-0.4621862915039063,0.0
,862,,,,,70.3033447265625,-18.85986328125,0.8463747619628906,-0.42655382080078125,0.0
,863,,,,,71.1090087890625,-13.14697265625,0.8841824707031251,-0.36699373168945315,0.0
,864,,,,,72.2259521484375,-6.353759765625,0.9166038757324219,-0.33788697509765625,0.0
,865,,,,,74.0386962890625,1.666259765625,0.9061420166015626,-0.3067085632324219,0.0
,866,,,,,73.57177734375,4.925537109375,0.923958251953125,-0.26361813354492186,0.0
,867,,,,,76.9866943359375,10.8306884765625,0.9424995666503907,-0.17764443969726562,0.0
,868,,,,,73.9105224609375,15.435791015625,0.9701561645507812,-0.11321596069335937,0.0
,869,,,,,73.114013671875,20.855712890625,0.9279979797363281,-0.0696076171875,0.0
,870,,,,,72.0062255859375,25.45166015625,0.9334878662109375,-0.014605169677734375,0.0
,871,,,,,70.9716796875,29.4158935546875,0.9241654174804688,0.07426884155273437,0.0
,872,,,,,69.4061279296875,32.684326171875,0.9527542602539063,0.1476054382324219,0.0
,873,,,,,66.7327880859375,36.62109375,0.9271693176269532,0.21742022094726562,0.0
,874,,,,,64.4439697265625,40.2740478515625,0.9561724914550781,0.3036010803222656,0.0
,875,,,,,63.6383056640625,40.155029296875,0.9287230590820312,0.3776627563476563,0.0
,876,,,,,60.8917236328125,42.095947265625,0.9054169372558594,0.43194012451171876,0.0
,877,,,,,57.3760986328125,45.172119140625,0.9097674133300782,0.5060018005371094,0.0
,878,,,,,54.30908203125,46.6461181640625,0.9039667785644532,0.546088330078125,0.0
,879,,,,,49.932861328125,50.06103515625,0.8694737182617188,0.5755058349609375,0.0
,880,,,,,44.970703125,53.887939453125,0.8492750793457031,0.5846211181640625,0.0
,881,,,,,39.385986328125,58.355712890625,0.8201683227539063,0.6127956298828126,0.0
,882,,,,,33.7646484375,62.200927734375,0.7715880065917969,0.6220144958496094,0.0
,883,,,,,30.0201416015625,65.36865234375,0.7396845153808594,0.6536072387695313,0.0
,884,,,,,25.3875732421875,68.22509765625,0.67618828125,0.6809530883789062,0.0
,885,,,,,20.1141357421875,70.7061767578125,0.6442847900390625,0.7103705932617188,0.0
,886,,,,,15.234375,72.784423828125,0.5521997131347657,0.70436279296875,0.0
,887,,,,,11.31591796875,73.79150390625,0.5093164489746094,0.7609189819335938,0.0
,888,,,,,6.8389892578125,74.688720703125,0.44395572509765624,0.802144921875,0.0
,889,,,,,1.922607421875,75.091552734375,0.4231355895996094,0.8747564392089844,0.0
,890,,,,,-2.9754638671875,74.74365234375,0.3342615783691406,0.8968195678710937,0.0
,891,,,,,-6.2255859375,74.30419921875,0.25294910888671873,0.8982697265625,0.0
,892,,,,,-7.50732421875,73.5809326171875,0.17174022216796875,0.9030345336914063,0.0
,893,,,,,-11.6363525390625,71.868896484375,0.14366929321289063,0.9296553039550781,0.0
,894,,,,,-15.7012939453125,70.0836181640625,0.062356823730468754,0.9401171630859375,0.0
,895,,,,,-17.779541015625,68.00537109375,0.011290521240234375,0.9408422424316406,0.0
,896,,,,,-22.5128173828125,66.632080078125,-0.03552888793945313,0.9522363464355469,0.0
,897,,,,,-28.692626953125,64.3157958984375,-0.06639655151367188,0.9427067321777344,0.0
,898,,,,,-34.8907470703125,61.578369140625,-0.12295274047851563,0.9037596130371094,0.0
,899,,,,,-40.3564453125,59.2529296875,-0.16345360107421875,0.8620157592773438,0.0
,900,,,,,-45.4193115234375,56.707763671875,-0.19017795410156252,0.8497929931640625,0.0
,901,,,,,-50.885009765625,53.7689208984375,-0.2398976806640625,0.8109494567871094,0.0
,902,,,,,-55.1605224609375,51.4434814453125,-0.3085730529785156,0.7811176208496095,0.0
,903,,,,,-58.5113525390625,49.3194580078125,-0.3735194458007813,0.72922265625,0.0
,904,,,,,-61.5875244140625,47.0123291015625,-0.4476847045898438,0.7001158996582032,0.0
,905,,,,,-64.8193359375,43.2037353515625,-0.5326225708007812,0.6493603454589844,0.0
,906,,,,,-67.0440673828125,39.7064208984375,-0.6057520019531251,0.602540936279297,0.0
,907,,,,,-67.6666259765625,38.140869140625,-0.6532964904785157,0.5704302795410157,0.0
,908,,,,,-68.8201904296875,35.1654052734375,-0.7108885070800781,0.5384232055664062,0.0
,909,,,,,-69.17724609375,32.8948974609375,-0.7478675537109375,0.4984402587890625,0.0
,910,,,,,-69.8272705078125,28.6834716796875,-0.8017305908203125,0.4592859741210938,0.0
,911,,,,,-70.7977294921875,23.47412109375,-0.8466855102539063,0.42655382080078125,0.0
,912,,,,,-70.587158203125,19.7845458984375,-0.8818000671386719,0.386985205078125,0.0
,913,,,,,-71.337890625,13.9801025390625,-0.8949550781250001,0.37020479736328127,0.0
,914,,,,,-72.052001953125,6.9122314453125,-0.9188826965332032,0.31654892578125,0.0
,915,,,,,-74.74365234375,-2.3895263671875,-0.9174325378417969,0.28402393798828124,0.0
,916,,,,,-73.0865478515625,-3.9459228515625,-0.9381490905761719,0.21607364501953125,0.0
,917,,,,,-73.1597900390625,-8.4869384765625,-0.9404279113769531,0.183134326171875,0.0
,918,,,,,-72.8759765625,-14.1815185546875,-0.9661164367675782,0.09281015625,0.0
,919,,,,,-72.3541259765625,-19.3084716796875,-0.9669450988769531,0.03873995361328125,0.0
,920,,,,,-71.2738037109375,-23.052978515625,-0.9614552124023438,-0.04671582641601563,0.0
,921,,,,,-69.6990966796875,-26.8798828125,-0.96787734375,-0.09705704956054688,0.0
,922,,,,,-67.9229736328125,-30.8258056640625,-0.9593835571289063,-0.1727760498046875,0.0
,923,,,,,-65.44189453125,-34.9456787109375,-0.9451927185058594,-0.18955645751953126,0.0
,924,,,,,-63.9129638671875,-38.0859375,-0.9457106323242188,-0.2993541870117188,0.0
,925,,,,,-61.92626953125,-40.90576171875,-0.9109068237304688,-0.3274251159667969,0.0
,926,,,,,-60.150146484375,-42.59033203125,-0.8829394775390625,-0.3983793090820313,0.0
,927,,,,,-56.87255859375,-45.8404541015625,-0.8664698181152344,-0.43328670043945317,0.0
,928,,,,,-53.155517578125,-49.200439453125,-0.8655375732421875,-0.4931575378417969,0.0
,929,,,,,-49.8138427734375,-50.79345703125,-0.837777392578125,-0.5004083312988281,0.0
,930,,,,,-45.00732421875,-54.2816162109375,-0.8225507263183593,-0.5613149963378906,0.0
,931,,,,,-39.2852783203125,-58.154296875,-0.7776993896484375,-0.5738485107421876,0.0
,932,,,,,-32.3455810546875,-62.3199462890625,-0.7775958068847656,-0.6232574890136718,0.0
,933,,,,,-29.18701171875,-65.606689453125,-0.728393994140625,-0.6234646545410156,0.0
,934,,,,,-23.4832763671875,-68.756103515625,-0.6892397094726562,-0.6544359008789062,0.0
,935,,,,,-18.3746337890625,-71.37451171875,-0.6387949035644531,-0.6926579406738281,0.0
,936,,,,,-14.373779296875,-72.65625,-0.6169389404296876,-0.7643372131347657,0.0
,937,,,,,-9.9700927734375,-73.86474609375,-0.5284792602539062,-0.7718987548828126,0.0
,938,,,,,-5.9417724609375,-74.9267578125,-0.47088724365234375,-0.8150927673339844,0.0
,939,,,,,-0.7232666015625,-75.3753662109375,-0.36626865234375,-0.8107422912597656,0.0
,940,,,,,3.5888671875,-75.531005859375,-0.33415799560546877,-0.8581831970214844,0.0
,941,,,,,5.9600830078125,-75.3021240234375,-0.2681757751464844,-0.8646053283691406,0.0
,942,,,,,9.613037109375,-74.4415283203125,-0.19525350952148438,-0.875895849609375,0.0
,943,,,,,13.00048828125,-73.4344482421875,-0.09249940795898438,-0.8746528564453125,0.0
,944,,,,,15.1336669921875,-71.6033935546875,-0.05645260620117188,-0.8968195678710937,0.0
,945,,,,,19.0704345703125,-69.5343017578125,0.001968072509765625,-0.9005485473632813,0.0
,946,,,,,23.968505859375,-67.6025390625,0.025377777099609377,-0.9200221069335938,0.0
,947,,,,,29.8187255859375,-65.4327392578125,0.08597369384765625,-0.902413037109375,0.0
,948,,,,,35.6597900390625,-63.043212890625,0.12347065429687501,-0.8837681396484375,0.0
,949,,,,,40.6951904296875,-61.2030029296875,0.1827199951171875,-0.8608763488769532,0.0
,950,,,,,41.9677734375,-59.0057373046875,0.21431273803710937,-0.8383988891601563,0.0
,951,,,,,50.86669921875,-56.231689453125,0.2685901062011719,-0.8179930847167969,0.0
,952,,,,,55.2978515625,-53.411865234375,0.315720263671875,-0.7889899108886719,0.0
,953,,,,,58.282470703125,-51.141357421875,0.3634719177246094,-0.7702414306640625,0.0
,954,,,,,61.23046875,-48.1292724609375,0.40293695068359375,-0.7394773498535157,0.0
,955,,,,,64.141845703125,-44.2474365234375,0.49450411376953124,-0.6951439270019532,0.0
,956,,,,,66.6961669921875,-40.594482421875,0.5649403930664063,-0.6497746765136719,0.0
,957,,,,,67.987060546875,-38.0859375,0.6515355834960938,-0.5998477844238281,0.0
,958,,,,,68.0694580078125,-37.1795654296875,0.7229041076660156,-0.5305509155273438,0.0
,959,,,,,68.84765625,-34.0667724609375,0.7504571228027344,-0.507969873046875,0.0
,960,,,,,69.964599609375,-29.736328125,0.7846394348144532,-0.47824161987304686,0.0
,961,,,,,69.708251953125,-26.513671875,0.8538327209472657,-0.4181636169433594,0.0
,962,,,,,70.0653076171875,-21.2493896484375,0.8884293640136719,-0.4011760437011719,0.0
,963,,,,,70.71533203125,-14.996337890625,0.8915368469238282,-0.3721728698730469,0.0
,964,,,,,71.66748046875,-8.294677734375,0.9213686828613281,-0.3280466125488281,0.0
,965,,,,,72.32666015625,-2.197265625,0.9085244201660156,-0.30556915283203123,0.0
,966,,,,,72.564697265625,3.0029296875,0.9456070495605469,-0.27200833740234376,0.0
,967,,,,,72.65625,8.4228515625,0.9386670043945313,-0.20695836181640626,0.0
,968,,,,,72.4456787109375,14.117431640625,0.9379419250488281,-0.14729468994140626,0.0
,969,,,,,71.9696044921875,19.317626953125,0.9313126281738282,-0.07779065551757813,0.0
,970,,,,,71.2005615234375,22.9339599609375,0.9467464599609375,-0.02133804931640625,0.0
,971,,,,,69.927978515625,26.898193359375,0.922300927734375,0.07136852416992187,0.0
,972,,,,,68.4356689453125,31.8695068359375,0.93638818359375,0.1413904724121094,0.0
,973,,,,,66.156005859375,36.51123046875,0.9139107238769532,0.20830493774414063,0.0
,974,,,,,64.013671875,39.84375,0.9321412902832031,0.2697295166015625,0.0
,975,,,,,62.786865234375,41.41845703125,0.9104924926757813,0.32255672607421876,0.0
,976,,,,,60.076904296875,44.1741943359375,0.9152572998046875,0.39268225708007815,0.0
,977,,,,,56.744384765625,47.3419189453125,0.9144286376953126,0.4656045227050781,0.0
,978,,,,,53.7322998046875,48.8433837890625,0.8905010192871095,0.5000975830078125,0.0
,979,,,,,49.7772216796875,51.96533203125,0.8838717224121094,0.5501280578613281,0.0
,980,,,,,45.208740234375,55.206298828125,0.8426457824707031,0.5439130920410157,0.0
,981,,,,,20.947265625,59.3994140625,0.8226543090820313,0.5925969909667969,0.0
,982,,,,,28.546142578125,63.2720947265625,0.7999696838378907,0.6197356750488281,0.0
,983,,,,,29.0863037109375,66.39404296875,0.749939208984375,0.6384841552734375,0.0
,984,,,,,23.91357421875,69.4976806640625,0.6917256958007812,0.6513284179687501,0.0
,985,,,,,18.511962890625,72.5738525390625,0.6690410705566406,0.7021875549316406,0.0
,986,,,,,13.5406494140625,74.6246337890625,0.5856569458007813,0.7073666931152344,0.0
,987,,,,,9.6771240234375,75.62255859375,0.5247502807617188,0.7504571228027344,0.0
,988,,,,,5.3466796875,76.7852783203125,0.4346332763671875,0.7798746276855469,0.0
,989,,,,,0.4669189453125,77.34375,0.40210828857421876,0.8252438781738282,0.0
,990,,,,,-4.1015625,77.5634765625,0.324006884765625,0.8434744445800781,0.0
,991,,,,,-7.1044921875,77.3529052734375,0.24424815673828126,0.8639838317871094,0.0
,992,,,,,-7.781982421875,76.4190673828125,0.13445042724609377,0.8759994323730469,0.0
,993,,,,,-11.334228515625,74.8809814453125,0.09084208374023438,0.9074885925292969,0.0
,994,,,,,-15.4815673828125,72.9583740234375,0.052205712890625,0.9419816528320313,0.0
,995,,,,,-17.8436279296875,70.7794189453125,0.028070928955078126,0.9718134887695313,0.0
,996,,,,,-22.8515625,68.88427734375,-0.0377041259765625,0.9599014709472656,0.0
,997,,,,,-29.0496826171875,65.80810546875,-0.08877042846679688,0.9324520385742188,0.0
,998,,,,,-34.9639892578125,63.0889892578125,-0.13155010986328125,0.92312958984375,0.0
,999,,,,,-39.990234375,60.8184814453125,-0.1636607666015625,0.8996163024902344,0.0
,1000,,,,,-44.6136474609375,58.740234375,-0.2299537353515625,0.8783818359375001,0.0
,1001,,,,,-49.6307373046875,55.9661865234375,-0.30194375610351565,0.8462711791992188,0.0
,1002,,,,,-53.759765625,53.28369140625,-0.37724842529296876,0.7996589355468751,0.0
,1003,,,,,-56.707763671875,51.031494140625,-0.42531082763671874,0.7527359436035157,0.0
,1004,,,,,-59.3170166015625,48.3123779296875,-0.49885458984375003,0.72093603515625,0.0
,1005,,,,,-61.5692138671875,44.989013671875,-0.5644224792480469,0.6892397094726562,0.0
,1006,,,,,-63.8763427734375,41.033935546875,-0.6327871032714844,0.6574398010253907,0.0
,1007,,,,,-65.2679443359375,38.3514404296875,-0.7007373962402343,0.5975689636230469,0.0
,1008,,,,,-66.17431640625,35.3851318359375,-0.7590544921875,0.5403912780761719,0.0
,1009,,,,,-66.5130615234375,33.4808349609375,-0.7998661010742187,0.5058982177734375,0.0
,1010,,,,,-66.796875,29.8095703125,-0.8498965759277344,0.46891917114257814,0.0
,1011,,,,,-67.657470703125,24.9298095703125,-0.8781746704101563,0.440019580078125,0.0
,1012,,,,,-67.6025390625,20.965576171875,-0.9211615173339844,0.3846028015136719,0.0
,1013,,,,,-68.353271484375,14.9139404296875,-0.9333842834472657,0.36409341430664066,0.0
,1014,,,,,-69.3603515625,8.038330078125,-0.9617659606933594,0.32980751953125004,0.0
,1015,,,,,-72.61962890625,-2.3895263671875,-0.9600050537109376,0.2994577697753906,0.0
,1016,,,,,-70.4864501953125,-3.18603515625,-0.9327627868652344,0.25450285034179687,0.0
,1017,,,,,-70.9991455078125,-8.1390380859375,-0.9249940795898438,0.21079092407226563,0.0
,1018,,,,,-70.9991455078125,-13.9892578125,-0.9350416076660156,0.14014747924804688,0.0
,1019,,,,,-70.697021484375,-19.51904296875,-0.9557581604003906,0.09705704956054688,0.0
,1020,,,,,-69.781494140625,-23.895263671875,-0.9746102233886719,0.0045576416015625,0.0
,1021,,,,,-68.4906005859375,-28.3172607421875,-0.9559653259277344,-0.023513287353515627,0.0
,1022,,,,,-66.8975830078125,-32.4371337890625,-0.9409458251953126,-0.11000489501953126,0.0
,1023,,,,,-64.34326171875,-36.8499755859375,-0.923958251953125,-0.141701220703125,0.0
,1024,,,,,-61.8804931640625,-41.1163330078125,-0.9409458251953126,-0.19981115112304687,0.0
,1025,,,,,-59.47265625,-43.8720703125,-0.9145322204589844,-0.244455322265625,0.0
,1026,,,,,-57.861328125,-44.476318359375,-0.8914332641601562,-0.3609859313964844,0.0
,1027,,,,,-54.78515625,-47.076416015625,-0.8829394775390625,-0.41951019287109376,0.0
,1028,,,,,-51.2969970703125,-49.896240234375,-0.8604620178222656,-0.4798989440917969,0.0
,1029,,,,,-48.1842041015625,-51.123046875,-0.8308373474121094,-0.48673540649414065,0.0
,1030,,,,,-43.780517578125,-54.730224609375,-0.8358093200683594,-0.5663905517578125,0.0
,1031,,,,,-38.19580078125,-58.63037109375,-0.8058739013671875,-0.5671156311035156,0.0
,1032,,,,,-32.5103759765625,-62.40234375,-0.7817391174316406,-0.5933220703125001,0.0
,1033,,,,,-28.38134765625,-65.679931640625,-0.7004266479492187,-0.5910432495117187,0.0
,1034,,,,,-22.8240966796875,-68.8934326171875,-0.6859250610351563,-0.6568183044433594,0.0
,1035,,,,,-17.9443359375,-71.7681884765625,-0.6073057434082031,-0.6734951293945313,0.0
,1036,,,,,-14.39208984375,-73.6907958984375,-0.5474349060058594,-0.7172070556640625,0.0
,1037,,,,,-10.3729248046875,-75.1190185546875,-0.46601885375976565,-0.7337802978515625,0.0
,1038,,,,,-5.9417724609375,-76.0711669921875,-0.41712778930664063,-0.7835000244140625,0.0
,1039,,,,,-1.5655517578125,-76.519775390625,-0.3218316467285156,-0.7885755798339844,0.0
,1040,,,,,1.6204833984375,-76.409912109375,-0.29044606933593753,-0.8370523132324219,0.0
,1041,,,,,2.5634765625,-75.91552734375,-0.193078271484375,-0.8494822448730469,0.0
,1042,,,,,6.3446044921875,-74.7711181640625,-0.14066539306640624,-0.8826287292480469,0.0
,1043,,,,,10.2447509765625,-73.6907958984375,-0.05810993041992188,-0.8900866882324219,0.0
,1044,,,,,11.993408203125,-71.942138671875,-0.00497197265625,-0.8948514953613281,0.0
,1045,,,,,16.5618896484375,-70.12939453125,0.047337322998046875,-0.9000306335449219,0.0
,1046,,,,,21.42333984375,-68.3990478515625,0.049408978271484376,-0.9102853271484376,0.0
,1047,,,,,27.777099609375,-66.302490234375,0.10948698120117188,-0.9025166198730469,0.0
,1048,,,,,33.837890625,-63.9129638671875,0.12512797851562502,-0.89992705078125,0.0
,1049,,,,,38.763427734375,-61.81640625,0.19224960937500002,-0.8802463256835937,0.0
,1050,,,,,43.6248779296875,-59.765625,0.22529251098632813,-0.8679199768066407,0.0
,1051,,,,,48.4588623046875,-56.8084716796875,0.2912747314453125,-0.8398490478515626,0.0
,1052,,,,,52.3956298828125,-54.034423828125,0.3343651611328125,-0.8147820190429688,0.0
,1053,,,,,55.11474609375,-51.580810546875,0.4031441162109375,-0.7818427001953125,0.0
,1054,,,,,58.172607421875,-48.4222412109375,0.478138037109375,-0.7204181213378906,0.0
,1055,,,,,60.4248046875,-45.73974609375,0.5214356323242187,-0.6986657409667969,0.0
,1056,,,,,63.2537841796875,-41.3543701171875,0.5845175354003906,-0.6575433837890625,0.0
,1057,,,,,65.1580810546875,-37.481689453125,0.6735987121582031,-0.6022301879882813,0.0
,1058,,,,,65.1947021484375,-36.2274169921875,0.7102670104980469,-0.5779918212890626,0.0
,1059,,,,,66.3665771484375,-32.647705078125,0.7462102294921875,-0.5495065612792969,0.0
,1060,,,,,67.803955078125,-28.4912109375,0.8101207946777343,-0.4777237060546875,0.0
,1061,,,,,67.8863525390625,-25.4058837890625,0.8581831970214844,-0.44851336669921876,0.0
,1062,,,,,68.88427734375,-20.3155517578125,0.879210498046875,-0.4241714172363281,0.0
,1063,,,,,69.4976806640625,-14.8956298828125,0.8837681396484375,-0.4023154541015625,0.0
,1064,,,,,70.3033447265625,-7.9833984375,0.9271693176269532,-0.353838720703125,0.0
,1065,,,,,72.69287109375,1.8402099609375,0.9298624694824219,-0.3105411254882813,0.0
,1066,,,,,70.989990234375,4.0740966796875,0.9091459167480469,-0.29003173828125,0.0
,1067,,,,,71.044921875,9.9609375,0.9019987060546876,-0.23730811157226564,0.0
,1068,,,,,70.71533203125,16.00341796875,0.9578298156738282,-0.17360471191406252,0.0
,1069,,,,,70.2850341796875,21.771240234375,0.952132763671875,-0.10213260498046875,0.0
,1070,,,,,69.6258544921875,25.726318359375,0.9547223327636719,-0.049719726562500004,0.0
,1071,,,,,68.29833984375,29.7271728515625,0.9219901794433594,0.03666829833984375,0.0
,1072,,,,,66.4947509765625,34.09423828125,0.9447783874511719,0.12295274047851563,0.0
,1073,,,,,64.544677734375,38.2965087890625,0.9074885925292969,0.15858521118164062,0.0
,1074,,,,,62.603759765625,41.5191650390625,0.9046918579101563,0.20809777221679687,0.0
,1075,,,,,61.395263671875,42.645263671875,0.8889472778320313,0.28402393798828124,0.0
,1076,,,,,58.3831787109375,46.0235595703125,0.8934013366699219,0.37186212158203125,0.0
,1077,,,,,55.5999755859375,48.9898681640625,0.8681271423339844,0.4385694213867188,0.0
,1078,,,,,53.3477783203125,49.5574951171875,0.8565258728027344,0.4808311889648438,0.0
,1079,,,,,49.4842529296875,52.84423828125,0.8482392517089844,0.5308616638183594,0.0
,1080,,,,,44.34814453125,56.689453125,0.817164422607422,0.5453632507324219,0.0
,1081,,,,,38.9739990234375,60.662841796875,0.8172680053710938,0.6053376708984375,0.0
,1082,,,,,33.9752197265625,63.812255859375,0.7802889587402344,0.6282294616699219,0.0
,1083,,,,,29.7088623046875,66.97998046875,0.7328480529785156,0.6557824768066406,0.0
,1084,,,,,24.57275390625,70.3948974609375,0.6425238830566407,0.6409701416015625,0.0
,1085,,,,,20.1507568359375,72.9400634765625,0.5932184875488281,0.6716306396484375,0.0
,1086,,,,,16.1224365234375,74.2584228515625,0.5166708251953125,0.7005302307128907,0.0
,1087,,,,,12.2589111328125,75.62255859375,0.4807276062011719,0.7710700927734375,0.0
,1088,,,,,8.5784912109375,76.8402099609375,0.40925549926757815,0.7958263732910157,0.0
,1089,,,,,3.790283203125,77.4810791015625,0.37310511474609376,0.8501037414550782,0.0
,1090,,,,,0.2838134765625,77.8289794921875,0.2706617614746094,0.8784854187011719,0.0
,1091,,,,,-2.4810791015625,77.0782470703125,0.22114920043945313,0.9096638305664063,0.0
,1092,,,,,-4.1839599609375,76.28173828125,0.15817088012695313,0.9282051452636719,0.0
,1093,,,,,-8.0291748046875,74.67041015625,0.10637949829101563,0.934730859375,0.0
,1094,,,,,-12.6251220703125,72.39990234375,0.03138557739257813,0.9364917663574219,0.0
,1095,,,,,-15.4998779296875,70.0836181640625,0.00683646240234375,0.9639411987304688,0.0
,1096,,,,,-20.452880859375,68.22509765625,-0.054795281982421874,0.962076708984375,0.0
,1097,,,,,-26.385498046875,66.064453125,-0.11010847778320312,0.9339021972656251,0.0
,1098,,,,,-32.171630859375,63.6566162109375,-0.16345360107421875,0.9131856445312501,0.0
,1099,,,,,-37.39013671875,61.26708984375,-0.2084085205078125,0.87340986328125,0.0
,1100,,,,,-42.352294921875,58.978271484375,-0.25118820190429686,0.8501037414550782,0.0
,1101,,,,,-47.5250244140625,56.195068359375,-0.2855776794433594,0.8180966674804688,0.0
,1102,,,,,-51.8280029296875,53.631591796875,-0.36202175903320316,0.7886791625976562,0.0
,1103,,,,,-55.059814453125,51.4801025390625,-0.4109128234863281,0.7455887329101563,0.0
,1104,,,,,-57.879638671875,48.9898681640625,-0.49201812744140627,0.7135816589355469,0.0
,1105,,,,,-61.175537109375,45.0164794921875,-0.5378017089843751,0.685303564453125,0.0
,1106,,,,,-63.90380859375,41.2628173828125,-0.6103096435546875,0.6454242004394531,0.0
,1107,,,,,-65.9912109375,37.6373291015625,-0.6499818420410156,0.6043018432617188,0.0
,1108,,,,,-67.5201416015625,33.746337890625,-0.7068487792968751,0.565976220703125,0.0
,1109,,,,,-67.694091796875,31.2286376953125,-0.769827099609375,0.5236108703613281,0.0
,1110,,,,,-68.4539794921875,27.4932861328125,-0.8221363952636719,0.47637713012695315,0.0
,1111,,,,,-69.0948486328125,23.748779296875,-0.8473070068359375,0.4447843872070313,0.0
,1112,,,,,-68.6737060546875,20.25146484375,-0.8894651916503906,0.3965148193359375,0.0
,1113,,,,,-69.47021484375,13.8427734375,-0.927272900390625,0.36440416259765623,0.0
,1114,,,,,-70.147705078125,7.3516845703125,-0.9204364379882812,0.33509024047851566,0.0
,1115,,,,,-73.699951171875,-3.5980224609375,-0.9190898620605469,0.31934566040039064,0.0
,1116,,,,,-71.356201171875,-4.79736328125,-0.9419816528320313,0.2520168640136719,0.0
,1117,,,,,-71.6217041015625,-10.6658935546875,-0.9271693176269532,0.23368271484375,0.0
,1118,,,,,-71.2005615234375,-17.1112060546875,-0.914117889404297,0.16303927001953125,0.0
,1119,,,,,-70.751953125,-22.4578857421875,-0.9247869140625,0.12150258178710938,0.0
,1120,,,,,-70.330810546875,-26.9989013671875,-0.9311054626464844,0.045990747070312504,0.0
,1121,,,,,-69.0673828125,-30.8624267578125,-0.9087315856933594,0.005282720947265625,0.0
,1122,,,,,-66.9708251953125,-35.3118896484375,-0.9075921752929688,-0.09011700439453126,0.0
,1123,,,,,-65.2679443359375,-39.349365234375,-0.9021022888183594,-0.136729248046875,0.0
,1124,,,,,-64.1143798828125,-41.1712646484375,-0.9090423339843751,-0.2266390869140625,0.0
,1125,,,,,-62.1368408203125,-43.9361572265625,-0.8542470520019532,-0.26796860961914065,0.0
,1126,,,,,-60.205078125,-46.2799072265625,-0.8371558959960937,-0.3589142761230469,0.0
,1127,,,,,-57.3760986328125,-48.30322265625,-0.8085670532226563,-0.38657087402343754,0.0
,1128,,,,,-54.180908203125,-50.921630859375,-0.7999696838378907,-0.4620827087402344,0.0
,1129,,,,,-50.5279541015625,-53.1005859375,-0.7952048767089844,-0.49626502075195317,0.0
,1130,,,,,-45.37353515625,-57.275390625,-0.8119852844238281,-0.5679442932128906,0.0
,1131,,,,,-39.9627685546875,-60.8917236328125,-0.7677554443359376,-0.5556179443359375,0.0
,1132,,,,,-33.2244873046875,-64.2242431640625,-0.7316050598144531,-0.5914575805664063,0.0
,1133,,,,,-31.036376953125,-67.6666259765625,-0.6768097778320312,-0.6161102783203125,0.0
,1134,,,,,-26.0101318359375,-70.6512451171875,-0.6346515930175781,-0.6689374877929688,0.0
,1135,,,,,-21.2677001953125,-73.1231689453125,-0.5630759033203125,-0.6685231567382812,0.0
,1136,,,,,-17.4041748046875,-74.615478515625,-0.5246466979980469,-0.7247685974121094,0.0
,1137,,,,,-13.1744384765625,-76.0894775390625,-0.4429198974609375,-0.7362662841796875,0.0
,1138,,,,,-8.5601806640625,-77.069091796875,-0.421789013671875,-0.811260205078125,0.0
,1139,,,,,-4.0924072265625,-77.435302734375,-0.32638928833007813,-0.8133318603515626,0.0
,1140,,,,,-0.9521484375,-76.885986328125,-0.2855776794433594,-0.86678056640625,0.0
,1141,,,,,0.4302978515625,-76.116943359375,-0.2042652099609375,-0.8852182983398438,0.0
,1142,,,,,4.6600341796875,-75.0640869140625,-0.11528761596679687,-0.8968195678710937,0.0
,1143,,,,,8.60595703125,-73.7274169921875,-0.03242140502929688,-0.8881186157226563,0.0
,1144,,,,,10.3729248046875,-71.8048095703125,-0.019059228515625002,-0.9204364379882812,0.0
,1145,,,,,15.325927734375,-69.9188232421875,0.031281994628906254,-0.9332807006835938,0.0
,1146,,,,,21.35009765625,-67.7032470703125,0.06453206176757813,-0.9292409729003906,0.0
,1147,,,,,27.4566650390625,-65.606689453125,0.10772607421875001,-0.9221973449707032,0.0
,1148,,,,,33.0322265625,-63.4918212890625,0.10555083618164063,-0.9212651000976563,0.0
,1149,,,,,38.4429931640625,-61.5692138671875,0.16355718383789064,-0.8850111328125,0.0
,1150,,,,,44.12841796875,-58.905029296875,0.20903001708984376,-0.8574581176757813,0.0
,1151,,,,,48.8983154296875,-55.975341796875,0.2818486999511719,-0.8350842407226563,0.0
,1152,,,,,52.8350830078125,-53.411865234375,0.31592742919921873,-0.7961371215820313,0.0
,1153,,,,,56.304931640625,-50.628662109375,0.3592250244140625,-0.7721059204101562,0.0
,1154,,,,,59.9029541015625,-46.8841552734375,0.41878511352539066,-0.7294298217773437,0.0
,1155,,,,,62.8875732421875,-43.560791015625,0.5019620727539063,-0.7096455139160156,0.0
,1156,,,,,65.33203125,-40.3564453125,0.5556179443359375,-0.6725628845214844,0.0
,1157,,,,,67.327880859375,-36.767578125,0.6011943603515625,-0.6290581237792969,0.0
,1158,,,,,68.5546875,-33.526611328125,0.6636547668457031,-0.5668048828125,0.0
,1159,,,,,69.7265625,-29.1778564453125,0.7369913635253906,-0.5208141357421875,0.0
,1160,,,,,69.9005126953125,-26.1199951171875,0.7927188903808594,-0.48652824096679687,0.0
,1161,,,,,69.0948486328125,-23.4100341796875,0.8223435607910157,-0.4540032531738281,0.0
,1162,,,,,69.488525390625,-18.4112548828125,0.856007958984375,-0.42862547607421875,0.0
,1163,,,,,70.0927734375,-11.773681640625,0.8650196594238282,-0.40407636108398437,0.0
,1164,,,,,70.953369140625,-5.1544189453125,0.8900866882324219,-0.367097314453125,0.0
,1165,,,,,72.5189208984375,2.0782470703125,0.9008592956542969,-0.3311540954589844,0.0
,1166,,,,,71.5850830078125,5.52978515625,0.9038631958007812,-0.2952108764648438,0.0
,1167,,,,,71.4935302734375,11.920166015625,0.8839753051757813,-0.23399346313476563,0.0
,1168,,,,,71.2371826171875,17.28515625,0.9079029235839844,-0.168218408203125,0.0
,1169,,,,,70.9259033203125,22.0184326171875,0.8900866882324219,-0.098610791015625,0.0
,1170,,,,,70.513916015625,26.40380859375,0.9083172546386719,-0.030142584228515627,0.0
,1171,,,,,69.378662109375,31.146240234375,0.8785890014648438,0.023306121826171877,0.0
,1172,,,,,67.7581787109375,35.26611328125,0.9051061889648437,0.09923228759765625,0.0
,1173,,,,,66.02783203125,38.6444091796875,0.8819036499023438,0.17184380493164064,0.0
,1174,,,,,63.995361328125,41.473388671875,0.8835609741210938,0.24797713623046877,0.0
,1175,,,,,62.457275390625,42.4072265625,0.8536255554199219,0.32172806396484377,0.0
,1176,,,,,59.8480224609375,44.329833984375,0.8598405212402344,0.4028333679199219,0.0
,1177,,,,,57.2296142578125,46.58203125,0.8424386169433594,0.46104688110351566,0.0
,1178,,,,,54.510498046875,47.8912353515625,0.85020732421875,0.49875100708007813,0.0
,1179,,,,,49.5849609375,51.67236328125,0.8227578918457031,0.5536498718261719,0.0
,1180,,,,,44.5404052734375,55.3985595703125,0.7766635620117188,0.5517853820800781,0.0
,1181,,,,,40.0726318359375,58.8226318359375,0.7593652404785156,0.5938399841308594,0.0
,1182,,,,,33.72802734375,62.3016357421875,0.7319158081054687,0.6118633850097657,0.0
,1183,,,,,30.816650390625,66.02783203125,0.7013588928222656,0.6410737243652344,0.0
,1184,,,,,26.2481689453125,69.3695068359375,0.6223252441406251,0.6346515930175781,0.0
,1185,,,,,22.3297119140625,71.136474609375,0.5803742248535156,0.6714234741210938,0.0
,1186,,,,,17.9718017578125,72.6104736328125,0.5041373107910156,0.7094383483886719,0.0
,1187,,,,,13.275146484375,74.029541015625,0.4636364501953125,0.7884719970703126,0.0
,1188,,,,,8.5235595703125,74.74365234375,0.40210828857421876,0.8162321777343751,0.0
,1189,,,,,4.8431396484375,74.6063232421875,0.36657940063476563,0.85683662109375,0.0
,1190,,,,,0.6591796875,74.139404296875,0.27988062744140624,0.875895849609375,0.0
,1191,,,,,-3.8726806640625,73.49853515625,0.2520168640136719,0.9267549865722656,0.0
,1192,,,,,-5.4656982421875,72.8851318359375,0.18126983642578126,0.9428103149414063,0.0
,1193,,,,,-8.258056640625,71.795654296875,0.11218013305664062,0.9525470947265625,0.0
,1194,,,,,-12.103271484375,70.3582763671875,0.06132099609375,0.9609372985839844,0.0
,1195,,,,,-15.7012939453125,68.243408203125,0.02506702880859375,0.9651841918945313,0.0
,1196,,,,,-21.3958740234375,66.1468505859375,-0.0493053955078125,0.9500611083984375,0.0
,1197,,,,,-26.9073486328125,63.739013671875,-0.08359129028320313,0.9255119934082031,0.0
,1198,,,,,-32.611083984375,61.578369140625,-0.13268952026367187,0.8930905883789063,0.0
,1199,,,,,-39.0380859375,58.70361328125,-0.16842557373046876,0.8797284118652344,0.0
,1200,,,,,-44.6319580078125,56.1767578125,-0.22612117309570312,0.8603584350585938,0.0
,1201,,,,,-48.944091796875,54.0802001953125,-0.26165006103515626,0.8276262817382812,0.0
,1202,,,,,-52.8167724609375,51.67236328125,-0.32566420898437504,0.7997625183105469,0.0
,1203,,,,,-56.9732666015625,48.44970703125,-0.3676152282714844,0.7649587097167969,0.0
,1204,,,,,-60.260009765625,45.3826904296875,-0.4470632080078125,0.7330552185058594,0.0
,1205,,,,,-62.8875732421875,42.4072265625,-0.4935718688964844,0.6929686889648438,0.0
,1206,,,,,-65.240478515625,39.07470703125,-0.5520961303710937,0.6667622497558594,0.0
,1207,,,,,-67.6116943359375,34.7991943359375,-0.6347551757812501,0.5993298706054687,0.0
,1208,,,,,-69.1864013671875,30.487060546875,-0.6795029296875,0.5707410278320313,0.0
,1209,,,,,-68.8201904296875,28.82080078125,-0.7310871459960938,0.5489886474609376,0.0
,1210,,,,,-69.0765380859375,25.96435546875,-0.7953084594726563,0.48124552001953125,0.0
,1211,,,,,-69.671630859375,21.917724609375,-0.8296979370117188,0.4407446594238281,0.0
,1212,,,,,-69.7998046875,17.633056640625,-0.8611870971679688,0.40407636108398437,0.0
,1213,,,,,-70.6329345703125,12.0391845703125,-0.8956801574707032,0.37227645263671877,0.0
,1214,,,,,-71.2005615234375,6.4453125,-0.9017915405273438,0.32317822265625,0.0
,1215,,,,,-74.395751953125,-3.131103515625,-0.8997198852539062,0.29893985595703126,0.0
,1216,,,,,-72.601318359375,-6.1981201171875,-0.9094566650390625,0.24714847412109375,0.0
,1217,,,,,-72.5830078125,-11.7095947265625,-0.9117354858398438,0.20996226196289064,0.0
,1218,,,,,-72.5006103515625,-16.204833984375,-0.9304839660644532,0.10265051879882812,0.0
,1219,,,,,-72.4365234375,-21.002197265625,-0.9103889099121094,0.06629296875,0.0
,1220,,,,,-71.795654296875,-26.3031005859375,-0.9086280029296875,-0.0128442626953125,0.0
,1221,,,,,-70.6878662109375,-30.5877685546875,-0.9075921752929688,-0.048062402343750005,0.0
,1222,,,,,-69.3603515625,-34.3963623046875,-0.9202292724609376,-0.14232271728515625,0.0
,1223,,,,,-67.7032470703125,-37.79296875,-0.9249940795898438,-0.18375582275390626,0.0
,1224,,,,,-66.7236328125,-38.5162353515625,-0.9056241027832032,-0.29355355224609375,0.0
,1225,,,,,-64.05029296875,-41.7205810546875,-0.8882221984863281,-0.33788697509765625,0.0
,1226,,,,,-61.6058349609375,-44.091796875,-0.8629480041503906,-0.4178528686523438,0.0
,1227,,,,,-59.088134765625,-45.4833984375,-0.8506216552734375,-0.4388801696777344,0.0
,1228,,,,,-55.059814453125,-48.8067626953125,-0.8448210205078125,-0.5035158142089844,0.0
,1229,,,,,-50.2899169921875,-51.837158203125,-0.8173715881347656,-0.5076591247558594,0.0
,1230,,,,,-45.2545166015625,-55.40771484375,-0.839434716796875,-0.5929077392578125,0.0
,1231,,,,,-40.576171875,-58.5205078125,-0.8010055114746094,-0.6048197570800782,0.0
,1232,,,,,-32.0709228515625,-61.9171142578125,-0.7858824279785156,-0.6650013427734375,0.0
,1233,,,,,-30.230712890625,-65.3778076171875,-0.7522180297851563,-0.6825068298339844,0.0
,1234,,,,,-25.4425048828125,-68.44482421875,-0.6958690063476562,-0.7238363525390625,0.0
,1235,,,,,-21.478271484375,-70.751953125,-0.6166281921386719,-0.7402024291992187,0.0
,1236,,,,,-17.4774169921875,-72.381591796875,-0.5745735900878907,-0.7960335388183594,0.0
,1237,,,,,-13.29345703125,-73.7274169921875,-0.48673540649414065,-0.7969657836914062,0.0
,1238,,,,,-8.349609375,-74.9725341796875,-0.4415733215332031,-0.8456496826171875,0.0
,1239,,,,,-3.4698486328125,-75.531005859375,-0.36471491088867186,-0.8525897277832032,0.0
,1240,,,,,0.4486083984375,-75.4302978515625,-0.33291500244140626,-0.9047954406738281,0.0
,1241,,,,,3.9642333984375,-74.6978759765625,-0.2481843017578125,-0.9007557128906251,0.0
,1242,,,,,8.6334228515625,-73.6083984375,-0.18510239868164063,-0.9125641479492188,0.0
,1243,,,,,11.224365234375,-72.7935791015625,-0.08048380737304688,-0.9006521301269531,0.0
,1244,,,,,13.201904296875,-71.44775390625,-0.029831835937500002,-0.90987099609375,0.0
,1245,,,,,17.706298828125,-69.744873046875,0.017091156005859375,-0.9221973449707032,0.0
,1246,,,,,23.0804443359375,-66.851806640625,0.045990747070312504,-0.9304839660644532,0.0
,1247,,,,,29.1961669921875,-64.1876220703125,0.09591763916015625,-0.9277908142089843,0.0
,1248,,,,,34.5428466796875,-61.6424560546875,0.11777360229492188,-0.9217830139160157,0.0
,1249,,,,,39.825439453125,-59.0423583984375,0.18696688842773437,-0.9037596130371094,0.0
,1250,,,,,45.904541015625,-55.8197021484375,0.21887037963867187,-0.8871863708496094,0.0
,1251,,,,,50.958251953125,-53.13720703125,0.25947482299804686,-0.8710274597167968,0.0
,1252,,,,,54.803466796875,-51.141357421875,0.3043261596679688,-0.8334269165039063,0.0
,1253,,,,,58.3282470703125,-48.4405517578125,0.3600536865234375,-0.8035950805664063,0.0
,1254,,,,,61.5692138671875,-45.66650390625,0.40801250610351564,-0.7612297302246094,0.0
,1255,,,,,64.7186279296875,-42.1234130859375,0.49502202758789066,-0.7149282348632813,0.0
,1256,,,,,67.41943359375,-38.34228515625,0.5530283752441406,-0.6605472839355468,0.0
,1257,,,,,69.17724609375,-35.504150390625,0.6109311401367188,-0.6147637023925782,0.0
,1258,,,,,69.4793701171875,-34.0118408203125,0.6744273742675782,-0.5738485107421876,0.0
,1259,,,,,70.42236328125,-29.8004150390625,0.7455887329101563,-0.5069340454101563,0.0
,1260,,,,,71.136474609375,-26.0101318359375,0.7981051940917969,-0.46570810546875,0.0
,1261,,,,,70.458984375,-23.931884765625,0.8166465087890625,-0.44727037353515625,0.0
,1262,,,,,71.2921142578125,-18.841552734375,0.8654339904785157,-0.4140203063964844,0.0
,1263,,,,,71.9696044921875,-13.1744384765625,0.8736170288085938,-0.39465032958984375,0.0
,1264,,,,,72.8485107421875,-6.4544677734375,0.8988912231445313,-0.35860352783203125,0.0
,1265,,,,,74.5880126953125,2.032470703125,0.9109068237304688,-0.3096088806152344,0.0
,1266,,,,,73.7457275390625,5.2825927734375,0.9171217895507813,-0.2683829406738281,0.0
,1267,,,,,73.9654541015625,10.5560302734375,0.90655634765625,-0.19204244384765626,0.0
,1268,,,,,73.6358642578125,15.838623046875,0.9252012451171875,-0.13072144775390626,0.0
,1269,,,,,73.49853515625,21.0296630859375,0.9116319030761719,-0.06018158569335938,0.0
,1270,,,,,73.3428955078125,24.8565673828125,0.9381490905761719,0.00973677978515625,0.0
,1271,,,,,72.2625732421875,29.0130615234375,0.9126677307128906,0.08897759399414062,0.0
,1272,,,,,70.660400390625,32.6385498046875,0.9219901794433594,0.1500914245605469,0.0
,1273,,,,,68.0877685546875,37.3992919921875,0.9296553039550781,0.24082992553710938,0.0
,1274,,,,,65.4876708984375,40.83251953125,0.9342129455566407,0.29572879028320315,0.0
,1275,,,,,64.3157958984375,40.814208984375,0.9147393859863282,0.37092987670898436,0.0
,1276,,,,,61.2945556640625,42.7825927734375,0.9393920837402344,0.43939808349609377,0.0
,1277,,,,,57.5592041015625,45.9686279296875,0.9281015625,0.5036193969726562,0.0
,1278,,,,,54.473876953125,47.735595703125,0.8943335815429688,0.5330369018554688,0.0
,1279,,,,,50.408935546875,51.2237548828125,0.8783818359375001,0.5834817077636719,0.0
,1280,,,,,45.538330078125,54.6295166015625,0.8618085937500001,0.6033695983886719,0.0
,1281,,,,,39.80712890625,58.7677001953125,0.842024285888672,0.6358945861816406,0.0
,1282,,,,,34.0484619140625,62.7227783203125,0.776456396484375,0.6213929992675782,0.0
,1283,,,,,30.047607421875,65.771484375,0.7523216125488281,0.6536072387695313,0.0
,1284,,,,,25.6805419921875,68.701171875,0.6851999816894532,0.6762918640136719,0.0
,1285,,,,,20.7366943359375,71.3653564453125,0.6168353576660156,0.6921400268554688,0.0
,1286,,,,,15.5548095703125,73.6175537109375,0.5352121398925781,0.7028090515136719,0.0
,1287,,,,,11.627197265625,74.67041015625,0.5048623901367187,0.7646479614257813,0.0
,1288,,,,,7.049560546875,75.1556396484375,0.4468560424804688,0.7982087768554688,0.0
,1289,,,,,1.904296875,75.4302978515625,0.4296613037109375,0.8645017456054688,0.0
,1290,,,,,-2.8656005859375,75.5859375,0.3485559997558594,0.8913296813964844,0.0
,1291,,,,,-6.390380859375,74.945068359375,0.26537904052734373,0.9042775268554688,0.0
,1292,,,,,-8.6700439453125,74.01123046875,0.1856203125,0.91981494140625,0.0
,1293,,,,,-12.2222900390625,72.6837158203125,0.12398856811523438,0.9401171630859375,0.0
,1294,,,,,-15.4998779296875,71.2646484375,0.06681088256835938,0.9541008361816407,0.0
,1295,,,,,-18.12744140625,69.287109375,0.010461859130859376,0.9402207458496094,0.0
,1296,,,,,-23.7945556640625,66.4947509765625,-0.0484767333984375,0.9361810180664063,0.0
,1297,,,,,-29.5623779296875,64.3341064453125,-0.06411773071289063,0.9331771179199219,0.0
,1298,,,,,-34.918212890625,62.4481201171875,-0.11072997436523438,0.9145322204589844,0.0
,1299,,,,,-40.5303955078125,59.710693359375,-0.1553741455078125,0.8717525390625,0.0
,1300,,,,,-46.2158203125,56.9732666015625,-0.23016090087890625,0.8333233337402344,0.0
,1301,,,,,-51.3702392578125,54.473876953125,-0.27988062744140624,0.8075312255859375,0.0
,1302,,,,,-55.11474609375,52.4322509765625,-0.3244212158203125,0.7914758972167969,0.0
,1303,,,,,-58.92333984375,49.5758056640625,-0.39071418457031254,0.724354266357422,0.0
,1304,,,,,-61.9537353515625,47.0306396484375,-0.4530710083007813,0.6879967163085938,0.0
,1305,,,,,-65.1031494140625,43.377685546875,-0.5178102355957032,0.6681088256835938,0.0
,1306,,,,,-67.5018310546875,39.9810791015625,-0.5899038391113282,0.6186998474121094,0.0
,1307,,,,,-68.5546875,38.2965087890625,-0.6436632934570312,0.5777846557617188,0.0
,1308,,,,,-69.7265625,34.8175048828125,-0.6888253784179688,0.5463990783691406,0.0
,1309,,,,,-70.34912109375,31.6131591796875,-0.763197802734375,0.4871497375488281,0.0
,1310,,,,,-70.5047607421875,28.857421875,-0.8174751708984376,0.4468560424804688,0.0
,1311,,,,,-71.22802734375,24.737548828125,-0.8441995239257812,0.4345296936035156,0.0
,1312,,,,,-71.484375,20.233154296875,-0.8588046936035156,0.41267373046875,0.0
,1313,,,,,-72.161865234375,14.5843505859375,-0.8856326293945312,0.37289794921875,0.0
,1314,,,,,-72.6470947265625,7.80029296875,-0.9175361206054687,0.31944924316406254,0.0
,1315,,,,,-75.640869140625,-2.490234375,-0.9370096801757812,0.2922069763183594,0.0
,1316,,,,,-73.4527587890625,-3.5797119140625,-0.9528578430175781,0.21193033447265625,0.0
,1317,,,,,-73.773193359375,-8.8165283203125,-0.9357666870117188,0.18800271606445312,0.0
,1318,,,,,-73.4710693359375,-14.703369140625,-0.9199185241699219,0.11621986083984376,0.0
,1319,,,,,-72.8118896484375,-19.6563720703125,-0.9282051452636719,0.0733365966796875,0.0
,1320,,,,,-71.923828125,-23.4466552734375,-0.9273764831542969,-0.01719473876953125,0.0
,1321,,,,,-70.49560546875,-27.72216796875,-0.922300927734375,-0.054898864746093755,0.0
,1322,,,,,-68.206787109375,-32.4188232421875,-0.9473679565429688,-0.14833051757812502,0.0
,1323,,,,,-65.9820556640625,-35.888671875,-0.9385634216308594,-0.17163663940429688,0.0
,1324,,,,,-64.654541015625,-37.811279296875,-0.9381490905761719,-0.28650992431640626,0.0
,1325,,,,,-62.2100830078125,-40.8599853515625,-0.9028273681640625,-0.3340544128417969,0.0
,1326,,,,,-60.003662109375,-43.505859375,-0.8720632873535157,-0.38967835693359376,0.0
,1327,,,,,-56.982421875,-45.8221435546875,-0.8318731750488282,-0.4078053405761719,0.0
,1328,,,,,-53.4576416015625,-48.2666015625,-0.844406689453125,-0.4915002136230469,0.0
,1329,,,,,-49.91455078125,-50.482177734375,-0.8404705444335938,-0.5061053833007813,0.0
,1330,,,,,-44.677734375,-54.8126220703125,-0.836120068359375,-0.57840615234375,0.0
,1331,,,,,-39.2303466796875,-58.59375,-0.7883684143066406,-0.5741592590332032,0.0
,1332,,,,,-31.3201904296875,-61.798095703125,-0.7657873718261718,-0.6152816162109375,0.0
,1333,,,,,-28.9306640625,-65.1397705078125,-0.7368877807617188,-0.6410737243652344,0.0
,1334,,,,,-23.3001708984375,-67.9962158203125,-0.7110956726074219,-0.6870644714355469,0.0
,1335,,,,,-18.20068359375,-70.3857421875,-0.6210822509765626,-0.6955582580566406,0.0
,1336,,,,,-14.0350341796875,-71.8963623046875,-0.5938399841308594,-0.7612297302246094,0.0
,1337,,,,,-9.5947265625,-73.1414794921875,-0.5143920043945313,-0.7852609313964845,0.0
,1338,,,,,-4.72412109375,-74.1943359375,-0.4705764953613281,-0.8280406127929688,0.0
,1339,,,,,-0.0457763671875,-74.89013671875,-0.38843536376953125,-0.83529140625,0.0
,1340,,,,,3.2958984375,-75.1007080078125,-0.3384048889160156,-0.8681271423339844,0.0
,1341,,,,,5.8868408203125,-74.7344970703125,-0.23886185302734375,-0.8629480041503906,0.0
,1342,,,,,10.198974609375,-73.53515625,-0.17712652587890626,-0.8785890014648438,0.0
,1343,,,,,13.07373046875,-72.32666015625,-0.09260299072265625,-0.8741349426269531,0.0
,1344,,,,,14.3280029296875,-70.330810546875,-0.024859863281250002,-0.8901902709960938,0.0
,1345,,,,,18.45703125,-68.5821533203125,0.03697904663085937,-0.9090423339843751,0.0
,1346,,,,,23.785400390625,-66.4215087890625,0.052827209472656254,-0.9216794311523437,0.0
,1347,,,,,29.5074462890625,-64.1326904296875,0.10741532592773438,-0.9185719482421876,0.0
,1348,,,,,34.60693359375,-61.9537353515625,0.10378992919921876,-0.9121498168945312,0.0
,1349,,,,,39.9993896484375,-59.58251953125,0.17567636718750002,-0.8814893188476562,0.0
,1350,,,,,45.9686279296875,-56.5521240234375,0.20240072021484376,-0.8508288208007813,0.0
,1351,,,,,50.5645751953125,-53.8787841796875,0.2650682922363281,-0.8401597961425782,0.0
,1352,,,,,54.0069580078125,-52.18505859375,0.30308316650390627,-0.7912687316894531,0.0
,1353,,,,,57.147216796875,-50.244140625,0.360468017578125,-0.7498356262207031,0.0
,1354,,,,,60.8642578125,-46.8475341796875,0.4314222106933594,-0.7009445617675781,0.0
,1355,,,,,63.665771484375,-43.9361572265625,0.5043444763183594,-0.6610651977539063,0.0
,1356,,,,,65.5242919921875,-40.997314453125,0.5702231140136719,-0.5995370361328125,0.0
,1357,,,,,66.7327880859375,-38.1683349609375,0.6440776245117188,-0.5619364929199219,0.0
,1358,,,,,66.5771484375,-37.1337890625,0.6822996643066407,-0.5438095092773437,0.0
,1359,,,,,67.767333984375,-32.8216552734375,0.7479711364746094,-0.49585068969726565,0.0
,1360,,,,,68.7286376953125,-29.00390625,0.8084634704589844,-0.4459237976074219,0.0
,1361,,,,,68.3074951171875,-26.47705078125,0.8214113159179688,-0.4190958618164063,0.0
,1362,,,,,68.9300537109375,-21.2127685546875,0.8549721313476563,-0.3840848876953125,0.0
,1363,,,,,69.6533203125,-14.5843505859375,0.8823179809570313,-0.36077876586914065,0.0
,1364,,,,,70.71533203125,-7.7545166015625,0.9011700439453125,-0.3404765441894531,0.0
,1365,,,,,73.8739013671875,2.3895263671875,0.8829394775390625,-0.3063978149414063,0.0
,1366,,,,,71.539306640625,3.1219482421875,0.9249940795898438,-0.2382403564453125,0.0
,1367,,,,,71.4385986328125,9.2559814453125,0.9125641479492188,-0.18603464355468752,0.0
,1368,,,,,71.37451171875,14.3829345703125,0.9199185241699219,-0.14056181030273437,0.0
,1369,,,,,71.099853515625,18.365478515625,0.9213686828613281,-0.06608580322265625,0.0
,1370,,,,,70.7061767578125,22.7142333984375,0.9445712219238281,-0.00103582763671875,0.0
,1371,,,,,69.2047119140625,27.593994140625,0.9214722656250001,0.06038875122070313,0.0
,1372,,,,,67.1905517578125,31.402587890625,0.9329699523925782,0.12792471313476564,0.0
,1373,,,,,65.350341796875,34.8358154296875,0.9373204284667969,0.20623328247070313,0.0
,1374,,,,,63.1072998046875,38.3331298828125,0.9382526733398437,0.2603034851074219,0.0
,1375,,,,,61.212158203125,40.740966796875,0.9073850097656251,0.32245314331054686,0.0
,1376,,,,,58.465576171875,44.219970703125,0.8948514953613281,0.38263472900390627,0.0
,1377,,,,,56.121826171875,46.54541015625,0.8964052368164063,0.45897522583007816,0.0
,1378,,,,,53.6865234375,47.71728515625,0.8782782531738281,0.5034122314453126,0.0
,1379,,,,,49.51171875,51.1688232421875,0.8682307250976563,0.5529247924804688,0.0
,1380,,,,,44.0185546875,55.0506591796875,0.8399526306152344,0.5615221618652344,0.0
,1381,,,,,38.653564453125,59.06982421875,0.8079455566406251,0.5938399841308594,0.0
,1382,,,,,33.0780029296875,62.3931884765625,0.7871254211425781,0.6170425231933594,0.0
,1383,,,,,28.4820556640625,65.460205078125,0.7674446960449219,0.6499818420410156,0.0
,1384,,,,,22.430419921875,68.5089111328125,0.6991836547851563,0.6429382141113281,0.0
,1385,,,,,17.6422119140625,71.0357666015625,0.6573362182617187,0.6738058776855469,0.0
,1386,,,,,13.623046875,72.8668212890625,0.5738485107421876,0.6586827941894532,0.0
,1387,,,,,9.4573974609375,74.4140625,0.5103522766113281,0.7015660583496094,0.0
,1388,,,,,4.6417236328125,75.5767822265625,0.41961377563476565,0.7386486877441406,0.0
,1389,,,,,0.5126953125,76.2451171875,0.3857422119140625,0.8098100463867188,0.0
,1390,,,,,-3.1402587890625,76.4923095703125,0.30525840454101566,0.842024285888672,0.0
,1391,,,,,-6.2530517578125,75.91552734375,0.2539849365234375,0.8784854187011719,0.0
,1392,,,,,-7.9376220703125,75.018310546875,0.15547772827148437,0.8851147155761719,0.0
,1393,,,,,-11.5264892578125,73.7548828125,0.12233124389648438,0.9162931274414062,0.0
,1394,,,,,-14.703369140625,72.198486328125,0.06183890991210938,0.9293445556640625,0.0
,1395,,,,,-17.3858642578125,70.220947265625,0.019059228515625002,0.9327627868652344,0.0
,1396,,,,,-23.199462890625,67.8680419921875,-0.055209613037109376,0.9175361206054687,0.0
,1397,,,,,-29.33349609375,65.2862548828125,-0.11000489501953126,0.9053133544921875,0.0
,1398,,,,,-34.8907470703125,63.17138671875,-0.15713505249023438,0.8946443298339845,0.0
,1399,,,,,-40.2191162109375,61.3494873046875,-0.19359618530273437,0.8631551696777344,0.0
,1400,,,,,-44.7052001953125,59.7564697265625,-0.24559473266601564,0.8390203857421875,0.0
,1401,,,,,-49.9603271484375,56.9183349609375,-0.2932428039550781,0.8125031982421875,0.0
,1402,,,,,-54.1534423828125,54.3365478515625,-0.3551852966308594,0.7846394348144532,0.0
,1403,,,,,-57.330322265625,51.947021484375,-0.446648876953125,0.7210396179199219,0.0
,1404,,,,,-59.8846435546875,49.365234375,-0.5147027526855469,0.7044663757324219,0.0
,1405,,,,,-62.7593994140625,45.6298828125,-0.5602791687011719,0.6889289611816406,0.0
,1406,,,,,-64.837646484375,41.9677734375,-0.6406593933105469,0.6435597106933594,0.0
,1407,,,,,-65.6158447265625,39.3035888671875,-0.7106813415527344,0.5928041564941406,0.0
,1408,,,,,-66.68701171875,35.7147216796875,-0.7654766235351562,0.5575860168457032,0.0
,1409,,,,,-66.8243408203125,33.6090087890625,-0.7970693664550782,0.5327261535644532,0.0
,1410,,,,,-67.67578125,29.2236328125,-0.8483428344726562,0.48746048583984375,0.0
,1411,,,,,-68.701171875,24.078369140625,-0.8616014282226563,0.4552462463378906,0.0
,1412,,,,,-68.5272216796875,20.61767578125,-0.8791069152832032,0.41826719970703125,0.0
,1413,,,,,-69.451904296875,15.1611328125,-0.8964052368164063,0.4096698303222656,0.0
,1414,,,,,-70.42236328125,8.5235595703125,-0.9235439208984375,0.35663545532226565,0.0
,1415,,,,,-74.212646484375,-2.89306640625,-0.9442604736328125,0.3004935974121094,0.0
,1416,,,,,-71.6400146484375,-3.2135009765625,-0.9512005187988282,0.23264688720703125,0.0
,1417,,,,,-72.1343994140625,-8.1573486328125,-0.9535829223632812,0.2001218994140625,0.0
,1418,,,,,-71.88720703125,-14.61181640625,-0.9412565734863282,0.12481723022460937,0.0
,1419,,,,,-71.15478515625,-19.9676513671875,-0.9492324462890626,0.0923958251953125,0.0
,1420,,,,,-70.3216552734375,-24.20654296875,-0.9648734436035157,0.0070436279296875,0.0
,1421,,,,,-68.792724609375,-28.692626953125,-0.9635268676757813,-0.021959545898437502,0.0
,1422,,,,,-66.83349609375,-33.6456298828125,-0.9650806091308594,-0.09467464599609375,0.0
,1423,,,,,-64.9932861328125,-38.1500244140625,-0.938874169921875,-0.128442626953125,0.0
,1424,,,,,-62.786865234375,-41.0797119140625,-0.9366989318847656,-0.19546067504882814,0.0
,1425,,,,,-60.3057861328125,-43.780517578125,-0.8994091369628906,-0.246112646484375,0.0
,1426,,,,,-58.2733154296875,-45.2178955078125,-0.8853218811035156,-0.3569462036132813,0.0
,1427,,,,,-55.1422119140625,-47.625732421875,-0.8840788879394531,-0.42489649658203127,0.0
,1428,,,,,-52.1026611328125,-49.8779296875,-0.8669877319335938,-0.479795361328125,0.0
,1429,,,,,-48.614501953125,-51.7364501953125,-0.8111566223144532,-0.4786559509277344,0.0
,1430,,,,,-43.3319091796875,-55.8929443359375,-0.8159214294433594,-0.5524068786621094,0.0
,1431,,,,,-38.031005859375,-59.454345703125,-0.8040094116210937,-0.5555143615722656,0.0
,1432,,,,,-32.4371337890625,-63.1622314453125,-0.769827099609375,-0.5967403015136719,0.0
,1433,,,,,-28.9764404296875,-66.595458984375,-0.6965940856933593,-0.587521435546875,0.0
,1434,,,,,-23.40087890625,-69.3145751953125,-0.6817817504882813,-0.6671765808105469,0.0
,1435,,,,,-18.2464599609375,-71.8780517578125,-0.6228431579589844,-0.6831283264160156,0.0
,1436,,,,,-14.4378662109375,-73.6907958984375,-0.5617293273925782,-0.7237327697753907,0.0
,1437,,,,,-10.29052734375,-75.3936767578125,-0.4892213928222656,-0.7344017944335938,0.0
,1438,,,,,-5.8319091796875,-76.3641357421875,-0.4533817565917969,-0.7948941284179688,0.0
,1439,,,,,-1.6937255859375,-77.0233154296875,-0.342237451171875,-0.8028700012207032,0.0
,1440,,,,,1.46484375,-77.2247314453125,-0.27200833740234376,-0.8534183898925781,0.0
,1441,,,,,2.7740478515625,-77.105712890625,-0.19328543701171877,-0.8696808837890625,0.0
,1442,,,,,5.8502197265625,-76.3275146484375,-0.13445042724609377,-0.8842860534667969,0.0
,1443,,,,,10.162353515625,-74.871826171875,-0.03490739135742187,-0.8654339904785157,0.0
,1444,,,,,12.6251220703125,-73.1048583984375,-0.0040397277832031255,-0.8681271423339844,0.0
,1445,,,,,16.8365478515625,-71.5301513671875,0.039050701904296874,-0.8669877319335938,0.0
,1446,,,,,21.8536376953125,-69.76318359375,0.042261767578125,-0.8910189331054688,0.0
,1447,,,,,28.3172607421875,-67.0623779296875,0.10296126708984375,-0.8935049194335938,0.0
,1448,,,,,34.5062255859375,-64.5172119140625,0.13134294433593752,-0.8866684570312501,0.0
,1449,,,,,39.3218994140625,-62.5030517578125,0.19380335083007813,-0.8810749877929688,0.0
,1450,,,,,44.073486328125,-60.0311279296875,0.24331591186523438,-0.8476177551269531,0.0
,1451,,,,,48.7152099609375,-57.257080078125,0.3167560913085938,-0.8200647399902344,0.0
,1452,,,,,52.8717041015625,-54.107666015625,0.35301005859375,-0.7985195251464844,0.0
,1453,,,,,55.70068359375,-51.6448974609375,0.3972398986816406,-0.7941690490722656,0.0
,1454,,,,,58.4930419921875,-48.7701416015625,0.4554534118652344,-0.7758348999023438,0.0
,1455,,,,,60.882568359375,-45.391845703125,0.5266147705078125,-0.7361627014160157,0.0
,1456,,,,,63.7664794921875,-41.2353515625,0.5934256530761719,-0.6755667846679688,0.0
,1457,,,,,65.8355712890625,-37.75634765625,0.6726664672851562,-0.6240861511230469,0.0
,1458,,,,,66.1376953125,-36.2274169921875,0.7108885070800781,-0.5902145874023438,0.0
,1459,,,,,67.34619140625,-32.99560546875,0.7651658752441407,-0.5389411193847656,0.0
,1460,,,,,68.6370849609375,-28.9581298828125,0.8243116333007813,-0.4861139099121094,0.0
,1461,,,,,68.4906005859375,-25.81787109375,0.8504144897460938,-0.4479954528808594,0.0
,1462,,,,,69.32373046875,-21.148681640625,0.9011700439453125,-0.40500860595703125,0.0
,1463,,,,,70.2667236328125,-15.252685546875,0.9037596130371094,-0.37942366333007815,0.0
,1464,,,,,71.2188720703125,-8.001708984375,0.9064527648925782,-0.37393377685546875,0.0
,1465,,,,,73.4893798828125,1.959228515625,0.9243725830078126,-0.3352974060058594,0.0
,1466,,,,,71.722412109375,3.826904296875,0.9428103149414063,-0.3000792663574219,0.0
,1467,,,,,71.7864990234375,9.613037109375,0.9255119934082031,-0.26258230590820314,0.0
,1468,,,,,71.2646484375,15.8203125,0.9551366638183594,-0.19411409912109376,0.0
,1469,,,,,70.6695556640625,21.56982421875,0.9323484558105469,-0.1263709716796875,0.0
,1470,,,,,70.1202392578125,25.74462890625,0.94964677734375,-0.05645260620117188,0.0
,1471,,,,,69.2047119140625,30.194091796875,0.9377347595214844,0.03242140502929688,0.0
,1472,,,,,67.474365234375,34.991455078125,0.9628017883300781,0.10140752563476563,0.0
,1473,,,,,65.1397705078125,39.3218994140625,0.9174325378417969,0.1438764587402344,0.0
,1474,,,,,63.079833984375,42.2698974609375,0.9062455993652344,0.19680725097656251,0.0
,1475,,,,,61.99951171875,43.5791015625,0.8959909057617188,0.295832373046875,0.0
,1476,,,,,59.4451904296875,46.0235595703125,0.8903974365234375,0.3583963623046875,0.0
,1477,,,,,55.99365234375,48.9166259765625,0.8675056457519531,0.4223069274902344,0.0
,1478,,,,,53.4576416015625,50.5462646484375,0.8447174377441407,0.46570810546875,0.0
,1479,,,,,50.0152587890625,53.90625,0.8173715881347656,0.5199854736328126,0.0
,1480,,,,,45.263671875,56.7626953125,0.8072204772949219,0.5567573547363281,0.0
,1481,,,,,29.6173095703125,60.552978515625,0.7833964416503907,0.5884536804199219,0.0
,1482,,,,,34.38720703125,64.6636962890625,0.7498356262207031,0.6137278747558594,0.0
,1483,,,,,29.8919677734375,67.8680419921875,0.7111992553710937,0.6390020690917969,0.0
,1484,,,,,25.3143310546875,70.7427978515625,0.6343408447265625,0.6501890075683594,0.0
,1485,,,,,20.4986572265625,72.9949951171875,0.5815136352539063,0.6698697326660157,0.0
,1486,,,,,15.765380859375,75.018310546875,0.523714453125,0.6830247436523438,0.0
,1487,,,,,12.2955322265625,76.4556884765625,0.49212171020507817,0.7552219299316406,0.0
,1488,,,,,8.3404541015625,77.4993896484375,0.4096698303222656,0.7855716796875001,0.0
,1489,,,,,3.680419921875,78.1494140625,0.35870711059570315,0.8273155334472656,0.0
,1490,,,,,0.1190185546875,77.984619140625,0.2788447998046875,0.8496894104003907,0.0
,1491,,,,,-2.9205322265625,77.60009765625,0.2349257080078125,0.8895687744140626,0.0
,1492,,,,,-4.6417236328125,76.8035888671875,0.15796371459960937,0.9146358032226563,0.0
,1493,,,,,-8.1939697265625,75.1190185546875,0.09767854614257813,0.9321412902832031,0.0
,1494,,,,,-12.56103515625,73.406982421875,0.04982330932617188,0.9524435119628907,0.0
,1495,,,,,-15.4632568359375,71.19140625,0.017712652587890624,0.9607301330566407,0.0
,1496,,,,,-20.7733154296875,68.9208984375,-0.07457958984375,0.9435353942871094,0.0
,1497,,,,,-26.953125,66.119384765625,-0.10969414672851563,0.9290338073730469,0.0
,1498,,,,,-32.6751708984375,63.3087158203125,-0.1480197692871094,0.9281015625,0.0
,1499,,,,,-37.46337890625,60.8367919921875,-0.19059228515625,0.9081100891113282,0.0
,1500,,,,,-42.0135498046875,58.740234375,-0.26465396118164064,0.8838717224121094,0.0
,1501,,,,,-46.9940185546875,55.5816650390625,-0.30888380126953124,0.8443031066894532,0.0
,1502,,,,,-51.0772705078125,52.880859375,-0.36191817626953127,0.8167500915527344,0.0
,1503,,,,,-54.3182373046875,50.4547119140625,-0.4271753173828125,0.7588473266601563,0.0
,1504,,,,,-57.1929931640625,47.79052734375,-0.4944005310058594,0.7132709106445313,0.0
,1505,,,,,-60.6536865234375,43.98193359375,-0.5606934997558594,0.6729772155761718,0.0
,1506,,,,,-63.372802734375,40.17333984375,-0.6084451538085938,0.6567147216796875,0.0
,1507,,,,,-65.1763916015625,36.639404296875,-0.6627225219726562,0.6278151306152344,0.0
,1508,,,,,-66.39404296875,33.1695556640625,-0.7062272827148438,0.5892823425292969,0.0
,1509,,,,,-66.5771484375,31.2286376953125,-0.7650622924804688,0.5302401672363282,0.0
,1510,,,,,-67.474365234375,27.4200439453125,-0.8141605224609375,0.4815562683105469,0.0
,1511,,,,,-68.115234375,23.3367919921875,-0.8515539001464844,0.4529674255371094,0.0
,1512,,,,,-67.840576171875,19.7845458984375,-0.8819036499023438,0.41246656494140627,0.0
,1513,,,,,-68.426513671875,13.43994140625,-0.8988912231445313,0.3928894226074219,0.0
,1514,,,,,-69.049072265625,6.77490234375,-0.9312090454101563,0.34834883422851565,0.0
,1515,,,,,-72.0245361328125,-3.076171875,-0.9360774353027344,0.3261821228027344,0.0
,1516,,,,,-69.891357421875,-4.8614501953125,-0.9486109497070313,0.2641360473632813,0.0
,1517,,,,,-70.1568603515625,-11.5447998046875,-0.9619731262207032,0.22104561767578126,0.0
,1518,,,,,-70.1568603515625,-17.266845703125,-0.9361810180664063,0.15112725219726564,0.0
,1519,,,,,-69.9920654296875,-21.661376953125,-0.9287230590820312,0.11300879516601563,0.0
,1520,,,,,-69.3511962890625,-26.4129638671875,-0.9427067321777344,0.0236168701171875,0.0
,1521,,,,,-67.8680419921875,-31.1737060546875,-0.9228188415527344,-0.00890811767578125,0.0
,1522,,,,,-66.229248046875,-35.55908203125,-0.9045882751464844,-0.08856326293945313,0.0
,1523,,,,,-64.74609375,-38.5894775390625,-0.8976482299804688,-0.13372534790039062,0.0
,1524,,,,,-63.7115478515625,-40.1275634765625,-0.89329775390625,-0.2357543701171875,0.0
,1525,,,,,-61.285400390625,-43.3319091796875,-0.8476177551269531,-0.28733858642578125,0.0
,1526,,,,,-59.0972900390625,-45.15380859375,-0.8301122680664063,-0.385327880859375,0.0
,1527,,,,,-56.597900390625,-46.2249755859375,-0.8306301818847657,-0.4202352722167969,0.0
,1528,,,,,-53.173828125,-49.3743896484375,-0.8167500915527344,-0.474823388671875,0.0
,1529,,,,,-49.072265625,-52.1484375,-0.77065576171875,-0.46073613281250003,0.0
,1530,,,,,-44.183349609375,-55.7647705078125,-0.7744883239746094,-0.5345906433105468,0.0
,1531,,,,,-39.55078125,-59.0057373046875,-0.7689984375000001,-0.5649403930664063,0.0
,1532,,,,,-32.574462890625,-62.9608154296875,-0.7492141296386718,-0.6135207092285156,0.0
,1533,,,,,-29.901123046875,-67.0989990234375,-0.6879967163085938,-0.6162138610839843,0.0
,1534,,,,,-25.360107421875,-70.2117919921875,-0.6590971252441407,-0.6804351745605469,0.0
,1535,,,,,-21.405029296875,-72.36328125,-0.5641117309570313,-0.6647941772460938,0.0
,1536,,,,,-17.523193359375,-74.0570068359375,-0.5085913696289063,-0.7109920898437501,0.0
,1537,,,,,-12.6251220703125,-75.3021240234375,-0.4430234802246094,-0.7414454223632813,0.0
,1538,,,,,-8.331298828125,-76.116943359375,-0.40221187133789066,-0.7995553527832031,0.0
,1539,,,,,-4.559326171875,-76.3458251953125,-0.31758475341796877,-0.801316259765625,0.0
,1540,,,,,-0.823974609375,-75.7232666015625,-0.2763588134765625,-0.8572509521484375,0.0
,1541,,,,,1.318359375,-74.81689453125,-0.20623328247070313,-0.8659519042968751,0.0
,1542,,,,,4.8431396484375,-73.8006591796875,-0.12253840942382813,-0.880867822265625,0.0
,1543,,,,,7.562255859375,-72.4090576171875,-0.03179990844726563,-0.8934013366699219,0.0
,1544,,,,,9.70458984375,-70.367431640625,-0.0045576416015625,-0.9139107238769532,0.0
,1545,,,,,14.6759033203125,-68.6187744140625,0.058627844238281254,-0.9035524475097656,0.0
,1546,,,,,20.8831787109375,-66.485595703125,0.06308190307617188,-0.9269621520996094,0.0
,1547,,,,,27.0355224609375,-64.4989013671875,0.093638818359375,-0.9151537170410157,0.0
,1548,,,,,32.537841796875,-63.079833984375,0.11104072265625001,-0.9108032409667969,0.0
,1549,,,,,38.0035400390625,-61.2945556640625,0.16542167358398438,-0.8909153503417969,0.0
,1550,,,,,43.9178466796875,-58.26416015625,0.2117231689453125,-0.84026337890625,0.0
,1551,,,,,48.797607421875,-55.8746337890625,0.28619917602539063,-0.8127103637695313,0.0
,1552,,,,,52.5146484375,-53.375244140625,0.30940171508789066,-0.7911651489257813,0.0
,1553,,,,,55.70068359375,-50.50048828125,0.3582927795410156,-0.7662017028808594,0.0
,1554,,,,,59.2987060546875,-46.343994140625,0.4271753173828125,-0.7293262390136719,0.0
,1555,,,,,62.310791015625,-42.3431396484375,0.49222529296875,-0.6984585754394531,0.0
,1556,,,,,64.5172119140625,-39.07470703125,0.5447417541503906,-0.6682124084472656,0.0
,1557,,,,,66.2933349609375,-35.5682373046875,0.6277115478515625,-0.6192177612304688,0.0
,1558,,,,,67.4835205078125,-32.611083984375,0.677016943359375,-0.5943578979492188,0.0
,1559,,,,,68.6279296875,-28.8665771484375,0.7360591186523437,-0.5439130920410157,0.0
,1560,,,,,68.8934326171875,-26.0101318359375,0.8056667358398438,-0.47596279907226563,0.0
,1561,,,,,68.4539794921875,-23.62060546875,0.8201683227539063,-0.4475811218261719,0.0
,1562,,,,,69.2047119140625,-18.0999755859375,0.841920703125,-0.4321472900390625,0.0
,1563,,,,,69.854736328125,-11.773681640625,0.8693701354980469,-0.39268225708007815,0.0
,1564,,,,,70.5963134765625,-6.1981201171875,0.8993055541992188,-0.34907391357421874,0.0
,1565,,,,,72.7020263671875,2.38037109375,0.8920547607421875,-0.3127163635253906,0.0
,1566,,,,,71.466064453125,6.3629150390625,0.9175361206054687,-0.26175364379882815,0.0
,1567,,,,,71.66748046875,12.63427734375,0.904070361328125,-0.21317332763671876,0.0
,1568,,,,,71.7132568359375,17.2210693359375,0.9070742614746095,-0.1666646667480469,0.0
,1569,,,,,71.4752197265625,21.9268798828125,0.8799355773925781,-0.10959056396484375,0.0
,1570,,,,,70.953369140625,26.98974609375,0.881696484375,-0.05562394409179688,0.0
,1571,,,,,70.0469970703125,31.787109375,0.8790033325195312,0.04816598510742188,0.0
,1572,,,,,68.73779296875,35.064697265625,0.8735134460449219,0.11508045043945313,0.0
,1573,,,,,67.05322265625,38.48876953125,0.8670913146972656,0.21048017578125,0.0
,1574,,,,,65.0848388671875,41.455078125,0.8969231506347657,0.2827809448242188,0.0
,1575,,,,,63.519287109375,42.5445556640625,0.8672984802246094,0.35031690673828125,0.0
,1576,,,,,60.6170654296875,44.7235107421875,0.854350634765625,0.40428352661132816,0.0
,1577,,,,,57.7606201171875,46.9757080078125,0.8675056457519531,0.49170737915039064,0.0
,1578,,,,,55.1605224609375,48.15673828125,0.8739277770996094,0.5419450195312501,0.0
,1579,,,,,50.4364013671875,52.1759033203125,0.8241044677734375,0.55851826171875,0.0
,1580,,,,,45.15380859375,56.121826171875,0.7828785278320313,0.552717626953125,0.0
,1581,,,,,40.8416748046875,60.0494384765625,0.7608153991699219,0.590836083984375,0.0
,1582,,,,,34.1949462890625,63.739013671875,0.7347125427246094,0.6056484191894531,0.0
,1583,,,,,31.34765625,67.364501953125,0.6742202087402344,0.6390020690917969,0.0
,1584,,,,,26.531982421875,70.147705078125,0.6245004821777344,0.6529857421875,0.0
,1585,,,,,22.3846435546875,71.5576171875,0.5910432495117187,0.6808495056152344,0.0
,1586,,,,,18.0267333984375,72.9034423828125,0.5155314147949219,0.6980442443847656,0.0
,1587,,,,,13.1561279296875,74.029541015625,0.4807276062011719,0.7802889587402344,0.0
,1588,,,,,8.4136962890625,74.8992919921875,0.4117414855957031,0.8134354431152344,0.0
,1589,,,,,4.79736328125,75.1373291015625,0.38522429809570313,0.868437890625,0.0
,1590,,,,,0.567626953125,74.8077392578125,0.2981111938476563,0.8832502258300782,0.0
,1591,,,,,-3.863525390625,74.1668701171875,0.2423836669921875,0.915671630859375,0.0
,1592,,,,,-5.401611328125,73.5443115234375,0.143358544921875,0.9320377075195313,0.0
,1593,,,,,-8.3404541015625,72.39990234375,0.10575800170898438,0.9498539428710938,0.0
,1594,,,,,-12.2406005859375,71.1181640625,0.04371192626953125,0.9503718566894531,0.0
,1595,,,,,-15.911865234375,69.268798828125,0.004868389892578125,0.9547223327636719,0.0
,1596,,,,,-21.7071533203125,67.4468994140625,-0.05158421630859375,0.9435353942871094,0.0
,1597,,,,,-26.971435546875,65.386962890625,-0.08131246948242188,0.9353523559570313,0.0
,1598,,,,,-32.830810546875,62.9974365234375,-0.12170974731445312,0.9199185241699219,0.0
,1599,,,,,-39.3768310546875,59.9853515625,-0.15226666259765625,0.8911225158691407,0.0
,1600,,,,,-45.0164794921875,57.2113037109375,-0.21441632080078127,0.86015126953125,0.0
,1601,,,,,-49.676513671875,54.4464111328125,-0.2752194030761719,0.8143676879882813,0.0
,1602,,,,,-53.64990234375,51.7364501953125,-0.33415799560546877,0.7944797973632812,0.0
,1603,,,,,-57.3028564453125,48.74267578125,-0.37434810791015627,0.7783208862304688,0.0
,1604,,,,,-60.9649658203125,45.0347900390625,-0.41930302734375,0.7510786193847656,0.0
,1605,,,,,-64.0869140625,41.363525390625,-0.4800025268554688,0.7128565795898437,0.0
,1606,,,,,-66.1376953125,38.433837890625,-0.5612114135742188,0.6516391662597656,0.0
,1607,,,,,-68.0877685546875,34.954833984375,-0.6332014343261719,0.5961188049316406,0.0
,1608,,,,,-69.9371337890625,30.9906005859375,-0.6831283264160156,0.5553071960449218,0.0
,1609,,,,,-70.01953125,29.47998046875,-0.7273581665039063,0.5090057006835937,0.0
,1610,,,,,-70.1568603515625,26.7608642578125,-0.7828785278320313,0.4542104187011719,0.0
,1611,,,,,-70.93505859375,22.9888916015625,-0.8136426086425782,0.43297595214843754,0.0
,1612,,,,,-70.6878662109375,19.4000244140625,-0.8509324035644531,0.396929150390625,0.0
,1613,,,,,-71.4202880859375,12.615966796875,-0.8853218811035156,0.3633683349609375,0.0
,1614,,,,,-72.0245361328125,6.097412109375,-0.8976482299804688,0.3393371337890625,0.0
,1615,,,,,-74.761962890625,-3.6346435546875,-0.9043811096191406,0.32058865356445315,0.0
,1616,,,,,-73.1048583984375,-6.097412109375,-0.9487145324707031,0.23388988037109376,0.0
,1617,,,,,-73.443603515625,-12.2222900390625,-0.9458142150878907,0.18872779541015625,0.0
,1618,,,,,-73.2696533203125,-17.6422119140625,-0.9452963012695312,0.11694494018554688,0.0
,1619,,,,,-72.98583984375,-21.8170166015625,-0.940531494140625,0.07592616577148438,0.0
,1620,,,,,-72.564697265625,-25.872802734375,-0.9311054626464844,-0.001968072509765625,0.0
,1621,,,,,-71.484375,-30.303955078125,-0.9279979797363281,-0.0534487060546875,0.0
,1622,,,,,-69.98291015625,-34.918212890625,-0.9214722656250001,-0.14097614135742187,0.0
,1623,,,,,-68.463134765625,-38.067626953125,-0.9157752136230469,-0.17629786376953124,0.0
,1624,,,,,-67.547607421875,-39.312744140625,-0.9211615173339844,-0.3002864318847656,0.0
,1625,,,,,-65.057373046875,-41.656494140625,-0.8682307250976563,-0.3292896057128906,0.0
,1626,,,,,-62.127685546875,-44.5770263671875,-0.8660554870605469,-0.4156776306152344,0.0
,1627,,,,,-59.3719482421875,-46.4630126953125,-0.84689267578125,-0.44426647338867187,0.0
,1628,,,,,-55.7281494140625,-49.2919921875,-0.846167596435547,-0.5131490112304687,0.0
,1629,,,,,-51.26953125,-51.837158203125,-0.8334269165039063,-0.5236108703613281,0.0
,1630,,,,,-45.6298828125,-55.755615234375,-0.8341519958496094,-0.5856569458007813,0.0
,1631,,,,,-40.39306640625,-59.5916748046875,-0.8009019287109376,-0.5959116394042969,0.0
,1632,,,,,-32.4371337890625,-62.9241943359375,-0.7988302734375,-0.6600293701171875,0.0
,1633,,,,,-31.2652587890625,-66.0186767578125,-0.7502499572753907,-0.6813674194335938,0.0
,1634,,,,,-26.2298583984375,-69.158935546875,-0.6983549926757813,-0.7286011596679688,0.0
,1635,,,,,-21.35009765625,-71.7864990234375,-0.6318548583984375,-0.7550147644042969,0.0
,1636,,,,,-17.230224609375,-73.004150390625,-0.5743664245605469,-0.8001768493652344,0.0
,1637,,,,,-12.9730224609375,-74.1485595703125,-0.48746048583984375,-0.7903364868164062,0.0
,1638,,,,,-9.0911865234375,-75.18310546875,-0.45068860473632816,-0.8475141723632813,0.0
,1639,,,,,-3.8543701171875,-75.91552734375,-0.37403735961914064,-0.8655375732421875,0.0
,1640,,,,,0.787353515625,-75.9429931640625,-0.32638928833007813,-0.909974578857422,0.0
,1641,,,,,3.9459228515625,-75.3936767578125,-0.24745922241210938,-0.9111139892578125,0.0
,1642,,,,,7.8369140625,-74.7161865234375,-0.18468806762695314,-0.9147393859863282,0.0
,1643,,,,,11.02294921875,-73.663330078125,-0.09115283203125,-0.9207471862792969,0.0
,1644,,,,,14.09912109375,-71.8048095703125,-0.03242140502929688,-0.9218865966796875,0.0
,1645,,,,,18.255615234375,-70.2850341796875,0.0178162353515625,-0.9249940795898438,0.0
,1646,,,,,22.7325439453125,-68.206787109375,0.0426760986328125,-0.9409458251953126,0.0
,1647,,,,,29.0496826171875,-65.3778076171875,0.09208507690429688,-0.94301748046875,0.0
,1648,,,,,35.1837158203125,-62.40234375,0.09643555297851562,-0.9553438293457032,0.0
,1649,,,,,40.4754638671875,-59.43603515625,0.16759691162109375,-0.9221973449707032,0.0
,1650,,,,,45.8953857421875,-56.634521484375,0.20488670654296876,-0.8981661437988282,0.0
,1651,,,,,51.068115234375,-53.6407470703125,0.26869368896484375,-0.8635695007324219,0.0
,1652,,,,,55.499267578125,-50.7476806640625,0.30173659057617186,-0.8342555786132813,0.0
,1653,,,,,58.8226318359375,-48.614501953125,0.34731300659179687,-0.8217220642089844,0.0
,1654,,,,,62.310791015625,-45.9136962890625,0.37693767700195313,-0.7758348999023438,0.0
,1655,,,,,64.7918701171875,-43.194580078125,0.4682976745605469,-0.7220754455566406,0.0
,1656,,,,,67.7947998046875,-38.9007568359375,0.5309652465820313,-0.6792957641601562,0.0
,1657,,,,,69.9188232421875,-35.15625,0.5934256530761719,-0.6630332702636719,0.0
,1658,,,,,70.184326171875,-33.9935302734375,0.6826104125976563,-0.6001585327148438,0.0
,1659,,,,,70.9716796875,-30.963134765625,0.7604010681152344,-0.5442238403320313,0.0
,1660,,,,,71.905517578125,-26.9622802734375,0.7926153076171876,-0.497197265625,0.0
,1661,,,,,71.5667724609375,-23.8494873046875,0.8255546264648438,-0.45431400146484374,0.0
,1662,,,,,71.74072265625,-19.2535400390625,0.8637766662597657,-0.4275896484375,0.0
,1663,,,,,71.96044921875,-13.5040283203125,0.8913296813964844,-0.3806666564941406,0.0
,1664,,,,,72.5921630859375,-7.1319580078125,0.928930224609375,-0.34410194091796875,0.0
,1665,,,,,75.274658203125,3.2958984375,0.9210579345703125,-0.3000792663574219,0.0
,1666,,,,,73.663330078125,6.0791015625,0.9171217895507813,-0.28112362060546875,0.0
,1667,,,,,73.809814453125,11.279296875,0.9169146240234375,-0.2142091552734375,0.0
,1668,,,,,73.53515625,15.9027099609375,0.9244761657714844,-0.16335001831054688,0.0
,1669,,,,,72.857666015625,21.20361328125,0.9294481384277344,-0.08877042846679688,0.0
,1670,,,,,72.3358154296875,25.7720947265625,0.9585548950195313,-0.017712652587890624,0.0
,1671,,,,,71.3287353515625,29.3243408203125,0.9250976623535156,0.05645260620117188,0.0
,1672,,,,,69.47021484375,32.4462890625,0.9525470947265625,0.13268952026367187,0.0
,1673,,,,,67.108154296875,35.943603515625,0.9546187500000001,0.2337862976074219,0.0
,1674,,,,,64.2425537109375,39.5782470703125,0.9634232849121094,0.31116262207031253,0.0
,1675,,,,,62.51220703125,40.3289794921875,0.9442604736328125,0.37507318725585936,0.0
,1676,,,,,59.9395751953125,42.022705078125,0.9301732177734375,0.4396052490234375,0.0
,1677,,,,,56.9549560546875,44.622802734375,0.9317269592285157,0.5188460632324219,0.0
,1678,,,,,53.6590576171875,46.76513671875,0.9346272766113282,0.55520361328125,0.0
,1679,,,,,48.8983154296875,50.335693359375,0.8953694091796875,0.5879357666015625,0.0
,1680,,,,,44.1925048828125,52.899169921875,0.8620157592773438,0.5830673767089843,0.0
,1681,,,,,39.66064453125,56.9183349609375,0.8198575744628906,0.6083415710449219,0.0
,1682,,,,,31.732177734375,61.48681640625,0.7856752624511719,0.6167317749023438,0.0
,1683,,,,,29.351806640625,65.2679443359375,0.7374056945800781,0.6471851074218751,0.0
,1684,,,,,25.01220703125,68.243408203125,0.6798136779785157,0.6758775329589845,0.0
,1685,,,,,19.8028564453125,70.6878662109375,0.6378626586914062,0.7040520446777344,0.0
,1686,,,,,15.087890625,72.381591796875,0.5653547241210938,0.7173106384277343,0.0
,1687,,,,,11.5264892578125,73.2147216796875,0.5111809387207031,0.7563613403320313,0.0
,1688,,,,,7.305908203125,73.9471435546875,0.417645703125,0.779771044921875,0.0
,1689,,,,,2.08740234375,74.395751953125,0.3807702392578125,0.8372594787597657,0.0
,1690,,,,,-2.67333984375,74.2218017578125,0.2859920104980469,0.8476177551269531,0.0
,1691,,,,,-6.134033203125,73.5260009765625,0.24735563964843751,0.8919511779785156,0.0
,1692,,,,,-7.635498046875,72.5921630859375,0.17992326049804688,0.9138071411132813,0.0
,1693,,,,,-11.5081787109375,71.1181640625,0.11839509887695313,0.9236475036621095,0.0
,1694,,,,,-15.5914306640625,69.6807861328125,0.06183890991210938,0.9328663696289062,0.0
,1695,,,,,-17.742919921875,68.1060791015625,0.030971246337890626,0.9362846008300781,0.0
,1696,,,,,-22.74169921875,66.1376953125,-0.049098229980468755,0.9069706787109375,0.0
,1697,,,,,-28.96728515625,63.3636474609375,-0.07240435180664062,0.9016879577636719,0.0
,1698,,,,,-34.9639892578125,61.1114501953125,-0.12191691284179688,0.8908117675781251,0.0
,1699,,,,,-40.24658203125,58.9599609375,-0.18541314697265626,0.8548685485839844,0.0
,1700,,,,,-45.0439453125,56.817626953125,-0.22622475585937502,0.8370523132324219,0.0
,1701,,,,,-50.3265380859375,53.9703369140625,-0.2664148681640625,0.8115709533691406,0.0
,1702,,,,,-54.547119140625,51.1688232421875,-0.3129235290527344,0.7932368041992188,0.0
,1703,,,,,-57.8155517578125,48.6602783203125,-0.365439990234375,0.7563613403320313,0.0
,1704,,,,,-60.68115234375,46.490478515625,-0.4601146362304688,0.6923471923828125,0.0
,1705,,,,,-63.9404296875,43.02978515625,-0.5342798950195312,0.6379662414550782,0.0
,1706,,,,,-66.4031982421875,39.80712890625,-0.5928041564941406,0.6016086914062501,0.0
,1707,,,,,-67.49267578125,37.884521484375,-0.635583837890625,0.5786133178710937,0.0
,1708,,,,,-68.6920166015625,34.38720703125,-0.711924334716797,0.5308616638183594,0.0
,1709,,,,,-68.9849853515625,32.1807861328125,-0.7563613403320313,0.4932611206054688,0.0
,1710,,,,,-69.451904296875,28.289794921875,-0.7952048767089844,0.46477586059570314,0.0
,1711,,,,,-70.2392578125,23.3184814453125,-0.8464783447265626,0.4264502380371094,0.0
,1712,,,,,-70.2301025390625,19.8028564453125,-0.894126416015625,0.3799415771484375,0.0
,1713,,,,,-71.0906982421875,14.3280029296875,-0.9149465515136719,0.3386120544433594,0.0
,1714,,,,,-71.6949462890625,7.36083984375,-0.9144286376953126,0.298318359375,0.0
,1715,,,,,-74.2034912109375,-2.0050048828125,-0.9121498168945312,0.2821594482421875,0.0
,1716,,,,,-72.3175048828125,-3.3782958984375,-0.9211615173339844,0.22943582153320313,0.0
,1717,,,,,-72.4639892578125,-8.31298828125,-0.940531494140625,0.184791650390625,0.0
,1718,,,,,-72.2259521484375,-13.751220703125,-0.9341093627929687,0.11010847778320312,0.0
,1719,,,,,-71.8505859375,-18.85986328125,-0.9436389770507813,0.05779918212890625,0.0
,1720,,,,,-71.0174560546875,-22.943115234375,-0.9437425598144532,-0.012740679931640625,0.0
,1721,,,,,-69.61669921875,-27.099609375,-0.9453998840332032,-0.06411773071289063,0.0
,1722,,,,,-67.5018310546875,-31.7596435546875,-0.9524435119628907,-0.14574094848632813,0.0
,1723,,,,,-65.386962890625,-35.7147216796875,-0.9225080932617188,-0.15765296630859377,0.0
,1724,,,,,-63.90380859375,-37.5823974609375,-0.93307353515625,-0.24414457397460937,0.0
,1725,,,,,-61.4959716796875,-40.374755859375,-0.8876007019042969,-0.289203076171875,0.0
,1726,,,,,-59.307861328125,-42.8466796875,-0.8871863708496094,-0.38750311889648437,0.0
,1727,,,,,-56.1492919921875,-45.391845703125,-0.860979931640625,-0.411845068359375,0.0
,1728,,,,,-52.5970458984375,-48.065185546875,-0.8414027893066407,-0.48052044067382815,0.0
,1729,,,,,-48.980712890625,-49.7772216796875,-0.8229650573730469,-0.5014441589355468,0.0
,1730,,,,,-43.8812255859375,-54.2083740234375,-0.8048380737304688,-0.5549964477539062,0.0
,1731,,,,,-38.6810302734375,-58.3282470703125,-0.7874361694335937,-0.5568609375,0.0
,1732,,,,,-31.45751953125,-61.358642578125,-0.7565685058593751,-0.6056484191894531,0.0
,1733,,,,,-29.2510986328125,-64.8284912109375,-0.7068487792968751,-0.6141422058105469,0.0
,1734,,,,,-23.876953125,-68.15185546875,-0.6675909118652344,-0.6684195739746094,0.0
,1735,,,,,-18.64013671875,-70.5230712890625,-0.612381298828125,-0.6650013427734375,0.0
,1736,,,,,-14.739990234375,-72.2259521484375,-0.5719840209960938,-0.7161712280273438,0.0
,1737,,,,,-10.382080078125,-73.846435546875,-0.5110773559570313,-0.7625763061523437,0.0
,1738,,,,,-5.291748046875,-74.835205078125,-0.46933350219726566,-0.8165429260253907,0.0
,1739,,,,,-0.54931640625,-75.3570556640625,-0.3910249328613281,-0.8117781188964844,0.0
,1740,,,,,2.8839111328125,-75.25634765625,-0.34410194091796875,-0.8563187072753906,0.0
,1741,,,,,5.7861328125,-74.9725341796875,-0.265171875,-0.8752743530273438,0.0
,1742,,,,,10.125732421875,-74.1119384765625,-0.1919388610839844,-0.8728919494628906,0.0
,1743,,,,,12.8997802734375,-73.1964111328125,-0.08514503173828125,-0.8623265075683594,0.0
,1744,,,,,14.35546875,-71.66748046875,-0.04826956787109375,-0.8714417907714844,0.0
,1745,,,,,18.804931640625,-69.8822021484375,0.010047528076171876,-0.8892580261230469,0.0
,1746,,,,,23.748779296875,-67.6666259765625,0.05572752685546875,-0.8937120849609376,0.0
,1747,,,,,29.6173095703125,-65.1214599609375,0.10327201538085938,-0.8984768920898438,0.0
,1748,,,,,35.3118896484375,-62.9425048828125,0.11984525756835938,-0.8863577087402345,0.0
,1749,,,,,40.6768798828125,-60.516357421875,0.17671219482421877,-0.8657447387695313,0.0
,1750,,,,,45.8404541015625,-58.0169677734375,0.2089264343261719,-0.8447174377441407,0.0
,1751,,,,,50.5462646484375,-55.40771484375,0.2727334167480469,-0.8142641052246093,0.0
,1752,,,,,55.023193359375,-52.386474609375,0.29666103515625003,-0.7996589355468751,0.0
,1753,,,,,58.0078125,-50.628662109375,0.35166348266601566,-0.7780101379394532,0.0
,1754,,,,,60.9375,-48.1842041015625,0.40842683715820316,-0.7268402526855469,0.0
,1755,,,,,64.013671875,-44.3389892578125,0.5077627075195312,-0.6813674194335938,0.0
,1756,,,,,66.6229248046875,-40.7135009765625,0.5671156311035156,-0.6381734069824219,0.0
,1757,,,,,68.2159423828125,-37.75634765625,0.6371375793457031,-0.5976725463867187,0.0
,1758,,,,,68.2891845703125,-36.80419921875,0.6994944030761719,-0.5548928649902344,0.0
,1759,,,,,68.8568115234375,-33.3526611328125,0.7514929504394532,-0.5125275146484375,0.0
,1760,,,,,69.43359375,-29.40673828125,0.7959299560546875,-0.4551426635742188,0.0
,1761,,,,,68.84765625,-26.898193359375,0.8360164855957032,-0.41505613403320313,0.0
,1762,,,,,69.5892333984375,-21.38671875,0.8803499084472657,-0.3817024841308594,0.0
,1763,,,,,69.9737548828125,-15.4815673828125,0.8840788879394531,-0.37300153198242186,0.0
,1764,,,,,70.6878662109375,-8.5693359375,0.9214722656250001,-0.343894775390625,0.0
,1765,,,,,71.4752197265625,-2.142333984375,0.9211615173339844,-0.31634176025390626,0.0
,1766,,,,,72.1160888671875,3.3599853515625,0.9300696350097657,-0.265171875,0.0
,1767,,,,,72.3541259765625,8.9447021484375,0.9364917663574219,-0.2017792236328125,0.0
,1768,,,,,72.1527099609375,14.3096923828125,0.940531494140625,-0.1425298828125,0.0
,1769,,,,,71.6766357421875,19.22607421875,0.9199185241699219,-0.06411773071289063,0.0
,1770,,,,,71.1456298828125,23.052978515625,0.9204364379882812,-0.005697052001953125,0.0
,1771,,,,,70.1751708984375,27.4017333984375,0.9184683654785156,0.07903364868164063,0.0
,1772,,,,,68.3807373046875,32.391357421875,0.9447783874511719,0.13362176513671875,0.0
,1773,,,,,66.17431640625,36.932373046875,0.9062455993652344,0.2034365478515625,0.0
,1774,,,,,64.1143798828125,39.80712890625,0.9115283203125,0.2661041198730469,0.0
,1775,,,,,62.530517578125,40.6585693359375,0.9090423339843751,0.338094140625,0.0
,1776,,,,,59.2987060546875,44.20166015625,0.9162931274414062,0.4007617126464844,0.0
,1777,,,,,56.3140869140625,47.222900390625,0.9068670959472657,0.4684012573242188,0.0
,1778,,,,,53.8055419921875,47.86376953125,0.9047954406738281,0.5129418457031251,0.0
,1779,,,,,49.5391845703125,51.26953125,0.8650196594238282,0.5478492370605469,0.0
,1780,,,,,44.805908203125,54.6478271484375,0.829490771484375,0.561004248046875,0.0
,1781,,,,,20.745849609375,58.9141845703125,0.8036986633300781,0.5967403015136719,0.0
,1782,,,,,28.399658203125,62.841796875,0.7620583923339844,0.6063734985351563,0.0
,1783,,,,,28.5552978515625,66.2384033203125,0.7524251953125001,0.6402450622558594,0.0
,1784,,,,,23.5931396484375,69.4976806640625,0.6970084167480469,0.6419023864746094,0.0
,1785,,,,,18.4478759765625,72.3541259765625,0.6638619323730469,0.6898612060546875,0.0
,1786,,,,,13.4307861328125,74.359130859375,0.5841032043457032,0.6795029296875,0.0
,1787,,,,,9.6771240234375,75.4486083984375,0.5251646118164063,0.74248125,0.0
,1788,,,,,5.3741455078125,76.28173828125,0.4552462463378906,0.7881612487792969,0.0
,1789,,,,,0.494384765625,76.556396484375,0.41122357177734375,0.8395382995605469,0.0
,1790,,,,,-3.973388671875,76.885986328125,0.3228674743652344,0.859322607421875,0.0
,1791,,,,,-6.99462890625,76.6845703125,0.2557458435058594,0.8842860534667969,0.0
,1792,,,,,-7.9925537109375,75.8880615234375,0.17391546020507814,0.8937120849609376,0.0
,1793,,,,,-11.480712890625,74.725341796875,0.10845115356445313,0.9125641479492188,0.0
,1794,,,,,-15.34423828125,72.9583740234375,0.04826956787109375,0.9383562561035157,0.0
,1795,,,,,-17.8253173828125,70.7061767578125,-0.0087009521484375,0.9358702697753907,0.0
,1796,,,,,-22.8973388671875,68.646240234375,-0.08307337646484375,0.9278943969726563,0.0
,1797,,,,,-29.132080078125,66.082763671875,-0.11798076782226563,0.9059348510742188,0.0
,1798,,,,,-35.0006103515625,63.848876953125,-0.15775654907226563,0.8847003845214844,0.0
,1799,,,,,-40.0634765625,61.6973876953125,-0.18499881591796877,0.850310906982422,0.0
,1800,,,,,-44.9066162109375,59.72900390625,-0.2540885192871094,0.8179930847167969,0.0
,1801,,,,,-50.09765625,57.0098876953125,-0.28733858642578125,0.8007983459472656,0.0
,1802,,,,,-54.4464111328125,54.840087890625,-0.35031690673828125,0.7811176208496095,0.0
,1803,,,,,-57.7423095703125,52.3773193359375,-0.41837078247070314,0.7332623840332031,0.0
,1804,,,,,-60.4339599609375,49.346923828125,-0.47938103027343754,0.7103705932617188,0.0
,1805,,,,,-62.713623046875,46.2982177734375,-0.5538570373535157,0.6730807983398438,0.0
,1806,,,,,-65.203857421875,42.059326171875,-0.6385877380371094,0.6421095520019532,0.0
,1807,,,,,-66.4947509765625,39.6148681640625,-0.6972155822753906,0.5857605285644532,0.0
,1808,,,,,-67.437744140625,36.6668701171875,-0.7475568054199219,0.5432915954589844,0.0
,1809,,,,,-67.9229736328125,33.984375,-0.8014198425292969,0.5010298278808594,0.0
,1810,,,,,-68.4906005859375,29.8828125,-0.8438887756347656,0.47762012329101566,0.0
,1811,,,,,-69.2596435546875,24.774169921875,-0.8938156677246094,0.4468560424804688,0.0
,1812,,,,,-68.9208984375,21.0662841796875,-0.9059348510742188,0.41547046508789065,0.0
,1813,,,,,-69.9005126953125,15.3167724609375,-0.9331771179199219,0.3817024841308594,0.0
,1814,,,,,-70.806884765625,9.356689453125,-0.9544115844726563,0.3294967712402344,0.0
,1815,,,,,-75.457763671875,-4.06494140625,-0.9615587951660156,0.3078479736328125,0.0
,1816,,,,,-72.418212890625,-4.06494140625,-0.9585548950195313,0.24631981201171876,0.0
,1817,,,,,-72.6654052734375,-9.3841552734375,-0.9756460510253907,0.19918965454101564,0.0
,1818,,,,,-72.5555419921875,-14.703369140625,-0.9689131713867187,0.12751038208007812,0.0
,1819,,,,,-72.1160888671875,-19.793701171875,-0.9510969360351563,0.10161469116210937,0.0
,1820,,,,,-70.9991455078125,-24.4903564453125,-0.94964677734375,0.012533514404296875,0.0
,1821,,,,,-69.7357177734375,-28.5919189453125,-0.9650806091308594,-0.0476480712890625,0.0
,1822,,,,,-68.0511474609375,-33.0963134765625,-0.9856935791015625,-0.13766149291992189,0.0
,1823,,,,,-65.6890869140625,-37.8387451171875,-0.9593835571289063,-0.15413115234375,0.0
,1824,,,,,-63.1622314453125,-41.876220703125,-0.9285158935546876,-0.1985681579589844,0.0
,1825,,,,,-60.3973388671875,-44.2840576171875,-0.8975446472167969,-0.2445589050292969,0.0
,1826,,,,,-59.088134765625,-45.2362060546875,-0.9187791137695313,-0.37020479736328127,0.0
,1827,,,,,-55.95703125,-48.2025146484375,-0.8763101806640625,-0.4015903747558594,0.0
,1828,,,,,-52.2216796875,-50.9857177734375,-0.8552828796386719,-0.46083971557617187,0.0
,1829,,,,,-48.9715576171875,-52.3223876953125,-0.8422314514160156,-0.502997900390625,0.0
,1830,,,,,-44.110107421875,-55.682373046875,-0.8307337646484375,-0.5658726379394532,0.0
,1831,,,,,-38.525390625,-59.6832275390625,-0.814574853515625,-0.5752986694335938,0.0
,1832,,,,,-33.0413818359375,-63.4918212890625,-0.7852609313964845,-0.6210822509765626,0.0
,1833,,,,,-28.216552734375,-66.24755859375,-0.7192787109375001,-0.6067878295898438,0.0
,1834,,,,,-23.675537109375,-68.9849853515625,-0.6812638366699219,-0.6503961730957032,0.0
,1835,,,,,-18.4112548828125,-71.685791015625,-0.6230503234863282,-0.6810566711425782,0.0
,1836,,,,,-14.02587890625,-73.8189697265625,-0.5885572631835938,-0.7496284606933594,0.0
,1837,,,,,-10.29052734375,-74.871826171875,-0.4933647033691406,-0.7645443786621094,0.0
,1838,,,,,-6.463623046875,-75.6134033203125,-0.44954919433593754,-0.8054595703125,0.0
,1839,,,,,-1.6021728515625,-76.20849609375,-0.360468017578125,-0.8128139465332032,0.0
,1840,,,,,2.471923828125,-75.787353515625,-0.3043261596679688,-0.8547649658203125,0.0
,1841,,,,,3.057861328125,-75.7598876953125,-0.23596153564453126,-0.8878078674316406,0.0
,1842,,,,,5.74951171875,-75.18310546875,-0.13134294433593752,-0.8737206115722657,0.0
,1843,,,,,9.832763671875,-73.8189697265625,-0.037082629394531254,-0.8658483215332031,0.0
,1844,,,,,12.3870849609375,-72.2076416015625,-0.0244455322265625,-0.9145322204589844,0.0
,1845,,,,,16.66259765625,-70.404052734375,0.046301495361328125,-0.9025166198730469,0.0
,1846,,,,,21.807861328125,-68.2891845703125,0.05334512329101563,-0.9234403381347657,0.0
,1847,,,,,28.033447265625,-65.7440185546875,0.09539972534179687,-0.9258227416992187,0.0
,1848,,,,,33.94775390625,-62.98828125,0.130099951171875,-0.9114247375488281,0.0
,1849,,,,,38.6260986328125,-61.2945556640625,0.19079945068359375,-0.8964052368164063,0.0
,1850,,,,,43.2037353515625,-59.3170166015625,0.22208144531250001,-0.8683343078613281,0.0
,1851,,,,,47.186279296875,-56.8267822265625,0.30971246337890623,-0.8298015197753906,0.0
,1852,,,,,51.8096923828125,-53.466796875,0.3434804443359375,-0.8203754882812501,0.0
,1853,,,,,55.3985595703125,-50.848388671875,0.38760670166015626,-0.8031807495117188,0.0
,1854,,,,,58.0902099609375,-47.991943359375,0.46881558837890625,-0.7523216125488281,0.0
,1855,,,,,60.3240966796875,-44.8699951171875,0.5425665161132812,-0.7162748107910156,0.0
,1856,,,,,62.7227783203125,-40.997314453125,0.6060627502441407,-0.6714234741210938,0.0
,1857,,,,,64.70947265625,-37.2894287109375,0.6768097778320312,-0.63806982421875,0.0
,1858,,,,,65.0299072265625,-36.14501953125,0.71430673828125,-0.5963259704589844,0.0
,1859,,,,,66.1376953125,-33.0413818359375,0.7571900024414063,-0.55520361328125,0.0
,1860,,,,,67.0989990234375,-29.718017578125,0.8135390258789063,-0.5072447937011719,0.0
,1861,,,,,67.1722412109375,-25.7354736328125,0.8430601135253907,-0.4663296020507813,0.0
,1862,,,,,68.2891845703125,-19.8944091796875,0.8797284118652344,-0.4388801696777344,0.0
,1863,,,,,68.6370849609375,-14.5843505859375,0.8919511779785156,-0.3986900573730469,0.0
,1864,,,,,69.32373046875,-8.5693359375,0.9077993408203126,-0.3589142761230469,0.0
,1865,,,,,73.095703125,3.4332275390625,0.8880150329589844,-0.3355045715332031,0.0
,1866,,,,,70.8984375,4.7149658203125,0.9217830139160157,-0.28619917602539063,0.0
,1867,,,,,70.9442138671875,10.235595703125,0.9214722656250001,-0.2208384521484375,0.0
,1868,,,,,70.8526611328125,15.4541015625,0.922404510498047,-0.1857238952636719,0.0
,1869,,,,,70.367431640625,21.1212158203125,0.9144286376953126,-0.11549478149414062,0.0
,1870,,,,,69.580078125,26.055908203125,0.9316233764648438,-0.051791381835937504,0.0
,1871,,,,,68.426513671875,30.157470703125,0.9287230590820312,0.03179990844726563,0.0
,1872,,,,,66.6961669921875,33.782958984375,0.9386670043945313,0.09612480468750001,0.0
,1873,,,,,64.178466796875,38.4246826171875,0.9211615173339844,0.17785160522460938,0.0
,1874,,,,,61.6424560546875,42.1783447265625,0.9149465515136719,0.21980262451171875,0.0
,1875,,,,,60.845947265625,42.7642822265625,0.9044846923828125,0.3014258422851563,0.0
,1876,,,,,58.3740234375,44.93408203125,0.9041739440917969,0.39682556762695315,0.0
,1877,,,,,55.1971435546875,47.772216796875,0.8720632873535157,0.45856089477539064,0.0
,1878,,,,,52.6885986328125,49.420166015625,0.8610835144042969,0.49181096191406254,0.0
,1879,,,,,48.9898681640625,52.569580078125,0.8231722229003906,0.51211318359375,0.0
,1880,,,,,44.4580078125,55.7098388671875,0.79054365234375,0.5388375366210938,0.0
,1881,,,,,29.241943359375,59.8480224609375,0.7956192077636719,0.5893859252929687,0.0
,1882,,,,,33.8836669921875,63.7939453125,0.759883154296875,0.6004692810058594,0.0
,1883,,,,,29.8736572265625,66.998291015625,0.7155497314453125,0.6381734069824219,0.0
,1884,,,,,25.1861572265625,69.6807861328125,0.62481123046875,0.6278151306152344,0.0
,1885,,,,,19.976806640625,72.125244140625,0.5910432495117187,0.6681088256835938,0.0
,1886,,,,,15.3533935546875,74.029541015625,0.5301365844726562,0.6734951293945313,0.0
,1887,,,,,12.0574951171875,75.1739501953125,0.49201812744140627,0.7464173950195313,0.0
,1888,,,,,8.1207275390625,76.1810302734375,0.4098769958496094,0.7851573486328125,0.0
,1889,,,,,3.7078857421875,76.7486572265625,0.36202175903320316,0.8374666442871094,0.0
,1890,,,,,0.8056640625,76.995849609375,0.2727334167480469,0.8457532653808594,0.0
,1891,,,,,-2.0233154296875,76.556396484375,0.21938829345703126,0.87340986328125,0.0
,1892,,,,,-3.9642333984375,76.1810302734375,0.1330002685546875,0.8969231506347657,0.0
,1893,,,,,-7.8094482421875,74.67041015625,0.0799658935546875,0.9168110412597656,0.0
,1894,,,,,-12.4237060546875,72.857666015625,0.025688525390625,0.9440533081054687,0.0
,1895,,,,,-15.2801513671875,71.0906982421875,0.00165732421875,0.9665307678222657,0.0
,1896,,,,,-20.5169677734375,68.8201904296875,-0.05500244750976563,0.9478858703613282,0.0
,1897,,,,,-26.751708984375,65.6341552734375,-0.095296142578125,0.9368025146484376,0.0
,1898,,,,,-32.5836181640625,62.9425048828125,-0.15848162841796876,0.9089387512207031,0.0
,1899,,,,,-37.4908447265625,60.5712890625,-0.1976359130859375,0.8965088195800781,0.0
,1900,,,,,-41.876220703125,58.6669921875,-0.24839146728515626,0.8777603393554688,0.0
,1901,,,,,-46.8475341796875,55.8837890625,-0.30484407348632814,0.813021112060547,0.0
,1902,,,,,-51.2054443359375,53.28369140625,-0.3641969970703125,0.789714990234375,0.0
,1903,,,,,-54.4647216796875,50.921630859375,-0.42489649658203127,0.7593652404785156,0.0
,1904,,,,,-57.659912109375,48.2940673828125,-0.4872533203125,0.7233184387207031,0.0
,1905,,,,,-60.46142578125,45.4833984375,-0.5285828430175782,0.6755667846679688,0.0
,1906,,,,,-63.2080078125,41.363525390625,-0.5972582153320313,0.6291617065429688,0.0
,1907,,,,,-65.789794921875,36.9140625,-0.6435597106933594,0.5939435668945313,0.0
,1908,,,,,-67.144775390625,33.36181640625,-0.7070559448242187,0.5536498718261719,0.0
,1909,,,,,-67.218017578125,31.8603515625,-0.7696199340820312,0.5192603942871094,0.0
,1910,,,,,-68.3441162109375,27.7130126953125,-0.8053559875488282,0.47834520263671876,0.0
,1911,,,,,-69.25048828125,23.2269287109375,-0.8552828796386719,0.43908733520507814,0.0
,1912,,,,,-68.6279296875,20.196533203125,-0.8741349426269531,0.40718384399414065,0.0
,1913,,,,,-69.3145751953125,14.6026611328125,-0.9043811096191406,0.3736230285644531,0.0
,1914,,,,,-69.9005126953125,7.8643798828125,-0.9248904968261719,0.3312576782226563,0.0
,1915,,,,,-73.333740234375,-3.47900390625,-0.9273764831542969,0.32152089843750004,0.0
,1916,,,,,-71.099853515625,-5.2642822265625,-0.9361810180664063,0.26040706787109374,0.0
,1917,,,,,-70.953369140625,-10.6842041015625,-0.9497503601074219,0.21804171752929688,0.0
,1918,,,,,-70.4864501953125,-17.0379638671875,-0.9304839660644532,0.16335001831054688,0.0
,1919,,,,,-70.2301025390625,-22.4945068359375,-0.9157752136230469,0.13227518920898437,0.0
,1920,,,,,-69.891357421875,-26.788330078125,-0.9288266418457032,0.024756280517578125,0.0
,1921,,,,,-69.0032958984375,-30.8990478515625,-0.9006521301269531,-0.0070436279296875,0.0
,1922,,,,,-67.3095703125,-35.44921875,-0.8822143981933595,-0.08980625610351563,0.0
,1923,,,,,-65.3778076171875,-39.1937255859375,-0.8694737182617188,-0.12160616455078126,0.0
,1924,,,,,-64.3157958984375,-40.924072265625,-0.8565258728027344,-0.1919388610839844,0.0
,1925,,,,,-62.091064453125,-43.560791015625,-0.8259689575195313,-0.247769970703125,0.0
,1926,,,,,-59.747314453125,-45.8587646484375,-0.8455460998535157,-0.3593286071777344,0.0
,1927,,,,,-56.8359375,-48.0926513671875,-0.8299051025390626,-0.39786139526367187,0.0
,1928,,,,,-53.6865234375,-50.7110595703125,-0.8196504089355469,-0.46052896728515624,0.0
,1929,,,,,-50.0335693359375,-52.734375,-0.8039058288574219,-0.48248851318359376,0.0
,1930,,,,,-44.5953369140625,-56.4056396484375,-0.8016270080566407,-0.5653547241210938,0.0
,1931,,,,,-39.4866943359375,-60.552978515625,-0.7588473266601563,-0.5673227966308594,0.0
,1932,,,,,-33.4442138671875,-64.1510009765625,-0.7262187561035156,-0.6070985778808594,0.0
,1933,,,,,-30.8441162109375,-67.27294921875,-0.6616866943359375,-0.6197356750488281,0.0
,1934,,,,,-25.9368896484375,-70.2667236328125,-0.6469779418945313,-0.6837498229980469,0.0
,1935,,,,,-21.5606689453125,-72.8851318359375,-0.5744700073242188,-0.7012553100585938,0.0
,1936,,,,,-18.1732177734375,-74.560546875,-0.507969873046875,-0.7287047424316406,0.0
,1937,,,,,-13.9892578125,-75.76904296875,-0.4351511901855469,-0.7480747192382813,0.0
,1938,,,,,-9.0179443359375,-76.849365234375,-0.42044243774414064,-0.8101207946777343,0.0
,1939,,,,,-4.0924072265625,-77.1240234375,-0.3426517822265625,-0.8446138549804688,0.0
,1940,,,,,-0.5859375,-76.5838623046875,-0.2780161376953125,-0.8812821533203126,0.0
,1941,,,,,0.933837890625,-75.933837890625,-0.1918352783203125,-0.8835609741210938,0.0
,1942,,,,,5.16357421875,-74.52392578125,-0.16024253540039063,-0.9202292724609376,0.0
,1943,,,,,8.9996337890625,-73.0499267578125,-0.07406167602539063,-0.9100781616210938,0.0
,1944,,,,,10.546875,-71.5484619140625,-0.006318548583984375,-0.9201256896972656,0.0
,1945,,,,,15.2618408203125,-69.8455810546875,0.05365587158203125,-0.9219901794433594,0.0
,1946,,,,,20.32470703125,-67.913818359375,0.04070802612304688,-0.9587620605468751,0.0
,1947,,,,,26.9073486328125,-65.625,0.10679382934570313,-0.9380455078125001,0.0
,1948,,,,,33.1695556640625,-63.2720947265625,0.1371435791015625,-0.9270657348632813,0.0
,1949,,,,,38.470458984375,-61.083984375,0.17008289794921874,-0.9064527648925782,0.0
,1950,,,,,43.7896728515625,-58.6944580078125,0.20540462036132814,-0.8724776184082031,0.0
,1951,,,,,48.8067626953125,-56.231689453125,0.2771874755859375,-0.8322875061035157,0.0
,1952,,,,,53.35693359375,-53.6224365234375,0.3239033020019531,-0.8084634704589844,0.0
,1953,,,,,56.524658203125,-50.9033203125,0.37486602172851563,-0.7895078247070313,0.0
,1954,,,,,59.6466064453125,-47.5799560546875,0.4321472900390625,-0.7457958984375,0.0
,1955,,,,,62.5946044921875,-43.46923828125,0.49626502075195317,-0.7188643798828125,0.0
,1956,,,,,65.478515625,-39.385986328125,0.5657690551757812,-0.6711127258300782,0.0
,1957,,,,,67.254638671875,-36.163330078125,0.6481173522949218,-0.6250183959960938,0.0
,1958,,,,,68.00537109375,-33.892822265625,0.6865465576171875,-0.5821351318359376,0.0
,1959,,,,,69.3695068359375,-29.388427734375,0.7236291870117187,-0.5551000305175782,0.0
,1960,,,,,69.76318359375,-25.6439208984375,0.7830856933593751,-0.5102486938476563,0.0
,1961,,,,,68.865966796875,-23.565673828125,0.8216184814453126,-0.463222119140625,0.0
,1962,,,,,69.6807861328125,-18.6676025390625,0.8675056457519531,-0.4106020751953125,0.0
,1963,,,,,70.440673828125,-12.396240234375,0.8691629699707032,-0.3890568603515625,0.0
,1964,,,,,71.2371826171875,-5.712890625,0.8861505432128907,-0.36865105590820313,0.0
,1965,,,,,73.223876953125,2.34375,0.8854254638671876,-0.33053259887695313,0.0
,1966,,,,,72.36328125,5.6671142578125,0.8966124023437501,-0.2950037109375,0.0
,1967,,,,,72.4456787109375,12.3504638671875,0.8992019714355469,-0.21597006225585938,0.0
,1968,,,,,72.65625,17.8802490234375,0.8990983886718751,-0.15972462158203127,0.0
,1969,,,,,72.271728515625,22.210693359375,0.8861505432128907,-0.09312090454101563,0.0
,1970,,,,,71.759033203125,26.4312744140625,0.9001342163085938,-0.0327321533203125,0.0
,1971,,,,,70.623779296875,31.3385009765625,0.8856326293945312,0.053034375,0.0
,1972,,,,,68.994140625,35.4766845703125,0.9225080932617188,0.1413904724121094,0.0
,1973,,,,,67.3553466796875,39.0106201171875,0.8809714050292969,0.19525350952148438,0.0
,1974,,,,,65.240478515625,41.8853759765625,0.8887401123046875,0.2703510131835938,0.0
,1975,,,,,64.288330078125,42.279052734375,0.8801427429199219,0.35363155517578126,0.0
,1976,,,,,61.431884765625,45.0714111328125,0.8778639221191407,0.42334275512695313,0.0
,1977,,,,,58.3099365234375,47.75390625,0.8749636047363282,0.49626502075195317,0.0
,1978,,,,,55.7464599609375,48.834228515625,0.8606691833496094,0.5157385803222656,0.0
,1979,,,,,51.4892578125,52.642822265625,0.817164422607422,0.5486778991699219,0.0
,1980,,,,,46.307373046875,56.9000244140625,0.7767671447753907,0.5425665161132812,0.0
,1981,,,,,41.05224609375,60.97412109375,0.7384415222167969,0.5706374450683593,0.0
,1982,,,,,34.4146728515625,64.2974853515625,0.7238363525390625,0.6004692810058594,0.0
,1983,,,,,31.9427490234375,67.4285888671875,0.6959725891113282,0.6537108215332031,0.0
,1984,,,,,26.55029296875,70.1019287109375,0.6282294616699219,0.6594078735351563,0.0
,1985,,,,,21.93603515625,72.2625732421875,0.59829404296875,0.6881002990722657,0.0
,1986,,,,,18.072509765625,73.8189697265625,0.5170851562500001,0.7305692321777344,0.0
,1987,,,,,14.1448974609375,74.67041015625,0.47565205078125,0.7969657836914062,0.0
,1988,,,,,8.82568359375,75.3662109375,0.40821967163085937,0.8330125854492187,0.0
,1989,,,,,4.3304443359375,75.714111328125,0.39475391235351565,0.8921583435058594,0.0
,1990,,,,,0.4302978515625,75.29296875,0.30556915283203123,0.9058312683105469,0.0
,1991,,,,,-3.3599853515625,74.96337890625,0.2466305603027344,0.9183647827148438,0.0
,1992,,,,,-5.2001953125,74.6246337890625,0.1644894287109375,0.9221973449707032,0.0
,1993,,,,,-9.0179443359375,73.388671875,0.10637949829101563,0.9331771179199219,0.0
,1994,,,,,-12.451171875,72.3541259765625,0.054898864746093755,0.9465392944335937,0.0
,1995,,,,,-15.1153564453125,70.6512451171875,0.006111383056640625,0.943846142578125,0.0
,1996,,,,,-21.3775634765625,68.023681640625,-0.057177685546875,0.9416709045410157,0.0
,1997,,,,,-27.6031494140625,65.1947021484375,-0.07457958984375,0.9450891357421876,0.0
,1998,,,,,-33.0322265625,62.7227783203125,-0.12150258178710938,0.9276872314453125,0.0
,1999,,,,,-38.7908935546875,60.1593017578125,-0.16894348754882813,0.8909153503417969,0.0
,2000,,,,,-44.56787109375,57.09228515625,-0.21431273803710937,0.8863577087402345,0.0
,2001,,,,,-49.639892578125,53.86962890625,-0.2599927368164063,0.8533148071289063,0.0
,2002,,,,,-53.3294677734375,51.287841796875,-0.33488307495117187,0.8199611572265625,0.0
,2003,,,,,-56.9915771484375,48.3489990234375,-0.3860529602050781,0.7770778930664063,0.0
,2004,,,,,-60.46142578125,44.512939453125,-0.43991599731445313,0.7655802062988282,0.0
,2005,,,,,-63.4552001953125,40.72265625,-0.49243245849609374,0.7205217041015626,0.0
,2006,,,,,-65.2679443359375,37.82958984375,-0.5606934997558594,0.6892397094726562,0.0
,2007,,,,,-67.1722412109375,34.4879150390625,-0.6454242004394531,0.6097917297363281,0.0
,2008,,,,,-68.4539794921875,31.0546875,-0.7041556274414063,0.563490234375,0.0
,2009,,,,,-68.7835693359375,28.96728515625,-0.7332623840332031,0.5367658813476562,0.0
,2010,,,,,-69.32373046875,25.7720947265625,-0.7704485961914063,0.4877712341308594,0.0
,2011,,,,,-69.68994140625,21.881103515625,-0.8127103637695313,0.454935498046875,0.0
,2012,,,,,-69.0765380859375,18.2098388671875,-0.8532112243652344,0.41505613403320313,0.0
,2013,,,,,-69.9462890625,11.846923828125,-0.8807642395019532,0.38429205322265625,0.0
,2014,,,,,-70.770263671875,5.52978515625,-0.9118390686035156,0.32266030883789065,0.0
,2015,,,,,-73.1414794921875,-3.0487060546875,-0.9254084106445313,0.29645386962890624,0.0
,2016,,,,,-71.337890625,-5.31005859375,-0.9230260070800782,0.2487022155761719,0.0
,2017,,,,,-71.539306640625,-11.42578125,-0.915671630859375,0.22529251098632813,0.0
,2018,,,,,-71.81396484375,-17.0562744140625,-0.9201256896972656,0.16107119750976562,0.0
,2019,,,,,-71.74072265625,-21.09375,-0.9247869140625,0.10492933959960937,0.0
,2020,,,,,-71.6766357421875,-25.3326416015625,-0.9212651000976563,0.003418231201171875,0.0
,2021,,,,,-70.8160400390625,-30.047607421875,-0.8950586608886719,-0.04246893310546875,0.0
,2022,,,,,-69.3145751953125,-34.515380859375,-0.9064527648925782,-0.12740679931640625,0.0
,2023,,,,,-67.7764892578125,-37.4267578125,-0.8886365295410157,-0.14770902099609376,0.0
,2024,,,,,-66.90673828125,-38.763427734375,-0.8822143981933595,-0.2582318298339844,0.0
,2025,,,,,-64.453125,-41.4825439453125,-0.86678056640625,-0.3133378601074219,0.0
,2026,,,,,-61.1663818359375,-43.890380859375,-0.8584939453125,-0.40014021606445316,0.0
,2027,,,,,-58.30078125,-45.44677734375,-0.8603584350585938,-0.44188406982421874,0.0
,2028,,,,,-54.7119140625,-48.5137939453125,-0.8592190246582031,-0.5074519592285156,0.0
,2029,,,,,-50.3997802734375,-50.811767578125,-0.8031807495117188,-0.5010298278808594,0.0
,2030,,,,,-44.879150390625,-54.656982421875,-0.8160250122070313,-0.5882465148925782,0.0
,2031,,,,,-39.4866943359375,-58.6395263671875,-0.8065989807128906,-0.6232574890136718,0.0
,2032,,,,,-31.951904296875,-61.6790771484375,-0.7914758972167969,-0.6666586669921876,0.0
,2033,,,,,-30.7708740234375,-65.1031494140625,-0.7513893676757812,-0.6827139953613282,0.0
,2034,,,,,-25.7904052734375,-68.0145263671875,-0.7111992553710937,-0.7368877807617188,0.0
,2035,,,,,-20.8831787109375,-69.7265625,-0.6250183959960938,-0.7412382568359375,0.0
,2036,,,,,-17.120361328125,-71.5667724609375,-0.5656654724121094,-0.7904400695800782,0.0
,2037,,,,,-12.9364013671875,-73.040771484375,-0.48632107543945313,-0.7966550354003906,0.0
,2038,,,,,-8.0474853515625,-73.8189697265625,-0.44250556640625,-0.84689267578125,0.0
,2039,,,,,-3.314208984375,-74.560546875,-0.357153369140625,-0.8566294555664062,0.0
,2040,,,,,0.3387451171875,-74.4781494140625,-0.2993541870117188,-0.8845968017578125,0.0
,2041,,,,,3.33251953125,-74.0203857421875,-0.22322085571289063,-0.8879114501953125,0.0
,2042,,,,,6.99462890625,-73.297119140625,-0.15444190063476562,-0.9012736267089844,0.0
,2043,,,,,10.3179931640625,-72.564697265625,-0.09353523559570313,-0.9097674133300782,0.0
,2044,,,,,13.787841796875,-70.8892822265625,-0.041225939941406255,-0.9138071411132813,0.0
,2045,,,,,18.05419921875,-68.8934326171875,0.0103582763671875,-0.9168110412597656,0.0
,2046,,,,,22.2381591796875,-66.815185546875,0.033250067138671874,-0.9242690002441406,0.0
,2047,,,,,28.546142578125,-64.4439697265625,0.09229224243164062,-0.9201256896972656,0.0
,2048,,,,,34.5062255859375,-61.70654296875,0.09467464599609375,-0.9190898620605469,0.0
,2049,,,,,39.58740234375,-59.21630859375,0.16562883911132814,-0.8986840576171875,0.0
,2050,,,,,44.952392578125,-56.671142578125,0.198050244140625,-0.8890508605957032,0.0
,2051,,,,,50.244140625,-53.2196044921875,0.24559473266601564,-0.8696808837890625,0.0
,2052,,,,,54.8675537109375,-49.932861328125,0.2830916931152344,-0.837777392578125,0.0
,2053,,,,,58.0352783203125,-47.5616455078125,0.34617359619140625,-0.8157142639160156,0.0
,2054,,,,,61.34033203125,-44.6868896484375,0.37942366333007815,-0.7929260559082032,0.0
,2055,,,,,64.6636962890625,-41.4459228515625,0.4703693298339844,-0.7312943115234375,0.0
,2056,,,,,67.4285888671875,-37.774658203125,0.5287900085449219,-0.6692482360839844,0.0
,2057,,,,,68.865966796875,-35.0006103515625,0.6109311401367188,-0.6094809814453125,0.0
,2058,,,,,69.10400390625,-34.3048095703125,0.6721485534667969,-0.5721911865234375,0.0
,2059,,,,,69.6624755859375,-31.5673828125,0.728497576904297,-0.5250610290527344,0.0
,2060,,,,,70.6329345703125,-27.191162109375,0.7994517700195313,-0.4663296020507813,0.0
,2061,,,,,70.3399658203125,-24.1424560546875,0.8409884582519531,-0.43535835571289067,0.0
,2062,,,,,70.697021484375,-19.1162109375,0.8581831970214844,-0.42127109985351563,0.0
,2063,,,,,71.063232421875,-13.2476806640625,0.8799355773925781,-0.4028333679199219,0.0
,2064,,,,,71.8780517578125,-6.4361572265625,0.9278943969726563,-0.35974293823242187,0.0
,2065,,,,,73.883056640625,2.4444580078125,0.9085244201660156,-0.31116262207031253,0.0
,2066,,,,,73.49853515625,6.0699462890625,0.9138071411132813,-0.27117967529296877,0.0
,2067,,,,,73.7823486328125,10.931396484375,0.8970267333984375,-0.19504634399414064,0.0
,2068,,,,,73.8372802734375,15.3167724609375,0.9269621520996094,-0.13869732055664064,0.0
,2069,,,,,73.4161376953125,20.6817626953125,0.9013772094726563,-0.07613333129882813,0.0
,2070,,,,,72.9400634765625,25.1495361328125,0.9205400207519532,-0.023306121826171877,0.0
,2071,,,,,72.03369140625,28.7200927734375,0.927272900390625,0.07395809326171875,0.0
,2072,,,,,70.257568359375,32.1807861328125,0.9374240112304688,0.15402756958007813,0.0
,2073,,,,,67.6483154296875,36.7401123046875,0.8965088195800781,0.21265541381835937,0.0
,2074,,,,,65.14892578125,40.17333984375,0.9210579345703125,0.277601806640625,0.0
,2075,,,,,63.812255859375,40.2923583984375,0.9317269592285157,0.3692725524902344,0.0
,2076,,,,,60.9832763671875,42.5262451171875,0.9456070495605469,0.4500671081542969,0.0
,2077,,,,,57.3760986328125,45.7672119140625,0.9462285461425781,0.5181209838867188,0.0
,2078,,,,,54.1717529296875,47.222900390625,0.9160859619140626,0.5306544982910156,0.0
,2079,,,,,50.225830078125,50.701904296875,0.8848039672851563,0.5632830688476562,0.0
,2080,,,,,45.3643798828125,54.1259765625,0.8608763488769532,0.5803742248535156,0.0
,2081,,,,,39.697265625,58.5113525390625,0.8218256469726563,0.6176640197753906,0.0
,2082,,,,,34.0484619140625,62.6129150390625,0.77065576171875,0.62481123046875,0.0
,2083,,,,,29.8553466796875,65.4052734375,0.7437242431640625,0.6644834289550782,0.0
,2084,,,,,25.15869140625,68.316650390625,0.6812638366699219,0.6660371704101563,0.0
,2085,,,,,20.2880859375,70.8251953125,0.6510176696777344,0.7074702758789063,0.0
,2086,,,,,15.4541015625,72.8851318359375,0.5675299621582032,0.7150318176269531,0.0
,2087,,,,,11.38916015625,74.08447265625,0.5157385803222656,0.7784244689941406,0.0
,2088,,,,,6.884765625,74.8443603515625,0.44416289062500003,0.8074276428222656,0.0
,2089,,,,,1.9866943359375,75.32958984375,0.41018774414062503,0.8616014282226563,0.0
,2090,,,,,-2.8839111328125,75.274658203125,0.3340544128417969,0.8859433776855469,0.0
,2091,,,,,-6.1614990234375,74.8992919921875,0.2917926452636719,0.9144286376953126,0.0
,2092,,,,,-7.4615478515625,74.1668701171875,0.19732516479492188,0.9179504516601563,0.0
,2093,,,,,-11.737060546875,72.381591796875,0.15568489379882813,0.943121063232422,0.0
,2094,,,,,-15.8660888671875,70.5322265625,0.0923958251953125,0.9568975708007813,0.0
,2095,,,,,-18.0633544921875,68.2159423828125,0.026827935791015625,0.9544115844726563,0.0
,2096,,,,,-23.0804443359375,66.064453125,-0.03967219848632813,0.93638818359375,0.0
,2097,,,,,-29.1412353515625,63.812255859375,-0.03998294677734375,0.9351451904296876,0.0
,2098,,,,,-34.9365234375,61.81640625,-0.08069097290039062,0.9205400207519532,0.0
,2099,,,,,-40.264892578125,59.8663330078125,-0.14180480346679689,0.8804534912109375,0.0
,2100,,,,,-45.4010009765625,57.71484375,-0.201364892578125,0.8400562133789062,0.0
,2101,,,,,-50.8026123046875,54.6661376953125,-0.2652754577636719,0.802973583984375,0.0
,2102,,,,,-55.4351806640625,51.983642578125,-0.3294967712402344,0.7691020202636719,0.0
,2103,,,,,-58.795166015625,49.8321533203125,-0.37092987670898436,0.7417561706542969,0.0
,2104,,,,,-61.669921875,47.479248046875,-0.4384658386230469,0.7049842895507813,0.0
,2105,,,,,-64.5538330078125,44.219970703125,-0.5241287841796876,0.6598222045898438,0.0
,2106,,,,,-67.2454833984375,40.191650390625,-0.5766452453613281,0.6398307312011718,0.0
,2107,,,,,-68.9117431640625,37.298583984375,-0.6461492797851562,0.5855533630371094,0.0
,2108,,,,,-69.7723388671875,34.27734375,-0.7137888244628906,0.5384232055664062,0.0
,2109,,,,,-69.8272705078125,32.2540283203125,-0.7512857849121094,0.507969873046875,0.0
,2110,,,,,-70.1202392578125,28.656005859375,-0.8177859191894532,0.45244951171875003,0.0
,2111,,,,,-70.880126953125,23.9776611328125,-0.8664698181152344,0.41049849243164066,0.0
,2112,,,,,-70.6329345703125,20.17822265625,-0.8806606567382813,0.3860529602050781,0.0
,2113,,,,,-71.5576171875,14.6026611328125,-0.9046918579101563,0.3650256591796875,0.0
,2114,,,,,-72.36328125,8.038330078125,-0.9166038757324219,0.31344144287109377,0.0
,2115,,,,,-75.3753662109375,-2.6092529296875,-0.9195041931152345,0.28858157958984376,0.0
,2116,,,,,-72.83935546875,-3.424072265625,-0.953790087890625,0.21203391723632814,0.0
,2117,,,,,-72.9949951171875,-8.642578125,-0.9558617431640626,0.17432979125976564,0.0
,2118,,,,,-72.8759765625,-13.5223388671875,-0.9510969360351563,0.108554736328125,0.0
,2119,,,,,-72.125244140625,-18.841552734375,-0.9579333984375,0.055934692382812505,0.0
,2120,,,,,-71.209716796875,-23.98681640625,-0.9574154846191406,-0.022684625244140624,0.0
,2121,,,,,-70.184326171875,-27.777099609375,-0.9361810180664063,-0.0563490234375,0.0
,2122,,,,,-68.7652587890625,-31.658935546875,-0.9585548950195313,-0.14242630004882814,0.0
,2123,,,,,-66.32080078125,-36.126708984375,-0.9395992492675782,-0.16676824951171876,0.0
,2124,,,,,-64.4805908203125,-38.690185546875,-0.9444676391601563,-0.264343212890625,0.0
,2125,,,,,-62.21923828125,-40.8050537109375,-0.9212651000976563,-0.3061906494140625,0.0
,2126,,,,,-60.223388671875,-42.535400390625,-0.8836645568847656,-0.3796308288574219,0.0
,2127,,,,,-56.927490234375,-45.721435546875,-0.8639838317871094,-0.42655382080078125,0.0
,2128,,,,,-52.9998779296875,-49.25537109375,-0.858597528076172,-0.49067155151367187,0.0
,2129,,,,,-49.69482421875,-51.0772705078125,-0.829490771484375,-0.5018584899902344,0.0
,2130,,,,,-45.15380859375,-54.7119140625,-0.8240008850097656,-0.5685657897949219,0.0
,2131,,,,,-39.495849609375,-58.6944580078125,-0.7962407043457032,-0.5818243835449219,0.0
,2132,,,,,-32.6751708984375,-62.640380859375,-0.7770778930664063,-0.6205643371582031,0.0
,2133,,,,,-29.315185546875,-65.6890869140625,-0.7246650146484376,-0.6237754028320313,0.0
,2134,,,,,-24.6368408203125,-68.463134765625,-0.6968012512207031,-0.6781563537597657,0.0
,2135,,,,,-19.134521484375,-71.30126953125,-0.6472886901855469,-0.6821960815429687,0.0
,2136,,,,,-14.3646240234375,-73.4344482421875,-0.6132099609375,-0.7370949462890625,0.0
,2137,,,,,-10.2264404296875,-74.578857421875,-0.5082806213378906,-0.7520108642578125,0.0
,2138,,,,,-5.841064453125,-75.3753662109375,-0.4677797607421875,-0.7982087768554688,0.0
,2139,,,,,-0.567626953125,-75.933837890625,-0.38636370849609375,-0.8141605224609375,0.0
,2140,,,,,3.936767578125,-75.6134033203125,-0.3321899230957031,-0.8564222900390626,0.0
,2141,,,,,6.207275390625,-75.3936767578125,-0.246112646484375,-0.8736170288085938,0.0
,2142,,,,,9.832763671875,-74.7528076171875,-0.19950040283203124,-0.8963016540527344,0.0
,2143,,,,,13.18359375,-73.553466796875,-0.09798929443359375,-0.8977518127441406,0.0
,2144,,,,,15.1153564453125,-71.7681884765625,-0.052827209472656254,-0.9075921752929688,0.0
,2145,,,,,19.1619873046875,-70.01953125,0.024963446044921875,-0.8898795227050782,0.0
,2146,,,,,24.005126953125,-68.1884765625,0.06121741333007813,-0.8790033325195312,0.0
,2147,,,,,29.8370361328125,-65.88134765625,0.11311237792968751,-0.8710274597167968,0.0
,2148,,,,,35.7147216796875,-63.39111328125,0.10948698120117188,-0.8738241943359375,0.0
,2149,,,,,40.5029296875,-60.9832763671875,0.18717405395507813,-0.8476177551269531,0.0
,2150,,,,,45.7672119140625,-58.7677001953125,0.21907754516601563,-0.8364308166503907,0.0
,2151,,,,,50.9124755859375,-55.975341796875,0.2609249816894531,-0.8400562133789062,0.0
,2152,,,,,55.096435546875,-53.2745361328125,0.30173659057617186,-0.7960335388183594,0.0
,2153,,,,,58.2000732421875,-51.23291015625,0.36585432128906253,-0.7539789367675781,0.0
,2154,,,,,61.4227294921875,-48.2666015625,0.4468560424804688,-0.7009445617675781,0.0
,2155,,,,,64.3341064453125,-44.82421875,0.5143920043945313,-0.670387646484375,0.0
,2156,,,,,66.9525146484375,-41.253662109375,0.5871071044921875,-0.6153851989746094,0.0
,2157,,,,,68.426513671875,-38.1500244140625,0.6431453796386719,-0.5768524108886719,0.0
,2158,,,,,68.4356689453125,-36.8865966796875,0.6990800720214844,-0.5362479675292969,0.0
,2159,,,,,68.95751953125,-34.0484619140625,0.7637157165527344,-0.4934682861328125,0.0
,2160,,,,,70.0286865234375,-29.461669921875,0.7972765319824219,-0.4600110534667969,0.0
,2161,,,,,69.6075439453125,-25.9918212890625,0.8410920410156251,-0.41868153076171877,0.0
,2162,,,,,70.1385498046875,-21.2677001953125,0.8776567565917969,-0.38149531860351565,0.0
,2163,,,,,70.5596923828125,-15.4083251953125,0.8812821533203126,-0.3506276550292969,0.0
,2164,,,,,71.1456298828125,-8.4320068359375,0.8967159851074219,-0.3361260681152344,0.0
,2165,,,,,71.905517578125,-2.0965576171875,0.9226116760253906,-0.26672561645507814,0.0
,2166,,,,,72.0062255859375,2.9296875,0.9442604736328125,-0.2192847106933594,0.0
,2167,,,,,71.942138671875,8.1573486328125,0.9374240112304688,-0.17805877075195314,0.0
,2168,,,,,71.7864990234375,13.6688232421875,0.9688095886230469,-0.12108825073242188,0.0
,2169,,,,,71.1639404296875,19.04296875,0.9375275939941407,-0.070436279296875,0.0
,2170,,,,,70.42236328125,22.88818359375,0.9582441467285157,0.00269315185546875,0.0
,2171,,,,,69.342041015625,26.971435546875,0.9545151672363281,0.08763101806640625,0.0
,2172,,,,,67.6666259765625,32.025146484375,0.9526506774902344,0.14325496215820313,0.0
,2173,,,,,65.570068359375,36.7767333984375,0.928930224609375,0.20385087890625,0.0
,2174,,,,,63.2720947265625,39.80712890625,0.9334878662109375,0.2652754577636719,0.0
,2175,,,,,61.5142822265625,40.9149169921875,0.9104924926757813,0.32628570556640624,0.0
,2176,,,,,57.9437255859375,44.0185546875,0.9359738525390625,0.4078053405761719,0.0
,2177,,,,,54.876708984375,46.527099609375,0.9315197937011719,0.4848709167480469,0.0
,2178,,,,,52.606201171875,47.3052978515625,0.8984768920898438,0.5017549072265625,0.0
,2179,,,,,48.5595703125,50.5462646484375,0.8659519042968751,0.5292043395996094,0.0
,2180,,,,,43.98193359375,53.5400390625,0.8473070068359375,0.549402978515625,0.0
,2181,,,,,20.233154296875,57.71484375,0.815403515625,0.5810993041992187,0.0
,2182,,,,,27.850341796875,61.85302734375,0.7954120422363281,0.5899038391113282,0.0
,2183,,,,,27.923583984375,65.07568359375,0.7619548095703125,0.6269864685058594,0.0
,2184,,,,,21.8353271484375,68.0694580078125,0.6808495056152344,0.6398307312011718,0.0
,2185,,,,,17.2943115234375,70.806884765625,0.6354802551269532,0.6738058776855469,0.0
,2186,,,,,13.623046875,73.2513427734375,0.5751950866699219,0.6777420227050781,0.0
,2187,,,,,9.7503662109375,74.8809814453125,0.5068304626464843,0.7211432006835937,0.0
,2188,,,,,5.8685302734375,75.8148193359375,0.4148489685058594,0.7527359436035157,0.0
,2189,,,,,1.153564453125,76.1077880859375,0.3891604431152344,0.8147820190429688,0.0
,2190,,,,,-3.33251953125,75.9521484375,0.32007073974609374,0.8623265075683594,0.0
,2191,,,,,-6.3995361328125,75.311279296875,0.26175364379882815,0.8906046020507813,0.0
,2192,,,,,-7.4249267578125,74.6246337890625,0.15361323852539063,0.8895687744140626,0.0
,2193,,,,,-11.077880859375,73.35205078125,0.12378140258789062,0.9259263244628907,0.0
,2194,,,,,-15.34423828125,71.575927734375,0.07344017944335937,0.9381490905761719,0.0
,2195,,,,,-17.68798828125,69.4244384765625,0.0045576416015625,0.9248904968261719,0.0
,2196,,,,,-22.3663330078125,67.5201416015625,-0.0708506103515625,0.9021022888183594,0.0
,2197,,,,,-28.564453125,64.85595703125,-0.08835609741210938,0.8931941711425782,0.0
,2198,,,,,-34.5977783203125,62.4755859375,-0.14470512084960938,0.8766209289550781,0.0
,2199,,,,,-39.6881103515625,60.8001708984375,-0.18095908813476563,0.8625336730957032,0.0
,2200,,,,,-44.384765625,59.2071533203125,-0.23264688720703125,0.8341519958496094,0.0
,2201,,,,,-49.6307373046875,56.689453125,-0.2818486999511719,0.8080491394042969,0.0
,2202,,,,,-53.814697265625,54.3365478515625,-0.3500061584472656,0.7782173034667969,0.0
,2203,,,,,-56.87255859375,51.59912109375,-0.43276878662109375,0.7288083251953125,0.0
,2204,,,,,-59.600830078125,48.5321044921875,-0.5107666076660157,0.6893432922363282,0.0
,2205,,,,,-62.3016357421875,44.970703125,-0.5498173095703125,0.6536072387695313,0.0
,2206,,,,,-64.2791748046875,41.5374755859375,-0.619114178466797,0.6210822509765626,0.0
,2207,,,,,-64.85595703125,39.44091796875,-0.686960888671875,0.5725019348144531,0.0
,2208,,,,,-65.8905029296875,36.29150390625,-0.7358519531250001,0.5507495544433594,0.0
,2209,,,,,-66.4306640625,33.8287353515625,-0.7916830627441407,0.5099379455566406,0.0
,2210,,,,,-67.19970703125,29.4158935546875,-0.8251402954101563,0.478138037109375,0.0
,2211,,,,,-68.243408203125,24.2523193359375,-0.8581831970214844,0.44416289062500003,0.0
,2212,,,,,-68.1060791015625,20.5078125,-0.9061420166015626,0.3962040710449219,0.0
,2213,,,,,-68.902587890625,14.9322509765625,-0.9311054626464844,0.35155989990234376,0.0
,2214,,,,,-69.854736328125,8.5052490234375,-0.9415673217773438,0.31323427734375003,0.0
,2215,,,,,-73.626708984375,-2.7008056640625,-0.9547223327636719,0.29003173828125,0.0
,2216,,,,,-70.916748046875,-3.094482421875,-0.9483002014160157,0.24600906372070314,0.0
,2217,,,,,-71.5301513671875,-8.4320068359375,-0.9538936706542969,0.19224960937500002,0.0
,2218,,,,,-71.6033935546875,-14.337158203125,-0.9700525817871094,0.10845115356445313,0.0
,2219,,,,,-71.246337890625,-19.6746826171875,-0.98279326171875,0.08224471435546875,0.0
,2220,,,,,-70.34912109375,-23.8494873046875,-0.98279326171875,-0.0004143310546875,0.0
,2221,,,,,-68.994140625,-27.9693603515625,-0.9765782958984375,-0.030556915283203125,0.0
,2222,,,,,-66.8426513671875,-32.904052734375,-0.9672558471679688,-0.11445895385742187,0.0
,2223,,,,,-64.581298828125,-37.371826171875,-0.955550994873047,-0.1528881591796875,0.0
,2224,,,,,-62.5946044921875,-40.924072265625,-0.9590728088378907,-0.23596153564453126,0.0
,2225,,,,,-60.1043701171875,-43.9178466796875,-0.9172253723144531,-0.277601806640625,0.0
,2226,,,,,-58.7860107421875,-44.82421875,-0.9038631958007812,-0.37890574951171874,0.0
,2227,,,,,-55.5633544921875,-47.7630615234375,-0.8674020629882813,-0.41640270996093753,0.0
,2228,,,,,-51.837158203125,-50.6927490234375,-0.8598405212402344,-0.48052044067382815,0.0
,2229,,,,,-48.6236572265625,-51.89208984375,-0.8434744445800781,-0.49802592773437504,0.0
,2230,,,,,-43.9544677734375,-54.949951171875,-0.844406689453125,-0.5783025695800782,0.0
,2231,,,,,-38.250732421875,-58.7677001953125,-0.8005911804199219,-0.5734341796875,0.0
,2232,,,,,-32.647705078125,-62.65869140625,-0.7702414306640625,-0.6122777160644531,0.0
,2233,,,,,-28.179931640625,-65.7073974609375,-0.7297405700683594,-0.6286437927246094,0.0
,2234,,,,,-22.7325439453125,-69.158935546875,-0.701876806640625,-0.6826104125976563,0.0
,2235,,,,,-18.017578125,-72.03369140625,-0.62149658203125,-0.6902755371093751,0.0
,2236,,,,,-14.39208984375,-74.01123046875,-0.5710517761230469,-0.728393994140625,0.0
,2237,,,,,-10.4644775390625,-75.860595703125,-0.4686084228515625,-0.7403060119628907,0.0
,2238,,,,,-6.04248046875,-76.7303466796875,-0.4119486511230469,-0.7861931762695312,0.0
,2239,,,,,-1.6021728515625,-77.215576171875,-0.3272179504394531,-0.79717294921875,0.0
,2240,,,,,1.5289306640625,-77.0233154296875,-0.2932428039550781,-0.8363272338867188,0.0
,2241,,,,,2.581787109375,-76.42822265625,-0.21679872436523437,-0.8480320861816406,0.0
,2242,,,,,5.4290771484375,-75.494384765625,-0.12937487182617188,-0.8730991149902344,0.0
,2243,,,,,9.6588134765625,-74.30419921875,-0.04371192626953125,-0.88003916015625,0.0
,2244,,,,,12.2589111328125,-72.8118896484375,-0.012119183349609375,-0.8889472778320313,0.0
,2245,,,,,16.69921875,-71.1181640625,0.06722521362304688,-0.867609228515625,0.0
,2246,,,,,21.8353271484375,-69.140625,0.07302584838867188,-0.8953694091796875,0.0
,2247,,,,,28.2073974609375,-66.7327880859375,0.1189130126953125,-0.9042775268554688,0.0
,2248,,,,,34.3780517578125,-64.251708984375,0.1437728759765625,-0.9171217895507813,0.0
,2249,,,,,39.202880859375,-62.3016357421875,0.19452843017578125,-0.8917440124511719,0.0
,2250,,,,,44.036865234375,-59.783935546875,0.2108945068359375,-0.8675056457519531,0.0
,2251,,,,,48.8067626953125,-56.7901611328125,0.2806057067871094,-0.8345663269042969,0.0
,2252,,,,,52.825927734375,-53.9886474609375,0.34006221313476565,-0.8028700012207032,0.0
,2253,,,,,55.517578125,-51.470947265625,0.4015903747558594,-0.769827099609375,0.0
,2254,,,,,58.154296875,-48.7060546875,0.4633257019042969,-0.7312943115234375,0.0
,2255,,,,,60.552978515625,-45.8953857421875,0.5366622985839844,-0.7014624755859376,0.0
,2256,,,,,63.665771484375,-41.4093017578125,0.6026445190429688,-0.6667622497558594,0.0
,2257,,,,,65.5975341796875,-37.6190185546875,0.6581648803710938,-0.6338229309082032,0.0
,2258,,,,,65.863037109375,-36.456298828125,0.7012553100585938,-0.6052340881347656,0.0
,2259,,,,,67.0257568359375,-32.8857421875,0.7649587097167969,-0.5537534545898438,0.0
,2260,,,,,68.243408203125,-28.8665771484375,0.8003840148925782,-0.5305509155273438,0.0
,2261,,,,,68.15185546875,-25.909423828125,0.8598405212402344,-0.47513413696289064,0.0
,2262,,,,,69.049072265625,-20.5169677734375,0.8953694091796875,-0.42945413818359374,0.0
,2263,,,,,69.7998046875,-14.5477294921875,0.8972338989257813,-0.40811608886718753,0.0
,2264,,,,,70.5322265625,-8.935546875,0.9274800659179688,-0.3799415771484375,0.0
,2265,,,,,74.3133544921875,3.570556640625,0.9094566650390625,-0.34296253051757813,0.0
,2266,,,,,71.5301513671875,4.632568359375,0.9246833312988282,-0.29552162475585936,0.0
,2267,,,,,71.5667724609375,10.1348876953125,0.9300696350097657,-0.2358579528808594,0.0
,2268,,,,,71.2371826171875,15.2801513671875,0.9457106323242188,-0.18137341918945313,0.0
,2269,,,,,70.5780029296875,21.3409423828125,0.9268585693359376,-0.12398856811523438,0.0
,2270,,,,,69.6441650390625,26.1749267578125,0.9539972534179688,-0.05976725463867188,0.0
,2271,,,,,68.609619140625,30.3314208984375,0.9233367553710938,0.00062149658203125,0.0
,2272,,,,,67.0806884765625,34.295654296875,0.9369060974121094,0.07395809326171875,0.0
,2273,,,,,65.0390625,39.0106201171875,0.9217830139160157,0.17401904296875,0.0
,2274,,,,,62.933349609375,42.8192138671875,0.9121498168945312,0.2390690185546875,0.0
,2275,,,,,61.8438720703125,43.634033203125,0.89992705078125,0.30991962890625,0.0
,2276,,,,,59.2987060546875,46.17919921875,0.8850111328125,0.3630575866699219,0.0
,2277,,,,,56.085205078125,49.1455078125,0.8812821533203126,0.4413661560058594,0.0
,2278,,,,,53.302001953125,50.28076171875,0.8614978454589844,0.47409830932617186,0.0
,2279,,,,,49.5574951171875,53.0731201171875,0.8325982543945313,0.5271326843261719,0.0
,2280,,,,,45.062255859375,56.414794921875,0.8161285949707031,0.5395626159667969,0.0
,2281,,,,,29.6630859375,60.4339599609375,0.7826713623046875,0.5830673767089843,0.0
,2282,,,,,33.837890625,64.19677734375,0.7506642883300781,0.6054412536621094,0.0
,2283,,,,,29.4708251953125,67.2271728515625,0.7064344482421875,0.6428346313476563,0.0
,2284,,,,,25.030517578125,69.6807861328125,0.6287473754882813,0.6541251525878906,0.0
,2285,,,,,20.086669921875,72.418212890625,0.5993298706054687,0.6818853332519531,0.0
,2286,,,,,15.6097412109375,74.945068359375,0.5382160400390625,0.6867537231445313,0.0
,2287,,,,,12.139892578125,76.1077880859375,0.47503055419921875,0.7426884155273438,0.0
,2288,,,,,8.1939697265625,77.1881103515625,0.4003473815917969,0.7891970764160157,0.0
,2289,,,,,3.717041015625,77.947998046875,0.35943218994140624,0.8366379821777344,0.0
,2290,,,,,0.6317138671875,77.911376953125,0.27397640991210936,0.86015126953125,0.0
,2291,,,,,-2.2430419921875,77.3529052734375,0.2213563659667969,0.8967159851074219,0.0
,2292,,,,,-4.119873046875,76.4923095703125,0.1487448486328125,0.9188826965332032,0.0
,2293,,,,,-7.9376220703125,74.74365234375,0.11207655029296876,0.9457106323242188,0.0
,2294,,,,,-12.4237060546875,73.1689453125,0.046405078125,0.9661164367675782,0.0
,2295,,,,,-15.380859375,70.7794189453125,-0.00642213134765625,0.9644591125488281,0.0
,2296,,,,,-20.782470703125,68.902587890625,-0.07395809326171875,0.9423959838867187,0.0
,2297,,,,,-27.0172119140625,66.4306640625,-0.11238729858398439,0.9180540344238282,0.0
,2298,,,,,-32.77587890625,64.141845703125,-0.1744333740234375,0.8987876403808595,0.0
,2299,,,,,-37.9119873046875,62.127685546875,-0.2006398132324219,0.8751707702636718,0.0
,2300,,,,,-42.9656982421875,59.4085693359375,-0.2681757751464844,0.8396418823242188,0.0
,2301,,,,,-47.8271484375,56.6802978515625,-0.3311540954589844,0.7928224731445312,0.0
,2302,,,,,-51.8463134765625,54.144287109375,-0.38729595336914063,0.7728309997558594,0.0
,2303,,,,,-55.1239013671875,51.4068603515625,-0.43504760742187504,0.738337939453125,0.0
,2304,,,,,-58.0078125,48.6053466796875,-0.5171887390136719,0.6866501403808594,0.0
,2305,,,,,-61.376953125,44.7418212890625,-0.5592433410644532,0.6578541320800781,0.0
,2306,,,,,-64.0869140625,41.05224609375,-0.6161102783203125,0.6293688720703126,0.0
,2307,,,,,-65.8538818359375,37.60986328125,-0.66458701171875,0.6004692810058594,0.0
,2308,,,,,-67.3370361328125,33.7646484375,-0.700219482421875,0.577577490234375,0.0
,2309,,,,,-67.4560546875,32.4462890625,-0.7428955810546876,0.5298258361816407,0.0
,2310,,,,,-68.536376953125,27.978515625,-0.7997625183105469,0.4809347717285156,0.0
,2311,,,,,-69.6075439453125,22.9705810546875,-0.8313552612304688,0.4531745910644531,0.0
,2312,,,,,-69.140625,20.0958251953125,-0.8635695007324219,0.41743853759765626,0.0
,2313,,,,,-69.8822021484375,14.483642578125,-0.895783740234375,0.3742445251464844,0.0
,2314,,,,,-70.8526611328125,7.50732421875,-0.9112175720214845,0.3311540954589844,0.0
,2315,,,,,-73.956298828125,-2.9937744140625,-0.9119426513671876,0.31717042236328125,0.0
,2316,,,,,-71.81396484375,-4.8614501953125,-0.9094566650390625,0.2669327819824219,0.0
,2317,,,,,-71.8414306640625,-10.528564453125,-0.9261334899902344,0.22508534545898437,0.0
,2318,,,,,-71.4019775390625,-16.7633056640625,-0.9381490905761719,0.14304779663085937,0.0
,2319,,,,,-70.9716796875,-22.1832275390625,-0.9336950317382813,0.10865831909179688,0.0
,2320,,,,,-70.3125,-26.513671875,-0.9235439208984375,0.04371192626953125,0.0
,2321,,,,,-69.2047119140625,-30.76171875,-0.9023094543457032,0.004454058837890625,0.0
,2322,,,,,-67.584228515625,-36.126708984375,-0.9269621520996094,-0.10793323974609376,0.0
,2323,,,,,-65.88134765625,-40.283203125,-0.9091459167480469,-0.13900806884765626,0.0
,2324,,,,,-64.8101806640625,-41.85791015625,-0.9032416992187501,-0.23067881469726564,0.0
,2325,,,,,-62.4847412109375,-44.3389892578125,-0.8788997497558594,-0.3004935974121094,0.0
,2326,,,,,-60.1226806640625,-46.5545654296875,-0.842024285888672,-0.3745552734375,0.0
,2327,,,,,-57.6324462890625,-48.4405517578125,-0.8198575744628906,-0.3951682434082031,0.0
,2328,,,,,-54.4281005859375,-50.921630859375,-0.8182002502441407,-0.47513413696289064,0.0
,2329,,,,,-50.4547119140625,-52.77099609375,-0.7861931762695312,-0.4765842956542969,0.0
,2330,,,,,-44.970703125,-56.5155029296875,-0.7903364868164062,-0.5570681030273438,0.0
,2331,,,,,-39.5416259765625,-60.406494140625,-0.7686876892089844,-0.5741592590332032,0.0
,2332,,,,,-32.904052734375,-63.6016845703125,-0.759883154296875,-0.6224288269042969,0.0
,2333,,,,,-30.72509765625,-66.961669921875,-0.6747381225585938,-0.6126920471191406,0.0
,2334,,,,,-25.689697265625,-70.0927734375,-0.6503961730957032,-0.6666586669921876,0.0
,2335,,,,,-20.6634521484375,-72.36328125,-0.5902145874023438,-0.6871680541992188,0.0
,2336,,,,,-17.1661376953125,-73.64501953125,-0.5322082397460938,-0.736784197998047,0.0
,2337,,,,,-13.1011962890625,-74.81689453125,-0.4468560424804688,-0.7520108642578125,0.0
,2338,,,,,-8.31298828125,-75.76904296875,-0.4128808959960938,-0.8143676879882813,0.0
,2339,,,,,-3.753662109375,-76.2542724609375,-0.3082623046875,-0.8346699096679687,0.0
,2340,,,,,-0.4302978515625,-75.87890625,-0.2509810363769531,-0.8656411560058594,0.0
,2341,,,,,0.7049560546875,-75.18310546875,-0.1790945983886719,-0.8914332641601562,0.0
,2342,,,,,4.595947265625,-74.1943359375,-0.1230563232421875,-0.9173289550781251,0.0
,2343,,,,,8.4503173828125,-72.894287109375,-0.01885206298828125,-0.9090423339843751,0.0
,2344,,,,,10.2630615234375,-70.78857421875,0.006007800292968751,-0.9170182067871094,0.0
,2345,,,,,14.8773193359375,-68.4814453125,0.053137957763671875,-0.9216794311523437,0.0
,2346,,,,,20.6817626953125,-66.1102294921875,0.05158421630859375,-0.9477822875976563,0.0
,2347,,,,,26.7059326171875,-63.995361328125,0.1023397705078125,-0.9436389770507813,0.0
,2348,,,,,32.1990966796875,-61.9354248046875,0.09477822875976563,-0.9315197937011719,0.0
,2349,,,,,37.6373291015625,-59.820556640625,0.15485623168945312,-0.9004449645996094,0.0
,2350,,,,,43.304443359375,-57.1014404296875,0.20923718261718752,-0.8666769836425782,0.0
,2351,,,,,48.2940673828125,-54.730224609375,0.26869368896484375,-0.8365343994140625,0.0
,2352,,,,,52.1942138671875,-52.3406982421875,0.30525840454101566,-0.8246223815917969,0.0
,2353,,,,,55.5633544921875,-49.51171875,0.36274683837890626,-0.79385830078125,0.0
,2354,,,,,59.28955078125,-45.8404541015625,0.40376561279296874,-0.7468317260742188,0.0
,2355,,,,,62.017822265625,-42.608642578125,0.48466375122070315,-0.6979406616210938,0.0
,2356,,,,,64.3524169921875,-39.276123046875,0.5595540893554688,-0.6661407531738281,0.0
,2357,,,,,66.39404296875,-35.540771484375,0.61486728515625,-0.6346515930175781,0.0
,2358,,,,,66.9891357421875,-32.958984375,0.657129052734375,-0.5922862426757812,0.0
,2359,,,,,67.9229736328125,-29.00390625,0.7222826110839844,-0.5454668334960938,0.0
,2360,,,,,68.3074951171875,-26.165771484375,0.7814283691406251,-0.483938671875,0.0
,2361,,,,,67.7398681640625,-23.8311767578125,0.8219292297363282,-0.44840978393554687,0.0
,2362,,,,,68.26171875,-18.6492919921875,0.8655375732421875,-0.42665740356445314,0.0
,2363,,,,,68.9483642578125,-12.103271484375,0.8711310424804688,-0.4090483337402344,0.0
,2364,,,,,69.7357177734375,-5.987548828125,0.8895687744140626,-0.3767305114746094,0.0
,2365,,,,,72.2991943359375,2.8472900390625,0.8681271423339844,-0.34296253051757813,0.0
,2366,,,,,71.246337890625,5.4290771484375,0.8764137634277344,-0.29676461791992187,0.0
,2367,,,,,71.429443359375,12.0391845703125,0.8719597045898437,-0.2362722839355469,0.0
,2368,,,,,71.759033203125,17.9443359375,0.8867720397949219,-0.17764443969726562,0.0
,2369,,,,,71.77734375,22.44873046875,0.8795212463378906,-0.1073117431640625,0.0
,2370,,,,,71.0723876953125,26.4312744140625,0.8802463256835937,-0.04547283325195313,0.0
,2371,,,,,69.7540283203125,31.072998046875,0.859322607421875,0.038843536376953126,0.0
,2372,,,,,68.1427001953125,35.2203369140625,0.9000306335449219,0.11860226440429687,0.0
,2373,,,,,66.2567138671875,38.5894775390625,0.8770352600097656,0.18603464355468752,0.0
,2374,,,,,64.068603515625,40.9332275390625,0.8810749877929688,0.24725205688476562,0.0
,2375,,,,,62.87841796875,41.949462890625,0.8754815185546875,0.34296253051757813,0.0
,2376,,,,,60.4888916015625,44.7052001953125,0.8730991149902344,0.42075318603515627,0.0
,2377,,,,,57.82470703125,47.20458984375,0.8549721313476563,0.47503055419921875,0.0
,2378,,,,,55.11474609375,48.468017578125,0.8487571655273438,0.5081770385742188,0.0
,2379,,,,,50.13427734375,52.4139404296875,0.817889501953125,0.5486778991699219,0.0
,2380,,,,,45.025634765625,56.0394287109375,0.8048380737304688,0.5528212097167969,0.0
,2381,,,,,40.576171875,59.2071533203125,0.7951012939453125,0.612381298828125,0.0
,2382,,,,,33.9019775390625,62.9974365234375,0.7268402526855469,0.6120705505371093,0.0
,2383,,,,,31.2286376953125,66.5313720703125,0.6655192565917969,0.6305082824707031,0.0
,2384,,,,,26.165771484375,69.0582275390625,0.6154887817382813,0.6444919555664063,0.0
,2385,,,,,22.1923828125,70.7794189453125,0.5731234313964844,0.6701804809570313,0.0
,2386,,,,,18.05419921875,72.39990234375,0.5057946350097656,0.7065380310058594,0.0
,2387,,,,,13.1103515625,73.773193359375,0.48880706176757815,0.7916830627441407,0.0
,2388,,,,,8.3221435546875,74.4598388671875,0.41267373046875,0.8059774841308593,0.0
,2389,,,,,4.669189453125,74.2584228515625,0.3561175415039063,0.8490679138183594,0.0
,2390,,,,,0.54931640625,74.2584228515625,0.26890085449218754,0.8588046936035156,0.0
,2391,,,,,-3.8177490234375,73.8372802734375,0.23306121826171874,0.9087315856933594,0.0
,2392,,,,,-5.2001953125,73.3062744140625,0.17174022216796875,0.9349380249023438,0.0
,2393,,,,,-8.3038330078125,72.2991943359375,0.10772607421875001,0.9385634216308594,0.0
,2394,,,,,-12.3870849609375,70.7794189453125,0.039465032958984375,0.9370096801757812,0.0
,2395,,,,,-15.966796875,68.8385009765625,0.006732879638671876,0.9379419250488281,0.0
,2396,,,,,-21.6705322265625,66.8792724609375,-0.056556188964843754,0.9275836486816407,0.0
,2397,,,,,-27.0172119140625,64.5538330078125,-0.09394956665039063,0.9273764831542969,0.0
,2398,,,,,-32.6019287109375,62.3565673828125,-0.15589205932617187,0.8959909057617188,0.0
,2399,,,,,-38.96484375,59.72900390625,-0.1815805847167969,0.8722704528808594,0.0
,2400,,,,,-44.82421875,57.2662353515625,-0.20095056152343752,0.8753779357910156,0.0
,2401,,,,,-49.3194580078125,54.6661376953125,-0.2518096984863281,0.8398490478515626,0.0
,2402,,,,,-53.2745361328125,52.2216796875,-0.3202779052734375,0.8081527221679687,0.0
,2403,,,,,-56.87255859375,49.3194580078125,-0.3757982666015625,0.7785280517578125,0.0
,2404,,,,,-60.406494140625,45.281982421875,-0.45244951171875003,0.728393994140625,0.0
,2405,,,,,-63.4368896484375,41.729736328125,-0.5244395324707032,0.6949367614746094,0.0
,2406,,,,,-65.386962890625,38.763427734375,-0.5850354492187501,0.6611687805175781,0.0
,2407,,,,,-67.529296875,34.8358154296875,-0.6181819335937501,0.6308190307617187,0.0
,2408,,,,,-69.4793701171875,30.0750732421875,-0.6838534057617188,0.5800634765625,0.0
,2409,,,,,-69.6807861328125,28.619384765625,-0.7496284606933594,0.5170851562500001,0.0
,2410,,,,,-69.90966796875,26.2481689453125,-0.7956192077636719,0.4670546813964844,0.0
,2411,,,,,-70.6329345703125,22.4029541015625,-0.81706083984375,0.42976488647460936,0.0
,2412,,,,,-70.5780029296875,18.1732177734375,-0.8507252380371094,0.3859493774414063,0.0
,2413,,,,,-71.1822509765625,12.158203125,-0.8993055541992188,0.3354009887695313,0.0
,2414,,,,,-71.6766357421875,6.73828125,-0.9161895446777344,0.302461669921875,0.0
,2415,,,,,-74.615478515625,-3.204345703125,-0.9183647827148438,0.2959359558105469,0.0
,2416,,,,,-72.8851318359375,-5.2642822265625,-0.9161895446777344,0.24507681884765625,0.0
,2417,,,,,-72.98583984375,-11.53564453125,-0.9103889099121094,0.2287107421875,0.0
,2418,,,,,-72.69287109375,-17.0196533203125,-0.9205400207519532,0.15661713867187502,0.0
,2419,,,,,-72.6470947265625,-21.331787109375,-0.9277908142089843,0.11290521240234376,0.0
,2420,,,,,-72.216796875,-25.927734375,-0.9377347595214844,-0.0009322448730468751,0.0
,2421,,,,,-71.1181640625,-30.706787109375,-0.9221973449707032,-0.05873142700195313,0.0
,2422,,,,,-69.6807861328125,-34.9456787109375,-0.9268585693359376,-0.1437728759765625,0.0
,2423,,,,,-68.0145263671875,-37.664794921875,-0.9025166198730469,-0.16604317016601564,0.0
,2424,,,,,-67.1173095703125,-38.983154296875,-0.9105960754394532,-0.290860400390625,0.0
,2425,,,,,-64.398193359375,-42.205810546875,-0.8942299987792969,-0.3347794921875,0.0
,2426,,,,,-61.669921875,-44.6319580078125,-0.8843896362304687,-0.4075981750488281,0.0
,2427,,,,,-59.21630859375,-45.6390380859375,-0.8509324035644531,-0.4321472900390625,0.0
,2428,,,,,-55.5908203125,-48.577880859375,-0.8616014282226563,-0.5260968566894532,0.0
,2429,,,,,-51.470947265625,-51.3519287109375,-0.8448210205078125,-0.5407020263671876,0.0
,2430,,,,,-45.7305908203125,-55.8197021484375,-0.8256582092285156,-0.5947722290039062,0.0
,2431,,,,,-40.0360107421875,-59.527587890625,-0.8055631530761719,-0.6131063781738282,0.0
,2432,,,,,-32.318115234375,-62.43896484375,-0.7866075073242188,-0.6657264221191407,0.0
,2433,,,,,-30.9906005859375,-65.66162109375,-0.7066416137695313,-0.6495675109863281,0.0
,2434,,,,,-26.0009765625,-68.6187744140625,-0.6771205261230469,-0.7146174865722656,0.0
,2435,,,,,-21.1212158203125,-70.806884765625,-0.6031624328613281,-0.7263223388671876,0.0
,2436,,,,,-17.230224609375,-72.1710205078125,-0.5617293273925782,-0.7753169860839844,0.0
,2437,,,,,-12.9730224609375,-73.4527587890625,-0.4737875610351563,-0.7923045593261719,0.0
,2438,,,,,-7.9833984375,-74.652099609375,-0.43504760742187504,-0.8367415649414063,0.0
,2439,,,,,-3.204345703125,-75.7598876953125,-0.3609859313964844,-0.8277298645019532,0.0
,2440,,,,,0.6317138671875,-75.897216796875,-0.3334329162597656,-0.8838717224121094,0.0
,2441,,,,,3.6895751953125,-75.1190185546875,-0.24217650146484376,-0.9000306335449219,0.0
,2442,,,,,7.2784423828125,-74.1943359375,-0.17785160522460938,-0.9245797485351562,0.0
,2443,,,,,10.7208251953125,-73.4710693359375,-0.09923228759765625,-0.9406350769042969,0.0
,2444,,,,,13.6688232421875,-71.8231201171875,-0.037807708740234376,-0.9377347595214844,0.0
,2445,,,,,18.072509765625,-69.76318359375,0.01843773193359375,-0.9301732177734375,0.0
,2446,,,,,22.4761962890625,-67.547607421875,0.0410187744140625,-0.9449855529785156,0.0
,2447,,,,,28.74755859375,-64.8651123046875,0.09208507690429688,-0.9485073669433594,0.0
,2448,,,,,34.86328125,-62.2283935546875,0.09767854614257813,-0.9484037841796875,0.0
,2449,,,,,40.13671875,-59.7564697265625,0.16148552856445314,-0.9297588867187501,0.0
,2450,,,,,45.5291748046875,-56.8634033203125,0.19411409912109376,-0.9054169372558594,0.0
,2451,,,,,50.592041015625,-53.8970947265625,0.2528455261230469,-0.8820072326660157,0.0
,2452,,,,,55.2520751953125,-51.0589599609375,0.30733005981445316,-0.8240008850097656,0.0
,2453,,,,,58.795166015625,-48.870849609375,0.3633683349609375,-0.7896114074707031,0.0
,2454,,,,,62.1734619140625,-45.8221435546875,0.413502392578125,-0.7595724060058594,0.0
,2455,,,,,65.0848388671875,-42.0684814453125,0.49181096191406254,-0.725079345703125,0.0
,2456,,,,,67.7581787109375,-38.1683349609375,0.5655618896484376,-0.6759811157226563,0.0
,2457,,,,,69.3878173828125,-35.137939453125,0.610723974609375,-0.6400378967285156,0.0
,2458,,,,,69.8638916015625,-33.7554931640625,0.6793993469238282,-0.5909396667480469,0.0
,2459,,,,,70.6146240234375,-30.4779052734375,0.7448636535644532,-0.5387339538574218,0.0
,2460,,,,,71.4935302734375,-26.6693115234375,0.7915794799804687,-0.4923288757324219,0.0
,2461,,,,,71.2554931640625,-23.7579345703125,0.8169572570800782,-0.4645686950683594,0.0
,2462,,,,,71.6949462890625,-19.07958984375,0.8617050109863281,-0.42158184814453126,0.0
,2463,,,,,72.0428466796875,-13.458251953125,0.8893616088867188,-0.39475391235351565,0.0
,2464,,,,,72.8302001953125,-6.390380859375,0.9084208374023438,-0.35124915161132814,0.0
,2465,,,,,74.6978759765625,2.1514892578125,0.8998234680175782,-0.33384724731445314,0.0
,2466,,,,,74.0936279296875,5.3741455078125,0.937216845703125,-0.2766695617675781,0.0
,2467,,,,,74.395751953125,10.601806640625,0.9210579345703125,-0.21690230712890626,0.0
,2468,,,,,74.3682861328125,15.1611328125,0.9484037841796875,-0.1396295654296875,0.0
,2469,,,,,73.7823486328125,20.7733154296875,0.9342129455566407,-0.05935292358398438,0.0
,2470,,,,,73.3245849609375,25.5889892578125,0.9314162109375,-0.005075555419921875,0.0
,2471,,,,,72.39990234375,29.3426513671875,0.9173289550781251,0.06857178955078125,0.0
,2472,,,,,70.5322265625,33.013916015625,0.9508897705078125,0.15713505249023438,0.0
,2473,,,,,68.096923828125,37.3809814453125,0.9378383422851563,0.2374116943359375,0.0
,2474,,,,,65.8905029296875,40.68603515625,0.9452963012695312,0.29355355224609375,0.0
,2475,,,,,64.9200439453125,41.1529541015625,0.9168110412597656,0.35798203125,0.0
,2476,,,,,62.164306640625,43.4234619140625,0.9196077758789063,0.4346332763671875,0.0
,2477,,,,,58.41064453125,46.47216796875,0.9245797485351562,0.509627197265625,0.0
,2478,,,,,54.949951171875,48.0377197265625,0.9134963928222657,0.5397697814941407,0.0
,2479,,,,,50.5645751953125,51.0772705078125,0.885839794921875,0.5845175354003906,0.0
,2480,,,,,45.59326171875,54.4281005859375,0.8643981628417969,0.6137278747558594,0.0
,2481,,,,,39.84375,58.8409423828125,0.8321839233398438,0.6409701416015625,0.0
,2482,,,,,34.0667724609375,62.823486328125,0.7929260559082032,0.6464600280761719,0.0
,2483,,,,,30.084228515625,65.9454345703125,0.7296369873046875,0.6534000732421875,0.0
,2484,,,,,25.3326416015625,69.1131591796875,0.6863393920898437,0.6783635192871094,0.0
,2485,,,,,20.2239990234375,71.759033203125,0.6448027038574219,0.7088168518066407,0.0
,2486,,,,,15.399169921875,73.7548828125,0.5677371276855468,0.7117171691894532,0.0
,2487,,,,,11.5631103515625,74.8809814453125,0.5221607116699218,0.763197802734375,0.0
,2488,,,,,7.06787109375,75.5401611328125,0.43535835571289067,0.79385830078125,0.0
,2489,,,,,1.922607421875,75.9521484375,0.41101640625,0.8563187072753906,0.0
,2490,,,,,-2.8564453125,76.0894775390625,0.34493060302734374,0.8901902709960938,0.0
,2491,,,,,-6.2347412109375,75.29296875,0.2829881103515625,0.9161895446777344,0.0
,2492,,,,,-7.6446533203125,74.2767333984375,0.19660008544921875,0.9478858703613282,0.0
,2493,,,,,-11.68212890625,72.9949951171875,0.15340607299804687,0.9624910400390625,0.0
,2494,,,,,-15.802001953125,71.3287353515625,0.08131246948242188,0.9673594299316407,0.0
,2495,,,,,-18.017578125,69.0582275390625,0.0393614501953125,0.9616623779296876,0.0
,2496,,,,,-23.0255126953125,66.9342041015625,-0.039154284667968754,0.9319341247558593,0.0
,2497,,,,,-29.205322265625,64.2608642578125,-0.0633926513671875,0.9495431945800782,0.0
,2498,,,,,-35.19287109375,61.541748046875,-0.110212060546875,0.9358702697753907,0.0
,2499,,,,,-40.521240234375,58.8958740234375,-0.15962103881835937,0.8916404296875,0.0
,2500,,,,,-44.879150390625,56.2957763671875,-0.20903001708984376,0.8912260986328125,0.0
,2501,,,,,-49.2645263671875,53.485107421875,-0.2713868408203125,0.8602548522949219,0.0
,2502,,,,,-53.1280517578125,50.8209228515625,-0.34109804077148437,0.8374666442871094,0.0
,2503,,,,,-56.6070556640625,47.9095458984375,-0.38750311889648437,0.8043201599121094,0.0
,2504,,,,,-60.1409912109375,44.4488525390625,-0.44809903564453124,0.7610225646972657,0.0
,2505,,,,,-63.079833984375,40.9515380859375,-0.5157385803222656,0.6972155822753906,0.0
,2506,,,,,-64.9017333984375,37.628173828125,-0.5920790771484375,0.6462528625488282,0.0
,2507,,,,,-67.1630859375,33.9202880859375,-0.6554717285156251,0.6056484191894531,0.0
,2508,,,,,-69.0216064453125,29.901123046875,-0.6978370788574219,0.5681514587402344,0.0
,2509,,,,,-68.756103515625,28.6651611328125,-0.7611261474609375,0.5006154968261719,0.0
,2510,,,,,-68.4356689453125,26.348876953125,-0.8057703186035157,0.46674393310546874,0.0
,2511,,,,,-68.9849853515625,22.210693359375,-0.8232758056640626,0.4392945007324219,0.0
,2512,,,,,-69.085693359375,17.633056640625,-0.8621193420410157,0.3965148193359375,0.0
,2513,,,,,-70.1019287109375,11.8194580078125,-0.8971303161621094,0.36202175903320316,0.0
,2514,,,,,-71.044921875,6.6192626953125,-0.8937120849609376,0.3259749572753906,0.0
,2515,,,,,-74.1119384765625,-3.3416748046875,-0.9090423339843751,0.29893985595703126,0.0
,2516,,,,,-75.9613037109375,-6.5460205078125,-0.9084208374023438,0.23896543579101565,0.0
,2517,,,,,-72.4639892578125,-11.9842529296875,-0.9256155761718751,0.20115772705078125,0.0
,2518,,,,,-72.235107421875,-16.3970947265625,-0.9293445556640625,0.12067391967773437,0.0
,2519,,,,,-71.9879150390625,-20.745849609375,-0.94301748046875,0.060595916748046874,0.0
,2520,,,,,-71.502685546875,-24.8382568359375,-0.9381490905761719,-0.020095056152343752,0.0
,2521,,,,,-70.3399658203125,-30.06591796875,-0.9326592041015626,-0.07033269653320312,0.0
,2522,,,,,-68.975830078125,-34.515380859375,-0.9274800659179688,-0.13424326171875,0.0
,2523,,,,,-67.49267578125,-37.46337890625,-0.9110104064941407,-0.15299174194335938,0.0
,2524,,,,,-66.522216796875,-38.690185546875,-0.9026202026367188,-0.25740316772460936,0.0
,2525,,,,,-63.61083984375,-41.656494140625,-0.8949550781250001,-0.31851699829101565,0.0
,2526,,,,,-61.0198974609375,-43.9544677734375,-0.8802463256835937,-0.39993305053710937,0.0
,2527,,,,,-58.721923828125,-45.2728271484375,-0.8556972106933594,-0.4302828002929688,0.0
,2528,,,,,-54.8492431640625,-48.541259765625,-0.8655375732421875,-0.5052767211914063,0.0
,2529,,,,,-50.6927490234375,-51.0406494140625,-0.8451317687988281,-0.532829736328125,0.0
,2530,,,,,-45.1995849609375,-55.11474609375,-0.8363272338867188,-0.6006764465332032,0.0
,2531,,,,,-39.8712158203125,-58.831787109375,-0.7887827453613282,-0.6036803466796875,0.0
,2532,,,,,-31.6680908203125,-61.6241455078125,-0.78059970703125,-0.6610651977539063,0.0
,2533,,,,,-30.4046630859375,-64.6728515625,-0.7229041076660156,-0.6722521362304688,0.0
,2534,,,,,-25.3326416015625,-67.840576171875,-0.6976299133300782,-0.7319158081054687,0.0
,2535,,,,,-20.4254150390625,-70.2484130859375,-0.62812587890625,-0.7511822021484376,0.0
,2536,,,,,-16.9464111328125,-72.1160888671875,-0.565976220703125,-0.7833964416503907,0.0
,2537,,,,,-12.945556640625,-73.53515625,-0.46922991943359377,-0.7768707275390625,0.0
,2538,,,,,-8.2305908203125,-74.1485595703125,-0.43328670043945317,-0.8247259643554687,0.0
,2539,,,,,-3.4332275390625,-74.560546875,-0.3500061584472656,-0.8302158508300782,0.0
,2540,,,,,0.3936767578125,-74.23095703125,-0.31644534301757815,-0.8754815185546875,0.0
,2541,,,,,3.1768798828125,-73.992919921875,-0.23368271484375,-0.8830430603027344,0.0
,2542,,,,,7.763671875,-73.040771484375,-0.184791650390625,-0.9124605651855469,0.0
,2543,,,,,10.80322265625,-71.8597412109375,-0.08980625610351563,-0.8998234680175782,0.0
,2544,,,,,13.0645751953125,-70.5413818359375,-0.03987936401367188,-0.9139107238769532,0.0
,2545,,,,,17.6605224609375,-69.17724609375,0.016158911132812502,-0.9168110412597656,0.0
,2546,,,,,22.7783203125,-66.925048828125,0.044644171142578126,-0.9291373901367188,0.0
,2547,,,,,28.7017822265625,-64.4805908203125,0.09954303588867187,-0.9268585693359376,0.0
,2548,,,,,34.0484619140625,-62.2283935546875,0.09912870483398438,-0.9379419250488281,0.0
,2549,,,,,39.642333984375,-59.3902587890625,0.1727760498046875,-0.9126677307128906,0.0
,2550,,,,,45.703125,-56.0302734375,0.2108945068359375,-0.8759994323730469,0.0
,2551,,,,,50.6744384765625,-53.3111572265625,0.24787355346679688,-0.8716489562988281,0.0
,2552,,,,,54.5745849609375,-50.848388671875,0.29262130737304687,-0.8495858276367187,0.0
,2553,,,,,57.989501953125,-47.991943359375,0.35456380004882815,-0.8301122680664063,0.0
,2554,,,,,61.1572265625,-45.135498046875,0.421789013671875,-0.7782173034667969,0.0
,2555,,,,,64.5538330078125,-41.56494140625,0.49491844482421876,-0.7321229736328125,0.0
,2556,,,,,67.41943359375,-37.8936767578125,0.5426700988769532,-0.6841641540527343,0.0
,2557,,,,,68.9117431640625,-35.2294921875,0.6176640197753906,-0.6203571716308593,0.0
,2558,,,,,69.2962646484375,-34.0484619140625,0.6711127258300782,-0.5748843383789063,0.0
,2559,,,,,70.27587890625,-30.029296875,0.7268402526855469,-0.5354193054199219,0.0
,2560,,,,,70.880126953125,-26.1474609375,0.8031807495117188,-0.48052044067382815,0.0
,2561,,,,,70.2301025390625,-23.7762451171875,0.8308373474121094,-0.45452116699218753,0.0
,2562,,,,,70.8892822265625,-18.7225341796875,0.8597369384765625,-0.42448216552734375,0.0
,2563,,,,,71.2738037109375,-13.5406494140625,0.8895687744140626,-0.3887461120605469,0.0
,2564,,,,,72.10693359375,-6.976318359375,0.9283087280273438,-0.33457232666015624,0.0
,2565,,,,,77.325439453125,2.069091796875,0.9316233764648438,-0.2702474304199219,0.0
,2566,,,,,73.6175537109375,5.16357421875,0.926547821044922,-0.2485986328125,0.0
,2567,,,,,76.8218994140625,10.7208251953125,0.9105960754394532,-0.1898672058105469,0.0
,2568,,,,,73.7274169921875,16.094970703125,0.9453998840332032,-0.13413967895507814,0.0
,2569,,,,,76.8402099609375,21.478271484375,0.9208507690429688,-0.06774312744140626,0.0
,2570,,,,,72.69287109375,25.1495361328125,0.9277908142089843,-0.0069400451660156254,0.0
,2571,,,,,71.484375,28.875732421875,0.9263406555175782,0.08483428344726562,0.0
,2572,,,,,69.9371337890625,32.464599609375,0.9440533081054687,0.14584453125,0.0
,2573,,,,,67.3736572265625,37.17041015625,0.9152572998046875,0.22042412109375,0.0
,2574,,,,,64.8468017578125,40.5487060546875,0.9194006103515625,0.2898245727539063,0.0
,2575,,,,,63.7481689453125,40.72265625,0.9067635131835938,0.3546673828125,0.0
,2576,,,,,61.19384765625,42.8192138671875,0.9091459167480469,0.425103662109375,0.0
,2577,,,,,57.806396484375,45.9503173828125,0.8910189331054688,0.48010610961914063,0.0
,2578,,,,,54.60205078125,47.479248046875,0.9048990234375001,0.5236108703613281,0.0
,2579,,,,,50.3997802734375,50.299072265625,0.8809714050292969,0.5804778076171875,0.0
,2580,,,,,45.794677734375,53.7322998046875,0.8426457824707031,0.5860712768554688,0.0
,2581,,,,,39.9261474609375,58.2550048828125,0.8193396606445312,0.6155923645019531,0.0
,2582,,,,,33.6456298828125,62.0635986328125,0.7611261474609375,0.6011943603515625,0.0
,2583,,,,,29.55322265625,65.167236328125,0.72425068359375,0.6318548583984375,0.0
,2584,,,,,24.8382568359375,68.4173583984375,0.6594078735351563,0.6421095520019532,0.0
,2585,,,,,19.9127197265625,70.916748046875,0.6114490539550781,0.680331591796875,0.0
,2586,,,,,15.1153564453125,72.784423828125,0.5486778991699219,0.6799172607421875,0.0
,2587,,,,,11.3067626953125,74.1851806640625,0.5122167663574219,0.7502499572753907,0.0
,2588,,,,,7.1136474609375,75.2105712890625,0.4210639343261719,0.8051488220214844,0.0
,2589,,,,,2.1331787109375,75.6591796875,0.3981721435546875,0.8648124938964844,0.0
,2590,,,,,-2.6641845703125,75.6591796875,0.32980751953125004,0.8881186157226563,0.0
,2591,,,,,-6.060791015625,75.0,0.27407999267578126,0.9068670959472657,0.0
,2592,,,,,-7.6446533203125,74.102783203125,0.1769193603515625,0.9139107238769532,0.0
,2593,,,,,-11.7919921875,72.6287841796875,0.11508045043945313,0.9134963928222657,0.0
,2594,,,,,-15.8111572265625,70.9991455078125,0.06028516845703125,0.9395992492675782,0.0
,2595,,,,,-17.889404296875,68.9208984375,0.025377777099609377,0.9575190673828126,0.0
,2596,,,,,-22.869873046875,66.6046142578125,-0.04671582641601563,0.9426031494140625,0.0
,2597,,,,,-29.11376953125,63.6199951171875,-0.06432489624023438,0.92644423828125,0.0
,2598,,,,,-35.19287109375,61.541748046875,-0.11860226440429687,0.9055205200195313,0.0
,2599,,,,,-40.594482421875,59.326171875,-0.174847705078125,0.86346591796875,0.0
,2600,,,,,-45.703125,56.9915771484375,-0.21265541381835937,0.8519682312011719,0.0
,2601,,,,,-47.2503662109375,54.2999267578125,-0.261028564453125,0.8016270080566407,0.0
,2602,,,,,-55.609130859375,51.7364501953125,-0.3260785400390625,0.7672375305175781,0.0
,2603,,,,,-58.85009765625,49.658203125,-0.3839813049316406,0.7310871459960938,0.0
,2604,,,,,-61.7523193359375,47.16796875,-0.4656045227050781,0.6801244262695313,0.0
,2605,,,,,-65.1123046875,43.1488037109375,-0.5332440673828125,0.6616866943359375,0.0
,2606,,,,,-67.2821044921875,39.5599365234375,-0.5834817077636719,0.6309226135253907,0.0
,2607,,,,,-68.133544921875,37.811279296875,-0.6337193481445312,0.5834817077636719,0.0
,2608,,,,,-69.17724609375,34.698486328125,-0.7140995727539062,0.5395626159667969,0.0
,2609,,,,,-69.3695068359375,32.684326171875,-0.7751098205566407,0.4901536376953125,0.0
,2610,,,,,-69.9554443359375,28.912353515625,-0.8011090942382812,0.4595967224121094,0.0
,2611,,,,,-71.1456298828125,23.9776611328125,-0.8397454650878906,0.4355655212402344,0.0
,2612,,,,,-71.173095703125,20.0775146484375,-0.869266552734375,0.39993305053710937,0.0
,2613,,,,,-71.9146728515625,14.3280029296875,-0.9075921752929688,0.3721728698730469,0.0
,2614,,,,,-75.6134033203125,7.9193115234375,-0.9380455078125001,0.31209486694335936,0.0
,2615,,,,,-75.640869140625,-2.838134765625,-0.9368025146484376,0.2764623962402344,0.0
,2616,,,,,-76.0345458984375,-3.515625,-0.9525470947265625,0.216280810546875,0.0
,2617,,,,,-73.6358642578125,-8.7066650390625,-0.9419816528320313,0.1918352783203125,0.0
,2618,,,,,-77.1881103515625,-14.8590087890625,-0.9422924011230469,0.11238729858398439,0.0
,2619,,,,,-72.5006103515625,-19.537353515625,-0.9344201110839844,0.08224471435546875,0.0
,2620,,,,,-71.4202880859375,-23.4832763671875,-0.9510969360351563,-0.005800634765625,0.0
,2621,,,,,-70.12939453125,-27.557373046875,-0.938977752685547,-0.04878748168945313,0.0
,2622,,,,,-67.9046630859375,-32.0709228515625,-0.9480930358886719,-0.14263346557617188,0.0
,2623,,,,,-65.5426025390625,-35.9527587890625,-0.9564832397460937,-0.18044117431640624,0.0
,2624,,,,,-64.0594482421875,-37.5823974609375,-0.947160791015625,-0.28319527587890625,0.0
,2625,,,,,-62.0269775390625,-40.7318115234375,-0.9166038757324219,-0.33053259887695313,0.0
,2626,,,,,-59.7747802734375,-43.798828125,-0.8966124023437501,-0.4011760437011719,0.0
,2627,,,,,-56.707763671875,-45.9320068359375,-0.8610835144042969,-0.42085676879882816,0.0
,2628,,,,,-53.4942626953125,-48.2666015625,-0.8701987976074219,-0.5007190795898437,0.0
,2629,,,,,-50.0152587890625,-50.3448486328125,-0.8249331298828125,-0.4982330932617188,0.0
,2630,,,,,-44.9066162109375,-54.5928955078125,-0.833737664794922,-0.5669084655761719,0.0
,2631,,,,,-39.5599365234375,-58.7127685546875,-0.812917529296875,-0.5910432495117187,0.0
,2632,,,,,-31.45751953125,-62.127685546875,-0.7958263732910157,-0.6328906860351563,0.0
,2633,,,,,-29.132080078125,-65.4510498046875,-0.7478675537109375,-0.6269864685058594,0.0
,2634,,,,,-23.8494873046875,-68.5638427734375,-0.7168963073730469,-0.6791921813964844,0.0
,2635,,,,,-18.93310546875,-71.5118408203125,-0.6425238830566407,-0.6851999816894532,0.0
,2636,,,,,-14.703369140625,-73.1964111328125,-0.5806849731445313,-0.7211432006835937,0.0
,2637,,,,,-10.1898193359375,-74.249267578125,-0.5120096008300782,-0.7411346740722656,0.0
,2638,,,,,-5.2642822265625,-75.54931640625,-0.46384361572265626,-0.789714990234375,0.0
,2639,,,,,-0.347900390625,-76.446533203125,-0.3899891052246094,-0.8125031982421875,0.0
,2640,,,,,3.2958984375,-76.13525390625,-0.35155989990234376,-0.8665734008789063,0.0
,2641,,,,,5.914306640625,-75.7598876953125,-0.2702474304199219,-0.8727883666992188,0.0
,2642,,,,,10.4736328125,-74.7894287109375,-0.18665614013671875,-0.8690593872070312,0.0
,2643,,,,,13.4033203125,-73.1414794921875,-0.07116135864257812,-0.8518646484375,0.0
,2644,,,,,14.5294189453125,-71.37451171875,-0.03977578125,-0.8805570739746094,0.0
,2645,,,,,18.768310546875,-69.8822021484375,0.033975146484375,-0.8913296813964844,0.0
,2646,,,,,24.5819091796875,-67.6300048828125,0.04070802612304688,-0.9003413818359375,0.0
,2647,,,,,30.4779052734375,-65.570068359375,0.098610791015625,-0.8823179809570313,0.0
,2648,,,,,30.4779052734375,-65.570068359375,0.11767001953125,-0.8755851013183594,0.0
,2649,,,,,40.6494140625,-61.2579345703125,0.15734221801757814,-0.8671948974609375,0.0
,2650,,,,,40.6494140625,-61.2579345703125,0.21379482421875,-0.8269012023925781,0.0
,2651,,,,,50.8392333984375,-56.1492919921875,0.28816724853515624,-0.8094992980957032,0.0
,2652,,,,,50.8392333984375,-56.1492919921875,0.32431763305664063,-0.7918902282714844,0.0
,2653,,,,,58.1817626953125,-51.141357421875,0.3672008972167969,-0.7801853759765626,0.0
,2654,,,,,61.48681640625,-48.541259765625,0.42696815185546877,-0.7239399353027344,0.0
,2655,,,,,64.8284912109375,-44.696044921875,0.5006154968261719,-0.6722521362304688,0.0
,2656,,,,,67.437744140625,-41.1529541015625,0.5650439758300781,-0.6162138610839843,0.0
,2657,,,,,68.5455322265625,-38.323974609375,0.6172496887207032,-0.5993298706054687,0.0
,2658,,,,,68.5089111328125,-37.4267578125,0.6936937683105469,-0.5476420715332031,0.0
,2659,,,,,69.3603515625,-33.837890625,0.7636121337890626,-0.5037229797363282,0.0
,2660,,,,,70.1202392578125,-29.5806884765625,0.817164422607422,-0.4642579467773438,0.0
,2661,,,,,69.2230224609375,-26.9989013671875,0.8376738098144532,-0.4388801696777344,0.0
,2662,,,,,69.598388671875,-21.5789794921875,0.8921583435058594,-0.39982946777343753,0.0
,2663,,,,,70.0927734375,-15.5181884765625,0.9273764831542969,-0.3749696044921875,0.0
,2664,,,,,70.8526611328125,-8.660888671875,0.9436389770507813,-0.3424446166992188,0.0
,2665,,,,,73.846435546875,2.4078369140625,0.9302768005371094,-0.31623817749023436,0.0
,2666,,,,,71.356201171875,3.22265625,0.95959072265625,-0.27418357543945315,0.0
,2667,,,,,71.2554931640625,8.45947265625,0.947160791015625,-0.20913359985351562,0.0
,2668,,,,,71.1822509765625,14.4287109375,0.9563796569824219,-0.15226666259765625,0.0
,2669,,,,,70.9075927734375,19.66552734375,0.9394956665039063,-0.08649160766601563,0.0
,2670,,,,,70.3125,23.5931396484375,0.9508897705078125,-0.02672435302734375,0.0
,2671,,,,,68.9849853515625,27.7313232421875,0.9378383422851563,0.05116988525390625,0.0
,2672,,,,,67.0806884765625,32.080078125,0.9447783874511719,0.12937487182617188,0.0
,2673,,,,,64.9383544921875,36.3739013671875,0.9267549865722656,0.19981115112304687,0.0
,2674,,,,,62.933349609375,39.2852783203125,0.9259263244628907,0.2551243469238281,0.0
,2675,,,,,61.63330078125,40.4296875,0.8969231506347657,0.32794302978515627,0.0
,2676,,,,,58.1451416015625,43.39599609375,0.9110104064941407,0.39599690551757816,0.0
,2677,,,,,54.96826171875,45.9503173828125,0.9137035583496094,0.4593895568847656,0.0
,2678,,,,,52.6153564453125,46.9390869140625,0.8876007019042969,0.48217776489257813,0.0
,2679,,,,,48.5504150390625,50.4547119140625,0.8646053283691406,0.5414271057128907,0.0
,2680,,,,,43.3319091796875,54.6295166015625,0.8515539001464844,0.562661572265625,0.0
,2681,,,,,38.0859375,58.8043212890625,0.81706083984375,0.5865891906738282,0.0
,2682,,,,,32.8948974609375,62.1185302734375,0.7563613403320313,0.5747807556152343,0.0
,2683,,,,,28.6376953125,65.5426025390625,0.7135816589355469,0.6117598022460937,0.0
,2684,,,,,22.869873046875,68.682861328125,0.66458701171875,0.6341336791992188,0.0
,2685,,,,,17.889404296875,71.099853515625,0.6511212524414063,0.6916221130371094,0.0
,2686,,,,,13.9251708984375,72.83935546875,0.5733305969238282,0.6937973510742188,0.0
,2687,,,,,9.9517822265625,74.2034912109375,0.5107666076660157,0.7410310913085938,0.0
,2688,,,,,4.595947265625,75.1373291015625,0.4156776306152344,0.7609189819335938,0.0
,2689,,,,,0.1556396484375,75.732421875,0.3928894226074219,0.8187181640625,0.0
,2690,,,,,-3.0853271484375,75.9063720703125,0.32141731567382814,0.8513467346191407,0.0
,2691,,,,,-6.427001953125,75.2471923828125,0.2465269775390625,0.8811785705566406,0.0
,2692,,,,,-8.16650390625,74.1668701171875,0.13807582397460938,0.8841824707031251,0.0
,2693,,,,,-11.3525390625,73.077392578125,0.10544725341796875,0.9236475036621095,0.0
,2694,,,,,-14.6026611328125,71.88720703125,0.03977578125,0.9414637390136719,0.0
,2695,,,,,-17.340087890625,69.7357177734375,0.0020716552734375,0.9420852355957031,0.0
,2696,,,,,-23.1536865234375,67.5384521484375,-0.06080308227539063,0.9241654174804688,0.0
,2697,,,,,-29.0313720703125,65.1763916015625,-0.10700099487304687,0.9227152587890626,0.0
,2698,,,,,-34.0118408203125,63.17138671875,-0.13683283081054687,0.9094566650390625,0.0
,2699,,,,,-34.0118408203125,63.17138671875,-0.17557278442382812,0.8749636047363282,0.0
,2700,,,,,-44.1192626953125,59.619140625,-0.24673414306640626,0.8362236511230469,0.0
,2701,,,,,-44.1192626953125,59.619140625,-0.28236661376953126,0.8113637878417969,0.0
,2702,,,,,-53.5675048828125,53.7689208984375,-0.3672008972167969,0.7712772583007813,0.0
,2703,,,,,-56.671142578125,51.1138916015625,-0.4197173583984375,0.7386486877441406,0.0
,2704,,,,,-59.36279296875,48.2940673828125,-0.4724409851074219,0.7210396179199219,0.0
,2705,,,,,-62.3748779296875,44.7052001953125,-0.5416342712402344,0.6850963989257812,0.0
,2706,,,,,-64.6820068359375,40.8782958984375,-0.6194249267578125,0.6410737243652344,0.0
,2707,,,,,-65.2862548828125,39.3585205078125,-0.6812638366699219,0.5757130004882812,0.0
,2708,,,,,-66.24755859375,36.4837646484375,-0.7224897766113282,0.5437059265136719,0.0
,2709,,,,,-67.1356201171875,32.794189453125,-0.768169775390625,0.48373150634765627,0.0
,2710,,,,,-67.41943359375,29.4158935546875,-0.8259689575195313,0.45037785644531253,0.0
,2711,,,,,-68.060302734375,25.5340576171875,-0.8550757141113281,0.43908733520507814,0.0
,2712,,,,,-68.15185546875,21.2860107421875,-0.8892580261230469,0.39786139526367187,0.0
,2713,,,,,-68.8568115234375,15.472412109375,-0.9081100891113282,0.37890574951171874,0.0
,2714,,,,,-69.873046875,8.404541015625,-0.9395992492675782,0.3335364990234375,0.0
,2715,,,,,-73.42529296875,-2.7008056640625,-0.9318305419921875,0.3158238464355469,0.0
,2716,,,,,-71.19140625,-3.4423828125,-0.9292409729003906,0.25740316772460936,0.0
,2717,,,,,-71.7864990234375,-8.7982177734375,-0.9435353942871094,0.20302221679687502,0.0
,2718,,,,,-71.539306640625,-14.5111083984375,-0.9601086364746094,0.12626738891601563,0.0
,2719,,,,,-71.1822509765625,-19.7113037109375,-0.9457106323242188,0.10244335327148438,0.0
,2720,,,,,-70.330810546875,-23.91357421875,-0.9346272766113282,0.017505487060546877,0.0
,2721,,,,,-69.03076171875,-28.41796875,-0.9390813354492188,-0.027449432373046877,0.0
,2722,,,,,-67.0166015625,-33.4808349609375,-0.9415673217773438,-0.11487328491210938,0.0
,2723,,,,,-64.801025390625,-37.68310546875,-0.9426031494140625,-0.15848162841796876,0.0
,2724,,,,,-62.750244140625,-41.0614013671875,-0.9445712219238281,-0.23243972167968752,0.0
,2725,,,,,-60.1043701171875,-43.6798095703125,-0.9209543518066406,-0.28412752075195313,0.0
,2726,,,,,-58.0718994140625,-44.8699951171875,-0.9064527648925782,-0.38056307373046877,0.0
,2727,,,,,-54.9407958984375,-47.3876953125,-0.8630515869140625,-0.41132715454101565,0.0
,2728,,,,,-51.8646240234375,-50.262451171875,-0.8718561218261719,-0.497197265625,0.0
,2729,,,,,-48.4954833984375,-51.7364501953125,-0.8414027893066407,-0.5115952697753906,0.0
,2730,,,,,-43.2220458984375,-55.426025390625,-0.8209969848632813,-0.5646296447753907,0.0
,2731,,,,,-38.067626953125,-59.58251953125,-0.7926153076171876,-0.5688765380859375,0.0
,2732,,,,,-32.3638916015625,-62.969970703125,-0.7666160339355469,-0.6014015258789063,0.0
,2733,,,,,-28.509521484375,-66.0003662109375,-0.7365770324707032,-0.6319584411621094,0.0
,2734,,,,,-23.126220703125,-69.2047119140625,-0.7133744934082031,-0.6940045166015625,0.0
,2735,,,,,-18.34716796875,-72.25341796875,-0.6222216613769531,-0.660443701171875,0.0
,2736,,,,,-14.7125244140625,-73.86474609375,-0.5672192138671875,-0.7061236999511719,0.0
,2737,,,,,-10.8306884765625,-75.3204345703125,-0.493053955078125,-0.7223861938476562,0.0
,2738,,,,,-6.1798095703125,-76.13525390625,-0.4326652038574219,-0.7774922241210938,0.0
,2739,,,,,-1.5472412109375,-76.7578125,-0.3485559997558594,-0.7819462829589844,0.0
,2740,,,,,1.666259765625,-76.6754150390625,-0.29997568359375,-0.8327018371582031,0.0
,2741,,,,,3.0670166015625,-76.153564453125,-0.20291863403320312,-0.8681271423339844,0.0
,2742,,,,,6.060791015625,-75.274658203125,-0.14107972412109376,-0.8924690917968751,0.0
,2743,,,,,9.9884033203125,-74.249267578125,-0.058938592529296875,-0.8964052368164063,0.0
,2744,,,,,12.3321533203125,-72.94921875,-0.005904217529296875,-0.8944371643066407,0.0
,2745,,,,,16.7633056640625,-71.337890625,0.04412625732421875,-0.8961980712890625,0.0
,2746,,,,,21.9635009765625,-69.3328857421875,0.06132099609375,-0.9034488647460938,0.0
,2747,,,,,28.23486328125,-66.7877197265625,0.11860226440429687,-0.8996163024902344,0.0
,2748,,,,,28.23486328125,-66.7877197265625,0.11590911254882813,-0.9061420166015626,0.0
,2749,,,,,38.92822265625,-62.6129150390625,0.189763623046875,-0.8728919494628906,0.0
,2750,,,,,38.92822265625,-62.6129150390625,0.24228008422851563,-0.8589082763671875,0.0
,2751,,,,,48.504638671875,-57.037353515625,0.29490012817382816,-0.8511395690917969,0.0
,2752,,,,,50.225830078125,-54.052734375,0.3402693786621094,-0.7997625183105469,0.0
,2753,,,,,55.865478515625,-51.7364501953125,0.4136059753417969,-0.7664088684082031,0.0
,2754,,,,,58.8775634765625,-48.7060546875,0.468194091796875,-0.7298441528320313,0.0
,2755,,,,,61.175537109375,-45.4833984375,0.5318974914550781,-0.7191751281738281,0.0
,2756,,,,,63.812255859375,-41.326904296875,0.5933220703125001,-0.6799172607421875,0.0
,2757,,,,,65.679931640625,-37.408447265625,0.6669694152832032,-0.6381734069824219,0.0
,2758,,,,,65.8447265625,-36.14501953125,0.7415490051269531,-0.5879357666015625,0.0
,2759,,,,,66.8792724609375,-32.940673828125,0.7794602966308594,-0.549402978515625,0.0
,2760,,,,,68.1060791015625,-28.729248046875,0.8057703186035157,-0.5106630249023437,0.0
,2761,,,,,68.1976318359375,-25.634765625,0.852693310546875,-0.4644651123046875,0.0
,2762,,,,,68.975830078125,-20.709228515625,0.8741349426269531,-0.44115899047851564,0.0
,2763,,,,,69.5068359375,-15.362548828125,0.8812821533203126,-0.4089447509765625,0.0
,2764,,,,,70.257568359375,-9.3109130859375,0.9157752136230469,-0.38315264282226563,0.0
,2765,,,,,73.9471435546875,3.350830078125,0.9105960754394532,-0.35352797241210937,0.0
,2766,,,,,71.3470458984375,4.522705078125,0.9139107238769532,-0.3257677917480469,0.0
,2767,,,,,71.4752197265625,10.29052734375,0.9145322204589844,-0.2551243469238281,0.0
,2768,,,,,71.3287353515625,15.3350830078125,0.9373204284667969,-0.19898248901367188,0.0
,2769,,,,,70.71533203125,21.3409423828125,0.9528578430175781,-0.12461006469726563,0.0
,2770,,,,,70.0103759765625,26.7333984375,0.9527542602539063,-0.053863037109375005,0.0
,2771,,,,,68.9117431640625,30.5877685546875,0.9171217895507813,0.000103582763671875,0.0
,2772,,,,,67.3095703125,34.3505859375,0.9422924011230469,0.08276262817382812,0.0
,2773,,,,,64.984130859375,38.8916015625,0.91981494140625,0.14574094848632813,0.0
,2774,,,,,62.7960205078125,42.7825927734375,0.9122533996582032,0.21389840698242188,0.0
,2775,,,,,61.8255615234375,43.7347412109375,0.885839794921875,0.2839203552246094,0.0
,2776,,,,,59.0606689453125,45.941162109375,0.8990983886718751,0.36854747314453123,0.0
,2777,,,,,55.865478515625,48.797607421875,0.8697844665527344,0.431732958984375,0.0
,2778,,,,,53.21044921875,49.8321533203125,0.8555936279296875,0.49046438598632813,0.0
,2779,,,,,49.383544921875,52.91748046875,0.8441995239257812,0.5442238403320313,0.0
,2780,,,,,44.5770263671875,56.2591552734375,0.8204790710449219,0.5745735900878907,0.0
,2781,,,,,29.718017578125,60.1043701171875,0.8056667358398438,0.6127956298828126,0.0
,2782,,,,,34.039306640625,63.9495849609375,0.7518036987304688,0.5971546325683594,0.0
,2783,,,,,29.7271728515625,67.08984375,0.7097490966796876,0.6168353576660156,0.0
,2784,,,,,25.2227783203125,69.818115234375,0.6364125,0.616524609375,0.0
,2785,,,,,20.123291015625,72.6654052734375,0.5820315490722656,0.6557824768066406,0.0
,2786,,,,,15.6829833984375,75.2288818359375,0.5200890563964844,0.6693518188476563,0.0
,2787,,,,,12.5518798828125,76.666259765625,0.46487944335937503,0.7263223388671876,0.0
,2788,,,,,8.49609375,77.63671875,0.3933037536621094,0.7729345825195313,0.0
,2789,,,,,3.900146484375,77.838134765625,0.3444126892089844,0.8196504089355469,0.0
,2790,,,,,0.4302978515625,77.618408203125,0.25533151245117186,0.8325982543945313,0.0
,2791,,,,,-2.5634765625,77.1514892578125,0.2021935546875,0.8729955322265626,0.0
,2792,,,,,-4.13818359375,76.57470703125,0.13455401000976563,0.8864612915039063,0.0
,2793,,,,,-7.94677734375,75.1373291015625,0.0890811767578125,0.9158787963867188,0.0
,2794,,,,,-12.6708984375,73.3245849609375,0.01968072509765625,0.955550994873047,0.0
,2795,,,,,-15.56396484375,70.9808349609375,-0.013569342041015625,0.9609372985839844,0.0
,2796,,,,,-20.5078125,69.012451171875,-0.05707410278320313,0.9450891357421876,0.0
,2797,,,,,-26.62353515625,66.5863037109375,-0.0948818115234375,0.9207471862792969,0.0
,2798,,,,,-32.6751708984375,63.9312744140625,-0.15464906616210938,0.9029309509277345,0.0
,2799,,,,,-37.5823974609375,61.5234375,-0.19245677490234375,0.8883257812500001,0.0
,2800,,,,,-42.242431640625,59.4451904296875,-0.23337196655273437,0.8755851013183594,0.0
,2801,,,,,-43.8995361328125,56.5704345703125,-0.2930356384277344,0.8285585266113281,0.0
,2802,,,,,-51.763916015625,53.94287109375,-0.36771881103515625,0.7883684143066406,0.0
,2803,,,,,-55.059814453125,51.4801025390625,-0.4049050231933594,0.7733489135742188,0.0
,2804,,,,,-58.26416015625,48.74267578125,-0.4666403503417969,0.726736669921875,0.0
,2805,,,,,-61.8072509765625,44.622802734375,-0.5181209838867188,0.683646240234375,0.0
,2806,,,,,-64.4622802734375,40.704345703125,-0.587521435546875,0.6593042907714844,0.0
,2807,,,,,-66.2200927734375,37.518310546875,-0.65795771484375,0.6064770812988282,0.0
,2808,,,,,-67.694091796875,33.8287353515625,-0.7257008422851563,0.5544785339355469,0.0
,2809,,,,,-68.115234375,31.3751220703125,-0.7576043334960938,0.5189496459960937,0.0
,2810,,,,,-68.7744140625,27.7679443359375,-0.7829821105957031,0.49263962402343753,0.0
,2811,,,,,-69.3603515625,24.114990234375,-0.8159214294433594,0.4578358154296875,0.0
,2812,,,,,-69.0032958984375,20.6817626953125,-0.8630515869140625,0.41640270996093753,0.0
,2813,,,,,-69.68994140625,14.4012451171875,-0.8781746704101563,0.3924750915527344,0.0
,2814,,,,,-70.4681396484375,7.72705078125,-0.9042775268554688,0.3539423034667969,0.0
,2815,,,,,-74.102783203125,-3.5614013671875,-0.9340057800292969,0.3199671569824219,0.0
,2816,,,,,-71.3104248046875,-4.8614501953125,-0.9406350769042969,0.26662203369140625,0.0
,2817,,,,,-71.502685546875,-11.7095947265625,-0.9339021972656251,0.23803319091796876,0.0
,2818,,,,,-71.6400146484375,-17.87109375,-0.9252012451171875,0.1578601318359375,0.0
,2819,,,,,-71.3104248046875,-22.320556640625,-0.9307947143554688,0.10979772949218751,0.0
,2820,,,,,-70.49560546875,-26.55029296875,-0.93638818359375,0.03459664306640625,0.0
,2821,,,,,-69.140625,-31.2103271484375,-0.9102853271484376,-0.0029003173828125,0.0
,2822,,,,,-67.822265625,-35.9161376953125,-0.9255119934082031,-0.10441142578125,0.0
,2823,,,,,-66.2567138671875,-39.404296875,-0.9055205200195313,-0.1396295654296875,0.0
,2824,,,,,-65.07568359375,-41.656494140625,-0.8908117675781251,-0.20809777221679687,0.0
,2825,,,,,-62.2833251953125,-44.9249267578125,-0.8541434692382813,-0.25709241943359373,0.0
,2826,,,,,-60.0128173828125,-46.783447265625,-0.8381917236328126,-0.35787844848632816,0.0
,2827,,,,,-57.8521728515625,-47.918701171875,-0.8276262817382812,-0.41319164428710936,0.0
,2828,,,,,-54.0252685546875,-50.299072265625,-0.8215148986816406,-0.48549241333007814,0.0
,2829,,,,,-49.51171875,-52.9449462890625,-0.7969657836914062,-0.49212171020507817,0.0
,2830,,,,,-44.6044921875,-56.8450927734375,-0.7998661010742187,-0.5572752685546876,0.0
,2831,,,,,-39.6240234375,-59.5458984375,-0.7742811584472656,-0.5740556762695312,0.0
,2832,,,,,-32.6202392578125,-62.7685546875,-0.7519072814941407,-0.6185962646484375,0.0
,2833,,,,,-30.4229736328125,-66.265869140625,-0.6691446533203125,-0.6080308227539063,0.0
,2834,,,,,-25.3326416015625,-69.708251953125,-0.6347551757812501,-0.6581648803710938,0.0
,2835,,,,,-20.3704833984375,-72.4090576171875,-0.5845175354003906,-0.6627225219726562,0.0
,2836,,,,,-16.8182373046875,-74.0753173828125,-0.532829736328125,-0.7163783935546876,0.0
,2837,,,,,-12.9730224609375,-75.25634765625,-0.45068860473632816,-0.7620583923339844,0.0
,2838,,,,,-8.4228515625,-76.0711669921875,-0.4031441162109375,-0.8083598876953125,0.0
,2839,,,,,-3.9642333984375,-76.20849609375,-0.31354502563476566,-0.7927188903808594,0.0
,2840,,,,,-0.823974609375,-75.4486083984375,-0.264343212890625,-0.8548685485839844,0.0
,2841,,,,,0.4486083984375,-74.7711181640625,-0.1811662536621094,-0.8897759399414062,0.0
,2842,,,,,4.6142578125,-73.333740234375,-0.13890448608398437,-0.920643603515625,0.0
,2843,,,,,8.349609375,-71.7864990234375,-0.05438095092773438,-0.9218865966796875,0.0
,2844,,,,,9.9700927734375,-70.0927734375,-0.0285888427734375,-0.9401171630859375,0.0
,2845,,,,,14.9139404296875,-68.170166015625,0.036771881103515626,-0.9274800659179688,0.0
,2846,,,,,21.0845947265625,-66.0003662109375,0.05324154052734375,-0.9465392944335937,0.0
,2847,,,,,27.1087646484375,-63.922119140625,0.08255546264648438,-0.9393920837402344,0.0
,2848,,,,,32.464599609375,-62.2283935546875,0.10969414672851563,-0.9294481384277344,0.0
,2849,,,,,37.7655029296875,-60.53466796875,0.1760906982421875,-0.8992019714355469,0.0
,2850,,,,,43.5333251953125,-57.7423095703125,0.19297468872070314,-0.8589082763671875,0.0
,2851,,,,,48.1842041015625,-55.2703857421875,0.26910802001953127,-0.8348770751953125,0.0
,2852,,,,,51.8463134765625,-52.8717041015625,0.3274251159667969,-0.7925117248535156,0.0
,2853,,,,,55.3802490234375,-49.8138427734375,0.3650256591796875,-0.7818427001953125,0.0
,2854,,,,,58.99658203125,-45.6573486328125,0.4015903747558594,-0.7537717712402344,0.0
,2855,,,,,61.798095703125,-42.2607421875,0.4992689208984375,-0.703534130859375,0.0
,2856,,,,,63.958740234375,-38.9373779296875,0.5639045654296875,-0.66458701171875,0.0
,2857,,,,,65.8538818359375,-35.5682373046875,0.6101024780273437,-0.635583837890625,0.0
,2858,,,,,67.1630859375,-33.233642578125,0.6637583496093751,-0.5936328186035157,0.0
,2859,,,,,68.4173583984375,-29.443359375,0.7234220214843751,-0.5450525024414062,0.0
,2860,,,,,68.682861328125,-26.47705078125,0.7649587097167969,-0.5073483764648438,0.0
,2861,,,,,68.0694580078125,-23.638916015625,0.8065989807128906,-0.47295889892578125,0.0
,2862,,,,,68.6920166015625,-17.7337646484375,0.8368451477050781,-0.44654529418945316,0.0
,2863,,,,,69.305419921875,-11.6546630859375,0.8605656005859376,-0.4148489685058594,0.0
,2864,,,,,69.9188232421875,-6.060791015625,0.8861505432128907,-0.38429205322265625,0.0
,2865,,,,,72.0062255859375,2.545166015625,0.89329775390625,-0.3357117370605469,0.0
,2866,,,,,71.1822509765625,6.6375732421875,0.8918475952148438,-0.30090792846679687,0.0
,2867,,,,,71.539306640625,12.579345703125,0.8677128112792969,-0.23306121826171874,0.0
,2868,,,,,71.502685546875,16.9647216796875,0.9035524475097656,-0.16935781860351562,0.0
,2869,,,,,71.3287353515625,21.844482421875,0.8818000671386719,-0.11197296752929688,0.0
,2870,,,,,70.7977294921875,26.8524169921875,0.8971303161621094,-0.03490739135742187,0.0
,2871,,,,,69.7357177734375,31.4208984375,0.8748600219726563,0.050030474853515625,0.0
,2872,,,,,68.1243896484375,34.661865234375,0.8871863708496094,0.11373387451171875,0.0
,2873,,,,,66.082763671875,38.0218505859375,0.8814893188476562,0.199707568359375,0.0
,2874,,,,,63.8031005859375,41.5191650390625,0.8770352600097656,0.26475754394531253,0.0
,2875,,,,,62.98828125,42.352294921875,0.8612906799316407,0.35321722412109374,0.0
,2876,,,,,60.9649658203125,44.293212890625,0.8588046936035156,0.4064587646484375,0.0
,2877,,,,,57.9803466796875,46.9390869140625,0.8450281860351563,0.4728553161621094,0.0
,2878,,,,,54.400634765625,48.6785888671875,0.8437851928710938,0.5173959045410157,0.0
,2879,,,,,50.0885009765625,52.4322509765625,0.8065989807128906,0.5480564025878907,0.0
,2880,,,,,45.8221435546875,55.7281494140625,0.7768707275390625,0.5513710510253906,0.0
,2881,,,,,40.8966064453125,59.307861328125,0.7689984375000001,0.5902145874023438,0.0
,2882,,,,,32.6751708984375,63.0523681640625,0.7164819763183594,0.6126920471191406,0.0
,2883,,,,,30.57861328125,66.650390625,0.69110419921875,0.6514320007324219,0.0
,2884,,,,,26.3671875,69.0582275390625,0.6210822509765626,0.6454242004394531,0.0
,2885,,,,,22.2930908203125,70.916748046875,0.5736413452148438,0.6718378051757813,0.0
,2886,,,,,17.24853515625,72.9766845703125,0.4984402587890625,0.7183464660644532,0.0
,2887,,,,,12.78076171875,74.2034912109375,0.4616683776855469,0.7691020202636719,0.0
,2888,,,,,9.063720703125,74.6337890625,0.4015903747558594,0.8053559875488282,0.0
,2889,,,,,5.2642822265625,74.70703125,0.35456380004882815,0.8519682312011719,0.0
,2890,,,,,1.080322265625,74.029541015625,0.26879727172851564,0.8839753051757813,0.0
,2891,,,,,-3.680419921875,73.3428955078125,0.23016090087890625,0.9174325378417969,0.0
,2892,,,,,-5.2093505859375,73.0133056640625,0.14812335205078125,0.9377347595214844,0.0
,2893,,,,,-8.294677734375,71.9329833984375,0.11518403320312501,0.9491288635253906,0.0
,2894,,,,,-12.34130859375,70.7061767578125,0.07364734497070313,0.9617659606933594,0.0
,2895,,,,,-15.9210205078125,68.902587890625,0.020716552734375,0.9568975708007813,0.0
,2896,,,,,-21.6796875,67.3095703125,-0.0352181396484375,0.9437425598144532,0.0
,2897,,,,,-27.06298828125,65.2313232421875,-0.08441995239257813,0.9232331726074219,0.0
,2898,,,,,-32.5653076171875,62.80517578125,-0.12989278564453124,0.9199185241699219,0.0
,2899,,,,,-39.019775390625,59.8297119140625,-0.16428226318359376,0.8883257812500001,0.0
,2900,,,,,-44.78759765625,56.9549560546875,-0.21565931396484375,0.8591154418945313,0.0
,2901,,,,,-49.163818359375,54.3548583984375,-0.2827809448242188,0.806288232421875,0.0
,2902,,,,,-53.2928466796875,51.59912109375,-0.3335364990234375,0.7844322692871094,0.0
,2903,,,,,-57.550048828125,48.37646484375,-0.37652334594726566,0.7793567138671875,0.0
,2904,,,,,-60.8551025390625,45.30029296875,-0.43152579345703124,0.7559470092773438,0.0
,2905,,,,,-63.31787109375,42.00439453125,-0.4819705993652344,0.7125458312988281,0.0
,2906,,,,,-65.679931640625,38.800048828125,-0.5771631591796875,0.6586827941894532,0.0
,2907,,,,,-68.2159423828125,34.698486328125,-0.6451134521484375,0.6011943603515625,0.0
,2908,,,,,-69.6533203125,30.743408203125,-0.7028090515136719,0.5554107788085938,0.0
,2909,,,,,-69.25048828125,29.6722412109375,-0.7431027465820312,0.5281685119628906,0.0
,2910,,,,,-69.5343017578125,26.4495849609375,-0.7975872802734375,0.4794846130371094,0.0
,2911,,,,,-70.184326171875,22.0001220703125,-0.839434716796875,0.4436449768066406,0.0
,2912,,,,,-70.111083984375,17.6513671875,-0.8782782531738281,0.4028333679199219,0.0
,2913,,,,,-71.136474609375,11.97509765625,-0.8884293640136719,0.38657087402343754,0.0
,2914,,,,,-71.8048095703125,6.170654296875,-0.9013772094726563,0.3373690612792969,0.0
,2915,,,,,-74.37744140625,-2.8564453125,-0.9044846923828125,0.32545704345703125,0.0
,2916,,,,,-72.8851318359375,-6.298828125,-0.9176397033691407,0.25222402954101564,0.0
,2917,,,,,-72.9400634765625,-12.04833984375,-0.9261334899902344,0.20706194458007812,0.0
,2918,,,,,-72.8668212890625,-16.552734375,-0.93307353515625,0.12564589233398438,0.0
,2919,,,,,-72.6837158203125,-21.1578369140625,-0.9365953491210938,0.08151963500976563,0.0
,2920,,,,,-72.39990234375,-25.48828125,-0.9587620605468751,-0.02423836669921875,0.0
,2921,,,,,-71.2921142578125,-30.5328369140625,-0.9381490905761719,-0.07105777587890626,0.0
,2922,,,,,-69.671630859375,-35.137939453125,-0.9133928100585937,-0.1351755065917969,0.0
,2923,,,,,-67.9962158203125,-37.9119873046875,-0.9010664611816407,-0.16210702514648437,0.0
,2924,,,,,-67.0074462890625,-39.1387939453125,-0.8943335815429688,-0.27708389282226564,0.0
,2925,,,,,-64.19677734375,-42.6177978515625,-0.8902938537597657,-0.33871563720703124,0.0
,2926,,,,,-61.5142822265625,-44.8699951171875,-0.8787961669921875,-0.4180600341796875,0.0
,2927,,,,,-59.21630859375,-45.2178955078125,-0.8605656005859376,-0.4579393981933594,0.0
,2928,,,,,-55.5999755859375,-48.321533203125,-0.8647089111328126,-0.5339691467285156,0.0
,2929,,,,,-51.4892578125,-51.2786865234375,-0.8319767578125,-0.5424629333496094,0.0
,2930,,,,,-45.8221435546875,-55.352783203125,-0.8321839233398438,-0.6054412536621094,0.0
,2931,,,,,-40.2923583984375,-59.0057373046875,-0.7982087768554688,-0.5888680114746094,0.0
,2932,,,,,-31.8603515625,-62.1734619140625,-0.7970693664550782,-0.6576469665527344,0.0
,2933,,,,,-30.889892578125,-65.3778076171875,-0.7414454223632813,-0.6640690979003906,0.0
,2934,,,,,-25.689697265625,-68.426513671875,-0.6878931335449219,-0.7032233825683594,0.0
,2935,,,,,-20.91064453125,-71.026611328125,-0.61486728515625,-0.7145139038085938,0.0
,2936,,,,,-17.0379638671875,-72.5189208984375,-0.563490234375,-0.7492141296386718,0.0
,2937,,,,,-12.5701904296875,-73.974609375,-0.4975080139160156,-0.7626798889160157,0.0
,2938,,,,,-7.8277587890625,-75.1007080078125,-0.4434378112792969,-0.8165429260253907,0.0
,2939,,,,,-3.3782958984375,-75.6683349609375,-0.3439983581542969,-0.8205826538085937,0.0
,2940,,,,,0.457763671875,-75.6134033203125,-0.31344144287109377,-0.8906046020507813,0.0
,2941,,,,,3.350830078125,-75.3204345703125,-0.2398976806640625,-0.9181576171875,0.0
,2942,,,,,7.818603515625,-74.505615234375,-0.16738974609375,-0.9188826965332032,0.0
,2943,,,,,11.1053466796875,-73.3154296875,-0.09384598388671875,-0.9162931274414062,0.0
,2944,,,,,13.128662109375,-71.685791015625,-0.0476480712890625,-0.9332807006835938,0.0
,2945,,,,,17.6788330078125,-69.9005126953125,0.0319034912109375,-0.9274800659179688,0.0
,2946,,,,,23.0072021484375,-67.144775390625,0.04650866088867188,-0.9342129455566407,0.0
,2947,,,,,29.0130615234375,-64.5355224609375,0.0849378662109375,-0.9350416076660156,0.0
,2948,,,,,34.7076416015625,-62.1917724609375,0.11518403320312501,-0.9270657348632813,0.0
,2949,,,,,40.374755859375,-59.7198486328125,0.16076044921875002,-0.9169146240234375,0.0
,2950,,,,,45.4925537109375,-57.1197509765625,0.20208997192382813,-0.8912260986328125,0.0
,2951,,,,,50.8392333984375,-53.72314453125,0.26330738525390623,-0.8591154418945313,0.0
,2952,,,,,55.3985595703125,-50.6103515625,0.3016330078125,-0.8300086853027344,0.0
,2953,,,,,58.5205078125,-48.4588623046875,0.3562211242675781,-0.8044237426757813,0.0
,2954,,,,,61.9354248046875,-45.721435546875,0.42054602050781253,-0.7519072814941407,0.0
,2955,,,,,65.2496337890625,-42.1051025390625,0.49087871704101566,-0.7091276000976563,0.0
,2956,,,,,67.9595947265625,-38.2781982421875,0.57177685546875,-0.6527785766601563,0.0
,2957,,,,,69.5159912109375,-35.2935791015625,0.6296796203613282,-0.6296796203613282,0.0
,2958,,,,,69.7906494140625,-34.130859375,0.6835426574707032,-0.5794419799804688,0.0
,2959,,,,,70.367431640625,-31.256103515625,0.7255972595214844,-0.5514746337890625,0.0
,2960,,,,,71.2646484375,-27.24609375,0.7804961242675782,-0.4940897827148438,0.0
,2961,,,,,71.0540771484375,-24.2431640625,0.8284549438476563,-0.4477882873535156,0.0
,2962,,,,,71.5850830078125,-19.0704345703125,0.8575617004394531,-0.4260359069824219,0.0
,2963,,,,,72.2076416015625,-13.00048828125,0.8801427429199219,-0.4025226196289063,0.0
,2964,,,,,73.13232421875,-5.987548828125,0.9093530822753907,-0.38646729125976564,0.0
,2965,,,,,77.74658203125,1.995849609375,0.9026202026367188,-0.33250067138671874,0.0
,2966,,,,,74.212646484375,5.7220458984375,0.9381490905761719,-0.2768767272949219,0.0
,2967,,,,,77.2796630859375,11.02294921875,0.9236475036621095,-0.21493423461914063,0.0
,2968,,,,,74.4140625,15.380859375,0.9261334899902344,-0.15278457641601562,0.0
,2969,,,,,77.435302734375,20.61767578125,0.9090423339843751,-0.08452353515625,0.0
,2970,,,,,73.5076904296875,25.4150390625,0.9366989318847656,-0.0062149658203125005,0.0
,2971,,,,,72.2442626953125,29.26025390625,0.9133928100585937,0.05779918212890625,0.0
,2972,,,,,70.3857421875,32.8582763671875,0.9227152587890626,0.1289605407714844,0.0
,2973,,,,,68.0145263671875,37.7288818359375,0.8884293640136719,0.20903001708984376,0.0
,2974,,,,,65.7257080078125,41.2445068359375,0.9200221069335938,0.289203076171875,0.0
,2975,,,,,64.7918701171875,41.436767578125,0.9326592041015626,0.3901962707519531,0.0
,2976,,,,,62.0635986328125,43.4600830078125,0.92312958984375,0.4511029357910156,0.0
,2977,,,,,58.1817626953125,46.4080810546875,0.9007557128906251,0.5019620727539063,0.0
,2978,,,,,54.656982421875,47.772216796875,0.9016879577636719,0.55520361328125,0.0
,2979,,,,,50.445556640625,50.8026123046875,0.8955765747070312,0.602540936279297,0.0
,2980,,,,,45.6024169921875,54.16259765625,0.8685414733886719,0.6099988952636719,0.0
,2981,,,,,39.9169921875,58.447265625,0.8414027893066407,0.6375519104003906,0.0
,2982,,,,,33.819580078125,62.7685546875,0.7916830627441407,0.6301975341796875,0.0
,2983,,,,,30.2581787109375,66.2750244140625,0.7355412048339844,0.6461492797851562,0.0
,2984,,,,,25.4791259765625,68.865966796875,0.6769133605957032,0.670387646484375,0.0
,2985,,,,,20.2423095703125,71.3104248046875,0.6270900512695313,0.6957654235839844,0.0
,2986,,,,,15.3350830078125,73.5443115234375,0.5530283752441406,0.7021875549316406,0.0
,2987,,,,,11.3983154296875,74.5147705078125,0.5200890563964844,0.7677554443359376,0.0
,2988,,,,,7.0037841796875,75.7781982421875,0.421789013671875,0.7869182556152344,0.0
,2989,,,,,2.1697998046875,76.4373779296875,0.39982946777343753,0.8443031066894532,0.0
,2990,,,,,-2.6275634765625,76.3824462890625,0.3241104675292969,0.8837681396484375,0.0
,2991,,,,,-6.317138671875,75.5767822265625,0.2611321472167969,0.9021022888183594,0.0
,2992,,,,,-7.8826904296875,74.45068359375,0.19328543701171877,0.9274800659179688,0.0
,2993,,,,,-11.8560791015625,73.114013671875,0.15982820434570313,0.9517184326171876,0.0
,2994,,,,,-15.7928466796875,71.2738037109375,0.09881795654296875,0.9747138061523438,0.0
,2995,,,,,-17.889404296875,69.3695068359375,0.023513287353515627,0.9668415161132813,0.0
,2996,,,,,-22.8973388671875,67.327880859375,-0.059974420166015625,0.9408422424316406,0.0
,2997,,,,,-29.18701171875,64.0869140625,-0.09187791137695313,0.9081100891113282,0.0
,2998,,,,,-35.2569580078125,61.3677978515625,-0.12170974731445312,0.9120462341308594,0.0
,2999,,,,,-40.521240234375,59.033203125,-0.16148552856445314,0.88998310546875,0.0
,3000,,,,,-45.5841064453125,56.3690185546875,-0.21431273803710937,0.8736170288085938,0.0
,3001,,,,,-50.921630859375,53.3477783203125,-0.2727334167480469,0.8265904541015625,0.0
,3002,,,,,-55.0140380859375,50.9124755859375,-0.3291860229492188,0.7991410217285156,0.0
,3003,,,,,-58.3465576171875,48.358154296875,-0.3883317810058594,0.7470388916015626,0.0
,3004,,,,,-61.3494873046875,45.9869384765625,-0.4685048400878906,0.6995979858398438,0.0
,3005,,,,,-64.41650390625,42.4896240234375,-0.5271326843261719,0.6630332702636719,0.0
,3006,,,,,-66.39404296875,39.2669677734375,-0.5864856079101562,0.6357910034179688,0.0
,3007,,,,,-66.8975830078125,37.7838134765625,-0.6589935424804688,0.5769559936523437,0.0
,3008,,,,,-68.060302734375,34.5794677734375,-0.7121315002441406,0.5479528198242187,0.0
,3009,,,,,-68.2342529296875,32.1990966796875,-0.7677554443359376,0.4894285583496094,0.0
,3010,,,,,-68.7744140625,28.52783203125,-0.8067025634765626,0.45887164306640627,0.0
,3011,,,,,-70.0927734375,23.5382080078125,-0.8448210205078125,0.43991599731445313,0.0
,3012,,,,,-70.001220703125,19.4366455078125,-0.8912260986328125,0.37921649780273436,0.0
,3013,,,,,-70.733642578125,13.9801025390625,-0.9071778442382813,0.35943218994140624,0.0
,3014,,,,,-71.22802734375,7.489013671875,-0.9135999755859375,0.31841341552734376,0.0
,3015,,,,,-73.919677734375,-2.45361328125,-0.9358702697753907,0.28630275878906253,0.0
,3016,,,,,-71.9512939453125,-3.6895751953125,-0.9499575256347657,0.22529251098632813,0.0
,3017,,,,,-72.2442626953125,-8.4136962890625,-0.9557581604003906,0.18551672973632813,0.0
,3018,,,,,-72.0062255859375,-14.02587890625,-0.9376311767578125,0.12067391967773437,0.0
,3019,,,,,-71.3470458984375,-19.1162109375,-0.9362846008300781,0.06701804809570312,0.0
,3020,,,,,-70.513916015625,-23.291015625,-0.9451927185058594,-0.020095056152343752,0.0
,3021,,,,,-69.17724609375,-27.1728515625,-0.9382526733398437,-0.04961614379882812,0.0
,3022,,,,,-67.56591796875,-30.8258056640625,-0.9515112670898438,-0.14429078979492188,0.0
,3023,,,,,-65.2130126953125,-35.0738525390625,-0.9266514038085938,-0.16065686645507812,0.0
,3024,,,,,-63.372802734375,-37.6007080078125,-0.9321412902832031,-0.24352307739257814,0.0
,3025,,,,,-61.1572265625,-40.228271484375,-0.8913296813964844,-0.2992506042480469,0.0
,3026,,,,,-59.5001220703125,-42.1234130859375,-0.8914332641601562,-0.38335980834960937,0.0
,3027,,,,,-56.4239501953125,-45.37353515625,-0.8845968017578125,-0.42883264160156254,0.0
,3028,,,,,-52.459716796875,-48.4954833984375,-0.8628444213867188,-0.48746048583984375,0.0
,3029,,,,,-49.1729736328125,-49.896240234375,-0.8157142639160156,-0.5119060180664062,0.0
,3030,,,,,-43.8446044921875,-54.38232421875,-0.8147820190429688,-0.5790276489257813,0.0
,3031,,,,,-38.543701171875,-58.0535888671875,-0.7993481872558594,-0.5938399841308594,0.0
,3032,,,,,-31.3751220703125,-61.2579345703125,-0.7701378479003906,-0.6243968994140625,0.0
,3033,,,,,-28.9764404296875,-64.654541015625,-0.728393994140625,-0.62812587890625,0.0
,3034,,,,,-23.2269287109375,-67.6483154296875,-0.7194858764648437,-0.6782599365234375,0.0
,3035,,,,,-18.1732177734375,-70.330810546875,-0.6467707763671875,-0.6885146301269531,0.0
,3036,,,,,-14.300537109375,-72.2900390625,-0.5824458801269532,-0.7255972595214844,0.0
,3037,,,,,-9.906005859375,-73.333740234375,-0.5105594421386719,-0.7495248779296875,0.0
,3038,,,,,-4.9713134765625,-73.86474609375,-0.4682976745605469,-0.8038022460937501,0.0
,3039,,,,,-0.201416015625,-74.3316650390625,-0.36077876586914065,-0.806288232421875,0.0
,3040,,,,,3.2958984375,-74.30419921875,-0.32980751953125004,-0.8559043762207031,0.0
,3041,,,,,5.4107666015625,-74.3499755859375,-0.23192180786132813,-0.8431636962890625,0.0
,3042,,,,,9.576416015625,-73.7457275390625,-0.14822693481445312,-0.8335304992675782,0.0
,3043,,,,,12.70751953125,-72.7294921875,-0.0658786376953125,-0.84689267578125,0.0
,3044,,,,,13.9801025390625,-71.4935302734375,-0.025895690917968752,-0.8638802490234375,0.0
,3045,,,,,18.3746337890625,-69.7998046875,0.05438095092773438,-0.8668841491699218,0.0
,3046,,,,,24.114990234375,-67.6483154296875,0.057281268310546876,-0.9021022888183594,0.0
,3047,,,,,30.0018310546875,-65.5242919921875,0.08379845581054687,-0.9215758483886719,0.0
,3048,,,,,35.2386474609375,-62.8326416015625,0.10389351196289062,-0.9160859619140626,0.0
,3049,,,,,40.3106689453125,-60.150146484375,0.16790765991210937,-0.8935049194335938,0.0
,3050,,,,,45.1263427734375,-57.4493408203125,0.20954793090820314,-0.8743421081542969,0.0
,3051,,,,,50.115966796875,-54.5928955078125,0.26382529907226565,-0.8564222900390626,0.0
,3052,,,,,54.510498046875,-52.0477294921875,0.3199671569824219,-0.8000732666015625,0.0
,3053,,,,,57.586669921875,-50.3814697265625,0.3634719177246094,-0.7841215209960938,0.0
,3054,,,,,60.699462890625,-47.9736328125,0.4144346374511719,-0.7382343566894531,0.0
,3055,,,,,63.9862060546875,-44.3206787109375,0.4981295104980469,-0.6777420227050781,0.0
,3056,,,,,66.595458984375,-40.6951904296875,0.5764380798339844,-0.6293688720703126,0.0
,3057,,,,,67.7581787109375,-37.9302978515625,0.6349623413085937,-0.5978797119140625,0.0
,3058,,,,,67.840576171875,-37.02392578125,0.6910006164550782,-0.5555143615722656,0.0
,3059,,,,,68.719482421875,-33.28857421875,0.7713808410644531,-0.5006154968261719,0.0
,3060,,,,,69.3878173828125,-29.2144775390625,0.8082563049316407,-0.47130157470703127,0.0
,3061,,,,,68.7103271484375,-26.6143798828125,0.8331161682128907,-0.44395572509765624,0.0
,3062,,,,,69.39697265625,-21.1578369140625,0.8538327209472657,-0.4046978576660156,0.0
,3063,,,,,69.635009765625,-15.545654296875,0.8843896362304687,-0.3736230285644531,0.0
,3064,,,,,70.3948974609375,-8.514404296875,0.9263406555175782,-0.32763228149414064,0.0
,3065,,,,,71.1181640625,-2.0050048828125,0.922404510498047,-0.2899281555175781,0.0
,3066,,,,,71.5850830078125,3.204345703125,0.9343165283203125,-0.25015237426757814,0.0
,3067,,,,,71.74072265625,8.45947265625,0.9335914489746094,-0.19245677490234375,0.0
,3068,,,,,71.4569091796875,14.0350341796875,0.9518220153808594,-0.12699246826171876,0.0
,3069,,,,,71.0540771484375,19.1986083984375,0.9211615173339844,-0.07758348999023437,0.0
,3070,,,,,70.49560546875,22.9339599609375,0.9188826965332032,-0.01885206298828125,0.0
,3071,,,,,69.76318359375,27.35595703125,0.9042775268554688,0.03293931884765625,0.0
,3072,,,,,68.0877685546875,31.8603515625,0.9353523559570313,0.1081404052734375,0.0
,3073,,,,,65.80810546875,36.1541748046875,0.9274800659179688,0.19691083374023438,0.0
,3074,,,,,63.665771484375,39.2669677734375,0.9403243286132813,0.2641360473632813,0.0
,3075,,,,,62.3199462890625,40.5303955078125,0.9144286376953126,0.3219352294921875,0.0
,3076,,,,,59.14306640625,44.1558837890625,0.9030345336914063,0.3891604431152344,0.0
,3077,,,,,56.0760498046875,47.076416015625,0.9022058715820312,0.4696442504882813,0.0
,3078,,,,,53.6590576171875,47.9461669921875,0.9027237854003907,0.5119060180664062,0.0
,3079,,,,,49.47509765625,51.5167236328125,0.8876007019042969,0.5511638854980468,0.0
,3080,,,,,44.659423828125,54.4921875,0.8393311340332031,0.5565501892089844,0.0
,3081,,,,,28.436279296875,58.5479736328125,0.8128139465332032,0.5810993041992187,0.0
,3082,,,,,33.2244873046875,62.6129150390625,0.7893006591796875,0.5972582153320313,0.0
,3083,,,,,28.3905029296875,65.73486328125,0.7485926330566407,0.6246040649414063,0.0
,3084,,,,,23.7030029296875,69.1680908203125,0.6519499145507812,0.6060627502441407,0.0
,3085,,,,,18.4844970703125,72.216796875,0.6185962646484375,0.6517427490234375,0.0
,3086,,,,,13.5772705078125,74.1668701171875,0.5454668334960938,0.6457349487304688,0.0
,3087,,,,,9.8968505859375,75.4852294921875,0.4993725036621094,0.710163427734375,0.0
,3088,,,,,5.5755615234375,76.1810302734375,0.41412388916015624,0.740927508544922,0.0
,3089,,,,,0.69580078125,76.2451171875,0.3943395812988281,0.8190289123535156,0.0
,3090,,,,,-4.06494140625,76.28173828125,0.30401541137695315,0.8545578002929688,0.0
,3091,,,,,-7.2418212890625,75.62255859375,0.26361813354492186,0.8953694091796875,0.0
,3092,,,,,-7.9193115234375,74.96337890625,0.18997078857421876,0.9133928100585937,0.0
,3093,,,,,-11.224365234375,73.9288330078125,0.11984525756835938,0.9312090454101563,0.0
,3094,,,,,-15.19775390625,72.528076171875,0.05945650634765625,0.9448819702148438,0.0
,3095,,,,,-17.8436279296875,70.7427978515625,0.015744580078125,0.95296142578125,0.0
,3096,,,,,-22.7691650390625,69.0582275390625,-0.06898612060546876,0.9240618347167969,0.0
,3097,,,,,-28.89404296875,66.357421875,-0.08421278686523438,0.914014306640625,0.0
,3098,,,,,-35.0372314453125,63.6199951171875,-0.1321716064453125,0.8938156677246094,0.0
,3099,,,,,-36.346435546875,61.3494873046875,-0.19297468872070314,0.864294580078125,0.0
,3100,,,,,-44.769287109375,59.28955078125,-0.24559473266601564,0.8490679138183594,0.0
,3101,,,,,-44.769287109375,59.28955078125,-0.2981111938476563,0.8121924499511719,0.0
,3102,,,,,-54.1168212890625,54.0252685546875,-0.37393377685546875,0.7754205688476563,0.0
,3103,,,,,-57.1746826171875,51.5625,-0.41640270996093753,0.7536681884765625,0.0
,3104,,,,,-60.02197265625,48.9898681640625,-0.4891178100585938,0.7116135864257813,0.0
,3105,,,,,-62.6953125,45.9869384765625,-0.5621436584472657,0.6450098693847657,0.0
,3106,,,,,-65.2862548828125,42.4072265625,-0.6252255615234376,0.6186998474121094,0.0
,3107,,,,,-66.5771484375,39.8895263671875,-0.6669694152832032,0.5937364013671875,0.0
,3108,,,,,-67.401123046875,36.7584228515625,-0.7009445617675781,0.5734341796875,0.0
,3109,,,,,-67.694091796875,34.31396484375,-0.7686876892089844,0.5283756774902344,0.0
,3110,,,,,-68.2708740234375,29.9835205078125,-0.8376738098144532,0.4830064270019531,0.0
,3111,,,,,-69.0948486328125,24.79248046875,-0.8884293640136719,0.4538996704101563,0.0
,3112,,,,,-68.756103515625,21.148681640625,-0.9030345336914063,0.4289362243652344,0.0
,3113,,,,,-69.5526123046875,15.362548828125,-0.9344201110839844,0.3942359985351563,0.0
,3114,,,,,-70.220947265625,9.283447265625,-0.9547223327636719,0.3365403991699219,0.0
,3115,,,,,-74.7528076171875,-3.9642333984375,-0.9446748046875,0.3087802185058594,0.0
,3116,,,,,-71.7315673828125,-3.717041015625,-0.951407684326172,0.24621622924804687,0.0
,3117,,,,,-72.1435546875,-8.8623046875,-0.9711919921875001,0.21016942749023437,0.0
,3118,,,,,-72.3358154296875,-14.4927978515625,-0.9599014709472656,0.13693641357421876,0.0
,3119,,,,,-72.0062255859375,-20.123291015625,-0.9480930358886719,0.10306484985351563,0.0
,3120,,,,,-71.08154296875,-25.3509521484375,-0.9578298156738282,0.027242266845703127,0.0
,3121,,,,,-69.7906494140625,-29.0771484375,-0.9533757568359376,-0.011912017822265626,0.0
,3122,,,,,-68.133544921875,-33.306884765625,-0.9680845092773438,-0.11912017822265625,0.0
,3123,,,,,-65.771484375,-38.12255859375,-0.9427067321777344,-0.1557884765625,0.0
,3124,,,,,-63.0706787109375,-41.93115234375,-0.9546187500000001,-0.21731663818359376,0.0
,3125,,,,,-60.479736328125,-44.7509765625,-0.9371132629394532,-0.27739464111328127,0.0
,3126,,,,,-59.088134765625,-45.4833984375,-0.9050026062011719,-0.37300153198242186,0.0
,3127,,,,,-55.8197021484375,-47.735595703125,-0.8754815185546875,-0.4045942749023438,0.0
,3128,,,,,-52.1026611328125,-50.50048828125,-0.8574581176757813,-0.4675725952148438,0.0
,3129,,,,,-48.687744140625,-51.89208984375,-0.82369013671875,-0.48549241333007814,0.0
,3130,,,,,-43.8995361328125,-55.389404296875,-0.836120068359375,-0.5690837036132813,0.0
,3131,,,,,-46.2799072265625,-59.50927734375,-0.8045273254394532,-0.5915611633300781,0.0
,3132,,,,,-29.2144775390625,-63.5467529296875,-0.7572935852050782,-0.6092738159179688,0.0
,3133,,,,,-28.60107421875,-66.7877197265625,-0.7019803894042969,-0.6020230224609375,0.0
,3134,,,,,-24.1058349609375,-69.5892333984375,-0.6942116821289063,-0.6800208435058595,0.0
,3135,,,,,-18.7042236328125,-72.2900390625,-0.6180783508300781,-0.6840605712890625,0.0
,3136,,,,,-14.2181396484375,-74.560546875,-0.5612114135742188,-0.7325373046875,0.0
,3137,,,,,-10.491943359375,-76.0894775390625,-0.45452116699218753,-0.7365770324707032,0.0
,3138,,,,,-6.7657470703125,-77.178955078125,-0.40304053344726565,-0.7786316345214844,0.0
,3139,,,,,-1.904296875,-77.838134765625,-0.3229710571289063,-0.7987266906738282,0.0
,3140,,,,,1.959228515625,-77.691650390625,-0.2774982238769531,-0.8520718139648438,0.0
,3141,,,,,2.874755859375,-77.2796630859375,-0.19691083374023438,-0.8565258728027344,0.0
,3142,,,,,6.18896484375,-76.57470703125,-0.13434684448242187,-0.8705095458984375,0.0
,3143,,,,,10.3546142578125,-75.201416015625,-0.05158421630859375,-0.8779675048828125,0.0
,3144,,,,,12.85400390625,-73.1231689453125,-0.022684625244140624,-0.9096638305664063,0.0
,3145,,,,,17.083740234375,-71.44775390625,0.06018158569335938,-0.8947479125976563,0.0
,3146,,,,,22.1649169921875,-69.6441650390625,0.07416525878906251,-0.9089387512207031,0.0
,3147,,,,,28.2440185546875,-67.49267578125,0.10171827392578126,-0.9190898620605469,0.0
,3148,,,,,29.736328125,-64.910888671875,0.1310321960449219,-0.9001342163085938,0.0
,3149,,,,,39.1937255859375,-62.5579833984375,0.20447237548828126,-0.8797284118652344,0.0
,3150,,,,,39.1937255859375,-62.5579833984375,0.24176217041015627,-0.8464783447265626,0.0
,3151,,,,,48.248291015625,-58.0718994140625,0.2938643005371094,-0.8340484130859376,0.0
,3152,,,,,50.0244140625,-54.986572265625,0.33281141967773437,-0.8284549438476563,0.0
,3153,,,,,56.43310546875,-52.2674560546875,0.3962040710449219,-0.8006947631835938,0.0
,3154,,,,,59.014892578125,-49.25537109375,0.4575250671386719,-0.7612297302246094,0.0
,3155,,,,,61.431884765625,-45.6207275390625,0.546088330078125,-0.724354266357422,0.0
,3156,,,,,64.3524169921875,-40.869140625,0.5996406188964843,-0.6739094604492187,0.0
,3157,,,,,66.2567138671875,-37.17041015625,0.6673837463378907,-0.633926513671875,0.0
,3158,,,,,66.1651611328125,-36.529541015625,0.7331588012695313,-0.5781989868164062,0.0
,3159,,,,,67.08984375,-33.50830078125,0.7701378479003906,-0.5491958129882812,0.0
,3160,,,,,68.0694580078125,-30.010986328125,0.8192360778808594,-0.502997900390625,0.0
,3161,,,,,68.1243896484375,-26.0284423828125,0.8564222900390626,-0.4685048400878906,0.0
,3162,,,,,69.140625,-20.2239990234375,0.8796248291015625,-0.44830620117187503,0.0
,3163,,,,,69.7174072265625,-14.7857666015625,0.8954729919433594,-0.4056301025390625,0.0
,3164,,,,,70.3033447265625,-8.642578125,0.9390813354492188,-0.37310511474609376,0.0
,3165,,,,,73.736572265625,3.570556640625,0.9295517211914063,-0.34503418579101564,0.0
,3166,,,,,70.9991455078125,4.852294921875,0.940531494140625,-0.29251772460937503,0.0
,3167,,,,,70.8892822265625,10.4095458984375,0.9485073669433594,-0.22156353149414063,0.0
,3168,,,,,70.6787109375,15.6280517578125,0.9530650085449219,-0.18261641235351564,0.0
,3169,,,,,70.0103759765625,21.1212158203125,0.9262370727539063,-0.12191691284179688,0.0
,3170,,,,,69.0582275390625,25.8087158203125,0.93970283203125,-0.052102130126953125,0.0
,3171,,,,,67.6666259765625,29.91943359375,0.9390813354492188,0.025792108154296875,0.0
,3172,,,,,66.1102294921875,34.1400146484375,0.9451927185058594,0.08006947631835938,0.0
,3173,,,,,63.665771484375,38.6810302734375,0.8958873229980469,0.15796371459960937,0.0
,3174,,,,,61.3677978515625,42.07763671875,0.9179504516601563,0.23523645629882814,0.0
,3175,,,,,60.53466796875,42.718505859375,0.9168110412597656,0.31313069458007814,0.0
,3176,,,,,58.0902099609375,45.1904296875,0.8931941711425782,0.38035590820312504,0.0
,3177,,,,,54.986572265625,48.0377197265625,0.8654339904785157,0.4415733215332031,0.0
,3178,,,,,52.11181640625,49.1912841796875,0.8708202941894532,0.5033086486816406,0.0
,3179,,,,,48.4588623046875,52.313232421875,0.8307337646484375,0.5433951782226563,0.0
,3180,,,,,44.0643310546875,55.40771484375,0.8196504089355469,0.5457775817871094,0.0
,3181,,,,,22.08251953125,59.1888427734375,0.7958263732910157,0.5876250183105469,0.0
,3182,,,,,29.022216796875,63.134765625,0.7429991638183594,0.5995370361328125,0.0
,3183,,,,,29.278564453125,66.339111328125,0.7216611145019531,0.6530893249511719,0.0
,3184,,,,,24.755859375,69.1497802734375,0.6353766723632813,0.6444919555664063,0.0
,3185,,,,,20.03173828125,71.7132568359375,0.5857605285644532,0.6711127258300782,0.0
,3186,,,,,15.673828125,73.8922119140625,0.5190532287597657,0.6841641540527343,0.0
,3187,,,,,12.4786376953125,75.347900390625,0.4768950439453125,0.7460030639648437,0.0
,3188,,,,,8.38623046875,76.025390625,0.3909213500976563,0.7765599792480469,0.0
,3189,,,,,3.84521484375,76.4739990234375,0.3376798095703125,0.8143676879882813,0.0
,3190,,,,,0.4119873046875,76.4923095703125,0.2673471130371094,0.8433708618164063,0.0
,3191,,,,,-2.52685546875,76.043701171875,0.21068734130859376,0.8780710876464844,0.0
,3192,,,,,-4.1839599609375,75.421142578125,0.12927128906250002,0.8998234680175782,0.0
,3193,,,,,-8.111572265625,73.736572265625,0.09301732177734376,0.9315197937011719,0.0
,3194,,,,,-12.5518798828125,71.7315673828125,0.03998294677734375,0.9561724914550781,0.0
,3195,,,,,-15.2069091796875,69.4610595703125,-0.013465759277343751,0.9445712219238281,0.0
,3196,,,,,-20.1507568359375,67.1905517578125,-0.07830856933593751,0.9208507690429688,0.0
,3197,,,,,-26.2115478515625,64.727783203125,-0.11549478149414062,0.9145322204589844,0.0
,3198,,,,,-32.025146484375,62.4298095703125,-0.17505487060546876,0.8900866882324219,0.0
,3199,,,,,-37.060546875,60.0677490234375,-0.20447237548828126,0.872581201171875,0.0
,3200,,,,,-41.912841796875,58.392333984375,-0.2432123291015625,0.8508288208007813,0.0
,3201,,,,,-46.9573974609375,55.8929443359375,-0.29479654541015626,0.7899221557617188,0.0
,3202,,,,,-51.01318359375,53.6773681640625,-0.3415123718261719,0.7734524963378906,0.0
,3203,,,,,-54.1168212890625,51.67236328125,-0.4115343200683594,0.7261151733398438,0.0
,3204,,,,,-57.183837890625,48.74267578125,-0.4826956787109375,0.69773349609375,0.0
,3205,,,,,-60.6536865234375,44.6044921875,-0.5489886474609376,0.6641726806640625,0.0
,3206,,,,,-63.226318359375,40.8782958984375,-0.6117598022460937,0.6377590759277344,0.0
,3207,,,,,-65.0848388671875,37.24365234375,-0.6525714111328125,0.60492333984375,0.0
,3208,,,,,-66.4398193359375,33.2611083984375,-0.6915185302734376,0.5851390319824219,0.0
,3209,,,,,-66.7510986328125,30.6427001953125,-0.7519072814941407,0.5324154052734376,0.0
,3210,,,,,-67.4835205078125,26.98974609375,-0.7957227905273437,0.49005005493164067,0.0
,3211,,,,,-68.170166015625,23.5382080078125,-0.8140569396972657,0.47347681274414066,0.0
,3212,,,,,-68.023681640625,20.0225830078125,-0.8525897277832032,0.42655382080078125,0.0
,3213,,,,,-68.8201904296875,13.5498046875,-0.8835609741210938,0.38843536376953125,0.0
,3214,,,,,-69.3603515625,7.06787109375,-0.8886365295410157,0.3464843444824219,0.0
,3215,,,,,-72.7294921875,-3.3416748046875,-0.8984768920898438,0.3293931884765625,0.0
,3216,,,,,-70.4681396484375,-4.669189453125,-0.9186755310058594,0.25460643310546877,0.0
,3217,,,,,-70.7061767578125,-11.151123046875,-0.9411529907226562,0.2034365478515625,0.0
,3218,,,,,-70.7611083984375,-17.24853515625,-0.9354559387207032,0.14988425903320313,0.0
,3219,,,,,-70.3033447265625,-21.478271484375,-0.9115283203125,0.12191691284179688,0.0
,3220,,,,,-69.525146484375,-25.946044921875,-0.9270657348632813,0.0153302490234375,0.0
,3221,,,,,-68.2525634765625,-31.1920166015625,-0.923958251953125,-0.027449432373046877,0.0
,3222,,,,,-66.7510986328125,-35.5865478515625,-0.9055205200195313,-0.10088961181640625,0.0
,3223,,,,,-65.240478515625,-38.763427734375,-0.8674020629882813,-0.1164270263671875,0.0
,3224,,,,,-64.251708984375,-40.887451171875,-0.8558007934570313,-0.1823056640625,0.0
,3225,,,,,-61.505126953125,-44.2657470703125,-0.8415063720703125,-0.252741943359375,0.0
,3226,,,,,-59.3994140625,-46.417236328125,-0.8581831970214844,-0.37238003540039066,0.0
,3227,,,,,-57.2662353515625,-47.35107421875,-0.8354985717773438,-0.4190958618164063,0.0
,3228,,,,,-53.704833984375,-49.951171875,-0.8280406127929688,-0.48839273071289063,0.0
,3229,,,,,-49.3743896484375,-52.77099609375,-0.788057666015625,-0.4935718688964844,0.0
,3230,,,,,-44.3572998046875,-56.2042236328125,-0.7646479614257813,-0.5373873779296875,0.0
,3231,,,,,-39.7247314453125,-59.58251953125,-0.7394773498535157,-0.5548928649902344,0.0
,3232,,,,,-33.087158203125,-63.31787109375,-0.7370949462890625,-0.6054412536621094,0.0
,3233,,,,,-30.0933837890625,-66.83349609375,-0.6801244262695313,-0.59829404296875,0.0
,3234,,,,,-25.30517578125,-69.9737548828125,-0.6430417968750001,-0.662101025390625,0.0
,3235,,,,,-21.1669921875,-72.2259521484375,-0.58835009765625,-0.6940045166015625,0.0
,3236,,,,,-17.2210693359375,-73.8189697265625,-0.5352121398925781,-0.7523216125488281,0.0
,3237,,,,,-12.3138427734375,-75.25634765625,-0.4428163146972656,-0.7824641967773438,0.0
,3238,,,,,-8.203125,-76.3092041015625,-0.3873995361328125,-0.8175787536621094,0.0
,3239,,,,,-4.4952392578125,-76.4007568359375,-0.2972825317382813,-0.8132282775878906,0.0
,3240,,,,,-0.933837890625,-76.153564453125,-0.2590604919433594,-0.8550757141113281,0.0
,3241,,,,,0.238037109375,-75.6866455078125,-0.18820988159179688,-0.8600476867675781,0.0
,3242,,,,,4.3487548828125,-74.59716796875,-0.1371435791015625,-0.8947479125976563,0.0
,3243,,,,,7.965087890625,-73.35205078125,-0.05800634765625,-0.9072814270019531,0.0
,3244,,,,,9.8968505859375,-71.282958984375,-0.017712652587890624,-0.9313126281738282,0.0
,3245,,,,,14.959716796875,-69.5892333984375,0.05458811645507813,-0.9230260070800782,0.0
,3246,,,,,21.1395263671875,-67.19970703125,0.044229840087890625,-0.9497503601074219,0.0
,3247,,,,,27.35595703125,-64.63623046875,0.09022058715820312,-0.937216845703125,0.0
,3248,,,,,32.8857421875,-62.713623046875,0.11342312622070314,-0.9243725830078126,0.0
,3249,,,,,38.1591796875,-60.7177734375,0.1836522399902344,-0.8868756225585938,0.0
,3250,,,,,43.7164306640625,-58.1268310546875,0.22197786254882812,-0.8660554870605469,0.0
,3251,,,,,48.7884521484375,-55.718994140625,0.29438221435546874,-0.8098100463867188,0.0
,3252,,,,,52.6702880859375,-53.118896484375,0.3239033020019531,-0.7910615661621094,0.0
,3253,,,,,55.84716796875,-50.518798828125,0.36202175903320316,-0.7795638793945313,0.0
,3254,,,,,59.6282958984375,-46.746826171875,0.4013832092285156,-0.7443457397460937,0.0
,3255,,,,,62.823486328125,-43.1396484375,0.4871497375488281,-0.6948331787109375,0.0
,3256,,,,,65.1580810546875,-39.58740234375,0.5457775817871094,-0.6580612976074219,0.0
,3257,,,,,67.0074462890625,-35.9344482421875,0.6290581237792969,-0.6208750854492188,0.0
,3258,,,,,68.0145263671875,-33.1146240234375,0.7053986206054688,-0.5652511413574219,0.0
,3259,,,,,69.287109375,-29.00390625,0.7450708190917968,-0.5415306884765625,0.0
,3260,,,,,69.3695068359375,-26.275634765625,0.7645443786621094,-0.5041373107910156,0.0
,3261,,,,,68.5638427734375,-23.9501953125,0.8080491394042969,-0.47202665405273436,0.0
,3262,,,,,69.25048828125,-19.0338134765625,0.8683343078613281,-0.42085676879882816,0.0
,3263,,,,,69.8638916015625,-12.41455078125,0.8763101806640625,-0.38522429809570313,0.0
,3264,,,,,70.751953125,-5.7769775390625,0.8707167114257813,-0.35663545532226565,0.0
,3265,,,,,72.637939453125,2.4627685546875,0.8841824707031251,-0.320692236328125,0.0
,3266,,,,,71.66748046875,5.767822265625,0.9055205200195313,-0.2829881103515625,0.0
,3267,,,,,71.978759765625,12.3687744140625,0.8961980712890625,-0.2536741882324219,0.0
,3268,,,,,72.0062255859375,18.2464599609375,0.9188826965332032,-0.19297468872070314,0.0
,3269,,,,,71.759033203125,22.9339599609375,0.8986840576171875,-0.10772607421875001,0.0
,3270,,,,,71.2921142578125,27.2003173828125,0.897441064453125,-0.03801487426757812,0.0
,3271,,,,,70.27587890625,31.9427490234375,0.8834573913574219,0.06308190307617188,0.0
,3272,,,,,69.012451171875,35.4400634765625,0.9046918579101563,0.13206802368164064,0.0
,3273,,,,,67.3187255859375,38.4246826171875,0.8677128112792969,0.1926639404296875,0.0
,3274,,,,,65.29541015625,41.2994384765625,0.8873935363769532,0.277601806640625,0.0
,3275,,,,,63.6749267578125,42.4346923828125,0.8835609741210938,0.36854747314453123,0.0
,3276,,,,,60.82763671875,44.8150634765625,0.8708202941894532,0.4004509643554688,0.0
,3277,,,,,57.9254150390625,47.16796875,0.8511395690917969,0.4572143188476563,0.0
,3278,,,,,55.1605224609375,48.7060546875,0.8505180725097656,0.49450411376953124,0.0
,3279,,,,,50.6103515625,52.9541015625,0.8346699096679687,0.5482635681152344,0.0
,3280,,,,,45.6298828125,56.6253662109375,0.7984159423828125,0.5530283752441406,0.0
,3281,,,,,41.253662109375,60.1043701171875,0.7817391174316406,0.6010907775878906,0.0
,3282,,,,,34.259033203125,63.6383056640625,0.7193822937011719,0.5864856079101562,0.0
,3283,,,,,31.3385009765625,67.0989990234375,0.6814710021972656,0.6295760375976562,0.0
,3284,,,,,26.47705078125,70.3582763671875,0.6328906860351563,0.6508105041503907,0.0
,3285,,,,,22.74169921875,72.1435546875,0.5829637939453125,0.6746345397949219,0.0
,3286,,,,,18.365478515625,73.6358642578125,0.5155314147949219,0.7179321350097656,0.0
,3287,,,,,13.18359375,74.74365234375,0.49450411376953124,0.7992446044921875,0.0
,3288,,,,,8.2489013671875,75.2655029296875,0.4227212585449219,0.833737664794922,0.0
,3289,,,,,4.4677734375,75.1922607421875,0.3912320983886719,0.8930905883789063,0.0
,3290,,,,,0.3204345703125,74.761962890625,0.298318359375,0.9037596130371094,0.0
,3291,,,,,-4.156494140625,74.2218017578125,0.24621622924804687,0.9168110412597656,0.0
,3292,,,,,-5.5755615234375,73.6358642578125,0.15848162841796876,0.9175361206054687,0.0
,3293,,,,,-8.404541015625,72.6470947265625,0.09622838745117188,0.9170182067871094,0.0
,3294,,,,,-12.3779296875,71.6217041015625,0.04878748168945313,0.9441568908691407,0.0
,3295,,,,,-16.1773681640625,69.61669921875,0.029521087646484374,0.9633197021484375,0.0
,3296,,,,,-21.93603515625,67.63916015625,-0.03345723266601563,0.9448819702148438,0.0
,3297,,,,,-26.9073486328125,65.5426025390625,-0.06660371704101563,0.934730859375,0.0
,3298,,,,,-32.7392578125,63.0157470703125,-0.12792471313476564,0.9267549865722656,0.0
,3299,,,,,-38.653564453125,60.296630859375,-0.1653180908203125,0.9071778442382813,0.0
,3300,,,,,-44.7235107421875,57.2296142578125,-0.23243972167968752,0.8747564392089844,0.0
,3301,,,,,-49.98779296875,54.52880859375,-0.27832688598632815,0.8407812927246094,0.0
,3302,,,,,-53.79638671875,52.1575927734375,-0.3319827575683594,0.8028700012207032,0.0
,3303,,,,,-57.623291015625,49.1912841796875,-0.3840848876953125,0.7544968505859375,0.0
,3304,,,,,-61.322021484375,45.556640625,-0.4405374938964844,0.7347125427246094,0.0
,3305,,,,,-64.56298828125,41.6107177734375,-0.5139776733398438,0.6863393920898437,0.0
,3306,,,,,-66.50390625,38.6260986328125,-0.5652511413574219,0.665415673828125,0.0
,3307,,,,,-68.536376953125,35.247802734375,-0.6278151306152344,0.609066650390625,0.0
,3308,,,,,-70.1751708984375,31.201171875,-0.7021875549316406,0.5680478759765625,0.0
,3309,,,,,-70.294189453125,29.534912109375,-0.7618512268066406,0.53034375,0.0
,3310,,,,,-70.5780029296875,26.4495849609375,-0.8111566223144532,0.4840422546386719,0.0
,3311,,,,,-71.099853515625,21.9268798828125,-0.8333233337402344,0.4601146362304688,0.0
,3312,,,,,-70.86181640625,17.633056640625,-0.8496894104003907,0.41868153076171877,0.0
,3313,,,,,-71.59423828125,11.97509765625,-0.8867720397949219,0.391128515625,0.0
,3314,,,,,-72.1710205078125,6.536865234375,-0.8927798400878907,0.327321533203125,0.0
,3315,,,,,-74.835205078125,-2.8564453125,-0.8910189331054688,0.31717042236328125,0.0
,3316,,,,,-73.004150390625,-4.9530029296875,-0.9126677307128906,0.23927618408203125,0.0
,3317,,,,,-73.2696533203125,-11.3067626953125,-0.9277908142089843,0.18997078857421876,0.0
,3318,,,,,-73.370361328125,-17.193603515625,-0.9261334899902344,0.12906412353515626,0.0
,3319,,,,,-73.3062744140625,-21.78955078125,-0.9343165283203125,0.08151963500976563,0.0
,3320,,,,,-72.94921875,-25.9918212890625,-0.9449855529785156,-0.012326348876953126,0.0
,3321,,,,,-71.9512939453125,-30.5694580078125,-0.9250976623535156,-0.06453206176757813,0.0
,3322,,,,,-70.440673828125,-35.3668212890625,-0.9201256896972656,-0.13600416870117188,0.0
,3323,,,,,-68.8201904296875,-38.5894775390625,-0.9157752136230469,-0.16997931518554688,0.0
,3324,,,,,-67.6025390625,-39.4134521484375,-0.8992019714355469,-0.2640324645996094,0.0
,3325,,,,,-65.22216796875,-41.7755126953125,-0.8802463256835937,-0.3161345947265625,0.0
,3326,,,,,-62.3565673828125,-44.5587158203125,-0.8779675048828125,-0.40583726806640624,0.0
,3327,,,,,-59.307861328125,-46.142578125,-0.8495858276367187,-0.43401177978515626,0.0
,3328,,,,,-55.55419921875,-49.0997314453125,-0.8513467346191407,-0.5114916870117188,0.0
,3329,,,,,-51.1322021484375,-51.5899658203125,-0.8443031066894532,-0.5456739990234375,0.0
,3330,,,,,-45.611572265625,-55.718994140625,-0.8368451477050781,-0.6075129089355469,0.0
,3331,,,,,-40.081787109375,-59.3719482421875,-0.7932368041992188,-0.6169389404296876,0.0
,3332,,,,,-32.11669921875,-62.2283935546875,-0.7791495483398437,-0.6630332702636719,0.0
,3333,,,,,-30.6976318359375,-65.5242919921875,-0.7194858764648437,-0.662101025390625,0.0
,3334,,,,,-25.396728515625,-68.426513671875,-0.6799172607421875,-0.725079345703125,0.0
,3335,,,,,-20.599365234375,-70.733642578125,-0.6014015258789063,-0.7583294128417969,0.0
,3336,,,,,-16.7816162109375,-72.1160888671875,-0.5720876037597656,-0.786400341796875,0.0
,3337,,,,,-12.689208984375,-73.3154296875,-0.4798989440917969,-0.7887827453613282,0.0
,3338,,,,,-7.9925537109375,-74.01123046875,-0.44727037353515625,-0.8508288208007813,0.0
,3339,,,,,-3.314208984375,-74.6337890625,-0.3674080627441406,-0.8592190246582031,0.0
,3340,,,,,0.54931640625,-74.560546875,-0.31634176025390626,-0.9018951232910156,0.0
,3341,,,,,3.55224609375,-73.846435546875,-0.22415310058593751,-0.9074885925292969,0.0
,3342,,,,,7.2418212890625,-72.8668212890625,-0.16293568725585938,-0.9216794311523437,0.0
,3343,,,,,10.8306884765625,-71.4752197265625,-0.09923228759765625,-0.9218865966796875,0.0
,3344,,,,,13.494873046875,-69.8638916015625,-0.045887164306640624,-0.9211615173339844,0.0
,3345,,,,,17.61474609375,-68.2708740234375,0.009633197021484375,-0.9334878662109375,0.0
,3346,,,,,22.320556640625,-66.229248046875,0.05085913696289063,-0.9320377075195313,0.0
,3347,,,,,28.4454345703125,-63.8946533203125,0.11104072265625001,-0.930587548828125,0.0
,3348,,,,,34.442138671875,-61.3311767578125,0.10441142578125,-0.9423959838867187,0.0
,3349,,,,,39.66064453125,-58.92333984375,0.1520594970703125,-0.9336950317382813,0.0
,3350,,,,,44.805908203125,-56.231689453125,0.20923718261718752,-0.8861505432128907,0.0
,3351,,,,,50.0701904296875,-53.155517578125,0.2639288818359375,-0.8563187072753906,0.0
,3352,,,,,54.8675537109375,-49.896240234375,0.3062942321777344,-0.8207898193359375,0.0
,3353,,,,,58.135986328125,-47.3876953125,0.36264325561523436,-0.7995553527832031,0.0
,3354,,,,,61.1297607421875,-44.696044921875,0.40003663330078126,-0.7560505920410157,0.0
,3355,,,,,63.995361328125,-41.5008544921875,0.48621749267578124,-0.7128565795898437,0.0
,3356,,,,,66.778564453125,-37.481689453125,0.5606934997558594,-0.6693518188476563,0.0
,3357,,,,,68.206787109375,-34.588623046875,0.6233610717773438,-0.6364125,0.0
,3358,,,,,68.3258056640625,-33.7921142578125,0.6943152648925781,-0.5722947692871094,0.0
,3359,,,,,69.0765380859375,-30.8258056640625,0.7419633361816407,-0.5302401672363282,0.0
,3360,,,,,70.2392578125,-26.531982421875,0.7813247863769531,-0.4944005310058594,0.0
,3361,,,,,69.8455810546875,-23.5382080078125,0.8111566223144532,-0.4621862915039063,0.0
,3362,,,,,70.3033447265625,-18.85986328125,0.8463747619628906,-0.42655382080078125,0.0
,3363,,,,,71.1090087890625,-13.14697265625,0.8841824707031251,-0.36699373168945315,0.0
,3364,,,,,72.2259521484375,-6.353759765625,0.9166038757324219,-0.33788697509765625,0.0
,3365,,,,,74.0386962890625,1.666259765625,0.9061420166015626,-0.3067085632324219,0.0
,3366,,,,,73.57177734375,4.925537109375,0.923958251953125,-0.26361813354492186,0.0
,3367,,,,,76.9866943359375,10.8306884765625,0.9424995666503907,-0.17764443969726562,0.0
,3368,,,,,73.9105224609375,15.435791015625,0.9701561645507812,-0.11321596069335937,0.0
,3369,,,,,73.114013671875,20.855712890625,0.9279979797363281,-0.0696076171875,0.0
,3370,,,,,72.0062255859375,25.45166015625,0.9334878662109375,-0.014605169677734375,0.0
,3371,,,,,70.9716796875,29.4158935546875,0.9241654174804688,0.07426884155273437,0.0
,3372,,,,,69.4061279296875,32.684326171875,0.9527542602539063,0.1476054382324219,0.0
,3373,,,,,66.7327880859375,36.62109375,0.9271693176269532,0.21742022094726562,0.0
,3374,,,,,64.4439697265625,40.2740478515625,0.9561724914550781,0.3036010803222656,0.0
,3375,,,,,63.6383056640625,40.155029296875,0.9287230590820312,0.3776627563476563,0.0
,3376,,,,,60.8917236328125,42.095947265625,0.9054169372558594,0.43194012451171876,0.0
,3377,,,,,57.3760986328125,45.172119140625,0.9097674133300782,0.5060018005371094,0.0
,3378,,,,,54.30908203125,46.6461181640625,0.9039667785644532,0.546088330078125,0.0
,3379,,,,,49.932861328125,50.06103515625,0.8694737182617188,0.5755058349609375,0.0
,3380,,,,,44.970703125,53.887939453125,0.8492750793457031,0.5846211181640625,0.0
,3381,,,,,39.385986328125,58.355712890625,0.8201683227539063,0.6127956298828126,0.0
,3382,,,,,33.7646484375,62.200927734375,0.7715880065917969,0.6220144958496094,0.0
,3383,,,,,30.0201416015625,65.36865234375,0.7396845153808594,0.6536072387695313,0.0
,3384,,,,,25.3875732421875,68.22509765625,0.67618828125,0.6809530883789062,0.0
,3385,,,,,20.1141357421875,70.7061767578125,0.6442847900390625,0.7103705932617188,0.0
,3386,,,,,15.234375,72.784423828125,0.5521997131347657,0.70436279296875,0.0
,3387,,,,,11.31591796875,73.79150390625,0.5093164489746094,0.7609189819335938,0.0
,3388,,,,,6.8389892578125,74.688720703125,0.44395572509765624,0.802144921875,0.0
,3389,,,,,1.922607421875,75.091552734375,0.4231355895996094,0.8747564392089844,0.0
,3390,,,,,-2.9754638671875,74.74365234375,0.3342615783691406,0.8968195678710937,0.0
,3391,,,,,-6.2255859375,74.30419921875,0.25294910888671873,0.8982697265625,0.0
,3392,,,,,-7.50732421875,73.5809326171875,0.17174022216796875,0.9030345336914063,0.0
,3393,,,,,-11.6363525390625,71.868896484375,0.14366929321289063,0.9296553039550781,0.0
,3394,,,,,-15.7012939453125,70.0836181640625,0.062356823730468754,0.9401171630859375,0.0
,3395,,,,,-17.779541015625,68.00537109375,0.011290521240234375,0.9408422424316406,0.0
,3396,,,,,-22.5128173828125,66.632080078125,-0.03552888793945313,0.9522363464355469,0.0
,3397,,,,,-28.692626953125,64.3157958984375,-0.06639655151367188,0.9427067321777344,0.0
,3398,,,,,-34.8907470703125,61.578369140625,-0.12295274047851563,0.9037596130371094,0.0
,3399,,,,,-40.3564453125,59.2529296875,-0.16345360107421875,0.8620157592773438,0.0
,3400,,,,,-45.4193115234375,56.707763671875,-0.19017795410156252,0.8497929931640625,0.0
,3401,,,,,-50.885009765625,53.7689208984375,-0.2398976806640625,0.8109494567871094,0.0
,3402,,,,,-55.1605224609375,51.4434814453125,-0.3085730529785156,0.7811176208496095,0.0
,3403,,,,,-58.5113525390625,49.3194580078125,-0.3735194458007813,0.72922265625,0.0
,3404,,,,,-61.5875244140625,47.0123291015625,-0.4476847045898438,0.7001158996582032,0.0
,3405,,,,,-64.8193359375,43.2037353515625,-0.5326225708007812,0.6493603454589844,0.0
,3406,,,,,-67.0440673828125,39.7064208984375,-0.6057520019531251,0.602540936279297,0.0
,3407,,,,,-67.6666259765625,38.140869140625,-0.6532964904785157,0.5704302795410157,0.0
,3408,,,,,-68.8201904296875,35.1654052734375,-0.7108885070800781,0.5384232055664062,0.0
,3409,,,,,-69.17724609375,32.8948974609375,-0.7478675537109375,0.4984402587890625,0.0
,3410,,,,,-69.8272705078125,28.6834716796875,-0.8017305908203125,0.4592859741210938,0.0
,3411,,,,,-70.7977294921875,23.47412109375,-0.8466855102539063,0.42655382080078125,0.0
,3412,,,,,-70.587158203125,19.7845458984375,-0.8818000671386719,0.386985205078125,0.0
,3413,,,,,-71.337890625,13.9801025390625,-0.8949550781250001,0.37020479736328127,0.0
,3414,,,,,-72.052001953125,6.9122314453125,-0.9188826965332032,0.31654892578125,0.0
,3415,,,,,-74.74365234375,-2.3895263671875,-0.9174325378417969,0.28402393798828124,0.0
,3416,,,,,-73.0865478515625,-3.9459228515625,-0.9381490905761719,0.21607364501953125,0.0
,3417,,,,,-73.1597900390625,-8.4869384765625,-0.9404279113769531,0.183134326171875,0.0
,3418,,,,,-72.8759765625,-14.1815185546875,-0.9661164367675782,0.09281015625,0.0
,3419,,,,,-72.3541259765625,-19.3084716796875,-0.9669450988769531,0.03873995361328125,0.0
,3420,,,,,-71.2738037109375,-23.052978515625,-0.9614552124023438,-0.04671582641601563,0.0
,3421,,,,,-69.6990966796875,-26.8798828125,-0.96787734375,-0.09705704956054688,0.0
,3422,,,,,-67.9229736328125,-30.8258056640625,-0.9593835571289063,-0.1727760498046875,0.0
,3423,,,,,-65.44189453125,-34.9456787109375,-0.9451927185058594,-0.18955645751953126,0.0
,3424,,,,,-63.9129638671875,-38.0859375,-0.9457106323242188,-0.2993541870117188,0.0
,3425,,,,,-61.92626953125,-40.90576171875,-0.9109068237304688,-0.3274251159667969,0.0
,3426,,,,,-60.150146484375,-42.59033203125,-0.8829394775390625,-0.3983793090820313,0.0
,3427,,,,,-56.87255859375,-45.8404541015625,-0.8664698181152344,-0.43328670043945317,0.0
,3428,,,,,-53.155517578125,-49.200439453125,-0.8655375732421875,-0.4931575378417969,0.0
,3429,,,,,-49.8138427734375,-50.79345703125,-0.837777392578125,-0.5004083312988281,0.0
,3430,,,,,-45.00732421875,-54.2816162109375,-0.8225507263183593,-0.5613149963378906,0.0
,3431,,,,,-39.2852783203125,-58.154296875,-0.7776993896484375,-0.5738485107421876,0.0
,3432,,,,,-32.3455810546875,-62.3199462890625,-0.7775958068847656,-0.6232574890136718,0.0
,3433,,,,,-29.18701171875,-65.606689453125,-0.728393994140625,-0.6234646545410156,0.0
,3434,,,,,-23.4832763671875,-68.756103515625,-0.6892397094726562,-0.6544359008789062,0.0
,3435,,,,,-18.3746337890625,-71.37451171875,-0.6387949035644531,-0.6926579406738281,0.0
,3436,,,,,-14.373779296875,-72.65625,-0.6169389404296876,-0.7643372131347657,0.0
,3437,,,,,-9.9700927734375,-73.86474609375,-0.5284792602539062,-0.7718987548828126,0.0
,3438,,,,,-5.9417724609375,-74.9267578125,-0.47088724365234375,-0.8150927673339844,0.0
,3439,,,,,-0.7232666015625,-75.3753662109375,-0.36626865234375,-0.8107422912597656,0.0
,3440,,,,,3.5888671875,-75.531005859375,-0.33415799560546877,-0.8581831970214844,0.0
,3441,,,,,5.9600830078125,-75.3021240234375,-0.2681757751464844,-0.8646053283691406,0.0
,3442,,,,,9.613037109375,-74.4415283203125,-0.19525350952148438,-0.875895849609375,0.0
,3443,,,,,13.00048828125,-73.4344482421875,-0.09249940795898438,-0.8746528564453125,0.0
,3444,,,,,15.1336669921875,-71.6033935546875,-0.05645260620117188,-0.8968195678710937,0.0
,3445,,,,,19.0704345703125,-69.5343017578125,0.001968072509765625,-0.9005485473632813,0.0
,3446,,,,,23.968505859375,-67.6025390625,0.025377777099609377,-0.9200221069335938,0.0
,3447,,,,,29.8187255859375,-65.4327392578125,0.08597369384765625,-0.902413037109375,0.0
,3448,,,,,35.6597900390625,-63.043212890625,0.12347065429687501,-0.8837681396484375,0.0
,3449,,,,,40.6951904296875,-61.2030029296875,0.1827199951171875,-0.8608763488769532,0.0
,3450,,,,,41.9677734375,-59.0057373046875,0.21431273803710937,-0.8383988891601563,0.0
,3451,,,,,50.86669921875,-56.231689453125,0.2685901062011719,-0.8179930847167969,0.0
,3452,,,,,55.2978515625,-53.411865234375,0.315720263671875,-0.7889899108886719,0.0
,3453,,,,,58.282470703125,-51.141357421875,0.3634719177246094,-0.7702414306640625,0.0
,3454,,,,,61.23046875,-48.1292724609375,0.40293695068359375,-0.7394773498535157,0.0
,3455,,,,,64.141845703125,-44.2474365234375,0.49450411376953124,-0.6951439270019532,0.0
,3456,,,,,66.6961669921875,-40.594482421875,0.5649403930664063,-0.6497746765136719,0.0
,3457,,,,,67.987060546875,-38.0859375,0.6515355834960938,-0.5998477844238281,0.0
,3458,,,,,68.0694580078125,-37.1795654296875,0.7229041076660156,-0.5305509155273438,0.0
,3459,,,,,68.84765625,-34.0667724609375,0.7504571228027344,-0.507969873046875,0.0
,3460,,,,,69.964599609375,-29.736328125,0.7846394348144532,-0.47824161987304686,0.0
,3461,,,,,69.708251953125,-26.513671875,0.8538327209472657,-0.4181636169433594,0.0
,3462,,,,,70.0653076171875,-21.2493896484375,0.8884293640136719,-0.4011760437011719,0.0
,3463,,,,,70.71533203125,-14.996337890625,0.8915368469238282,-0.3721728698730469,0.0
,3464,,,,,71.66748046875,-8.294677734375,0.9213686828613281,-0.3280466125488281,0.0
,3465,,,,,72.32666015625,-2.197265625,0.9085244201660156,-0.30556915283203123,0.0
,3466,,,,,72.564697265625,3.0029296875,0.9456070495605469,-0.27200833740234376,0.0
,3467,,,,,72.65625,8.4228515625,0.9386670043945313,-0.20695836181640626,0.0
,3468,,,,,72.4456787109375,14.117431640625,0.9379419250488281,-0.14729468994140626,0.0
,3469,,,,,71.9696044921875,19.317626953125,0.9313126281738282,-0.07779065551757813,0.0
,3470,,,,,71.2005615234375,22.9339599609375,0.9467464599609375,-0.02133804931640625,0.0
,3471,,,,,69.927978515625,26.898193359375,0.922300927734375,0.07136852416992187,0.0
,3472,,,,,68.4356689453125,31.8695068359375,0.93638818359375,0.1413904724121094,0.0
,3473,,,,,66.156005859375,36.51123046875,0.9139107238769532,0.20830493774414063,0.0
,3474,,,,,64.013671875,39.84375,0.9321412902832031,0.2697295166015625,0.0
,3475,,,,,62.786865234375,41.41845703125,0.9104924926757813,0.32255672607421876,0.0
,3476,,,,,60.076904296875,44.1741943359375,0.9152572998046875,0.39268225708007815,0.0
,3477,,,,,56.744384765625,47.3419189453125,0.9144286376953126,0.4656045227050781,0.0
,3478,,,,,53.7322998046875,48.8433837890625,0.8905010192871095,0.5000975830078125,0.0
,3479,,,,,49.7772216796875,51.96533203125,0.8838717224121094,0.5501280578613281,0.0
,3480,,,,,45.208740234375,55.206298828125,0.8426457824707031,0.5439130920410157,0.0
,3481,,,,,20.947265625,59.3994140625,0.8226543090820313,0.5925969909667969,0.0
,3482,,,,,28.546142578125,63.2720947265625,0.7999696838378907,0.6197356750488281,0.0
,3483,,,,,29.0863037109375,66.39404296875,0.749939208984375,0.6384841552734375,0.0
,3484,,,,,23.91357421875,69.4976806640625,0.6917256958007812,0.6513284179687501,0.0
,3485,,,,,18.511962890625,72.5738525390625,0.6690410705566406,0.7021875549316406,0.0
,3486,,,,,13.5406494140625,74.6246337890625,0.5856569458007813,0.7073666931152344,0.0
,3487,,,,,9.6771240234375,75.62255859375,0.5247502807617188,0.7504571228027344,0.0
,3488,,,,,5.3466796875,76.7852783203125,0.4346332763671875,0.7798746276855469,0.0
,3489,,,,,0.4669189453125,77.34375,0.40210828857421876,0.8252438781738282,0.0
,3490,,,,,-4.1015625,77.5634765625,0.324006884765625,0.8434744445800781,0.0
,3491,,,,,-7.1044921875,77.3529052734375,0.24424815673828126,0.8639838317871094,0.0
,3492,,,,,-7.781982421875,76.4190673828125,0.13445042724609377,0.8759994323730469,0.0
,3493,,,,,-11.334228515625,74.8809814453125,0.09084208374023438,0.9074885925292969,0.0
,3494,,,,,-15.4815673828125,72.9583740234375,0.052205712890625,0.9419816528320313,0.0
,3495,,,,,-17.8436279296875,70.7794189453125,0.028070928955078126,0.9718134887695313,0.0
,3496,,,,,-22.8515625,68.88427734375,-0.0377041259765625,0.9599014709472656,0.0
,3497,,,,,-29.0496826171875,65.80810546875,-0.08877042846679688,0.9324520385742188,0.0
,3498,,,,,-34.9639892578125,63.0889892578125,-0.13155010986328125,0.92312958984375,0.0
,3499,,,,,-39.990234375,60.8184814453125,-0.1636607666015625,0.8996163024902344,0.0
,3500,,,,,-44.6136474609375,58.740234375,-0.2299537353515625,0.8783818359375001,0.0
,3501,,,,,-49.6307373046875,55.9661865234375,-0.30194375610351565,0.8462711791992188,0.0
,3502,,,,,-53.759765625,53.28369140625,-0.37724842529296876,0.7996589355468751,0.0
,3503,,,,,-56.707763671875,51.031494140625,-0.42531082763671874,0.7527359436035157,0.0
,3504,,,,,-59.3170166015625,48.3123779296875,-0.49885458984375003,0.72093603515625,0.0
,3505,,,,,-61.5692138671875,44.989013671875,-0.5644224792480469,0.6892397094726562,0.0
,3506,,,,,-63.8763427734375,41.033935546875,-0.6327871032714844,0.6574398010253907,0.0
,3507,,,,,-65.2679443359375,38.3514404296875,-0.7007373962402343,0.5975689636230469,0.0
,3508,,,,,-66.17431640625,35.3851318359375,-0.7590544921875,0.5403912780761719,0.0
,3509,,,,,-66.5130615234375,33.4808349609375,-0.7998661010742187,0.5058982177734375,0.0
,3510,,,,,-66.796875,29.8095703125,-0.8498965759277344,0.46891917114257814,0.0
,3511,,,,,-67.657470703125,24.9298095703125,-0.8781746704101563,0.440019580078125,0.0
,3512,,,,,-67.6025390625,20.965576171875,-0.9211615173339844,0.3846028015136719,0.0
,3513,,,,,-68.353271484375,14.9139404296875,-0.9333842834472657,0.36409341430664066,0.0
,3514,,,,,-69.3603515625,8.038330078125,-0.9617659606933594,0.32980751953125004,0.0
,3515,,,,,-72.61962890625,-2.3895263671875,-0.9600050537109376,0.2994577697753906,0.0
,3516,,,,,-70.4864501953125,-3.18603515625,-0.9327627868652344,0.25450285034179687,0.0
,3517,,,,,-70.9991455078125,-8.1390380859375,-0.9249940795898438,0.21079092407226563,0.0
,3518,,,,,-70.9991455078125,-13.9892578125,-0.9350416076660156,0.14014747924804688,0.0
,3519,,,,,-70.697021484375,-19.51904296875,-0.9557581604003906,0.09705704956054688,0.0
,3520,,,,,-69.781494140625,-23.895263671875,-0.9746102233886719,0.0045576416015625,0.0
,3521,,,,,-68.4906005859375,-28.3172607421875,-0.9559653259277344,-0.023513287353515627,0.0
,3522,,,,,-66.8975830078125,-32.4371337890625,-0.9409458251953126,-0.11000489501953126,0.0
,3523,,,,,-64.34326171875,-36.8499755859375,-0.923958251953125,-0.141701220703125,0.0
,3524,,,,,-61.8804931640625,-41.1163330078125,-0.9409458251953126,-0.19981115112304687,0.0
,3525,,,,,-59.47265625,-43.8720703125,-0.9145322204589844,-0.244455322265625,0.0
,3526,,,,,-57.861328125,-44.476318359375,-0.8914332641601562,-0.3609859313964844,0.0
,3527,,,,,-54.78515625,-47.076416015625,-0.8829394775390625,-0.41951019287109376,0.0
,3528,,,,,-51.2969970703125,-49.896240234375,-0.8604620178222656,-0.4798989440917969,0.0
,3529,,,,,-48.1842041015625,-51.123046875,-0.8308373474121094,-0.48673540649414065,0.0
,3530,,,,,-43.780517578125,-54.730224609375,-0.8358093200683594,-0.5663905517578125,0.0
,3531,,,,,-38.19580078125,-58.63037109375,-0.8058739013671875,-0.5671156311035156,0.0
,3532,,,,,-32.5103759765625,-62.40234375,-0.7817391174316406,-0.5933220703125001,0.0
,3533,,,,,-28.38134765625,-65.679931640625,-0.7004266479492187,-0.5910432495117187,0.0
,3534,,,,,-22.8240966796875,-68.8934326171875,-0.6859250610351563,-0.6568183044433594,0.0
,3535,,,,,-17.9443359375,-71.7681884765625,-0.6073057434082031,-0.6734951293945313,0.0
,3536,,,,,-14.39208984375,-73.6907958984375,-0.5474349060058594,-0.7172070556640625,0.0
,3537,,,,,-10.3729248046875,-75.1190185546875,-0.46601885375976565,-0.7337802978515625,0.0
,3538,,,,,-5.9417724609375,-76.0711669921875,-0.41712778930664063,-0.7835000244140625,0.0
,3539,,,,,-1.5655517578125,-76.519775390625,-0.3218316467285156,-0.7885755798339844,0.0
,3540,,,,,1.6204833984375,-76.409912109375,-0.29044606933593753,-0.8370523132324219,0.0
,3541,,,,,2.5634765625,-75.91552734375,-0.193078271484375,-0.8494822448730469,0.0
,3542,,,,,6.3446044921875,-74.7711181640625,-0.14066539306640624,-0.8826287292480469,0.0
,3543,,,,,10.2447509765625,-73.6907958984375,-0.05810993041992188,-0.8900866882324219,0.0
,3544,,,,,11.993408203125,-71.942138671875,-0.00497197265625,-0.8948514953613281,0.0
,3545,,,,,16.5618896484375,-70.12939453125,0.047337322998046875,-0.9000306335449219,0.0
,3546,,,,,21.42333984375,-68.3990478515625,0.049408978271484376,-0.9102853271484376,0.0
,3547,,,,,27.777099609375,-66.302490234375,0.10948698120117188,-0.9025166198730469,0.0
,3548,,,,,33.837890625,-63.9129638671875,0.12512797851562502,-0.89992705078125,0.0
,3549,,,,,38.763427734375,-61.81640625,0.19224960937500002,-0.8802463256835937,0.0
,3550,,,,,43.6248779296875,-59.765625,0.22529251098632813,-0.8679199768066407,0.0
,3551,,,,,48.4588623046875,-56.8084716796875,0.2912747314453125,-0.8398490478515626,0.0
,3552,,,,,52.3956298828125,-54.034423828125,0.3343651611328125,-0.8147820190429688,0.0
,3553,,,,,55.11474609375,-51.580810546875,0.4031441162109375,-0.7818427001953125,0.0
,3554,,,,,58.172607421875,-48.4222412109375,0.478138037109375,-0.7204181213378906,0.0
,3555,,,,,60.4248046875,-45.73974609375,0.5214356323242187,-0.6986657409667969,0.0
,3556,,,,,63.2537841796875,-41.3543701171875,0.5845175354003906,-0.6575433837890625,0.0
,3557,,,,,65.1580810546875,-37.481689453125,0.6735987121582031,-0.6022301879882813,0.0
,3558,,,,,65.1947021484375,-36.2274169921875,0.7102670104980469,-0.5779918212890626,0.0
,3559,,,,,66.3665771484375,-32.647705078125,0.7462102294921875,-0.5495065612792969,0.0
,3560,,,,,67.803955078125,-28.4912109375,0.8101207946777343,-0.4777237060546875,0.0
,3561,,,,,67.8863525390625,-25.4058837890625,0.8581831970214844,-0.44851336669921876,0.0
,3562,,,,,68.88427734375,-20.3155517578125,0.879210498046875,-0.4241714172363281,0.0
,3563,,,,,69.4976806640625,-14.8956298828125,0.8837681396484375,-0.4023154541015625,0.0
,3564,,,,,70.3033447265625,-7.9833984375,0.9271693176269532,-0.353838720703125,0.0
,3565,,,,,72.69287109375,1.8402099609375,0.9298624694824219,-0.3105411254882813,0.0
,3566,,,,,70.989990234375,4.0740966796875,0.9091459167480469,-0.29003173828125,0.0
,3567,,,,,71.044921875,9.9609375,0.9019987060546876,-0.23730811157226564,0.0
,3568,,,,,70.71533203125,16.00341796875,0.9578298156738282,-0.17360471191406252,0.0
,3569,,,,,70.2850341796875,21.771240234375,0.952132763671875,-0.10213260498046875,0.0
,3570,,,,,69.6258544921875,25.726318359375,0.9547223327636719,-0.049719726562500004,0.0
,3571,,,,,68.29833984375,29.7271728515625,0.9219901794433594,0.03666829833984375,0.0
,3572,,,,,66.4947509765625,34.09423828125,0.9447783874511719,0.12295274047851563,0.0
,3573,,,,,64.544677734375,38.2965087890625,0.9074885925292969,0.15858521118164062,0.0
,3574,,,,,62.603759765625,41.5191650390625,0.9046918579101563,0.20809777221679687,0.0
,3575,,,,,61.395263671875,42.645263671875,0.8889472778320313,0.28402393798828124,0.0
,3576,,,,,58.3831787109375,46.0235595703125,0.8934013366699219,0.37186212158203125,0.0
,3577,,,,,55.5999755859375,48.9898681640625,0.8681271423339844,0.4385694213867188,0.0
,3578,,,,,53.3477783203125,49.5574951171875,0.8565258728027344,0.4808311889648438,0.0
,3579,,,,,49.4842529296875,52.84423828125,0.8482392517089844,0.5308616638183594,0.0
,3580,,,,,44.34814453125,56.689453125,0.817164422607422,0.5453632507324219,0.0
,3581,,,,,38.9739990234375,60.662841796875,0.8172680053710938,0.6053376708984375,0.0
,3582,,,,,33.9752197265625,63.812255859375,0.7802889587402344,0.6282294616699219,0.0
,3583,,,,,29.7088623046875,66.97998046875,0.7328480529785156,0.6557824768066406,0.0
,3584,,,,,24.57275390625,70.3948974609375,0.6425238830566407,0.6409701416015625,0.0
,3585,,,,,20.1507568359375,72.9400634765625,0.5932184875488281,0.6716306396484375,0.0
,3586,,,,,16.1224365234375,74.2584228515625,0.5166708251953125,0.7005302307128907,0.0
,3587,,,,,12.2589111328125,75.62255859375,0.4807276062011719,0.7710700927734375,0.0
,3588,,,,,8.5784912109375,76.8402099609375,0.40925549926757815,0.7958263732910157,0.0
,3589,,,,,3.790283203125,77.4810791015625,0.37310511474609376,0.8501037414550782,0.0
,3590,,,,,0.2838134765625,77.8289794921875,0.2706617614746094,0.8784854187011719,0.0
,3591,,,,,-2.4810791015625,77.0782470703125,0.22114920043945313,0.9096638305664063,0.0
,3592,,,,,-4.1839599609375,76.28173828125,0.15817088012695313,0.9282051452636719,0.0
,3593,,,,,-8.0291748046875,74.67041015625,0.10637949829101563,0.934730859375,0.0
,3594,,,,,-12.6251220703125,72.39990234375,0.03138557739257813,0.9364917663574219,0.0
,3595,,,,,-15.4998779296875,70.0836181640625,0.00683646240234375,0.9639411987304688,0.0
,3596,,,,,-20.452880859375,68.22509765625,-0.054795281982421874,0.962076708984375,0.0
,3597,,,,,-26.385498046875,66.064453125,-0.11010847778320312,0.9339021972656251,0.0
,3598,,,,,-32.171630859375,63.6566162109375,-0.16345360107421875,0.9131856445312501,0.0
,3599,,,,,-37.39013671875,61.26708984375,-0.2084085205078125,0.87340986328125,0.0
,3600,,,,,-42.352294921875,58.978271484375,-0.25118820190429686,0.8501037414550782,0.0
,3601,,,,,-47.5250244140625,56.195068359375,-0.2855776794433594,0.8180966674804688,0.0
,3602,,,,,-51.8280029296875,53.631591796875,-0.36202175903320316,0.7886791625976562,0.0
,3603,,,,,-55.059814453125,51.4801025390625,-0.4109128234863281,0.7455887329101563,0.0
,3604,,,,,-57.879638671875,48.9898681640625,-0.49201812744140627,0.7135816589355469,0.0
,3605,,,,,-61.175537109375,45.0164794921875,-0.5378017089843751,0.685303564453125,0.0
,3606,,,,,-63.90380859375,41.2628173828125,-0.6103096435546875,0.6454242004394531,0.0
,3607,,,,,-65.9912109375,37.6373291015625,-0.6499818420410156,0.6043018432617188,0.0
,3608,,,,,-67.5201416015625,33.746337890625,-0.7068487792968751,0.565976220703125,0.0
,3609,,,,,-67.694091796875,31.2286376953125,-0.769827099609375,0.5236108703613281,0.0
,3610,,,,,-68.4539794921875,27.4932861328125,-0.8221363952636719,0.47637713012695315,0.0
,3611,,,,,-69.0948486328125,23.748779296875,-0.8473070068359375,0.4447843872070313,0.0
,3612,,,,,-68.6737060546875,20.25146484375,-0.8894651916503906,0.3965148193359375,0.0
,3613,,,,,-69.47021484375,13.8427734375,-0.927272900390625,0.36440416259765623,0.0
,3614,,,,,-70.147705078125,7.3516845703125,-0.9204364379882812,0.33509024047851566,0.0
,3615,,,,,-73.699951171875,-3.5980224609375,-0.9190898620605469,0.31934566040039064,0.0
,3616,,,,,-71.356201171875,-4.79736328125,-0.9419816528320313,0.2520168640136719,0.0
,3617,,,,,-71.6217041015625,-10.6658935546875,-0.9271693176269532,0.23368271484375,0.0
,3618,,,,,-71.2005615234375,-17.1112060546875,-0.914117889404297,0.16303927001953125,0.0
,3619,,,,,-70.751953125,-22.4578857421875,-0.9247869140625,0.12150258178710938,0.0
,3620,,,,,-70.330810546875,-26.9989013671875,-0.9311054626464844,0.045990747070312504,0.0
,3621,,,,,-69.0673828125,-30.8624267578125,-0.9087315856933594,0.005282720947265625,0.0
,3622,,,,,-66.9708251953125,-35.3118896484375,-0.9075921752929688,-0.09011700439453126,0.0
,3623,,,,,-65.2679443359375,-39.349365234375,-0.9021022888183594,-0.136729248046875,0.0
,3624,,,,,-64.1143798828125,-41.1712646484375,-0.9090423339843751,-0.2266390869140625,0.0
,3625,,,,,-62.1368408203125,-43.9361572265625,-0.8542470520019532,-0.26796860961914065,0.0
,3626,,,,,-60.205078125,-46.2799072265625,-0.8371558959960937,-0.3589142761230469,0.0
,3627,,,,,-57.3760986328125,-48.30322265625,-0.8085670532226563,-0.38657087402343754,0.0
,3628,,,,,-54.180908203125,-50.921630859375,-0.7999696838378907,-0.4620827087402344,0.0
,3629,,,,,-50.5279541015625,-53.1005859375,-0.7952048767089844,-0.49626502075195317,0.0
,3630,,,,,-45.37353515625,-57.275390625,-0.8119852844238281,-0.5679442932128906,0.0
,3631,,,,,-39.9627685546875,-60.8917236328125,-0.7677554443359376,-0.5556179443359375,0.0
,3632,,,,,-33.2244873046875,-64.2242431640625,-0.7316050598144531,-0.5914575805664063,0.0
,3633,,,,,-31.036376953125,-67.6666259765625,-0.6768097778320312,-0.6161102783203125,0.0
,3634,,,,,-26.0101318359375,-70.6512451171875,-0.6346515930175781,-0.6689374877929688,0.0
,3635,,,,,-21.2677001953125,-73.1231689453125,-0.5630759033203125,-0.6685231567382812,0.0
,3636,,,,,-17.4041748046875,-74.615478515625,-0.5246466979980469,-0.7247685974121094,0.0
,3637,,,,,-13.1744384765625,-76.0894775390625,-0.4429198974609375,-0.7362662841796875,0.0
,3638,,,,,-8.5601806640625,-77.069091796875,-0.421789013671875,-0.811260205078125,0.0
,3639,,,,,-4.0924072265625,-77.435302734375,-0.32638928833007813,-0.8133318603515626,0.0
,3640,,,,,-0.9521484375,-76.885986328125,-0.2855776794433594,-0.86678056640625,0.0
,3641,,,,,0.4302978515625,-76.116943359375,-0.2042652099609375,-0.8852182983398438,0.0
,3642,,,,,4.6600341796875,-75.0640869140625,-0.11528761596679687,-0.8968195678710937,0.0
,3643,,,,,8.60595703125,-73.7274169921875,-0.03242140502929688,-0.8881186157226563,0.0
,3644,,,,,10.3729248046875,-71.8048095703125,-0.019059228515625002,-0.9204364379882812,0.0
,3645,,,,,15.325927734375,-69.9188232421875,0.031281994628906254,-0.9332807006835938,0.0
,3646,,,,,21.35009765625,-67.7032470703125,0.06453206176757813,-0.9292409729003906,0.0
,3647,,,,,27.4566650390625,-65.606689453125,0.10772607421875001,-0.9221973449707032,0.0
,3648,,,,,33.0322265625,-63.4918212890625,0.10555083618164063,-0.9212651000976563,0.0
,3649,,,,,38.4429931640625,-61.5692138671875,0.16355718383789064,-0.8850111328125,0.0
,3650,,,,,44.12841796875,-58.905029296875,0.20903001708984376,-0.8574581176757813,0.0
,3651,,,,,48.8983154296875,-55.975341796875,0.2818486999511719,-0.8350842407226563,0.0
,3652,,,,,52.8350830078125,-53.411865234375,0.31592742919921873,-0.7961371215820313,0.0
,3653,,,,,56.304931640625,-50.628662109375,0.3592250244140625,-0.7721059204101562,0.0
,3654,,,,,59.9029541015625,-46.8841552734375,0.41878511352539066,-0.7294298217773437,0.0
,3655,,,,,62.8875732421875,-43.560791015625,0.5019620727539063,-0.7096455139160156,0.0
,3656,,,,,65.33203125,-40.3564453125,0.5556179443359375,-0.6725628845214844,0.0
,3657,,,,,67.327880859375,-36.767578125,0.6011943603515625,-0.6290581237792969,0.0
,3658,,,,,68.5546875,-33.526611328125,0.6636547668457031,-0.5668048828125,0.0
,3659,,,,,69.7265625,-29.1778564453125,0.7369913635253906,-0.5208141357421875,0.0
,3660,,,,,69.9005126953125,-26.1199951171875,0.7927188903808594,-0.48652824096679687,0.0
,3661,,,,,69.0948486328125,-23.4100341796875,0.8223435607910157,-0.4540032531738281,0.0
,3662,,,,,69.488525390625,-18.4112548828125,0.856007958984375,-0.42862547607421875,0.0
,3663,,,,,70.0927734375,-11.773681640625,0.8650196594238282,-0.40407636108398437,0.0
,3664,,,,,70.953369140625,-5.1544189453125,0.8900866882324219,-0.367097314453125,0.0
,3665,,,,,72.5189208984375,2.0782470703125,0.9008592956542969,-0.3311540954589844,0.0
,3666,,,,,71.5850830078125,5.52978515625,0.9038631958007812,-0.2952108764648438,0.0
,3667,,,,,71.4935302734375,11.920166015625,0.8839753051757813,-0.23399346313476563,0.0
,3668,,,,,71.2371826171875,17.28515625,0.9079029235839844,-0.168218408203125,0.0
,3669,,,,,70.9259033203125,22.0184326171875,0.8900866882324219,-0.098610791015625,0.0
,3670,,,,,70.513916015625,26.40380859375,0.9083172546386719,-0.030142584228515627,0.0
,3671,,,,,69.378662109375,31.146240234375,0.8785890014648438,0.023306121826171877,0.0
,3672,,,,,67.7581787109375,35.26611328125,0.9051061889648437,0.09923228759765625,0.0
,3673,,,,,66.02783203125,38.6444091796875,0.8819036499023438,0.17184380493164064,0.0
,3674,,,,,63.995361328125,41.473388671875,0.8835609741210938,0.24797713623046877,0.0
,3675,,,,,62.457275390625,42.4072265625,0.8536255554199219,0.32172806396484377,0.0
,3676,,,,,59.8480224609375,44.329833984375,0.8598405212402344,0.4028333679199219,0.0
,3677,,,,,57.2296142578125,46.58203125,0.8424386169433594,0.46104688110351566,0.0
,3678,,,,,54.510498046875,47.8912353515625,0.85020732421875,0.49875100708007813,0.0
,3679,,,,,49.5849609375,51.67236328125,0.8227578918457031,0.5536498718261719,0.0
,3680,,,,,44.5404052734375,55.3985595703125,0.7766635620117188,0.5517853820800781,0.0
,3681,,,,,40.0726318359375,58.8226318359375,0.7593652404785156,0.5938399841308594,0.0
,3682,,,,,33.72802734375,62.3016357421875,0.7319158081054687,0.6118633850097657,0.0
,3683,,,,,30.816650390625,66.02783203125,0.7013588928222656,0.6410737243652344,0.0
,3684,,,,,26.2481689453125,69.3695068359375,0.6223252441406251,0.6346515930175781,0.0
,3685,,,,,22.3297119140625,71.136474609375,0.5803742248535156,0.6714234741210938,0.0
,3686,,,,,17.9718017578125,72.6104736328125,0.5041373107910156,0.7094383483886719,0.0
,3687,,,,,13.275146484375,74.029541015625,0.4636364501953125,0.7884719970703126,0.0
,3688,,,,,8.5235595703125,74.74365234375,0.40210828857421876,0.8162321777343751,0.0
,3689,,,,,4.8431396484375,74.6063232421875,0.36657940063476563,0.85683662109375,0.0
,3690,,,,,0.6591796875,74.139404296875,0.27988062744140624,0.875895849609375,0.0
,3691,,,,,-3.8726806640625,73.49853515625,0.2520168640136719,0.9267549865722656,0.0
,3692,,,,,-5.4656982421875,72.8851318359375,0.18126983642578126,0.9428103149414063,0.0
,3693,,,,,-8.258056640625,71.795654296875,0.11218013305664062,0.9525470947265625,0.0
,3694,,,,,-12.103271484375,70.3582763671875,0.06132099609375,0.9609372985839844,0.0
,3695,,,,,-15.7012939453125,68.243408203125,0.02506702880859375,0.9651841918945313,0.0
,3696,,,,,-21.3958740234375,66.1468505859375,-0.0493053955078125,0.9500611083984375,0.0
,3697,,,,,-26.9073486328125,63.739013671875,-0.08359129028320313,0.9255119934082031,0.0
,3698,,,,,-32.611083984375,61.578369140625,-0.13268952026367187,0.8930905883789063,0.0
,3699,,,,,-39.0380859375,58.70361328125,-0.16842557373046876,0.8797284118652344,0.0
,3700,,,,,-44.6319580078125,56.1767578125,-0.22612117309570312,0.8603584350585938,0.0
,3701,,,,,-48.944091796875,54.0802001953125,-0.26165006103515626,0.8276262817382812,0.0
,3702,,,,,-52.8167724609375,51.67236328125,-0.32566420898437504,0.7997625183105469,0.0
,3703,,,,,-56.9732666015625,48.44970703125,-0.3676152282714844,0.7649587097167969,0.0
,3704,,,,,-60.260009765625,45.3826904296875,-0.4470632080078125,0.7330552185058594,0.0
,3705,,,,,-62.8875732421875,42.4072265625,-0.4935718688964844,0.6929686889648438,0.0
,3706,,,,,-65.240478515625,39.07470703125,-0.5520961303710937,0.6667622497558594,0.0
,3707,,,,,-67.6116943359375,34.7991943359375,-0.6347551757812501,0.5993298706054687,0.0
,3708,,,,,-69.1864013671875,30.487060546875,-0.6795029296875,0.5707410278320313,0.0
,3709,,,,,-68.8201904296875,28.82080078125,-0.7310871459960938,0.5489886474609376,0.0
,3710,,,,,-69.0765380859375,25.96435546875,-0.7953084594726563,0.48124552001953125,0.0
,3711,,,,,-69.671630859375,21.917724609375,-0.8296979370117188,0.4407446594238281,0.0
,3712,,,,,-69.7998046875,17.633056640625,-0.8611870971679688,0.40407636108398437,0.0
,3713,,,,,-70.6329345703125,12.0391845703125,-0.8956801574707032,0.37227645263671877,0.0
,3714,,,,,-71.2005615234375,6.4453125,-0.9017915405273438,0.32317822265625,0.0
,3715,,,,,-74.395751953125,-3.131103515625,-0.8997198852539062,0.29893985595703126,0.0
,3716,,,,,-72.601318359375,-6.1981201171875,-0.9094566650390625,0.24714847412109375,0.0
,3717,,,,,-72.5830078125,-11.7095947265625,-0.9117354858398438,0.20996226196289064,0.0
,3718,,,,,-72.5006103515625,-16.204833984375,-0.9304839660644532,0.10265051879882812,0.0
,3719,,,,,-72.4365234375,-21.002197265625,-0.9103889099121094,0.06629296875,0.0
,3720,,,,,-71.795654296875,-26.3031005859375,-0.9086280029296875,-0.0128442626953125,0.0
,3721,,,,,-70.6878662109375,-30.5877685546875,-0.9075921752929688,-0.048062402343750005,0.0
,3722,,,,,-69.3603515625,-34.3963623046875,-0.9202292724609376,-0.14232271728515625,0.0
,3723,,,,,-67.7032470703125,-37.79296875,-0.9249940795898438,-0.18375582275390626,0.0
,3724,,,,,-66.7236328125,-38.5162353515625,-0.9056241027832032,-0.29355355224609375,0.0
,3725,,,,,-64.05029296875,-41.7205810546875,-0.8882221984863281,-0.33788697509765625,0.0
,3726,,,,,-61.6058349609375,-44.091796875,-0.8629480041503906,-0.4178528686523438,0.0
,3727,,,,,-59.088134765625,-45.4833984375,-0.8506216552734375,-0.4388801696777344,0.0
,3728,,,,,-55.059814453125,-48.8067626953125,-0.8448210205078125,-0.5035158142089844,0.0
,3729,,,,,-50.2899169921875,-51.837158203125,-0.8173715881347656,-0.5076591247558594,0.0
,3730,,,,,-45.2545166015625,-55.40771484375,-0.839434716796875,-0.5929077392578125,0.0
,3731,,,,,-40.576171875,-58.5205078125,-0.8010055114746094,-0.6048197570800782,0.0
,3732,,,,,-32.0709228515625,-61.9171142578125,-0.7858824279785156,-0.6650013427734375,0.0
,3733,,,,,-30.230712890625,-65.3778076171875,-0.7522180297851563,-0.6825068298339844,0.0
,3734,,,,,-25.4425048828125,-68.44482421875,-0.6958690063476562,-0.7238363525390625,0.0
,3735,,,,,-21.478271484375,-70.751953125,-0.6166281921386719,-0.7402024291992187,0.0
,3736,,,,,-17.4774169921875,-72.381591796875,-0.5745735900878907,-0.7960335388183594,0.0
,3737,,,,,-13.29345703125,-73.7274169921875,-0.48673540649414065,-0.7969657836914062,0.0
,3738,,,,,-8.349609375,-74.9725341796875,-0.4415733215332031,-0.8456496826171875,0.0
,3739,,,,,-3.4698486328125,-75.531005859375,-0.36471491088867186,-0.8525897277832032,0.0
,3740,,,,,0.4486083984375,-75.4302978515625,-0.33291500244140626,-0.9047954406738281,0.0
,3741,,,,,3.9642333984375,-74.6978759765625,-0.2481843017578125,-0.9007557128906251,0.0
,3742,,,,,8.6334228515625,-73.6083984375,-0.18510239868164063,-0.9125641479492188,0.0
,3743,,,,,11.224365234375,-72.7935791015625,-0.08048380737304688,-0.9006521301269531,0.0
,3744,,,,,13.201904296875,-71.44775390625,-0.029831835937500002,-0.90987099609375,0.0
,3745,,,,,17.706298828125,-69.744873046875,0.017091156005859375,-0.9221973449707032,0.0
,3746,,,,,23.0804443359375,-66.851806640625,0.045990747070312504,-0.9304839660644532,0.0
,3747,,,,,29.1961669921875,-64.1876220703125,0.09591763916015625,-0.9277908142089843,0.0
,3748,,,,,34.5428466796875,-61.6424560546875,0.11777360229492188,-0.9217830139160157,0.0
,3749,,,,,39.825439453125,-59.0423583984375,0.18696688842773437,-0.9037596130371094,0.0
,3750,,,,,45.904541015625,-55.8197021484375,0.21887037963867187,-0.8871863708496094,0.0
,3751,,,,,50.958251953125,-53.13720703125,0.25947482299804686,-0.8710274597167968,0.0
,3752,,,,,54.803466796875,-51.141357421875,0.3043261596679688,-0.8334269165039063,0.0
,3753,,,,,58.3282470703125,-48.4405517578125,0.3600536865234375,-0.8035950805664063,0.0
,3754,,,,,61.5692138671875,-45.66650390625,0.40801250610351564,-0.7612297302246094,0.0
,3755,,,,,64.7186279296875,-42.1234130859375,0.49502202758789066,-0.7149282348632813,0.0
,3756,,,,,67.41943359375,-38.34228515625,0.5530283752441406,-0.6605472839355468,0.0
,3757,,,,,69.17724609375,-35.504150390625,0.6109311401367188,-0.6147637023925782,0.0
,3758,,,,,69.4793701171875,-34.0118408203125,0.6744273742675782,-0.5738485107421876,0.0
,3759,,,,,70.42236328125,-29.8004150390625,0.7455887329101563,-0.5069340454101563,0.0
,3760,,,,,71.136474609375,-26.0101318359375,0.7981051940917969,-0.46570810546875,0.0
,3761,,,,,70.458984375,-23.931884765625,0.8166465087890625,-0.44727037353515625,0.0
,3762,,,,,71.2921142578125,-18.841552734375,0.8654339904785157,-0.4140203063964844,0.0
,3763,,,,,71.9696044921875,-13.1744384765625,0.8736170288085938,-0.39465032958984375,0.0
,3764,,,,,72.8485107421875,-6.4544677734375,0.8988912231445313,-0.35860352783203125,0.0
,3765,,,,,74.5880126953125,2.032470703125,0.9109068237304688,-0.3096088806152344,0.0
,3766,,,,,73.7457275390625,5.2825927734375,0.9171217895507813,-0.2683829406738281,0.0
,3767,,,,,73.9654541015625,10.5560302734375,0.90655634765625,-0.19204244384765626,0.0
,3768,,,,,73.6358642578125,15.838623046875,0.9252012451171875,-0.13072144775390626,0.0
,3769,,,,,73.49853515625,21.0296630859375,0.9116319030761719,-0.06018158569335938,0.0
,3770,,,,,73.3428955078125,24.8565673828125,0.9381490905761719,0.00973677978515625,0.0
,3771,,,,,72.2625732421875,29.0130615234375,0.9126677307128906,0.08897759399414062,0.0
,3772,,,,,70.660400390625,32.6385498046875,0.9219901794433594,0.1500914245605469,0.0
,3773,,,,,68.0877685546875,37.3992919921875,0.9296553039550781,0.24082992553710938,0.0
,3774,,,,,65.4876708984375,40.83251953125,0.9342129455566407,0.29572879028320315,0.0
,3775,,,,,64.3157958984375,40.814208984375,0.9147393859863282,0.37092987670898436,0.0
,3776,,,,,61.2945556640625,42.7825927734375,0.9393920837402344,0.43939808349609377,0.0
,3777,,,,,57.5592041015625,45.9686279296875,0.9281015625,0.5036193969726562,0.0
,3778,,,,,54.473876953125,47.735595703125,0.8943335815429688,0.5330369018554688,0.0
,3779,,,,,50.408935546875,51.2237548828125,0.8783818359375001,0.5834817077636719,0.0
,3780,,,,,45.538330078125,54.6295166015625,0.8618085937500001,0.6033695983886719,0.0
,3781,,,,,39.80712890625,58.7677001953125,0.842024285888672,0.6358945861816406,0.0
,3782,,,,,34.0484619140625,62.7227783203125,0.776456396484375,0.6213929992675782,0.0
,3783,,,,,30.047607421875,65.771484375,0.7523216125488281,0.6536072387695313,0.0
,3784,,,,,25.6805419921875,68.701171875,0.6851999816894532,0.6762918640136719,0.0
,3785,,,,,20.7366943359375,71.3653564453125,0.6168353576660156,0.6921400268554688,0.0
,3786,,,,,15.5548095703125,73.6175537109375,0.5352121398925781,0.7028090515136719,0.0
,3787,,,,,11.627197265625,74.67041015625,0.5048623901367187,0.7646479614257813,0.0
,3788,,,,,7.049560546875,75.1556396484375,0.4468560424804688,0.7982087768554688,0.0
,3789,,,,,1.904296875,75.4302978515625,0.4296613037109375,0.8645017456054688,0.0
,3790,,,,,-2.8656005859375,75.5859375,0.3485559997558594,0.8913296813964844,0.0
,3791,,,,,-6.390380859375,74.945068359375,0.26537904052734373,0.9042775268554688,0.0
,3792,,,,,-8.6700439453125,74.01123046875,0.1856203125,0.91981494140625,0.0
,3793,,,,,-12.2222900390625,72.6837158203125,0.12398856811523438,0.9401171630859375,0.0
,3794,,,,,-15.4998779296875,71.2646484375,0.06681088256835938,0.9541008361816407,0.0
,3795,,,,,-18.12744140625,69.287109375,0.010461859130859376,0.9402207458496094,0.0
,3796,,,,,-23.7945556640625,66.4947509765625,-0.0484767333984375,0.9361810180664063,0.0
,3797,,,,,-29.5623779296875,64.3341064453125,-0.06411773071289063,0.9331771179199219,0.0
,3798,,,,,-34.918212890625,62.4481201171875,-0.11072997436523438,0.9145322204589844,0.0
,3799,,,,,-40.5303955078125,59.710693359375,-0.1553741455078125,0.8717525390625,0.0
,3800,,,,,-46.2158203125,56.9732666015625,-0.23016090087890625,0.8333233337402344,0.0
,3801,,,,,-51.3702392578125,54.473876953125,-0.27988062744140624,0.8075312255859375,0.0
,3802,,,,,-55.11474609375,52.4322509765625,-0.3244212158203125,0.7914758972167969,0.0
,3803,,,,,-58.92333984375,49.5758056640625,-0.39071418457031254,0.724354266357422,0.0
,3804,,,,,-61.9537353515625,47.0306396484375,-0.4530710083007813,0.6879967163085938,0.0
,3805,,,,,-65.1031494140625,43.377685546875,-0.5178102355957032,0.6681088256835938,0.0
,3806,,,,,-67.5018310546875,39.9810791015625,-0.5899038391113282,0.6186998474121094,0.0
,3807,,,,,-68.5546875,38.2965087890625,-0.6436632934570312,0.5777846557617188,0.0
,3808,,,,,-69.7265625,34.8175048828125,-0.6888253784179688,0.5463990783691406,0.0
,3809,,,,,-70.34912109375,31.6131591796875,-0.763197802734375,0.4871497375488281,0.0
,3810,,,,,-70.5047607421875,28.857421875,-0.8174751708984376,0.4468560424804688,0.0
,3811,,,,,-71.22802734375,24.737548828125,-0.8441995239257812,0.4345296936035156,0.0
,3812,,,,,-71.484375,20.233154296875,-0.8588046936035156,0.41267373046875,0.0
,3813,,,,,-72.161865234375,14.5843505859375,-0.8856326293945312,0.37289794921875,0.0
,3814,,,,,-72.6470947265625,7.80029296875,-0.9175361206054687,0.31944924316406254,0.0
,3815,,,,,-75.640869140625,-2.490234375,-0.9370096801757812,0.2922069763183594,0.0
,3816,,,,,-73.4527587890625,-3.5797119140625,-0.9528578430175781,0.21193033447265625,0.0
,3817,,,,,-73.773193359375,-8.8165283203125,-0.9357666870117188,0.18800271606445312,0.0
,3818,,,,,-73.4710693359375,-14.703369140625,-0.9199185241699219,0.11621986083984376,0.0
,3819,,,,,-72.8118896484375,-19.6563720703125,-0.9282051452636719,0.0733365966796875,0.0
,3820,,,,,-71.923828125,-23.4466552734375,-0.9273764831542969,-0.01719473876953125,0.0
,3821,,,,,-70.49560546875,-27.72216796875,-0.922300927734375,-0.054898864746093755,0.0
,3822,,,,,-68.206787109375,-32.4188232421875,-0.9473679565429688,-0.14833051757812502,0.0
,3823,,,,,-65.9820556640625,-35.888671875,-0.9385634216308594,-0.17163663940429688,0.0
,3824,,,,,-64.654541015625,-37.811279296875,-0.9381490905761719,-0.28650992431640626,0.0
,3825,,,,,-62.2100830078125,-40.8599853515625,-0.9028273681640625,-0.3340544128417969,0.0
,3826,,,,,-60.003662109375,-43.505859375,-0.8720632873535157,-0.38967835693359376,0.0
,3827,,,,,-56.982421875,-45.8221435546875,-0.8318731750488282,-0.4078053405761719,0.0
,3828,,,,,-53.4576416015625,-48.2666015625,-0.844406689453125,-0.4915002136230469,0.0
,3829,,,,,-49.91455078125,-50.482177734375,-0.8404705444335938,-0.5061053833007813,0.0
,3830,,,,,-44.677734375,-54.8126220703125,-0.836120068359375,-0.57840615234375,0.0
,3831,,,,,-39.2303466796875,-58.59375,-0.7883684143066406,-0.5741592590332032,0.0
,3832,,,,,-31.3201904296875,-61.798095703125,-0.7657873718261718,-0.6152816162109375,0.0
,3833,,,,,-28.9306640625,-65.1397705078125,-0.7368877807617188,-0.6410737243652344,0.0
,3834,,,,,-23.3001708984375,-67.9962158203125,-0.7110956726074219,-0.6870644714355469,0.0
,3835,,,,,-18.20068359375,-70.3857421875,-0.6210822509765626,-0.6955582580566406,0.0
,3836,,,,,-14.0350341796875,-71.8963623046875,-0.5938399841308594,-0.7612297302246094,0.0
,3837,,,,,-9.5947265625,-73.1414794921875,-0.5143920043945313,-0.7852609313964845,0.0
,3838,,,,,-4.72412109375,-74.1943359375,-0.4705764953613281,-0.8280406127929688,0.0
,3839,,,,,-0.0457763671875,-74.89013671875,-0.38843536376953125,-0.83529140625,0.0
,3840,,,,,3.2958984375,-75.1007080078125,-0.3384048889160156,-0.8681271423339844,0.0
,3841,,,,,5.8868408203125,-74.7344970703125,-0.23886185302734375,-0.8629480041503906,0.0
,3842,,,,,10.198974609375,-73.53515625,-0.17712652587890626,-0.8785890014648438,0.0
,3843,,,,,13.07373046875,-72.32666015625,-0.09260299072265625,-0.8741349426269531,0.0
,3844,,,,,14.3280029296875,-70.330810546875,-0.024859863281250002,-0.8901902709960938,0.0
,3845,,,,,18.45703125,-68.5821533203125,0.03697904663085937,-0.9090423339843751,0.0
,3846,,,,,23.785400390625,-66.4215087890625,0.052827209472656254,-0.9216794311523437,0.0
,3847,,,,,29.5074462890625,-64.1326904296875,0.10741532592773438,-0.9185719482421876,0.0
,3848,,,,,34.60693359375,-61.9537353515625,0.10378992919921876,-0.9121498168945312,0.0
,3849,,,,,39.9993896484375,-59.58251953125,0.17567636718750002,-0.8814893188476562,0.0
,3850,,,,,45.9686279296875,-56.5521240234375,0.20240072021484376,-0.8508288208007813,0.0
,3851,,,,,50.5645751953125,-53.8787841796875,0.2650682922363281,-0.8401597961425782,0.0
,3852,,,,,54.0069580078125,-52.18505859375,0.30308316650390627,-0.7912687316894531,0.0
,3853,,,,,57.147216796875,-50.244140625,0.360468017578125,-0.7498356262207031,0.0
,3854,,,,,60.8642578125,-46.8475341796875,0.4314222106933594,-0.7009445617675781,0.0
,3855,,,,,63.665771484375,-43.9361572265625,0.5043444763183594,-0.6610651977539063,0.0
,3856,,,,,65.5242919921875,-40.997314453125,0.5702231140136719,-0.5995370361328125,0.0
,3857,,,,,66.7327880859375,-38.1683349609375,0.6440776245117188,-0.5619364929199219,0.0
,3858,,,,,66.5771484375,-37.1337890625,0.6822996643066407,-0.5438095092773437,0.0
,3859,,,,,67.767333984375,-32.8216552734375,0.7479711364746094,-0.49585068969726565,0.0
,3860,,,,,68.7286376953125,-29.00390625,0.8084634704589844,-0.4459237976074219,0.0
,3861,,,,,68.3074951171875,-26.47705078125,0.8214113159179688,-0.4190958618164063,0.0
,3862,,,,,68.9300537109375,-21.2127685546875,0.8549721313476563,-0.3840848876953125,0.0
,3863,,,,,69.6533203125,-14.5843505859375,0.8823179809570313,-0.36077876586914065,0.0
,3864,,,,,70.71533203125,-7.7545166015625,0.9011700439453125,-0.3404765441894531,0.0
,3865,,,,,73.8739013671875,2.3895263671875,0.8829394775390625,-0.3063978149414063,0.0
,3866,,,,,71.539306640625,3.1219482421875,0.9249940795898438,-0.2382403564453125,0.0
,3867,,,,,71.4385986328125,9.2559814453125,0.9125641479492188,-0.18603464355468752,0.0
,3868,,,,,71.37451171875,14.3829345703125,0.9199185241699219,-0.14056181030273437,0.0
,3869,,,,,71.099853515625,18.365478515625,0.9213686828613281,-0.06608580322265625,0.0
,3870,,,,,70.7061767578125,22.7142333984375,0.9445712219238281,-0.00103582763671875,0.0
,3871,,,,,69.2047119140625,27.593994140625,0.9214722656250001,0.06038875122070313,0.0
,3872,,,,,67.1905517578125,31.402587890625,0.9329699523925782,0.12792471313476564,0.0
,3873,,,,,65.350341796875,34.8358154296875,0.9373204284667969,0.20623328247070313,0.0
,3874,,,,,63.1072998046875,38.3331298828125,0.9382526733398437,0.2603034851074219,0.0
,3875,,,,,61.212158203125,40.740966796875,0.9073850097656251,0.32245314331054686,0.0
,3876,,,,,58.465576171875,44.219970703125,0.8948514953613281,0.38263472900390627,0.0
,3877,,,,,56.121826171875,46.54541015625,0.8964052368164063,0.45897522583007816,0.0
,3878,,,,,53.6865234375,47.71728515625,0.8782782531738281,0.5034122314453126,0.0
,3879,,,,,49.51171875,51.1688232421875,0.8682307250976563,0.5529247924804688,0.0
,3880,,,,,44.0185546875,55.0506591796875,0.8399526306152344,0.5615221618652344,0.0
,3881,,,,,38.653564453125,59.06982421875,0.8079455566406251,0.5938399841308594,0.0
,3882,,,,,33.0780029296875,62.3931884765625,0.7871254211425781,0.6170425231933594,0.0
,3883,,,,,28.4820556640625,65.460205078125,0.7674446960449219,0.6499818420410156,0.0
,3884,,,,,22.430419921875,68.5089111328125,0.6991836547851563,0.6429382141113281,0.0
,3885,,,,,17.6422119140625,71.0357666015625,0.6573362182617187,0.6738058776855469,0.0
,3886,,,,,13.623046875,72.8668212890625,0.5738485107421876,0.6586827941894532,0.0
,3887,,,,,9.4573974609375,74.4140625,0.5103522766113281,0.7015660583496094,0.0
,3888,,,,,4.6417236328125,75.5767822265625,0.41961377563476565,0.7386486877441406,0.0
,3889,,,,,0.5126953125,76.2451171875,0.3857422119140625,0.8098100463867188,0.0
,3890,,,,,-3.1402587890625,76.4923095703125,0.30525840454101566,0.842024285888672,0.0
,3891,,,,,-6.2530517578125,75.91552734375,0.2539849365234375,0.8784854187011719,0.0
,3892,,,,,-7.9376220703125,75.018310546875,0.15547772827148437,0.8851147155761719,0.0
,3893,,,,,-11.5264892578125,73.7548828125,0.12233124389648438,0.9162931274414062,0.0
,3894,,,,,-14.703369140625,72.198486328125,0.06183890991210938,0.9293445556640625,0.0
,3895,,,,,-17.3858642578125,70.220947265625,0.019059228515625002,0.9327627868652344,0.0
,3896,,,,,-23.199462890625,67.8680419921875,-0.055209613037109376,0.9175361206054687,0.0
,3897,,,,,-29.33349609375,65.2862548828125,-0.11000489501953126,0.9053133544921875,0.0
,3898,,,,,-34.8907470703125,63.17138671875,-0.15713505249023438,0.8946443298339845,0.0
,3899,,,,,-40.2191162109375,61.3494873046875,-0.19359618530273437,0.8631551696777344,0.0
,3900,,,,,-44.7052001953125,59.7564697265625,-0.24559473266601564,0.8390203857421875,0.0
,3901,,,,,-49.9603271484375,56.9183349609375,-0.2932428039550781,0.8125031982421875,0.0
,3902,,,,,-54.1534423828125,54.3365478515625,-0.3551852966308594,0.7846394348144532,0.0
,3903,,,,,-57.330322265625,51.947021484375,-0.446648876953125,0.7210396179199219,0.0
,3904,,,,,-59.8846435546875,49.365234375,-0.5147027526855469,0.7044663757324219,0.0
,3905,,,,,-62.7593994140625,45.6298828125,-0.5602791687011719,0.6889289611816406,0.0
,3906,,,,,-64.837646484375,41.9677734375,-0.6406593933105469,0.6435597106933594,0.0
,3907,,,,,-65.6158447265625,39.3035888671875,-0.7106813415527344,0.5928041564941406,0.0
,3908,,,,,-66.68701171875,35.7147216796875,-0.7654766235351562,0.5575860168457032,0.0
,3909,,,,,-66.8243408203125,33.6090087890625,-0.7970693664550782,0.5327261535644532,0.0
,3910,,,,,-67.67578125,29.2236328125,-0.8483428344726562,0.48746048583984375,0.0
,3911,,,,,-68.701171875,24.078369140625,-0.8616014282226563,0.4552462463378906,0.0
,3912,,,,,-68.5272216796875,20.61767578125,-0.8791069152832032,0.41826719970703125,0.0
,3913,,,,,-69.451904296875,15.1611328125,-0.8964052368164063,0.4096698303222656,0.0
,3914,,,,,-70.42236328125,8.5235595703125,-0.9235439208984375,0.35663545532226565,0.0
,3915,,,,,-74.212646484375,-2.89306640625,-0.9442604736328125,0.3004935974121094,0.0
,3916,,,,,-71.6400146484375,-3.2135009765625,-0.9512005187988282,0.23264688720703125,0.0
,3917,,,,,-72.1343994140625,-8.1573486328125,-0.9535829223632812,0.2001218994140625,0.0
,3918,,,,,-71.88720703125,-14.61181640625,-0.9412565734863282,0.12481723022460937,0.0
,3919,,,,,-71.15478515625,-19.9676513671875,-0.9492324462890626,0.0923958251953125,0.0
,3920,,,,,-70.3216552734375,-24.20654296875,-0.9648734436035157,0.0070436279296875,0.0
,3921,,,,,-68.792724609375,-28.692626953125,-0.9635268676757813,-0.021959545898437502,0.0
,3922,,,,,-66.83349609375,-33.6456298828125,-0.9650806091308594,-0.09467464599609375,0.0
,3923,,,,,-64.9932861328125,-38.1500244140625,-0.938874169921875,-0.128442626953125,0.0
,3924,,,,,-62.786865234375,-41.0797119140625,-0.9366989318847656,-0.19546067504882814,0.0
,3925,,,,,-60.3057861328125,-43.780517578125,-0.8994091369628906,-0.246112646484375,0.0
,3926,,,,,-58.2733154296875,-45.2178955078125,-0.8853218811035156,-0.3569462036132813,0.0
,3927,,,,,-55.1422119140625,-47.625732421875,-0.8840788879394531,-0.42489649658203127,0.0
,3928,,,,,-52.1026611328125,-49.8779296875,-0.8669877319335938,-0.479795361328125,0.0
,3929,,,,,-48.614501953125,-51.7364501953125,-0.8111566223144532,-0.4786559509277344,0.0
,3930,,,,,-43.3319091796875,-55.8929443359375,-0.8159214294433594,-0.5524068786621094,0.0
,3931,,,,,-38.031005859375,-59.454345703125,-0.8040094116210937,-0.5555143615722656,0.0
,3932,,,,,-32.4371337890625,-63.1622314453125,-0.769827099609375,-0.5967403015136719,0.0
,3933,,,,,-28.9764404296875,-66.595458984375,-0.6965940856933593,-0.587521435546875,0.0
,3934,,,,,-23.40087890625,-69.3145751953125,-0.6817817504882813,-0.6671765808105469,0.0
,3935,,,,,-18.2464599609375,-71.8780517578125,-0.6228431579589844,-0.6831283264160156,0.0
,3936,,,,,-14.4378662109375,-73.6907958984375,-0.5617293273925782,-0.7237327697753907,0.0
,3937,,,,,-10.29052734375,-75.3936767578125,-0.4892213928222656,-0.7344017944335938,0.0
,3938,,,,,-5.8319091796875,-76.3641357421875,-0.4533817565917969,-0.7948941284179688,0.0
,3939,,,,,-1.6937255859375,-77.0233154296875,-0.342237451171875,-0.8028700012207032,0.0
,3940,,,,,1.46484375,-77.2247314453125,-0.27200833740234376,-0.8534183898925781,0.0
,3941,,,,,2.7740478515625,-77.105712890625,-0.19328543701171877,-0.8696808837890625,0.0
,3942,,,,,5.8502197265625,-76.3275146484375,-0.13445042724609377,-0.8842860534667969,0.0
,3943,,,,,10.162353515625,-74.871826171875,-0.03490739135742187,-0.8654339904785157,0.0
,3944,,,,,12.6251220703125,-73.1048583984375,-0.0040397277832031255,-0.8681271423339844,0.0
,3945,,,,,16.8365478515625,-71.5301513671875,0.039050701904296874,-0.8669877319335938,0.0
,3946,,,,,21.8536376953125,-69.76318359375,0.042261767578125,-0.8910189331054688,0.0
,3947,,,,,28.3172607421875,-67.0623779296875,0.10296126708984375,-0.8935049194335938,0.0
,3948,,,,,34.5062255859375,-64.5172119140625,0.13134294433593752,-0.8866684570312501,0.0
,3949,,,,,39.3218994140625,-62.5030517578125,0.19380335083007813,-0.8810749877929688,0.0
,3950,,,,,44.073486328125,-60.0311279296875,0.24331591186523438,-0.8476177551269531,0.0
,3951,,,,,48.7152099609375,-57.257080078125,0.3167560913085938,-0.8200647399902344,0.0
,3952,,,,,52.8717041015625,-54.107666015625,0.35301005859375,-0.7985195251464844,0.0
,3953,,,,,55.70068359375,-51.6448974609375,0.3972398986816406,-0.7941690490722656,0.0
,3954,,,,,58.4930419921875,-48.7701416015625,0.4554534118652344,-0.7758348999023438,0.0
,3955,,,,,60.882568359375,-45.391845703125,0.5266147705078125,-0.7361627014160157,0.0
,3956,,,,,63.7664794921875,-41.2353515625,0.5934256530761719,-0.6755667846679688,0.0
,3957,,,,,65.8355712890625,-37.75634765625,0.6726664672851562,-0.6240861511230469,0.0
,3958,,,,,66.1376953125,-36.2274169921875,0.7108885070800781,-0.5902145874023438,0.0
,3959,,,,,67.34619140625,-32.99560546875,0.7651658752441407,-0.5389411193847656,0.0
,3960,,,,,68.6370849609375,-28.9581298828125,0.8243116333007813,-0.4861139099121094,0.0
,3961,,,,,68.4906005859375,-25.81787109375,0.8504144897460938,-0.4479954528808594,0.0
,3962,,,,,69.32373046875,-21.148681640625,0.9011700439453125,-0.40500860595703125,0.0
,3963,,,,,70.2667236328125,-15.252685546875,0.9037596130371094,-0.37942366333007815,0.0
,3964,,,,,71.2188720703125,-8.001708984375,0.9064527648925782,-0.37393377685546875,0.0
,3965,,,,,73.4893798828125,1.959228515625,0.9243725830078126,-0.3352974060058594,0.0
,3966,,,,,71.722412109375,3.826904296875,0.9428103149414063,-0.3000792663574219,0.0
,3967,,,,,71.7864990234375,9.613037109375,0.9255119934082031,-0.26258230590820314,0.0
,3968,,,,,71.2646484375,15.8203125,0.9551366638183594,-0.19411409912109376,0.0
,3969,,,,,70.6695556640625,21.56982421875,0.9323484558105469,-0.1263709716796875,0.0
,3970,,,,,70.1202392578125,25.74462890625,0.94964677734375,-0.05645260620117188,0.0
,3971,,,,,69.2047119140625,30.194091796875,0.9377347595214844,0.03242140502929688,0.0
,3972,,,,,67.474365234375,34.991455078125,0.9628017883300781,0.10140752563476563,0.0
,3973,,,,,65.1397705078125,39.3218994140625,0.9174325378417969,0.1438764587402344,0.0
,3974,,,,,63.079833984375,42.2698974609375,0.9062455993652344,0.19680725097656251,0.0
,3975,,,,,61.99951171875,43.5791015625,0.8959909057617188,0.295832373046875,0.0
,3976,,,,,59.4451904296875,46.0235595703125,0.8903974365234375,0.3583963623046875,0.0
,3977,,,,,55.99365234375,48.9166259765625,0.8675056457519531,0.4223069274902344,0.0
,3978,,,,,53.4576416015625,50.5462646484375,0.8447174377441407,0.46570810546875,0.0
,3979,,,,,50.0152587890625,53.90625,0.8173715881347656,0.5199854736328126,0.0
,3980,,,,,45.263671875,56.7626953125,0.8072204772949219,0.5567573547363281,0.0
,3981,,,,,29.6173095703125,60.552978515625,0.7833964416503907,0.5884536804199219,0.0
,3982,,,,,34.38720703125,64.6636962890625,0.7498356262207031,0.6137278747558594,0.0
,3983,,,,,29.8919677734375,67.8680419921875,0.7111992553710937,0.6390020690917969,0.0
,3984,,,,,25.3143310546875,70.7427978515625,0.6343408447265625,0.6501890075683594,0.0
,3985,,,,,20.4986572265625,72.9949951171875,0.5815136352539063,0.6698697326660157,0.0
,3986,,,,,15.765380859375,75.018310546875,0.523714453125,0.6830247436523438,0.0
,3987,,,,,12.2955322265625,76.4556884765625,0.49212171020507817,0.7552219299316406,0.0
,3988,,,,,8.3404541015625,77.4993896484375,0.4096698303222656,0.7855716796875001,0.0
,3989,,,,,3.680419921875,78.1494140625,0.35870711059570315,0.8273155334472656,0.0
,3990,,,,,0.1190185546875,77.984619140625,0.2788447998046875,0.8496894104003907,0.0
,3991,,,,,-2.9205322265625,77.60009765625,0.2349257080078125,0.8895687744140626,0.0
,3992,,,,,-4.6417236328125,76.8035888671875,0.15796371459960937,0.9146358032226563,0.0
,3993,,,,,-8.1939697265625,75.1190185546875,0.09767854614257813,0.9321412902832031,0.0
,3994,,,,,-12.56103515625,73.406982421875,0.04982330932617188,0.9524435119628907,0.0
,3995,,,,,-15.4632568359375,71.19140625,0.017712652587890624,0.9607301330566407,0.0
,3996,,,,,-20.7733154296875,68.9208984375,-0.07457958984375,0.9435353942871094,0.0
,3997,,,,,-26.953125,66.119384765625,-0.10969414672851563,0.9290338073730469,0.0
,3998,,,,,-32.6751708984375,63.3087158203125,-0.1480197692871094,0.9281015625,0.0
,3999,,,,,-37.46337890625,60.8367919921875,-0.19059228515625,0.9081100891113282,0.0
,4000,,,,,-42.0135498046875,58.740234375,-0.26465396118164064,0.8838717224121094,0.0
,4001,,,,,-46.9940185546875,55.5816650390625,-0.30888380126953124,0.8443031066894532,0.0
,4002,,,,,-51.0772705078125,52.880859375,-0.36191817626953127,0.8167500915527344,0.0
,4003,,,,,-54.3182373046875,50.4547119140625,-0.4271753173828125,0.7588473266601563,0.0
,4004,,,,,-57.1929931640625,47.79052734375,-0.4944005310058594,0.7132709106445313,0.0
,4005,,,,,-60.6536865234375,43.98193359375,-0.5606934997558594,0.6729772155761718,0.0
,4006,,,,,-63.372802734375,40.17333984375,-0.6084451538085938,0.6567147216796875,0.0
,4007,,,,,-65.1763916015625,36.639404296875,-0.6627225219726562,0.6278151306152344,0.0
,4008,,,,,-66.39404296875,33.1695556640625,-0.7062272827148438,0.5892823425292969,0.0
,4009,,,,,-66.5771484375,31.2286376953125,-0.7650622924804688,0.5302401672363282,0.0
,4010,,,,,-67.474365234375,27.4200439453125,-0.8141605224609375,0.4815562683105469,0.0
,4011,,,,,-68.115234375,23.3367919921875,-0.8515539001464844,0.4529674255371094,0.0
,4012,,,,,-67.840576171875,19.7845458984375,-0.8819036499023438,0.41246656494140627,0.0
,4013,,,,,-68.426513671875,13.43994140625,-0.8988912231445313,0.3928894226074219,0.0
,4014,,,,,-69.049072265625,6.77490234375,-0.9312090454101563,0.34834883422851565,0.0
,4015,,,,,-72.0245361328125,-3.076171875,-0.9360774353027344,0.3261821228027344,0.0
,4016,,,,,-69.891357421875,-4.8614501953125,-0.9486109497070313,0.2641360473632813,0.0
,4017,,,,,-70.1568603515625,-11.5447998046875,-0.9619731262207032,0.22104561767578126,0.0
,4018,,,,,-70.1568603515625,-17.266845703125,-0.9361810180664063,0.15112725219726564,0.0
,4019,,,,,-69.9920654296875,-21.661376953125,-0.9287230590820312,0.11300879516601563,0.0
,4020,,,,,-69.3511962890625,-26.4129638671875,-0.9427067321777344,0.0236168701171875,0.0
,4021,,,,,-67.8680419921875,-31.1737060546875,-0.9228188415527344,-0.00890811767578125,0.0
,4022,,,,,-66.229248046875,-35.55908203125,-0.9045882751464844,-0.08856326293945313,0.0
,4023,,,,,-64.74609375,-38.5894775390625,-0.8976482299804688,-0.13372534790039062,0.0
,4024,,,,,-63.7115478515625,-40.1275634765625,-0.89329775390625,-0.2357543701171875,0.0
,4025,,,,,-61.285400390625,-43.3319091796875,-0.8476177551269531,-0.28733858642578125,0.0
,4026,,,,,-59.0972900390625,-45.15380859375,-0.8301122680664063,-0.385327880859375,0.0
,4027,,,,,-56.597900390625,-46.2249755859375,-0.8306301818847657,-0.4202352722167969,0.0
,4028,,,,,-53.173828125,-49.3743896484375,-0.8167500915527344,-0.474823388671875,0.0
,4029,,,,,-49.072265625,-52.1484375,-0.77065576171875,-0.46073613281250003,0.0
,4030,,,,,-44.183349609375,-55.7647705078125,-0.7744883239746094,-0.5345906433105468,0.0
,4031,,,,,-39.55078125,-59.0057373046875,-0.7689984375000001,-0.5649403930664063,0.0
,4032,,,,,-32.574462890625,-62.9608154296875,-0.7492141296386718,-0.6135207092285156,0.0
,4033,,,,,-29.901123046875,-67.0989990234375,-0.6879967163085938,-0.6162138610839843,0.0
,4034,,,,,-25.360107421875,-70.2117919921875,-0.6590971252441407,-0.6804351745605469,0.0
,4035,,,,,-21.405029296875,-72.36328125,-0.5641117309570313,-0.6647941772460938,0.0
,4036,,,,,-17.523193359375,-74.0570068359375,-0.5085913696289063,-0.7109920898437501,0.0
,4037,,,,,-12.6251220703125,-75.3021240234375,-0.4430234802246094,-0.7414454223632813,0.0
,4038,,,,,-8.331298828125,-76.116943359375,-0.40221187133789066,-0.7995553527832031,0.0
,4039,,,,,-4.559326171875,-76.3458251953125,-0.31758475341796877,-0.801316259765625,0.0
,4040,,,,,-0.823974609375,-75.7232666015625,-0.2763588134765625,-0.8572509521484375,0.0
,4041,,,,,1.318359375,-74.81689453125,-0.20623328247070313,-0.8659519042968751,0.0
,4042,,,,,4.8431396484375,-73.8006591796875,-0.12253840942382813,-0.880867822265625,0.0
,4043,,,,,7.562255859375,-72.4090576171875,-0.03179990844726563,-0.8934013366699219,0.0
,4044,,,,,9.70458984375,-70.367431640625,-0.0045576416015625,-0.9139107238769532,0.0
,4045,,,,,14.6759033203125,-68.6187744140625,0.058627844238281254,-0.9035524475097656,0.0
,4046,,,,,20.8831787109375,-66.485595703125,0.06308190307617188,-0.9269621520996094,0.0
,4047,,,,,27.0355224609375,-64.4989013671875,0.093638818359375,-0.9151537170410157,0.0
,4048,,,,,32.537841796875,-63.079833984375,0.11104072265625001,-0.9108032409667969,0.0
,4049,,,,,38.0035400390625,-61.2945556640625,0.16542167358398438,-0.8909153503417969,0.0
,4050,,,,,43.9178466796875,-58.26416015625,0.2117231689453125,-0.84026337890625,0.0
,4051,,,,,48.797607421875,-55.8746337890625,0.28619917602539063,-0.8127103637695313,0.0
,4052,,,,,52.5146484375,-53.375244140625,0.30940171508789066,-0.7911651489257813,0.0
,4053,,,,,55.70068359375,-50.50048828125,0.3582927795410156,-0.7662017028808594,0.0
,4054,,,,,59.2987060546875,-46.343994140625,0.4271753173828125,-0.7293262390136719,0.0
,4055,,,,,62.310791015625,-42.3431396484375,0.49222529296875,-0.6984585754394531,0.0
,4056,,,,,64.5172119140625,-39.07470703125,0.5447417541503906,-0.6682124084472656,0.0
,4057,,,,,66.2933349609375,-35.5682373046875,0.6277115478515625,-0.6192177612304688,0.0
,4058,,,,,67.4835205078125,-32.611083984375,0.677016943359375,-0.5943578979492188,0.0
,4059,,,,,68.6279296875,-28.8665771484375,0.7360591186523437,-0.5439130920410157,0.0
,4060,,,,,68.8934326171875,-26.0101318359375,0.8056667358398438,-0.47596279907226563,0.0
,4061,,,,,68.4539794921875,-23.62060546875,0.8201683227539063,-0.4475811218261719,0.0
,4062,,,,,69.2047119140625,-18.0999755859375,0.841920703125,-0.4321472900390625,0.0
,4063,,,,,69.854736328125,-11.773681640625,0.8693701354980469,-0.39268225708007815,0.0
,4064,,,,,70.5963134765625,-6.1981201171875,0.8993055541992188,-0.34907391357421874,0.0
,4065,,,,,72.7020263671875,2.38037109375,0.8920547607421875,-0.3127163635253906,0.0
,4066,,,,,71.466064453125,6.3629150390625,0.9175361206054687,-0.26175364379882815,0.0
,4067,,,,,71.66748046875,12.63427734375,0.904070361328125,-0.21317332763671876,0.0
,4068,,,,,71.7132568359375,17.2210693359375,0.9070742614746095,-0.1666646667480469,0.0
,4069,,,,,71.4752197265625,21.9268798828125,0.8799355773925781,-0.10959056396484375,0.0
,4070,,,,,70.953369140625,26.98974609375,0.881696484375,-0.05562394409179688,0.0
,4071,,,,,70.0469970703125,31.787109375,0.8790033325195312,0.04816598510742188,0.0
,4072,,,,,68.73779296875,35.064697265625,0.8735134460449219,0.11508045043945313,0.0
,4073,,,,,67.05322265625,38.48876953125,0.8670913146972656,0.21048017578125,0.0
,4074,,,,,65.0848388671875,41.455078125,0.8969231506347657,0.2827809448242188,0.0
,4075,,,,,63.519287109375,42.5445556640625,0.8672984802246094,0.35031690673828125,0.0
,4076,,,,,60.6170654296875,44.7235107421875,0.854350634765625,0.40428352661132816,0.0
,4077,,,,,57.7606201171875,46.9757080078125,0.8675056457519531,0.49170737915039064,0.0
,4078,,,,,55.1605224609375,48.15673828125,0.8739277770996094,0.5419450195312501,0.0
,4079,,,,,50.4364013671875,52.1759033203125,0.8241044677734375,0.55851826171875,0.0
,4080,,,,,45.15380859375,56.121826171875,0.7828785278320313,0.552717626953125,0.0
,4081,,,,,40.8416748046875,60.0494384765625,0.7608153991699219,0.590836083984375,0.0
,4082,,,,,34.1949462890625,63.739013671875,0.7347125427246094,0.6056484191894531,0.0
,4083,,,,,31.34765625,67.364501953125,0.6742202087402344,0.6390020690917969,0.0
,4084,,,,,26.531982421875,70.147705078125,0.6245004821777344,0.6529857421875,0.0
,4085,,,,,22.3846435546875,71.5576171875,0.5910432495117187,0.6808495056152344,0.0
,4086,,,,,18.0267333984375,72.9034423828125,0.5155314147949219,0.6980442443847656,0.0
,4087,,,,,13.1561279296875,74.029541015625,0.4807276062011719,0.7802889587402344,0.0
,4088,,,,,8.4136962890625,74.8992919921875,0.4117414855957031,0.8134354431152344,0.0
,4089,,,,,4.79736328125,75.1373291015625,0.38522429809570313,0.868437890625,0.0
,4090,,,,,0.567626953125,74.8077392578125,0.2981111938476563,0.8832502258300782,0.0
,4091,,,,,-3.863525390625,74.1668701171875,0.2423836669921875,0.915671630859375,0.0
,4092,,,,,-5.401611328125,73.5443115234375,0.143358544921875,0.9320377075195313,0.0
,4093,,,,,-8.3404541015625,72.39990234375,0.10575800170898438,0.9498539428710938,0.0
,4094,,,,,-12.2406005859375,71.1181640625,0.04371192626953125,0.9503718566894531,0.0
,4095,,,,,-15.911865234375,69.268798828125,0.004868389892578125,0.9547223327636719,0.0
,4096,,,,,-21.7071533203125,67.4468994140625,-0.05158421630859375,0.9435353942871094,0.0
,4097,,,,,-26.971435546875,65.386962890625,-0.08131246948242188,0.9353523559570313,0.0
,4098,,,,,-32.830810546875,62.9974365234375,-0.12170974731445312,0.9199185241699219,0.0
,4099,,,,,-39.3768310546875,59.9853515625,-0.15226666259765625,0.8911225158691407,0.0
,4100,,,,,-45.0164794921875,57.2113037109375,-0.21441632080078127,0.86015126953125,0.0
,4101,,,,,-49.676513671875,54.4464111328125,-0.2752194030761719,0.8143676879882813,0.0
,4102,,,,,-53.64990234375,51.7364501953125,-0.33415799560546877,0.7944797973632812,0.0
,4103,,,,,-57.3028564453125,48.74267578125,-0.37434810791015627,0.7783208862304688,0.0
,4104,,,,,-60.9649658203125,45.0347900390625,-0.41930302734375,0.7510786193847656,0.0
,4105,,,,,-64.0869140625,41.363525390625,-0.4800025268554688,0.7128565795898437,0.0
,4106,,,,,-66.1376953125,38.433837890625,-0.5612114135742188,0.6516391662597656,0.0
,4107,,,,,-68.0877685546875,34.954833984375,-0.6332014343261719,0.5961188049316406,0.0
,4108,,,,,-69.9371337890625,30.9906005859375,-0.6831283264160156,0.5553071960449218,0.0
,4109,,,,,-70.01953125,29.47998046875,-0.7273581665039063,0.5090057006835937,0.0
,4110,,,,,-70.1568603515625,26.7608642578125,-0.7828785278320313,0.4542104187011719,0.0
,4111,,,,,-70.93505859375,22.9888916015625,-0.8136426086425782,0.43297595214843754,0.0
,4112,,,,,-70.6878662109375,19.4000244140625,-0.8509324035644531,0.396929150390625,0.0
,4113,,,,,-71.4202880859375,12.615966796875,-0.8853218811035156,0.3633683349609375,0.0
,4114,,,,,-72.0245361328125,6.097412109375,-0.8976482299804688,0.3393371337890625,0.0
,4115,,,,,-74.761962890625,-3.6346435546875,-0.9043811096191406,0.32058865356445315,0.0
,4116,,,,,-73.1048583984375,-6.097412109375,-0.9487145324707031,0.23388988037109376,0.0
,4117,,,,,-73.443603515625,-12.2222900390625,-0.9458142150878907,0.18872779541015625,0.0
,4118,,,,,-73.2696533203125,-17.6422119140625,-0.9452963012695312,0.11694494018554688,0.0
,4119,,,,,-72.98583984375,-21.8170166015625,-0.940531494140625,0.07592616577148438,0.0
,4120,,,,,-72.564697265625,-25.872802734375,-0.9311054626464844,-0.001968072509765625,0.0
,4121,,,,,-71.484375,-30.303955078125,-0.9279979797363281,-0.0534487060546875,0.0
,4122,,,,,-69.98291015625,-34.918212890625,-0.9214722656250001,-0.14097614135742187,0.0
,4123,,,,,-68.463134765625,-38.067626953125,-0.9157752136230469,-0.17629786376953124,0.0
,4124,,,,,-67.547607421875,-39.312744140625,-0.9211615173339844,-0.3002864318847656,0.0
,4125,,,,,-65.057373046875,-41.656494140625,-0.8682307250976563,-0.3292896057128906,0.0
,4126,,,,,-62.127685546875,-44.5770263671875,-0.8660554870605469,-0.4156776306152344,0.0
,4127,,,,,-59.3719482421875,-46.4630126953125,-0.84689267578125,-0.44426647338867187,0.0
,4128,,,,,-55.7281494140625,-49.2919921875,-0.846167596435547,-0.5131490112304687,0.0
,4129,,,,,-51.26953125,-51.837158203125,-0.8334269165039063,-0.5236108703613281,0.0
,4130,,,,,-45.6298828125,-55.755615234375,-0.8341519958496094,-0.5856569458007813,0.0
,4131,,,,,-40.39306640625,-59.5916748046875,-0.8009019287109376,-0.5959116394042969,0.0
,4132,,,,,-32.4371337890625,-62.9241943359375,-0.7988302734375,-0.6600293701171875,0.0
,4133,,,,,-31.2652587890625,-66.0186767578125,-0.7502499572753907,-0.6813674194335938,0.0
,4134,,,,,-26.2298583984375,-69.158935546875,-0.6983549926757813,-0.7286011596679688,0.0
,4135,,,,,-21.35009765625,-71.7864990234375,-0.6318548583984375,-0.7550147644042969,0.0
,4136,,,,,-17.230224609375,-73.004150390625,-0.5743664245605469,-0.8001768493652344,0.0
,4137,,,,,-12.9730224609375,-74.1485595703125,-0.48746048583984375,-0.7903364868164062,0.0
,4138,,,,,-9.0911865234375,-75.18310546875,-0.45068860473632816,-0.8475141723632813,0.0
,4139,,,,,-3.8543701171875,-75.91552734375,-0.37403735961914064,-0.8655375732421875,0.0
,4140,,,,,0.787353515625,-75.9429931640625,-0.32638928833007813,-0.909974578857422,0.0
,4141,,,,,3.9459228515625,-75.3936767578125,-0.24745922241210938,-0.9111139892578125,0.0
,4142,,,,,7.8369140625,-74.7161865234375,-0.18468806762695314,-0.9147393859863282,0.0
,4143,,,,,11.02294921875,-73.663330078125,-0.09115283203125,-0.9207471862792969,0.0
,4144,,,,,14.09912109375,-71.8048095703125,-0.03242140502929688,-0.9218865966796875,0.0
,4145,,,,,18.255615234375,-70.2850341796875,0.0178162353515625,-0.9249940795898438,0.0
,4146,,,,,22.7325439453125,-68.206787109375,0.0426760986328125,-0.9409458251953126,0.0
,4147,,,,,29.0496826171875,-65.3778076171875,0.09208507690429688,-0.94301748046875,0.0
,4148,,,,,35.1837158203125,-62.40234375,0.09643555297851562,-0.9553438293457032,0.0
,4149,,,,,40.4754638671875,-59.43603515625,0.16759691162109375,-0.9221973449707032,0.0
,4150,,,,,45.8953857421875,-56.634521484375,0.20488670654296876,-0.8981661437988282,0.0
,4151,,,,,51.068115234375,-53.6407470703125,0.26869368896484375,-0.8635695007324219,0.0
,4152,,,,,55.499267578125,-50.7476806640625,0.30173659057617186,-0.8342555786132813,0.0
,4153,,,,,58.8226318359375,-48.614501953125,0.34731300659179687,-0.8217220642089844,0.0
,4154,,,,,62.310791015625,-45.9136962890625,0.37693767700195313,-0.7758348999023438,0.0
,4155,,,,,64.7918701171875,-43.194580078125,0.4682976745605469,-0.7220754455566406,0.0
,4156,,,,,67.7947998046875,-38.9007568359375,0.5309652465820313,-0.6792957641601562,0.0
,4157,,,,,69.9188232421875,-35.15625,0.5934256530761719,-0.6630332702636719,0.0
,4158,,,,,70.184326171875,-33.9935302734375,0.6826104125976563,-0.6001585327148438,0.0
,4159,,,,,70.9716796875,-30.963134765625,0.7604010681152344,-0.5442238403320313,0.0
,4160,,,,,71.905517578125,-26.9622802734375,0.7926153076171876,-0.497197265625,0.0
,4161,,,,,71.5667724609375,-23.8494873046875,0.8255546264648438,-0.45431400146484374,0.0
,4162,,,,,71.74072265625,-19.2535400390625,0.8637766662597657,-0.4275896484375,0.0
,4163,,,,,71.96044921875,-13.5040283203125,0.8913296813964844,-0.3806666564941406,0.0
,4164,,,,,72.5921630859375,-7.1319580078125,0.928930224609375,-0.34410194091796875,0.0
,4165,,,,,75.274658203125,3.2958984375,0.9210579345703125,-0.3000792663574219,0.0
,4166,,,,,73.663330078125,6.0791015625,0.9171217895507813,-0.28112362060546875,0.0
,4167,,,,,73.809814453125,11.279296875,0.9169146240234375,-0.2142091552734375,0.0
,4168,,,,,73.53515625,15.9027099609375,0.9244761657714844,-0.16335001831054688,0.0
,4169,,,,,72.857666015625,21.20361328125,0.9294481384277344,-0.08877042846679688,0.0
,4170,,,,,72.3358154296875,25.7720947265625,0.9585548950195313,-0.017712652587890624,0.0
,4171,,,,,71.3287353515625,29.3243408203125,0.9250976623535156,0.05645260620117188,0.0
,4172,,,,,69.47021484375,32.4462890625,0.9525470947265625,0.13268952026367187,0.0
,4173,,,,,67.108154296875,35.943603515625,0.9546187500000001,0.2337862976074219,0.0
,4174,,,,,64.2425537109375,39.5782470703125,0.9634232849121094,0.31116262207031253,0.0
,4175,,,,,62.51220703125,40.3289794921875,0.9442604736328125,0.37507318725585936,0.0
,4176,,,,,59.9395751953125,42.022705078125,0.9301732177734375,0.4396052490234375,0.0
,4177,,,,,56.9549560546875,44.622802734375,0.9317269592285157,0.5188460632324219,0.0
,4178,,,,,53.6590576171875,46.76513671875,0.9346272766113282,0.55520361328125,0.0
,4179,,,,,48.8983154296875,50.335693359375,0.8953694091796875,0.5879357666015625,0.0
,4180,,,,,44.1925048828125,52.899169921875,0.8620157592773438,0.5830673767089843,0.0
,4181,,,,,39.66064453125,56.9183349609375,0.8198575744628906,0.6083415710449219,0.0
,4182,,,,,31.732177734375,61.48681640625,0.7856752624511719,0.6167317749023438,0.0
,4183,,,,,29.351806640625,65.2679443359375,0.7374056945800781,0.6471851074218751,0.0
,4184,,,,,25.01220703125,68.243408203125,0.6798136779785157,0.6758775329589845,0.0
,4185,,,,,19.8028564453125,70.6878662109375,0.6378626586914062,0.7040520446777344,0.0
,4186,,,,,15.087890625,72.381591796875,0.5653547241210938,0.7173106384277343,0.0
,4187,,,,,11.5264892578125,73.2147216796875,0.5111809387207031,0.7563613403320313,0.0
,4188,,,,,7.305908203125,73.9471435546875,0.417645703125,0.779771044921875,0.0
,4189,,,,,2.08740234375,74.395751953125,0.3807702392578125,0.8372594787597657,0.0
,4190,,,,,-2.67333984375,74.2218017578125,0.2859920104980469,0.8476177551269531,0.0
,4191,,,,,-6.134033203125,73.5260009765625,0.24735563964843751,0.8919511779785156,0.0
,4192,,,,,-7.635498046875,72.5921630859375,0.17992326049804688,0.9138071411132813,0.0
,4193,,,,,-11.5081787109375,71.1181640625,0.11839509887695313,0.9236475036621095,0.0
,4194,,,,,-15.5914306640625,69.6807861328125,0.06183890991210938,0.9328663696289062,0.0
,4195,,,,,-17.742919921875,68.1060791015625,0.030971246337890626,0.9362846008300781,0.0
,4196,,,,,-22.74169921875,66.1376953125,-0.049098229980468755,0.9069706787109375,0.0
,4197,,,,,-28.96728515625,63.3636474609375,-0.07240435180664062,0.9016879577636719,0.0
,4198,,,,,-34.9639892578125,61.1114501953125,-0.12191691284179688,0.8908117675781251,0.0
,4199,,,,,-40.24658203125,58.9599609375,-0.18541314697265626,0.8548685485839844,0.0
,4200,,,,,-45.0439453125,56.817626953125,-0.22622475585937502,0.8370523132324219,0.0
,4201,,,,,-50.3265380859375,53.9703369140625,-0.2664148681640625,0.8115709533691406,0.0
,4202,,,,,-54.547119140625,51.1688232421875,-0.3129235290527344,0.7932368041992188,0.0
,4203,,,,,-57.8155517578125,48.6602783203125,-0.365439990234375,0.7563613403320313,0.0
,4204,,,,,-60.68115234375,46.490478515625,-0.4601146362304688,0.6923471923828125,0.0
,4205,,,,,-63.9404296875,43.02978515625,-0.5342798950195312,0.6379662414550782,0.0
,4206,,,,,-66.4031982421875,39.80712890625,-0.5928041564941406,0.6016086914062501,0.0
,4207,,,,,-67.49267578125,37.884521484375,-0.635583837890625,0.5786133178710937,0.0
,4208,,,,,-68.6920166015625,34.38720703125,-0.711924334716797,0.5308616638183594,0.0
,4209,,,,,-68.9849853515625,32.1807861328125,-0.7563613403320313,0.4932611206054688,0.0
,4210,,,,,-69.451904296875,28.289794921875,-0.7952048767089844,0.46477586059570314,0.0
,4211,,,,,-70.2392578125,23.3184814453125,-0.8464783447265626,0.4264502380371094,0.0
,4212,,,,,-70.2301025390625,19.8028564453125,-0.894126416015625,0.3799415771484375,0.0
,4213,,,,,-71.0906982421875,14.3280029296875,-0.9149465515136719,0.3386120544433594,0.0
,4214,,,,,-71.6949462890625,7.36083984375,-0.9144286376953126,0.298318359375,0.0
,4215,,,,,-74.2034912109375,-2.0050048828125,-0.9121498168945312,0.2821594482421875,0.0
,4216,,,,,-72.3175048828125,-3.3782958984375,-0.9211615173339844,0.22943582153320313,0.0
,4217,,,,,-72.4639892578125,-8.31298828125,-0.940531494140625,0.184791650390625,0.0
,4218,,,,,-72.2259521484375,-13.751220703125,-0.9341093627929687,0.11010847778320312,0.0
,4219,,,,,-71.8505859375,-18.85986328125,-0.9436389770507813,0.05779918212890625,0.0
,4220,,,,,-71.0174560546875,-22.943115234375,-0.9437425598144532,-0.012740679931640625,0.0
,4221,,,,,-69.61669921875,-27.099609375,-0.9453998840332032,-0.06411773071289063,0.0
,4222,,,,,-67.5018310546875,-31.7596435546875,-0.9524435119628907,-0.14574094848632813,0.0
,4223,,,,,-65.386962890625,-35.7147216796875,-0.9225080932617188,-0.15765296630859377,0.0
,4224,,,,,-63.90380859375,-37.5823974609375,-0.93307353515625,-0.24414457397460937,0.0
,4225,,,,,-61.4959716796875,-40.374755859375,-0.8876007019042969,-0.289203076171875,0.0
,4226,,,,,-59.307861328125,-42.8466796875,-0.8871863708496094,-0.38750311889648437,0.0
,4227,,,,,-56.1492919921875,-45.391845703125,-0.860979931640625,-0.411845068359375,0.0
,4228,,,,,-52.5970458984375,-48.065185546875,-0.8414027893066407,-0.48052044067382815,0.0
,4229,,,,,-48.980712890625,-49.7772216796875,-0.8229650573730469,-0.5014441589355468,0.0
,4230,,,,,-43.8812255859375,-54.2083740234375,-0.8048380737304688,-0.5549964477539062,0.0
,4231,,,,,-38.6810302734375,-58.3282470703125,-0.7874361694335937,-0.5568609375,0.0
,4232,,,,,-31.45751953125,-61.358642578125,-0.7565685058593751,-0.6056484191894531,0.0
,4233,,,,,-29.2510986328125,-64.8284912109375,-0.7068487792968751,-0.6141422058105469,0.0
,4234,,,,,-23.876953125,-68.15185546875,-0.6675909118652344,-0.6684195739746094,0.0
,4235,,,,,-18.64013671875,-70.5230712890625,-0.612381298828125,-0.6650013427734375,0.0
,4236,,,,,-14.739990234375,-72.2259521484375,-0.5719840209960938,-0.7161712280273438,0.0
,4237,,,,,-10.382080078125,-73.846435546875,-0.5110773559570313,-0.7625763061523437,0.0
,4238,,,,,-5.291748046875,-74.835205078125,-0.46933350219726566,-0.8165429260253907,0.0
,4239,,,,,-0.54931640625,-75.3570556640625,-0.3910249328613281,-0.8117781188964844,0.0
,4240,,,,,2.8839111328125,-75.25634765625,-0.34410194091796875,-0.8563187072753906,0.0
,4241,,,,,5.7861328125,-74.9725341796875,-0.265171875,-0.8752743530273438,0.0
,4242,,,,,10.125732421875,-74.1119384765625,-0.1919388610839844,-0.8728919494628906,0.0
,4243,,,,,12.8997802734375,-73.1964111328125,-0.08514503173828125,-0.8623265075683594,0.0
,4244,,,,,14.35546875,-71.66748046875,-0.04826956787109375,-0.8714417907714844,0.0
,4245,,,,,18.804931640625,-69.8822021484375,0.010047528076171876,-0.8892580261230469,0.0
,4246,,,,,23.748779296875,-67.6666259765625,0.05572752685546875,-0.8937120849609376,0.0
,4247,,,,,29.6173095703125,-65.1214599609375,0.10327201538085938,-0.8984768920898438,0.0
,4248,,,,,35.3118896484375,-62.9425048828125,0.11984525756835938,-0.8863577087402345,0.0
,4249,,,,,40.6768798828125,-60.516357421875,0.17671219482421877,-0.8657447387695313,0.0
,4250,,,,,45.8404541015625,-58.0169677734375,0.2089264343261719,-0.8447174377441407,0.0
,4251,,,,,50.5462646484375,-55.40771484375,0.2727334167480469,-0.8142641052246093,0.0
,4252,,,,,55.023193359375,-52.386474609375,0.29666103515625003,-0.7996589355468751,0.0
,4253,,,,,58.0078125,-50.628662109375,0.35166348266601566,-0.7780101379394532,0.0
,4254,,,,,60.9375,-48.1842041015625,0.40842683715820316,-0.7268402526855469,0.0
,4255,,,,,64.013671875,-44.3389892578125,0.5077627075195312,-0.6813674194335938,0.0
,4256,,,,,66.6229248046875,-40.7135009765625,0.5671156311035156,-0.6381734069824219,0.0
,4257,,,,,68.2159423828125,-37.75634765625,0.6371375793457031,-0.5976725463867187,0.0
,4258,,,,,68.2891845703125,-36.80419921875,0.6994944030761719,-0.5548928649902344,0.0
,4259,,,,,68.8568115234375,-33.3526611328125,0.7514929504394532,-0.5125275146484375,0.0
,4260,,,,,69.43359375,-29.40673828125,0.7959299560546875,-0.4551426635742188,0.0
,4261,,,,,68.84765625,-26.898193359375,0.8360164855957032,-0.41505613403320313,0.0
,4262,,,,,69.5892333984375,-21.38671875,0.8803499084472657,-0.3817024841308594,0.0
,4263,,,,,69.9737548828125,-15.4815673828125,0.8840788879394531,-0.37300153198242186,0.0
,4264,,,,,70.6878662109375,-8.5693359375,0.9214722656250001,-0.343894775390625,0.0
,4265,,,,,71.4752197265625,-2.142333984375,0.9211615173339844,-0.31634176025390626,0.0
,4266,,,,,72.1160888671875,3.3599853515625,0.9300696350097657,-0.265171875,0.0
,4267,,,,,72.3541259765625,8.9447021484375,0.9364917663574219,-0.2017792236328125,0.0
,4268,,,,,72.1527099609375,14.3096923828125,0.940531494140625,-0.1425298828125,0.0
,4269,,,,,71.6766357421875,19.22607421875,0.9199185241699219,-0.06411773071289063,0.0
,4270,,,,,71.1456298828125,23.052978515625,0.9204364379882812,-0.005697052001953125,0.0
,4271,,,,,70.1751708984375,27.4017333984375,0.9184683654785156,0.07903364868164063,0.0
,4272,,,,,68.3807373046875,32.391357421875,0.9447783874511719,0.13362176513671875,0.0
,4273,,,,,66.17431640625,36.932373046875,0.9062455993652344,0.2034365478515625,0.0
,4274,,,,,64.1143798828125,39.80712890625,0.9115283203125,0.2661041198730469,0.0
,4275,,,,,62.530517578125,40.6585693359375,0.9090423339843751,0.338094140625,0.0
,4276,,,,,59.2987060546875,44.20166015625,0.9162931274414062,0.4007617126464844,0.0
,4277,,,,,56.3140869140625,47.222900390625,0.9068670959472657,0.4684012573242188,0.0
,4278,,,,,53.8055419921875,47.86376953125,0.9047954406738281,0.5129418457031251,0.0
,4279,,,,,49.5391845703125,51.26953125,0.8650196594238282,0.5478492370605469,0.0
,4280,,,,,44.805908203125,54.6478271484375,0.829490771484375,0.561004248046875,0.0
,4281,,,,,20.745849609375,58.9141845703125,0.8036986633300781,0.5967403015136719,0.0
,4282,,,,,28.399658203125,62.841796875,0.7620583923339844,0.6063734985351563,0.0
,4283,,,,,28.5552978515625,66.2384033203125,0.7524251953125001,0.6402450622558594,0.0
,4284,,,,,23.5931396484375,69.4976806640625,0.6970084167480469,0.6419023864746094,0.0
,4285,,,,,18.4478759765625,72.3541259765625,0.6638619323730469,0.6898612060546875,0.0
,4286,,,,,13.4307861328125,74.359130859375,0.5841032043457032,0.6795029296875,0.0
,4287,,,,,9.6771240234375,75.4486083984375,0.5251646118164063,0.74248125,0.0
,4288,,,,,5.3741455078125,76.28173828125,0.4552462463378906,0.7881612487792969,0.0
,4289,,,,,0.494384765625,76.556396484375,0.41122357177734375,0.8395382995605469,0.0
,4290,,,,,-3.973388671875,76.885986328125,0.3228674743652344,0.859322607421875,0.0
,4291,,,,,-6.99462890625,76.6845703125,0.2557458435058594,0.8842860534667969,0.0
,4292,,,,,-7.9925537109375,75.8880615234375,0.17391546020507814,0.8937120849609376,0.0
,4293,,,,,-11.480712890625,74.725341796875,0.10845115356445313,0.9125641479492188,0.0
,4294,,,,,-15.34423828125,72.9583740234375,0.04826956787109375,0.9383562561035157,0.0
,4295,,,,,-17.8253173828125,70.7061767578125,-0.0087009521484375,0.9358702697753907,0.0
,4296,,,,,-22.8973388671875,68.646240234375,-0.08307337646484375,0.9278943969726563,0.0
,4297,,,,,-29.132080078125,66.082763671875,-0.11798076782226563,0.9059348510742188,0.0
,4298,,,,,-35.0006103515625,63.848876953125,-0.15775654907226563,0.8847003845214844,0.0
,4299,,,,,-40.0634765625,61.6973876953125,-0.18499881591796877,0.850310906982422,0.0
,4300,,,,,-44.9066162109375,59.72900390625,-0.2540885192871094,0.8179930847167969,0.0
,4301,,,,,-50.09765625,57.0098876953125,-0.28733858642578125,0.8007983459472656,0.0
,4302,,,,,-54.4464111328125,54.840087890625,-0.35031690673828125,0.7811176208496095,0.0
,4303,,,,,-57.7423095703125,52.3773193359375,-0.41837078247070314,0.7332623840332031,0.0
,4304,,,,,-60.4339599609375,49.346923828125,-0.47938103027343754,0.7103705932617188,0.0
,4305,,,,,-62.713623046875,46.2982177734375,-0.5538570373535157,0.6730807983398438,0.0
,4306,,,,,-65.203857421875,42.059326171875,-0.6385877380371094,0.6421095520019532,0.0
,4307,,,,,-66.4947509765625,39.6148681640625,-0.6972155822753906,0.5857605285644532,0.0
,4308,,,,,-67.437744140625,36.6668701171875,-0.7475568054199219,0.5432915954589844,0.0
,4309,,,,,-67.9229736328125,33.984375,-0.8014198425292969,0.5010298278808594,0.0
,4310,,,,,-68.4906005859375,29.8828125,-0.8438887756347656,0.47762012329101566,0.0
,4311,,,,,-69.2596435546875,24.774169921875,-0.8938156677246094,0.4468560424804688,0.0
,4312,,,,,-68.9208984375,21.0662841796875,-0.9059348510742188,0.41547046508789065,0.0
,4313,,,,,-69.9005126953125,15.3167724609375,-0.9331771179199219,0.3817024841308594,0.0
,4314,,,,,-70.806884765625,9.356689453125,-0.9544115844726563,0.3294967712402344,0.0
,4315,,,,,-75.457763671875,-4.06494140625,-0.9615587951660156,0.3078479736328125,0.0
,4316,,,,,-72.418212890625,-4.06494140625,-0.9585548950195313,0.24631981201171876,0.0
,4317,,,,,-72.6654052734375,-9.3841552734375,-0.9756460510253907,0.19918965454101564,0.0
,4318,,,,,-72.5555419921875,-14.703369140625,-0.9689131713867187,0.12751038208007812,0.0
,4319,,,,,-72.1160888671875,-19.793701171875,-0.9510969360351563,0.10161469116210937,0.0
,4320,,,,,-70.9991455078125,-24.4903564453125,-0.94964677734375,0.012533514404296875,0.0
,4321,,,,,-69.7357177734375,-28.5919189453125,-0.9650806091308594,-0.0476480712890625,0.0
,4322,,,,,-68.0511474609375,-33.0963134765625,-0.9856935791015625,-0.13766149291992189,0.0
,4323,,,,,-65.6890869140625,-37.8387451171875,-0.9593835571289063,-0.15413115234375,0.0
,4324,,,,,-63.1622314453125,-41.876220703125,-0.9285158935546876,-0.1985681579589844,0.0
,4325,,,,,-60.3973388671875,-44.2840576171875,-0.8975446472167969,-0.2445589050292969,0.0
,4326,,,,,-59.088134765625,-45.2362060546875,-0.9187791137695313,-0.37020479736328127,0.0
,4327,,,,,-55.95703125,-48.2025146484375,-0.8763101806640625,-0.4015903747558594,0.0
,4328,,,,,-52.2216796875,-50.9857177734375,-0.8552828796386719,-0.46083971557617187,0.0
,4329,,,,,-48.9715576171875,-52.3223876953125,-0.8422314514160156,-0.502997900390625,0.0
,4330,,,,,-44.110107421875,-55.682373046875,-0.8307337646484375,-0.5658726379394532,0.0
,4331,,,,,-38.525390625,-59.6832275390625,-0.814574853515625,-0.5752986694335938,0.0
,4332,,,,,-33.0413818359375,-63.4918212890625,-0.7852609313964845,-0.6210822509765626,0.0
,4333,,,,,-28.216552734375,-66.24755859375,-0.7192787109375001,-0.6067878295898438,0.0
,4334,,,,,-23.675537109375,-68.9849853515625,-0.6812638366699219,-0.6503961730957032,0.0
,4335,,,,,-18.4112548828125,-71.685791015625,-0.6230503234863282,-0.6810566711425782,0.0
,4336,,,,,-14.02587890625,-73.8189697265625,-0.5885572631835938,-0.7496284606933594,0.0
,4337,,,,,-10.29052734375,-74.871826171875,-0.4933647033691406,-0.7645443786621094,0.0
,4338,,,,,-6.463623046875,-75.6134033203125,-0.44954919433593754,-0.8054595703125,0.0
,4339,,,,,-1.6021728515625,-76.20849609375,-0.360468017578125,-0.8128139465332032,0.0
,4340,,,,,2.471923828125,-75.787353515625,-0.3043261596679688,-0.8547649658203125,0.0
,4341,,,,,3.057861328125,-75.7598876953125,-0.23596153564453126,-0.8878078674316406,0.0
,4342,,,,,5.74951171875,-75.18310546875,-0.13134294433593752,-0.8737206115722657,0.0
,4343,,,,,9.832763671875,-73.8189697265625,-0.037082629394531254,-0.8658483215332031,0.0
,4344,,,,,12.3870849609375,-72.2076416015625,-0.0244455322265625,-0.9145322204589844,0.0
,4345,,,,,16.66259765625,-70.404052734375,0.046301495361328125,-0.9025166198730469,0.0
,4346,,,,,21.807861328125,-68.2891845703125,0.05334512329101563,-0.9234403381347657,0.0
,4347,,,,,28.033447265625,-65.7440185546875,0.09539972534179687,-0.9258227416992187,0.0
,4348,,,,,33.94775390625,-62.98828125,0.130099951171875,-0.9114247375488281,0.0
,4349,,,,,38.6260986328125,-61.2945556640625,0.19079945068359375,-0.8964052368164063,0.0
,4350,,,,,43.2037353515625,-59.3170166015625,0.22208144531250001,-0.8683343078613281,0.0
,4351,,,,,47.186279296875,-56.8267822265625,0.30971246337890623,-0.8298015197753906,0.0
,4352,,,,,51.8096923828125,-53.466796875,0.3434804443359375,-0.8203754882812501,0.0
,4353,,,,,55.3985595703125,-50.848388671875,0.38760670166015626,-0.8031807495117188,0.0
,4354,,,,,58.0902099609375,-47.991943359375,0.46881558837890625,-0.7523216125488281,0.0
,4355,,,,,60.3240966796875,-44.8699951171875,0.5425665161132812,-0.7162748107910156,0.0
,4356,,,,,62.7227783203125,-40.997314453125,0.6060627502441407,-0.6714234741210938,0.0
,4357,,,,,64.70947265625,-37.2894287109375,0.6768097778320312,-0.63806982421875,0.0
,4358,,,,,65.0299072265625,-36.14501953125,0.71430673828125,-0.5963259704589844,0.0
,4359,,,,,66.1376953125,-33.0413818359375,0.7571900024414063,-0.55520361328125,0.0
,4360,,,,,67.0989990234375,-29.718017578125,0.8135390258789063,-0.5072447937011719,0.0
,4361,,,,,67.1722412109375,-25.7354736328125,0.8430601135253907,-0.4663296020507813,0.0
,4362,,,,,68.2891845703125,-19.8944091796875,0.8797284118652344,-0.4388801696777344,0.0
,4363,,,,,68.6370849609375,-14.5843505859375,0.8919511779785156,-0.3986900573730469,0.0
,4364,,,,,69.32373046875,-8.5693359375,0.9077993408203126,-0.3589142761230469,0.0
,4365,,,,,73.095703125,3.4332275390625,0.8880150329589844,-0.3355045715332031,0.0
,4366,,,,,70.8984375,4.7149658203125,0.9217830139160157,-0.28619917602539063,0.0
,4367,,,,,70.9442138671875,10.235595703125,0.9214722656250001,-0.2208384521484375,0.0
,4368,,,,,70.8526611328125,15.4541015625,0.922404510498047,-0.1857238952636719,0.0
,4369,,,,,70.367431640625,21.1212158203125,0.9144286376953126,-0.11549478149414062,0.0
,4370,,,,,69.580078125,26.055908203125,0.9316233764648438,-0.051791381835937504,0.0
,4371,,,,,68.426513671875,30.157470703125,0.9287230590820312,0.03179990844726563,0.0
,4372,,,,,66.6961669921875,33.782958984375,0.9386670043945313,0.09612480468750001,0.0
,4373,,,,,64.178466796875,38.4246826171875,0.9211615173339844,0.17785160522460938,0.0
,4374,,,,,61.6424560546875,42.1783447265625,0.9149465515136719,0.21980262451171875,0.0
,4375,,,,,60.845947265625,42.7642822265625,0.9044846923828125,0.3014258422851563,0.0
,4376,,,,,58.3740234375,44.93408203125,0.9041739440917969,0.39682556762695315,0.0
,4377,,,,,55.1971435546875,47.772216796875,0.8720632873535157,0.45856089477539064,0.0
,4378,,,,,52.6885986328125,49.420166015625,0.8610835144042969,0.49181096191406254,0.0
,4379,,,,,48.9898681640625,52.569580078125,0.8231722229003906,0.51211318359375,0.0
,4380,,,,,44.4580078125,55.7098388671875,0.79054365234375,0.5388375366210938,0.0
,4381,,,,,29.241943359375,59.8480224609375,0.7956192077636719,0.5893859252929687,0.0
,4382,,,,,33.8836669921875,63.7939453125,0.759883154296875,0.6004692810058594,0.0
,4383,,,,,29.8736572265625,66.998291015625,0.7155497314453125,0.6381734069824219,0.0
,4384,,,,,25.1861572265625,69.6807861328125,0.62481123046875,0.6278151306152344,0.0
,4385,,,,,19.976806640625,72.125244140625,0.5910432495117187,0.6681088256835938,0.0
,4386,,,,,15.3533935546875,74.029541015625,0.5301365844726562,0.6734951293945313,0.0
,4387,,,,,12.0574951171875,75.1739501953125,0.49201812744140627,0.7464173950195313,0.0
,4388,,,,,8.1207275390625,76.1810302734375,0.4098769958496094,0.7851573486328125,0.0
,4389,,,,,3.7078857421875,76.7486572265625,0.36202175903320316,0.8374666442871094,0.0
,4390,,,,,0.8056640625,76.995849609375,0.2727334167480469,0.8457532653808594,0.0
,4391,,,,,-2.0233154296875,76.556396484375,0.21938829345703126,0.87340986328125,0.0
,4392,,,,,-3.9642333984375,76.1810302734375,0.1330002685546875,0.8969231506347657,0.0
,4393,,,,,-7.8094482421875,74.67041015625,0.0799658935546875,0.9168110412597656,0.0
,4394,,,,,-12.4237060546875,72.857666015625,0.025688525390625,0.9440533081054687,0.0
,4395,,,,,-15.2801513671875,71.0906982421875,0.00165732421875,0.9665307678222657,0.0
,4396,,,,,-20.5169677734375,68.8201904296875,-0.05500244750976563,0.9478858703613282,0.0
,4397,,,,,-26.751708984375,65.6341552734375,-0.095296142578125,0.9368025146484376,0.0
,4398,,,,,-32.5836181640625,62.9425048828125,-0.15848162841796876,0.9089387512207031,0.0
,4399,,,,,-37.4908447265625,60.5712890625,-0.1976359130859375,0.8965088195800781,0.0
,4400,,,,,-41.876220703125,58.6669921875,-0.24839146728515626,0.8777603393554688,0.0
,4401,,,,,-46.8475341796875,55.8837890625,-0.30484407348632814,0.813021112060547,0.0
,4402,,,,,-51.2054443359375,53.28369140625,-0.3641969970703125,0.789714990234375,0.0
,4403,,,,,-54.4647216796875,50.921630859375,-0.42489649658203127,0.7593652404785156,0.0
,4404,,,,,-57.659912109375,48.2940673828125,-0.4872533203125,0.7233184387207031,0.0
,4405,,,,,-60.46142578125,45.4833984375,-0.5285828430175782,0.6755667846679688,0.0
,4406,,,,,-63.2080078125,41.363525390625,-0.5972582153320313,0.6291617065429688,0.0
,4407,,,,,-65.789794921875,36.9140625,-0.6435597106933594,0.5939435668945313,0.0
,4408,,,,,-67.144775390625,33.36181640625,-0.7070559448242187,0.5536498718261719,0.0
,4409,,,,,-67.218017578125,31.8603515625,-0.7696199340820312,0.5192603942871094,0.0
,4410,,,,,-68.3441162109375,27.7130126953125,-0.8053559875488282,0.47834520263671876,0.0
,4411,,,,,-69.25048828125,23.2269287109375,-0.8552828796386719,0.43908733520507814,0.0
,4412,,,,,-68.6279296875,20.196533203125,-0.8741349426269531,0.40718384399414065,0.0
,4413,,,,,-69.3145751953125,14.6026611328125,-0.9043811096191406,0.3736230285644531,0.0
,4414,,,,,-69.9005126953125,7.8643798828125,-0.9248904968261719,0.3312576782226563,0.0
,4415,,,,,-73.333740234375,-3.47900390625,-0.9273764831542969,0.32152089843750004,0.0
,4416,,,,,-71.099853515625,-5.2642822265625,-0.9361810180664063,0.26040706787109374,0.0
,4417,,,,,-70.953369140625,-10.6842041015625,-0.9497503601074219,0.21804171752929688,0.0
,4418,,,,,-70.4864501953125,-17.0379638671875,-0.9304839660644532,0.16335001831054688,0.0
,4419,,,,,-70.2301025390625,-22.4945068359375,-0.9157752136230469,0.13227518920898437,0.0
,4420,,,,,-69.891357421875,-26.788330078125,-0.9288266418457032,0.024756280517578125,0.0
,4421,,,,,-69.0032958984375,-30.8990478515625,-0.9006521301269531,-0.0070436279296875,0.0
,4422,,,,,-67.3095703125,-35.44921875,-0.8822143981933595,-0.08980625610351563,0.0
,4423,,,,,-65.3778076171875,-39.1937255859375,-0.8694737182617188,-0.12160616455078126,0.0
,4424,,,,,-64.3157958984375,-40.924072265625,-0.8565258728027344,-0.1919388610839844,0.0
,4425,,,,,-62.091064453125,-43.560791015625,-0.8259689575195313,-0.247769970703125,0.0
,4426,,,,,-59.747314453125,-45.8587646484375,-0.8455460998535157,-0.3593286071777344,0.0
,4427,,,,,-56.8359375,-48.0926513671875,-0.8299051025390626,-0.39786139526367187,0.0
,4428,,,,,-53.6865234375,-50.7110595703125,-0.8196504089355469,-0.46052896728515624,0.0
,4429,,,,,-50.0335693359375,-52.734375,-0.8039058288574219,-0.48248851318359376,0.0
,4430,,,,,-44.5953369140625,-56.4056396484375,-0.8016270080566407,-0.5653547241210938,0.0
,4431,,,,,-39.4866943359375,-60.552978515625,-0.7588473266601563,-0.5673227966308594,0.0
,4432,,,,,-33.4442138671875,-64.1510009765625,-0.7262187561035156,-0.6070985778808594,0.0
,4433,,,,,-30.8441162109375,-67.27294921875,-0.6616866943359375,-0.6197356750488281,0.0
,4434,,,,,-25.9368896484375,-70.2667236328125,-0.6469779418945313,-0.6837498229980469,0.0
,4435,,,,,-21.5606689453125,-72.8851318359375,-0.5744700073242188,-0.7012553100585938,0.0
,4436,,,,,-18.1732177734375,-74.560546875,-0.507969873046875,-0.7287047424316406,0.0
,4437,,,,,-13.9892578125,-75.76904296875,-0.4351511901855469,-0.7480747192382813,0.0
,4438,,,,,-9.0179443359375,-76.849365234375,-0.42044243774414064,-0.8101207946777343,0.0
,4439,,,,,-4.0924072265625,-77.1240234375,-0.3426517822265625,-0.8446138549804688,0.0
,4440,,,,,-0.5859375,-76.5838623046875,-0.2780161376953125,-0.8812821533203126,0.0
,4441,,,,,0.933837890625,-75.933837890625,-0.1918352783203125,-0.8835609741210938,0.0
,4442,,,,,5.16357421875,-74.52392578125,-0.16024253540039063,-0.9202292724609376,0.0
,4443,,,,,8.9996337890625,-73.0499267578125,-0.07406167602539063,-0.9100781616210938,0.0
,4444,,,,,10.546875,-71.5484619140625,-0.006318548583984375,-0.9201256896972656,0.0
,4445,,,,,15.2618408203125,-69.8455810546875,0.05365587158203125,-0.9219901794433594,0.0
,4446,,,,,20.32470703125,-67.913818359375,0.04070802612304688,-0.9587620605468751,0.0
,4447,,,,,26.9073486328125,-65.625,0.10679382934570313,-0.9380455078125001,0.0
,4448,,,,,33.1695556640625,-63.2720947265625,0.1371435791015625,-0.9270657348632813,0.0
,4449,,,,,38.470458984375,-61.083984375,0.17008289794921874,-0.9064527648925782,0.0
,4450,,,,,43.7896728515625,-58.6944580078125,0.20540462036132814,-0.8724776184082031,0.0
,4451,,,,,48.8067626953125,-56.231689453125,0.2771874755859375,-0.8322875061035157,0.0
,4452,,,,,53.35693359375,-53.6224365234375,0.3239033020019531,-0.8084634704589844,0.0
,4453,,,,,56.524658203125,-50.9033203125,0.37486602172851563,-0.7895078247070313,0.0
,4454,,,,,59.6466064453125,-47.5799560546875,0.4321472900390625,-0.7457958984375,0.0
,4455,,,,,62.5946044921875,-43.46923828125,0.49626502075195317,-0.7188643798828125,0.0
,4456,,,,,65.478515625,-39.385986328125,0.5657690551757812,-0.6711127258300782,0.0
,4457,,,,,67.254638671875,-36.163330078125,0.6481173522949218,-0.6250183959960938,0.0
,4458,,,,,68.00537109375,-33.892822265625,0.6865465576171875,-0.5821351318359376,0.0
,4459,,,,,69.3695068359375,-29.388427734375,0.7236291870117187,-0.5551000305175782,0.0
,4460,,,,,69.76318359375,-25.6439208984375,0.7830856933593751,-0.5102486938476563,0.0
,4461,,,,,68.865966796875,-23.565673828125,0.8216184814453126,-0.463222119140625,0.0
,4462,,,,,69.6807861328125,-18.6676025390625,0.8675056457519531,-0.4106020751953125,0.0
,4463,,,,,70.440673828125,-12.396240234375,0.8691629699707032,-0.3890568603515625,0.0
,4464,,,,,71.2371826171875,-5.712890625,0.8861505432128907,-0.36865105590820313,0.0
,4465,,,,,73.223876953125,2.34375,0.8854254638671876,-0.33053259887695313,0.0
,4466,,,,,72.36328125,5.6671142578125,0.8966124023437501,-0.2950037109375,0.0
,4467,,,,,72.4456787109375,12.3504638671875,0.8992019714355469,-0.21597006225585938,0.0
,4468,,,,,72.65625,17.8802490234375,0.8990983886718751,-0.15972462158203127,0.0
,4469,,,,,72.271728515625,22.210693359375,0.8861505432128907,-0.09312090454101563,0.0
,4470,,,,,71.759033203125,26.4312744140625,0.9001342163085938,-0.0327321533203125,0.0
,4471,,,,,70.623779296875,31.3385009765625,0.8856326293945312,0.053034375,0.0
,4472,,,,,68.994140625,35.4766845703125,0.9225080932617188,0.1413904724121094,0.0
,4473,,,,,67.3553466796875,39.0106201171875,0.8809714050292969,0.19525350952148438,0.0
,4474,,,,,65.240478515625,41.8853759765625,0.8887401123046875,0.2703510131835938,0.0
,4475,,,,,64.288330078125,42.279052734375,0.8801427429199219,0.35363155517578126,0.0
,4476,,,,,61.431884765625,45.0714111328125,0.8778639221191407,0.42334275512695313,0.0
,4477,,,,,58.3099365234375,47.75390625,0.8749636047363282,0.49626502075195317,0.0
,4478,,,,,55.7464599609375,48.834228515625,0.8606691833496094,0.5157385803222656,0.0
,4479,,,,,51.4892578125,52.642822265625,0.817164422607422,0.5486778991699219,0.0
,4480,,,,,46.307373046875,56.9000244140625,0.7767671447753907,0.5425665161132812,0.0
,4481,,,,,41.05224609375,60.97412109375,0.7384415222167969,0.5706374450683593,0.0
,4482,,,,,34.4146728515625,64.2974853515625,0.7238363525390625,0.6004692810058594,0.0
,4483,,,,,31.9427490234375,67.4285888671875,0.6959725891113282,0.6537108215332031,0.0
,4484,,,,,26.55029296875,70.1019287109375,0.6282294616699219,0.6594078735351563,0.0
,4485,,,,,21.93603515625,72.2625732421875,0.59829404296875,0.6881002990722657,0.0
,4486,,,,,18.072509765625,73.8189697265625,0.5170851562500001,0.7305692321777344,0.0
,4487,,,,,14.1448974609375,74.67041015625,0.47565205078125,0.7969657836914062,0.0
,4488,,,,,8.82568359375,75.3662109375,0.40821967163085937,0.8330125854492187,0.0
,4489,,,,,4.3304443359375,75.714111328125,0.39475391235351565,0.8921583435058594,0.0
,4490,,,,,0.4302978515625,75.29296875,0.30556915283203123,0.9058312683105469,0.0
,4491,,,,,-3.3599853515625,74.96337890625,0.2466305603027344,0.9183647827148438,0.0
,4492,,,,,-5.2001953125,74.6246337890625,0.1644894287109375,0.9221973449707032,0.0
,4493,,,,,-9.0179443359375,73.388671875,0.10637949829101563,0.9331771179199219,0.0
,4494,,,,,-12.451171875,72.3541259765625,0.054898864746093755,0.9465392944335937,0.0
,4495,,,,,-15.1153564453125,70.6512451171875,0.006111383056640625,0.943846142578125,0.0
,4496,,,,,-21.3775634765625,68.023681640625,-0.057177685546875,0.9416709045410157,0.0
,4497,,,,,-27.6031494140625,65.1947021484375,-0.07457958984375,0.9450891357421876,0.0
,4498,,,,,-33.0322265625,62.7227783203125,-0.12150258178710938,0.9276872314453125,0.0
,4499,,,,,-38.7908935546875,60.1593017578125,-0.16894348754882813,0.8909153503417969,0.0
,4500,,,,,-44.56787109375,57.09228515625,-0.21431273803710937,0.8863577087402345,0.0
,4501,,,,,-49.639892578125,53.86962890625,-0.2599927368164063,0.8533148071289063,0.0
,4502,,,,,-53.3294677734375,51.287841796875,-0.33488307495117187,0.8199611572265625,0.0
,4503,,,,,-56.9915771484375,48.3489990234375,-0.3860529602050781,0.7770778930664063,0.0
,4504,,,,,-60.46142578125,44.512939453125,-0.43991599731445313,0.7655802062988282,0.0
,4505,,,,,-63.4552001953125,40.72265625,-0.49243245849609374,0.7205217041015626,0.0
,4506,,,,,-65.2679443359375,37.82958984375,-0.5606934997558594,0.6892397094726562,0.0
,4507,,,,,-67.1722412109375,34.4879150390625,-0.6454242004394531,0.6097917297363281,0.0
,4508,,,,,-68.4539794921875,31.0546875,-0.7041556274414063,0.563490234375,0.0
,4509,,,,,-68.7835693359375,28.96728515625,-0.7332623840332031,0.5367658813476562,0.0
,4510,,,,,-69.32373046875,25.7720947265625,-0.7704485961914063,0.4877712341308594,0.0
,4511,,,,,-69.68994140625,21.881103515625,-0.8127103637695313,0.454935498046875,0.0
,4512,,,,,-69.0765380859375,18.2098388671875,-0.8532112243652344,0.41505613403320313,0.0
,4513,,,,,-69.9462890625,11.846923828125,-0.8807642395019532,0.38429205322265625,0.0
,4514,,,,,-70.770263671875,5.52978515625,-0.9118390686035156,0.32266030883789065,0.0
,4515,,,,,-73.1414794921875,-3.0487060546875,-0.9254084106445313,0.29645386962890624,0.0
,4516,,,,,-71.337890625,-5.31005859375,-0.9230260070800782,0.2487022155761719,0.0
,4517,,,,,-71.539306640625,-11.42578125,-0.915671630859375,0.22529251098632813,0.0
,4518,,,,,-71.81396484375,-17.0562744140625,-0.9201256896972656,0.16107119750976562,0.0
,4519,,,,,-71.74072265625,-21.09375,-0.9247869140625,0.10492933959960937,0.0
,4520,,,,,-71.6766357421875,-25.3326416015625,-0.9212651000976563,0.003418231201171875,0.0
,4521,,,,,-70.8160400390625,-30.047607421875,-0.8950586608886719,-0.04246893310546875,0.0
,4522,,,,,-69.3145751953125,-34.515380859375,-0.9064527648925782,-0.12740679931640625,0.0
,4523,,,,,-67.7764892578125,-37.4267578125,-0.8886365295410157,-0.14770902099609376,0.0
,4524,,,,,-66.90673828125,-38.763427734375,-0.8822143981933595,-0.2582318298339844,0.0
,4525,,,,,-64.453125,-41.4825439453125,-0.86678056640625,-0.3133378601074219,0.0
,4526,,,,,-61.1663818359375,-43.890380859375,-0.8584939453125,-0.40014021606445316,0.0
,4527,,,,,-58.30078125,-45.44677734375,-0.8603584350585938,-0.44188406982421874,0.0
,4528,,,,,-54.7119140625,-48.5137939453125,-0.8592190246582031,-0.5074519592285156,0.0
,4529,,,,,-50.3997802734375,-50.811767578125,-0.8031807495117188,-0.5010298278808594,0.0
,4530,,,,,-44.879150390625,-54.656982421875,-0.8160250122070313,-0.5882465148925782,0.0
,4531,,,,,-39.4866943359375,-58.6395263671875,-0.8065989807128906,-0.6232574890136718,0.0
,4532,,,,,-31.951904296875,-61.6790771484375,-0.7914758972167969,-0.6666586669921876,0.0
,4533,,,,,-30.7708740234375,-65.1031494140625,-0.7513893676757812,-0.6827139953613282,0.0
,4534,,,,,-25.7904052734375,-68.0145263671875,-0.7111992553710937,-0.7368877807617188,0.0
,4535,,,,,-20.8831787109375,-69.7265625,-0.6250183959960938,-0.7412382568359375,0.0
,4536,,,,,-17.120361328125,-71.5667724609375,-0.5656654724121094,-0.7904400695800782,0.0
,4537,,,,,-12.9364013671875,-73.040771484375,-0.48632107543945313,-0.7966550354003906,0.0
,4538,,,,,-8.0474853515625,-73.8189697265625,-0.44250556640625,-0.84689267578125,0.0
,4539,,,,,-3.314208984375,-74.560546875,-0.357153369140625,-0.8566294555664062,0.0
,4540,,,,,0.3387451171875,-74.4781494140625,-0.2993541870117188,-0.8845968017578125,0.0
,4541,,,,,3.33251953125,-74.0203857421875,-0.22322085571289063,-0.8879114501953125,0.0
,4542,,,,,6.99462890625,-73.297119140625,-0.15444190063476562,-0.9012736267089844,0.0
,4543,,,,,10.3179931640625,-72.564697265625,-0.09353523559570313,-0.9097674133300782,0.0
,4544,,,,,13.787841796875,-70.8892822265625,-0.041225939941406255,-0.9138071411132813,0.0
,4545,,,,,18.05419921875,-68.8934326171875,0.0103582763671875,-0.9168110412597656,0.0
,4546,,,,,22.2381591796875,-66.815185546875,0.033250067138671874,-0.9242690002441406,0.0
,4547,,,,,28.546142578125,-64.4439697265625,0.09229224243164062,-0.9201256896972656,0.0
,4548,,,,,34.5062255859375,-61.70654296875,0.09467464599609375,-0.9190898620605469,0.0
,4549,,,,,39.58740234375,-59.21630859375,0.16562883911132814,-0.8986840576171875,0.0
,4550,,,,,44.952392578125,-56.671142578125,0.198050244140625,-0.8890508605957032,0.0
,4551,,,,,50.244140625,-53.2196044921875,0.24559473266601564,-0.8696808837890625,0.0
,4552,,,,,54.8675537109375,-49.932861328125,0.2830916931152344,-0.837777392578125,0.0
,4553,,,,,58.0352783203125,-47.5616455078125,0.34617359619140625,-0.8157142639160156,0.0
,4554,,,,,61.34033203125,-44.6868896484375,0.37942366333007815,-0.7929260559082032,0.0
,4555,,,,,64.6636962890625,-41.4459228515625,0.4703693298339844,-0.7312943115234375,0.0
,4556,,,,,67.4285888671875,-37.774658203125,0.5287900085449219,-0.6692482360839844,0.0
,4557,,,,,68.865966796875,-35.0006103515625,0.6109311401367188,-0.6094809814453125,0.0
,4558,,,,,69.10400390625,-34.3048095703125,0.6721485534667969,-0.5721911865234375,0.0
,4559,,,,,69.6624755859375,-31.5673828125,0.728497576904297,-0.5250610290527344,0.0
,4560,,,,,70.6329345703125,-27.191162109375,0.7994517700195313,-0.4663296020507813,0.0
,4561,,,,,70.3399658203125,-24.1424560546875,0.8409884582519531,-0.43535835571289067,0.0
,4562,,,,,70.697021484375,-19.1162109375,0.8581831970214844,-0.42127109985351563,0.0
,4563,,,,,71.063232421875,-13.2476806640625,0.8799355773925781,-0.4028333679199219,0.0
,4564,,,,,71.8780517578125,-6.4361572265625,0.9278943969726563,-0.35974293823242187,0.0
,4565,,,,,73.883056640625,2.4444580078125,0.9085244201660156,-0.31116262207031253,0.0
,4566,,,,,73.49853515625,6.0699462890625,0.9138071411132813,-0.27117967529296877,0.0
,4567,,,,,73.7823486328125,10.931396484375,0.8970267333984375,-0.19504634399414064,0.0
,4568,,,,,73.8372802734375,15.3167724609375,0.9269621520996094,-0.13869732055664064,0.0
,4569,,,,,73.4161376953125,20.6817626953125,0.9013772094726563,-0.07613333129882813,0.0
,4570,,,,,72.9400634765625,25.1495361328125,0.9205400207519532,-0.023306121826171877,0.0
,4571,,,,,72.03369140625,28.7200927734375,0.927272900390625,0.07395809326171875,0.0
,4572,,,,,70.257568359375,32.1807861328125,0.9374240112304688,0.15402756958007813,0.0
,4573,,,,,67.6483154296875,36.7401123046875,0.8965088195800781,0.21265541381835937,0.0
,4574,,,,,65.14892578125,40.17333984375,0.9210579345703125,0.277601806640625,0.0
,4575,,,,,63.812255859375,40.2923583984375,0.9317269592285157,0.3692725524902344,0.0
,4576,,,,,60.9832763671875,42.5262451171875,0.9456070495605469,0.4500671081542969,0.0
,4577,,,,,57.3760986328125,45.7672119140625,0.9462285461425781,0.5181209838867188,0.0
,4578,,,,,54.1717529296875,47.222900390625,0.9160859619140626,0.5306544982910156,0.0
,4579,,,,,50.225830078125,50.701904296875,0.8848039672851563,0.5632830688476562,0.0
,4580,,,,,45.3643798828125,54.1259765625,0.8608763488769532,0.5803742248535156,0.0
,4581,,,,,39.697265625,58.5113525390625,0.8218256469726563,0.6176640197753906,0.0
,4582,,,,,34.0484619140625,62.6129150390625,0.77065576171875,0.62481123046875,0.0
,4583,,,,,29.8553466796875,65.4052734375,0.7437242431640625,0.6644834289550782,0.0
,4584,,,,,25.15869140625,68.316650390625,0.6812638366699219,0.6660371704101563,0.0
,4585,,,,,20.2880859375,70.8251953125,0.6510176696777344,0.7074702758789063,0.0
,4586,,,,,15.4541015625,72.8851318359375,0.5675299621582032,0.7150318176269531,0.0
,4587,,,,,11.38916015625,74.08447265625,0.5157385803222656,0.7784244689941406,0.0
,4588,,,,,6.884765625,74.8443603515625,0.44416289062500003,0.8074276428222656,0.0
,4589,,,,,1.9866943359375,75.32958984375,0.41018774414062503,0.8616014282226563,0.0
,4590,,,,,-2.8839111328125,75.274658203125,0.3340544128417969,0.8859433776855469,0.0
,4591,,,,,-6.1614990234375,74.8992919921875,0.2917926452636719,0.9144286376953126,0.0
,4592,,,,,-7.4615478515625,74.1668701171875,0.19732516479492188,0.9179504516601563,0.0
,4593,,,,,-11.737060546875,72.381591796875,0.15568489379882813,0.943121063232422,0.0
,4594,,,,,-15.8660888671875,70.5322265625,0.0923958251953125,0.9568975708007813,0.0
,4595,,,,,-18.0633544921875,68.2159423828125,0.026827935791015625,0.9544115844726563,0.0
,4596,,,,,-23.0804443359375,66.064453125,-0.03967219848632813,0.93638818359375,0.0
,4597,,,,,-29.1412353515625,63.812255859375,-0.03998294677734375,0.9351451904296876,0.0
,4598,,,,,-34.9365234375,61.81640625,-0.08069097290039062,0.9205400207519532,0.0
,4599,,,,,-40.264892578125,59.8663330078125,-0.14180480346679689,0.8804534912109375,0.0
,4600,,,,,-45.4010009765625,57.71484375,-0.201364892578125,0.8400562133789062,0.0
,4601,,,,,-50.8026123046875,54.6661376953125,-0.2652754577636719,0.802973583984375,0.0
,4602,,,,,-55.4351806640625,51.983642578125,-0.3294967712402344,0.7691020202636719,0.0
,4603,,,,,-58.795166015625,49.8321533203125,-0.37092987670898436,0.7417561706542969,0.0
,4604,,,,,-61.669921875,47.479248046875,-0.4384658386230469,0.7049842895507813,0.0
,4605,,,,,-64.5538330078125,44.219970703125,-0.5241287841796876,0.6598222045898438,0.0
,4606,,,,,-67.2454833984375,40.191650390625,-0.5766452453613281,0.6398307312011718,0.0
,4607,,,,,-68.9117431640625,37.298583984375,-0.6461492797851562,0.5855533630371094,0.0
,4608,,,,,-69.7723388671875,34.27734375,-0.7137888244628906,0.5384232055664062,0.0
,4609,,,,,-69.8272705078125,32.2540283203125,-0.7512857849121094,0.507969873046875,0.0
,4610,,,,,-70.1202392578125,28.656005859375,-0.8177859191894532,0.45244951171875003,0.0
,4611,,,,,-70.880126953125,23.9776611328125,-0.8664698181152344,0.41049849243164066,0.0
,4612,,,,,-70.6329345703125,20.17822265625,-0.8806606567382813,0.3860529602050781,0.0
,4613,,,,,-71.5576171875,14.6026611328125,-0.9046918579101563,0.3650256591796875,0.0
,4614,,,,,-72.36328125,8.038330078125,-0.9166038757324219,0.31344144287109377,0.0
,4615,,,,,-75.3753662109375,-2.6092529296875,-0.9195041931152345,0.28858157958984376,0.0
,4616,,,,,-72.83935546875,-3.424072265625,-0.953790087890625,0.21203391723632814,0.0
,4617,,,,,-72.9949951171875,-8.642578125,-0.9558617431640626,0.17432979125976564,0.0
,4618,,,,,-72.8759765625,-13.5223388671875,-0.9510969360351563,0.108554736328125,0.0
,4619,,,,,-72.125244140625,-18.841552734375,-0.9579333984375,0.055934692382812505,0.0
,4620,,,,,-71.209716796875,-23.98681640625,-0.9574154846191406,-0.022684625244140624,0.0
,4621,,,,,-70.184326171875,-27.777099609375,-0.9361810180664063,-0.0563490234375,0.0
,4622,,,,,-68.7652587890625,-31.658935546875,-0.9585548950195313,-0.14242630004882814,0.0
,4623,,,,,-66.32080078125,-36.126708984375,-0.9395992492675782,-0.16676824951171876,0.0
,4624,,,,,-64.4805908203125,-38.690185546875,-0.9444676391601563,-0.264343212890625,0.0
,4625,,,,,-62.21923828125,-40.8050537109375,-0.9212651000976563,-0.3061906494140625,0.0
,4626,,,,,-60.223388671875,-42.535400390625,-0.8836645568847656,-0.3796308288574219,0.0
,4627,,,,,-56.927490234375,-45.721435546875,-0.8639838317871094,-0.42655382080078125,0.0
,4628,,,,,-52.9998779296875,-49.25537109375,-0.858597528076172,-0.49067155151367187,0.0
,4629,,,,,-49.69482421875,-51.0772705078125,-0.829490771484375,-0.5018584899902344,0.0
,4630,,,,,-45.15380859375,-54.7119140625,-0.8240008850097656,-0.5685657897949219,0.0
,4631,,,,,-39.495849609375,-58.6944580078125,-0.7962407043457032,-0.5818243835449219,0.0
,4632,,,,,-32.6751708984375,-62.640380859375,-0.7770778930664063,-0.6205643371582031,0.0
,4633,,,,,-29.315185546875,-65.6890869140625,-0.7246650146484376,-0.6237754028320313,0.0
,4634,,,,,-24.6368408203125,-68.463134765625,-0.6968012512207031,-0.6781563537597657,0.0
,4635,,,,,-19.134521484375,-71.30126953125,-0.6472886901855469,-0.6821960815429687,0.0
,4636,,,,,-14.3646240234375,-73.4344482421875,-0.6132099609375,-0.7370949462890625,0.0
,4637,,,,,-10.2264404296875,-74.578857421875,-0.5082806213378906,-0.7520108642578125,0.0
,4638,,,,,-5.841064453125,-75.3753662109375,-0.4677797607421875,-0.7982087768554688,0.0
,4639,,,,,-0.567626953125,-75.933837890625,-0.38636370849609375,-0.8141605224609375,0.0
,4640,,,,,3.936767578125,-75.6134033203125,-0.3321899230957031,-0.8564222900390626,0.0
,4641,,,,,6.207275390625,-75.3936767578125,-0.246112646484375,-0.8736170288085938,0.0
,4642,,,,,9.832763671875,-74.7528076171875,-0.19950040283203124,-0.8963016540527344,0.0
,4643,,,,,13.18359375,-73.553466796875,-0.09798929443359375,-0.8977518127441406,0.0
,4644,,,,,15.1153564453125,-71.7681884765625,-0.052827209472656254,-0.9075921752929688,0.0
,4645,,,,,19.1619873046875,-70.01953125,0.024963446044921875,-0.8898795227050782,0.0
,4646,,,,,24.005126953125,-68.1884765625,0.06121741333007813,-0.8790033325195312,0.0
,4647,,,,,29.8370361328125,-65.88134765625,0.11311237792968751,-0.8710274597167968,0.0
,4648,,,,,35.7147216796875,-63.39111328125,0.10948698120117188,-0.8738241943359375,0.0
,4649,,,,,40.5029296875,-60.9832763671875,0.18717405395507813,-0.8476177551269531,0.0
,4650,,,,,45.7672119140625,-58.7677001953125,0.21907754516601563,-0.8364308166503907,0.0
,4651,,,,,50.9124755859375,-55.975341796875,0.2609249816894531,-0.8400562133789062,0.0
,4652,,,,,55.096435546875,-53.2745361328125,0.30173659057617186,-0.7960335388183594,0.0
,4653,,,,,58.2000732421875,-51.23291015625,0.36585432128906253,-0.7539789367675781,0.0
,4654,,,,,61.4227294921875,-48.2666015625,0.4468560424804688,-0.7009445617675781,0.0
,4655,,,,,64.3341064453125,-44.82421875,0.5143920043945313,-0.670387646484375,0.0
,4656,,,,,66.9525146484375,-41.253662109375,0.5871071044921875,-0.6153851989746094,0.0
,4657,,,,,68.426513671875,-38.1500244140625,0.6431453796386719,-0.5768524108886719,0.0
,4658,,,,,68.4356689453125,-36.8865966796875,0.6990800720214844,-0.5362479675292969,0.0
,4659,,,,,68.95751953125,-34.0484619140625,0.7637157165527344,-0.4934682861328125,0.0
,4660,,,,,70.0286865234375,-29.461669921875,0.7972765319824219,-0.4600110534667969,0.0
,4661,,,,,69.6075439453125,-25.9918212890625,0.8410920410156251,-0.41868153076171877,0.0
,4662,,,,,70.1385498046875,-21.2677001953125,0.8776567565917969,-0.38149531860351565,0.0
,4663,,,,,70.5596923828125,-15.4083251953125,0.8812821533203126,-0.3506276550292969,0.0
,4664,,,,,71.1456298828125,-8.4320068359375,0.8967159851074219,-0.3361260681152344,0.0
,4665,,,,,71.905517578125,-2.0965576171875,0.9226116760253906,-0.26672561645507814,0.0
,4666,,,,,72.0062255859375,2.9296875,0.9442604736328125,-0.2192847106933594,0.0
,4667,,,,,71.942138671875,8.1573486328125,0.9374240112304688,-0.17805877075195314,0.0
,4668,,,,,71.7864990234375,13.6688232421875,0.9688095886230469,-0.12108825073242188,0.0
,4669,,,,,71.1639404296875,19.04296875,0.9375275939941407,-0.070436279296875,0.0
,4670,,,,,70.42236328125,22.88818359375,0.9582441467285157,0.00269315185546875,0.0
,4671,,,,,69.342041015625,26.971435546875,0.9545151672363281,0.08763101806640625,0.0
,4672,,,,,67.6666259765625,32.025146484375,0.9526506774902344,0.14325496215820313,0.0
,4673,,,,,65.570068359375,36.7767333984375,0.928930224609375,0.20385087890625,0.0
,4674,,,,,63.2720947265625,39.80712890625,0.9334878662109375,0.2652754577636719,0.0
,4675,,,,,61.5142822265625,40.9149169921875,0.9104924926757813,0.32628570556640624,0.0
,4676,,,,,57.9437255859375,44.0185546875,0.9359738525390625,0.4078053405761719,0.0
,4677,,,,,54.876708984375,46.527099609375,0.9315197937011719,0.4848709167480469,0.0
,4678,,,,,52.606201171875,47.3052978515625,0.8984768920898438,0.5017549072265625,0.0
,4679,,,,,48.5595703125,50.5462646484375,0.8659519042968751,0.5292043395996094,0.0
,4680,,,,,43.98193359375,53.5400390625,0.8473070068359375,0.549402978515625,0.0
,4681,,,,,20.233154296875,57.71484375,0.815403515625,0.5810993041992187,0.0
,4682,,,,,27.850341796875,61.85302734375,0.7954120422363281,0.5899038391113282,0.0
,4683,,,,,27.923583984375,65.07568359375,0.7619548095703125,0.6269864685058594,0.0
,4684,,,,,21.8353271484375,68.0694580078125,0.6808495056152344,0.6398307312011718,0.0
,4685,,,,,17.2943115234375,70.806884765625,0.6354802551269532,0.6738058776855469,0.0
,4686,,,,,13.623046875,73.2513427734375,0.5751950866699219,0.6777420227050781,0.0
,4687,,,,,9.7503662109375,74.8809814453125,0.5068304626464843,0.7211432006835937,0.0
,4688,,,,,5.8685302734375,75.8148193359375,0.4148489685058594,0.7527359436035157,0.0
,4689,,,,,1.153564453125,76.1077880859375,0.3891604431152344,0.8147820190429688,0.0
,4690,,,,,-3.33251953125,75.9521484375,0.32007073974609374,0.8623265075683594,0.0
,4691,,,,,-6.3995361328125,75.311279296875,0.26175364379882815,0.8906046020507813,0.0
,4692,,,,,-7.4249267578125,74.6246337890625,0.15361323852539063,0.8895687744140626,0.0
,4693,,,,,-11.077880859375,73.35205078125,0.12378140258789062,0.9259263244628907,0.0
,4694,,,,,-15.34423828125,71.575927734375,0.07344017944335937,0.9381490905761719,0.0
,4695,,,,,-17.68798828125,69.4244384765625,0.0045576416015625,0.9248904968261719,0.0
,4696,,,,,-22.3663330078125,67.5201416015625,-0.0708506103515625,0.9021022888183594,0.0
,4697,,,,,-28.564453125,64.85595703125,-0.08835609741210938,0.8931941711425782,0.0
,4698,,,,,-34.5977783203125,62.4755859375,-0.14470512084960938,0.8766209289550781,0.0
,4699,,,,,-39.6881103515625,60.8001708984375,-0.18095908813476563,0.8625336730957032,0.0
,4700,,,,,-44.384765625,59.2071533203125,-0.23264688720703125,0.8341519958496094,0.0
,4701,,,,,-49.6307373046875,56.689453125,-0.2818486999511719,0.8080491394042969,0.0
,4702,,,,,-53.814697265625,54.3365478515625,-0.3500061584472656,0.7782173034667969,0.0
,4703,,,,,-56.87255859375,51.59912109375,-0.43276878662109375,0.7288083251953125,0.0
,4704,,,,,-59.600830078125,48.5321044921875,-0.5107666076660157,0.6893432922363282,0.0
,4705,,,,,-62.3016357421875,44.970703125,-0.5498173095703125,0.6536072387695313,0.0
,4706,,,,,-64.2791748046875,41.5374755859375,-0.619114178466797,0.6210822509765626,0.0
,4707,,,,,-64.85595703125,39.44091796875,-0.686960888671875,0.5725019348144531,0.0
,4708,,,,,-65.8905029296875,36.29150390625,-0.7358519531250001,0.5507495544433594,0.0
,4709,,,,,-66.4306640625,33.8287353515625,-0.7916830627441407,0.5099379455566406,0.0
,4710,,,,,-67.19970703125,29.4158935546875,-0.8251402954101563,0.478138037109375,0.0
,4711,,,,,-68.243408203125,24.2523193359375,-0.8581831970214844,0.44416289062500003,0.0
,4712,,,,,-68.1060791015625,20.5078125,-0.9061420166015626,0.3962040710449219,0.0
,4713,,,,,-68.902587890625,14.9322509765625,-0.9311054626464844,0.35155989990234376,0.0
,4714,,,,,-69.854736328125,8.5052490234375,-0.9415673217773438,0.31323427734375003,0.0
,4715,,,,,-73.626708984375,-2.7008056640625,-0.9547223327636719,0.29003173828125,0.0
,4716,,,,,-70.916748046875,-3.094482421875,-0.9483002014160157,0.24600906372070314,0.0
,4717,,,,,-71.5301513671875,-8.4320068359375,-0.9538936706542969,0.19224960937500002,0.0
,4718,,,,,-71.6033935546875,-14.337158203125,-0.9700525817871094,0.10845115356445313,0.0
,4719,,,,,-71.246337890625,-19.6746826171875,-0.98279326171875,0.08224471435546875,0.0
,4720,,,,,-70.34912109375,-23.8494873046875,-0.98279326171875,-0.0004143310546875,0.0
,4721,,,,,-68.994140625,-27.9693603515625,-0.9765782958984375,-0.030556915283203125,0.0
,4722,,,,,-66.8426513671875,-32.904052734375,-0.9672558471679688,-0.11445895385742187,0.0
,4723,,,,,-64.581298828125,-37.371826171875,-0.955550994873047,-0.1528881591796875,0.0
,4724,,,,,-62.5946044921875,-40.924072265625,-0.9590728088378907,-0.23596153564453126,0.0
,4725,,,,,-60.1043701171875,-43.9178466796875,-0.9172253723144531,-0.277601806640625,0.0
,4726,,,,,-58.7860107421875,-44.82421875,-0.9038631958007812,-0.37890574951171874,0.0
,4727,,,,,-55.5633544921875,-47.7630615234375,-0.8674020629882813,-0.41640270996093753,0.0
,4728,,,,,-51.837158203125,-50.6927490234375,-0.8598405212402344,-0.48052044067382815,0.0
,4729,,,,,-48.6236572265625,-51.89208984375,-0.8434744445800781,-0.49802592773437504,0.0
,4730,,,,,-43.9544677734375,-54.949951171875,-0.844406689453125,-0.5783025695800782,0.0
,4731,,,,,-38.250732421875,-58.7677001953125,-0.8005911804199219,-0.5734341796875,0.0
,4732,,,,,-32.647705078125,-62.65869140625,-0.7702414306640625,-0.6122777160644531,0.0
,4733,,,,,-28.179931640625,-65.7073974609375,-0.7297405700683594,-0.6286437927246094,0.0
,4734,,,,,-22.7325439453125,-69.158935546875,-0.701876806640625,-0.6826104125976563,0.0
,4735,,,,,-18.017578125,-72.03369140625,-0.62149658203125,-0.6902755371093751,0.0
,4736,,,,,-14.39208984375,-74.01123046875,-0.5710517761230469,-0.728393994140625,0.0
,4737,,,,,-10.4644775390625,-75.860595703125,-0.4686084228515625,-0.7403060119628907,0.0
,4738,,,,,-6.04248046875,-76.7303466796875,-0.4119486511230469,-0.7861931762695312,0.0
,4739,,,,,-1.6021728515625,-77.215576171875,-0.3272179504394531,-0.79717294921875,0.0
,4740,,,,,1.5289306640625,-77.0233154296875,-0.2932428039550781,-0.8363272338867188,0.0
,4741,,,,,2.581787109375,-76.42822265625,-0.21679872436523437,-0.8480320861816406,0.0
,4742,,,,,5.4290771484375,-75.494384765625,-0.12937487182617188,-0.8730991149902344,0.0
,4743,,,,,9.6588134765625,-74.30419921875,-0.04371192626953125,-0.88003916015625,0.0
,4744,,,,,12.2589111328125,-72.8118896484375,-0.012119183349609375,-0.8889472778320313,0.0
,4745,,,,,16.69921875,-71.1181640625,0.06722521362304688,-0.867609228515625,0.0
,4746,,,,,21.8353271484375,-69.140625,0.07302584838867188,-0.8953694091796875,0.0
,4747,,,,,28.2073974609375,-66.7327880859375,0.1189130126953125,-0.9042775268554688,0.0
,4748,,,,,34.3780517578125,-64.251708984375,0.1437728759765625,-0.9171217895507813,0.0
,4749,,,,,39.202880859375,-62.3016357421875,0.19452843017578125,-0.8917440124511719,0.0
,4750,,,,,44.036865234375,-59.783935546875,0.2108945068359375,-0.8675056457519531,0.0
,4751,,,,,48.8067626953125,-56.7901611328125,0.2806057067871094,-0.8345663269042969,0.0
,4752,,,,,52.825927734375,-53.9886474609375,0.34006221313476565,-0.8028700012207032,0.0
,4753,,,,,55.517578125,-51.470947265625,0.4015903747558594,-0.769827099609375,0.0
,4754,,,,,58.154296875,-48.7060546875,0.4633257019042969,-0.7312943115234375,0.0
,4755,,,,,60.552978515625,-45.8953857421875,0.5366622985839844,-0.7014624755859376,0.0
,4756,,,,,63.665771484375,-41.4093017578125,0.6026445190429688,-0.6667622497558594,0.0
,4757,,,,,65.5975341796875,-37.6190185546875,0.6581648803710938,-0.6338229309082032,0.0
,4758,,,,,65.863037109375,-36.456298828125,0.7012553100585938,-0.6052340881347656,0.0
,4759,,,,,67.0257568359375,-32.8857421875,0.7649587097167969,-0.5537534545898438,0.0
,4760,,,,,68.243408203125,-28.8665771484375,0.8003840148925782,-0.5305509155273438,0.0
,4761,,,,,68.15185546875,-25.909423828125,0.8598405212402344,-0.47513413696289064,0.0
,4762,,,,,69.049072265625,-20.5169677734375,0.8953694091796875,-0.42945413818359374,0.0
,4763,,,,,69.7998046875,-14.5477294921875,0.8972338989257813,-0.40811608886718753,0.0
,4764,,,,,70.5322265625,-8.935546875,0.9274800659179688,-0.3799415771484375,0.0
,4765,,,,,74.3133544921875,3.570556640625,0.9094566650390625,-0.34296253051757813,0.0
,4766,,,,,71.5301513671875,4.632568359375,0.9246833312988282,-0.29552162475585936,0.0
,4767,,,,,71.5667724609375,10.1348876953125,0.9300696350097657,-0.2358579528808594,0.0
,4768,,,,,71.2371826171875,15.2801513671875,0.9457106323242188,-0.18137341918945313,0.0
,4769,,,,,70.5780029296875,21.3409423828125,0.9268585693359376,-0.12398856811523438,0.0
,4770,,,,,69.6441650390625,26.1749267578125,0.9539972534179688,-0.05976725463867188,0.0
,4771,,,,,68.609619140625,30.3314208984375,0.9233367553710938,0.00062149658203125,0.0
,4772,,,,,67.0806884765625,34.295654296875,0.9369060974121094,0.07395809326171875,0.0
,4773,,,,,65.0390625,39.0106201171875,0.9217830139160157,0.17401904296875,0.0
,4774,,,,,62.933349609375,42.8192138671875,0.9121498168945312,0.2390690185546875,0.0
,4775,,,,,61.8438720703125,43.634033203125,0.89992705078125,0.30991962890625,0.0
,4776,,,,,59.2987060546875,46.17919921875,0.8850111328125,0.3630575866699219,0.0
,4777,,,,,56.085205078125,49.1455078125,0.8812821533203126,0.4413661560058594,0.0
,4778,,,,,53.302001953125,50.28076171875,0.8614978454589844,0.47409830932617186,0.0
,4779,,,,,49.5574951171875,53.0731201171875,0.8325982543945313,0.5271326843261719,0.0
,4780,,,,,45.062255859375,56.414794921875,0.8161285949707031,0.5395626159667969,0.0
,4781,,,,,29.6630859375,60.4339599609375,0.7826713623046875,0.5830673767089843,0.0
,4782,,,,,33.837890625,64.19677734375,0.7506642883300781,0.6054412536621094,0.0
,4783,,,,,29.4708251953125,67.2271728515625,0.7064344482421875,0.6428346313476563,0.0
,4784,,,,,25.030517578125,69.6807861328125,0.6287473754882813,0.6541251525878906,0.0
,4785,,,,,20.086669921875,72.418212890625,0.5993298706054687,0.6818853332519531,0.0
,4786,,,,,15.6097412109375,74.945068359375,0.5382160400390625,0.6867537231445313,0.0
,4787,,,,,12.139892578125,76.1077880859375,0.47503055419921875,0.7426884155273438,0.0
,4788,,,,,8.1939697265625,77.1881103515625,0.4003473815917969,0.7891970764160157,0.0
,4789,,,,,3.717041015625,77.947998046875,0.35943218994140624,0.8366379821777344,0.0
,4790,,,,,0.6317138671875,77.911376953125,0.27397640991210936,0.86015126953125,0.0
,4791,,,,,-2.2430419921875,77.3529052734375,0.2213563659667969,0.8967159851074219,0.0
,4792,,,,,-4.119873046875,76.4923095703125,0.1487448486328125,0.9188826965332032,0.0
,4793,,,,,-7.9376220703125,74.74365234375,0.11207655029296876,0.9457106323242188,0.0
,4794,,,,,-12.4237060546875,73.1689453125,0.046405078125,0.9661164367675782,0.0
,4795,,,,,-15.380859375,70.7794189453125,-0.00642213134765625,0.9644591125488281,0.0
,4796,,,,,-20.782470703125,68.902587890625,-0.07395809326171875,0.9423959838867187,0.0
,4797,,,,,-27.0172119140625,66.4306640625,-0.11238729858398439,0.9180540344238282,0.0
,4798,,,,,-32.77587890625,64.141845703125,-0.1744333740234375,0.8987876403808595,0.0
,4799,,,,,-37.9119873046875,62.127685546875,-0.2006398132324219,0.8751707702636718,0.0
,4800,,,,,-42.9656982421875,59.4085693359375,-0.2681757751464844,0.8396418823242188,0.0
,4801,,,,,-47.8271484375,56.6802978515625,-0.3311540954589844,0.7928224731445312,0.0
,4802,,,,,-51.8463134765625,54.144287109375,-0.38729595336914063,0.7728309997558594,0.0
,4803,,,,,-55.1239013671875,51.4068603515625,-0.43504760742187504,0.738337939453125,0.0
,4804,,,,,-58.0078125,48.6053466796875,-0.5171887390136719,0.6866501403808594,0.0
,4805,,,,,-61.376953125,44.7418212890625,-0.5592433410644532,0.6578541320800781,0.0
,4806,,,,,-64.0869140625,41.05224609375,-0.6161102783203125,0.6293688720703126,0.0
,4807,,,,,-65.8538818359375,37.60986328125,-0.66458701171875,0.6004692810058594,0.0
,4808,,,,,-67.3370361328125,33.7646484375,-0.700219482421875,0.577577490234375,0.0
,4809,,,,,-67.4560546875,32.4462890625,-0.7428955810546876,0.5298258361816407,0.0
,4810,,,,,-68.536376953125,27.978515625,-0.7997625183105469,0.4809347717285156,0.0
,4811,,,,,-69.6075439453125,22.9705810546875,-0.8313552612304688,0.4531745910644531,0.0
,4812,,,,,-69.140625,20.0958251953125,-0.8635695007324219,0.41743853759765626,0.0
,4813,,,,,-69.8822021484375,14.483642578125,-0.895783740234375,0.3742445251464844,0.0
,4814,,,,,-70.8526611328125,7.50732421875,-0.9112175720214845,0.3311540954589844,0.0
,4815,,,,,-73.956298828125,-2.9937744140625,-0.9119426513671876,0.31717042236328125,0.0
,4816,,,,,-71.81396484375,-4.8614501953125,-0.9094566650390625,0.2669327819824219,0.0
,4817,,,,,-71.8414306640625,-10.528564453125,-0.9261334899902344,0.22508534545898437,0.0
,4818,,,,,-71.4019775390625,-16.7633056640625,-0.9381490905761719,0.14304779663085937,0.0
,4819,,,,,-70.9716796875,-22.1832275390625,-0.9336950317382813,0.10865831909179688,0.0
,4820,,,,,-70.3125,-26.513671875,-0.9235439208984375,0.04371192626953125,0.0
,4821,,,,,-69.2047119140625,-30.76171875,-0.9023094543457032,0.004454058837890625,0.0
,4822,,,,,-67.584228515625,-36.126708984375,-0.9269621520996094,-0.10793323974609376,0.0
,4823,,,,,-65.88134765625,-40.283203125,-0.9091459167480469,-0.13900806884765626,0.0
,4824,,,,,-64.8101806640625,-41.85791015625,-0.9032416992187501,-0.23067881469726564,0.0
,4825,,,,,-62.4847412109375,-44.3389892578125,-0.8788997497558594,-0.3004935974121094,0.0
,4826,,,,,-60.1226806640625,-46.5545654296875,-0.842024285888672,-0.3745552734375,0.0
,4827,,,,,-57.6324462890625,-48.4405517578125,-0.8198575744628906,-0.3951682434082031,0.0
,4828,,,,,-54.4281005859375,-50.921630859375,-0.8182002502441407,-0.47513413696289064,0.0
,4829,,,,,-50.4547119140625,-52.77099609375,-0.7861931762695312,-0.4765842956542969,0.0
,4830,,,,,-44.970703125,-56.5155029296875,-0.7903364868164062,-0.5570681030273438,0.0
,4831,,,,,-39.5416259765625,-60.406494140625,-0.7686876892089844,-0.5741592590332032,0.0
,4832,,,,,-32.904052734375,-63.6016845703125,-0.759883154296875,-0.6224288269042969,0.0
,4833,,,,,-30.72509765625,-66.961669921875,-0.6747381225585938,-0.6126920471191406,0.0
,4834,,,,,-25.689697265625,-70.0927734375,-0.6503961730957032,-0.6666586669921876,0.0
,4835,,,,,-20.6634521484375,-72.36328125,-0.5902145874023438,-0.6871680541992188,0.0
,4836,,,,,-17.1661376953125,-73.64501953125,-0.5322082397460938,-0.736784197998047,0.0
,4837,,,,,-13.1011962890625,-74.81689453125,-0.4468560424804688,-0.7520108642578125,0.0
,4838,,,,,-8.31298828125,-75.76904296875,-0.4128808959960938,-0.8143676879882813,0.0
,4839,,,,,-3.753662109375,-76.2542724609375,-0.3082623046875,-0.8346699096679687,0.0
,4840,,,,,-0.4302978515625,-75.87890625,-0.2509810363769531,-0.8656411560058594,0.0
,4841,,,,,0.7049560546875,-75.18310546875,-0.1790945983886719,-0.8914332641601562,0.0
,4842,,,,,4.595947265625,-74.1943359375,-0.1230563232421875,-0.9173289550781251,0.0
,4843,,,,,8.4503173828125,-72.894287109375,-0.01885206298828125,-0.9090423339843751,0.0
,4844,,,,,10.2630615234375,-70.78857421875,0.006007800292968751,-0.9170182067871094,0.0
,4845,,,,,14.8773193359375,-68.4814453125,0.053137957763671875,-0.9216794311523437,0.0
,4846,,,,,20.6817626953125,-66.1102294921875,0.05158421630859375,-0.9477822875976563,0.0
,4847,,,,,26.7059326171875,-63.995361328125,0.1023397705078125,-0.9436389770507813,0.0
,4848,,,,,32.1990966796875,-61.9354248046875,0.09477822875976563,-0.9315197937011719,0.0
,4849,,,,,37.6373291015625,-59.820556640625,0.15485623168945312,-0.9004449645996094,0.0
,4850,,,,,43.304443359375,-57.1014404296875,0.20923718261718752,-0.8666769836425782,0.0
,4851,,,,,48.2940673828125,-54.730224609375,0.26869368896484375,-0.8365343994140625,0.0
,4852,,,,,52.1942138671875,-52.3406982421875,0.30525840454101566,-0.8246223815917969,0.0
,4853,,,,,55.5633544921875,-49.51171875,0.36274683837890626,-0.79385830078125,0.0
,4854,,,,,59.28955078125,-45.8404541015625,0.40376561279296874,-0.7468317260742188,0.0
,4855,,,,,62.017822265625,-42.608642578125,0.48466375122070315,-0.6979406616210938,0.0
,4856,,,,,64.3524169921875,-39.276123046875,0.5595540893554688,-0.6661407531738281,0.0
,4857,,,,,66.39404296875,-35.540771484375,0.61486728515625,-0.6346515930175781,0.0
,4858,,,,,66.9891357421875,-32.958984375,0.657129052734375,-0.5922862426757812,0.0
,4859,,,,,67.9229736328125,-29.00390625,0.7222826110839844,-0.5454668334960938,0.0
,4860,,,,,68.3074951171875,-26.165771484375,0.7814283691406251,-0.483938671875,0.0
,4861,,,,,67.7398681640625,-23.8311767578125,0.8219292297363282,-0.44840978393554687,0.0
,4862,,,,,68.26171875,-18.6492919921875,0.8655375732421875,-0.42665740356445314,0.0
,4863,,,,,68.9483642578125,-12.103271484375,0.8711310424804688,-0.4090483337402344,0.0
,4864,,,,,69.7357177734375,-5.987548828125,0.8895687744140626,-0.3767305114746094,0.0
,4865,,,,,72.2991943359375,2.8472900390625,0.8681271423339844,-0.34296253051757813,0.0
,4866,,,,,71.246337890625,5.4290771484375,0.8764137634277344,-0.29676461791992187,0.0
,4867,,,,,71.429443359375,12.0391845703125,0.8719597045898437,-0.2362722839355469,0.0
,4868,,,,,71.759033203125,17.9443359375,0.8867720397949219,-0.17764443969726562,0.0
,4869,,,,,71.77734375,22.44873046875,0.8795212463378906,-0.1073117431640625,0.0
,4870,,,,,71.0723876953125,26.4312744140625,0.8802463256835937,-0.04547283325195313,0.0
,4871,,,,,69.7540283203125,31.072998046875,0.859322607421875,0.038843536376953126,0.0
,4872,,,,,68.1427001953125,35.2203369140625,0.9000306335449219,0.11860226440429687,0.0
,4873,,,,,66.2567138671875,38.5894775390625,0.8770352600097656,0.18603464355468752,0.0
,4874,,,,,64.068603515625,40.9332275390625,0.8810749877929688,0.24725205688476562,0.0
,4875,,,,,62.87841796875,41.949462890625,0.8754815185546875,0.34296253051757813,0.0
,4876,,,,,60.4888916015625,44.7052001953125,0.8730991149902344,0.42075318603515627,0.0
,4877,,,,,57.82470703125,47.20458984375,0.8549721313476563,0.47503055419921875,0.0
,4878,,,,,55.11474609375,48.468017578125,0.8487571655273438,0.5081770385742188,0.0
,4879,,,,,50.13427734375,52.4139404296875,0.817889501953125,0.5486778991699219,0.0
,4880,,,,,45.025634765625,56.0394287109375,0.8048380737304688,0.5528212097167969,0.0
,4881,,,,,40.576171875,59.2071533203125,0.7951012939453125,0.612381298828125,0.0
,4882,,,,,33.9019775390625,62.9974365234375,0.7268402526855469,0.6120705505371093,0.0
,4883,,,,,31.2286376953125,66.5313720703125,0.6655192565917969,0.6305082824707031,0.0
,4884,,,,,26.165771484375,69.0582275390625,0.6154887817382813,0.6444919555664063,0.0
,4885,,,,,22.1923828125,70.7794189453125,0.5731234313964844,0.6701804809570313,0.0
,4886,,,,,18.05419921875,72.39990234375,0.5057946350097656,0.7065380310058594,0.0
,4887,,,,,13.1103515625,73.773193359375,0.48880706176757815,0.7916830627441407,0.0
,4888,,,,,8.3221435546875,74.4598388671875,0.41267373046875,0.8059774841308593,0.0
,4889,,,,,4.669189453125,74.2584228515625,0.3561175415039063,0.8490679138183594,0.0
,4890,,,,,0.54931640625,74.2584228515625,0.26890085449218754,0.8588046936035156,0.0
,4891,,,,,-3.8177490234375,73.8372802734375,0.23306121826171874,0.9087315856933594,0.0
,4892,,,,,-5.2001953125,73.3062744140625,0.17174022216796875,0.9349380249023438,0.0
,4893,,,,,-8.3038330078125,72.2991943359375,0.10772607421875001,0.9385634216308594,0.0
,4894,,,,,-12.3870849609375,70.7794189453125,0.039465032958984375,0.9370096801757812,0.0
,4895,,,,,-15.966796875,68.8385009765625,0.006732879638671876,0.9379419250488281,0.0
,4896,,,,,-21.6705322265625,66.8792724609375,-0.056556188964843754,0.9275836486816407,0.0
,4897,,,,,-27.0172119140625,64.5538330078125,-0.09394956665039063,0.9273764831542969,0.0
,4898,,,,,-32.6019287109375,62.3565673828125,-0.15589205932617187,0.8959909057617188,0.0
,4899,,,,,-38.96484375,59.72900390625,-0.1815805847167969,0.8722704528808594,0.0
,4900,,,,,-44.82421875,57.2662353515625,-0.20095056152343752,0.8753779357910156,0.0
,4901,,,,,-49.3194580078125,54.6661376953125,-0.2518096984863281,0.8398490478515626,0.0
,4902,,,,,-53.2745361328125,52.2216796875,-0.3202779052734375,0.8081527221679687,0.0
,4903,,,,,-56.87255859375,49.3194580078125,-0.3757982666015625,0.7785280517578125,0.0
,4904,,,,,-60.406494140625,45.281982421875,-0.45244951171875003,0.728393994140625,0.0
,4905,,,,,-63.4368896484375,41.729736328125,-0.5244395324707032,0.6949367614746094,0.0
,4906,,,,,-65.386962890625,38.763427734375,-0.5850354492187501,0.6611687805175781,0.0
,4907,,,,,-67.529296875,34.8358154296875,-0.6181819335937501,0.6308190307617187,0.0
,4908,,,,,-69.4793701171875,30.0750732421875,-0.6838534057617188,0.5800634765625,0.0
,4909,,,,,-69.6807861328125,28.619384765625,-0.7496284606933594,0.5170851562500001,0.0
,4910,,,,,-69.90966796875,26.2481689453125,-0.7956192077636719,0.4670546813964844,0.0
,4911,,,,,-70.6329345703125,22.4029541015625,-0.81706083984375,0.42976488647460936,0.0
,4912,,,,,-70.5780029296875,18.1732177734375,-0.8507252380371094,0.3859493774414063,0.0
,4913,,,,,-71.1822509765625,12.158203125,-0.8993055541992188,0.3354009887695313,0.0
,4914,,,,,-71.6766357421875,6.73828125,-0.9161895446777344,0.302461669921875,0.0
,4915,,,,,-74.615478515625,-3.204345703125,-0.9183647827148438,0.2959359558105469,0.0
,4916,,,,,-72.8851318359375,-5.2642822265625,-0.9161895446777344,0.24507681884765625,0.0
,4917,,,,,-72.98583984375,-11.53564453125,-0.9103889099121094,0.2287107421875,0.0
,4918,,,,,-72.69287109375,-17.0196533203125,-0.9205400207519532,0.15661713867187502,0.0
,4919,,,,,-72.6470947265625,-21.331787109375,-0.9277908142089843,0.11290521240234376,0.0
,4920,,,,,-72.216796875,-25.927734375,-0.9377347595214844,-0.0009322448730468751,0.0
,4921,,,,,-71.1181640625,-30.706787109375,-0.9221973449707032,-0.05873142700195313,0.0
,4922,,,,,-69.6807861328125,-34.9456787109375,-0.9268585693359376,-0.1437728759765625,0.0
,4923,,,,,-68.0145263671875,-37.664794921875,-0.9025166198730469,-0.16604317016601564,0.0
,4924,,,,,-67.1173095703125,-38.983154296875,-0.9105960754394532,-0.290860400390625,0.0
,4925,,,,,-64.398193359375,-42.205810546875,-0.8942299987792969,-0.3347794921875,0.0
,4926,,,,,-61.669921875,-44.6319580078125,-0.8843896362304687,-0.4075981750488281,0.0
,4927,,,,,-59.21630859375,-45.6390380859375,-0.8509324035644531,-0.4321472900390625,0.0
,4928,,,,,-55.5908203125,-48.577880859375,-0.8616014282226563,-0.5260968566894532,0.0
,4929,,,,,-51.470947265625,-51.3519287109375,-0.8448210205078125,-0.5407020263671876,0.0
,4930,,,,,-45.7305908203125,-55.8197021484375,-0.8256582092285156,-0.5947722290039062,0.0
,4931,,,,,-40.0360107421875,-59.527587890625,-0.8055631530761719,-0.6131063781738282,0.0
,4932,,,,,-32.318115234375,-62.43896484375,-0.7866075073242188,-0.6657264221191407,0.0
,4933,,,,,-30.9906005859375,-65.66162109375,-0.7066416137695313,-0.6495675109863281,0.0
,4934,,,,,-26.0009765625,-68.6187744140625,-0.6771205261230469,-0.7146174865722656,0.0
,4935,,,,,-21.1212158203125,-70.806884765625,-0.6031624328613281,-0.7263223388671876,0.0
,4936,,,,,-17.230224609375,-72.1710205078125,-0.5617293273925782,-0.7753169860839844,0.0
,4937,,,,,-12.9730224609375,-73.4527587890625,-0.4737875610351563,-0.7923045593261719,0.0
,4938,,,,,-7.9833984375,-74.652099609375,-0.43504760742187504,-0.8367415649414063,0.0
,4939,,,,,-3.204345703125,-75.7598876953125,-0.3609859313964844,-0.8277298645019532,0.0
,4940,,,,,0.6317138671875,-75.897216796875,-0.3334329162597656,-0.8838717224121094,0.0
,4941,,,,,3.6895751953125,-75.1190185546875,-0.24217650146484376,-0.9000306335449219,0.0
,4942,,,,,7.2784423828125,-74.1943359375,-0.17785160522460938,-0.9245797485351562,0.0
,4943,,,,,10.7208251953125,-73.4710693359375,-0.09923228759765625,-0.9406350769042969,0.0
,4944,,,,,13.6688232421875,-71.8231201171875,-0.037807708740234376,-0.9377347595214844,0.0
,4945,,,,,18.072509765625,-69.76318359375,0.01843773193359375,-0.9301732177734375,0.0
,4946,,,,,22.4761962890625,-67.547607421875,0.0410187744140625,-0.9449855529785156,0.0
,4947,,,,,28.74755859375,-64.8651123046875,0.09208507690429688,-0.9485073669433594,0.0
,4948,,,,,34.86328125,-62.2283935546875,0.09767854614257813,-0.9484037841796875,0.0
,4949,,,,,40.13671875,-59.7564697265625,0.16148552856445314,-0.9297588867187501,0.0
,4950,,,,,45.5291748046875,-56.8634033203125,0.19411409912109376,-0.9054169372558594,0.0
,4951,,,,,50.592041015625,-53.8970947265625,0.2528455261230469,-0.8820072326660157,0.0
,4952,,,,,55.2520751953125,-51.0589599609375,0.30733005981445316,-0.8240008850097656,0.0
,4953,,,,,58.795166015625,-48.870849609375,0.3633683349609375,-0.7896114074707031,0.0
,4954,,,,,62.1734619140625,-45.8221435546875,0.413502392578125,-0.7595724060058594,0.0
,4955,,,,,65.0848388671875,-42.0684814453125,0.49181096191406254,-0.725079345703125,0.0
,4956,,,,,67.7581787109375,-38.1683349609375,0.5655618896484376,-0.6759811157226563,0.0
,4957,,,,,69.3878173828125,-35.137939453125,0.610723974609375,-0.6400378967285156,0.0
,4958,,,,,69.8638916015625,-33.7554931640625,0.6793993469238282,-0.5909396667480469,0.0
,4959,,,,,70.6146240234375,-30.4779052734375,0.7448636535644532,-0.5387339538574218,0.0
,4960,,,,,71.4935302734375,-26.6693115234375,0.7915794799804687,-0.4923288757324219,0.0
,4961,,,,,71.2554931640625,-23.7579345703125,0.8169572570800782,-0.4645686950683594,0.0
,4962,,,,,71.6949462890625,-19.07958984375,0.8617050109863281,-0.42158184814453126,0.0
,4963,,,,,72.0428466796875,-13.458251953125,0.8893616088867188,-0.39475391235351565,0.0
,4964,,,,,72.8302001953125,-6.390380859375,0.9084208374023438,-0.35124915161132814,0.0
,4965,,,,,74.6978759765625,2.1514892578125,0.8998234680175782,-0.33384724731445314,0.0
,4966,,,,,74.0936279296875,5.3741455078125,0.937216845703125,-0.2766695617675781,0.0
,4967,,,,,74.395751953125,10.601806640625,0.9210579345703125,-0.21690230712890626,0.0
,4968,,,,,74.3682861328125,15.1611328125,0.9484037841796875,-0.1396295654296875,0.0
,4969,,,,,73.7823486328125,20.7733154296875,0.9342129455566407,-0.05935292358398438,0.0
,4970,,,,,73.3245849609375,25.5889892578125,0.9314162109375,-0.005075555419921875,0.0
,4971,,,,,72.39990234375,29.3426513671875,0.9173289550781251,0.06857178955078125,0.0
,4972,,,,,70.5322265625,33.013916015625,0.9508897705078125,0.15713505249023438,0.0
,4973,,,,,68.096923828125,37.3809814453125,0.9378383422851563,0.2374116943359375,0.0
,4974,,,,,65.8905029296875,40.68603515625,0.9452963012695312,0.29355355224609375,0.0
,4975,,,,,64.9200439453125,41.1529541015625,0.9168110412597656,0.35798203125,0.0
,4976,,,,,62.164306640625,43.4234619140625,0.9196077758789063,0.4346332763671875,0.0
,4977,,,,,58.41064453125,46.47216796875,0.9245797485351562,0.509627197265625,0.0
,4978,,,,,54.949951171875,48.0377197265625,0.9134963928222657,0.5397697814941407,0.0
,4979,,,,,50.5645751953125,51.0772705078125,0.885839794921875,0.5845175354003906,0.0
,4980,,,,,45.59326171875,54.4281005859375,0.8643981628417969,0.6137278747558594,0.0
,4981,,,,,39.84375,58.8409423828125,0.8321839233398438,0.6409701416015625,0.0
,4982,,,,,34.0667724609375,62.823486328125,0.7929260559082032,0.6464600280761719,0.0
,4983,,,,,30.084228515625,65.9454345703125,0.7296369873046875,0.6534000732421875,0.0
,4984,,,,,25.3326416015625,69.1131591796875,0.6863393920898437,0.6783635192871094,0.0
,4985,,,,,20.2239990234375,71.759033203125,0.6448027038574219,0.7088168518066407,0.0
,4986,,,,,15.399169921875,73.7548828125,0.5677371276855468,0.7117171691894532,0.0
,4987,,,,,11.5631103515625,74.8809814453125,0.5221607116699218,0.763197802734375,0.0
,4988,,,,,7.06787109375,75.5401611328125,0.43535835571289067,0.79385830078125,0.0
,4989,,,,,1.922607421875,75.9521484375,0.41101640625,0.8563187072753906,0.0
,4990,,,,,-2.8564453125,76.0894775390625,0.34493060302734374,0.8901902709960938,0.0
,4991,,,,,-6.2347412109375,75.29296875,0.2829881103515625,0.9161895446777344,0.0
,4992,,,,,-7.6446533203125,74.2767333984375,0.19660008544921875,0.9478858703613282,0.0
,4993,,,,,-11.68212890625,72.9949951171875,0.15340607299804687,0.9624910400390625,0.0
,4994,,,,,-15.802001953125,71.3287353515625,0.08131246948242188,0.9673594299316407,0.0
,4995,,,,,-18.017578125,69.0582275390625,0.0393614501953125,0.9616623779296876,0.0
,4996,,,,,-23.0255126953125,66.9342041015625,-0.039154284667968754,0.9319341247558593,0.0
,4997,,,,,-29.205322265625,64.2608642578125,-0.0633926513671875,0.9495431945800782,0.0
,4998,,,,,-35.19287109375,61.541748046875,-0.110212060546875,0.9358702697753907,0.0
,4999,,,,,-40.521240234375,58.8958740234375,-0.15962103881835937,0.8916404296875,0.0
,5000,,,,,-44.879150390625,56.2957763671875,-0.20903001708984376,0.8912260986328125,0.0
,5001,,,,,-49.2645263671875,53.485107421875,-0.2713868408203125,0.8602548522949219,0.0
,5002,,,,,-53.1280517578125,50.8209228515625,-0.34109804077148437,0.8374666442871094,0.0
,5003,,,,,-56.6070556640625,47.9095458984375,-0.38750311889648437,0.8043201599121094,0.0
,5004,,,,,-60.1409912109375,44.4488525390625,-0.44809903564453124,0.7610225646972657,0.0
,5005,,,,,-63.079833984375,40.9515380859375,-0.5157385803222656,0.6972155822753906,0.0
,5006,,,,,-64.9017333984375,37.628173828125,-0.5920790771484375,0.6462528625488282,0.0
,5007,,,,,-67.1630859375,33.9202880859375,-0.6554717285156251,0.6056484191894531,0.0
,5008,,,,,-69.0216064453125,29.901123046875,-0.6978370788574219,0.5681514587402344,0.0
,5009,,,,,-68.756103515625,28.6651611328125,-0.7611261474609375,0.5006154968261719,0.0
,5010,,,,,-68.4356689453125,26.348876953125,-0.8057703186035157,0.46674393310546874,0.0
,5011,,,,,-68.9849853515625,22.210693359375,-0.8232758056640626,0.4392945007324219,0.0
,5012,,,,,-69.085693359375,17.633056640625,-0.8621193420410157,0.3965148193359375,0.0
,5013,,,,,-70.1019287109375,11.8194580078125,-0.8971303161621094,0.36202175903320316,0.0
,5014,,,,,-71.044921875,6.6192626953125,-0.8937120849609376,0.3259749572753906,0.0
,5015,,,,,-74.1119384765625,-3.3416748046875,-0.9090423339843751,0.29893985595703126,0.0
,5016,,,,,-75.9613037109375,-6.5460205078125,-0.9084208374023438,0.23896543579101565,0.0
,5017,,,,,-72.4639892578125,-11.9842529296875,-0.9256155761718751,0.20115772705078125,0.0
,5018,,,,,-72.235107421875,-16.3970947265625,-0.9293445556640625,0.12067391967773437,0.0
,5019,,,,,-71.9879150390625,-20.745849609375,-0.94301748046875,0.060595916748046874,0.0
,5020,,,,,-71.502685546875,-24.8382568359375,-0.9381490905761719,-0.020095056152343752,0.0
,5021,,,,,-70.3399658203125,-30.06591796875,-0.9326592041015626,-0.07033269653320312,0.0
,5022,,,,,-68.975830078125,-34.515380859375,-0.9274800659179688,-0.13424326171875,0.0
,5023,,,,,-67.49267578125,-37.46337890625,-0.9110104064941407,-0.15299174194335938,0.0
,5024,,,,,-66.522216796875,-38.690185546875,-0.9026202026367188,-0.25740316772460936,0.0
,5025,,,,,-63.61083984375,-41.656494140625,-0.8949550781250001,-0.31851699829101565,0.0
,5026,,,,,-61.0198974609375,-43.9544677734375,-0.8802463256835937,-0.39993305053710937,0.0
,5027,,,,,-58.721923828125,-45.2728271484375,-0.8556972106933594,-0.4302828002929688,0.0
,5028,,,,,-54.8492431640625,-48.541259765625,-0.8655375732421875,-0.5052767211914063,0.0
,5029,,,,,-50.6927490234375,-51.0406494140625,-0.8451317687988281,-0.532829736328125,0.0
,5030,,,,,-45.1995849609375,-55.11474609375,-0.8363272338867188,-0.6006764465332032,0.0
,5031,,,,,-39.8712158203125,-58.831787109375,-0.7887827453613282,-0.6036803466796875,0.0
,5032,,,,,-31.6680908203125,-61.6241455078125,-0.78059970703125,-0.6610651977539063,0.0
,5033,,,,,-30.4046630859375,-64.6728515625,-0.7229041076660156,-0.6722521362304688,0.0
,5034,,,,,-25.3326416015625,-67.840576171875,-0.6976299133300782,-0.7319158081054687,0.0
,5035,,,,,-20.4254150390625,-70.2484130859375,-0.62812587890625,-0.7511822021484376,0.0
,5036,,,,,-16.9464111328125,-72.1160888671875,-0.565976220703125,-0.7833964416503907,0.0
,5037,,,,,-12.945556640625,-73.53515625,-0.46922991943359377,-0.7768707275390625,0.0
,5038,,,,,-8.2305908203125,-74.1485595703125,-0.43328670043945317,-0.8247259643554687,0.0
,5039,,,,,-3.4332275390625,-74.560546875,-0.3500061584472656,-0.8302158508300782,0.0
,5040,,,,,0.3936767578125,-74.23095703125,-0.31644534301757815,-0.8754815185546875,0.0
,5041,,,,,3.1768798828125,-73.992919921875,-0.23368271484375,-0.8830430603027344,0.0
,5042,,,,,7.763671875,-73.040771484375,-0.184791650390625,-0.9124605651855469,0.0
,5043,,,,,10.80322265625,-71.8597412109375,-0.08980625610351563,-0.8998234680175782,0.0
,5044,,,,,13.0645751953125,-70.5413818359375,-0.03987936401367188,-0.9139107238769532,0.0
,5045,,,,,17.6605224609375,-69.17724609375,0.016158911132812502,-0.9168110412597656,0.0
,5046,,,,,22.7783203125,-66.925048828125,0.044644171142578126,-0.9291373901367188,0.0
,5047,,,,,28.7017822265625,-64.4805908203125,0.09954303588867187,-0.9268585693359376,0.0
,5048,,,,,34.0484619140625,-62.2283935546875,0.09912870483398438,-0.9379419250488281,0.0
,5049,,,,,39.642333984375,-59.3902587890625,0.1727760498046875,-0.9126677307128906,0.0
,5050,,,,,45.703125,-56.0302734375,0.2108945068359375,-0.8759994323730469,0.0
,5051,,,,,50.6744384765625,-53.3111572265625,0.24787355346679688,-0.8716489562988281,0.0
,5052,,,,,54.5745849609375,-50.848388671875,0.29262130737304687,-0.8495858276367187,0.0
,5053,,,,,57.989501953125,-47.991943359375,0.35456380004882815,-0.8301122680664063,0.0
,5054,,,,,61.1572265625,-45.135498046875,0.421789013671875,-0.7782173034667969,0.0
,5055,,,,,64.5538330078125,-41.56494140625,0.49491844482421876,-0.7321229736328125,0.0
,5056,,,,,67.41943359375,-37.8936767578125,0.5426700988769532,-0.6841641540527343,0.0
,5057,,,,,68.9117431640625,-35.2294921875,0.6176640197753906,-0.6203571716308593,0.0
,5058,,,,,69.2962646484375,-34.0484619140625,0.6711127258300782,-0.5748843383789063,0.0
,5059,,,,,70.27587890625,-30.029296875,0.7268402526855469,-0.5354193054199219,0.0
,5060,,,,,70.880126953125,-26.1474609375,0.8031807495117188,-0.48052044067382815,0.0
,5061,,,,,70.2301025390625,-23.7762451171875,0.8308373474121094,-0.45452116699218753,0.0
,5062,,,,,70.8892822265625,-18.7225341796875,0.8597369384765625,-0.42448216552734375,0.0
,5063,,,,,71.2738037109375,-13.5406494140625,0.8895687744140626,-0.3887461120605469,0.0
,5064,,,,,72.10693359375,-6.976318359375,0.9283087280273438,-0.33457232666015624,0.0
,5065,,,,,77.325439453125,2.069091796875,0.9316233764648438,-0.2702474304199219,0.0
,5066,,,,,73.6175537109375,5.16357421875,0.926547821044922,-0.2485986328125,0.0
,5067,,,,,76.8218994140625,10.7208251953125,0.9105960754394532,-0.1898672058105469,0.0
,5068,,,,,73.7274169921875,16.094970703125,0.9453998840332032,-0.13413967895507814,0.0
,5069,,,,,76.8402099609375,21.478271484375,0.9208507690429688,-0.06774312744140626,0.0
,5070,,,,,72.69287109375,25.1495361328125,0.9277908142089843,-0.0069400451660156254,0.0
,5071,,,,,71.484375,28.875732421875,0.9263406555175782,0.08483428344726562,0.0
,5072,,,,,69.9371337890625,32.464599609375,0.9440533081054687,0.14584453125,0.0
,5073,,,,,67.3736572265625,37.17041015625,0.9152572998046875,0.22042412109375,0.0
,5074,,,,,64.8468017578125,40.5487060546875,0.9194006103515625,0.2898245727539063,0.0
,5075,,,,,63.7481689453125,40.72265625,0.9067635131835938,0.3546673828125,0.0
,5076,,,,,61.19384765625,42.8192138671875,0.9091459167480469,0.425103662109375,0.0
,5077,,,,,57.806396484375,45.9503173828125,0.8910189331054688,0.48010610961914063,0.0
,5078,,,,,54.60205078125,47.479248046875,0.9048990234375001,0.5236108703613281,0.0
,5079,,,,,50.3997802734375,50.299072265625,0.8809714050292969,0.5804778076171875,0.0
,5080,,,,,45.794677734375,53.7322998046875,0.8426457824707031,0.5860712768554688,0.0
,5081,,,,,39.9261474609375,58.2550048828125,0.8193396606445312,0.6155923645019531,0.0
,5082,,,,,33.6456298828125,62.0635986328125,0.7611261474609375,0.6011943603515625,0.0
,5083,,,,,29.55322265625,65.167236328125,0.72425068359375,0.6318548583984375,0.0
,5084,,,,,24.8382568359375,68.4173583984375,0.6594078735351563,0.6421095520019532,0.0
,5085,,,,,19.9127197265625,70.916748046875,0.6114490539550781,0.680331591796875,0.0
,5086,,,,,15.1153564453125,72.784423828125,0.5486778991699219,0.6799172607421875,0.0
,5087,,,,,11.3067626953125,74.1851806640625,0.5122167663574219,0.7502499572753907,0.0
,5088,,,,,7.1136474609375,75.2105712890625,0.4210639343261719,0.8051488220214844,0.0
,5089,,,,,2.1331787109375,75.6591796875,0.3981721435546875,0.8648124938964844,0.0
,5090,,,,,-2.6641845703125,75.6591796875,0.32980751953125004,0.8881186157226563,0.0
,5091,,,,,-6.060791015625,75.0,0.27407999267578126,0.9068670959472657,0.0
,5092,,,,,-7.6446533203125,74.102783203125,0.1769193603515625,0.9139107238769532,0.0
,5093,,,,,-11.7919921875,72.6287841796875,0.11508045043945313,0.9134963928222657,0.0
,5094,,,,,-15.8111572265625,70.9991455078125,0.06028516845703125,0.9395992492675782,0.0
,5095,,,,,-17.889404296875,68.9208984375,0.025377777099609377,0.9575190673828126,0.0
,5096,,,,,-22.869873046875,66.6046142578125,-0.04671582641601563,0.9426031494140625,0.0
,5097,,,,,-29.11376953125,63.6199951171875,-0.06432489624023438,0.92644423828125,0.0
,5098,,,,,-35.19287109375,61.541748046875,-0.11860226440429687,0.9055205200195313,0.0
,5099,,,,,-40.594482421875,59.326171875,-0.174847705078125,0.86346591796875,0.0
,5100,,,,,-45.703125,56.9915771484375,-0.21265541381835937,0.8519682312011719,0.0
,5101,,,,,-47.2503662109375,54.2999267578125,-0.261028564453125,0.8016270080566407,0.0
,5102,,,,,-55.609130859375,51.7364501953125,-0.3260785400390625,0.7672375305175781,0.0
,5103,,,,,-58.85009765625,49.658203125,-0.3839813049316406,0.7310871459960938,0.0
,5104,,,,,-61.7523193359375,47.16796875,-0.4656045227050781,0.6801244262695313,0.0
,5105,,,,,-65.1123046875,43.1488037109375,-0.5332440673828125,0.6616866943359375,0.0
,5106,,,,,-67.2821044921875,39.5599365234375,-0.5834817077636719,0.6309226135253907,0.0
,5107,,,,,-68.133544921875,37.811279296875,-0.6337193481445312,0.5834817077636719,0.0
,5108,,,,,-69.17724609375,34.698486328125,-0.7140995727539062,0.5395626159667969,0.0
,5109,,,,,-69.3695068359375,32.684326171875,-0.7751098205566407,0.4901536376953125,0.0
,5110,,,,,-69.9554443359375,28.912353515625,-0.8011090942382812,0.4595967224121094,0.0
,5111,,,,,-71.1456298828125,23.9776611328125,-0.8397454650878906,0.4355655212402344,0.0
,5112,,,,,-71.173095703125,20.0775146484375,-0.869266552734375,0.39993305053710937,0.0
,5113,,,,,-71.9146728515625,14.3280029296875,-0.9075921752929688,0.3721728698730469,0.0
,5114,,,,,-75.6134033203125,7.9193115234375,-0.9380455078125001,0.31209486694335936,0.0
,5115,,,,,-75.640869140625,-2.838134765625,-0.9368025146484376,0.2764623962402344,0.0
,5116,,,,,-76.0345458984375,-3.515625,-0.9525470947265625,0.216280810546875,0.0
,5117,,,,,-73.6358642578125,-8.7066650390625,-0.9419816528320313,0.1918352783203125,0.0
,5118,,,,,-77.1881103515625,-14.8590087890625,-0.9422924011230469,0.11238729858398439,0.0
,5119,,,,,-72.5006103515625,-19.537353515625,-0.9344201110839844,0.08224471435546875,0.0
,5120,,,,,-71.4202880859375,-23.4832763671875,-0.9510969360351563,-0.005800634765625,0.0
,5121,,,,,-70.12939453125,-27.557373046875,-0.938977752685547,-0.04878748168945313,0.0
,5122,,,,,-67.9046630859375,-32.0709228515625,-0.9480930358886719,-0.14263346557617188,0.0
,5123,,,,,-65.5426025390625,-35.9527587890625,-0.9564832397460937,-0.18044117431640624,0.0
,5124,,,,,-64.0594482421875,-37.5823974609375,-0.947160791015625,-0.28319527587890625,0.0
,5125,,,,,-62.0269775390625,-40.7318115234375,-0.9166038757324219,-0.33053259887695313,0.0
,5126,,,,,-59.7747802734375,-43.798828125,-0.8966124023437501,-0.4011760437011719,0.0
,5127,,,,,-56.707763671875,-45.9320068359375,-0.8610835144042969,-0.42085676879882816,0.0
,5128,,,,,-53.4942626953125,-48.2666015625,-0.8701987976074219,-0.5007190795898437,0.0
,5129,,,,,-50.0152587890625,-50.3448486328125,-0.8249331298828125,-0.4982330932617188,0.0
,5130,,,,,-44.9066162109375,-54.5928955078125,-0.833737664794922,-0.5669084655761719,0.0
,5131,,,,,-39.5599365234375,-58.7127685546875,-0.812917529296875,-0.5910432495117187,0.0
,5132,,,,,-31.45751953125,-62.127685546875,-0.7958263732910157,-0.6328906860351563,0.0
,5133,,,,,-29.132080078125,-65.4510498046875,-0.7478675537109375,-0.6269864685058594,0.0
,5134,,,,,-23.8494873046875,-68.5638427734375,-0.7168963073730469,-0.6791921813964844,0.0
,5135,,,,,-18.93310546875,-71.5118408203125,-0.6425238830566407,-0.6851999816894532,0.0
,5136,,,,,-14.703369140625,-73.1964111328125,-0.5806849731445313,-0.7211432006835937,0.0
,5137,,,,,-10.1898193359375,-74.249267578125,-0.5120096008300782,-0.7411346740722656,0.0
,5138,,,,,-5.2642822265625,-75.54931640625,-0.46384361572265626,-0.789714990234375,0.0
,5139,,,,,-0.347900390625,-76.446533203125,-0.3899891052246094,-0.8125031982421875,0.0
,5140,,,,,3.2958984375,-76.13525390625,-0.35155989990234376,-0.8665734008789063,0.0
,5141,,,,,5.914306640625,-75.7598876953125,-0.2702474304199219,-0.8727883666992188,0.0
,5142,,,,,10.4736328125,-74.7894287109375,-0.18665614013671875,-0.8690593872070312,0.0
,5143,,,,,13.4033203125,-73.1414794921875,-0.07116135864257812,-0.8518646484375,0.0
,5144,,,,,14.5294189453125,-71.37451171875,-0.03977578125,-0.8805570739746094,0.0
,5145,,,,,18.768310546875,-69.8822021484375,0.033975146484375,-0.8913296813964844,0.0
,5146,,,,,24.5819091796875,-67.6300048828125,0.04070802612304688,-0.9003413818359375,0.0
,5147,,,,,30.4779052734375,-65.570068359375,0.098610791015625,-0.8823179809570313,0.0
,5148,,,,,30.4779052734375,-65.570068359375,0.11767001953125,-0.8755851013183594,0.0
,5149,,,,,40.6494140625,-61.2579345703125,0.15734221801757814,-0.8671948974609375,0.0
,5150,,,,,40.6494140625,-61.2579345703125,0.21379482421875,-0.8269012023925781,0.0
,5151,,,,,50.8392333984375,-56.1492919921875,0.28816724853515624,-0.8094992980957032,0.0
,5152,,,,,50.8392333984375,-56.1492919921875,0.32431763305664063,-0.7918902282714844,0.0
,5153,,,,,58.1817626953125,-51.141357421875,0.3672008972167969,-0.7801853759765626,0.0
,5154,,,,,61.48681640625,-48.541259765625,0.42696815185546877,-0.7239399353027344,0.0
,5155,,,,,64.8284912109375,-44.696044921875,0.5006154968261719,-0.6722521362304688,0.0
,5156,,,,,67.437744140625,-41.1529541015625,0.5650439758300781,-0.6162138610839843,0.0
,5157,,,,,68.5455322265625,-38.323974609375,0.6172496887207032,-0.5993298706054687,0.0
,5158,,,,,68.5089111328125,-37.4267578125,0.6936937683105469,-0.5476420715332031,0.0
,5159,,,,,69.3603515625,-33.837890625,0.7636121337890626,-0.5037229797363282,0.0
,5160,,,,,70.1202392578125,-29.5806884765625,0.817164422607422,-0.4642579467773438,0.0
,5161,,,,,69.2230224609375,-26.9989013671875,0.8376738098144532,-0.4388801696777344,0.0
,5162,,,,,69.598388671875,-21.5789794921875,0.8921583435058594,-0.39982946777343753,0.0
,5163,,,,,70.0927734375,-15.5181884765625,0.9273764831542969,-0.3749696044921875,0.0
,5164,,,,,70.8526611328125,-8.660888671875,0.9436389770507813,-0.3424446166992188,0.0
,5165,,,,,73.846435546875,2.4078369140625,0.9302768005371094,-0.31623817749023436,0.0
,5166,,,,,71.356201171875,3.22265625,0.95959072265625,-0.27418357543945315,0.0
,5167,,,,,71.2554931640625,8.45947265625,0.947160791015625,-0.20913359985351562,0.0
,5168,,,,,71.1822509765625,14.4287109375,0.9563796569824219,-0.15226666259765625,0.0
,5169,,,,,70.9075927734375,19.66552734375,0.9394956665039063,-0.08649160766601563,0.0
,5170,,,,,70.3125,23.5931396484375,0.9508897705078125,-0.02672435302734375,0.0
,5171,,,,,68.9849853515625,27.7313232421875,0.9378383422851563,0.05116988525390625,0.0
,5172,,,,,67.0806884765625,32.080078125,0.9447783874511719,0.12937487182617188,0.0
,5173,,,,,64.9383544921875,36.3739013671875,0.9267549865722656,0.19981115112304687,0.0
,5174,,,,,62.933349609375,39.2852783203125,0.9259263244628907,0.2551243469238281,0.0
,5175,,,,,61.63330078125,40.4296875,0.8969231506347657,0.32794302978515627,0.0
,5176,,,,,58.1451416015625,43.39599609375,0.9110104064941407,0.39599690551757816,0.0
,5177,,,,,54.96826171875,45.9503173828125,0.9137035583496094,0.4593895568847656,0.0
,5178,,,,,52.6153564453125,46.9390869140625,0.8876007019042969,0.48217776489257813,0.0
,5179,,,,,48.5504150390625,50.4547119140625,0.8646053283691406,0.5414271057128907,0.0
,5180,,,,,43.3319091796875,54.6295166015625,0.8515539001464844,0.562661572265625,0.0
,5181,,,,,38.0859375,58.8043212890625,0.81706083984375,0.5865891906738282,0.0
,5182,,,,,32.8948974609375,62.1185302734375,0.7563613403320313,0.5747807556152343,0.0
,5183,,,,,28.6376953125,65.5426025390625,0.7135816589355469,0.6117598022460937,0.0
,5184,,,,,22.869873046875,68.682861328125,0.66458701171875,0.6341336791992188,0.0
,5185,,,,,17.889404296875,71.099853515625,0.6511212524414063,0.6916221130371094,0.0
,5186,,,,,13.9251708984375,72.83935546875,0.5733305969238282,0.6937973510742188,0.0
,5187,,,,,9.9517822265625,74.2034912109375,0.5107666076660157,0.7410310913085938,0.0
,5188,,,,,4.595947265625,75.1373291015625,0.4156776306152344,0.7609189819335938,0.0
,5189,,,,,0.1556396484375,75.732421875,0.3928894226074219,0.8187181640625,0.0
,5190,,,,,-3.0853271484375,75.9063720703125,0.32141731567382814,0.8513467346191407,0.0
,5191,,,,,-6.427001953125,75.2471923828125,0.2465269775390625,0.8811785705566406,0.0
,5192,,,,,-8.16650390625,74.1668701171875,0.13807582397460938,0.8841824707031251,0.0
,5193,,,,,-11.3525390625,73.077392578125,0.10544725341796875,0.9236475036621095,0.0
,5194,,,,,-14.6026611328125,71.88720703125,0.03977578125,0.9414637390136719,0.0
,5195,,,,,-17.340087890625,69.7357177734375,0.0020716552734375,0.9420852355957031,0.0
,5196,,,,,-23.1536865234375,67.5384521484375,-0.06080308227539063,0.9241654174804688,0.0
,5197,,,,,-29.0313720703125,65.1763916015625,-0.10700099487304687,0.9227152587890626,0.0
,5198,,,,,-34.0118408203125,63.17138671875,-0.13683283081054687,0.9094566650390625,0.0
,5199,,,,,-34.0118408203125,63.17138671875,-0.17557278442382812,0.8749636047363282,0.0
,5200,,,,,-44.1192626953125,59.619140625,-0.24673414306640626,0.8362236511230469,0.0
,5201,,,,,-44.1192626953125,59.619140625,-0.28236661376953126,0.8113637878417969,0.0
,5202,,,,,-53.5675048828125,53.7689208984375,-0.3672008972167969,0.7712772583007813,0.0
,5203,,,,,-56.671142578125,51.1138916015625,-0.4197173583984375,0.7386486877441406,0.0
,5204,,,,,-59.36279296875,48.2940673828125,-0.4724409851074219,0.7210396179199219,0.0
,5205,,,,,-62.3748779296875,44.7052001953125,-0.5416342712402344,0.6850963989257812,0.0
,5206,,,,,-64.6820068359375,40.8782958984375,-0.6194249267578125,0.6410737243652344,0.0
,5207,,,,,-65.2862548828125,39.3585205078125,-0.6812638366699219,0.5757130004882812,0.0
,5208,,,,,-66.24755859375,36.4837646484375,-0.7224897766113282,0.5437059265136719,0.0
,5209,,,,,-67.1356201171875,32.794189453125,-0.768169775390625,0.48373150634765627,0.0
,5210,,,,,-67.41943359375,29.4158935546875,-0.8259689575195313,0.45037785644531253,0.0
,5211,,,,,-68.060302734375,25.5340576171875,-0.8550757141113281,0.43908733520507814,0.0
,5212,,,,,-68.15185546875,21.2860107421875,-0.8892580261230469,0.39786139526367187,0.0
,5213,,,,,-68.8568115234375,15.472412109375,-0.9081100891113282,0.37890574951171874,0.0
,5214,,,,,-69.873046875,8.404541015625,-0.9395992492675782,0.3335364990234375,0.0
,5215,,,,,-73.42529296875,-2.7008056640625,-0.9318305419921875,0.3158238464355469,0.0
,5216,,,,,-71.19140625,-3.4423828125,-0.9292409729003906,0.25740316772460936,0.0
,5217,,,,,-71.7864990234375,-8.7982177734375,-0.9435353942871094,0.20302221679687502,0.0
,5218,,,,,-71.539306640625,-14.5111083984375,-0.9601086364746094,0.12626738891601563,0.0
,5219,,,,,-71.1822509765625,-19.7113037109375,-0.9457106323242188,0.10244335327148438,0.0
,5220,,,,,-70.330810546875,-23.91357421875,-0.9346272766113282,0.017505487060546877,0.0
,5221,,,,,-69.03076171875,-28.41796875,-0.9390813354492188,-0.027449432373046877,0.0
,5222,,,,,-67.0166015625,-33.4808349609375,-0.9415673217773438,-0.11487328491210938,0.0
,5223,,,,,-64.801025390625,-37.68310546875,-0.9426031494140625,-0.15848162841796876,0.0
,5224,,,,,-62.750244140625,-41.0614013671875,-0.9445712219238281,-0.23243972167968752,0.0
,5225,,,,,-60.1043701171875,-43.6798095703125,-0.9209543518066406,-0.28412752075195313,0.0
,5226,,,,,-58.0718994140625,-44.8699951171875,-0.9064527648925782,-0.38056307373046877,0.0
,5227,,,,,-54.9407958984375,-47.3876953125,-0.8630515869140625,-0.41132715454101565,0.0
,5228,,,,,-51.8646240234375,-50.262451171875,-0.8718561218261719,-0.497197265625,0.0
,5229,,,,,-48.4954833984375,-51.7364501953125,-0.8414027893066407,-0.5115952697753906,0.0
,5230,,,,,-43.2220458984375,-55.426025390625,-0.8209969848632813,-0.5646296447753907,0.0
,5231,,,,,-38.067626953125,-59.58251953125,-0.7926153076171876,-0.5688765380859375,0.0
,5232,,,,,-32.3638916015625,-62.969970703125,-0.7666160339355469,-0.6014015258789063,0.0
,5233,,,,,-28.509521484375,-66.0003662109375,-0.7365770324707032,-0.6319584411621094,0.0
,5234,,,,,-23.126220703125,-69.2047119140625,-0.7133744934082031,-0.6940045166015625,0.0
,5235,,,,,-18.34716796875,-72.25341796875,-0.6222216613769531,-0.660443701171875,0.0
,5236,,,,,-14.7125244140625,-73.86474609375,-0.5672192138671875,-0.7061236999511719,0.0
,5237,,,,,-10.8306884765625,-75.3204345703125,-0.493053955078125,-0.7223861938476562,0.0
,5238,,,,,-6.1798095703125,-76.13525390625,-0.4326652038574219,-0.7774922241210938,0.0
,5239,,,,,-1.5472412109375,-76.7578125,-0.3485559997558594,-0.7819462829589844,0.0
,5240,,,,,1.666259765625,-76.6754150390625,-0.29997568359375,-0.8327018371582031,0.0
,5241,,,,,3.0670166015625,-76.153564453125,-0.20291863403320312,-0.8681271423339844,0.0
,5242,,,,,6.060791015625,-75.274658203125,-0.14107972412109376,-0.8924690917968751,0.0
,5243,,,,,9.9884033203125,-74.249267578125,-0.058938592529296875,-0.8964052368164063,0.0
,5244,,,,,12.3321533203125,-72.94921875,-0.005904217529296875,-0.8944371643066407,0.0
,5245,,,,,16.7633056640625,-71.337890625,0.04412625732421875,-0.8961980712890625,0.0
,5246,,,,,21.9635009765625,-69.3328857421875,0.06132099609375,-0.9034488647460938,0.0
,5247,,,,,28.23486328125,-66.7877197265625,0.11860226440429687,-0.8996163024902344,0.0
,5248,,,,,28.23486328125,-66.7877197265625,0.11590911254882813,-0.9061420166015626,0.0
,5249,,,,,38.92822265625,-62.6129150390625,0.189763623046875,-0.8728919494628906,0.0
,5250,,,,,38.92822265625,-62.6129150390625,0.24228008422851563,-0.8589082763671875,0.0
,5251,,,,,48.504638671875,-57.037353515625,0.29490012817382816,-0.8511395690917969,0.0
,5252,,,,,50.225830078125,-54.052734375,0.3402693786621094,-0.7997625183105469,0.0
,5253,,,,,55.865478515625,-51.7364501953125,0.4136059753417969,-0.7664088684082031,0.0
,5254,,,,,58.8775634765625,-48.7060546875,0.468194091796875,-0.7298441528320313,0.0
,5255,,,,,61.175537109375,-45.4833984375,0.5318974914550781,-0.7191751281738281,0.0
,5256,,,,,63.812255859375,-41.326904296875,0.5933220703125001,-0.6799172607421875,0.0
,5257,,,,,65.679931640625,-37.408447265625,0.6669694152832032,-0.6381734069824219,0.0
,5258,,,,,65.8447265625,-36.14501953125,0.7415490051269531,-0.5879357666015625,0.0
,5259,,,,,66.8792724609375,-32.940673828125,0.7794602966308594,-0.549402978515625,0.0
,5260,,,,,68.1060791015625,-28.729248046875,0.8057703186035157,-0.5106630249023437,0.0
,5261,,,,,68.1976318359375,-25.634765625,0.852693310546875,-0.4644651123046875,0.0
,5262,,,,,68.975830078125,-20.709228515625,0.8741349426269531,-0.44115899047851564,0.0
,5263,,,,,69.5068359375,-15.362548828125,0.8812821533203126,-0.4089447509765625,0.0
,5264,,,,,70.257568359375,-9.3109130859375,0.9157752136230469,-0.38315264282226563,0.0
,5265,,,,,73.9471435546875,3.350830078125,0.9105960754394532,-0.35352797241210937,0.0
,5266,,,,,71.3470458984375,4.522705078125,0.9139107238769532,-0.3257677917480469,0.0
,5267,,,,,71.4752197265625,10.29052734375,0.9145322204589844,-0.2551243469238281,0.0
,5268,,,,,71.3287353515625,15.3350830078125,0.9373204284667969,-0.19898248901367188,0.0
,5269,,,,,70.71533203125,21.3409423828125,0.9528578430175781,-0.12461006469726563,0.0
,5270,,,,,70.0103759765625,26.7333984375,0.9527542602539063,-0.053863037109375005,0.0
,5271,,,,,68.9117431640625,30.5877685546875,0.9171217895507813,0.000103582763671875,0.0
,5272,,,,,67.3095703125,34.3505859375,0.9422924011230469,0.08276262817382812,0.0
,5273,,,,,64.984130859375,38.8916015625,0.91981494140625,0.14574094848632813,0.0
,5274,,,,,62.7960205078125,42.7825927734375,0.9122533996582032,0.21389840698242188,0.0
,5275,,,,,61.8255615234375,43.7347412109375,0.885839794921875,0.2839203552246094,0.0
,5276,,,,,59.0606689453125,45.941162109375,0.8990983886718751,0.36854747314453123,0.0
,5277,,,,,55.865478515625,48.797607421875,0.8697844665527344,0.431732958984375,0.0
,5278,,,,,53.21044921875,49.8321533203125,0.8555936279296875,0.49046438598632813,0.0
,5279,,,,,49.383544921875,52.91748046875,0.8441995239257812,0.5442238403320313,0.0
,5280,,,,,44.5770263671875,56.2591552734375,0.8204790710449219,0.5745735900878907,0.0
,5281,,,,,29.718017578125,60.1043701171875,0.8056667358398438,0.6127956298828126,0.0
,5282,,,,,34.039306640625,63.9495849609375,0.7518036987304688,0.5971546325683594,0.0
,5283,,,,,29.7271728515625,67.08984375,0.7097490966796876,0.6168353576660156,0.0
,5284,,,,,25.2227783203125,69.818115234375,0.6364125,0.616524609375,0.0
,5285,,,,,20.123291015625,72.6654052734375,0.5820315490722656,0.6557824768066406,0.0
,5286,,,,,15.6829833984375,75.2288818359375,0.5200890563964844,0.6693518188476563,0.0
,5287,,,,,12.5518798828125,76.666259765625,0.46487944335937503,0.7263223388671876,0.0
,5288,,,,,8.49609375,77.63671875,0.3933037536621094,0.7729345825195313,0.0
,5289,,,,,3.900146484375,77.838134765625,0.3444126892089844,0.8196504089355469,0.0
,5290,,,,,0.4302978515625,77.618408203125,0.25533151245117186,0.8325982543945313,0.0
,5291,,,,,-2.5634765625,77.1514892578125,0.2021935546875,0.8729955322265626,0.0
,5292,,,,,-4.13818359375,76.57470703125,0.13455401000976563,0.8864612915039063,0.0
,5293,,,,,-7.94677734375,75.1373291015625,0.0890811767578125,0.9158787963867188,0.0
,5294,,,,,-12.6708984375,73.3245849609375,0.01968072509765625,0.955550994873047,0.0
,5295,,,,,-15.56396484375,70.9808349609375,-0.013569342041015625,0.9609372985839844,0.0
,5296,,,,,-20.5078125,69.012451171875,-0.05707410278320313,0.9450891357421876,0.0
,5297,,,,,-26.62353515625,66.5863037109375,-0.0948818115234375,0.9207471862792969,0.0
,5298,,,,,-32.6751708984375,63.9312744140625,-0.15464906616210938,0.9029309509277345,0.0
,5299,,,,,-37.5823974609375,61.5234375,-0.19245677490234375,0.8883257812500001,0.0
,5300,,,,,-42.242431640625,59.4451904296875,-0.23337196655273437,0.8755851013183594,0.0
,5301,,,,,-43.8995361328125,56.5704345703125,-0.2930356384277344,0.8285585266113281,0.0
,5302,,,,,-51.763916015625,53.94287109375,-0.36771881103515625,0.7883684143066406,0.0
,5303,,,,,-55.059814453125,51.4801025390625,-0.4049050231933594,0.7733489135742188,0.0
,5304,,,,,-58.26416015625,48.74267578125,-0.4666403503417969,0.726736669921875,0.0
,5305,,,,,-61.8072509765625,44.622802734375,-0.5181209838867188,0.683646240234375,0.0
,5306,,,,,-64.4622802734375,40.704345703125,-0.587521435546875,0.6593042907714844,0.0
,5307,,,,,-66.2200927734375,37.518310546875,-0.65795771484375,0.6064770812988282,0.0
,5308,,,,,-67.694091796875,33.8287353515625,-0.7257008422851563,0.5544785339355469,0.0
,5309,,,,,-68.115234375,31.3751220703125,-0.7576043334960938,0.5189496459960937,0.0
,5310,,,,,-68.7744140625,27.7679443359375,-0.7829821105957031,0.49263962402343753,0.0
,5311,,,,,-69.3603515625,24.114990234375,-0.8159214294433594,0.4578358154296875,0.0
,5312,,,,,-69.0032958984375,20.6817626953125,-0.8630515869140625,0.41640270996093753,0.0
,5313,,,,,-69.68994140625,14.4012451171875,-0.8781746704101563,0.3924750915527344,0.0
,5314,,,,,-70.4681396484375,7.72705078125,-0.9042775268554688,0.3539423034667969,0.0
,5315,,,,,-74.102783203125,-3.5614013671875,-0.9340057800292969,0.3199671569824219,0.0
,5316,,,,,-71.3104248046875,-4.8614501953125,-0.9406350769042969,0.26662203369140625,0.0
,5317,,,,,-71.502685546875,-11.7095947265625,-0.9339021972656251,0.23803319091796876,0.0
,5318,,,,,-71.6400146484375,-17.87109375,-0.9252012451171875,0.1578601318359375,0.0
,5319,,,,,-71.3104248046875,-22.320556640625,-0.9307947143554688,0.10979772949218751,0.0
,5320,,,,,-70.49560546875,-26.55029296875,-0.93638818359375,0.03459664306640625,0.0
,5321,,,,,-69.140625,-31.2103271484375,-0.9102853271484376,-0.0029003173828125,0.0
,5322,,,,,-67.822265625,-35.9161376953125,-0.9255119934082031,-0.10441142578125,0.0
,5323,,,,,-66.2567138671875,-39.404296875,-0.9055205200195313,-0.1396295654296875,0.0
,5324,,,,,-65.07568359375,-41.656494140625,-0.8908117675781251,-0.20809777221679687,0.0
,5325,,,,,-62.2833251953125,-44.9249267578125,-0.8541434692382813,-0.25709241943359373,0.0
,5326,,,,,-60.0128173828125,-46.783447265625,-0.8381917236328126,-0.35787844848632816,0.0
,5327,,,,,-57.8521728515625,-47.918701171875,-0.8276262817382812,-0.41319164428710936,0.0
,5328,,,,,-54.0252685546875,-50.299072265625,-0.8215148986816406,-0.48549241333007814,0.0
,5329,,,,,-49.51171875,-52.9449462890625,-0.7969657836914062,-0.49212171020507817,0.0
,5330,,,,,-44.6044921875,-56.8450927734375,-0.7998661010742187,-0.5572752685546876,0.0
,5331,,,,,-39.6240234375,-59.5458984375,-0.7742811584472656,-0.5740556762695312,0.0
,5332,,,,,-32.6202392578125,-62.7685546875,-0.7519072814941407,-0.6185962646484375,0.0
,5333,,,,,-30.4229736328125,-66.265869140625,-0.6691446533203125,-0.6080308227539063,0.0
,5334,,,,,-25.3326416015625,-69.708251953125,-0.6347551757812501,-0.6581648803710938,0.0
,5335,,,,,-20.3704833984375,-72.4090576171875,-0.5845175354003906,-0.6627225219726562,0.0
,5336,,,,,-16.8182373046875,-74.0753173828125,-0.532829736328125,-0.7163783935546876,0.0
,5337,,,,,-12.9730224609375,-75.25634765625,-0.45068860473632816,-0.7620583923339844,0.0
,5338,,,,,-8.4228515625,-76.0711669921875,-0.4031441162109375,-0.8083598876953125,0.0
,5339,,,,,-3.9642333984375,-76.20849609375,-0.31354502563476566,-0.7927188903808594,0.0
,5340,,,,,-0.823974609375,-75.4486083984375,-0.264343212890625,-0.8548685485839844,0.0
,5341,,,,,0.4486083984375,-74.7711181640625,-0.1811662536621094,-0.8897759399414062,0.0
,5342,,,,,4.6142578125,-73.333740234375,-0.13890448608398437,-0.920643603515625,0.0
,5343,,,,,8.349609375,-71.7864990234375,-0.05438095092773438,-0.9218865966796875,0.0
,5344,,,,,9.9700927734375,-70.0927734375,-0.0285888427734375,-0.9401171630859375,0.0
,5345,,,,,14.9139404296875,-68.170166015625,0.036771881103515626,-0.9274800659179688,0.0
,5346,,,,,21.0845947265625,-66.0003662109375,0.05324154052734375,-0.9465392944335937,0.0
,5347,,,,,27.1087646484375,-63.922119140625,0.08255546264648438,-0.9393920837402344,0.0
,5348,,,,,32.464599609375,-62.2283935546875,0.10969414672851563,-0.9294481384277344,0.0
,5349,,,,,37.7655029296875,-60.53466796875,0.1760906982421875,-0.8992019714355469,0.0
,5350,,,,,43.5333251953125,-57.7423095703125,0.19297468872070314,-0.8589082763671875,0.0
,5351,,,,,48.1842041015625,-55.2703857421875,0.26910802001953127,-0.8348770751953125,0.0
,5352,,,,,51.8463134765625,-52.8717041015625,0.3274251159667969,-0.7925117248535156,0.0
,5353,,,,,55.3802490234375,-49.8138427734375,0.3650256591796875,-0.7818427001953125,0.0
,5354,,,,,58.99658203125,-45.6573486328125,0.4015903747558594,-0.7537717712402344,0.0
,5355,,,,,61.798095703125,-42.2607421875,0.4992689208984375,-0.703534130859375,0.0
,5356,,,,,63.958740234375,-38.9373779296875,0.5639045654296875,-0.66458701171875,0.0
,5357,,,,,65.8538818359375,-35.5682373046875,0.6101024780273437,-0.635583837890625,0.0
,5358,,,,,67.1630859375,-33.233642578125,0.6637583496093751,-0.5936328186035157,0.0
,5359,,,,,68.4173583984375,-29.443359375,0.7234220214843751,-0.5450525024414062,0.0
,5360,,,,,68.682861328125,-26.47705078125,0.7649587097167969,-0.5073483764648438,0.0
,5361,,,,,68.0694580078125,-23.638916015625,0.8065989807128906,-0.47295889892578125,0.0
,5362,,,,,68.6920166015625,-17.7337646484375,0.8368451477050781,-0.44654529418945316,0.0
,5363,,,,,69.305419921875,-11.6546630859375,0.8605656005859376,-0.4148489685058594,0.0
,5364,,,,,69.9188232421875,-6.060791015625,0.8861505432128907,-0.38429205322265625,0.0
,5365,,,,,72.0062255859375,2.545166015625,0.89329775390625,-0.3357117370605469,0.0
,5366,,,,,71.1822509765625,6.6375732421875,0.8918475952148438,-0.30090792846679687,0.0
,5367,,,,,71.539306640625,12.579345703125,0.8677128112792969,-0.23306121826171874,0.0
,5368,,,,,71.502685546875,16.9647216796875,0.9035524475097656,-0.16935781860351562,0.0
,5369,,,,,71.3287353515625,21.844482421875,0.8818000671386719,-0.11197296752929688,0.0
,5370,,,,,70.7977294921875,26.8524169921875,0.8971303161621094,-0.03490739135742187,0.0
,5371,,,,,69.7357177734375,31.4208984375,0.8748600219726563,0.050030474853515625,0.0
,5372,,,,,68.1243896484375,34.661865234375,0.8871863708496094,0.11373387451171875,0.0
,5373,,,,,66.082763671875,38.0218505859375,0.8814893188476562,0.199707568359375,0.0
,5374,,,,,63.8031005859375,41.5191650390625,0.8770352600097656,0.26475754394531253,0.0
,5375,,,,,62.98828125,42.352294921875,0.8612906799316407,0.35321722412109374,0.0
,5376,,,,,60.9649658203125,44.293212890625,0.8588046936035156,0.4064587646484375,0.0
,5377,,,,,57.9803466796875,46.9390869140625,0.8450281860351563,0.4728553161621094,0.0
,5378,,,,,54.400634765625,48.6785888671875,0.8437851928710938,0.5173959045410157,0.0
,5379,,,,,50.0885009765625,52.4322509765625,0.8065989807128906,0.5480564025878907,0.0
,5380,,,,,45.8221435546875,55.7281494140625,0.7768707275390625,0.5513710510253906,0.0
,5381,,,,,40.8966064453125,59.307861328125,0.7689984375000001,0.5902145874023438,0.0
,5382,,,,,32.6751708984375,63.0523681640625,0.7164819763183594,0.6126920471191406,0.0
,5383,,,,,30.57861328125,66.650390625,0.69110419921875,0.6514320007324219,0.0
,5384,,,,,26.3671875,69.0582275390625,0.6210822509765626,0.6454242004394531,0.0
,5385,,,,,22.2930908203125,70.916748046875,0.5736413452148438,0.6718378051757813,0.0
,5386,,,,,17.24853515625,72.9766845703125,0.4984402587890625,0.7183464660644532,0.0
,5387,,,,,12.78076171875,74.2034912109375,0.4616683776855469,0.7691020202636719,0.0
,5388,,,,,9.063720703125,74.6337890625,0.4015903747558594,0.8053559875488282,0.0
,5389,,,,,5.2642822265625,74.70703125,0.35456380004882815,0.8519682312011719,0.0
,5390,,,,,1.080322265625,74.029541015625,0.26879727172851564,0.8839753051757813,0.0
,5391,,,,,-3.680419921875,73.3428955078125,0.23016090087890625,0.9174325378417969,0.0
,5392,,,,,-5.2093505859375,73.0133056640625,0.14812335205078125,0.9377347595214844,0.0
,5393,,,,,-8.294677734375,71.9329833984375,0.11518403320312501,0.9491288635253906,0.0
,5394,,,,,-12.34130859375,70.7061767578125,0.07364734497070313,0.9617659606933594,0.0
,5395,,,,,-15.9210205078125,68.902587890625,0.020716552734375,0.9568975708007813,0.0
,5396,,,,,-21.6796875,67.3095703125,-0.0352181396484375,0.9437425598144532,0.0
,5397,,,,,-27.06298828125,65.2313232421875,-0.08441995239257813,0.9232331726074219,0.0
,5398,,,,,-32.5653076171875,62.80517578125,-0.12989278564453124,0.9199185241699219,0.0
,5399,,,,,-39.019775390625,59.8297119140625,-0.16428226318359376,0.8883257812500001,0.0
,5400,,,,,-44.78759765625,56.9549560546875,-0.21565931396484375,0.8591154418945313,0.0
,5401,,,,,-49.163818359375,54.3548583984375,-0.2827809448242188,0.806288232421875,0.0
,5402,,,,,-53.2928466796875,51.59912109375,-0.3335364990234375,0.7844322692871094,0.0
,5403,,,,,-57.550048828125,48.37646484375,-0.37652334594726566,0.7793567138671875,0.0
,5404,,,,,-60.8551025390625,45.30029296875,-0.43152579345703124,0.7559470092773438,0.0
,5405,,,,,-63.31787109375,42.00439453125,-0.4819705993652344,0.7125458312988281,0.0
,5406,,,,,-65.679931640625,38.800048828125,-0.5771631591796875,0.6586827941894532,0.0
,5407,,,,,-68.2159423828125,34.698486328125,-0.6451134521484375,0.6011943603515625,0.0
,5408,,,,,-69.6533203125,30.743408203125,-0.7028090515136719,0.5554107788085938,0.0
,5409,,,,,-69.25048828125,29.6722412109375,-0.7431027465820312,0.5281685119628906,0.0
,5410,,,,,-69.5343017578125,26.4495849609375,-0.7975872802734375,0.4794846130371094,0.0
,5411,,,,,-70.184326171875,22.0001220703125,-0.839434716796875,0.4436449768066406,0.0
,5412,,,,,-70.111083984375,17.6513671875,-0.8782782531738281,0.4028333679199219,0.0
,5413,,,,,-71.136474609375,11.97509765625,-0.8884293640136719,0.38657087402343754,0.0
,5414,,,,,-71.8048095703125,6.170654296875,-0.9013772094726563,0.3373690612792969,0.0
,5415,,,,,-74.37744140625,-2.8564453125,-0.9044846923828125,0.32545704345703125,0.0
,5416,,,,,-72.8851318359375,-6.298828125,-0.9176397033691407,0.25222402954101564,0.0
,5417,,,,,-72.9400634765625,-12.04833984375,-0.9261334899902344,0.20706194458007812,0.0
,5418,,,,,-72.8668212890625,-16.552734375,-0.93307353515625,0.12564589233398438,0.0
,5419,,,,,-72.6837158203125,-21.1578369140625,-0.9365953491210938,0.08151963500976563,0.0
,5420,,,,,-72.39990234375,-25.48828125,-0.9587620605468751,-0.02423836669921875,0.0
,5421,,,,,-71.2921142578125,-30.5328369140625,-0.9381490905761719,-0.07105777587890626,0.0
,5422,,,,,-69.671630859375,-35.137939453125,-0.9133928100585937,-0.1351755065917969,0.0
,5423,,,,,-67.9962158203125,-37.9119873046875,-0.9010664611816407,-0.16210702514648437,0.0
,5424,,,,,-67.0074462890625,-39.1387939453125,-0.8943335815429688,-0.27708389282226564,0.0
,5425,,,,,-64.19677734375,-42.6177978515625,-0.8902938537597657,-0.33871563720703124,0.0
,5426,,,,,-61.5142822265625,-44.8699951171875,-0.8787961669921875,-0.4180600341796875,0.0
,5427,,,,,-59.21630859375,-45.2178955078125,-0.8605656005859376,-0.4579393981933594,0.0
,5428,,,,,-55.5999755859375,-48.321533203125,-0.8647089111328126,-0.5339691467285156,0.0
,5429,,,,,-51.4892578125,-51.2786865234375,-0.8319767578125,-0.5424629333496094,0.0
,5430,,,,,-45.8221435546875,-55.352783203125,-0.8321839233398438,-0.6054412536621094,0.0
,5431,,,,,-40.2923583984375,-59.0057373046875,-0.7982087768554688,-0.5888680114746094,0.0
,5432,,,,,-31.8603515625,-62.1734619140625,-0.7970693664550782,-0.6576469665527344,0.0
,5433,,,,,-30.889892578125,-65.3778076171875,-0.7414454223632813,-0.6640690979003906,0.0
,5434,,,,,-25.689697265625,-68.426513671875,-0.6878931335449219,-0.7032233825683594,0.0
,5435,,,,,-20.91064453125,-71.026611328125,-0.61486728515625,-0.7145139038085938,0.0
,5436,,,,,-17.0379638671875,-72.5189208984375,-0.563490234375,-0.7492141296386718,0.0
,5437,,,,,-12.5701904296875,-73.974609375,-0.4975080139160156,-0.7626798889160157,0.0
,5438,,,,,-7.8277587890625,-75.1007080078125,-0.4434378112792969,-0.8165429260253907,0.0
,5439,,,,,-3.3782958984375,-75.6683349609375,-0.3439983581542969,-0.8205826538085937,0.0
,5440,,,,,0.457763671875,-75.6134033203125,-0.31344144287109377,-0.8906046020507813,0.0
,5441,,,,,3.350830078125,-75.3204345703125,-0.2398976806640625,-0.9181576171875,0.0
,5442,,,,,7.818603515625,-74.505615234375,-0.16738974609375,-0.9188826965332032,0.0
,5443,,,,,11.1053466796875,-73.3154296875,-0.09384598388671875,-0.9162931274414062,0.0
,5444,,,,,13.128662109375,-71.685791015625,-0.0476480712890625,-0.9332807006835938,0.0
,5445,,,,,17.6788330078125,-69.9005126953125,0.0319034912109375,-0.9274800659179688,0.0
,5446,,,,,23.0072021484375,-67.144775390625,0.04650866088867188,-0.9342129455566407,0.0
,5447,,,,,29.0130615234375,-64.5355224609375,0.0849378662109375,-0.9350416076660156,0.0
,5448,,,,,34.7076416015625,-62.1917724609375,0.11518403320312501,-0.9270657348632813,0.0
,5449,,,,,40.374755859375,-59.7198486328125,0.16076044921875002,-0.9169146240234375,0.0
,5450,,,,,45.4925537109375,-57.1197509765625,0.20208997192382813,-0.8912260986328125,0.0
,5451,,,,,50.8392333984375,-53.72314453125,0.26330738525390623,-0.8591154418945313,0.0
,5452,,,,,55.3985595703125,-50.6103515625,0.3016330078125,-0.8300086853027344,0.0
,5453,,,,,58.5205078125,-48.4588623046875,0.3562211242675781,-0.8044237426757813,0.0
,5454,,,,,61.9354248046875,-45.721435546875,0.42054602050781253,-0.7519072814941407,0.0
,5455,,,,,65.2496337890625,-42.1051025390625,0.49087871704101566,-0.7091276000976563,0.0
,5456,,,,,67.9595947265625,-38.2781982421875,0.57177685546875,-0.6527785766601563,0.0
,5457,,,,,69.5159912109375,-35.2935791015625,0.6296796203613282,-0.6296796203613282,0.0
,5458,,,,,69.7906494140625,-34.130859375,0.6835426574707032,-0.5794419799804688,0.0
,5459,,,,,70.367431640625,-31.256103515625,0.7255972595214844,-0.5514746337890625,0.0
,5460,,,,,71.2646484375,-27.24609375,0.7804961242675782,-0.4940897827148438,0.0
,5461,,,,,71.0540771484375,-24.2431640625,0.8284549438476563,-0.4477882873535156,0.0
,5462,,,,,71.5850830078125,-19.0704345703125,0.8575617004394531,-0.4260359069824219,0.0
,5463,,,,,72.2076416015625,-13.00048828125,0.8801427429199219,-0.4025226196289063,0.0
,5464,,,,,73.13232421875,-5.987548828125,0.9093530822753907,-0.38646729125976564,0.0
,5465,,,,,77.74658203125,1.995849609375,0.9026202026367188,-0.33250067138671874,0.0
,5466,,,,,74.212646484375,5.7220458984375,0.9381490905761719,-0.2768767272949219,0.0
,5467,,,,,77.2796630859375,11.02294921875,0.9236475036621095,-0.21493423461914063,0.0
,5468,,,,,74.4140625,15.380859375,0.9261334899902344,-0.15278457641601562,0.0
,5469,,,,,77.435302734375,20.61767578125,0.9090423339843751,-0.08452353515625,0.0
,5470,,,,,73.5076904296875,25.4150390625,0.9366989318847656,-0.0062149658203125005,0.0
,5471,,,,,72.2442626953125,29.26025390625,0.9133928100585937,0.05779918212890625,0.0
,5472,,,,,70.3857421875,32.8582763671875,0.9227152587890626,0.1289605407714844,0.0
,5473,,,,,68.0145263671875,37.7288818359375,0.8884293640136719,0.20903001708984376,0.0
,5474,,,,,65.7257080078125,41.2445068359375,0.9200221069335938,0.289203076171875,0.0
,5475,,,,,64.7918701171875,41.436767578125,0.9326592041015626,0.3901962707519531,0.0
,5476,,,,,62.0635986328125,43.4600830078125,0.92312958984375,0.4511029357910156,0.0
,5477,,,,,58.1817626953125,46.4080810546875,0.9007557128906251,0.5019620727539063,0.0
,5478,,,,,54.656982421875,47.772216796875,0.9016879577636719,0.55520361328125,0.0
,5479,,,,,50.445556640625,50.8026123046875,0.8955765747070312,0.602540936279297,0.0
,5480,,,,,45.6024169921875,54.16259765625,0.8685414733886719,0.6099988952636719,0.0
,5481,,,,,39.9169921875,58.447265625,0.8414027893066407,0.6375519104003906,0.0
,5482,,,,,33.819580078125,62.7685546875,0.7916830627441407,0.6301975341796875,0.0
,5483,,,,,30.2581787109375,66.2750244140625,0.7355412048339844,0.6461492797851562,0.0
,5484,,,,,25.4791259765625,68.865966796875,0.6769133605957032,0.670387646484375,0.0
,5485,,,,,20.2423095703125,71.3104248046875,0.6270900512695313,0.6957654235839844,0.0
,5486,,,,,15.3350830078125,73.5443115234375,0.5530283752441406,0.7021875549316406,0.0
,5487,,,,,11.3983154296875,74.5147705078125,0.5200890563964844,0.7677554443359376,0.0
,5488,,,,,7.0037841796875,75.7781982421875,0.421789013671875,0.7869182556152344,0.0
,5489,,,,,2.1697998046875,76.4373779296875,0.39982946777343753,0.8443031066894532,0.0
,5490,,,,,-2.6275634765625,76.3824462890625,0.3241104675292969,0.8837681396484375,0.0
,5491,,,,,-6.317138671875,75.5767822265625,0.2611321472167969,0.9021022888183594,0.0
,5492,,,,,-7.8826904296875,74.45068359375,0.19328543701171877,0.9274800659179688,0.0
,5493,,,,,-11.8560791015625,73.114013671875,0.15982820434570313,0.9517184326171876,0.0
,5494,,,,,-15.7928466796875,71.2738037109375,0.09881795654296875,0.9747138061523438,0.0
,5495,,,,,-17.889404296875,69.3695068359375,0.023513287353515627,0.9668415161132813,0.0
,5496,,,,,-22.8973388671875,67.327880859375,-0.059974420166015625,0.9408422424316406,0.0
,5497,,,,,-29.18701171875,64.0869140625,-0.09187791137695313,0.9081100891113282,0.0
,5498,,,,,-35.2569580078125,61.3677978515625,-0.12170974731445312,0.9120462341308594,0.0
,5499,,,,,-40.521240234375,59.033203125,-0.16148552856445314,0.88998310546875,0.0
,5500,,,,,-45.5841064453125,56.3690185546875,-0.21431273803710937,0.8736170288085938,0.0
,5501,,,,,-50.921630859375,53.3477783203125,-0.2727334167480469,0.8265904541015625,0.0
,5502,,,,,-55.0140380859375,50.9124755859375,-0.3291860229492188,0.7991410217285156,0.0
,5503,,,,,-58.3465576171875,48.358154296875,-0.3883317810058594,0.7470388916015626,0.0
,5504,,,,,-61.3494873046875,45.9869384765625,-0.4685048400878906,0.6995979858398438,0.0
,5505,,,,,-64.41650390625,42.4896240234375,-0.5271326843261719,0.6630332702636719,0.0
,5506,,,,,-66.39404296875,39.2669677734375,-0.5864856079101562,0.6357910034179688,0.0
,5507,,,,,-66.8975830078125,37.7838134765625,-0.6589935424804688,0.5769559936523437,0.0
,5508,,,,,-68.060302734375,34.5794677734375,-0.7121315002441406,0.5479528198242187,0.0
,5509,,,,,-68.2342529296875,32.1990966796875,-0.7677554443359376,0.4894285583496094,0.0
,5510,,,,,-68.7744140625,28.52783203125,-0.8067025634765626,0.45887164306640627,0.0
,5511,,,,,-70.0927734375,23.5382080078125,-0.8448210205078125,0.43991599731445313,0.0
,5512,,,,,-70.001220703125,19.4366455078125,-0.8912260986328125,0.37921649780273436,0.0
,5513,,,,,-70.733642578125,13.9801025390625,-0.9071778442382813,0.35943218994140624,0.0
,5514,,,,,-71.22802734375,7.489013671875,-0.9135999755859375,0.31841341552734376,0.0
,5515,,,,,-73.919677734375,-2.45361328125,-0.9358702697753907,0.28630275878906253,0.0
,5516,,,,,-71.9512939453125,-3.6895751953125,-0.9499575256347657,0.22529251098632813,0.0
,5517,,,,,-72.2442626953125,-8.4136962890625,-0.9557581604003906,0.18551672973632813,0.0
,5518,,,,,-72.0062255859375,-14.02587890625,-0.9376311767578125,0.12067391967773437,0.0
,5519,,,,,-71.3470458984375,-19.1162109375,-0.9362846008300781,0.06701804809570312,0.0
,5520,,,,,-70.513916015625,-23.291015625,-0.9451927185058594,-0.020095056152343752,0.0
,5521,,,,,-69.17724609375,-27.1728515625,-0.9382526733398437,-0.04961614379882812,0.0
,5522,,,,,-67.56591796875,-30.8258056640625,-0.9515112670898438,-0.14429078979492188,0.0
,5523,,,,,-65.2130126953125,-35.0738525390625,-0.9266514038085938,-0.16065686645507812,0.0
,5524,,,,,-63.372802734375,-37.6007080078125,-0.9321412902832031,-0.24352307739257814,0.0
,5525,,,,,-61.1572265625,-40.228271484375,-0.8913296813964844,-0.2992506042480469,0.0
,5526,,,,,-59.5001220703125,-42.1234130859375,-0.8914332641601562,-0.38335980834960937,0.0
,5527,,,,,-56.4239501953125,-45.37353515625,-0.8845968017578125,-0.42883264160156254,0.0
,5528,,,,,-52.459716796875,-48.4954833984375,-0.8628444213867188,-0.48746048583984375,0.0
,5529,,,,,-49.1729736328125,-49.896240234375,-0.8157142639160156,-0.5119060180664062,0.0
,5530,,,,,-43.8446044921875,-54.38232421875,-0.8147820190429688,-0.5790276489257813,0.0
,5531,,,,,-38.543701171875,-58.0535888671875,-0.7993481872558594,-0.5938399841308594,0.0
,5532,,,,,-31.3751220703125,-61.2579345703125,-0.7701378479003906,-0.6243968994140625,0.0
,5533,,,,,-28.9764404296875,-64.654541015625,-0.728393994140625,-0.62812587890625,0.0
,5534,,,,,-23.2269287109375,-67.6483154296875,-0.7194858764648437,-0.6782599365234375,0.0
,5535,,,,,-18.1732177734375,-70.330810546875,-0.6467707763671875,-0.6885146301269531,0.0
,5536,,,,,-14.300537109375,-72.2900390625,-0.5824458801269532,-0.7255972595214844,0.0
,5537,,,,,-9.906005859375,-73.333740234375,-0.5105594421386719,-0.7495248779296875,0.0
,5538,,,,,-4.9713134765625,-73.86474609375,-0.4682976745605469,-0.8038022460937501,0.0
,5539,,,,,-0.201416015625,-74.3316650390625,-0.36077876586914065,-0.806288232421875,0.0
,5540,,,,,3.2958984375,-74.30419921875,-0.32980751953125004,-0.8559043762207031,0.0
,5541,,,,,5.4107666015625,-74.3499755859375,-0.23192180786132813,-0.8431636962890625,0.0
,5542,,,,,9.576416015625,-73.7457275390625,-0.14822693481445312,-0.8335304992675782,0.0
,5543,,,,,12.70751953125,-72.7294921875,-0.0658786376953125,-0.84689267578125,0.0
,5544,,,,,13.9801025390625,-71.4935302734375,-0.025895690917968752,-0.8638802490234375,0.0
,5545,,,,,18.3746337890625,-69.7998046875,0.05438095092773438,-0.8668841491699218,0.0
,5546,,,,,24.114990234375,-67.6483154296875,0.057281268310546876,-0.9021022888183594,0.0
,5547,,,,,30.0018310546875,-65.5242919921875,0.08379845581054687,-0.9215758483886719,0.0
,5548,,,,,35.2386474609375,-62.8326416015625,0.10389351196289062,-0.9160859619140626,0.0
,5549,,,,,40.3106689453125,-60.150146484375,0.16790765991210937,-0.8935049194335938,0.0
,5550,,,,,45.1263427734375,-57.4493408203125,0.20954793090820314,-0.8743421081542969,0.0
,5551,,,,,50.115966796875,-54.5928955078125,0.26382529907226565,-0.8564222900390626,0.0
,5552,,,,,54.510498046875,-52.0477294921875,0.3199671569824219,-0.8000732666015625,0.0
,5553,,,,,57.586669921875,-50.3814697265625,0.3634719177246094,-0.7841215209960938,0.0
,5554,,,,,60.699462890625,-47.9736328125,0.4144346374511719,-0.7382343566894531,0.0
,5555,,,,,63.9862060546875,-44.3206787109375,0.4981295104980469,-0.6777420227050781,0.0
,5556,,,,,66.595458984375,-40.6951904296875,0.5764380798339844,-0.6293688720703126,0.0
,5557,,,,,67.7581787109375,-37.9302978515625,0.6349623413085937,-0.5978797119140625,0.0
,5558,,,,,67.840576171875,-37.02392578125,0.6910006164550782,-0.5555143615722656,0.0
,5559,,,,,68.719482421875,-33.28857421875,0.7713808410644531,-0.5006154968261719,0.0
,5560,,,,,69.3878173828125,-29.2144775390625,0.8082563049316407,-0.47130157470703127,0.0
,5561,,,,,68.7103271484375,-26.6143798828125,0.8331161682128907,-0.44395572509765624,0.0
,5562,,,,,69.39697265625,-21.1578369140625,0.8538327209472657,-0.4046978576660156,0.0
,5563,,,,,69.635009765625,-15.545654296875,0.8843896362304687,-0.3736230285644531,0.0
,5564,,,,,70.3948974609375,-8.514404296875,0.9263406555175782,-0.32763228149414064,0.0
,5565,,,,,71.1181640625,-2.0050048828125,0.922404510498047,-0.2899281555175781,0.0
,5566,,,,,71.5850830078125,3.204345703125,0.9343165283203125,-0.25015237426757814,0.0
,5567,,,,,71.74072265625,8.45947265625,0.9335914489746094,-0.19245677490234375,0.0
,5568,,,,,71.4569091796875,14.0350341796875,0.9518220153808594,-0.12699246826171876,0.0
,5569,,,,,71.0540771484375,19.1986083984375,0.9211615173339844,-0.07758348999023437,0.0
,5570,,,,,70.49560546875,22.9339599609375,0.9188826965332032,-0.01885206298828125,0.0
,5571,,,,,69.76318359375,27.35595703125,0.9042775268554688,0.03293931884765625,0.0
,5572,,,,,68.0877685546875,31.8603515625,0.9353523559570313,0.1081404052734375,0.0
,5573,,,,,65.80810546875,36.1541748046875,0.9274800659179688,0.19691083374023438,0.0
,5574,,,,,63.665771484375,39.2669677734375,0.9403243286132813,0.2641360473632813,0.0
,5575,,,,,62.3199462890625,40.5303955078125,0.9144286376953126,0.3219352294921875,0.0
,5576,,,,,59.14306640625,44.1558837890625,0.9030345336914063,0.3891604431152344,0.0
,5577,,,,,56.0760498046875,47.076416015625,0.9022058715820312,0.4696442504882813,0.0
,5578,,,,,53.6590576171875,47.9461669921875,0.9027237854003907,0.5119060180664062,0.0
,5579,,,,,49.47509765625,51.5167236328125,0.8876007019042969,0.5511638854980468,0.0
,5580,,,,,44.659423828125,54.4921875,0.8393311340332031,0.5565501892089844,0.0
,5581,,,,,28.436279296875,58.5479736328125,0.8128139465332032,0.5810993041992187,0.0
,5582,,,,,33.2244873046875,62.6129150390625,0.7893006591796875,0.5972582153320313,0.0
,5583,,,,,28.3905029296875,65.73486328125,0.7485926330566407,0.6246040649414063,0.0
,5584,,,,,23.7030029296875,69.1680908203125,0.6519499145507812,0.6060627502441407,0.0
,5585,,,,,18.4844970703125,72.216796875,0.6185962646484375,0.6517427490234375,0.0
,5586,,,,,13.5772705078125,74.1668701171875,0.5454668334960938,0.6457349487304688,0.0
,5587,,,,,9.8968505859375,75.4852294921875,0.4993725036621094,0.710163427734375,0.0
,5588,,,,,5.5755615234375,76.1810302734375,0.41412388916015624,0.740927508544922,0.0
,5589,,,,,0.69580078125,76.2451171875,0.3943395812988281,0.8190289123535156,0.0
,5590,,,,,-4.06494140625,76.28173828125,0.30401541137695315,0.8545578002929688,0.0
,5591,,,,,-7.2418212890625,75.62255859375,0.26361813354492186,0.8953694091796875,0.0
,5592,,,,,-7.9193115234375,74.96337890625,0.18997078857421876,0.9133928100585937,0.0
,5593,,,,,-11.224365234375,73.9288330078125,0.11984525756835938,0.9312090454101563,0.0
,5594,,,,,-15.19775390625,72.528076171875,0.05945650634765625,0.9448819702148438,0.0
,5595,,,,,-17.8436279296875,70.7427978515625,0.015744580078125,0.95296142578125,0.0
,5596,,,,,-22.7691650390625,69.0582275390625,-0.06898612060546876,0.9240618347167969,0.0
,5597,,,,,-28.89404296875,66.357421875,-0.08421278686523438,0.914014306640625,0.0
,5598,,,,,-35.0372314453125,63.6199951171875,-0.1321716064453125,0.8938156677246094,0.0
,5599,,,,,-36.346435546875,61.3494873046875,-0.19297468872070314,0.864294580078125,0.0
,5600,,,,,-44.769287109375,59.28955078125,-0.24559473266601564,0.8490679138183594,0.0
,5601,,,,,-44.769287109375,59.28955078125,-0.2981111938476563,0.8121924499511719,0.0
,5602,,,,,-54.1168212890625,54.0252685546875,-0.37393377685546875,0.7754205688476563,0.0
,5603,,,,,-57.1746826171875,51.5625,-0.41640270996093753,0.7536681884765625,0.0
,5604,,,,,-60.02197265625,48.9898681640625,-0.4891178100585938,0.7116135864257813,0.0
,5605,,,,,-62.6953125,45.9869384765625,-0.5621436584472657,0.6450098693847657,0.0
,5606,,,,,-65.2862548828125,42.4072265625,-0.6252255615234376,0.6186998474121094,0.0
,5607,,,,,-66.5771484375,39.8895263671875,-0.6669694152832032,0.5937364013671875,0.0
,5608,,,,,-67.401123046875,36.7584228515625,-0.7009445617675781,0.5734341796875,0.0
,5609,,,,,-67.694091796875,34.31396484375,-0.7686876892089844,0.5283756774902344,0.0
,5610,,,,,-68.2708740234375,29.9835205078125,-0.8376738098144532,0.4830064270019531,0.0
,5611,,,,,-69.0948486328125,24.79248046875,-0.8884293640136719,0.4538996704101563,0.0
,5612,,,,,-68.756103515625,21.148681640625,-0.9030345336914063,0.4289362243652344,0.0
,5613,,,,,-69.5526123046875,15.362548828125,-0.9344201110839844,0.3942359985351563,0.0
,5614,,,,,-70.220947265625,9.283447265625,-0.9547223327636719,0.3365403991699219,0.0
,5615,,,,,-74.7528076171875,-3.9642333984375,-0.9446748046875,0.3087802185058594,0.0
,5616,,,,,-71.7315673828125,-3.717041015625,-0.951407684326172,0.24621622924804687,0.0
,5617,,,,,-72.1435546875,-8.8623046875,-0.9711919921875001,0.21016942749023437,0.0
,5618,,,,,-72.3358154296875,-14.4927978515625,-0.9599014709472656,0.13693641357421876,0.0
,5619,,,,,-72.0062255859375,-20.123291015625,-0.9480930358886719,0.10306484985351563,0.0
,5620,,,,,-71.08154296875,-25.3509521484375,-0.9578298156738282,0.027242266845703127,0.0
,5621,,,,,-69.7906494140625,-29.0771484375,-0.9533757568359376,-0.011912017822265626,0.0
,5622,,,,,-68.133544921875,-33.306884765625,-0.9680845092773438,-0.11912017822265625,0.0
,5623,,,,,-65.771484375,-38.12255859375,-0.9427067321777344,-0.1557884765625,0.0
,5624,,,,,-63.0706787109375,-41.93115234375,-0.9546187500000001,-0.21731663818359376,0.0
,5625,,,,,-60.479736328125,-44.7509765625,-0.9371132629394532,-0.27739464111328127,0.0
,5626,,,,,-59.088134765625,-45.4833984375,-0.9050026062011719,-0.37300153198242186,0.0
,5627,,,,,-55.8197021484375,-47.735595703125,-0.8754815185546875,-0.4045942749023438,0.0
,5628,,,,,-52.1026611328125,-50.50048828125,-0.8574581176757813,-0.4675725952148438,0.0
,5629,,,,,-48.687744140625,-51.89208984375,-0.82369013671875,-0.48549241333007814,0.0
,5630,,,,,-43.8995361328125,-55.389404296875,-0.836120068359375,-0.5690837036132813,0.0
,5631,,,,,-46.2799072265625,-59.50927734375,-0.8045273254394532,-0.5915611633300781,0.0
,5632,,,,,-29.2144775390625,-63.5467529296875,-0.7572935852050782,-0.6092738159179688,0.0
,5633,,,,,-28.60107421875,-66.7877197265625,-0.7019803894042969,-0.6020230224609375,0.0
,5634,,,,,-24.1058349609375,-69.5892333984375,-0.6942116821289063,-0.6800208435058595,0.0
,5635,,,,,-18.7042236328125,-72.2900390625,-0.6180783508300781,-0.6840605712890625,0.0
,5636,,,,,-14.2181396484375,-74.560546875,-0.5612114135742188,-0.7325373046875,0.0
,5637,,,,,-10.491943359375,-76.0894775390625,-0.45452116699218753,-0.7365770324707032,0.0
,5638,,,,,-6.7657470703125,-77.178955078125,-0.40304053344726565,-0.7786316345214844,0.0
,5639,,,,,-1.904296875,-77.838134765625,-0.3229710571289063,-0.7987266906738282,0.0
,5640,,,,,1.959228515625,-77.691650390625,-0.2774982238769531,-0.8520718139648438,0.0
,5641,,,,,2.874755859375,-77.2796630859375,-0.19691083374023438,-0.8565258728027344,0.0
,5642,,,,,6.18896484375,-76.57470703125,-0.13434684448242187,-0.8705095458984375,0.0
,5643,,,,,10.3546142578125,-75.201416015625,-0.05158421630859375,-0.8779675048828125,0.0
,5644,,,,,12.85400390625,-73.1231689453125,-0.022684625244140624,-0.9096638305664063,0.0
,5645,,,,,17.083740234375,-71.44775390625,0.06018158569335938,-0.8947479125976563,0.0
,5646,,,,,22.1649169921875,-69.6441650390625,0.07416525878906251,-0.9089387512207031,0.0
,5647,,,,,28.2440185546875,-67.49267578125,0.10171827392578126,-0.9190898620605469,0.0
,5648,,,,,29.736328125,-64.910888671875,0.1310321960449219,-0.9001342163085938,0.0
,5649,,,,,39.1937255859375,-62.5579833984375,0.20447237548828126,-0.8797284118652344,0.0
,5650,,,,,39.1937255859375,-62.5579833984375,0.24176217041015627,-0.8464783447265626,0.0
,5651,,,,,48.248291015625,-58.0718994140625,0.2938643005371094,-0.8340484130859376,0.0
,5652,,,,,50.0244140625,-54.986572265625,0.33281141967773437,-0.8284549438476563,0.0
,5653,,,,,56.43310546875,-52.2674560546875,0.3962040710449219,-0.8006947631835938,0.0
,5654,,,,,59.014892578125,-49.25537109375,0.4575250671386719,-0.7612297302246094,0.0
,5655,,,,,61.431884765625,-45.6207275390625,0.546088330078125,-0.724354266357422,0.0
,5656,,,,,64.3524169921875,-40.869140625,0.5996406188964843,-0.6739094604492187,0.0
,5657,,,,,66.2567138671875,-37.17041015625,0.6673837463378907,-0.633926513671875,0.0
,5658,,,,,66.1651611328125,-36.529541015625,0.7331588012695313,-0.5781989868164062,0.0
,5659,,,,,67.08984375,-33.50830078125,0.7701378479003906,-0.5491958129882812,0.0
,5660,,,,,68.0694580078125,-30.010986328125,0.8192360778808594,-0.502997900390625,0.0
,5661,,,,,68.1243896484375,-26.0284423828125,0.8564222900390626,-0.4685048400878906,0.0
,5662,,,,,69.140625,-20.2239990234375,0.8796248291015625,-0.44830620117187503,0.0
,5663,,,,,69.7174072265625,-14.7857666015625,0.8954729919433594,-0.4056301025390625,0.0
,5664,,,,,70.3033447265625,-8.642578125,0.9390813354492188,-0.37310511474609376,0.0
,5665,,,,,73.736572265625,3.570556640625,0.9295517211914063,-0.34503418579101564,0.0
,5666,,,,,70.9991455078125,4.852294921875,0.940531494140625,-0.29251772460937503,0.0
,5667,,,,,70.8892822265625,10.4095458984375,0.9485073669433594,-0.22156353149414063,0.0
,5668,,,,,70.6787109375,15.6280517578125,0.9530650085449219,-0.18261641235351564,0.0
,5669,,,,,70.0103759765625,21.1212158203125,0.9262370727539063,-0.12191691284179688,0.0
,5670,,,,,69.0582275390625,25.8087158203125,0.93970283203125,-0.052102130126953125,0.0
,5671,,,,,67.6666259765625,29.91943359375,0.9390813354492188,0.025792108154296875,0.0
,5672,,,,,66.1102294921875,34.1400146484375,0.9451927185058594,0.08006947631835938,0.0
,5673,,,,,63.665771484375,38.6810302734375,0.8958873229980469,0.15796371459960937,0.0
,5674,,,,,61.3677978515625,42.07763671875,0.9179504516601563,0.23523645629882814,0.0
,5675,,,,,60.53466796875,42.718505859375,0.9168110412597656,0.31313069458007814,0.0
,5676,,,,,58.0902099609375,45.1904296875,0.8931941711425782,0.38035590820312504,0.0
,5677,,,,,54.986572265625,48.0377197265625,0.8654339904785157,0.4415733215332031,0.0
,5678,,,,,52.11181640625,49.1912841796875,0.8708202941894532,0.5033086486816406,0.0
,5679,,,,,48.4588623046875,52.313232421875,0.8307337646484375,0.5433951782226563,0.0
,5680,,,,,44.0643310546875,55.40771484375,0.8196504089355469,0.5457775817871094,0.0
,5681,,,,,22.08251953125,59.1888427734375,0.7958263732910157,0.5876250183105469,0.0
,5682,,,,,29.022216796875,63.134765625,0.7429991638183594,0.5995370361328125,0.0
,5683,,,,,29.278564453125,66.339111328125,0.7216611145019531,0.6530893249511719,0.0
,5684,,,,,24.755859375,69.1497802734375,0.6353766723632813,0.6444919555664063,0.0
,5685,,,,,20.03173828125,71.7132568359375,0.5857605285644532,0.6711127258300782,0.0
,5686,,,,,15.673828125,73.8922119140625,0.5190532287597657,0.6841641540527343,0.0
,5687,,,,,12.4786376953125,75.347900390625,0.4768950439453125,0.7460030639648437,0.0
,5688,,,,,8.38623046875,76.025390625,0.3909213500976563,0.7765599792480469,0.0
,5689,,,,,3.84521484375,76.4739990234375,0.3376798095703125,0.8143676879882813,0.0
,5690,,,,,0.4119873046875,76.4923095703125,0.2673471130371094,0.8433708618164063,0.0
,5691,,,,,-2.52685546875,76.043701171875,0.21068734130859376,0.8780710876464844,0.0
,5692,,,,,-4.1839599609375,75.421142578125,0.12927128906250002,0.8998234680175782,0.0
,5693,,,,,-8.111572265625,73.736572265625,0.09301732177734376,0.9315197937011719,0.0
,5694,,,,,-12.5518798828125,71.7315673828125,0.03998294677734375,0.9561724914550781,0.0
,5695,,,,,-15.2069091796875,69.4610595703125,-0.013465759277343751,0.9445712219238281,0.0
,5696,,,,,-20.1507568359375,67.1905517578125,-0.07830856933593751,0.9208507690429688,0.0
,5697,,,,,-26.2115478515625,64.727783203125,-0.11549478149414062,0.9145322204589844,0.0
,5698,,,,,-32.025146484375,62.4298095703125,-0.17505487060546876,0.8900866882324219,0.0
,5699,,,,,-37.060546875,60.0677490234375,-0.20447237548828126,0.872581201171875,0.0
,5700,,,,,-41.912841796875,58.392333984375,-0.2432123291015625,0.8508288208007813,0.0
,5701,,,,,-46.9573974609375,55.8929443359375,-0.29479654541015626,0.7899221557617188,0.0
,5702,,,,,-51.01318359375,53.6773681640625,-0.3415123718261719,0.7734524963378906,0.0
,5703,,,,,-54.1168212890625,51.67236328125,-0.4115343200683594,0.7261151733398438,0.0
,5704,,,,,-57.183837890625,48.74267578125,-0.4826956787109375,0.69773349609375,0.0
,5705,,,,,-60.6536865234375,44.6044921875,-0.5489886474609376,0.6641726806640625,0.0
,5706,,,,,-63.226318359375,40.8782958984375,-0.6117598022460937,0.6377590759277344,0.0
,5707,,,,,-65.0848388671875,37.24365234375,-0.6525714111328125,0.60492333984375,0.0
,5708,,,,,-66.4398193359375,33.2611083984375,-0.6915185302734376,0.5851390319824219,0.0
,5709,,,,,-66.7510986328125,30.6427001953125,-0.7519072814941407,0.5324154052734376,0.0
,5710,,,,,-67.4835205078125,26.98974609375,-0.7957227905273437,0.49005005493164067,0.0
,5711,,,,,-68.170166015625,23.5382080078125,-0.8140569396972657,0.47347681274414066,0.0
,5712,,,,,-68.023681640625,20.0225830078125,-0.8525897277832032,0.42655382080078125,0.0
,5713,,,,,-68.8201904296875,13.5498046875,-0.8835609741210938,0.38843536376953125,0.0
,5714,,,,,-69.3603515625,7.06787109375,-0.8886365295410157,0.3464843444824219,0.0
,5715,,,,,-72.7294921875,-3.3416748046875,-0.8984768920898438,0.3293931884765625,0.0
,5716,,,,,-70.4681396484375,-4.669189453125,-0.9186755310058594,0.25460643310546877,0.0
,5717,,,,,-70.7061767578125,-11.151123046875,-0.9411529907226562,0.2034365478515625,0.0
,5718,,,,,-70.7611083984375,-17.24853515625,-0.9354559387207032,0.14988425903320313,0.0
,5719,,,,,-70.3033447265625,-21.478271484375,-0.9115283203125,0.12191691284179688,0.0
,5720,,,,,-69.525146484375,-25.946044921875,-0.9270657348632813,0.0153302490234375,0.0
,5721,,,,,-68.2525634765625,-31.1920166015625,-0.923958251953125,-0.027449432373046877,0.0
,5722,,,,,-66.7510986328125,-35.5865478515625,-0.9055205200195313,-0.10088961181640625,0.0
,5723,,,,,-65.240478515625,-38.763427734375,-0.8674020629882813,-0.1164270263671875,0.0
,5724,,,,,-64.251708984375,-40.887451171875,-0.8558007934570313,-0.1823056640625,0.0
,5725,,,,,-61.505126953125,-44.2657470703125,-0.8415063720703125,-0.252741943359375,0.0
,5726,,,,,-59.3994140625,-46.417236328125,-0.8581831970214844,-0.37238003540039066,0.0
,5727,,,,,-57.2662353515625,-47.35107421875,-0.8354985717773438,-0.4190958618164063,0.0
,5728,,,,,-53.704833984375,-49.951171875,-0.8280406127929688,-0.48839273071289063,0.0
,5729,,,,,-49.3743896484375,-52.77099609375,-0.788057666015625,-0.4935718688964844,0.0
,5730,,,,,-44.3572998046875,-56.2042236328125,-0.7646479614257813,-0.5373873779296875,0.0
,5731,,,,,-39.7247314453125,-59.58251953125,-0.7394773498535157,-0.5548928649902344,0.0
,5732,,,,,-33.087158203125,-63.31787109375,-0.7370949462890625,-0.6054412536621094,0.0
,5733,,,,,-30.0933837890625,-66.83349609375,-0.6801244262695313,-0.59829404296875,0.0
,5734,,,,,-25.30517578125,-69.9737548828125,-0.6430417968750001,-0.662101025390625,0.0
,5735,,,,,-21.1669921875,-72.2259521484375,-0.58835009765625,-0.6940045166015625,0.0
,5736,,,,,-17.2210693359375,-73.8189697265625,-0.5352121398925781,-0.7523216125488281,0.0
,5737,,,,,-12.3138427734375,-75.25634765625,-0.4428163146972656,-0.7824641967773438,0.0
,5738,,,,,-8.203125,-76.3092041015625,-0.3873995361328125,-0.8175787536621094,0.0
,5739,,,,,-4.4952392578125,-76.4007568359375,-0.2972825317382813,-0.8132282775878906,0.0
,5740,,,,,-0.933837890625,-76.153564453125,-0.2590604919433594,-0.8550757141113281,0.0
,5741,,,,,0.238037109375,-75.6866455078125,-0.18820988159179688,-0.8600476867675781,0.0
,5742,,,,,4.3487548828125,-74.59716796875,-0.1371435791015625,-0.8947479125976563,0.0
,5743,,,,,7.965087890625,-73.35205078125,-0.05800634765625,-0.9072814270019531,0.0
,5744,,,,,9.8968505859375,-71.282958984375,-0.017712652587890624,-0.9313126281738282,0.0
,5745,,,,,14.959716796875,-69.5892333984375,0.05458811645507813,-0.9230260070800782,0.0
,5746,,,,,21.1395263671875,-67.19970703125,0.044229840087890625,-0.9497503601074219,0.0
,5747,,,,,27.35595703125,-64.63623046875,0.09022058715820312,-0.937216845703125,0.0
,5748,,,,,32.8857421875,-62.713623046875,0.11342312622070314,-0.9243725830078126,0.0
,5749,,,,,38.1591796875,-60.7177734375,0.1836522399902344,-0.8868756225585938,0.0
,5750,,,,,43.7164306640625,-58.1268310546875,0.22197786254882812,-0.8660554870605469,0.0
,5751,,,,,48.7884521484375,-55.718994140625,0.29438221435546874,-0.8098100463867188,0.0
,5752,,,,,52.6702880859375,-53.118896484375,0.3239033020019531,-0.7910615661621094,0.0
,5753,,,,,55.84716796875,-50.518798828125,0.36202175903320316,-0.7795638793945313,0.0
,5754,,,,,59.6282958984375,-46.746826171875,0.4013832092285156,-0.7443457397460937,0.0
,5755,,,,,62.823486328125,-43.1396484375,0.4871497375488281,-0.6948331787109375,0.0
,5756,,,,,65.1580810546875,-39.58740234375,0.5457775817871094,-0.6580612976074219,0.0
,5757,,,,,67.0074462890625,-35.9344482421875,0.6290581237792969,-0.6208750854492188,0.0
,5758,,,,,68.0145263671875,-33.1146240234375,0.7053986206054688,-0.5652511413574219,0.0
,5759,,,,,69.287109375,-29.00390625,0.7450708190917968,-0.5415306884765625,0.0
,5760,,,,,69.3695068359375,-26.275634765625,0.7645443786621094,-0.5041373107910156,0.0
,5761,,,,,68.5638427734375,-23.9501953125,0.8080491394042969,-0.47202665405273436,0.0
,5762,,,,,69.25048828125,-19.0338134765625,0.8683343078613281,-0.42085676879882816,0.0
,5763,,,,,69.8638916015625,-12.41455078125,0.8763101806640625,-0.38522429809570313,0.0
,5764,,,,,70.751953125,-5.7769775390625,0.8707167114257813,-0.35663545532226565,0.0
,5765,,,,,72.637939453125,2.4627685546875,0.8841824707031251,-0.320692236328125,0.0
,5766,,,,,71.66748046875,5.767822265625,0.9055205200195313,-0.2829881103515625,0.0
,5767,,,,,71.978759765625,12.3687744140625,0.8961980712890625,-0.2536741882324219,0.0
,5768,,,,,72.0062255859375,18.2464599609375,0.9188826965332032,-0.19297468872070314,0.0
,5769,,,,,71.759033203125,22.9339599609375,0.8986840576171875,-0.10772607421875001,0.0
,5770,,,,,71.2921142578125,27.2003173828125,0.897441064453125,-0.03801487426757812,0.0
,5771,,,,,70.27587890625,31.9427490234375,0.8834573913574219,0.06308190307617188,0.0
,5772,,,,,69.012451171875,35.4400634765625,0.9046918579101563,0.13206802368164064,0.0
,5773,,,,,67.3187255859375,38.4246826171875,0.8677128112792969,0.1926639404296875,0.0
,5774,,,,,65.29541015625,41.2994384765625,0.8873935363769532,0.277601806640625,0.0
,5775,,,,,63.6749267578125,42.4346923828125,0.8835609741210938,0.36854747314453123,0.0
,5776,,,,,60.82763671875,44.8150634765625,0.8708202941894532,0.4004509643554688,0.0
,5777,,,,,57.9254150390625,47.16796875,0.8511395690917969,0.4572143188476563,0.0
,5778,,,,,55.1605224609375,48.7060546875,0.8505180725097656,0.49450411376953124,0.0
,5779,,,,,50.6103515625,52.9541015625,0.8346699096679687,0.5482635681152344,0.0
,5780,,,,,45.6298828125,56.6253662109375,0.7984159423828125,0.5530283752441406,0.0
,5781,,,,,41.253662109375,60.1043701171875,0.7817391174316406,0.6010907775878906,0.0
,5782,,,,,34.259033203125,63.6383056640625,0.7193822937011719,0.5864856079101562,0.0
,5783,,,,,31.3385009765625,67.0989990234375,0.6814710021972656,0.6295760375976562,0.0
,5784,,,,,26.47705078125,70.3582763671875,0.6328906860351563,0.6508105041503907,0.0
,5785,,,,,22.74169921875,72.1435546875,0.5829637939453125,0.6746345397949219,0.0
,5786,,,,,18.365478515625,73.6358642578125,0.5155314147949219,0.7179321350097656,0.0
,5787,,,,,13.18359375,74.74365234375,0.49450411376953124,0.7992446044921875,0.0
,5788,,,,,8.2489013671875,75.2655029296875,0.4227212585449219,0.833737664794922,0.0
,5789,,,,,4.4677734375,75.1922607421875,0.3912320983886719,0.8930905883789063,0.0
,5790,,,,,0.3204345703125,74.761962890625,0.298318359375,0.9037596130371094,0.0
,5791,,,,,-4.156494140625,74.2218017578125,0.24621622924804687,0.9168110412597656,0.0
,5792,,,,,-5.5755615234375,73.6358642578125,0.15848162841796876,0.9175361206054687,0.0
,5793,,,,,-8.404541015625,72.6470947265625,0.09622838745117188,0.9170182067871094,0.0
,5794,,,,,-12.3779296875,71.6217041015625,0.04878748168945313,0.9441568908691407,0.0
,5795,,,,,-16.1773681640625,69.61669921875,0.029521087646484374,0.9633197021484375,0.0
,5796,,,,,-21.93603515625,67.63916015625,-0.03345723266601563,0.9448819702148438,0.0
,5797,,,,,-26.9073486328125,65.5426025390625,-0.06660371704101563,0.934730859375,0.0
,5798,,,,,-32.7392578125,63.0157470703125,-0.12792471313476564,0.9267549865722656,0.0
,5799,,,,,-38.653564453125,60.296630859375,-0.1653180908203125,0.9071778442382813,0.0
,5800,,,,,-44.7235107421875,57.2296142578125,-0.23243972167968752,0.8747564392089844,0.0
,5801,,,,,-49.98779296875,54.52880859375,-0.27832688598632815,0.8407812927246094,0.0
,5802,,,,,-53.79638671875,52.1575927734375,-0.3319827575683594,0.8028700012207032,0.0
,5803,,,,,-57.623291015625,49.1912841796875,-0.3840848876953125,0.7544968505859375,0.0
,5804,,,,,-61.322021484375,45.556640625,-0.4405374938964844,0.7347125427246094,0.0
,5805,,,,,-64.56298828125,41.6107177734375,-0.5139776733398438,0.6863393920898437,0.0
,5806,,,,,-66.50390625,38.6260986328125,-0.5652511413574219,0.665415673828125,0.0
,5807,,,,,-68.536376953125,35.247802734375,-0.6278151306152344,0.609066650390625,0.0
,5808,,,,,-70.1751708984375,31.201171875,-0.7021875549316406,0.5680478759765625,0.0
,5809,,,,,-70.294189453125,29.534912109375,-0.7618512268066406,0.53034375,0.0
,5810,,,,,-70.5780029296875,26.4495849609375,-0.8111566223144532,0.4840422546386719,0.0
,5811,,,,,-71.099853515625,21.9268798828125,-0.8333233337402344,0.4601146362304688,0.0
,5812,,,,,-70.86181640625,17.633056640625,-0.8496894104003907,0.41868153076171877,0.0
,5813,,,,,-71.59423828125,11.97509765625,-0.8867720397949219,0.391128515625,0.0
,5814,,,,,-72.1710205078125,6.536865234375,-0.8927798400878907,0.327321533203125,0.0
,5815,,,,,-74.835205078125,-2.8564453125,-0.8910189331054688,0.31717042236328125,0.0
,5816,,,,,-73.004150390625,-4.9530029296875,-0.9126677307128906,0.23927618408203125,0.0
,5817,,,,,-73.2696533203125,-11.3067626953125,-0.9277908142089843,0.18997078857421876,0.0
,5818,,,,,-73.370361328125,-17.193603515625,-0.9261334899902344,0.12906412353515626,0.0
,5819,,,,,-73.3062744140625,-21.78955078125,-0.9343165283203125,0.08151963500976563,0.0
,5820,,,,,-72.94921875,-25.9918212890625,-0.9449855529785156,-0.012326348876953126,0.0
,5821,,,,,-71.9512939453125,-30.5694580078125,-0.9250976623535156,-0.06453206176757813,0.0
,5822,,,,,-70.440673828125,-35.3668212890625,-0.9201256896972656,-0.13600416870117188,0.0
,5823,,,,,-68.8201904296875,-38.5894775390625,-0.9157752136230469,-0.16997931518554688,0.0
,5824,,,,,-67.6025390625,-39.4134521484375,-0.8992019714355469,-0.2640324645996094,0.0
,5825,,,,,-65.22216796875,-41.7755126953125,-0.8802463256835937,-0.3161345947265625,0.0
,5826,,,,,-62.3565673828125,-44.5587158203125,-0.8779675048828125,-0.40583726806640624,0.0
,5827,,,,,-59.307861328125,-46.142578125,-0.8495858276367187,-0.43401177978515626,0.0
,5828,,,,,-55.55419921875,-49.0997314453125,-0.8513467346191407,-0.5114916870117188,0.0
,5829,,,,,-51.1322021484375,-51.5899658203125,-0.8443031066894532,-0.5456739990234375,0.0
,5830,,,,,-45.611572265625,-55.718994140625,-0.8368451477050781,-0.6075129089355469,0.0
,5831,,,,,-40.081787109375,-59.3719482421875,-0.7932368041992188,-0.6169389404296876,0.0
,5832,,,,,-32.11669921875,-62.2283935546875,-0.7791495483398437,-0.6630332702636719,0.0
,5833,,,,,-30.6976318359375,-65.5242919921875,-0.7194858764648437,-0.662101025390625,0.0
,5834,,,,,-25.396728515625,-68.426513671875,-0.6799172607421875,-0.725079345703125,0.0
,5835,,,,,-20.599365234375,-70.733642578125,-0.6014015258789063,-0.7583294128417969,0.0
,5836,,,,,-16.7816162109375,-72.1160888671875,-0.5720876037597656,-0.786400341796875,0.0
,5837,,,,,-12.689208984375,-73.3154296875,-0.4798989440917969,-0.7887827453613282,0.0
,5838,,,,,-7.9925537109375,-74.01123046875,-0.44727037353515625,-0.8508288208007813,0.0
,5839,,,,,-3.314208984375,-74.6337890625,-0.3674080627441406,-0.8592190246582031,0.0
,5840,,,,,0.54931640625,-74.560546875,-0.31634176025390626,-0.9018951232910156,0.0
,5841,,,,,3.55224609375,-73.846435546875,-0.22415310058593751,-0.9074885925292969,0.0
,5842,,,,,7.2418212890625,-72.8668212890625,-0.16293568725585938,-0.9216794311523437,0.0
,5843,,,,,10.8306884765625,-71.4752197265625,-0.09923228759765625,-0.9218865966796875,0.0
,5844,,,,,13.494873046875,-69.8638916015625,-0.045887164306640624,-0.9211615173339844,0.0
,5845,,,,,17.61474609375,-68.2708740234375,0.009633197021484375,-0.9334878662109375,0.0
,5846,,,,,22.320556640625,-66.229248046875,0.05085913696289063,-0.9320377075195313,0.0
,5847,,,,,28.4454345703125,-63.8946533203125,0.11104072265625001,-0.930587548828125,0.0
,5848,,,,,34.442138671875,-61.3311767578125,0.10441142578125,-0.9423959838867187,0.0
,5849,,,,,39.66064453125,-58.92333984375,0.1520594970703125,-0.9336950317382813,0.0
,5850,,,,,44.805908203125,-56.231689453125,0.20923718261718752,-0.8861505432128907,0.0
,5851,,,,,50.0701904296875,-53.155517578125,0.2639288818359375,-0.8563187072753906,0.0
,5852,,,,,54.8675537109375,-49.896240234375,0.3062942321777344,-0.8207898193359375,0.0
,5853,,,,,58.135986328125,-47.3876953125,0.36264325561523436,-0.7995553527832031,0.0
,5854,,,,,61.1297607421875,-44.696044921875,0.40003663330078126,-0.7560505920410157,0.0
,5855,,,,,63.995361328125,-41.5008544921875,0.48621749267578124,-0.7128565795898437,0.0
,5856,,,,,66.778564453125,-37.481689453125,0.5606934997558594,-0.6693518188476563,0.0
,5857,,,,,68.206787109375,-34.588623046875,0.6233610717773438,-0.6364125,0.0
,5858,,,,,68.3258056640625,-33.7921142578125,0.6943152648925781,-0.5722947692871094,0.0
,5859,,,,,69.0765380859375,-30.8258056640625,0.7419633361816407,-0.5302401672363282,0.0
,5860,,,,,70.2392578125,-26.531982421875,0.7813247863769531,-0.4944005310058594,0.0
,5861,,,,,69.8455810546875,-23.5382080078125,0.8111566223144532,-0.4621862915039063,0.0
,5862,,,,,70.3033447265625,-18.85986328125,0.8463747619628906,-0.42655382080078125,0.0
,5863,,,,,71.1090087890625,-13.14697265625,0.8841824707031251,-0.36699373168945315,0.0
,5864,,,,,72.2259521484375,-6.353759765625,0.9166038757324219,-0.33788697509765625,0.0
,5865,,,,,74.0386962890625,1.666259765625,0.9061420166015626,-0.3067085632324219,0.0
,5866,,,,,73.57177734375,4.925537109375,0.923958251953125,-0.26361813354492186,0.0
,5867,,,,,76.9866943359375,10.8306884765625,0.9424995666503907,-0.17764443969726562,0.0
,5868,,,,,73.9105224609375,15.435791015625,0.9701561645507812,-0.11321596069335937,0.0
,5869,,,,,73.114013671875,20.855712890625,0.9279979797363281,-0.0696076171875,0.0
,5870,,,,,72.0062255859375,25.45166015625,0.9334878662109375,-0.014605169677734375,0.0
,5871,,,,,70.9716796875,29.4158935546875,0.9241654174804688,0.07426884155273437,0.0
,5872,,,,,69.4061279296875,32.684326171875,0.9527542602539063,0.1476054382324219,0.0
,5873,,,,,66.7327880859375,36.62109375,0.9271693176269532,0.21742022094726562,0.0
,5874,,,,,64.4439697265625,40.2740478515625,0.9561724914550781,0.3036010803222656,0.0
,5875,,,,,63.6383056640625,40.155029296875,0.9287230590820312,0.3776627563476563,0.0
,5876,,,,,60.8917236328125,42.095947265625,0.9054169372558594,0.43194012451171876,0.0
,5877,,,,,57.3760986328125,45.172119140625,0.9097674133300782,0.5060018005371094,0.0
,5878,,,,,54.30908203125,46.6461181640625,0.9039667785644532,0.546088330078125,0.0
,5879,,,,,49.932861328125,50.06103515625,0.8694737182617188,0.5755058349609375,0.0
,5880,,,,,44.970703125,53.887939453125,0.8492750793457031,0.5846211181640625,0.0
,5881,,,,,39.385986328125,58.355712890625,0.8201683227539063,0.6127956298828126,0.0
,5882,,,,,33.7646484375,62.200927734375,0.7715880065917969,0.6220144958496094,0.0
,5883,,,,,30.0201416015625,65.36865234375,0.7396845153808594,0.6536072387695313,0.0
,5884,,,,,25.3875732421875,68.22509765625,0.67618828125,0.6809530883789062,0.0
,5885,,,,,20.1141357421875,70.7061767578125,0.6442847900390625,0.7103705932617188,0.0
,5886,,,,,15.234375,72.784423828125,0.5521997131347657,0.70436279296875,0.0
,5887,,,,,11.31591796875,73.79150390625,0.5093164489746094,0.7609189819335938,0.0
,5888,,,,,6.8389892578125,74.688720703125,0.44395572509765624,0.802144921875,0.0
,5889,,,,,1.922607421875,75.091552734375,0.4231355895996094,0.8747564392089844,0.0
,5890,,,,,-2.9754638671875,74.74365234375,0.3342615783691406,0.8968195678710937,0.0
,5891,,,,,-6.2255859375,74.30419921875,0.25294910888671873,0.8982697265625,0.0
,5892,,,,,-7.50732421875,73.5809326171875,0.17174022216796875,0.9030345336914063,0.0
,5893,,,,,-11.6363525390625,71.868896484375,0.14366929321289063,0.9296553039550781,0.0
,5894,,,,,-15.7012939453125,70.0836181640625,0.062356823730468754,0.9401171630859375,0.0
,5895,,,,,-17.779541015625,68.00537109375,0.011290521240234375,0.9408422424316406,0.0
,5896,,,,,-22.5128173828125,66.632080078125,-0.03552888793945313,0.9522363464355469,0.0
,5897,,,,,-28.692626953125,64.3157958984375,-0.06639655151367188,0.9427067321777344,0.0
,5898,,,,,-34.8907470703125,61.578369140625,-0.12295274047851563,0.9037596130371094,0.0
,5899,,,,,-40.3564453125,59.2529296875,-0.16345360107421875,0.8620157592773438,0.0
,5900,,,,,-45.4193115234375,56.707763671875,-0.19017795410156252,0.8497929931640625,0.0
,5901,,,,,-50.885009765625,53.7689208984375,-0.2398976806640625,0.8109494567871094,0.0
,5902,,,,,-55.1605224609375,51.4434814453125,-0.3085730529785156,0.7811176208496095,0.0
,5903,,,,,-58.5113525390625,49.3194580078125,-0.3735194458007813,0.72922265625,0.0
,5904,,,,,-61.5875244140625,47.0123291015625,-0.4476847045898438,0.7001158996582032,0.0
,5905,,,,,-64.8193359375,43.2037353515625,-0.5326225708007812,0.6493603454589844,0.0
,5906,,,,,-67.0440673828125,39.7064208984375,-0.6057520019531251,0.602540936279297,0.0
,5907,,,,,-67.6666259765625,38.140869140625,-0.6532964904785157,0.5704302795410157,0.0
,5908,,,,,-68.8201904296875,35.1654052734375,-0.7108885070800781,0.5384232055664062,0.0
,5909,,,,,-69.17724609375,32.8948974609375,-0.7478675537109375,0.4984402587890625,0.0
,5910,,,,,-69.8272705078125,28.6834716796875,-0.8017305908203125,0.4592859741210938,0.0
,5911,,,,,-70.7977294921875,23.47412109375,-0.8466855102539063,0.42655382080078125,0.0
,5912,,,,,-70.587158203125,19.7845458984375,-0.8818000671386719,0.386985205078125,0.0
,5913,,,,,-71.337890625,13.9801025390625,-0.8949550781250001,0.37020479736328127,0.0
,5914,,,,,-72.052001953125,6.9122314453125,-0.9188826965332032,0.31654892578125,0.0
,5915,,,,,-74.74365234375,-2.3895263671875,-0.9174325378417969,0.28402393798828124,0.0
,5916,,,,,-73.0865478515625,-3.9459228515625,-0.9381490905761719,0.21607364501953125,0.0
,5917,,,,,-73.1597900390625,-8.4869384765625,-0.9404279113769531,0.183134326171875,0.0
,5918,,,,,-72.8759765625,-14.1815185546875,-0.9661164367675782,0.09281015625,0.0
,5919,,,,,-72.3541259765625,-19.3084716796875,-0.9669450988769531,0.03873995361328125,0.0
,5920,,,,,-71.2738037109375,-23.052978515625,-0.9614552124023438,-0.04671582641601563,0.0
,5921,,,,,-69.6990966796875,-26.8798828125,-0.96787734375,-0.09705704956054688,0.0
,5922,,,,,-67.9229736328125,-30.8258056640625,-0.9593835571289063,-0.1727760498046875,0.0
,5923,,,,,-65.44189453125,-34.9456787109375,-0.9451927185058594,-0.18955645751953126,0.0
,5924,,,,,-63.9129638671875,-38.0859375,-0.9457106323242188,-0.2993541870117188,0.0
,5925,,,,,-61.92626953125,-40.90576171875,-0.9109068237304688,-0.3274251159667969,0.0
,5926,,,,,-60.150146484375,-42.59033203125,-0.8829394775390625,-0.3983793090820313,0.0
,5927,,,,,-56.87255859375,-45.8404541015625,-0.8664698181152344,-0.43328670043945317,0.0
,5928,,,,,-53.155517578125,-49.200439453125,-0.8655375732421875,-0.4931575378417969,0.0
,5929,,,,,-49.8138427734375,-50.79345703125,-0.837777392578125,-0.5004083312988281,0.0
,5930,,,,,-45.00732421875,-54.2816162109375,-0.8225507263183593,-0.5613149963378906,0.0
,5931,,,,,-39.2852783203125,-58.154296875,-0.7776993896484375,-0.5738485107421876,0.0
,5932,,,,,-32.3455810546875,-62.3199462890625,-0.7775958068847656,-0.6232574890136718,0.0
,5933,,,,,-29.18701171875,-65.606689453125,-0.728393994140625,-0.6234646545410156,0.0
,5934,,,,,-23.4832763671875,-68.756103515625,-0.6892397094726562,-0.6544359008789062,0.0
,5935,,,,,-18.3746337890625,-71.37451171875,-0.6387949035644531,-0.6926579406738281,0.0
,5936,,,,,-14.373779296875,-72.65625,-0.6169389404296876,-0.7643372131347657,0.0
,5937,,,,,-9.9700927734375,-73.86474609375,-0.5284792602539062,-0.7718987548828126,0.0
,5938,,,,,-5.9417724609375,-74.9267578125,-0.47088724365234375,-0.8150927673339844,0.0
,5939,,,,,-0.7232666015625,-75.3753662109375,-0.36626865234375,-0.8107422912597656,0.0
,5940,,,,,3.5888671875,-75.531005859375,-0.33415799560546877,-0.8581831970214844,0.0
,5941,,,,,5.9600830078125,-75.3021240234375,-0.2681757751464844,-0.8646053283691406,0.0
,5942,,,,,9.613037109375,-74.4415283203125,-0.19525350952148438,-0.875895849609375,0.0
,5943,,,,,13.00048828125,-73.4344482421875,-0.09249940795898438,-0.8746528564453125,0.0
,5944,,,,,15.1336669921875,-71.6033935546875,-0.05645260620117188,-0.8968195678710937,0.0
,5945,,,,,19.0704345703125,-69.5343017578125,0.001968072509765625,-0.9005485473632813,0.0
,5946,,,,,23.968505859375,-67.6025390625,0.025377777099609377,-0.9200221069335938,0.0
,5947,,,,,29.8187255859375,-65.4327392578125,0.08597369384765625,-0.902413037109375,0.0
,5948,,,,,35.6597900390625,-63.043212890625,0.12347065429687501,-0.8837681396484375,0.0
,5949,,,,,40.6951904296875,-61.2030029296875,0.1827199951171875,-0.8608763488769532,0.0
,5950,,,,,41.9677734375,-59.0057373046875,0.21431273803710937,-0.8383988891601563,0.0
,5951,,,,,50.86669921875,-56.231689453125,0.2685901062011719,-0.8179930847167969,0.0
,5952,,,,,55.2978515625,-53.411865234375,0.315720263671875,-0.7889899108886719,0.0
,5953,,,,,58.282470703125,-51.141357421875,0.3634719177246094,-0.7702414306640625,0.0
,5954,,,,,61.23046875,-48.1292724609375,0.40293695068359375,-0.7394773498535157,0.0
,5955,,,,,64.141845703125,-44.2474365234375,0.49450411376953124,-0.6951439270019532,0.0
,5956,,,,,66.6961669921875,-40.594482421875,0.5649403930664063,-0.6497746765136719,0.0
,5957,,,,,67.987060546875,-38.0859375,0.6515355834960938,-0.5998477844238281,0.0
,5958,,,,,68.0694580078125,-37.1795654296875,0.7229041076660156,-0.5305509155273438,0.0
,5959,,,,,68.84765625,-34.0667724609375,0.7504571228027344,-0.507969873046875,0.0
,5960,,,,,69.964599609375,-29.736328125,0.7846394348144532,-0.47824161987304686,0.0
,5961,,,,,69.708251953125,-26.513671875,0.8538327209472657,-0.4181636169433594,0.0
,5962,,,,,70.0653076171875,-21.2493896484375,0.8884293640136719,-0.4011760437011719,0.0
,5963,,,,,70.71533203125,-14.996337890625,0.8915368469238282,-0.3721728698730469,0.0
,5964,,,,,71.66748046875,-8.294677734375,0.9213686828613281,-0.3280466125488281,0.0
,5965,,,,,72.32666015625,-2.197265625,0.9085244201660156,-0.30556915283203123,0.0
,5966,,,,,72.564697265625,3.0029296875,0.9456070495605469,-0.27200833740234376,0.0
,5967,,,,,72.65625,8.4228515625,0.9386670043945313,-0.20695836181640626,0.0
,5968,,,,,72.4456787109375,14.117431640625,0.9379419250488281,-0.14729468994140626,0.0
,5969,,,,,71.9696044921875,19.317626953125,0.9313126281738282,-0.07779065551757813,0.0
,5970,,,,,71.2005615234375,22.9339599609375,0.9467464599609375,-0.02133804931640625,0.0
,5971,,,,,69.927978515625,26.898193359375,0.922300927734375,0.07136852416992187,0.0
,5972,,,,,68.4356689453125,31.8695068359375,0.93638818359375,0.1413904724121094,0.0
,5973,,,,,66.156005859375,36.51123046875,0.9139107238769532,0.20830493774414063,0.0
,5974,,,,,64.013671875,39.84375,0.9321412902832031,0.2697295166015625,0.0
,5975,,,,,62.786865234375,41.41845703125,0.9104924926757813,0.32255672607421876,0.0
,5976,,,,,60.076904296875,44.1741943359375,0.9152572998046875,0.39268225708007815,0.0
,5977,,,,,56.744384765625,47.3419189453125,0.9144286376953126,0.4656045227050781,0.0
,5978,,,,,53.7322998046875,48.8433837890625,0.8905010192871095,0.5000975830078125,0.0
,5979,,,,,49.7772216796875,51.96533203125,0.8838717224121094,0.5501280578613281,0.0
,5980,,,,,45.208740234375,55.206298828125,0.8426457824707031,0.5439130920410157,0.0
,5981,,,,,20.947265625,59.3994140625,0.8226543090820313,0.5925969909667969,0.0
,5982,,,,,28.546142578125,63.2720947265625,0.7999696838378907,0.6197356750488281,0.0
,5983,,,,,29.0863037109375,66.39404296875,0.749939208984375,0.6384841552734375,0.0
,5984,,,,,23.91357421875,69.4976806640625,0.6917256958007812,0.6513284179687501,0.0
,5985,,,,,18.511962890625,72.5738525390625,0.6690410705566406,0.7021875549316406,0.0
,5986,,,,,13.5406494140625,74.6246337890625,0.5856569458007813,0.7073666931152344,0.0
,5987,,,,,9.6771240234375,75.62255859375,0.5247502807617188,0.7504571228027344,0.0
,5988,,,,,5.3466796875,76.7852783203125,0.4346332763671875,0.7798746276855469,0.0
,5989,,,,,0.4669189453125,77.34375,0.40210828857421876,0.8252438781738282,0.0
,5990,,,,,-4.1015625,77.5634765625,0.324006884765625,0.8434744445800781,0.0
,5991,,,,,-7.1044921875,77.3529052734375,0.24424815673828126,0.8639838317871094,0.0
,5992,,,,,-7.781982421875,76.4190673828125,0.13445042724609377,0.8759994323730469,0.0
,5993,,,,,-11.334228515625,74.8809814453125,0.09084208374023438,0.9074885925292969,0.0
,5994,,,,,-15.4815673828125,72.9583740234375,0.052205712890625,0.9419816528320313,0.0
,5995,,,,,-17.8436279296875,70.7794189453125,0.028070928955078126,0.9718134887695313,0.0
,5996,,,,,-22.8515625,68.88427734375,-0.0377041259765625,0.9599014709472656,0.0
,5997,,,,,-29.0496826171875,65.80810546875,-0.08877042846679688,0.9324520385742188,0.0
,5998,,,,,-34.9639892578125,63.0889892578125,-0.13155010986328125,0.92312958984375,0.0
,5999,,,,,-39.990234375,60.8184814453125,-0.1636607666015625,0.8996163024902344,0.0
,6000,,,,,-44.6136474609375,58.740234375,-0.2299537353515625,0.8783818359375001,0.0
,6001,,,,,-49.6307373046875,55.9661865234375,-0.30194375610351565,0.8462711791992188,0.0
,6002,,,,,-53.759765625,53.28369140625,-0.37724842529296876,0.7996589355468751,0.0
,6003,,,,,-56.707763671875,51.031494140625,-0.42531082763671874,0.7527359436035157,0.0
,6004,,,,,-59.3170166015625,48.3123779296875,-0.49885458984375003,0.72093603515625,0.0
,6005,,,,,-61.5692138671875,44.989013671875,-0.5644224792480469,0.6892397094726562,0.0
,6006,,,,,-63.8763427734375,41.033935546875,-0.6327871032714844,0.6574398010253907,0.0
,6007,,,,,-65.2679443359375,38.3514404296875,-0.7007373962402343,0.5975689636230469,0.0
,6008,,,,,-66.17431640625,35.3851318359375,-0.7590544921875,0.5403912780761719,0.0
,6009,,,,,-66.5130615234375,33.4808349609375,-0.7998661010742187,0.5058982177734375,0.0
,6010,,,,,-66.796875,29.8095703125,-0.8498965759277344,0.46891917114257814,0.0
,6011,,,,,-67.657470703125,24.9298095703125,-0.8781746704101563,0.440019580078125,0.0
,6012,,,,,-67.6025390625,20.965576171875,-0.9211615173339844,0.3846028015136719,0.0
,6013,,,,,-68.353271484375,14.9139404296875,-0.9333842834472657,0.36409341430664066,0.0
,6014,,,,,-69.3603515625,8.038330078125,-0.9617659606933594,0.32980751953125004,0.0
,6015,,,,,-72.61962890625,-2.3895263671875,-0.9600050537109376,0.2994577697753906,0.0
,6016,,,,,-70.4864501953125,-3.18603515625,-0.9327627868652344,0.25450285034179687,0.0
,6017,,,,,-70.9991455078125,-8.1390380859375,-0.9249940795898438,0.21079092407226563,0.0
,6018,,,,,-70.9991455078125,-13.9892578125,-0.9350416076660156,0.14014747924804688,0.0
,6019,,,,,-70.697021484375,-19.51904296875,-0.9557581604003906,0.09705704956054688,0.0
,6020,,,,,-69.781494140625,-23.895263671875,-0.9746102233886719,0.0045576416015625,0.0
,6021,,,,,-68.4906005859375,-28.3172607421875,-0.9559653259277344,-0.023513287353515627,0.0
,6022,,,,,-66.8975830078125,-32.4371337890625,-0.9409458251953126,-0.11000489501953126,0.0
,6023,,,,,-64.34326171875,-36.8499755859375,-0.923958251953125,-0.141701220703125,0.0
,6024,,,,,-61.8804931640625,-41.1163330078125,-0.9409458251953126,-0.19981115112304687,0.0
,6025,,,,,-59.47265625,-43.8720703125,-0.9145322204589844,-0.244455322265625,0.0
,6026,,,,,-57.861328125,-44.476318359375,-0.8914332641601562,-0.3609859313964844,0.0
,6027,,,,,-54.78515625,-47.076416015625,-0.8829394775390625,-0.41951019287109376,0.0
,6028,,,,,-51.2969970703125,-49.896240234375,-0.8604620178222656,-0.4798989440917969,0.0
,6029,,,,,-48.1842041015625,-51.123046875,-0.8308373474121094,-0.48673540649414065,0.0
,6030,,,,,-43.780517578125,-54.730224609375,-0.8358093200683594,-0.5663905517578125,0.0
,6031,,,,,-38.19580078125,-58.63037109375,-0.8058739013671875,-0.5671156311035156,0.0
,6032,,,,,-32.5103759765625,-62.40234375,-0.7817391174316406,-0.5933220703125001,0.0
,6033,,,,,-28.38134765625,-65.679931640625,-0.7004266479492187,-0.5910432495117187,0.0
,6034,,,,,-22.8240966796875,-68.8934326171875,-0.6859250610351563,-0.6568183044433594,0.0
,6035,,,,,-17.9443359375,-71.7681884765625,-0.6073057434082031,-0.6734951293945313,0.0
,6036,,,,,-14.39208984375,-73.6907958984375,-0.5474349060058594,-0.7172070556640625,0.0
,6037,,,,,-10.3729248046875,-75.1190185546875,-0.46601885375976565,-0.7337802978515625,0.0
,6038,,,,,-5.9417724609375,-76.0711669921875,-0.41712778930664063,-0.7835000244140625,0.0
,6039,,,,,-1.5655517578125,-76.519775390625,-0.3218316467285156,-0.7885755798339844,0.0
,6040,,,,,1.6204833984375,-76.409912109375,-0.29044606933593753,-0.8370523132324219,0.0
,6041,,,,,2.5634765625,-75.91552734375,-0.193078271484375,-0.8494822448730469,0.0
,6042,,,,,6.3446044921875,-74.7711181640625,-0.14066539306640624,-0.8826287292480469,0.0
,6043,,,,,10.2447509765625,-73.6907958984375,-0.05810993041992188,-0.8900866882324219,0.0
,6044,,,,,11.993408203125,-71.942138671875,-0.00497197265625,-0.8948514953613281,0.0
,6045,,,,,16.5618896484375,-70.12939453125,0.047337322998046875,-0.9000306335449219,0.0
,6046,,,,,21.42333984375,-68.3990478515625,0.049408978271484376,-0.9102853271484376,0.0
,6047,,,,,27.777099609375,-66.302490234375,0.10948698120117188,-0.9025166198730469,0.0
,6048,,,,,33.837890625,-63.9129638671875,0.12512797851562502,-0.89992705078125,0.0
,6049,,,,,38.763427734375,-61.81640625,0.19224960937500002,-0.8802463256835937,0.0
,6050,,,,,43.6248779296875,-59.765625,0.22529251098632813,-0.8679199768066407,0.0
,6051,,,,,48.4588623046875,-56.8084716796875,0.2912747314453125,-0.8398490478515626,0.0
,6052,,,,,52.3956298828125,-54.034423828125,0.3343651611328125,-0.8147820190429688,0.0
,6053,,,,,55.11474609375,-51.580810546875,0.4031441162109375,-0.7818427001953125,0.0
,6054,,,,,58.172607421875,-48.4222412109375,0.478138037109375,-0.7204181213378906,0.0
,6055,,,,,60.4248046875,-45.73974609375,0.5214356323242187,-0.6986657409667969,0.0
,6056,,,,,63.2537841796875,-41.3543701171875,0.5845175354003906,-0.6575433837890625,0.0
,6057,,,,,65.1580810546875,-37.481689453125,0.6735987121582031,-0.6022301879882813,0.0
,6058,,,,,65.1947021484375,-36.2274169921875,0.7102670104980469,-0.5779918212890626,0.0
,6059,,,,,66.3665771484375,-32.647705078125,0.7462102294921875,-0.5495065612792969,0.0
,6060,,,,,67.803955078125,-28.4912109375,0.8101207946777343,-0.4777237060546875,0.0
,6061,,,,,67.8863525390625,-25.4058837890625,0.8581831970214844,-0.44851336669921876,0.0
,6062,,,,,68.88427734375,-20.3155517578125,0.879210498046875,-0.4241714172363281,0.0
,6063,,,,,69.4976806640625,-14.8956298828125,0.8837681396484375,-0.4023154541015625,0.0
,6064,,,,,70.3033447265625,-7.9833984375,0.9271693176269532,-0.353838720703125,0.0
,6065,,,,,72.69287109375,1.8402099609375,0.9298624694824219,-0.3105411254882813,0.0
,6066,,,,,70.989990234375,4.0740966796875,0.9091459167480469,-0.29003173828125,0.0
,6067,,,,,71.044921875,9.9609375,0.9019987060546876,-0.23730811157226564,0.0
,6068,,,,,70.71533203125,16.00341796875,0.9578298156738282,-0.17360471191406252,0.0
,6069,,,,,70.2850341796875,21.771240234375,0.952132763671875,-0.10213260498046875,0.0
,6070,,,,,69.6258544921875,25.726318359375,0.9547223327636719,-0.049719726562500004,0.0
,6071,,,,,68.29833984375,29.7271728515625,0.9219901794433594,0.03666829833984375,0.0
,6072,,,,,66.4947509765625,34.09423828125,0.9447783874511719,0.12295274047851563,0.0
,6073,,,,,64.544677734375,38.2965087890625,0.9074885925292969,0.15858521118164062,0.0
,6074,,,,,62.603759765625,41.5191650390625,0.9046918579101563,0.20809777221679687,0.0
,6075,,,,,61.395263671875,42.645263671875,0.8889472778320313,0.28402393798828124,0.0
,6076,,,,,58.3831787109375,46.0235595703125,0.8934013366699219,0.37186212158203125,0.0
,6077,,,,,55.5999755859375,48.9898681640625,0.8681271423339844,0.4385694213867188,0.0
,6078,,,,,53.3477783203125,49.5574951171875,0.8565258728027344,0.4808311889648438,0.0
,6079,,,,,49.4842529296875,52.84423828125,0.8482392517089844,0.5308616638183594,0.0
,6080,,,,,44.34814453125,56.689453125,0.817164422607422,0.5453632507324219,0.0
,6081,,,,,38.9739990234375,60.662841796875,0.8172680053710938,0.6053376708984375,0.0
,6082,,,,,33.9752197265625,63.812255859375,0.7802889587402344,0.6282294616699219,0.0
,6083,,,,,29.7088623046875,66.97998046875,0.7328480529785156,0.6557824768066406,0.0
,6084,,,,,24.57275390625,70.3948974609375,0.6425238830566407,0.6409701416015625,0.0
,6085,,,,,20.1507568359375,72.9400634765625,0.5932184875488281,0.6716306396484375,0.0
,6086,,,,,16.1224365234375,74.2584228515625,0.5166708251953125,0.7005302307128907,0.0
,6087,,,,,12.2589111328125,75.62255859375,0.4807276062011719,0.7710700927734375,0.0
,6088,,,,,8.5784912109375,76.8402099609375,0.40925549926757815,0.7958263732910157,0.0
,6089,,,,,3.790283203125,77.4810791015625,0.37310511474609376,0.8501037414550782,0.0
,6090,,,,,0.2838134765625,77.8289794921875,0.2706617614746094,0.8784854187011719,0.0
,6091,,,,,-2.4810791015625,77.0782470703125,0.22114920043945313,0.9096638305664063,0.0
,6092,,,,,-4.1839599609375,76.28173828125,0.15817088012695313,0.9282051452636719,0.0
,6093,,,,,-8.0291748046875,74.67041015625,0.10637949829101563,0.934730859375,0.0
,6094,,,,,-12.6251220703125,72.39990234375,0.03138557739257813,0.9364917663574219,0.0
,6095,,,,,-15.4998779296875,70.0836181640625,0.00683646240234375,0.9639411987304688,0.0
,6096,,,,,-20.452880859375,68.22509765625,-0.054795281982421874,0.962076708984375,0.0
,6097,,,,,-26.385498046875,66.064453125,-0.11010847778320312,0.9339021972656251,0.0
,6098,,,,,-32.171630859375,63.6566162109375,-0.16345360107421875,0.9131856445312501,0.0
,6099,,,,,-37.39013671875,61.26708984375,-0.2084085205078125,0.87340986328125,0.0
,6100,,,,,-42.352294921875,58.978271484375,-0.25118820190429686,0.8501037414550782,0.0
,6101,,,,,-47.5250244140625,56.195068359375,-0.2855776794433594,0.8180966674804688,0.0
,6102,,,,,-51.8280029296875,53.631591796875,-0.36202175903320316,0.7886791625976562,0.0
,6103,,,,,-55.059814453125,51.4801025390625,-0.4109128234863281,0.7455887329101563,0.0
,6104,,,,,-57.879638671875,48.9898681640625,-0.49201812744140627,0.7135816589355469,0.0
,6105,,,,,-61.175537109375,45.0164794921875,-0.5378017089843751,0.685303564453125,0.0
,6106,,,,,-63.90380859375,41.2628173828125,-0.6103096435546875,0.6454242004394531,0.0
,6107,,,,,-65.9912109375,37.6373291015625,-0.6499818420410156,0.6043018432617188,0.0
,6108,,,,,-67.5201416015625,33.746337890625,-0.7068487792968751,0.565976220703125,0.0
,6109,,,,,-67.694091796875,31.2286376953125,-0.769827099609375,0.5236108703613281,0.0
,6110,,,,,-68.4539794921875,27.4932861328125,-0.8221363952636719,0.47637713012695315,0.0
,6111,,,,,-69.0948486328125,23.748779296875,-0.8473070068359375,0.4447843872070313,0.0
,6112,,,,,-68.6737060546875,20.25146484375,-0.8894651916503906,0.3965148193359375,0.0
,6113,,,,,-69.47021484375,13.8427734375,-0.927272900390625,0.36440416259765623,0.0
,6114,,,,,-70.147705078125,7.3516845703125,-0.9204364379882812,0.33509024047851566,0.0
,6115,,,,,-73.699951171875,-3.5980224609375,-0.9190898620605469,0.31934566040039064,0.0
,6116,,,,,-71.356201171875,-4.79736328125,-0.9419816528320313,0.2520168640136719,0.0
,6117,,,,,-71.6217041015625,-10.6658935546875,-0.9271693176269532,0.23368271484375,0.0
,6118,,,,,-71.2005615234375,-17.1112060546875,-0.914117889404297,0.16303927001953125,0.0
,6119,,,,,-70.751953125,-22.4578857421875,-0.9247869140625,0.12150258178710938,0.0
,6120,,,,,-70.330810546875,-26.9989013671875,-0.9311054626464844,0.045990747070312504,0.0
,6121,,,,,-69.0673828125,-30.8624267578125,-0.9087315856933594,0.005282720947265625,0.0
,6122,,,,,-66.9708251953125,-35.3118896484375,-0.9075921752929688,-0.09011700439453126,0.0
,6123,,,,,-65.2679443359375,-39.349365234375,-0.9021022888183594,-0.136729248046875,0.0
,6124,,,,,-64.1143798828125,-41.1712646484375,-0.9090423339843751,-0.2266390869140625,0.0
,6125,,,,,-62.1368408203125,-43.9361572265625,-0.8542470520019532,-0.26796860961914065,0.0
,6126,,,,,-60.205078125,-46.2799072265625,-0.8371558959960937,-0.3589142761230469,0.0
,6127,,,,,-57.3760986328125,-48.30322265625,-0.8085670532226563,-0.38657087402343754,0.0
,6128,,,,,-54.180908203125,-50.921630859375,-0.7999696838378907,-0.4620827087402344,0.0
,6129,,,,,-50.5279541015625,-53.1005859375,-0.7952048767089844,-0.49626502075195317,0.0
,6130,,,,,-45.37353515625,-57.275390625,-0.8119852844238281,-0.5679442932128906,0.0
,6131,,,,,-39.9627685546875,-60.8917236328125,-0.7677554443359376,-0.5556179443359375,0.0
,6132,,,,,-33.2244873046875,-64.2242431640625,-0.7316050598144531,-0.5914575805664063,0.0
,6133,,,,,-31.036376953125,-67.6666259765625,-0.6768097778320312,-0.6161102783203125,0.0
,6134,,,,,-26.0101318359375,-70.6512451171875,-0.6346515930175781,-0.6689374877929688,0.0
,6135,,,,,-21.2677001953125,-73.1231689453125,-0.5630759033203125,-0.6685231567382812,0.0
,6136,,,,,-17.4041748046875,-74.615478515625,-0.5246466979980469,-0.7247685974121094,0.0
,6137,,,,,-13.1744384765625,-76.0894775390625,-0.4429198974609375,-0.7362662841796875,0.0
,6138,,,,,-8.5601806640625,-77.069091796875,-0.421789013671875,-0.811260205078125,0.0
,6139,,,,,-4.0924072265625,-77.435302734375,-0.32638928833007813,-0.8133318603515626,0.0
,6140,,,,,-0.9521484375,-76.885986328125,-0.2855776794433594,-0.86678056640625,0.0
,6141,,,,,0.4302978515625,-76.116943359375,-0.2042652099609375,-0.8852182983398438,0.0
,6142,,,,,4.6600341796875,-75.0640869140625,-0.11528761596679687,-0.8968195678710937,0.0
,6143,,,,,8.60595703125,-73.7274169921875,-0.03242140502929688,-0.8881186157226563,0.0
,6144,,,,,10.3729248046875,-71.8048095703125,-0.019059228515625002,-0.9204364379882812,0.0
,6145,,,,,15.325927734375,-69.9188232421875,0.031281994628906254,-0.9332807006835938,0.0
,6146,,,,,21.35009765625,-67.7032470703125,0.06453206176757813,-0.9292409729003906,0.0
,6147,,,,,27.4566650390625,-65.606689453125,0.10772607421875001,-0.9221973449707032,0.0
,6148,,,,,33.0322265625,-63.4918212890625,0.10555083618164063,-0.9212651000976563,0.0
,6149,,,,,38.4429931640625,-61.5692138671875,0.16355718383789064,-0.8850111328125,0.0
,6150,,,,,44.12841796875,-58.905029296875,0.20903001708984376,-0.8574581176757813,0.0
,6151,,,,,48.8983154296875,-55.975341796875,0.2818486999511719,-0.8350842407226563,0.0
,6152,,,,,52.8350830078125,-53.411865234375,0.31592742919921873,-0.7961371215820313,0.0
,6153,,,,,56.304931640625,-50.628662109375,0.3592250244140625,-0.7721059204101562,0.0
,6154,,,,,59.9029541015625,-46.8841552734375,0.41878511352539066,-0.7294298217773437,0.0
,6155,,,,,62.8875732421875,-43.560791015625,0.5019620727539063,-0.7096455139160156,0.0
,6156,,,,,65.33203125,-40.3564453125,0.5556179443359375,-0.6725628845214844,0.0
,6157,,,,,67.327880859375,-36.767578125,0.6011943603515625,-0.6290581237792969,0.0
,6158,,,,,68.5546875,-33.526611328125,0.6636547668457031,-0.5668048828125,0.0
,6159,,,,,69.7265625,-29.1778564453125,0.7369913635253906,-0.5208141357421875,0.0
,6160,,,,,69.9005126953125,-26.1199951171875,0.7927188903808594,-0.48652824096679687,0.0
,6161,,,,,69.0948486328125,-23.4100341796875,0.8223435607910157,-0.4540032531738281,0.0
,6162,,,,,69.488525390625,-18.4112548828125,0.856007958984375,-0.42862547607421875,0.0
,6163,,,,,70.0927734375,-11.773681640625,0.8650196594238282,-0.40407636108398437,0.0
,6164,,,,,70.953369140625,-5.1544189453125,0.8900866882324219,-0.367097314453125,0.0
,6165,,,,,72.5189208984375,2.0782470703125,0.9008592956542969,-0.3311540954589844,0.0
,6166,,,,,71.5850830078125,5.52978515625,0.9038631958007812,-0.2952108764648438,0.0
,6167,,,,,71.4935302734375,11.920166015625,0.8839753051757813,-0.23399346313476563,0.0
,6168,,,,,71.2371826171875,17.28515625,0.9079029235839844,-0.168218408203125,0.0
,6169,,,,,70.9259033203125,22.0184326171875,0.8900866882324219,-0.098610791015625,0.0
,6170,,,,,70.513916015625,26.40380859375,0.9083172546386719,-0.030142584228515627,0.0
,6171,,,,,69.378662109375,31.146240234375,0.8785890014648438,0.023306121826171877,0.0
,6172,,,,,67.7581787109375,35.26611328125,0.9051061889648437,0.09923228759765625,0.0
,6173,,,,,66.02783203125,38.6444091796875,0.8819036499023438,0.17184380493164064,0.0
,6174,,,,,63.995361328125,41.473388671875,0.8835609741210938,0.24797713623046877,0.0
,6175,,,,,62.457275390625,42.4072265625,0.8536255554199219,0.32172806396484377,0.0
,6176,,,,,59.8480224609375,44.329833984375,0.8598405212402344,0.4028333679199219,0.0
,6177,,,,,57.2296142578125,46.58203125,0.8424386169433594,0.46104688110351566,0.0
,6178,,,,,54.510498046875,47.8912353515625,0.85020732421875,0.49875100708007813,0.0
,6179,,,,,49.5849609375,51.67236328125,0.8227578918457031,0.5536498718261719,0.0
,6180,,,,,44.5404052734375,55.3985595703125,0.7766635620117188,0.5517853820800781,0.0
,6181,,,,,40.0726318359375,58.8226318359375,0.7593652404785156,0.5938399841308594,0.0
,6182,,,,,33.72802734375,62.3016357421875,0.7319158081054687,0.6118633850097657,0.0
,6183,,,,,30.816650390625,66.02783203125,0.7013588928222656,0.6410737243652344,0.0
,6184,,,,,26.2481689453125,69.3695068359375,0.6223252441406251,0.6346515930175781,0.0
,6185,,,,,22.3297119140625,71.136474609375,0.5803742248535156,0.6714234741210938,0.0
,6186,,,,,17.9718017578125,72.6104736328125,0.5041373107910156,0.7094383483886719,0.0
,6187,,,,,13.275146484375,74.029541015625,0.4636364501953125,0.7884719970703126,0.0
,6188,,,,,8.5235595703125,74.74365234375,0.40210828857421876,0.8162321777343751,0.0
,6189,,,,,4.8431396484375,74.6063232421875,0.36657940063476563,0.85683662109375,0.0
,6190,,,,,0.6591796875,74.139404296875,0.27988062744140624,0.875895849609375,0.0
,6191,,,,,-3.8726806640625,73.49853515625,0.2520168640136719,0.9267549865722656,0.0
,6192,,,,,-5.4656982421875,72.8851318359375,0.18126983642578126,0.9428103149414063,0.0
,6193,,,,,-8.258056640625,71.795654296875,0.11218013305664062,0.9525470947265625,0.0
,6194,,,,,-12.103271484375,70.3582763671875,0.06132099609375,0.9609372985839844,0.0
,6195,,,,,-15.7012939453125,68.243408203125,0.02506702880859375,0.9651841918945313,0.0
,6196,,,,,-21.3958740234375,66.1468505859375,-0.0493053955078125,0.9500611083984375,0.0
,6197,,,,,-26.9073486328125,63.739013671875,-0.08359129028320313,0.9255119934082031,0.0
,6198,,,,,-32.611083984375,61.578369140625,-0.13268952026367187,0.8930905883789063,0.0
,6199,,,,,-39.0380859375,58.70361328125,-0.16842557373046876,0.8797284118652344,0.0
,6200,,,,,-44.6319580078125,56.1767578125,-0.22612117309570312,0.8603584350585938,0.0
,6201,,,,,-48.944091796875,54.0802001953125,-0.26165006103515626,0.8276262817382812,0.0
,6202,,,,,-52.8167724609375,51.67236328125,-0.32566420898437504,0.7997625183105469,0.0
,6203,,,,,-56.9732666015625,48.44970703125,-0.3676152282714844,0.7649587097167969,0.0
,6204,,,,,-60.260009765625,45.3826904296875,-0.4470632080078125,0.7330552185058594,0.0
,6205,,,,,-62.8875732421875,42.4072265625,-0.4935718688964844,0.6929686889648438,0.0
,6206,,,,,-65.240478515625,39.07470703125,-0.5520961303710937,0.6667622497558594,0.0
,6207,,,,,-67.6116943359375,34.7991943359375,-0.6347551757812501,0.5993298706054687,0.0
,6208,,,,,-69.1864013671875,30.487060546875,-0.6795029296875,0.5707410278320313,0.0
,6209,,,,,-68.8201904296875,28.82080078125,-0.7310871459960938,0.5489886474609376,0.0
,6210,,,,,-69.0765380859375,25.96435546875,-0.7953084594726563,0.48124552001953125,0.0
,6211,,,,,-69.671630859375,21.917724609375,-0.8296979370117188,0.4407446594238281,0.0
,6212,,,,,-69.7998046875,17.633056640625,-0.8611870971679688,0.40407636108398437,0.0
,6213,,,,,-70.6329345703125,12.0391845703125,-0.8956801574707032,0.37227645263671877,0.0
,6214,,,,,-71.2005615234375,6.4453125,-0.9017915405273438,0.32317822265625,0.0
,6215,,,,,-74.395751953125,-3.131103515625,-0.8997198852539062,0.29893985595703126,0.0
,6216,,,,,-72.601318359375,-6.1981201171875,-0.9094566650390625,0.24714847412109375,0.0
,6217,,,,,-72.5830078125,-11.7095947265625,-0.9117354858398438,0.20996226196289064,0.0
,6218,,,,,-72.5006103515625,-16.204833984375,-0.9304839660644532,0.10265051879882812,0.0
,6219,,,,,-72.4365234375,-21.002197265625,-0.9103889099121094,0.06629296875,0.0
,6220,,,,,-71.795654296875,-26.3031005859375,-0.9086280029296875,-0.0128442626953125,0.0
,6221,,,,,-70.6878662109375,-30.5877685546875,-0.9075921752929688,-0.048062402343750005,0.0
,6222,,,,,-69.3603515625,-34.3963623046875,-0.9202292724609376,-0.14232271728515625,0.0
,6223,,,,,-67.7032470703125,-37.79296875,-0.9249940795898438,-0.18375582275390626,0.0
,6224,,,,,-66.7236328125,-38.5162353515625,-0.9056241027832032,-0.29355355224609375,0.0
,6225,,,,,-64.05029296875,-41.7205810546875,-0.8882221984863281,-0.33788697509765625,0.0
,6226,,,,,-61.6058349609375,-44.091796875,-0.8629480041503906,-0.4178528686523438,0.0
,6227,,,,,-59.088134765625,-45.4833984375,-0.8506216552734375,-0.4388801696777344,0.0
,6228,,,,,-55.059814453125,-48.8067626953125,-0.8448210205078125,-0.5035158142089844,0.0
,6229,,,,,-50.2899169921875,-51.837158203125,-0.8173715881347656,-0.5076591247558594,0.0
,6230,,,,,-45.2545166015625,-55.40771484375,-0.839434716796875,-0.5929077392578125,0.0
,6231,,,,,-40.576171875,-58.5205078125,-0.8010055114746094,-0.6048197570800782,0.0
,6232,,,,,-32.0709228515625,-61.9171142578125,-0.7858824279785156,-0.6650013427734375,0.0
,6233,,,,,-30.230712890625,-65.3778076171875,-0.7522180297851563,-0.6825068298339844,0.0
,6234,,,,,-25.4425048828125,-68.44482421875,-0.6958690063476562,-0.7238363525390625,0.0
,6235,,,,,-21.478271484375,-70.751953125,-0.6166281921386719,-0.7402024291992187,0.0
,6236,,,,,-17.4774169921875,-72.381591796875,-0.5745735900878907,-0.7960335388183594,0.0
,6237,,,,,-13.29345703125,-73.7274169921875,-0.48673540649414065,-0.7969657836914062,0.0
,6238,,,,,-8.349609375,-74.9725341796875,-0.4415733215332031,-0.8456496826171875,0.0
,6239,,,,,-3.4698486328125,-75.531005859375,-0.36471491088867186,-0.8525897277832032,0.0
,6240,,,,,0.4486083984375,-75.4302978515625,-0.33291500244140626,-0.9047954406738281,0.0
,6241,,,,,3.9642333984375,-74.6978759765625,-0.2481843017578125,-0.9007557128906251,0.0
,6242,,,,,8.6334228515625,-73.6083984375,-0.18510239868164063,-0.9125641479492188,0.0
,6243,,,,,11.224365234375,-72.7935791015625,-0.08048380737304688,-0.9006521301269531,0.0
,6244,,,,,13.201904296875,-71.44775390625,-0.029831835937500002,-0.90987099609375,0.0
,6245,,,,,17.706298828125,-69.744873046875,0.017091156005859375,-0.9221973449707032,0.0
,6246,,,,,23.0804443359375,-66.851806640625,0.045990747070312504,-0.9304839660644532,0.0
,6247,,,,,29.1961669921875,-64.1876220703125,0.09591763916015625,-0.9277908142089843,0.0
,6248,,,,,34.5428466796875,-61.6424560546875,0.11777360229492188,-0.9217830139160157,0.0
,6249,,,,,39.825439453125,-59.0423583984375,0.18696688842773437,-0.9037596130371094,0.0
,6250,,,,,45.904541015625,-55.8197021484375,0.21887037963867187,-0.8871863708496094,0.0
,6251,,,,,50.958251953125,-53.13720703125,0.25947482299804686,-0.8710274597167968,0.0
,6252,,,,,54.803466796875,-51.141357421875,0.3043261596679688,-0.8334269165039063,0.0
,6253,,,,,58.3282470703125,-48.4405517578125,0.3600536865234375,-0.8035950805664063,0.0
,6254,,,,,61.5692138671875,-45.66650390625,0.40801250610351564,-0.7612297302246094,0.0
,6255,,,,,64.7186279296875,-42.1234130859375,0.49502202758789066,-0.7149282348632813,0.0
,6256,,,,,67.41943359375,-38.34228515625,0.5530283752441406,-0.6605472839355468,0.0
,6257,,,,,69.17724609375,-35.504150390625,0.6109311401367188,-0.6147637023925782,0.0
,6258,,,,,69.4793701171875,-34.0118408203125,0.6744273742675782,-0.5738485107421876,0.0
,6259,,,,,70.42236328125,-29.8004150390625,0.7455887329101563,-0.5069340454101563,0.0
,6260,,,,,71.136474609375,-26.0101318359375,0.7981051940917969,-0.46570810546875,0.0
,6261,,,,,70.458984375,-23.931884765625,0.8166465087890625,-0.44727037353515625,0.0
,6262,,,,,71.2921142578125,-18.841552734375,0.8654339904785157,-0.4140203063964844,0.0
,6263,,,,,71.9696044921875,-13.1744384765625,0.8736170288085938,-0.39465032958984375,0.0
,6264,,,,,72.8485107421875,-6.4544677734375,0.8988912231445313,-0.35860352783203125,0.0
,6265,,,,,74.5880126953125,2.032470703125,0.9109068237304688,-0.3096088806152344,0.0
,6266,,,,,73.7457275390625,5.2825927734375,0.9171217895507813,-0.2683829406738281,0.0
,6267,,,,,73.9654541015625,10.5560302734375,0.90655634765625,-0.19204244384765626,0.0
,6268,,,,,73.6358642578125,15.838623046875,0.9252012451171875,-0.13072144775390626,0.0
,6269,,,,,73.49853515625,21.0296630859375,0.9116319030761719,-0.06018158569335938,0.0
,6270,,,,,73.3428955078125,24.8565673828125,0.9381490905761719,0.00973677978515625,0.0
,6271,,,,,72.2625732421875,29.0130615234375,0.9126677307128906,0.08897759399414062,0.0
,6272,,,,,70.660400390625,32.6385498046875,0.9219901794433594,0.1500914245605469,0.0
,6273,,,,,68.0877685546875,37.3992919921875,0.9296553039550781,0.24082992553710938,0.0
,6274,,,,,65.4876708984375,40.83251953125,0.9342129455566407,0.29572879028320315,0.0
,6275,,,,,64.3157958984375,40.814208984375,0.9147393859863282,0.37092987670898436,0.0
,6276,,,,,61.2945556640625,42.7825927734375,0.9393920837402344,0.43939808349609377,0.0
,6277,,,,,57.5592041015625,45.9686279296875,0.9281015625,0.5036193969726562,0.0
,6278,,,,,54.473876953125,47.735595703125,0.8943335815429688,0.5330369018554688,0.0
,6279,,,,,50.408935546875,51.2237548828125,0.8783818359375001,0.5834817077636719,0.0
,6280,,,,,45.538330078125,54.6295166015625,0.8618085937500001,0.6033695983886719,0.0
,6281,,,,,39.80712890625,58.7677001953125,0.842024285888672,0.6358945861816406,0.0
,6282,,,,,34.0484619140625,62.7227783203125,0.776456396484375,0.6213929992675782,0.0
,6283,,,,,30.047607421875,65.771484375,0.7523216125488281,0.6536072387695313,0.0
,6284,,,,,25.6805419921875,68.701171875,0.6851999816894532,0.6762918640136719,0.0
,6285,,,,,20.7366943359375,71.3653564453125,0.6168353576660156,0.6921400268554688,0.0
,6286,,,,,15.5548095703125,73.6175537109375,0.5352121398925781,0.7028090515136719,0.0
,6287,,,,,11.627197265625,74.67041015625,0.5048623901367187,0.7646479614257813,0.0
,6288,,,,,7.049560546875,75.1556396484375,0.4468560424804688,0.7982087768554688,0.0
,6289,,,,,1.904296875,75.4302978515625,0.4296613037109375,0.8645017456054688,0.0
,6290,,,,,-2.8656005859375,75.5859375,0.3485559997558594,0.8913296813964844,0.0
,6291,,,,,-6.390380859375,74.945068359375,0.26537904052734373,0.9042775268554688,0.0
,6292,,,,,-8.6700439453125,74.01123046875,0.1856203125,0.91981494140625,0.0
,6293,,,,,-12.2222900390625,72.6837158203125,0.12398856811523438,0.9401171630859375,0.0
,6294,,,,,-15.4998779296875,71.2646484375,0.06681088256835938,0.9541008361816407,0.0
,6295,,,,,-18.12744140625,69.287109375,0.010461859130859376,0.9402207458496094,0.0
,6296,,,,,-23.7945556640625,66.4947509765625,-0.0484767333984375,0.9361810180664063,0.0
,6297,,,,,-29.5623779296875,64.3341064453125,-0.06411773071289063,0.9331771179199219,0.0
,6298,,,,,-34.918212890625,62.4481201171875,-0.11072997436523438,0.9145322204589844,0.0
,6299,,,,,-40.5303955078125,59.710693359375,-0.1553741455078125,0.8717525390625,0.0
,6300,,,,,-46.2158203125,56.9732666015625,-0.23016090087890625,0.8333233337402344,0.0
,6301,,,,,-51.3702392578125,54.473876953125,-0.27988062744140624,0.8075312255859375,0.0
,6302,,,,,-55.11474609375,52.4322509765625,-0.3244212158203125,0.7914758972167969,0.0
,6303,,,,,-58.92333984375,49.5758056640625,-0.39071418457031254,0.724354266357422,0.0
,6304,,,,,-61.9537353515625,47.0306396484375,-0.4530710083007813,0.6879967163085938,0.0
,6305,,,,,-65.1031494140625,43.377685546875,-0.5178102355957032,0.6681088256835938,0.0
,6306,,,,,-67.5018310546875,39.9810791015625,-0.5899038391113282,0.6186998474121094,0.0
,6307,,,,,-68.5546875,38.2965087890625,-0.6436632934570312,0.5777846557617188,0.0
,6308,,,,,-69.7265625,34.8175048828125,-0.6888253784179688,0.5463990783691406,0.0
,6309,,,,,-70.34912109375,31.6131591796875,-0.763197802734375,0.4871497375488281,0.0
,6310,,,,,-70.5047607421875,28.857421875,-0.8174751708984376,0.4468560424804688,0.0
,6311,,,,,-71.22802734375,24.737548828125,-0.8441995239257812,0.4345296936035156,0.0
,6312,,,,,-71.484375,20.233154296875,-0.8588046936035156,0.41267373046875,0.0
,6313,,,,,-72.161865234375,14.5843505859375,-0.8856326293945312,0.37289794921875,0.0
,6314,,,,,-72.6470947265625,7.80029296875,-0.9175361206054687,0.31944924316406254,0.0
,6315,,,,,-75.640869140625,-2.490234375,-0.9370096801757812,0.2922069763183594,0.0
,6316,,,,,-73.4527587890625,-3.5797119140625,-0.9528578430175781,0.21193033447265625,0.0
,6317,,,,,-73.773193359375,-8.8165283203125,-0.9357666870117188,0.18800271606445312,0.0
,6318,,,,,-73.4710693359375,-14.703369140625,-0.9199185241699219,0.11621986083984376,0.0
,6319,,,,,-72.8118896484375,-19.6563720703125,-0.9282051452636719,0.0733365966796875,0.0
,6320,,,,,-71.923828125,-23.4466552734375,-0.9273764831542969,-0.01719473876953125,0.0
,6321,,,,,-70.49560546875,-27.72216796875,-0.922300927734375,-0.054898864746093755,0.0
,6322,,,,,-68.206787109375,-32.4188232421875,-0.9473679565429688,-0.14833051757812502,0.0
,6323,,,,,-65.9820556640625,-35.888671875,-0.9385634216308594,-0.17163663940429688,0.0
,6324,,,,,-64.654541015625,-37.811279296875,-0.9381490905761719,-0.28650992431640626,0.0
,6325,,,,,-62.2100830078125,-40.8599853515625,-0.9028273681640625,-0.3340544128417969,0.0
,6326,,,,,-60.003662109375,-43.505859375,-0.8720632873535157,-0.38967835693359376,0.0
,6327,,,,,-56.982421875,-45.8221435546875,-0.8318731750488282,-0.4078053405761719,0.0
,6328,,,,,-53.4576416015625,-48.2666015625,-0.844406689453125,-0.4915002136230469,0.0
,6329,,,,,-49.91455078125,-50.482177734375,-0.8404705444335938,-0.5061053833007813,0.0
,6330,,,,,-44.677734375,-54.8126220703125,-0.836120068359375,-0.57840615234375,0.0
,6331,,,,,-39.2303466796875,-58.59375,-0.7883684143066406,-0.5741592590332032,0.0
,6332,,,,,-31.3201904296875,-61.798095703125,-0.7657873718261718,-0.6152816162109375,0.0
,6333,,,,,-28.9306640625,-65.1397705078125,-0.7368877807617188,-0.6410737243652344,0.0
,6334,,,,,-23.3001708984375,-67.9962158203125,-0.7110956726074219,-0.6870644714355469,0.0
,6335,,,,,-18.20068359375,-70.3857421875,-0.6210822509765626,-0.6955582580566406,0.0
,6336,,,,,-14.0350341796875,-71.8963623046875,-0.5938399841308594,-0.7612297302246094,0.0
,6337,,,,,-9.5947265625,-73.1414794921875,-0.5143920043945313,-0.7852609313964845,0.0
,6338,,,,,-4.72412109375,-74.1943359375,-0.4705764953613281,-0.8280406127929688,0.0
,6339,,,,,-0.0457763671875,-74.89013671875,-0.38843536376953125,-0.83529140625,0.0
,6340,,,,,3.2958984375,-75.1007080078125,-0.3384048889160156,-0.8681271423339844,0.0
,6341,,,,,5.8868408203125,-74.7344970703125,-0.23886185302734375,-0.8629480041503906,0.0
,6342,,,,,10.198974609375,-73.53515625,-0.17712652587890626,-0.8785890014648438,0.0
,6343,,,,,13.07373046875,-72.32666015625,-0.09260299072265625,-0.8741349426269531,0.0
,6344,,,,,14.3280029296875,-70.330810546875,-0.024859863281250002,-0.8901902709960938,0.0
,6345,,,,,18.45703125,-68.5821533203125,0.03697904663085937,-0.9090423339843751,0.0
,6346,,,,,23.785400390625,-66.4215087890625,0.052827209472656254,-0.9216794311523437,0.0
,6347,,,,,29.5074462890625,-64.1326904296875,0.10741532592773438,-0.9185719482421876,0.0
,6348,,,,,34.60693359375,-61.9537353515625,0.10378992919921876,-0.9121498168945312,0.0
,6349,,,,,39.9993896484375,-59.58251953125,0.17567636718750002,-0.8814893188476562,0.0
,6350,,,,,45.9686279296875,-56.5521240234375,0.20240072021484376,-0.8508288208007813,0.0
,6351,,,,,50.5645751953125,-53.8787841796875,0.2650682922363281,-0.8401597961425782,0.0
,6352,,,,,54.0069580078125,-52.18505859375,0.30308316650390627,-0.7912687316894531,0.0
,6353,,,,,57.147216796875,-50.244140625,0.360468017578125,-0.7498356262207031,0.0
,6354,,,,,60.8642578125,-46.8475341796875,0.4314222106933594,-0.7009445617675781,0.0
,6355,,,,,63.665771484375,-43.9361572265625,0.5043444763183594,-0.6610651977539063,0.0
,6356,,,,,65.5242919921875,-40.997314453125,0.5702231140136719,-0.5995370361328125,0.0
,6357,,,,,66.7327880859375,-38.1683349609375,0.6440776245117188,-0.5619364929199219,0.0
,6358,,,,,66.5771484375,-37.1337890625,0.6822996643066407,-0.5438095092773437,0.0
,6359,,,,,67.767333984375,-32.8216552734375,0.7479711364746094,-0.49585068969726565,0.0
,6360,,,,,68.7286376953125,-29.00390625,0.8084634704589844,-0.4459237976074219,0.0
,6361,,,,,68.3074951171875,-26.47705078125,0.8214113159179688,-0.4190958618164063,0.0
,6362,,,,,68.9300537109375,-21.2127685546875,0.8549721313476563,-0.3840848876953125,0.0
,6363,,,,,69.6533203125,-14.5843505859375,0.8823179809570313,-0.36077876586914065,0.0
,6364,,,,,70.71533203125,-7.7545166015625,0.9011700439453125,-0.3404765441894531,0.0
,6365,,,,,73.8739013671875,2.3895263671875,0.8829394775390625,-0.3063978149414063,0.0
,6366,,,,,71.539306640625,3.1219482421875,0.9249940795898438,-0.2382403564453125,0.0
,6367,,,,,71.4385986328125,9.2559814453125,0.9125641479492188,-0.18603464355468752,0.0
,6368,,,,,71.37451171875,14.3829345703125,0.9199185241699219,-0.14056181030273437,0.0
,6369,,,,,71.099853515625,18.365478515625,0.9213686828613281,-0.06608580322265625,0.0
,6370,,,,,70.7061767578125,22.7142333984375,0.9445712219238281,-0.00103582763671875,0.0
,6371,,,,,69.2047119140625,27.593994140625,0.9214722656250001,0.06038875122070313,0.0
,6372,,,,,67.1905517578125,31.402587890625,0.9329699523925782,0.12792471313476564,0.0
,6373,,,,,65.350341796875,34.8358154296875,0.9373204284667969,0.20623328247070313,0.0
,6374,,,,,63.1072998046875,38.3331298828125,0.9382526733398437,0.2603034851074219,0.0
,6375,,,,,61.212158203125,40.740966796875,0.9073850097656251,0.32245314331054686,0.0
,6376,,,,,58.465576171875,44.219970703125,0.8948514953613281,0.38263472900390627,0.0
,6377,,,,,56.121826171875,46.54541015625,0.8964052368164063,0.45897522583007816,0.0
,6378,,,,,53.6865234375,47.71728515625,0.8782782531738281,0.5034122314453126,0.0
,6379,,,,,49.51171875,51.1688232421875,0.8682307250976563,0.5529247924804688,0.0
,6380,,,,,44.0185546875,55.0506591796875,0.8399526306152344,0.5615221618652344,0.0
,6381,,,,,38.653564453125,59.06982421875,0.8079455566406251,0.5938399841308594,0.0
,6382,,,,,33.0780029296875,62.3931884765625,0.7871254211425781,0.6170425231933594,0.0
,6383,,,,,28.4820556640625,65.460205078125,0.7674446960449219,0.6499818420410156,0.0
,6384,,,,,22.430419921875,68.5089111328125,0.6991836547851563,0.6429382141113281,0.0
,6385,,,,,17.6422119140625,71.0357666015625,0.6573362182617187,0.6738058776855469,0.0
,6386,,,,,13.623046875,72.8668212890625,0.5738485107421876,0.6586827941894532,0.0
,6387,,,,,9.4573974609375,74.4140625,0.5103522766113281,0.7015660583496094,0.0
,6388,,,,,4.6417236328125,75.5767822265625,0.41961377563476565,0.7386486877441406,0.0
,6389,,,,,0.5126953125,76.2451171875,0.3857422119140625,0.8098100463867188,0.0
,6390,,,,,-3.1402587890625,76.4923095703125,0.30525840454101566,0.842024285888672,0.0
,6391,,,,,-6.2530517578125,75.91552734375,0.2539849365234375,0.8784854187011719,0.0
,6392,,,,,-7.9376220703125,75.018310546875,0.15547772827148437,0.8851147155761719,0.0
,6393,,,,,-11.5264892578125,73.7548828125,0.12233124389648438,0.9162931274414062,0.0
,6394,,,,,-14.703369140625,72.198486328125,0.06183890991210938,0.9293445556640625,0.0
,6395,,,,,-17.3858642578125,70.220947265625,0.019059228515625002,0.9327627868652344,0.0
,6396,,,,,-23.199462890625,67.8680419921875,-0.055209613037109376,0.9175361206054687,0.0
,6397,,,,,-29.33349609375,65.2862548828125,-0.11000489501953126,0.9053133544921875,0.0
,6398,,,,,-34.8907470703125,63.17138671875,-0.15713505249023438,0.8946443298339845,0.0
,6399,,,,,-40.2191162109375,61.3494873046875,-0.19359618530273437,0.8631551696777344,0.0
,6400,,,,,-44.7052001953125,59.7564697265625,-0.24559473266601564,0.8390203857421875,0.0
,6401,,,,,-49.9603271484375,56.9183349609375,-0.2932428039550781,0.8125031982421875,0.0
,6402,,,,,-54.1534423828125,54.3365478515625,-0.3551852966308594,0.7846394348144532,0.0
,6403,,,,,-57.330322265625,51.947021484375,-0.446648876953125,0.7210396179199219,0.0
,6404,,,,,-59.8846435546875,49.365234375,-0.5147027526855469,0.7044663757324219,0.0
,6405,,,,,-62.7593994140625,45.6298828125,-0.5602791687011719,0.6889289611816406,0.0
,6406,,,,,-64.837646484375,41.9677734375,-0.6406593933105469,0.6435597106933594,0.0
,6407,,,,,-65.6158447265625,39.3035888671875,-0.7106813415527344,0.5928041564941406,0.0
,6408,,,,,-66.68701171875,35.7147216796875,-0.7654766235351562,0.5575860168457032,0.0
,6409,,,,,-66.8243408203125,33.6090087890625,-0.7970693664550782,0.5327261535644532,0.0
,6410,,,,,-67.67578125,29.2236328125,-0.8483428344726562,0.48746048583984375,0.0
,6411,,,,,-68.701171875,24.078369140625,-0.8616014282226563,0.4552462463378906,0.0
,6412,,,,,-68.5272216796875,20.61767578125,-0.8791069152832032,0.41826719970703125,0.0
,6413,,,,,-69.451904296875,15.1611328125,-0.8964052368164063,0.4096698303222656,0.0
,6414,,,,,-70.42236328125,8.5235595703125,-0.9235439208984375,0.35663545532226565,0.0
,6415,,,,,-74.212646484375,-2.89306640625,-0.9442604736328125,0.3004935974121094,0.0
,6416,,,,,-71.6400146484375,-3.2135009765625,-0.9512005187988282,0.23264688720703125,0.0
,6417,,,,,-72.1343994140625,-8.1573486328125,-0.9535829223632812,0.2001218994140625,0.0
,6418,,,,,-71.88720703125,-14.61181640625,-0.9412565734863282,0.12481723022460937,0.0
,6419,,,,,-71.15478515625,-19.9676513671875,-0.9492324462890626,0.0923958251953125,0.0
,6420,,,,,-70.3216552734375,-24.20654296875,-0.9648734436035157,0.0070436279296875,0.0
,6421,,,,,-68.792724609375,-28.692626953125,-0.9635268676757813,-0.021959545898437502,0.0
,6422,,,,,-66.83349609375,-33.6456298828125,-0.9650806091308594,-0.09467464599609375,0.0
,6423,,,,,-64.9932861328125,-38.1500244140625,-0.938874169921875,-0.128442626953125,0.0
,6424,,,,,-62.786865234375,-41.0797119140625,-0.9366989318847656,-0.19546067504882814,0.0
,6425,,,,,-60.3057861328125,-43.780517578125,-0.8994091369628906,-0.246112646484375,0.0
,6426,,,,,-58.2733154296875,-45.2178955078125,-0.8853218811035156,-0.3569462036132813,0.0
,6427,,,,,-55.1422119140625,-47.625732421875,-0.8840788879394531,-0.42489649658203127,0.0
,6428,,,,,-52.1026611328125,-49.8779296875,-0.8669877319335938,-0.479795361328125,0.0
,6429,,,,,-48.614501953125,-51.7364501953125,-0.8111566223144532,-0.4786559509277344,0.0
,6430,,,,,-43.3319091796875,-55.8929443359375,-0.8159214294433594,-0.5524068786621094,0.0
,6431,,,,,-38.031005859375,-59.454345703125,-0.8040094116210937,-0.5555143615722656,0.0
,6432,,,,,-32.4371337890625,-63.1622314453125,-0.769827099609375,-0.5967403015136719,0.0
,6433,,,,,-28.9764404296875,-66.595458984375,-0.6965940856933593,-0.587521435546875,0.0
,6434,,,,,-23.40087890625,-69.3145751953125,-0.6817817504882813,-0.6671765808105469,0.0
,6435,,,,,-18.2464599609375,-71.8780517578125,-0.6228431579589844,-0.6831283264160156,0.0
,6436,,,,,-14.4378662109375,-73.6907958984375,-0.5617293273925782,-0.7237327697753907,0.0
,6437,,,,,-10.29052734375,-75.3936767578125,-0.4892213928222656,-0.7344017944335938,0.0
,6438,,,,,-5.8319091796875,-76.3641357421875,-0.4533817565917969,-0.7948941284179688,0.0
,6439,,,,,-1.6937255859375,-77.0233154296875,-0.342237451171875,-0.8028700012207032,0.0
,6440,,,,,1.46484375,-77.2247314453125,-0.27200833740234376,-0.8534183898925781,0.0
,6441,,,,,2.7740478515625,-77.105712890625,-0.19328543701171877,-0.8696808837890625,0.0
,6442,,,,,5.8502197265625,-76.3275146484375,-0.13445042724609377,-0.8842860534667969,0.0
,6443,,,,,10.162353515625,-74.871826171875,-0.03490739135742187,-0.8654339904785157,0.0
,6444,,,,,12.6251220703125,-73.1048583984375,-0.0040397277832031255,-0.8681271423339844,0.0
,6445,,,,,16.8365478515625,-71.5301513671875,0.039050701904296874,-0.8669877319335938,0.0
,6446,,,,,21.8536376953125,-69.76318359375,0.042261767578125,-0.8910189331054688,0.0
,6447,,,,,28.3172607421875,-67.0623779296875,0.10296126708984375,-0.8935049194335938,0.0
,6448,,,,,34.5062255859375,-64.5172119140625,0.13134294433593752,-0.8866684570312501,0.0
,6449,,,,,39.3218994140625,-62.5030517578125,0.19380335083007813,-0.8810749877929688,0.0
,6450,,,,,44.073486328125,-60.0311279296875,0.24331591186523438,-0.8476177551269531,0.0
,6451,,,,,48.7152099609375,-57.257080078125,0.3167560913085938,-0.8200647399902344,0.0
,6452,,,,,52.8717041015625,-54.107666015625,0.35301005859375,-0.7985195251464844,0.0
,6453,,,,,55.70068359375,-51.6448974609375,0.3972398986816406,-0.7941690490722656,0.0
,6454,,,,,58.4930419921875,-48.7701416015625,0.4554534118652344,-0.7758348999023438,0.0
,6455,,,,,60.882568359375,-45.391845703125,0.5266147705078125,-0.7361627014160157,0.0
,6456,,,,,63.7664794921875,-41.2353515625,0.5934256530761719,-0.6755667846679688,0.0
,6457,,,,,65.8355712890625,-37.75634765625,0.6726664672851562,-0.6240861511230469,0.0
,6458,,,,,66.1376953125,-36.2274169921875,0.7108885070800781,-0.5902145874023438,0.0
,6459,,,,,67.34619140625,-32.99560546875,0.7651658752441407,-0.5389411193847656,0.0
,6460,,,,,68.6370849609375,-28.9581298828125,0.8243116333007813,-0.4861139099121094,0.0
,6461,,,,,68.4906005859375,-25.81787109375,0.8504144897460938,-0.4479954528808594,0.0
,6462,,,,,69.32373046875,-21.148681640625,0.9011700439453125,-0.40500860595703125,0.0
,6463,,,,,70.2667236328125,-15.252685546875,0.9037596130371094,-0.37942366333007815,0.0
,6464,,,,,71.2188720703125,-8.001708984375,0.9064527648925782,-0.37393377685546875,0.0
,6465,,,,,73.4893798828125,1.959228515625,0.9243725830078126,-0.3352974060058594,0.0
,6466,,,,,71.722412109375,3.826904296875,0.9428103149414063,-0.3000792663574219,0.0
,6467,,,,,71.7864990234375,9.613037109375,0.9255119934082031,-0.26258230590820314,0.0
,6468,,,,,71.2646484375,15.8203125,0.9551366638183594,-0.19411409912109376,0.0
,6469,,,,,70.6695556640625,21.56982421875,0.9323484558105469,-0.1263709716796875,0.0
,6470,,,,,70.1202392578125,25.74462890625,0.94964677734375,-0.05645260620117188,0.0
,6471,,,,,69.2047119140625,30.194091796875,0.9377347595214844,0.03242140502929688,0.0
,6472,,,,,67.474365234375,34.991455078125,0.9628017883300781,0.10140752563476563,0.0
,6473,,,,,65.1397705078125,39.3218994140625,0.9174325378417969,0.1438764587402344,0.0
,6474,,,,,63.079833984375,42.2698974609375,0.9062455993652344,0.19680725097656251,0.0
,6475,,,,,61.99951171875,43.5791015625,0.8959909057617188,0.295832373046875,0.0
,6476,,,,,59.4451904296875,46.0235595703125,0.8903974365234375,0.3583963623046875,0.0
,6477,,,,,55.99365234375,48.9166259765625,0.8675056457519531,0.4223069274902344,0.0
,6478,,,,,53.4576416015625,50.5462646484375,0.8447174377441407,0.46570810546875,0.0
,6479,,,,,50.0152587890625,53.90625,0.8173715881347656,0.5199854736328126,0.0
,6480,,,,,45.263671875,56.7626953125,0.8072204772949219,0.5567573547363281,0.0
,6481,,,,,29.6173095703125,60.552978515625,0.7833964416503907,0.5884536804199219,0.0
,6482,,,,,34.38720703125,64.6636962890625,0.7498356262207031,0.6137278747558594,0.0
,6483,,,,,29.8919677734375,67.8680419921875,0.7111992553710937,0.6390020690917969,0.0
,6484,,,,,25.3143310546875,70.7427978515625,0.6343408447265625,0.6501890075683594,0.0
,6485,,,,,20.4986572265625,72.9949951171875,0.5815136352539063,0.6698697326660157,0.0
,6486,,,,,15.765380859375,75.018310546875,0.523714453125,0.6830247436523438,0.0
,6487,,,,,12.2955322265625,76.4556884765625,0.49212171020507817,0.7552219299316406,0.0
,6488,,,,,8.3404541015625,77.4993896484375,0.4096698303222656,0.7855716796875001,0.0
,6489,,,,,3.680419921875,78.1494140625,0.35870711059570315,0.8273155334472656,0.0
,6490,,,,,0.1190185546875,77.984619140625,0.2788447998046875,0.8496894104003907,0.0
,6491,,,,,-2.9205322265625,77.60009765625,0.2349257080078125,0.8895687744140626,0.0
,6492,,,,,-4.6417236328125,76.8035888671875,0.15796371459960937,0.9146358032226563,0.0
,6493,,,,,-8.1939697265625,75.1190185546875,0.09767854614257813,0.9321412902832031,0.0
,6494,,,,,-12.56103515625,73.406982421875,0.04982330932617188,0.9524435119628907,0.0
,6495,,,,,-15.4632568359375,71.19140625,0.017712652587890624,0.9607301330566407,0.0
,6496,,,,,-20.7733154296875,68.9208984375,-0.07457958984375,0.9435353942871094,0.0
,6497,,,,,-26.953125,66.119384765625,-0.10969414672851563,0.9290338073730469,0.0
,6498,,,,,-32.6751708984375,63.3087158203125,-0.1480197692871094,0.9281015625,0.0
,6499,,,,,-37.46337890625,60.8367919921875,-0.19059228515625,0.9081100891113282,0.0
,6500,,,,,-42.0135498046875,58.740234375,-0.26465396118164064,0.8838717224121094,0.0
,6501,,,,,-46.9940185546875,55.5816650390625,-0.30888380126953124,0.8443031066894532,0.0
,6502,,,,,-51.0772705078125,52.880859375,-0.36191817626953127,0.8167500915527344,0.0
,6503,,,,,-54.3182373046875,50.4547119140625,-0.4271753173828125,0.7588473266601563,0.0
,6504,,,,,-57.1929931640625,47.79052734375,-0.4944005310058594,0.7132709106445313,0.0
,6505,,,,,-60.6536865234375,43.98193359375,-0.5606934997558594,0.6729772155761718,0.0
,6506,,,,,-63.372802734375,40.17333984375,-0.6084451538085938,0.6567147216796875,0.0
,6507,,,,,-65.1763916015625,36.639404296875,-0.6627225219726562,0.6278151306152344,0.0
,6508,,,,,-66.39404296875,33.1695556640625,-0.7062272827148438,0.5892823425292969,0.0
,6509,,,,,-66.5771484375,31.2286376953125,-0.7650622924804688,0.5302401672363282,0.0
,6510,,,,,-67.474365234375,27.4200439453125,-0.8141605224609375,0.4815562683105469,0.0
,6511,,,,,-68.115234375,23.3367919921875,-0.8515539001464844,0.4529674255371094,0.0
,6512,,,,,-67.840576171875,19.7845458984375,-0.8819036499023438,0.41246656494140627,0.0
,6513,,,,,-68.426513671875,13.43994140625,-0.8988912231445313,0.3928894226074219,0.0
,6514,,,,,-69.049072265625,6.77490234375,-0.9312090454101563,0.34834883422851565,0.0
,6515,,,,,-72.0245361328125,-3.076171875,-0.9360774353027344,0.3261821228027344,0.0
,6516,,,,,-69.891357421875,-4.8614501953125,-0.9486109497070313,0.2641360473632813,0.0
,6517,,,,,-70.1568603515625,-11.5447998046875,-0.9619731262207032,0.22104561767578126,0.0
,6518,,,,,-70.1568603515625,-17.266845703125,-0.9361810180664063,0.15112725219726564,0.0
,6519,,,,,-69.9920654296875,-21.661376953125,-0.9287230590820312,0.11300879516601563,0.0
,6520,,,,,-69.3511962890625,-26.4129638671875,-0.9427067321777344,0.0236168701171875,0.0
,6521,,,,,-67.8680419921875,-31.1737060546875,-0.9228188415527344,-0.00890811767578125,0.0
,6522,,,,,-66.229248046875,-35.55908203125,-0.9045882751464844,-0.08856326293945313,0.0
,6523,,,,,-64.74609375,-38.5894775390625,-0.8976482299804688,-0.13372534790039062,0.0
,6524,,,,,-63.7115478515625,-40.1275634765625,-0.89329775390625,-0.2357543701171875,0.0
,6525,,,,,-61.285400390625,-43.3319091796875,-0.8476177551269531,-0.28733858642578125,0.0
,6526,,,,,-59.0972900390625,-45.15380859375,-0.8301122680664063,-0.385327880859375,0.0
,6527,,,,,-56.597900390625,-46.2249755859375,-0.8306301818847657,-0.4202352722167969,0.0
,6528,,,,,-53.173828125,-49.3743896484375,-0.8167500915527344,-0.474823388671875,0.0
,6529,,,,,-49.072265625,-52.1484375,-0.77065576171875,-0.46073613281250003,0.0
,6530,,,,,-44.183349609375,-55.7647705078125,-0.7744883239746094,-0.5345906433105468,0.0
,6531,,,,,-39.55078125,-59.0057373046875,-0.7689984375000001,-0.5649403930664063,0.0
,6532,,,,,-32.574462890625,-62.9608154296875,-0.7492141296386718,-0.6135207092285156,0.0
,6533,,,,,-29.901123046875,-67.0989990234375,-0.6879967163085938,-0.6162138610839843,0.0
,6534,,,,,-25.360107421875,-70.2117919921875,-0.6590971252441407,-0.6804351745605469,0.0
,6535,,,,,-21.405029296875,-72.36328125,-0.5641117309570313,-0.6647941772460938,0.0
,6536,,,,,-17.523193359375,-74.0570068359375,-0.5085913696289063,-0.7109920898437501,0.0
,6537,,,,,-12.6251220703125,-75.3021240234375,-0.4430234802246094,-0.7414454223632813,0.0
,6538,,,,,-8.331298828125,-76.116943359375,-0.40221187133789066,-0.7995553527832031,0.0
,6539,,,,,-4.559326171875,-76.3458251953125,-0.31758475341796877,-0.801316259765625,0.0
,6540,,,,,-0.823974609375,-75.7232666015625,-0.2763588134765625,-0.8572509521484375,0.0
,6541,,,,,1.318359375,-74.81689453125,-0.20623328247070313,-0.8659519042968751,0.0
,6542,,,,,4.8431396484375,-73.8006591796875,-0.12253840942382813,-0.880867822265625,0.0
,6543,,,,,7.562255859375,-72.4090576171875,-0.03179990844726563,-0.8934013366699219,0.0
,6544,,,,,9.70458984375,-70.367431640625,-0.0045576416015625,-0.9139107238769532,0.0
,6545,,,,,14.6759033203125,-68.6187744140625,0.058627844238281254,-0.9035524475097656,0.0
,6546,,,,,20.8831787109375,-66.485595703125,0.06308190307617188,-0.9269621520996094,0.0
,6547,,,,,27.0355224609375,-64.4989013671875,0.093638818359375,-0.9151537170410157,0.0
,6548,,,,,32.537841796875,-63.079833984375,0.11104072265625001,-0.9108032409667969,0.0
,6549,,,,,38.0035400390625,-61.2945556640625,0.16542167358398438,-0.8909153503417969,0.0
,6550,,,,,43.9178466796875,-58.26416015625,0.2117231689453125,-0.84026337890625,0.0
,6551,,,,,48.797607421875,-55.8746337890625,0.28619917602539063,-0.8127103637695313,0.0
,6552,,,,,52.5146484375,-53.375244140625,0.30940171508789066,-0.7911651489257813,0.0
,6553,,,,,55.70068359375,-50.50048828125,0.3582927795410156,-0.7662017028808594,0.0
,6554,,,,,59.2987060546875,-46.343994140625,0.4271753173828125,-0.7293262390136719,0.0
,6555,,,,,62.310791015625,-42.3431396484375,0.49222529296875,-0.6984585754394531,0.0
,6556,,,,,64.5172119140625,-39.07470703125,0.5447417541503906,-0.6682124084472656,0.0
,6557,,,,,66.2933349609375,-35.5682373046875,0.6277115478515625,-0.6192177612304688,0.0
,6558,,,,,67.4835205078125,-32.611083984375,0.677016943359375,-0.5943578979492188,0.0
,6559,,,,,68.6279296875,-28.8665771484375,0.7360591186523437,-0.5439130920410157,0.0
,6560,,,,,68.8934326171875,-26.0101318359375,0.8056667358398438,-0.47596279907226563,0.0
,6561,,,,,68.4539794921875,-23.62060546875,0.8201683227539063,-0.4475811218261719,0.0
,6562,,,,,69.2047119140625,-18.0999755859375,0.841920703125,-0.4321472900390625,0.0
,6563,,,,,69.854736328125,-11.773681640625,0.8693701354980469,-0.39268225708007815,0.0
,6564,,,,,70.5963134765625,-6.1981201171875,0.8993055541992188,-0.34907391357421874,0.0
,6565,,,,,72.7020263671875,2.38037109375,0.8920547607421875,-0.3127163635253906,0.0
,6566,,,,,71.466064453125,6.3629150390625,0.9175361206054687,-0.26175364379882815,0.0
,6567,,,,,71.66748046875,12.63427734375,0.904070361328125,-0.21317332763671876,0.0
,6568,,,,,71.7132568359375,17.2210693359375,0.9070742614746095,-0.1666646667480469,0.0
,6569,,,,,71.4752197265625,21.9268798828125,0.8799355773925781,-0.10959056396484375,0.0
,6570,,,,,70.953369140625,26.98974609375,0.881696484375,-0.05562394409179688,0.0
,6571,,,,,70.0469970703125,31.787109375,0.8790033325195312,0.04816598510742188,0.0
,6572,,,,,68.73779296875,35.064697265625,0.8735134460449219,0.11508045043945313,0.0
,6573,,,,,67.05322265625,38.48876953125,0.8670913146972656,0.21048017578125,0.0
,6574,,,,,65.0848388671875,41.455078125,0.8969231506347657,0.2827809448242188,0.0
,6575,,,,,63.519287109375,42.5445556640625,0.8672984802246094,0.35031690673828125,0.0
,6576,,,,,60.6170654296875,44.7235107421875,0.854350634765625,0.40428352661132816,0.0
,6577,,,,,57.7606201171875,46.9757080078125,0.8675056457519531,0.49170737915039064,0.0
,6578,,,,,55.1605224609375,48.15673828125,0.8739277770996094,0.5419450195312501,0.0
,6579,,,,,50.4364013671875,52.1759033203125,0.8241044677734375,0.55851826171875,0.0
,6580,,,,,45.15380859375,56.121826171875,0.7828785278320313,0.552717626953125,0.0
,6581,,,,,40.8416748046875,60.0494384765625,0.7608153991699219,0.590836083984375,0.0
,6582,,,,,34.1949462890625,63.739013671875,0.7347125427246094,0.6056484191894531,0.0
,6583,,,,,31.34765625,67.364501953125,0.6742202087402344,0.6390020690917969,0.0
,6584,,,,,26.531982421875,70.147705078125,0.6245004821777344,0.6529857421875,0.0
,6585,,,,,22.3846435546875,71.5576171875,0.5910432495117187,0.6808495056152344,0.0
,6586,,,,,18.0267333984375,72.9034423828125,0.5155314147949219,0.6980442443847656,0.0
,6587,,,,,13.1561279296875,74.029541015625,0.4807276062011719,0.7802889587402344,0.0
,6588,,,,,8.4136962890625,74.8992919921875,0.4117414855957031,0.8134354431152344,0.0
,6589,,,,,4.79736328125,75.1373291015625,0.38522429809570313,0.868437890625,0.0
,6590,,,,,0.567626953125,74.8077392578125,0.2981111938476563,0.8832502258300782,0.0
,6591,,,,,-3.863525390625,74.1668701171875,0.2423836669921875,0.915671630859375,0.0
,6592,,,,,-5.401611328125,73.5443115234375,0.143358544921875,0.9320377075195313,0.0
,6593,,,,,-8.3404541015625,72.39990234375,0.10575800170898438,0.9498539428710938,0.0
,6594,,,,,-12.2406005859375,71.1181640625,0.04371192626953125,0.9503718566894531,0.0
,6595,,,,,-15.911865234375,69.268798828125,0.004868389892578125,0.9547223327636719,0.0
,6596,,,,,-21.7071533203125,67.4468994140625,-0.05158421630859375,0.9435353942871094,0.0
,6597,,,,,-26.971435546875,65.386962890625,-0.08131246948242188,0.9353523559570313,0.0
,6598,,,,,-32.830810546875,62.9974365234375,-0.12170974731445312,0.9199185241699219,0.0
,6599,,,,,-39.3768310546875,59.9853515625,-0.15226666259765625,0.8911225158691407,0.0
,6600,,,,,-45.0164794921875,57.2113037109375,-0.21441632080078127,0.86015126953125,0.0
,6601,,,,,-49.676513671875,54.4464111328125,-0.2752194030761719,0.8143676879882813,0.0
,6602,,,,,-53.64990234375,51.7364501953125,-0.33415799560546877,0.7944797973632812,0.0
,6603,,,,,-57.3028564453125,48.74267578125,-0.37434810791015627,0.7783208862304688,0.0
,6604,,,,,-60.9649658203125,45.0347900390625,-0.41930302734375,0.7510786193847656,0.0
,6605,,,,,-64.0869140625,41.363525390625,-0.4800025268554688,0.7128565795898437,0.0
,6606,,,,,-66.1376953125,38.433837890625,-0.5612114135742188,0.6516391662597656,0.0
,6607,,,,,-68.0877685546875,34.954833984375,-0.6332014343261719,0.5961188049316406,0.0
,6608,,,,,-69.9371337890625,30.9906005859375,-0.6831283264160156,0.5553071960449218,0.0
,6609,,,,,-70.01953125,29.47998046875,-0.7273581665039063,0.5090057006835937,0.0
,6610,,,,,-70.1568603515625,26.7608642578125,-0.7828785278320313,0.4542104187011719,0.0
,6611,,,,,-70.93505859375,22.9888916015625,-0.8136426086425782,0.43297595214843754,0.0
,6612,,,,,-70.6878662109375,19.4000244140625,-0.8509324035644531,0.396929150390625,0.0
,6613,,,,,-71.4202880859375,12.615966796875,-0.8853218811035156,0.3633683349609375,0.0
,6614,,,,,-72.0245361328125,6.097412109375,-0.8976482299804688,0.3393371337890625,0.0
,6615,,,,,-74.761962890625,-3.6346435546875,-0.9043811096191406,0.32058865356445315,0.0
,6616,,,,,-73.1048583984375,-6.097412109375,-0.9487145324707031,0.23388988037109376,0.0
,6617,,,,,-73.443603515625,-12.2222900390625,-0.9458142150878907,0.18872779541015625,0.0
,6618,,,,,-73.2696533203125,-17.6422119140625,-0.9452963012695312,0.11694494018554688,0.0
,6619,,,,,-72.98583984375,-21.8170166015625,-0.940531494140625,0.07592616577148438,0.0
,6620,,,,,-72.564697265625,-25.872802734375,-0.9311054626464844,-0.001968072509765625,0.0
,6621,,,,,-71.484375,-30.303955078125,-0.9279979797363281,-0.0534487060546875,0.0
,6622,,,,,-69.98291015625,-34.918212890625,-0.9214722656250001,-0.14097614135742187,0.0
,6623,,,,,-68.463134765625,-38.067626953125,-0.9157752136230469,-0.17629786376953124,0.0
,6624,,,,,-67.547607421875,-39.312744140625,-0.9211615173339844,-0.3002864318847656,0.0
,6625,,,,,-65.057373046875,-41.656494140625,-0.8682307250976563,-0.3292896057128906,0.0
,6626,,,,,-62.127685546875,-44.5770263671875,-0.8660554870605469,-0.4156776306152344,0.0
,6627,,,,,-59.3719482421875,-46.4630126953125,-0.84689267578125,-0.44426647338867187,0.0
,6628,,,,,-55.7281494140625,-49.2919921875,-0.846167596435547,-0.5131490112304687,0.0
,6629,,,,,-51.26953125,-51.837158203125,-0.8334269165039063,-0.5236108703613281,0.0
,6630,,,,,-45.6298828125,-55.755615234375,-0.8341519958496094,-0.5856569458007813,0.0
,6631,,,,,-40.39306640625,-59.5916748046875,-0.8009019287109376,-0.5959116394042969,0.0
,6632,,,,,-32.4371337890625,-62.9241943359375,-0.7988302734375,-0.6600293701171875,0.0
,6633,,,,,-31.2652587890625,-66.0186767578125,-0.7502499572753907,-0.6813674194335938,0.0
,6634,,,,,-26.2298583984375,-69.158935546875,-0.6983549926757813,-0.7286011596679688,0.0
,6635,,,,,-21.35009765625,-71.7864990234375,-0.6318548583984375,-0.7550147644042969,0.0
,6636,,,,,-17.230224609375,-73.004150390625,-0.5743664245605469,-0.8001768493652344,0.0
,6637,,,,,-12.9730224609375,-74.1485595703125,-0.48746048583984375,-0.7903364868164062,0.0
,6638,,,,,-9.0911865234375,-75.18310546875,-0.45068860473632816,-0.8475141723632813,0.0
,6639,,,,,-3.8543701171875,-75.91552734375,-0.37403735961914064,-0.8655375732421875,0.0
,6640,,,,,0.787353515625,-75.9429931640625,-0.32638928833007813,-0.909974578857422,0.0
,6641,,,,,3.9459228515625,-75.3936767578125,-0.24745922241210938,-0.9111139892578125,0.0
,6642,,,,,7.8369140625,-74.7161865234375,-0.18468806762695314,-0.9147393859863282,0.0
,6643,,,,,11.02294921875,-73.663330078125,-0.09115283203125,-0.9207471862792969,0.0
,6644,,,,,14.09912109375,-71.8048095703125,-0.03242140502929688,-0.9218865966796875,0.0
,6645,,,,,18.255615234375,-70.2850341796875,0.0178162353515625,-0.9249940795898438,0.0
,6646,,,,,22.7325439453125,-68.206787109375,0.0426760986328125,-0.9409458251953126,0.0
,6647,,,,,29.0496826171875,-65.3778076171875,0.09208507690429688,-0.94301748046875,0.0
,6648,,,,,35.1837158203125,-62.40234375,0.09643555297851562,-0.9553438293457032,0.0
,6649,,,,,40.4754638671875,-59.43603515625,0.16759691162109375,-0.9221973449707032,0.0
,6650,,,,,45.8953857421875,-56.634521484375,0.20488670654296876,-0.8981661437988282,0.0
,6651,,,,,51.068115234375,-53.6407470703125,0.26869368896484375,-0.8635695007324219,0.0
,6652,,,,,55.499267578125,-50.7476806640625,0.30173659057617186,-0.8342555786132813,0.0
,6653,,,,,58.8226318359375,-48.614501953125,0.34731300659179687,-0.8217220642089844,0.0
,6654,,,,,62.310791015625,-45.9136962890625,0.37693767700195313,-0.7758348999023438,0.0
,6655,,,,,64.7918701171875,-43.194580078125,0.4682976745605469,-0.7220754455566406,0.0
,6656,,,,,67.7947998046875,-38.9007568359375,0.5309652465820313,-0.6792957641601562,0.0
,6657,,,,,69.9188232421875,-35.15625,0.5934256530761719,-0.6630332702636719,0.0
,6658,,,,,70.184326171875,-33.9935302734375,0.6826104125976563,-0.6001585327148438,0.0
,6659,,,,,70.9716796875,-30.963134765625,0.7604010681152344,-0.5442238403320313,0.0
,6660,,,,,71.905517578125,-26.9622802734375,0.7926153076171876,-0.497197265625,0.0
,6661,,,,,71.5667724609375,-23.8494873046875,0.8255546264648438,-0.45431400146484374,0.0
,6662,,,,,71.74072265625,-19.2535400390625,0.8637766662597657,-0.4275896484375,0.0
,6663,,,,,71.96044921875,-13.5040283203125,0.8913296813964844,-0.3806666564941406,0.0
,6664,,,,,72.5921630859375,-7.1319580078125,0.928930224609375,-0.34410194091796875,0.0
,6665,,,,,75.274658203125,3.2958984375,0.9210579345703125,-0.3000792663574219,0.0
,6666,,,,,73.663330078125,6.0791015625,0.9171217895507813,-0.28112362060546875,0.0
,6667,,,,,73.809814453125,11.279296875,0.9169146240234375,-0.2142091552734375,0.0
,6668,,,,,73.53515625,15.9027099609375,0.9244761657714844,-0.16335001831054688,0.0
,6669,,,,,72.857666015625,21.20361328125,0.9294481384277344,-0.08877042846679688,0.0
,6670,,,,,72.3358154296875,25.7720947265625,0.9585548950195313,-0.017712652587890624,0.0
,6671,,,,,71.3287353515625,29.3243408203125,0.9250976623535156,0.05645260620117188,0.0
,6672,,,,,69.47021484375,32.4462890625,0.9525470947265625,0.13268952026367187,0.0
,6673,,,,,67.108154296875,35.943603515625,0.9546187500000001,0.2337862976074219,0.0
,6674,,,,,64.2425537109375,39.5782470703125,0.9634232849121094,0.31116262207031253,0.0
,6675,,,,,62.51220703125,40.3289794921875,0.9442604736328125,0.37507318725585936,0.0
,6676,,,,,59.9395751953125,42.022705078125,0.9301732177734375,0.4396052490234375,0.0
,6677,,,,,56.9549560546875,44.622802734375,0.9317269592285157,0.5188460632324219,0.0
,6678,,,,,53.6590576171875,46.76513671875,0.9346272766113282,0.55520361328125,0.0
,6679,,,,,48.8983154296875,50.335693359375,0.8953694091796875,0.5879357666015625,0.0
,6680,,,,,44.1925048828125,52.899169921875,0.8620157592773438,0.5830673767089843,0.0
,6681,,,,,39.66064453125,56.9183349609375,0.8198575744628906,0.6083415710449219,0.0
,6682,,,,,31.732177734375,61.48681640625,0.7856752624511719,0.6167317749023438,0.0
,6683,,,,,29.351806640625,65.2679443359375,0.7374056945800781,0.6471851074218751,0.0
,6684,,,,,25.01220703125,68.243408203125,0.6798136779785157,0.6758775329589845,0.0
,6685,,,,,19.8028564453125,70.6878662109375,0.6378626586914062,0.7040520446777344,0.0
,6686,,,,,15.087890625,72.381591796875,0.5653547241210938,0.7173106384277343,0.0
,6687,,,,,11.5264892578125,73.2147216796875,0.5111809387207031,0.7563613403320313,0.0
,6688,,,,,7.305908203125,73.9471435546875,0.417645703125,0.779771044921875,0.0
,6689,,,,,2.08740234375,74.395751953125,0.3807702392578125,0.8372594787597657,0.0
,6690,,,,,-2.67333984375,74.2218017578125,0.2859920104980469,0.8476177551269531,0.0
,6691,,,,,-6.134033203125,73.5260009765625,0.24735563964843751,0.8919511779785156,0.0
,6692,,,,,-7.635498046875,72.5921630859375,0.17992326049804688,0.9138071411132813,0.0
,6693,,,,,-11.5081787109375,71.1181640625,0.11839509887695313,0.9236475036621095,0.0
,6694,,,,,-15.5914306640625,69.6807861328125,0.06183890991210938,0.9328663696289062,0.0
,6695,,,,,-17.742919921875,68.1060791015625,0.030971246337890626,0.9362846008300781,0.0
,6696,,,,,-22.74169921875,66.1376953125,-0.049098229980468755,0.9069706787109375,0.0
,6697,,,,,-28.96728515625,63.3636474609375,-0.07240435180664062,0.9016879577636719,0.0
,6698,,,,,-34.9639892578125,61.1114501953125,-0.12191691284179688,0.8908117675781251,0.0
,6699,,,,,-40.24658203125,58.9599609375,-0.18541314697265626,0.8548685485839844,0.0
,6700,,,,,-45.0439453125,56.817626953125,-0.22622475585937502,0.8370523132324219,0.0
,6701,,,,,-50.3265380859375,53.9703369140625,-0.2664148681640625,0.8115709533691406,0.0
,6702,,,,,-54.547119140625,51.1688232421875,-0.3129235290527344,0.7932368041992188,0.0
,6703,,,,,-57.8155517578125,48.6602783203125,-0.365439990234375,0.7563613403320313,0.0
,6704,,,,,-60.68115234375,46.490478515625,-0.4601146362304688,0.6923471923828125,0.0
,6705,,,,,-63.9404296875,43.02978515625,-0.5342798950195312,0.6379662414550782,0.0
,6706,,,,,-66.4031982421875,39.80712890625,-0.5928041564941406,0.6016086914062501,0.0
,6707,,,,,-67.49267578125,37.884521484375,-0.635583837890625,0.5786133178710937,0.0
,6708,,,,,-68.6920166015625,34.38720703125,-0.711924334716797,0.5308616638183594,0.0
,6709,,,,,-68.9849853515625,32.1807861328125,-0.7563613403320313,0.4932611206054688,0.0
,6710,,,,,-69.451904296875,28.289794921875,-0.7952048767089844,0.46477586059570314,0.0
,6711,,,,,-70.2392578125,23.3184814453125,-0.8464783447265626,0.4264502380371094,0.0
,6712,,,,,-70.2301025390625,19.8028564453125,-0.894126416015625,0.3799415771484375,0.0
,6713,,,,,-71.0906982421875,14.3280029296875,-0.9149465515136719,0.3386120544433594,0.0
,6714,,,,,-71.6949462890625,7.36083984375,-0.9144286376953126,0.298318359375,0.0
,6715,,,,,-74.2034912109375,-2.0050048828125,-0.9121498168945312,0.2821594482421875,0.0
,6716,,,,,-72.3175048828125,-3.3782958984375,-0.9211615173339844,0.22943582153320313,0.0
,6717,,,,,-72.4639892578125,-8.31298828125,-0.940531494140625,0.184791650390625,0.0
,6718,,,,,-72.2259521484375,-13.751220703125,-0.9341093627929687,0.11010847778320312,0.0
,6719,,,,,-71.8505859375,-18.85986328125,-0.9436389770507813,0.05779918212890625,0.0
,6720,,,,,-71.0174560546875,-22.943115234375,-0.9437425598144532,-0.012740679931640625,0.0
,6721,,,,,-69.61669921875,-27.099609375,-0.9453998840332032,-0.06411773071289063,0.0
,6722,,,,,-67.5018310546875,-31.7596435546875,-0.9524435119628907,-0.14574094848632813,0.0
,6723,,,,,-65.386962890625,-35.7147216796875,-0.9225080932617188,-0.15765296630859377,0.0
,6724,,,,,-63.90380859375,-37.5823974609375,-0.93307353515625,-0.24414457397460937,0.0
,6725,,,,,-61.4959716796875,-40.374755859375,-0.8876007019042969,-0.289203076171875,0.0
,6726,,,,,-59.307861328125,-42.8466796875,-0.8871863708496094,-0.38750311889648437,0.0
,6727,,,,,-56.1492919921875,-45.391845703125,-0.860979931640625,-0.411845068359375,0.0
,6728,,,,,-52.5970458984375,-48.065185546875,-0.8414027893066407,-0.48052044067382815,0.0
,6729,,,,,-48.980712890625,-49.7772216796875,-0.8229650573730469,-0.5014441589355468,0.0
,6730,,,,,-43.8812255859375,-54.2083740234375,-0.8048380737304688,-0.5549964477539062,0.0
,6731,,,,,-38.6810302734375,-58.3282470703125,-0.7874361694335937,-0.5568609375,0.0
,6732,,,,,-31.45751953125,-61.358642578125,-0.7565685058593751,-0.6056484191894531,0.0
,6733,,,,,-29.2510986328125,-64.8284912109375,-0.7068487792968751,-0.6141422058105469,0.0
,6734,,,,,-23.876953125,-68.15185546875,-0.6675909118652344,-0.6684195739746094,0.0
,6735,,,,,-18.64013671875,-70.5230712890625,-0.612381298828125,-0.6650013427734375,0.0
,6736,,,,,-14.739990234375,-72.2259521484375,-0.5719840209960938,-0.7161712280273438,0.0
,6737,,,,,-10.382080078125,-73.846435546875,-0.5110773559570313,-0.7625763061523437,0.0
,6738,,,,,-5.291748046875,-74.835205078125,-0.46933350219726566,-0.8165429260253907,0.0
,6739,,,,,-0.54931640625,-75.3570556640625,-0.3910249328613281,-0.8117781188964844,0.0
,6740,,,,,2.8839111328125,-75.25634765625,-0.34410194091796875,-0.8563187072753906,0.0
,6741,,,,,5.7861328125,-74.9725341796875,-0.265171875,-0.8752743530273438,0.0
,6742,,,,,10.125732421875,-74.1119384765625,-0.1919388610839844,-0.8728919494628906,0.0
,6743,,,,,12.8997802734375,-73.1964111328125,-0.08514503173828125,-0.8623265075683594,0.0
,6744,,,,,14.35546875,-71.66748046875,-0.04826956787109375,-0.8714417907714844,0.0
,6745,,,,,18.804931640625,-69.8822021484375,0.010047528076171876,-0.8892580261230469,0.0
,6746,,,,,23.748779296875,-67.6666259765625,0.05572752685546875,-0.8937120849609376,0.0
,6747,,,,,29.6173095703125,-65.1214599609375,0.10327201538085938,-0.8984768920898438,0.0
,6748,,,,,35.3118896484375,-62.9425048828125,0.11984525756835938,-0.8863577087402345,0.0
,6749,,,,,40.6768798828125,-60.516357421875,0.17671219482421877,-0.8657447387695313,0.0
,6750,,,,,45.8404541015625,-58.0169677734375,0.2089264343261719,-0.8447174377441407,0.0
,6751,,,,,50.5462646484375,-55.40771484375,0.2727334167480469,-0.8142641052246093,0.0
,6752,,,,,55.023193359375,-52.386474609375,0.29666103515625003,-0.7996589355468751,0.0
,6753,,,,,58.0078125,-50.628662109375,0.35166348266601566,-0.7780101379394532,0.0
,6754,,,,,60.9375,-48.1842041015625,0.40842683715820316,-0.7268402526855469,0.0
,6755,,,,,64.013671875,-44.3389892578125,0.5077627075195312,-0.6813674194335938,0.0
,6756,,,,,66.6229248046875,-40.7135009765625,0.5671156311035156,-0.6381734069824219,0.0
,6757,,,,,68.2159423828125,-37.75634765625,0.6371375793457031,-0.5976725463867187,0.0
,6758,,,,,68.2891845703125,-36.80419921875,0.6994944030761719,-0.5548928649902344,0.0
,6759,,,,,68.8568115234375,-33.3526611328125,0.7514929504394532,-0.5125275146484375,0.0
,6760,,,,,69.43359375,-29.40673828125,0.7959299560546875,-0.4551426635742188,0.0
,6761,,,,,68.84765625,-26.898193359375,0.8360164855957032,-0.41505613403320313,0.0
,6762,,,,,69.5892333984375,-21.38671875,0.8803499084472657,-0.3817024841308594,0.0
,6763,,,,,69.9737548828125,-15.4815673828125,0.8840788879394531,-0.37300153198242186,0.0
,6764,,,,,70.6878662109375,-8.5693359375,0.9214722656250001,-0.343894775390625,0.0
,6765,,,,,71.4752197265625,-2.142333984375,0.9211615173339844,-0.31634176025390626,0.0
,6766,,,,,72.1160888671875,3.3599853515625,0.9300696350097657,-0.265171875,0.0
,6767,,,,,72.3541259765625,8.9447021484375,0.9364917663574219,-0.2017792236328125,0.0
,6768,,,,,72.1527099609375,14.3096923828125,0.940531494140625,-0.1425298828125,0.0
,6769,,,,,71.6766357421875,19.22607421875,0.9199185241699219,-0.06411773071289063,0.0
,6770,,,,,71.1456298828125,23.052978515625,0.9204364379882812,-0.005697052001953125,0.0
,6771,,,,,70.1751708984375,27.4017333984375,0.9184683654785156,0.07903364868164063,0.0
,6772,,,,,68.3807373046875,32.391357421875,0.9447783874511719,0.13362176513671875,0.0
,6773,,,,,66.17431640625,36.932373046875,0.9062455993652344,0.2034365478515625,0.0
,6774,,,,,64.1143798828125,39.80712890625,0.9115283203125,0.2661041198730469,0.0
,6775,,,,,62.530517578125,40.6585693359375,0.9090423339843751,0.338094140625,0.0
,6776,,,,,59.2987060546875,44.20166015625,0.9162931274414062,0.4007617126464844,0.0
,6777,,,,,56.3140869140625,47.222900390625,0.9068670959472657,0.4684012573242188,0.0
,6778,,,,,53.8055419921875,47.86376953125,0.9047954406738281,0.5129418457031251,0.0
,6779,,,,,49.5391845703125,51.26953125,0.8650196594238282,0.5478492370605469,0.0
,6780,,,,,44.805908203125,54.6478271484375,0.829490771484375,0.561004248046875,0.0
,6781,,,,,20.745849609375,58.9141845703125,0.8036986633300781,0.5967403015136719,0.0
,6782,,,,,28.399658203125,62.841796875,0.7620583923339844,0.6063734985351563,0.0
,6783,,,,,28.5552978515625,66.2384033203125,0.7524251953125001,0.6402450622558594,0.0
,6784,,,,,23.5931396484375,69.4976806640625,0.6970084167480469,0.6419023864746094,0.0
,6785,,,,,18.4478759765625,72.3541259765625,0.6638619323730469,0.6898612060546875,0.0
,6786,,,,,13.4307861328125,74.359130859375,0.5841032043457032,0.6795029296875,0.0
,6787,,,,,9.6771240234375,75.4486083984375,0.5251646118164063,0.74248125,0.0
,6788,,,,,5.3741455078125,76.28173828125,0.4552462463378906,0.7881612487792969,0.0
,6789,,,,,0.494384765625,76.556396484375,0.41122357177734375,0.8395382995605469,0.0
,6790,,,,,-3.973388671875,76.885986328125,0.3228674743652344,0.859322607421875,0.0
,6791,,,,,-6.99462890625,76.6845703125,0.2557458435058594,0.8842860534667969,0.0
,6792,,,,,-7.9925537109375,75.8880615234375,0.17391546020507814,0.8937120849609376,0.0
,6793,,,,,-11.480712890625,74.725341796875,0.10845115356445313,0.9125641479492188,0.0
,6794,,,,,-15.34423828125,72.9583740234375,0.04826956787109375,0.9383562561035157,0.0
,6795,,,,,-17.8253173828125,70.7061767578125,-0.0087009521484375,0.9358702697753907,0.0
,6796,,,,,-22.8973388671875,68.646240234375,-0.08307337646484375,0.9278943969726563,0.0
,6797,,,,,-29.132080078125,66.082763671875,-0.11798076782226563,0.9059348510742188,0.0
,6798,,,,,-35.0006103515625,63.848876953125,-0.15775654907226563,0.8847003845214844,0.0
,6799,,,,,-40.0634765625,61.6973876953125,-0.18499881591796877,0.850310906982422,0.0
,6800,,,,,-44.9066162109375,59.72900390625,-0.2540885192871094,0.8179930847167969,0.0
,6801,,,,,-50.09765625,57.0098876953125,-0.28733858642578125,0.8007983459472656,0.0
,6802,,,,,-54.4464111328125,54.840087890625,-0.35031690673828125,0.7811176208496095,0.0
,6803,,,,,-57.7423095703125,52.3773193359375,-0.41837078247070314,0.7332623840332031,0.0
,6804,,,,,-60.4339599609375,49.346923828125,-0.47938103027343754,0.7103705932617188,0.0
,6805,,,,,-62.713623046875,46.2982177734375,-0.5538570373535157,0.6730807983398438,0.0
,6806,,,,,-65.203857421875,42.059326171875,-0.6385877380371094,0.6421095520019532,0.0
,6807,,,,,-66.4947509765625,39.6148681640625,-0.6972155822753906,0.5857605285644532,0.0
,6808,,,,,-67.437744140625,36.6668701171875,-0.7475568054199219,0.5432915954589844,0.0
,6809,,,,,-67.9229736328125,33.984375,-0.8014198425292969,0.5010298278808594,0.0
,6810,,,,,-68.4906005859375,29.8828125,-0.8438887756347656,0.47762012329101566,0.0
,6811,,,,,-69.2596435546875,24.774169921875,-0.8938156677246094,0.4468560424804688,0.0
,6812,,,,,-68.9208984375,21.0662841796875,-0.9059348510742188,0.41547046508789065,0.0
,6813,,,,,-69.9005126953125,15.3167724609375,-0.9331771179199219,0.3817024841308594,0.0
,6814,,,,,-70.806884765625,9.356689453125,-0.9544115844726563,0.3294967712402344,0.0
,6815,,,,,-75.457763671875,-4.06494140625,-0.9615587951660156,0.3078479736328125,0.0
,6816,,,,,-72.418212890625,-4.06494140625,-0.9585548950195313,0.24631981201171876,0.0
,6817,,,,,-72.6654052734375,-9.3841552734375,-0.9756460510253907,0.19918965454101564,0.0
,6818,,,,,-72.5555419921875,-14.703369140625,-0.9689131713867187,0.12751038208007812,0.0
,6819,,,,,-72.1160888671875,-19.793701171875,-0.9510969360351563,0.10161469116210937,0.0
,6820,,,,,-70.9991455078125,-24.4903564453125,-0.94964677734375,0.012533514404296875,0.0
,6821,,,,,-69.7357177734375,-28.5919189453125,-0.9650806091308594,-0.0476480712890625,0.0
,6822,,,,,-68.0511474609375,-33.0963134765625,-0.9856935791015625,-0.13766149291992189,0.0
,6823,,,,,-65.6890869140625,-37.8387451171875,-0.9593835571289063,-0.15413115234375,0.0
,6824,,,,,-63.1622314453125,-41.876220703125,-0.9285158935546876,-0.1985681579589844,0.0
,6825,,,,,-60.3973388671875,-44.2840576171875,-0.8975446472167969,-0.2445589050292969,0.0
,6826,,,,,-59.088134765625,-45.2362060546875,-0.9187791137695313,-0.37020479736328127,0.0
,6827,,,,,-55.95703125,-48.2025146484375,-0.8763101806640625,-0.4015903747558594,0.0
,6828,,,,,-52.2216796875,-50.9857177734375,-0.8552828796386719,-0.46083971557617187,0.0
,6829,,,,,-48.9715576171875,-52.3223876953125,-0.8422314514160156,-0.502997900390625,0.0
,6830,,,,,-44.110107421875,-55.682373046875,-0.8307337646484375,-0.5658726379394532,0.0
,6831,,,,,-38.525390625,-59.6832275390625,-0.814574853515625,-0.5752986694335938,0.0
,6832,,,,,-33.0413818359375,-63.4918212890625,-0.7852609313964845,-0.6210822509765626,0.0
,6833,,,,,-28.216552734375,-66.24755859375,-0.7192787109375001,-0.6067878295898438,0.0
,6834,,,,,-23.675537109375,-68.9849853515625,-0.6812638366699219,-0.6503961730957032,0.0
,6835,,,,,-18.4112548828125,-71.685791015625,-0.6230503234863282,-0.6810566711425782,0.0
,6836,,,,,-14.02587890625,-73.8189697265625,-0.5885572631835938,-0.7496284606933594,0.0
,6837,,,,,-10.29052734375,-74.871826171875,-0.4933647033691406,-0.7645443786621094,0.0
,6838,,,,,-6.463623046875,-75.6134033203125,-0.44954919433593754,-0.8054595703125,0.0
,6839,,,,,-1.6021728515625,-76.20849609375,-0.360468017578125,-0.8128139465332032,0.0
,6840,,,,,2.471923828125,-75.787353515625,-0.3043261596679688,-0.8547649658203125,0.0
,6841,,,,,3.057861328125,-75.7598876953125,-0.23596153564453126,-0.8878078674316406,0.0
,6842,,,,,5.74951171875,-75.18310546875,-0.13134294433593752,-0.8737206115722657,0.0
,6843,,,,,9.832763671875,-73.8189697265625,-0.037082629394531254,-0.8658483215332031,0.0
,6844,,,,,12.3870849609375,-72.2076416015625,-0.0244455322265625,-0.9145322204589844,0.0
,6845,,,,,16.66259765625,-70.404052734375,0.046301495361328125,-0.9025166198730469,0.0
,6846,,,,,21.807861328125,-68.2891845703125,0.05334512329101563,-0.9234403381347657,0.0
,6847,,,,,28.033447265625,-65.7440185546875,0.09539972534179687,-0.9258227416992187,0.0
,6848,,,,,33.94775390625,-62.98828125,0.130099951171875,-0.9114247375488281,0.0
,6849,,,,,38.6260986328125,-61.2945556640625,0.19079945068359375,-0.8964052368164063,0.0
,6850,,,,,43.2037353515625,-59.3170166015625,0.22208144531250001,-0.8683343078613281,0.0
,6851,,,,,47.186279296875,-56.8267822265625,0.30971246337890623,-0.8298015197753906,0.0
,6852,,,,,51.8096923828125,-53.466796875,0.3434804443359375,-0.8203754882812501,0.0
,6853,,,,,55.3985595703125,-50.848388671875,0.38760670166015626,-0.8031807495117188,0.0
,6854,,,,,58.0902099609375,-47.991943359375,0.46881558837890625,-0.7523216125488281,0.0
,6855,,,,,60.3240966796875,-44.8699951171875,0.5425665161132812,-0.7162748107910156,0.0
,6856,,,,,62.7227783203125,-40.997314453125,0.6060627502441407,-0.6714234741210938,0.0
,6857,,,,,64.70947265625,-37.2894287109375,0.6768097778320312,-0.63806982421875,0.0
,6858,,,,,65.0299072265625,-36.14501953125,0.71430673828125,-0.5963259704589844,0.0
,6859,,,,,66.1376953125,-33.0413818359375,0.7571900024414063,-0.55520361328125,0.0
,6860,,,,,67.0989990234375,-29.718017578125,0.8135390258789063,-0.5072447937011719,0.0
,6861,,,,,67.1722412109375,-25.7354736328125,0.8430601135253907,-0.4663296020507813,0.0
,6862,,,,,68.2891845703125,-19.8944091796875,0.8797284118652344,-0.4388801696777344,0.0
,6863,,,,,68.6370849609375,-14.5843505859375,0.8919511779785156,-0.3986900573730469,0.0
,6864,,,,,69.32373046875,-8.5693359375,0.9077993408203126,-0.3589142761230469,0.0
,6865,,,,,73.095703125,3.4332275390625,0.8880150329589844,-0.3355045715332031,0.0
,6866,,,,,70.8984375,4.7149658203125,0.9217830139160157,-0.28619917602539063,0.0
,6867,,,,,70.9442138671875,10.235595703125,0.9214722656250001,-0.2208384521484375,0.0
,6868,,,,,70.8526611328125,15.4541015625,0.922404510498047,-0.1857238952636719,0.0
,6869,,,,,70.367431640625,21.1212158203125,0.9144286376953126,-0.11549478149414062,0.0
,6870,,,,,69.580078125,26.055908203125,0.9316233764648438,-0.051791381835937504,0.0
,6871,,,,,68.426513671875,30.157470703125,0.9287230590820312,0.03179990844726563,0.0
,6872,,,,,66.6961669921875,33.782958984375,0.9386670043945313,0.09612480468750001,0.0
,6873,,,,,64.178466796875,38.4246826171875,0.9211615173339844,0.17785160522460938,0.0
,6874,,,,,61.6424560546875,42.1783447265625,0.9149465515136719,0.21980262451171875,0.0
,6875,,,,,60.845947265625,42.7642822265625,0.9044846923828125,0.3014258422851563,0.0
,6876,,,,,58.3740234375,44.93408203125,0.9041739440917969,0.39682556762695315,0.0
,6877,,,,,55.1971435546875,47.772216796875,0.8720632873535157,0.45856089477539064,0.0
,6878,,,,,52.6885986328125,49.420166015625,0.8610835144042969,0.49181096191406254,0.0
,6879,,,,,48.9898681640625,52.569580078125,0.8231722229003906,0.51211318359375,0.0
,6880,,,,,44.4580078125,55.7098388671875,0.79054365234375,0.5388375366210938,0.0
,6881,,,,,29.241943359375,59.8480224609375,0.7956192077636719,0.5893859252929687,0.0
,6882,,,,,33.8836669921875,63.7939453125,0.759883154296875,0.6004692810058594,0.0
,6883,,,,,29.8736572265625,66.998291015625,0.7155497314453125,0.6381734069824219,0.0
,6884,,,,,25.1861572265625,69.6807861328125,0.62481123046875,0.6278151306152344,0.0
,6885,,,,,19.976806640625,72.125244140625,0.5910432495117187,0.6681088256835938,0.0
,6886,,,,,15.3533935546875,74.029541015625,0.5301365844726562,0.6734951293945313,0.0
,6887,,,,,12.0574951171875,75.1739501953125,0.49201812744140627,0.7464173950195313,0.0
,6888,,,,,8.1207275390625,76.1810302734375,0.4098769958496094,0.7851573486328125,0.0
,6889,,,,,3.7078857421875,76.7486572265625,0.36202175903320316,0.8374666442871094,0.0
,6890,,,,,0.8056640625,76.995849609375,0.2727334167480469,0.8457532653808594,0.0
,6891,,,,,-2.0233154296875,76.556396484375,0.21938829345703126,0.87340986328125,0.0
,6892,,,,,-3.9642333984375,76.1810302734375,0.1330002685546875,0.8969231506347657,0.0
,6893,,,,,-7.8094482421875,74.67041015625,0.0799658935546875,0.9168110412597656,0.0
,6894,,,,,-12.4237060546875,72.857666015625,0.025688525390625,0.9440533081054687,0.0
,6895,,,,,-15.2801513671875,71.0906982421875,0.00165732421875,0.9665307678222657,0.0
,6896,,,,,-20.5169677734375,68.8201904296875,-0.05500244750976563,0.9478858703613282,0.0
,6897,,,,,-26.751708984375,65.6341552734375,-0.095296142578125,0.9368025146484376,0.0
,6898,,,,,-32.5836181640625,62.9425048828125,-0.15848162841796876,0.9089387512207031,0.0
,6899,,,,,-37.4908447265625,60.5712890625,-0.1976359130859375,0.8965088195800781,0.0
,6900,,,,,-41.876220703125,58.6669921875,-0.24839146728515626,0.8777603393554688,0.0
,6901,,,,,-46.8475341796875,55.8837890625,-0.30484407348632814,0.813021112060547,0.0
,6902,,,,,-51.2054443359375,53.28369140625,-0.3641969970703125,0.789714990234375,0.0
,6903,,,,,-54.4647216796875,50.921630859375,-0.42489649658203127,0.7593652404785156,0.0
,6904,,,,,-57.659912109375,48.2940673828125,-0.4872533203125,0.7233184387207031,0.0
,6905,,,,,-60.46142578125,45.4833984375,-0.5285828430175782,0.6755667846679688,0.0
,6906,,,,,-63.2080078125,41.363525390625,-0.5972582153320313,0.6291617065429688,0.0
,6907,,,,,-65.789794921875,36.9140625,-0.6435597106933594,0.5939435668945313,0.0
,6908,,,,,-67.144775390625,33.36181640625,-0.7070559448242187,0.5536498718261719,0.0
,6909,,,,,-67.218017578125,31.8603515625,-0.7696199340820312,0.5192603942871094,0.0
,6910,,,,,-68.3441162109375,27.7130126953125,-0.8053559875488282,0.47834520263671876,0.0
,6911,,,,,-69.25048828125,23.2269287109375,-0.8552828796386719,0.43908733520507814,0.0
,6912,,,,,-68.6279296875,20.196533203125,-0.8741349426269531,0.40718384399414065,0.0
,6913,,,,,-69.3145751953125,14.6026611328125,-0.9043811096191406,0.3736230285644531,0.0
,6914,,,,,-69.9005126953125,7.8643798828125,-0.9248904968261719,0.3312576782226563,0.0
,6915,,,,,-73.333740234375,-3.47900390625,-0.9273764831542969,0.32152089843750004,0.0
,6916,,,,,-71.099853515625,-5.2642822265625,-0.9361810180664063,0.26040706787109374,0.0
,6917,,,,,-70.953369140625,-10.6842041015625,-0.9497503601074219,0.21804171752929688,0.0
,6918,,,,,-70.4864501953125,-17.0379638671875,-0.9304839660644532,0.16335001831054688,0.0
,6919,,,,,-70.2301025390625,-22.4945068359375,-0.9157752136230469,0.13227518920898437,0.0
,6920,,,,,-69.891357421875,-26.788330078125,-0.9288266418457032,0.024756280517578125,0.0
,6921,,,,,-69.0032958984375,-30.8990478515625,-0.9006521301269531,-0.0070436279296875,0.0
,6922,,,,,-67.3095703125,-35.44921875,-0.8822143981933595,-0.08980625610351563,0.0
,6923,,,,,-65.3778076171875,-39.1937255859375,-0.8694737182617188,-0.12160616455078126,0.0
,6924,,,,,-64.3157958984375,-40.924072265625,-0.8565258728027344,-0.1919388610839844,0.0
,6925,,,,,-62.091064453125,-43.560791015625,-0.8259689575195313,-0.247769970703125,0.0
,6926,,,,,-59.747314453125,-45.8587646484375,-0.8455460998535157,-0.3593286071777344,0.0
,6927,,,,,-56.8359375,-48.0926513671875,-0.8299051025390626,-0.39786139526367187,0.0
,6928,,,,,-53.6865234375,-50.7110595703125,-0.8196504089355469,-0.46052896728515624,0.0
,6929,,,,,-50.0335693359375,-52.734375,-0.8039058288574219,-0.48248851318359376,0.0
,6930,,,,,-44.5953369140625,-56.4056396484375,-0.8016270080566407,-0.5653547241210938,0.0
,6931,,,,,-39.4866943359375,-60.552978515625,-0.7588473266601563,-0.5673227966308594,0.0
,6932,,,,,-33.4442138671875,-64.1510009765625,-0.7262187561035156,-0.6070985778808594,0.0
,6933,,,,,-30.8441162109375,-67.27294921875,-0.6616866943359375,-0.6197356750488281,0.0
,6934,,,,,-25.9368896484375,-70.2667236328125,-0.6469779418945313,-0.6837498229980469,0.0
,6935,,,,,-21.5606689453125,-72.8851318359375,-0.5744700073242188,-0.7012553100585938,0.0
,6936,,,,,-18.1732177734375,-74.560546875,-0.507969873046875,-0.7287047424316406,0.0
,6937,,,,,-13.9892578125,-75.76904296875,-0.4351511901855469,-0.7480747192382813,0.0
,6938,,,,,-9.0179443359375,-76.849365234375,-0.42044243774414064,-0.8101207946777343,0.0
,6939,,,,,-4.0924072265625,-77.1240234375,-0.3426517822265625,-0.8446138549804688,0.0
,6940,,,,,-0.5859375,-76.5838623046875,-0.2780161376953125,-0.8812821533203126,0.0
,6941,,,,,0.933837890625,-75.933837890625,-0.1918352783203125,-0.8835609741210938,0.0
,6942,,,,,5.16357421875,-74.52392578125,-0.16024253540039063,-0.9202292724609376,0.0
,6943,,,,,8.9996337890625,-73.0499267578125,-0.07406167602539063,-0.9100781616210938,0.0
,6944,,,,,10.546875,-71.5484619140625,-0.006318548583984375,-0.9201256896972656,0.0
,6945,,,,,15.2618408203125,-69.8455810546875,0.05365587158203125,-0.9219901794433594,0.0
,6946,,,,,20.32470703125,-67.913818359375,0.04070802612304688,-0.9587620605468751,0.0
,6947,,,,,26.9073486328125,-65.625,0.10679382934570313,-0.9380455078125001,0.0
,6948,,,,,33.1695556640625,-63.2720947265625,0.1371435791015625,-0.9270657348632813,0.0
,6949,,,,,38.470458984375,-61.083984375,0.17008289794921874,-0.9064527648925782,0.0
,6950,,,,,43.7896728515625,-58.6944580078125,0.20540462036132814,-0.8724776184082031,0.0
,6951,,,,,48.8067626953125,-56.231689453125,0.2771874755859375,-0.8322875061035157,0.0
,6952,,,,,53.35693359375,-53.6224365234375,0.3239033020019531,-0.8084634704589844,0.0
,6953,,,,,56.524658203125,-50.9033203125,0.37486602172851563,-0.7895078247070313,0.0
,6954,,,,,59.6466064453125,-47.5799560546875,0.4321472900390625,-0.7457958984375,0.0
,6955,,,,,62.5946044921875,-43.46923828125,0.49626502075195317,-0.7188643798828125,0.0
,6956,,,,,65.478515625,-39.385986328125,0.5657690551757812,-0.6711127258300782,0.0
,6957,,,,,67.254638671875,-36.163330078125,0.6481173522949218,-0.6250183959960938,0.0
,6958,,,,,68.00537109375,-33.892822265625,0.6865465576171875,-0.5821351318359376,0.0
,6959,,,,,69.3695068359375,-29.388427734375,0.7236291870117187,-0.5551000305175782,0.0
,6960,,,,,69.76318359375,-25.6439208984375,0.7830856933593751,-0.5102486938476563,0.0
,6961,,,,,68.865966796875,-23.565673828125,0.8216184814453126,-0.463222119140625,0.0
,6962,,,,,69.6807861328125,-18.6676025390625,0.8675056457519531,-0.4106020751953125,0.0
,6963,,,,,70.440673828125,-12.396240234375,0.8691629699707032,-0.3890568603515625,0.0
,6964,,,,,71.2371826171875,-5.712890625,0.8861505432128907,-0.36865105590820313,0.0
,6965,,,,,73.223876953125,2.34375,0.8854254638671876,-0.33053259887695313,0.0
,6966,,,,,72.36328125,5.6671142578125,0.8966124023437501,-0.2950037109375,0.0
,6967,,,,,72.4456787109375,12.3504638671875,0.8992019714355469,-0.21597006225585938,0.0
,6968,,,,,72.65625,17.8802490234375,0.8990983886718751,-0.15972462158203127,0.0
,6969,,,,,72.271728515625,22.210693359375,0.8861505432128907,-0.09312090454101563,0.0
,6970,,,,,71.759033203125,26.4312744140625,0.9001342163085938,-0.0327321533203125,0.0
,6971,,,,,70.623779296875,31.3385009765625,0.8856326293945312,0.053034375,0.0
,6972,,,,,68.994140625,35.4766845703125,0.9225080932617188,0.1413904724121094,0.0
,6973,,,,,67.3553466796875,39.0106201171875,0.8809714050292969,0.19525350952148438,0.0
,6974,,,,,65.240478515625,41.8853759765625,0.8887401123046875,0.2703510131835938,0.0
,6975,,,,,64.288330078125,42.279052734375,0.8801427429199219,0.35363155517578126,0.0
,6976,,,,,61.431884765625,45.0714111328125,0.8778639221191407,0.42334275512695313,0.0
,6977,,,,,58.3099365234375,47.75390625,0.8749636047363282,0.49626502075195317,0.0
,6978,,,,,55.7464599609375,48.834228515625,0.8606691833496094,0.5157385803222656,0.0
,6979,,,,,51.4892578125,52.642822265625,0.817164422607422,0.5486778991699219,0.0
,6980,,,,,46.307373046875,56.9000244140625,0.7767671447753907,0.5425665161132812,0.0
,6981,,,,,41.05224609375,60.97412109375,0.7384415222167969,0.5706374450683593,0.0
,6982,,,,,34.4146728515625,64.2974853515625,0.7238363525390625,0.6004692810058594,0.0
,6983,,,,,31.9427490234375,67.4285888671875,0.6959725891113282,0.6537108215332031,0.0
,6984,,,,,26.55029296875,70.1019287109375,0.6282294616699219,0.6594078735351563,0.0
,6985,,,,,21.93603515625,72.2625732421875,0.59829404296875,0.6881002990722657,0.0
,6986,,,,,18.072509765625,73.8189697265625,0.5170851562500001,0.7305692321777344,0.0
,6987,,,,,14.1448974609375,74.67041015625,0.47565205078125,0.7969657836914062,0.0
,6988,,,,,8.82568359375,75.3662109375,0.40821967163085937,0.8330125854492187,0.0
,6989,,,,,4.3304443359375,75.714111328125,0.39475391235351565,0.8921583435058594,0.0
,6990,,,,,0.4302978515625,75.29296875,0.30556915283203123,0.9058312683105469,0.0
,6991,,,,,-3.3599853515625,74.96337890625,0.2466305603027344,0.9183647827148438,0.0
,6992,,,,,-5.2001953125,74.6246337890625,0.1644894287109375,0.9221973449707032,0.0
,6993,,,,,-9.0179443359375,73.388671875,0.10637949829101563,0.9331771179199219,0.0
,6994,,,,,-12.451171875,72.3541259765625,0.054898864746093755,0.9465392944335937,0.0
,6995,,,,,-15.1153564453125,70.6512451171875,0.006111383056640625,0.943846142578125,0.0
,6996,,,,,-21.3775634765625,68.023681640625,-0.057177685546875,0.9416709045410157,0.0
,6997,,,,,-27.6031494140625,65.1947021484375,-0.07457958984375,0.9450891357421876,0.0
,6998,,,,,-33.0322265625,62.7227783203125,-0.12150258178710938,0.9276872314453125,0.0
,6999,,,,,-38.7908935546875,60.1593017578125,-0.16894348754882813,0.8909153503417969,0.0
,7000,,,,,-44.56787109375,57.09228515625,-0.21431273803710937,0.8863577087402345,0.0
,7001,,,,,-49.639892578125,53.86962890625,-0.2599927368164063,0.8533148071289063,0.0
,7002,,,,,-53.3294677734375,51.287841796875,-0.33488307495117187,0.8199611572265625,0.0
,7003,,,,,-56.9915771484375,48.3489990234375,-0.3860529602050781,0.7770778930664063,0.0
,7004,,,,,-60.46142578125,44.512939453125,-0.43991599731445313,0.7655802062988282,0.0
,7005,,,,,-63.4552001953125,40.72265625,-0.49243245849609374,0.7205217041015626,0.0
,7006,,,,,-65.2679443359375,37.82958984375,-0.5606934997558594,0.6892397094726562,0.0
,7007,,,,,-67.1722412109375,34.4879150390625,-0.6454242004394531,0.6097917297363281,0.0
,7008,,,,,-68.4539794921875,31.0546875,-0.7041556274414063,0.563490234375,0.0
,7009,,,,,-68.7835693359375,28.96728515625,-0.7332623840332031,0.5367658813476562,0.0
,7010,,,,,-69.32373046875,25.7720947265625,-0.7704485961914063,0.4877712341308594,0.0
,7011,,,,,-69.68994140625,21.881103515625,-0.8127103637695313,0.454935498046875,0.0
,7012,,,,,-69.0765380859375,18.2098388671875,-0.8532112243652344,0.41505613403320313,0.0
,7013,,,,,-69.9462890625,11.846923828125,-0.8807642395019532,0.38429205322265625,0.0
,7014,,,,,-70.770263671875,5.52978515625,-0.9118390686035156,0.32266030883789065,0.0
,7015,,,,,-73.1414794921875,-3.0487060546875,-0.9254084106445313,0.29645386962890624,0.0
,7016,,,,,-71.337890625,-5.31005859375,-0.9230260070800782,0.2487022155761719,0.0
,7017,,,,,-71.539306640625,-11.42578125,-0.915671630859375,0.22529251098632813,0.0
,7018,,,,,-71.81396484375,-17.0562744140625,-0.9201256896972656,0.16107119750976562,0.0
,7019,,,,,-71.74072265625,-21.09375,-0.9247869140625,0.10492933959960937,0.0
,7020,,,,,-71.6766357421875,-25.3326416015625,-0.9212651000976563,0.003418231201171875,0.0
,7021,,,,,-70.8160400390625,-30.047607421875,-0.8950586608886719,-0.04246893310546875,0.0
,7022,,,,,-69.3145751953125,-34.515380859375,-0.9064527648925782,-0.12740679931640625,0.0
,7023,,,,,-67.7764892578125,-37.4267578125,-0.8886365295410157,-0.14770902099609376,0.0
,7024,,,,,-66.90673828125,-38.763427734375,-0.8822143981933595,-0.2582318298339844,0.0
,7025,,,,,-64.453125,-41.4825439453125,-0.86678056640625,-0.3133378601074219,0.0
,7026,,,,,-61.1663818359375,-43.890380859375,-0.8584939453125,-0.40014021606445316,0.0
,7027,,,,,-58.30078125,-45.44677734375,-0.8603584350585938,-0.44188406982421874,0.0
,7028,,,,,-54.7119140625,-48.5137939453125,-0.8592190246582031,-0.5074519592285156,0.0
,7029,,,,,-50.3997802734375,-50.811767578125,-0.8031807495117188,-0.5010298278808594,0.0
,7030,,,,,-44.879150390625,-54.656982421875,-0.8160250122070313,-0.5882465148925782,0.0
,7031,,,,,-39.4866943359375,-58.6395263671875,-0.8065989807128906,-0.6232574890136718,0.0
,7032,,,,,-31.951904296875,-61.6790771484375,-0.7914758972167969,-0.6666586669921876,0.0
,7033,,,,,-30.7708740234375,-65.1031494140625,-0.7513893676757812,-0.6827139953613282,0.0
,7034,,,,,-25.7904052734375,-68.0145263671875,-0.7111992553710937,-0.7368877807617188,0.0
,7035,,,,,-20.8831787109375,-69.7265625,-0.6250183959960938,-0.7412382568359375,0.0
,7036,,,,,-17.120361328125,-71.5667724609375,-0.5656654724121094,-0.7904400695800782,0.0
,7037,,,,,-12.9364013671875,-73.040771484375,-0.48632107543945313,-0.7966550354003906,0.0
,7038,,,,,-8.0474853515625,-73.8189697265625,-0.44250556640625,-0.84689267578125,0.0
,7039,,,,,-3.314208984375,-74.560546875,-0.357153369140625,-0.8566294555664062,0.0
,7040,,,,,0.3387451171875,-74.4781494140625,-0.2993541870117188,-0.8845968017578125,0.0
,7041,,,,,3.33251953125,-74.0203857421875,-0.22322085571289063,-0.8879114501953125,0.0
,7042,,,,,6.99462890625,-73.297119140625,-0.15444190063476562,-0.9012736267089844,0.0
,7043,,,,,10.3179931640625,-72.564697265625,-0.09353523559570313,-0.9097674133300782,0.0
,7044,,,,,13.787841796875,-70.8892822265625,-0.041225939941406255,-0.9138071411132813,0.0
,7045,,,,,18.05419921875,-68.8934326171875,0.0103582763671875,-0.9168110412597656,0.0
,7046,,,,,22.2381591796875,-66.815185546875,0.033250067138671874,-0.9242690002441406,0.0
,7047,,,,,28.546142578125,-64.4439697265625,0.09229224243164062,-0.9201256896972656,0.0
,7048,,,,,34.5062255859375,-61.70654296875,0.09467464599609375,-0.9190898620605469,0.0
,7049,,,,,39.58740234375,-59.21630859375,0.16562883911132814,-0.8986840576171875,0.0
,7050,,,,,44.952392578125,-56.671142578125,0.198050244140625,-0.8890508605957032,0.0
,7051,,,,,50.244140625,-53.2196044921875,0.24559473266601564,-0.8696808837890625,0.0
,7052,,,,,54.8675537109375,-49.932861328125,0.2830916931152344,-0.837777392578125,0.0
,7053,,,,,58.0352783203125,-47.5616455078125,0.34617359619140625,-0.8157142639160156,0.0
,7054,,,,,61.34033203125,-44.6868896484375,0.37942366333007815,-0.7929260559082032,0.0
,7055,,,,,64.6636962890625,-41.4459228515625,0.4703693298339844,-0.7312943115234375,0.0
,7056,,,,,67.4285888671875,-37.774658203125,0.5287900085449219,-0.6692482360839844,0.0
,7057,,,,,68.865966796875,-35.0006103515625,0.6109311401367188,-0.6094809814453125,0.0
,7058,,,,,69.10400390625,-34.3048095703125,0.6721485534667969,-0.5721911865234375,0.0
,7059,,,,,69.6624755859375,-31.5673828125,0.728497576904297,-0.5250610290527344,0.0
,7060,,,,,70.6329345703125,-27.191162109375,0.7994517700195313,-0.4663296020507813,0.0
,7061,,,,,70.3399658203125,-24.1424560546875,0.8409884582519531,-0.43535835571289067,0.0
,7062,,,,,70.697021484375,-19.1162109375,0.8581831970214844,-0.42127109985351563,0.0
,7063,,,,,71.063232421875,-13.2476806640625,0.8799355773925781,-0.4028333679199219,0.0
,7064,,,,,71.8780517578125,-6.4361572265625,0.9278943969726563,-0.35974293823242187,0.0
,7065,,,,,73.883056640625,2.4444580078125,0.9085244201660156,-0.31116262207031253,0.0
,7066,,,,,73.49853515625,6.0699462890625,0.9138071411132813,-0.27117967529296877,0.0
,7067,,,,,73.7823486328125,10.931396484375,0.8970267333984375,-0.19504634399414064,0.0
,7068,,,,,73.8372802734375,15.3167724609375,0.9269621520996094,-0.13869732055664064,0.0
,7069,,,,,73.4161376953125,20.6817626953125,0.9013772094726563,-0.07613333129882813,0.0
,7070,,,,,72.9400634765625,25.1495361328125,0.9205400207519532,-0.023306121826171877,0.0
,7071,,,,,72.03369140625,28.7200927734375,0.927272900390625,0.07395809326171875,0.0
,7072,,,,,70.257568359375,32.1807861328125,0.9374240112304688,0.15402756958007813,0.0
,7073,,,,,67.6483154296875,36.7401123046875,0.8965088195800781,0.21265541381835937,0.0
,7074,,,,,65.14892578125,40.17333984375,0.9210579345703125,0.277601806640625,0.0
,7075,,,,,63.812255859375,40.2923583984375,0.9317269592285157,0.3692725524902344,0.0
,7076,,,,,60.9832763671875,42.5262451171875,0.9456070495605469,0.4500671081542969,0.0
,7077,,,,,57.3760986328125,45.7672119140625,0.9462285461425781,0.5181209838867188,0.0
,7078,,,,,54.1717529296875,47.222900390625,0.9160859619140626,0.5306544982910156,0.0
,7079,,,,,50.225830078125,50.701904296875,0.8848039672851563,0.5632830688476562,0.0
,7080,,,,,45.3643798828125,54.1259765625,0.8608763488769532,0.5803742248535156,0.0
,7081,,,,,39.697265625,58.5113525390625,0.8218256469726563,0.6176640197753906,0.0
,7082,,,,,34.0484619140625,62.6129150390625,0.77065576171875,0.62481123046875,0.0
,7083,,,,,29.8553466796875,65.4052734375,0.7437242431640625,0.6644834289550782,0.0
,7084,,,,,25.15869140625,68.316650390625,0.6812638366699219,0.6660371704101563,0.0
,7085,,,,,20.2880859375,70.8251953125,0.6510176696777344,0.7074702758789063,0.0
,7086,,,,,15.4541015625,72.8851318359375,0.5675299621582032,0.7150318176269531,0.0
,7087,,,,,11.38916015625,74.08447265625,0.5157385803222656,0.7784244689941406,0.0
,7088,,,,,6.884765625,74.8443603515625,0.44416289062500003,0.8074276428222656,0.0
,7089,,,,,1.9866943359375,75.32958984375,0.41018774414062503,0.8616014282226563,0.0
,7090,,,,,-2.8839111328125,75.274658203125,0.3340544128417969,0.8859433776855469,0.0
,7091,,,,,-6.1614990234375,74.8992919921875,0.2917926452636719,0.9144286376953126,0.0
,7092,,,,,-7.4615478515625,74.1668701171875,0.19732516479492188,0.9179504516601563,0.0
,7093,,,,,-11.737060546875,72.381591796875,0.15568489379882813,0.943121063232422,0.0
,7094,,,,,-15.8660888671875,70.5322265625,0.0923958251953125,0.9568975708007813,0.0
,7095,,,,,-18.0633544921875,68.2159423828125,0.026827935791015625,0.9544115844726563,0.0
,7096,,,,,-23.0804443359375,66.064453125,-0.03967219848632813,0.93638818359375,0.0
,7097,,,,,-29.1412353515625,63.812255859375,-0.03998294677734375,0.9351451904296876,0.0
,7098,,,,,-34.9365234375,61.81640625,-0.08069097290039062,0.9205400207519532,0.0
,7099,,,,,-40.264892578125,59.8663330078125,-0.14180480346679689,0.8804534912109375,0.0
,7100,,,,,-45.4010009765625,57.71484375,-0.201364892578125,0.8400562133789062,0.0
,7101,,,,,-50.8026123046875,54.6661376953125,-0.2652754577636719,0.802973583984375,0.0
,7102,,,,,-55.4351806640625,51.983642578125,-0.3294967712402344,0.7691020202636719,0.0
,7103,,,,,-58.795166015625,49.8321533203125,-0.37092987670898436,0.7417561706542969,0.0
,7104,,,,,-61.669921875,47.479248046875,-0.4384658386230469,0.7049842895507813,0.0
,7105,,,,,-64.5538330078125,44.219970703125,-0.5241287841796876,0.6598222045898438,0.0
,7106,,,,,-67.2454833984375,40.191650390625,-0.5766452453613281,0.6398307312011718,0.0
,7107,,,,,-68.9117431640625,37.298583984375,-0.6461492797851562,0.5855533630371094,0.0
,7108,,,,,-69.7723388671875,34.27734375,-0.7137888244628906,0.5384232055664062,0.0
,7109,,,,,-69.8272705078125,32.2540283203125,-0.7512857849121094,0.507969873046875,0.0
,7110,,,,,-70.1202392578125,28.656005859375,-0.8177859191894532,0.45244951171875003,0.0
,7111,,,,,-70.880126953125,23.9776611328125,-0.8664698181152344,0.41049849243164066,0.0
,7112,,,,,-70.6329345703125,20.17822265625,-0.8806606567382813,0.3860529602050781,0.0
,7113,,,,,-71.5576171875,14.6026611328125,-0.9046918579101563,0.3650256591796875,0.0
,7114,,,,,-72.36328125,8.038330078125,-0.9166038757324219,0.31344144287109377,0.0
,7115,,,,,-75.3753662109375,-2.6092529296875,-0.9195041931152345,0.28858157958984376,0.0
,7116,,,,,-72.83935546875,-3.424072265625,-0.953790087890625,0.21203391723632814,0.0
,7117,,,,,-72.9949951171875,-8.642578125,-0.9558617431640626,0.17432979125976564,0.0
,7118,,,,,-72.8759765625,-13.5223388671875,-0.9510969360351563,0.108554736328125,0.0
,7119,,,,,-72.125244140625,-18.841552734375,-0.9579333984375,0.055934692382812505,0.0
,7120,,,,,-71.209716796875,-23.98681640625,-0.9574154846191406,-0.022684625244140624,0.0
,7121,,,,,-70.184326171875,-27.777099609375,-0.9361810180664063,-0.0563490234375,0.0
,7122,,,,,-68.7652587890625,-31.658935546875,-0.9585548950195313,-0.14242630004882814,0.0
,7123,,,,,-66.32080078125,-36.126708984375,-0.9395992492675782,-0.16676824951171876,0.0
,7124,,,,,-64.4805908203125,-38.690185546875,-0.9444676391601563,-0.264343212890625,0.0
,7125,,,,,-62.21923828125,-40.8050537109375,-0.9212651000976563,-0.3061906494140625,0.0
,7126,,,,,-60.223388671875,-42.535400390625,-0.8836645568847656,-0.3796308288574219,0.0
,7127,,,,,-56.927490234375,-45.721435546875,-0.8639838317871094,-0.42655382080078125,0.0
,7128,,,,,-52.9998779296875,-49.25537109375,-0.858597528076172,-0.49067155151367187,0.0
,7129,,,,,-49.69482421875,-51.0772705078125,-0.829490771484375,-0.5018584899902344,0.0
,7130,,,,,-45.15380859375,-54.7119140625,-0.8240008850097656,-0.5685657897949219,0.0
,7131,,,,,-39.495849609375,-58.6944580078125,-0.7962407043457032,-0.5818243835449219,0.0
,7132,,,,,-32.6751708984375,-62.640380859375,-0.7770778930664063,-0.6205643371582031,0.0
,7133,,,,,-29.315185546875,-65.6890869140625,-0.7246650146484376,-0.6237754028320313,0.0
,7134,,,,,-24.6368408203125,-68.463134765625,-0.6968012512207031,-0.6781563537597657,0.0
,7135,,,,,-19.134521484375,-71.30126953125,-0.6472886901855469,-0.6821960815429687,0.0
,7136,,,,,-14.3646240234375,-73.4344482421875,-0.6132099609375,-0.7370949462890625,0.0
,7137,,,,,-10.2264404296875,-74.578857421875,-0.5082806213378906,-0.7520108642578125,0.0
,7138,,,,,-5.841064453125,-75.3753662109375,-0.4677797607421875,-0.7982087768554688,0.0
,7139,,,,,-0.567626953125,-75.933837890625,-0.38636370849609375,-0.8141605224609375,0.0
,7140,,,,,3.936767578125,-75.6134033203125,-0.3321899230957031,-0.8564222900390626,0.0
,7141,,,,,6.207275390625,-75.3936767578125,-0.246112646484375,-0.8736170288085938,0.0
,7142,,,,,9.832763671875,-74.7528076171875,-0.19950040283203124,-0.8963016540527344,0.0
,7143,,,,,13.18359375,-73.553466796875,-0.09798929443359375,-0.8977518127441406,0.0
,7144,,,,,15.1153564453125,-71.7681884765625,-0.052827209472656254,-0.9075921752929688,0.0
,7145,,,,,19.1619873046875,-70.01953125,0.024963446044921875,-0.8898795227050782,0.0
,7146,,,,,24.005126953125,-68.1884765625,0.06121741333007813,-0.8790033325195312,0.0
,7147,,,,,29.8370361328125,-65.88134765625,0.11311237792968751,-0.8710274597167968,0.0
,7148,,,,,35.7147216796875,-63.39111328125,0.10948698120117188,-0.8738241943359375,0.0
,7149,,,,,40.5029296875,-60.9832763671875,0.18717405395507813,-0.8476177551269531,0.0
,7150,,,,,45.7672119140625,-58.7677001953125,0.21907754516601563,-0.8364308166503907,0.0
,7151,,,,,50.9124755859375,-55.975341796875,0.2609249816894531,-0.8400562133789062,0.0
,7152,,,,,55.096435546875,-53.2745361328125,0.30173659057617186,-0.7960335388183594,0.0
,7153,,,,,58.2000732421875,-51.23291015625,0.36585432128906253,-0.7539789367675781,0.0
,7154,,,,,61.4227294921875,-48.2666015625,0.4468560424804688,-0.7009445617675781,0.0
,7155,,,,,64.3341064453125,-44.82421875,0.5143920043945313,-0.670387646484375,0.0
,7156,,,,,66.9525146484375,-41.253662109375,0.5871071044921875,-0.6153851989746094,0.0
,7157,,,,,68.426513671875,-38.1500244140625,0.6431453796386719,-0.5768524108886719,0.0
,7158,,,,,68.4356689453125,-36.8865966796875,0.6990800720214844,-0.5362479675292969,0.0
,7159,,,,,68.95751953125,-34.0484619140625,0.7637157165527344,-0.4934682861328125,0.0
,7160,,,,,70.0286865234375,-29.461669921875,0.7972765319824219,-0.4600110534667969,0.0
,7161,,,,,69.6075439453125,-25.9918212890625,0.8410920410156251,-0.41868153076171877,0.0
,7162,,,,,70.1385498046875,-21.2677001953125,0.8776567565917969,-0.38149531860351565,0.0
,7163,,,,,70.5596923828125,-15.4083251953125,0.8812821533203126,-0.3506276550292969,0.0
,7164,,,,,71.1456298828125,-8.4320068359375,0.8967159851074219,-0.3361260681152344,0.0
,7165,,,,,71.905517578125,-2.0965576171875,0.9226116760253906,-0.26672561645507814,0.0
,7166,,,,,72.0062255859375,2.9296875,0.9442604736328125,-0.2192847106933594,0.0
,7167,,,,,71.942138671875,8.1573486328125,0.9374240112304688,-0.17805877075195314,0.0
,7168,,,,,71.7864990234375,13.6688232421875,0.9688095886230469,-0.12108825073242188,0.0
,7169,,,,,71.1639404296875,19.04296875,0.9375275939941407,-0.070436279296875,0.0
,7170,,,,,70.42236328125,22.88818359375,0.9582441467285157,0.00269315185546875,0.0
,7171,,,,,69.342041015625,26.971435546875,0.9545151672363281,0.08763101806640625,0.0
,7172,,,,,67.6666259765625,32.025146484375,0.9526506774902344,0.14325496215820313,0.0
,7173,,,,,65.570068359375,36.7767333984375,0.928930224609375,0.20385087890625,0.0
,7174,,,,,63.2720947265625,39.80712890625,0.9334878662109375,0.2652754577636719,0.0
,7175,,,,,61.5142822265625,40.9149169921875,0.9104924926757813,0.32628570556640624,0.0
,7176,,,,,57.9437255859375,44.0185546875,0.9359738525390625,0.4078053405761719,0.0
,7177,,,,,54.876708984375,46.527099609375,0.9315197937011719,0.4848709167480469,0.0
,7178,,,,,52.606201171875,47.3052978515625,0.8984768920898438,0.5017549072265625,0.0
,7179,,,,,48.5595703125,50.5462646484375,0.8659519042968751,0.5292043395996094,0.0
,7180,,,,,43.98193359375,53.5400390625,0.8473070068359375,0.549402978515625,0.0
,7181,,,,,20.233154296875,57.71484375,0.815403515625,0.5810993041992187,0.0
,7182,,,,,27.850341796875,61.85302734375,0.7954120422363281,0.5899038391113282,0.0
,7183,,,,,27.923583984375,65.07568359375,0.7619548095703125,0.6269864685058594,0.0
,7184,,,,,21.8353271484375,68.0694580078125,0.6808495056152344,0.6398307312011718,0.0
,7185,,,,,17.2943115234375,70.806884765625,0.6354802551269532,0.6738058776855469,0.0
,7186,,,,,13.623046875,73.2513427734375,0.5751950866699219,0.6777420227050781,0.0
,7187,,,,,9.7503662109375,74.8809814453125,0.5068304626464843,0.7211432006835937,0.0
,7188,,,,,5.8685302734375,75.8148193359375,0.4148489685058594,0.7527359436035157,0.0
,7189,,,,,1.153564453125,76.1077880859375,0.3891604431152344,0.8147820190429688,0.0
,7190,,,,,-3.33251953125,75.9521484375,0.32007073974609374,0.8623265075683594,0.0
,7191,,,,,-6.3995361328125,75.311279296875,0.26175364379882815,0.8906046020507813,0.0
,7192,,,,,-7.4249267578125,74.6246337890625,0.15361323852539063,0.8895687744140626,0.0
,7193,,,,,-11.077880859375,73.35205078125,0.12378140258789062,0.9259263244628907,0.0
,7194,,,,,-15.34423828125,71.575927734375,0.07344017944335937,0.9381490905761719,0.0
,7195,,,,,-17.68798828125,69.4244384765625,0.0045576416015625,0.9248904968261719,0.0
,7196,,,,,-22.3663330078125,67.5201416015625,-0.0708506103515625,0.9021022888183594,0.0
,7197,,,,,-28.564453125,64.85595703125,-0.08835609741210938,0.8931941711425782,0.0
,7198,,,,,-34.5977783203125,62.4755859375,-0.14470512084960938,0.8766209289550781,0.0
,7199,,,,,-39.6881103515625,60.8001708984375,-0.18095908813476563,0.8625336730957032,0.0
,7200,,,,,-44.384765625,59.2071533203125,-0.23264688720703125,0.8341519958496094,0.0
,7201,,,,,-49.6307373046875,56.689453125,-0.2818486999511719,0.8080491394042969,0.0
,7202,,,,,-53.814697265625,54.3365478515625,-0.3500061584472656,0.7782173034667969,0.0
,7203,,,,,-56.87255859375,51.59912109375,-0.43276878662109375,0.7288083251953125,0.0
,7204,,,,,-59.600830078125,48.5321044921875,-0.5107666076660157,0.6893432922363282,0.0
,7205,,,,,-62.3016357421875,44.970703125,-0.5498173095703125,0.6536072387695313,0.0
,7206,,,,,-64.2791748046875,41.5374755859375,-0.619114178466797,0.6210822509765626,0.0
,7207,,,,,-64.85595703125,39.44091796875,-0.686960888671875,0.5725019348144531,0.0
,7208,,,,,-65.8905029296875,36.29150390625,-0.7358519531250001,0.5507495544433594,0.0
,7209,,,,,-66.4306640625,33.8287353515625,-0.7916830627441407,0.5099379455566406,0.0
,7210,,,,,-67.19970703125,29.4158935546875,-0.8251402954101563,0.478138037109375,0.0
,7211,,,,,-68.243408203125,24.2523193359375,-0.8581831970214844,0.44416289062500003,0.0
,7212,,,,,-68.1060791015625,20.5078125,-0.9061420166015626,0.3962040710449219,0.0
,7213,,,,,-68.902587890625,14.9322509765625,-0.9311054626464844,0.35155989990234376,0.0
,7214,,,,,-69.854736328125,8.5052490234375,-0.9415673217773438,0.31323427734375003,0.0
,7215,,,,,-73.626708984375,-2.7008056640625,-0.9547223327636719,0.29003173828125,0.0
,7216,,,,,-70.916748046875,-3.094482421875,-0.9483002014160157,0.24600906372070314,0.0
,7217,,,,,-71.5301513671875,-8.4320068359375,-0.9538936706542969,0.19224960937500002,0.0
,7218,,,,,-71.6033935546875,-14.337158203125,-0.9700525817871094,0.10845115356445313,0.0
,7219,,,,,-71.246337890625,-19.6746826171875,-0.98279326171875,0.08224471435546875,0.0
,7220,,,,,-70.34912109375,-23.8494873046875,-0.98279326171875,-0.0004143310546875,0.0
,7221,,,,,-68.994140625,-27.9693603515625,-0.9765782958984375,-0.030556915283203125,0.0
,7222,,,,,-66.8426513671875,-32.904052734375,-0.9672558471679688,-0.11445895385742187,0.0
,7223,,,,,-64.581298828125,-37.371826171875,-0.955550994873047,-0.1528881591796875,0.0
,7224,,,,,-62.5946044921875,-40.924072265625,-0.9590728088378907,-0.23596153564453126,0.0
,7225,,,,,-60.1043701171875,-43.9178466796875,-0.9172253723144531,-0.277601806640625,0.0
,7226,,,,,-58.7860107421875,-44.82421875,-0.9038631958007812,-0.37890574951171874,0.0
,7227,,,,,-55.5633544921875,-47.7630615234375,-0.8674020629882813,-0.41640270996093753,0.0
,7228,,,,,-51.837158203125,-50.6927490234375,-0.8598405212402344,-0.48052044067382815,0.0
,7229,,,,,-48.6236572265625,-51.89208984375,-0.8434744445800781,-0.49802592773437504,0.0
,7230,,,,,-43.9544677734375,-54.949951171875,-0.844406689453125,-0.5783025695800782,0.0
,7231,,,,,-38.250732421875,-58.7677001953125,-0.8005911804199219,-0.5734341796875,0.0
,7232,,,,,-32.647705078125,-62.65869140625,-0.7702414306640625,-0.6122777160644531,0.0
,7233,,,,,-28.179931640625,-65.7073974609375,-0.7297405700683594,-0.6286437927246094,0.0
,7234,,,,,-22.7325439453125,-69.158935546875,-0.701876806640625,-0.6826104125976563,0.0
,7235,,,,,-18.017578125,-72.03369140625,-0.62149658203125,-0.6902755371093751,0.0
,7236,,,,,-14.39208984375,-74.01123046875,-0.5710517761230469,-0.728393994140625,0.0
,7237,,,,,-10.4644775390625,-75.860595703125,-0.4686084228515625,-0.7403060119628907,0.0
,7238,,,,,-6.04248046875,-76.7303466796875,-0.4119486511230469,-0.7861931762695312,0.0
,7239,,,,,-1.6021728515625,-77.215576171875,-0.3272179504394531,-0.79717294921875,0.0
,7240,,,,,1.5289306640625,-77.0233154296875,-0.2932428039550781,-0.8363272338867188,0.0
,7241,,,,,2.581787109375,-76.42822265625,-0.21679872436523437,-0.8480320861816406,0.0
,7242,,,,,5.4290771484375,-75.494384765625,-0.12937487182617188,-0.8730991149902344,0.0
,7243,,,,,9.6588134765625,-74.30419921875,-0.04371192626953125,-0.88003916015625,0.0
,7244,,,,,12.2589111328125,-72.8118896484375,-0.012119183349609375,-0.8889472778320313,0.0
,7245,,,,,16.69921875,-71.1181640625,0.06722521362304688,-0.867609228515625,0.0
,7246,,,,,21.8353271484375,-69.140625,0.07302584838867188,-0.8953694091796875,0.0
,7247,,,,,28.2073974609375,-66.7327880859375,0.1189130126953125,-0.9042775268554688,0.0
,7248,,,,,34.3780517578125,-64.251708984375,0.1437728759765625,-0.9171217895507813,0.0
,7249,,,,,39.202880859375,-62.3016357421875,0.19452843017578125,-0.8917440124511719,0.0
,7250,,,,,44.036865234375,-59.783935546875,0.2108945068359375,-0.8675056457519531,0.0
,7251,,,,,48.8067626953125,-56.7901611328125,0.2806057067871094,-0.8345663269042969,0.0
,7252,,,,,52.825927734375,-53.9886474609375,0.34006221313476565,-0.8028700012207032,0.0
,7253,,,,,55.517578125,-51.470947265625,0.4015903747558594,-0.769827099609375,0.0
,7254,,,,,58.154296875,-48.7060546875,0.4633257019042969,-0.7312943115234375,0.0
,7255,,,,,60.552978515625,-45.8953857421875,0.5366622985839844,-0.7014624755859376,0.0
,7256,,,,,63.665771484375,-41.4093017578125,0.6026445190429688,-0.6667622497558594,0.0
,7257,,,,,65.5975341796875,-37.6190185546875,0.6581648803710938,-0.6338229309082032,0.0
,7258,,,,,65.863037109375,-36.456298828125,0.7012553100585938,-0.6052340881347656,0.0
,7259,,,,,67.0257568359375,-32.8857421875,0.7649587097167969,-0.5537534545898438,0.0
,7260,,,,,68.243408203125,-28.8665771484375,0.8003840148925782,-0.5305509155273438,0.0
,7261,,,,,68.15185546875,-25.909423828125,0.8598405212402344,-0.47513413696289064,0.0
,7262,,,,,69.049072265625,-20.5169677734375,0.8953694091796875,-0.42945413818359374,0.0
,7263,,,,,69.7998046875,-14.5477294921875,0.8972338989257813,-0.40811608886718753,0.0
,7264,,,,,70.5322265625,-8.935546875,0.9274800659179688,-0.3799415771484375,0.0
,7265,,,,,74.3133544921875,3.570556640625,0.9094566650390625,-0.34296253051757813,0.0
,7266,,,,,71.5301513671875,4.632568359375,0.9246833312988282,-0.29552162475585936,0.0
,7267,,,,,71.5667724609375,10.1348876953125,0.9300696350097657,-0.2358579528808594,0.0
,7268,,,,,71.2371826171875,15.2801513671875,0.9457106323242188,-0.18137341918945313,0.0
,7269,,,,,70.5780029296875,21.3409423828125,0.9268585693359376,-0.12398856811523438,0.0
,7270,,,,,69.6441650390625,26.1749267578125,0.9539972534179688,-0.05976725463867188,0.0
,7271,,,,,68.609619140625,30.3314208984375,0.9233367553710938,0.00062149658203125,0.0
,7272,,,,,67.0806884765625,34.295654296875,0.9369060974121094,0.07395809326171875,0.0
,7273,,,,,65.0390625,39.0106201171875,0.9217830139160157,0.17401904296875,0.0
,7274,,,,,62.933349609375,42.8192138671875,0.9121498168945312,0.2390690185546875,0.0
,7275,,,,,61.8438720703125,43.634033203125,0.89992705078125,0.30991962890625,0.0
,7276,,,,,59.2987060546875,46.17919921875,0.8850111328125,0.3630575866699219,0.0
,7277,,,,,56.085205078125,49.1455078125,0.8812821533203126,0.4413661560058594,0.0
,7278,,,,,53.302001953125,50.28076171875,0.8614978454589844,0.47409830932617186,0.0
,7279,,,,,49.5574951171875,53.0731201171875,0.8325982543945313,0.5271326843261719,0.0
,7280,,,,,45.062255859375,56.414794921875,0.8161285949707031,0.5395626159667969,0.0
,7281,,,,,29.6630859375,60.4339599609375,0.7826713623046875,0.5830673767089843,0.0
,7282,,,,,33.837890625,64.19677734375,0.7506642883300781,0.6054412536621094,0.0
,7283,,,,,29.4708251953125,67.2271728515625,0.7064344482421875,0.6428346313476563,0.0
,7284,,,,,25.030517578125,69.6807861328125,0.6287473754882813,0.6541251525878906,0.0
,7285,,,,,20.086669921875,72.418212890625,0.5993298706054687,0.6818853332519531,0.0
,7286,,,,,15.6097412109375,74.945068359375,0.5382160400390625,0.6867537231445313,0.0
,7287,,,,,12.139892578125,76.1077880859375,0.47503055419921875,0.7426884155273438,0.0
,7288,,,,,8.1939697265625,77.1881103515625,0.4003473815917969,0.7891970764160157,0.0
,7289,,,,,3.717041015625,77.947998046875,0.35943218994140624,0.8366379821777344,0.0
,7290,,,,,0.6317138671875,77.911376953125,0.27397640991210936,0.86015126953125,0.0
,7291,,,,,-2.2430419921875,77.3529052734375,0.2213563659667969,0.8967159851074219,0.0
,7292,,,,,-4.119873046875,76.4923095703125,0.1487448486328125,0.9188826965332032,0.0
,7293,,,,,-7.9376220703125,74.74365234375,0.11207655029296876,0.9457106323242188,0.0
,7294,,,,,-12.4237060546875,73.1689453125,0.046405078125,0.9661164367675782,0.0
,7295,,,,,-15.380859375,70.7794189453125,-0.00642213134765625,0.9644591125488281,0.0
,7296,,,,,-20.782470703125,68.902587890625,-0.07395809326171875,0.9423959838867187,0.0
,7297,,,,,-27.0172119140625,66.4306640625,-0.11238729858398439,0.9180540344238282,0.0
,7298,,,,,-32.77587890625,64.141845703125,-0.1744333740234375,0.8987876403808595,0.0
,7299,,,,,-37.9119873046875,62.127685546875,-0.2006398132324219,0.8751707702636718,0.0
,7300,,,,,-42.9656982421875,59.4085693359375,-0.2681757751464844,0.8396418823242188,0.0
,7301,,,,,-47.8271484375,56.6802978515625,-0.3311540954589844,0.7928224731445312,0.0
,7302,,,,,-51.8463134765625,54.144287109375,-0.38729595336914063,0.7728309997558594,0.0
,7303,,,,,-55.1239013671875,51.4068603515625,-0.43504760742187504,0.738337939453125,0.0
,7304,,,,,-58.0078125,48.6053466796875,-0.5171887390136719,0.6866501403808594,0.0
,7305,,,,,-61.376953125,44.7418212890625,-0.5592433410644532,0.6578541320800781,0.0
,7306,,,,,-64.0869140625,41.05224609375,-0.6161102783203125,0.6293688720703126,0.0
,7307,,,,,-65.8538818359375,37.60986328125,-0.66458701171875,0.6004692810058594,0.0
,7308,,,,,-67.3370361328125,33.7646484375,-0.700219482421875,0.577577490234375,0.0
,7309,,,,,-67.4560546875,32.4462890625,-0.7428955810546876,0.5298258361816407,0.0
,7310,,,,,-68.536376953125,27.978515625,-0.7997625183105469,0.4809347717285156,0.0
,7311,,,,,-69.6075439453125,22.9705810546875,-0.8313552612304688,0.4531745910644531,0.0
,7312,,,,,-69.140625,20.0958251953125,-0.8635695007324219,0.41743853759765626,0.0
,7313,,,,,-69.8822021484375,14.483642578125,-0.895783740234375,0.3742445251464844,0.0
,7314,,,,,-70.8526611328125,7.50732421875,-0.9112175720214845,0.3311540954589844,0.0
,7315,,,,,-73.956298828125,-2.9937744140625,-0.9119426513671876,0.31717042236328125,0.0
,7316,,,,,-71.81396484375,-4.8614501953125,-0.9094566650390625,0.2669327819824219,0.0
,7317,,,,,-71.8414306640625,-10.528564453125,-0.9261334899902344,0.22508534545898437,0.0
,7318,,,,,-71.4019775390625,-16.7633056640625,-0.9381490905761719,0.14304779663085937,0.0
,7319,,,,,-70.9716796875,-22.1832275390625,-0.9336950317382813,0.10865831909179688,0.0
,7320,,,,,-70.3125,-26.513671875,-0.9235439208984375,0.04371192626953125,0.0
,7321,,,,,-69.2047119140625,-30.76171875,-0.9023094543457032,0.004454058837890625,0.0
,7322,,,,,-67.584228515625,-36.126708984375,-0.9269621520996094,-0.10793323974609376,0.0
,7323,,,,,-65.88134765625,-40.283203125,-0.9091459167480469,-0.13900806884765626,0.0
,7324,,,,,-64.8101806640625,-41.85791015625,-0.9032416992187501,-0.23067881469726564,0.0
,7325,,,,,-62.4847412109375,-44.3389892578125,-0.8788997497558594,-0.3004935974121094,0.0
,7326,,,,,-60.1226806640625,-46.5545654296875,-0.842024285888672,-0.3745552734375,0.0
,7327,,,,,-57.6324462890625,-48.4405517578125,-0.8198575744628906,-0.3951682434082031,0.0
,7328,,,,,-54.4281005859375,-50.921630859375,-0.8182002502441407,-0.47513413696289064,0.0
,7329,,,,,-50.4547119140625,-52.77099609375,-0.7861931762695312,-0.4765842956542969,0.0
,7330,,,,,-44.970703125,-56.5155029296875,-0.7903364868164062,-0.5570681030273438,0.0
,7331,,,,,-39.5416259765625,-60.406494140625,-0.7686876892089844,-0.5741592590332032,0.0
,7332,,,,,-32.904052734375,-63.6016845703125,-0.759883154296875,-0.6224288269042969,0.0
,7333,,,,,-30.72509765625,-66.961669921875,-0.6747381225585938,-0.6126920471191406,0.0
,7334,,,,,-25.689697265625,-70.0927734375,-0.6503961730957032,-0.6666586669921876,0.0
,7335,,,,,-20.6634521484375,-72.36328125,-0.5902145874023438,-0.6871680541992188,0.0
,7336,,,,,-17.1661376953125,-73.64501953125,-0.5322082397460938,-0.736784197998047,0.0
,7337,,,,,-13.1011962890625,-74.81689453125,-0.4468560424804688,-0.7520108642578125,0.0
,7338,,,,,-8.31298828125,-75.76904296875,-0.4128808959960938,-0.8143676879882813,0.0
,7339,,,,,-3.753662109375,-76.2542724609375,-0.3082623046875,-0.8346699096679687,0.0
,7340,,,,,-0.4302978515625,-75.87890625,-0.2509810363769531,-0.8656411560058594,0.0
,7341,,,,,0.7049560546875,-75.18310546875,-0.1790945983886719,-0.8914332641601562,0.0
,7342,,,,,4.595947265625,-74.1943359375,-0.1230563232421875,-0.9173289550781251,0.0
,7343,,,,,8.4503173828125,-72.894287109375,-0.01885206298828125,-0.9090423339843751,0.0
,7344,,,,,10.2630615234375,-70.78857421875,0.006007800292968751,-0.9170182067871094,0.0
,7345,,,,,14.8773193359375,-68.4814453125,0.053137957763671875,-0.9216794311523437,0.0
,7346,,,,,20.6817626953125,-66.1102294921875,0.05158421630859375,-0.9477822875976563,0.0
,7347,,,,,26.7059326171875,-63.995361328125,0.1023397705078125,-0.9436389770507813,0.0
,7348,,,,,32.1990966796875,-61.9354248046875,0.09477822875976563,-0.9315197937011719,0.0
,7349,,,,,37.6373291015625,-59.820556640625,0.15485623168945312,-0.9004449645996094,0.0
,7350,,,,,43.304443359375,-57.1014404296875,0.20923718261718752,-0.8666769836425782,0.0
,7351,,,,,48.2940673828125,-54.730224609375,0.26869368896484375,-0.8365343994140625,0.0
,7352,,,,,52.1942138671875,-52.3406982421875,0.30525840454101566,-0.8246223815917969,0.0
,7353,,,,,55.5633544921875,-49.51171875,0.36274683837890626,-0.79385830078125,0.0
,7354,,,,,59.28955078125,-45.8404541015625,0.40376561279296874,-0.7468317260742188,0.0
,7355,,,,,62.017822265625,-42.608642578125,0.48466375122070315,-0.6979406616210938,0.0
,7356,,,,,64.3524169921875,-39.276123046875,0.5595540893554688,-0.6661407531738281,0.0
,7357,,,,,66.39404296875,-35.540771484375,0.61486728515625,-0.6346515930175781,0.0
,7358,,,,,66.9891357421875,-32.958984375,0.657129052734375,-0.5922862426757812,0.0
,7359,,,,,67.9229736328125,-29.00390625,0.7222826110839844,-0.5454668334960938,0.0
,7360,,,,,68.3074951171875,-26.165771484375,0.7814283691406251,-0.483938671875,0.0
,7361,,,,,67.7398681640625,-23.8311767578125,0.8219292297363282,-0.44840978393554687,0.0
,7362,,,,,68.26171875,-18.6492919921875,0.8655375732421875,-0.42665740356445314,0.0
,7363,,,,,68.9483642578125,-12.103271484375,0.8711310424804688,-0.4090483337402344,0.0
,7364,,,,,69.7357177734375,-5.987548828125,0.8895687744140626,-0.3767305114746094,0.0
,7365,,,,,72.2991943359375,2.8472900390625,0.8681271423339844,-0.34296253051757813,0.0
,7366,,,,,71.246337890625,5.4290771484375,0.8764137634277344,-0.29676461791992187,0.0
,7367,,,,,71.429443359375,12.0391845703125,0.8719597045898437,-0.2362722839355469,0.0
,7368,,,,,71.759033203125,17.9443359375,0.8867720397949219,-0.17764443969726562,0.0
,7369,,,,,71.77734375,22.44873046875,0.8795212463378906,-0.1073117431640625,0.0
,7370,,,,,71.0723876953125,26.4312744140625,0.8802463256835937,-0.04547283325195313,0.0
,7371,,,,,69.7540283203125,31.072998046875,0.859322607421875,0.038843536376953126,0.0
,7372,,,,,68.1427001953125,35.2203369140625,0.9000306335449219,0.11860226440429687,0.0
,7373,,,,,66.2567138671875,38.5894775390625,0.8770352600097656,0.18603464355468752,0.0
,7374,,,,,64.068603515625,40.9332275390625,0.8810749877929688,0.24725205688476562,0.0
,7375,,,,,62.87841796875,41.949462890625,0.8754815185546875,0.34296253051757813,0.0
,7376,,,,,60.4888916015625,44.7052001953125,0.8730991149902344,0.42075318603515627,0.0
,7377,,,,,57.82470703125,47.20458984375,0.8549721313476563,0.47503055419921875,0.0
,7378,,,,,55.11474609375,48.468017578125,0.8487571655273438,0.5081770385742188,0.0
,7379,,,,,50.13427734375,52.4139404296875,0.817889501953125,0.5486778991699219,0.0
,7380,,,,,45.025634765625,56.0394287109375,0.8048380737304688,0.5528212097167969,0.0
,7381,,,,,40.576171875,59.2071533203125,0.7951012939453125,0.612381298828125,0.0
,7382,,,,,33.9019775390625,62.9974365234375,0.7268402526855469,0.6120705505371093,0.0
,7383,,,,,31.2286376953125,66.5313720703125,0.6655192565917969,0.6305082824707031,0.0
,7384,,,,,26.165771484375,69.0582275390625,0.6154887817382813,0.6444919555664063,0.0
,7385,,,,,22.1923828125,70.7794189453125,0.5731234313964844,0.6701804809570313,0.0
,7386,,,,,18.05419921875,72.39990234375,0.5057946350097656,0.7065380310058594,0.0
,7387,,,,,13.1103515625,73.773193359375,0.48880706176757815,0.7916830627441407,0.0
,7388,,,,,8.3221435546875,74.4598388671875,0.41267373046875,0.8059774841308593,0.0
,7389,,,,,4.669189453125,74.2584228515625,0.3561175415039063,0.8490679138183594,0.0
,7390,,,,,0.54931640625,74.2584228515625,0.26890085449218754,0.8588046936035156,0.0
,7391,,,,,-3.8177490234375,73.8372802734375,0.23306121826171874,0.9087315856933594,0.0
,7392,,,,,-5.2001953125,73.3062744140625,0.17174022216796875,0.9349380249023438,0.0
,7393,,,,,-8.3038330078125,72.2991943359375,0.10772607421875001,0.9385634216308594,0.0
,7394,,,,,-12.3870849609375,70.7794189453125,0.039465032958984375,0.9370096801757812,0.0
,7395,,,,,-15.966796875,68.8385009765625,0.006732879638671876,0.9379419250488281,0.0
,7396,,,,,-21.6705322265625,66.8792724609375,-0.056556188964843754,0.9275836486816407,0.0
,7397,,,,,-27.0172119140625,64.5538330078125,-0.09394956665039063,0.9273764831542969,0.0
,7398,,,,,-32.6019287109375,62.3565673828125,-0.15589205932617187,0.8959909057617188,0.0
,7399,,,,,-38.96484375,59.72900390625,-0.1815805847167969,0.8722704528808594,0.0
,7400,,,,,-44.82421875,57.2662353515625,-0.20095056152343752,0.8753779357910156,0.0
,7401,,,,,-49.3194580078125,54.6661376953125,-0.2518096984863281,0.8398490478515626,0.0
,7402,,,,,-53.2745361328125,52.2216796875,-0.3202779052734375,0.8081527221679687,0.0
,7403,,,,,-56.87255859375,49.3194580078125,-0.3757982666015625,0.7785280517578125,0.0
,7404,,,,,-60.406494140625,45.281982421875,-0.45244951171875003,0.728393994140625,0.0
,7405,,,,,-63.4368896484375,41.729736328125,-0.5244395324707032,0.6949367614746094,0.0
,7406,,,,,-65.386962890625,38.763427734375,-0.5850354492187501,0.6611687805175781,0.0
,7407,,,,,-67.529296875,34.8358154296875,-0.6181819335937501,0.6308190307617187,0.0
,7408,,,,,-69.4793701171875,30.0750732421875,-0.6838534057617188,0.5800634765625,0.0
,7409,,,,,-69.6807861328125,28.619384765625,-0.7496284606933594,0.5170851562500001,0.0
,7410,,,,,-69.90966796875,26.2481689453125,-0.7956192077636719,0.4670546813964844,0.0
,7411,,,,,-70.6329345703125,22.4029541015625,-0.81706083984375,0.42976488647460936,0.0
,7412,,,,,-70.5780029296875,18.1732177734375,-0.8507252380371094,0.3859493774414063,0.0
,7413,,,,,-71.1822509765625,12.158203125,-0.8993055541992188,0.3354009887695313,0.0
,7414,,,,,-71.6766357421875,6.73828125,-0.9161895446777344,0.302461669921875,0.0
,7415,,,,,-74.615478515625,-3.204345703125,-0.9183647827148438,0.2959359558105469,0.0
,7416,,,,,-72.8851318359375,-5.2642822265625,-0.9161895446777344,0.24507681884765625,0.0
,7417,,,,,-72.98583984375,-11.53564453125,-0.9103889099121094,0.2287107421875,0.0
,7418,,,,,-72.69287109375,-17.0196533203125,-0.9205400207519532,0.15661713867187502,0.0
,7419,,,,,-72.6470947265625,-21.331787109375,-0.9277908142089843,0.11290521240234376,0.0
,7420,,,,,-72.216796875,-25.927734375,-0.9377347595214844,-0.0009322448730468751,0.0
,7421,,,,,-71.1181640625,-30.706787109375,-0.9221973449707032,-0.05873142700195313,0.0
,7422,,,,,-69.6807861328125,-34.9456787109375,-0.9268585693359376,-0.1437728759765625,0.0
,7423,,,,,-68.0145263671875,-37.664794921875,-0.9025166198730469,-0.16604317016601564,0.0
,7424,,,,,-67.1173095703125,-38.983154296875,-0.9105960754394532,-0.290860400390625,0.0
,7425,,,,,-64.398193359375,-42.205810546875,-0.8942299987792969,-0.3347794921875,0.0
,7426,,,,,-61.669921875,-44.6319580078125,-0.8843896362304687,-0.4075981750488281,0.0
,7427,,,,,-59.21630859375,-45.6390380859375,-0.8509324035644531,-0.4321472900390625,0.0
,7428,,,,,-55.5908203125,-48.577880859375,-0.8616014282226563,-0.5260968566894532,0.0
,7429,,,,,-51.470947265625,-51.3519287109375,-0.8448210205078125,-0.5407020263671876,0.0
,7430,,,,,-45.7305908203125,-55.8197021484375,-0.8256582092285156,-0.5947722290039062,0.0
,7431,,,,,-40.0360107421875,-59.527587890625,-0.8055631530761719,-0.6131063781738282,0.0
,7432,,,,,-32.318115234375,-62.43896484375,-0.7866075073242188,-0.6657264221191407,0.0
,7433,,,,,-30.9906005859375,-65.66162109375,-0.7066416137695313,-0.6495675109863281,0.0
,7434,,,,,-26.0009765625,-68.6187744140625,-0.6771205261230469,-0.7146174865722656,0.0
,7435,,,,,-21.1212158203125,-70.806884765625,-0.6031624328613281,-0.7263223388671876,0.0
,7436,,,,,-17.230224609375,-72.1710205078125,-0.5617293273925782,-0.7753169860839844,0.0
,7437,,,,,-12.9730224609375,-73.4527587890625,-0.4737875610351563,-0.7923045593261719,0.0
,7438,,,,,-7.9833984375,-74.652099609375,-0.43504760742187504,-0.8367415649414063,0.0
,7439,,,,,-3.204345703125,-75.7598876953125,-0.3609859313964844,-0.8277298645019532,0.0
,7440,,,,,0.6317138671875,-75.897216796875,-0.3334329162597656,-0.8838717224121094,0.0
,7441,,,,,3.6895751953125,-75.1190185546875,-0.24217650146484376,-0.9000306335449219,0.0
,7442,,,,,7.2784423828125,-74.1943359375,-0.17785160522460938,-0.9245797485351562,0.0
,7443,,,,,10.7208251953125,-73.4710693359375,-0.09923228759765625,-0.9406350769042969,0.0
,7444,,,,,13.6688232421875,-71.8231201171875,-0.037807708740234376,-0.9377347595214844,0.0
,7445,,,,,18.072509765625,-69.76318359375,0.01843773193359375,-0.9301732177734375,0.0
,7446,,,,,22.4761962890625,-67.547607421875,0.0410187744140625,-0.9449855529785156,0.0
,7447,,,,,28.74755859375,-64.8651123046875,0.09208507690429688,-0.9485073669433594,0.0
,7448,,,,,34.86328125,-62.2283935546875,0.09767854614257813,-0.9484037841796875,0.0
,7449,,,,,40.13671875,-59.7564697265625,0.16148552856445314,-0.9297588867187501,0.0
,7450,,,,,45.5291748046875,-56.8634033203125,0.19411409912109376,-0.9054169372558594,0.0
,7451,,,,,50.592041015625,-53.8970947265625,0.2528455261230469,-0.8820072326660157,0.0
,7452,,,,,55.2520751953125,-51.0589599609375,0.30733005981445316,-0.8240008850097656,0.0
,7453,,,,,58.795166015625,-48.870849609375,0.3633683349609375,-0.7896114074707031,0.0
,7454,,,,,62.1734619140625,-45.8221435546875,0.413502392578125,-0.7595724060058594,0.0
,7455,,,,,65.0848388671875,-42.0684814453125,0.49181096191406254,-0.725079345703125,0.0
,7456,,,,,67.7581787109375,-38.1683349609375,0.5655618896484376,-0.6759811157226563,0.0
,7457,,,,,69.3878173828125,-35.137939453125,0.610723974609375,-0.6400378967285156,0.0
,7458,,,,,69.8638916015625,-33.7554931640625,0.6793993469238282,-0.5909396667480469,0.0
,7459,,,,,70.6146240234375,-30.4779052734375,0.7448636535644532,-0.5387339538574218,0.0
,7460,,,,,71.4935302734375,-26.6693115234375,0.7915794799804687,-0.4923288757324219,0.0
,7461,,,,,71.2554931640625,-23.7579345703125,0.8169572570800782,-0.4645686950683594,0.0
,7462,,,,,71.6949462890625,-19.07958984375,0.8617050109863281,-0.42158184814453126,0.0
,7463,,,,,72.0428466796875,-13.458251953125,0.8893616088867188,-0.39475391235351565,0.0
,7464,,,,,72.8302001953125,-6.390380859375,0.9084208374023438,-0.35124915161132814,0.0
,7465,,,,,74.6978759765625,2.1514892578125,0.8998234680175782,-0.33384724731445314,0.0
,7466,,,,,74.0936279296875,5.3741455078125,0.937216845703125,-0.2766695617675781,0.0
,7467,,,,,74.395751953125,10.601806640625,0.9210579345703125,-0.21690230712890626,0.0
,7468,,,,,74.3682861328125,15.1611328125,0.9484037841796875,-0.1396295654296875,0.0
,7469,,,,,73.7823486328125,20.7733154296875,0.9342129455566407,-0.05935292358398438,0.0
,7470,,,,,73.3245849609375,25.5889892578125,0.9314162109375,-0.005075555419921875,0.0
,7471,,,,,72.39990234375,29.3426513671875,0.9173289550781251,0.06857178955078125,0.0
,7472,,,,,70.5322265625,33.013916015625,0.9508897705078125,0.15713505249023438,0.0
,7473,,,,,68.096923828125,37.3809814453125,0.9378383422851563,0.2374116943359375,0.0
,7474,,,,,65.8905029296875,40.68603515625,0.9452963012695312,0.29355355224609375,0.0
,7475,,,,,64.9200439453125,41.1529541015625,0.9168110412597656,0.35798203125,0.0
,7476,,,,,62.164306640625,43.4234619140625,0.9196077758789063,0.4346332763671875,0.0
,7477,,,,,58.41064453125,46.47216796875,0.9245797485351562,0.509627197265625,0.0
,7478,,,,,54.949951171875,48.0377197265625,0.9134963928222657,0.5397697814941407,0.0
,7479,,,,,50.5645751953125,51.0772705078125,0.885839794921875,0.5845175354003906,0.0
,7480,,,,,45.59326171875,54.4281005859375,0.8643981628417969,0.6137278747558594,0.0
,7481,,,,,39.84375,58.8409423828125,0.8321839233398438,0.6409701416015625,0.0
,7482,,,,,34.0667724609375,62.823486328125,0.7929260559082032,0.6464600280761719,0.0
,7483,,,,,30.084228515625,65.9454345703125,0.7296369873046875,0.6534000732421875,0.0
,7484,,,,,25.3326416015625,69.1131591796875,0.6863393920898437,0.6783635192871094,0.0
,7485,,,,,20.2239990234375,71.759033203125,0.6448027038574219,0.7088168518066407,0.0
,7486,,,,,15.399169921875,73.7548828125,0.5677371276855468,0.7117171691894532,0.0
,7487,,,,,11.5631103515625,74.8809814453125,0.5221607116699218,0.763197802734375,0.0
,7488,,,,,7.06787109375,75.5401611328125,0.43535835571289067,0.79385830078125,0.0
,7489,,,,,1.922607421875,75.9521484375,0.41101640625,0.8563187072753906,0.0
,7490,,,,,-2.8564453125,76.0894775390625,0.34493060302734374,0.8901902709960938,0.0
,7491,,,,,-6.2347412109375,75.29296875,0.2829881103515625,0.9161895446777344,0.0
,7492,,,,,-7.6446533203125,74.2767333984375,0.19660008544921875,0.9478858703613282,0.0
,7493,,,,,-11.68212890625,72.9949951171875,0.15340607299804687,0.9624910400390625,0.0
,7494,,,,,-15.802001953125,71.3287353515625,0.08131246948242188,0.9673594299316407,0.0
,7495,,,,,-18.017578125,69.0582275390625,0.0393614501953125,0.9616623779296876,0.0
,7496,,,,,-23.0255126953125,66.9342041015625,-0.039154284667968754,0.9319341247558593,0.0
,7497,,,,,-29.205322265625,64.2608642578125,-0.0633926513671875,0.9495431945800782,0.0
,7498,,,,,-35.19287109375,61.541748046875,-0.110212060546875,0.9358702697753907,0.0
,7499,,,,,-40.521240234375,58.8958740234375,-0.15962103881835937,0.8916404296875,0.0
,7500,,,,,-44.879150390625,56.2957763671875,-0.20903001708984376,0.8912260986328125,0.0
,7501,,,,,-49.2645263671875,53.485107421875,-0.2713868408203125,0.8602548522949219,0.0
,7502,,,,,-53.1280517578125,50.8209228515625,-0.34109804077148437,0.8374666442871094,0.0
,7503,,,,,-56.6070556640625,47.9095458984375,-0.38750311889648437,0.8043201599121094,0.0
,7504,,,,,-60.1409912109375,44.4488525390625,-0.44809903564453124,0.7610225646972657,0.0
,7505,,,,,-63.079833984375,40.9515380859375,-0.5157385803222656,0.6972155822753906,0.0
,7506,,,,,-64.9017333984375,37.628173828125,-0.5920790771484375,0.6462528625488282,0.0
,7507,,,,,-67.1630859375,33.9202880859375,-0.6554717285156251,0.6056484191894531,0.0
,7508,,,,,-69.0216064453125,29.901123046875,-0.6978370788574219,0.5681514587402344,0.0
,7509,,,,,-68.756103515625,28.6651611328125,-0.7611261474609375,0.5006154968261719,0.0
,7510,,,,,-68.4356689453125,26.348876953125,-0.8057703186035157,0.46674393310546874,0.0
,7511,,,,,-68.9849853515625,22.210693359375,-0.8232758056640626,0.4392945007324219,0.0
,7512,,,,,-69.085693359375,17.633056640625,-0.8621193420410157,0.3965148193359375,0.0
,7513,,,,,-70.1019287109375,11.8194580078125,-0.8971303161621094,0.36202175903320316,0.0
,7514,,,,,-71.044921875,6.6192626953125,-0.8937120849609376,0.3259749572753906,0.0
,7515,,,,,-74.1119384765625,-3.3416748046875,-0.9090423339843751,0.29893985595703126,0.0
,7516,,,,,-75.9613037109375,-6.5460205078125,-0.9084208374023438,0.23896543579101565,0.0
,7517,,,,,-72.4639892578125,-11.9842529296875,-0.9256155761718751,0.20115772705078125,0.0
,7518,,,,,-72.235107421875,-16.3970947265625,-0.9293445556640625,0.12067391967773437,0.0
,7519,,,,,-71.9879150390625,-20.745849609375,-0.94301748046875,0.060595916748046874,0.0
,7520,,,,,-71.502685546875,-24.8382568359375,-0.9381490905761719,-0.020095056152343752,0.0
,7521,,,,,-70.3399658203125,-30.06591796875,-0.9326592041015626,-0.07033269653320312,0.0
,7522,,,,,-68.975830078125,-34.515380859375,-0.9274800659179688,-0.13424326171875,0.0
,7523,,,,,-67.49267578125,-37.46337890625,-0.9110104064941407,-0.15299174194335938,0.0
,7524,,,,,-66.522216796875,-38.690185546875,-0.9026202026367188,-0.25740316772460936,0.0
,7525,,,,,-63.61083984375,-41.656494140625,-0.8949550781250001,-0.31851699829101565,0.0
,7526,,,,,-61.0198974609375,-43.9544677734375,-0.8802463256835937,-0.39993305053710937,0.0
,7527,,,,,-58.721923828125,-45.2728271484375,-0.8556972106933594,-0.4302828002929688,0.0
,7528,,,,,-54.8492431640625,-48.541259765625,-0.8655375732421875,-0.5052767211914063,0.0
,7529,,,,,-50.6927490234375,-51.0406494140625,-0.8451317687988281,-0.532829736328125,0.0
,7530,,,,,-45.1995849609375,-55.11474609375,-0.8363272338867188,-0.6006764465332032,0.0
,7531,,,,,-39.8712158203125,-58.831787109375,-0.7887827453613282,-0.6036803466796875,0.0
,7532,,,,,-31.6680908203125,-61.6241455078125,-0.78059970703125,-0.6610651977539063,0.0
,7533,,,,,-30.4046630859375,-64.6728515625,-0.7229041076660156,-0.6722521362304688,0.0
,7534,,,,,-25.3326416015625,-67.840576171875,-0.6976299133300782,-0.7319158081054687,0.0
,7535,,,,,-20.4254150390625,-70.2484130859375,-0.62812587890625,-0.7511822021484376,0.0
,7536,,,,,-16.9464111328125,-72.1160888671875,-0.565976220703125,-0.7833964416503907,0.0
,7537,,,,,-12.945556640625,-73.53515625,-0.46922991943359377,-0.7768707275390625,0.0
,7538,,,,,-8.2305908203125,-74.1485595703125,-0.43328670043945317,-0.8247259643554687,0.0
,7539,,,,,-3.4332275390625,-74.560546875,-0.3500061584472656,-0.8302158508300782,0.0
,7540,,,,,0.3936767578125,-74.23095703125,-0.31644534301757815,-0.8754815185546875,0.0
,7541,,,,,3.1768798828125,-73.992919921875,-0.23368271484375,-0.8830430603027344,0.0
,7542,,,,,7.763671875,-73.040771484375,-0.184791650390625,-0.9124605651855469,0.0
,7543,,,,,10.80322265625,-71.8597412109375,-0.08980625610351563,-0.8998234680175782,0.0
,7544,,,,,13.0645751953125,-70.5413818359375,-0.03987936401367188,-0.9139107238769532,0.0
,7545,,,,,17.6605224609375,-69.17724609375,0.016158911132812502,-0.9168110412597656,0.0
,7546,,,,,22.7783203125,-66.925048828125,0.044644171142578126,-0.9291373901367188,0.0
,7547,,,,,28.7017822265625,-64.4805908203125,0.09954303588867187,-0.9268585693359376,0.0
,7548,,,,,34.0484619140625,-62.2283935546875,0.09912870483398438,-0.9379419250488281,0.0
,7549,,,,,39.642333984375,-59.3902587890625,0.1727760498046875,-0.9126677307128906,0.0
,7550,,,,,45.703125,-56.0302734375,0.2108945068359375,-0.8759994323730469,0.0
,7551,,,,,50.6744384765625,-53.3111572265625,0.24787355346679688,-0.8716489562988281,0.0
,7552,,,,,54.5745849609375,-50.848388671875,0.29262130737304687,-0.8495858276367187,0.0
,7553,,,,,57.989501953125,-47.991943359375,0.35456380004882815,-0.8301122680664063,0.0
,7554,,,,,61.1572265625,-45.135498046875,0.421789013671875,-0.7782173034667969,0.0
,7555,,,,,64.5538330078125,-41.56494140625,0.49491844482421876,-0.7321229736328125,0.0
,7556,,,,,67.41943359375,-37.8936767578125,0.5426700988769532,-0.6841641540527343,0.0
,7557,,,,,68.9117431640625,-35.2294921875,0.6176640197753906,-0.6203571716308593,0.0
,7558,,,,,69.2962646484375,-34.0484619140625,0.6711127258300782,-0.5748843383789063,0.0
,7559,,,,,70.27587890625,-30.029296875,0.7268402526855469,-0.5354193054199219,0.0
,7560,,,,,70.880126953125,-26.1474609375,0.8031807495117188,-0.48052044067382815,0.0
,7561,,,,,70.2301025390625,-23.7762451171875,0.8308373474121094,-0.45452116699218753,0.0
,7562,,,,,70.8892822265625,-18.7225341796875,0.8597369384765625,-0.42448216552734375,0.0
,7563,,,,,71.2738037109375,-13.5406494140625,0.8895687744140626,-0.3887461120605469,0.0
,7564,,,,,72.10693359375,-6.976318359375,0.9283087280273438,-0.33457232666015624,0.0
,7565,,,,,77.325439453125,2.069091796875,0.9316233764648438,-0.2702474304199219,0.0
,7566,,,,,73.6175537109375,5.16357421875,0.926547821044922,-0.2485986328125,0.0
,7567,,,,,76.8218994140625,10.7208251953125,0.9105960754394532,-0.1898672058105469,0.0
,7568,,,,,73.7274169921875,16.094970703125,0.9453998840332032,-0.13413967895507814,0.0
,7569,,,,,76.8402099609375,21.478271484375,0.9208507690429688,-0.06774312744140626,0.0
,7570,,,,,72.69287109375,25.1495361328125,0.9277908142089843,-0.0069400451660156254,0.0
,7571,,,,,71.484375,28.875732421875,0.9263406555175782,0.08483428344726562,0.0
,7572,,,,,69.9371337890625,32.464599609375,0.9440533081054687,0.14584453125,0.0
,7573,,,,,67.3736572265625,37.17041015625,0.9152572998046875,0.22042412109375,0.0
,7574,,,,,64.8468017578125,40.5487060546875,0.9194006103515625,0.2898245727539063,0.0
,7575,,,,,63.7481689453125,40.72265625,0.9067635131835938,0.3546673828125,0.0
,7576,,,,,61.19384765625,42.8192138671875,0.9091459167480469,0.425103662109375,0.0
,7577,,,,,57.806396484375,45.9503173828125,0.8910189331054688,0.48010610961914063,0.0
,7578,,,,,54.60205078125,47.479248046875,0.9048990234375001,0.5236108703613281,0.0
,7579,,,,,50.3997802734375,50.299072265625,0.8809714050292969,0.5804778076171875,0.0
,7580,,,,,45.794677734375,53.7322998046875,0.8426457824707031,0.5860712768554688,0.0
,7581,,,,,39.9261474609375,58.2550048828125,0.8193396606445312,0.6155923645019531,0.0
,7582,,,,,33.6456298828125,62.0635986328125,0.7611261474609375,0.6011943603515625,0.0
,7583,,,,,29.55322265625,65.167236328125,0.72425068359375,0.6318548583984375,0.0
,7584,,,,,24.8382568359375,68.4173583984375,0.6594078735351563,0.6421095520019532,0.0
,7585,,,,,19.9127197265625,70.916748046875,0.6114490539550781,0.680331591796875,0.0
,7586,,,,,15.1153564453125,72.784423828125,0.5486778991699219,0.6799172607421875,0.0
,7587,,,,,11.3067626953125,74.1851806640625,0.5122167663574219,0.7502499572753907,0.0
,7588,,,,,7.1136474609375,75.2105712890625,0.4210639343261719,0.8051488220214844,0.0
,7589,,,,,2.1331787109375,75.6591796875,0.3981721435546875,0.8648124938964844,0.0
,7590,,,,,-2.6641845703125,75.6591796875,0.32980751953125004,0.8881186157226563,0.0
,7591,,,,,-6.060791015625,75.0,0.27407999267578126,0.9068670959472657,0.0
,7592,,,,,-7.6446533203125,74.102783203125,0.1769193603515625,0.9139107238769532,0.0
,7593,,,,,-11.7919921875,72.6287841796875,0.11508045043945313,0.9134963928222657,0.0
,7594,,,,,-15.8111572265625,70.9991455078125,0.06028516845703125,0.9395992492675782,0.0
,7595,,,,,-17.889404296875,68.9208984375,0.025377777099609377,0.9575190673828126,0.0
,7596,,,,,-22.869873046875,66.6046142578125,-0.04671582641601563,0.9426031494140625,0.0
,7597,,,,,-29.11376953125,63.6199951171875,-0.06432489624023438,0.92644423828125,0.0
,7598,,,,,-35.19287109375,61.541748046875,-0.11860226440429687,0.9055205200195313,0.0
,7599,,,,,-40.594482421875,59.326171875,-0.174847705078125,0.86346591796875,0.0
,7600,,,,,-45.703125,56.9915771484375,-0.21265541381835937,0.8519682312011719,0.0
,7601,,,,,-47.2503662109375,54.2999267578125,-0.261028564453125,0.8016270080566407,0.0
,7602,,,,,-55.609130859375,51.7364501953125,-0.3260785400390625,0.7672375305175781,0.0
,7603,,,,,-58.85009765625,49.658203125,-0.3839813049316406,0.7310871459960938,0.0
,7604,,,,,-61.7523193359375,47.16796875,-0.4656045227050781,0.6801244262695313,0.0
,7605,,,,,-65.1123046875,43.1488037109375,-0.5332440673828125,0.6616866943359375,0.0
,7606,,,,,-67.2821044921875,39.5599365234375,-0.5834817077636719,0.6309226135253907,0.0
,7607,,,,,-68.133544921875,37.811279296875,-0.6337193481445312,0.5834817077636719,0.0
,7608,,,,,-69.17724609375,34.698486328125,-0.7140995727539062,0.5395626159667969,0.0
,7609,,,,,-69.3695068359375,32.684326171875,-0.7751098205566407,0.4901536376953125,0.0
,7610,,,,,-69.9554443359375,28.912353515625,-0.8011090942382812,0.4595967224121094,0.0
,7611,,,,,-71.1456298828125,23.9776611328125,-0.8397454650878906,0.4355655212402344,0.0
,7612,,,,,-71.173095703125,20.0775146484375,-0.869266552734375,0.39993305053710937,0.0
,7613,,,,,-71.9146728515625,14.3280029296875,-0.9075921752929688,0.3721728698730469,0.0
,7614,,,,,-75.6134033203125,7.9193115234375,-0.9380455078125001,0.31209486694335936,0.0
,7615,,,,,-75.640869140625,-2.838134765625,-0.9368025146484376,0.2764623962402344,0.0
,7616,,,,,-76.0345458984375,-3.515625,-0.9525470947265625,0.216280810546875,0.0
,7617,,,,,-73.6358642578125,-8.7066650390625,-0.9419816528320313,0.1918352783203125,0.0
,7618,,,,,-77.1881103515625,-14.8590087890625,-0.9422924011230469,0.11238729858398439,0.0
,7619,,,,,-72.5006103515625,-19.537353515625,-0.9344201110839844,0.08224471435546875,0.0
,7620,,,,,-71.4202880859375,-23.4832763671875,-0.9510969360351563,-0.005800634765625,0.0
,7621,,,,,-70.12939453125,-27.557373046875,-0.938977752685547,-0.04878748168945313,0.0
,7622,,,,,-67.9046630859375,-32.0709228515625,-0.9480930358886719,-0.14263346557617188,0.0
,7623,,,,,-65.5426025390625,-35.9527587890625,-0.9564832397460937,-0.18044117431640624,0.0
,7624,,,,,-64.0594482421875,-37.5823974609375,-0.947160791015625,-0.28319527587890625,0.0
,7625,,,,,-62.0269775390625,-40.7318115234375,-0.9166038757324219,-0.33053259887695313,0.0
,7626,,,,,-59.7747802734375,-43.798828125,-0.8966124023437501,-0.4011760437011719,0.0
,7627,,,,,-56.707763671875,-45.9320068359375,-0.8610835144042969,-0.42085676879882816,0.0
,7628,,,,,-53.4942626953125,-48.2666015625,-0.8701987976074219,-0.5007190795898437,0.0
,7629,,,,,-50.0152587890625,-50.3448486328125,-0.8249331298828125,-0.4982330932617188,0.0
,7630,,,,,-44.9066162109375,-54.5928955078125,-0.833737664794922,-0.5669084655761719,0.0
,7631,,,,,-39.5599365234375,-58.7127685546875,-0.812917529296875,-0.5910432495117187,0.0
,7632,,,,,-31.45751953125,-62.127685546875,-0.7958263732910157,-0.6328906860351563,0.0
,7633,,,,,-29.132080078125,-65.4510498046875,-0.7478675537109375,-0.6269864685058594,0.0
,7634,,,,,-23.8494873046875,-68.5638427734375,-0.7168963073730469,-0.6791921813964844,0.0
,7635,,,,,-18.93310546875,-71.5118408203125,-0.6425238830566407,-0.6851999816894532,0.0
,7636,,,,,-14.703369140625,-73.1964111328125,-0.5806849731445313,-0.7211432006835937,0.0
,7637,,,,,-10.1898193359375,-74.249267578125,-0.5120096008300782,-0.7411346740722656,0.0
,7638,,,,,-5.2642822265625,-75.54931640625,-0.46384361572265626,-0.789714990234375,0.0
,7639,,,,,-0.347900390625,-76.446533203125,-0.3899891052246094,-0.8125031982421875,0.0
,7640,,,,,3.2958984375,-76.13525390625,-0.35155989990234376,-0.8665734008789063,0.0
,7641,,,,,5.914306640625,-75.7598876953125,-0.2702474304199219,-0.8727883666992188,0.0
,7642,,,,,10.4736328125,-74.7894287109375,-0.18665614013671875,-0.8690593872070312,0.0
,7643,,,,,13.4033203125,-73.1414794921875,-0.07116135864257812,-0.8518646484375,0.0
,7644,,,,,14.5294189453125,-71.37451171875,-0.03977578125,-0.8805570739746094,0.0
,7645,,,,,18.768310546875,-69.8822021484375,0.033975146484375,-0.8913296813964844,0.0
,7646,,,,,24.5819091796875,-67.6300048828125,0.04070802612304688,-0.9003413818359375,0.0
,7647,,,,,30.4779052734375,-65.570068359375,0.098610791015625,-0.8823179809570313,0.0
,7648,,,,,30.4779052734375,-65.570068359375,0.11767001953125,-0.8755851013183594,0.0
,7649,,,,,40.6494140625,-61.2579345703125,0.15734221801757814,-0.8671948974609375,0.0
,7650,,,,,40.6494140625,-61.2579345703125,0.21379482421875,-0.8269012023925781,0.0
,7651,,,,,50.8392333984375,-56.1492919921875,0.28816724853515624,-0.8094992980957032,0.0
,7652,,,,,50.8392333984375,-56.1492919921875,0.32431763305664063,-0.7918902282714844,0.0
,7653,,,,,58.1817626953125,-51.141357421875,0.3672008972167969,-0.7801853759765626,0.0
,7654,,,,,61.48681640625,-48.541259765625,0.42696815185546877,-0.7239399353027344,0.0
,7655,,,,,64.8284912109375,-44.696044921875,0.5006154968261719,-0.6722521362304688,0.0
,7656,,,,,67.437744140625,-41.1529541015625,0.5650439758300781,-0.6162138610839843,0.0
,7657,,,,,68.5455322265625,-38.323974609375,0.6172496887207032,-0.5993298706054687,0.0
,7658,,,,,68.5089111328125,-37.4267578125,0.6936937683105469,-0.5476420715332031,0.0
,7659,,,,,69.3603515625,-33.837890625,0.7636121337890626,-0.5037229797363282,0.0
,7660,,,,,70.1202392578125,-29.5806884765625,0.817164422607422,-0.4642579467773438,0.0
,7661,,,,,69.2230224609375,-26.9989013671875,0.8376738098144532,-0.4388801696777344,0.0
,7662,,,,,69.598388671875,-21.5789794921875,0.8921583435058594,-0.39982946777343753,0.0
,7663,,,,,70.0927734375,-15.5181884765625,0.9273764831542969,-0.3749696044921875,0.0
,7664,,,,,70.8526611328125,-8.660888671875,0.9436389770507813,-0.3424446166992188,0.0
,7665,,,,,73.846435546875,2.4078369140625,0.9302768005371094,-0.31623817749023436,0.0
,7666,,,,,71.356201171875,3.22265625,0.95959072265625,-0.27418357543945315,0.0
,7667,,,,,71.2554931640625,8.45947265625,0.947160791015625,-0.20913359985351562,0.0
,7668,,,,,71.1822509765625,14.4287109375,0.9563796569824219,-0.15226666259765625,0.0
,7669,,,,,70.9075927734375,19.66552734375,0.9394956665039063,-0.08649160766601563,0.0
,7670,,,,,70.3125,23.5931396484375,0.9508897705078125,-0.02672435302734375,0.0
,7671,,,,,68.9849853515625,27.7313232421875,0.9378383422851563,0.05116988525390625,0.0
,7672,,,,,67.0806884765625,32.080078125,0.9447783874511719,0.12937487182617188,0.0
,7673,,,,,64.9383544921875,36.3739013671875,0.9267549865722656,0.19981115112304687,0.0
,7674,,,,,62.933349609375,39.2852783203125,0.9259263244628907,0.2551243469238281,0.0
,7675,,,,,61.63330078125,40.4296875,0.8969231506347657,0.32794302978515627,0.0
,7676,,,,,58.1451416015625,43.39599609375,0.9110104064941407,0.39599690551757816,0.0
,7677,,,,,54.96826171875,45.9503173828125,0.9137035583496094,0.4593895568847656,0.0
,7678,,,,,52.6153564453125,46.9390869140625,0.8876007019042969,0.48217776489257813,0.0
,7679,,,,,48.5504150390625,50.4547119140625,0.8646053283691406,0.5414271057128907,0.0
,7680,,,,,43.3319091796875,54.6295166015625,0.8515539001464844,0.562661572265625,0.0
,7681,,,,,38.0859375,58.8043212890625,0.81706083984375,0.5865891906738282,0.0
,7682,,,,,32.8948974609375,62.1185302734375,0.7563613403320313,0.5747807556152343,0.0
,7683,,,,,28.6376953125,65.5426025390625,0.7135816589355469,0.6117598022460937,0.0
,7684,,,,,22.869873046875,68.682861328125,0.66458701171875,0.6341336791992188,0.0
,7685,,,,,17.889404296875,71.099853515625,0.6511212524414063,0.6916221130371094,0.0
,7686,,,,,13.9251708984375,72.83935546875,0.5733305969238282,0.6937973510742188,0.0
,7687,,,,,9.9517822265625,74.2034912109375,0.5107666076660157,0.7410310913085938,0.0
,7688,,,,,4.595947265625,75.1373291015625,0.4156776306152344,0.7609189819335938,0.0
,7689,,,,,0.1556396484375,75.732421875,0.3928894226074219,0.8187181640625,0.0
,7690,,,,,-3.0853271484375,75.9063720703125,0.32141731567382814,0.8513467346191407,0.0
,7691,,,,,-6.427001953125,75.2471923828125,0.2465269775390625,0.8811785705566406,0.0
,7692,,,,,-8.16650390625,74.1668701171875,0.13807582397460938,0.8841824707031251,0.0
,7693,,,,,-11.3525390625,73.077392578125,0.10544725341796875,0.9236475036621095,0.0
,7694,,,,,-14.6026611328125,71.88720703125,0.03977578125,0.9414637390136719,0.0
,7695,,,,,-17.340087890625,69.7357177734375,0.0020716552734375,0.9420852355957031,0.0
,7696,,,,,-23.1536865234375,67.5384521484375,-0.06080308227539063,0.9241654174804688,0.0
,7697,,,,,-29.0313720703125,65.1763916015625,-0.10700099487304687,0.9227152587890626,0.0
,7698,,,,,-34.0118408203125,63.17138671875,-0.13683283081054687,0.9094566650390625,0.0
,7699,,,,,-34.0118408203125,63.17138671875,-0.17557278442382812,0.8749636047363282,0.0
,7700,,,,,-44.1192626953125,59.619140625,-0.24673414306640626,0.8362236511230469,0.0
,7701,,,,,-44.1192626953125,59.619140625,-0.28236661376953126,0.8113637878417969,0.0
,7702,,,,,-53.5675048828125,53.7689208984375,-0.3672008972167969,0.7712772583007813,0.0
,7703,,,,,-56.671142578125,51.1138916015625,-0.4197173583984375,0.7386486877441406,0.0
,7704,,,,,-59.36279296875,48.2940673828125,-0.4724409851074219,0.7210396179199219,0.0
,7705,,,,,-62.3748779296875,44.7052001953125,-0.5416342712402344,0.6850963989257812,0.0
,7706,,,,,-64.6820068359375,40.8782958984375,-0.6194249267578125,0.6410737243652344,0.0
,7707,,,,,-65.2862548828125,39.3585205078125,-0.6812638366699219,0.5757130004882812,0.0
,7708,,,,,-66.24755859375,36.4837646484375,-0.7224897766113282,0.5437059265136719,0.0
,7709,,,,,-67.1356201171875,32.794189453125,-0.768169775390625,0.48373150634765627,0.0
,7710,,,,,-67.41943359375,29.4158935546875,-0.8259689575195313,0.45037785644531253,0.0
,7711,,,,,-68.060302734375,25.5340576171875,-0.8550757141113281,0.43908733520507814,0.0
,7712,,,,,-68.15185546875,21.2860107421875,-0.8892580261230469,0.39786139526367187,0.0
,7713,,,,,-68.8568115234375,15.472412109375,-0.9081100891113282,0.37890574951171874,0.0
,7714,,,,,-69.873046875,8.404541015625,-0.9395992492675782,0.3335364990234375,0.0
,7715,,,,,-73.42529296875,-2.7008056640625,-0.9318305419921875,0.3158238464355469,0.0
,7716,,,,,-71.19140625,-3.4423828125,-0.9292409729003906,0.25740316772460936,0.0
,7717,,,,,-71.7864990234375,-8.7982177734375,-0.9435353942871094,0.20302221679687502,0.0
,7718,,,,,-71.539306640625,-14.5111083984375,-0.9601086364746094,0.12626738891601563,0.0
,7719,,,,,-71.1822509765625,-19.7113037109375,-0.9457106323242188,0.10244335327148438,0.0
,7720,,,,,-70.330810546875,-23.91357421875,-0.9346272766113282,0.017505487060546877,0.0
,7721,,,,,-69.03076171875,-28.41796875,-0.9390813354492188,-0.027449432373046877,0.0
,7722,,,,,-67.0166015625,-33.4808349609375,-0.9415673217773438,-0.11487328491210938,0.0
,7723,,,,,-64.801025390625,-37.68310546875,-0.9426031494140625,-0.15848162841796876,0.0
,7724,,,,,-62.750244140625,-41.0614013671875,-0.9445712219238281,-0.23243972167968752,0.0
,7725,,,,,-60.1043701171875,-43.6798095703125,-0.9209543518066406,-0.28412752075195313,0.0
,7726,,,,,-58.0718994140625,-44.8699951171875,-0.9064527648925782,-0.38056307373046877,0.0
,7727,,,,,-54.9407958984375,-47.3876953125,-0.8630515869140625,-0.41132715454101565,0.0
,7728,,,,,-51.8646240234375,-50.262451171875,-0.8718561218261719,-0.497197265625,0.0
,7729,,,,,-48.4954833984375,-51.7364501953125,-0.8414027893066407,-0.5115952697753906,0.0
,7730,,,,,-43.2220458984375,-55.426025390625,-0.8209969848632813,-0.5646296447753907,0.0
,7731,,,,,-38.067626953125,-59.58251953125,-0.7926153076171876,-0.5688765380859375,0.0
,7732,,,,,-32.3638916015625,-62.969970703125,-0.7666160339355469,-0.6014015258789063,0.0
,7733,,,,,-28.509521484375,-66.0003662109375,-0.7365770324707032,-0.6319584411621094,0.0
,7734,,,,,-23.126220703125,-69.2047119140625,-0.7133744934082031,-0.6940045166015625,0.0
,7735,,,,,-18.34716796875,-72.25341796875,-0.6222216613769531,-0.660443701171875,0.0
,7736,,,,,-14.7125244140625,-73.86474609375,-0.5672192138671875,-0.7061236999511719,0.0
,7737,,,,,-10.8306884765625,-75.3204345703125,-0.493053955078125,-0.7223861938476562,0.0
,7738,,,,,-6.1798095703125,-76.13525390625,-0.4326652038574219,-0.7774922241210938,0.0
,7739,,,,,-1.5472412109375,-76.7578125,-0.3485559997558594,-0.7819462829589844,0.0
,7740,,,,,1.666259765625,-76.6754150390625,-0.29997568359375,-0.8327018371582031,0.0
,7741,,,,,3.0670166015625,-76.153564453125,-0.20291863403320312,-0.8681271423339844,0.0
,7742,,,,,6.060791015625,-75.274658203125,-0.14107972412109376,-0.8924690917968751,0.0
,7743,,,,,9.9884033203125,-74.249267578125,-0.058938592529296875,-0.8964052368164063,0.0
,7744,,,,,12.3321533203125,-72.94921875,-0.005904217529296875,-0.8944371643066407,0.0
,7745,,,,,16.7633056640625,-71.337890625,0.04412625732421875,-0.8961980712890625,0.0
,7746,,,,,21.9635009765625,-69.3328857421875,0.06132099609375,-0.9034488647460938,0.0
,7747,,,,,28.23486328125,-66.7877197265625,0.11860226440429687,-0.8996163024902344,0.0
,7748,,,,,28.23486328125,-66.7877197265625,0.11590911254882813,-0.9061420166015626,0.0
,7749,,,,,38.92822265625,-62.6129150390625,0.189763623046875,-0.8728919494628906,0.0
,7750,,,,,38.92822265625,-62.6129150390625,0.24228008422851563,-0.8589082763671875,0.0
,7751,,,,,48.504638671875,-57.037353515625,0.29490012817382816,-0.8511395690917969,0.0
,7752,,,,,50.225830078125,-54.052734375,0.3402693786621094,-0.7997625183105469,0.0
,7753,,,,,55.865478515625,-51.7364501953125,0.4136059753417969,-0.7664088684082031,0.0
,7754,,,,,58.8775634765625,-48.7060546875,0.468194091796875,-0.7298441528320313,0.0
,7755,,,,,61.175537109375,-45.4833984375,0.5318974914550781,-0.7191751281738281,0.0
,7756,,,,,63.812255859375,-41.326904296875,0.5933220703125001,-0.6799172607421875,0.0
,7757,,,,,65.679931640625,-37.408447265625,0.6669694152832032,-0.6381734069824219,0.0
,7758,,,,,65.8447265625,-36.14501953125,0.7415490051269531,-0.5879357666015625,0.0
,7759,,,,,66.8792724609375,-32.940673828125,0.7794602966308594,-0.549402978515625,0.0
,7760,,,,,68.1060791015625,-28.729248046875,0.8057703186035157,-0.5106630249023437,0.0
,7761,,,,,68.1976318359375,-25.634765625,0.852693310546875,-0.4644651123046875,0.0
,7762,,,,,68.975830078125,-20.709228515625,0.8741349426269531,-0.44115899047851564,0.0
,7763,,,,,69.5068359375,-15.362548828125,0.8812821533203126,-0.4089447509765625,0.0
,7764,,,,,70.257568359375,-9.3109130859375,0.9157752136230469,-0.38315264282226563,0.0
,7765,,,,,73.9471435546875,3.350830078125,0.9105960754394532,-0.35352797241210937,0.0
,7766,,,,,71.3470458984375,4.522705078125,0.9139107238769532,-0.3257677917480469,0.0
,7767,,,,,71.4752197265625,10.29052734375,0.9145322204589844,-0.2551243469238281,0.0
,7768,,,,,71.3287353515625,15.3350830078125,0.9373204284667969,-0.19898248901367188,0.0
,7769,,,,,70.71533203125,21.3409423828125,0.9528578430175781,-0.12461006469726563,0.0
,7770,,,,,70.0103759765625,26.7333984375,0.9527542602539063,-0.053863037109375005,0.0
,7771,,,,,68.9117431640625,30.5877685546875,0.9171217895507813,0.000103582763671875,0.0
,7772,,,,,67.3095703125,34.3505859375,0.9422924011230469,0.08276262817382812,0.0
,7773,,,,,64.984130859375,38.8916015625,0.91981494140625,0.14574094848632813,0.0
,7774,,,,,62.7960205078125,42.7825927734375,0.9122533996582032,0.21389840698242188,0.0
,7775,,,,,61.8255615234375,43.7347412109375,0.885839794921875,0.2839203552246094,0.0
,7776,,,,,59.0606689453125,45.941162109375,0.8990983886718751,0.36854747314453123,0.0
,7777,,,,,55.865478515625,48.797607421875,0.8697844665527344,0.431732958984375,0.0
,7778,,,,,53.21044921875,49.8321533203125,0.8555936279296875,0.49046438598632813,0.0
,7779,,,,,49.383544921875,52.91748046875,0.8441995239257812,0.5442238403320313,0.0
,7780,,,,,44.5770263671875,56.2591552734375,0.8204790710449219,0.5745735900878907,0.0
,7781,,,,,29.718017578125,60.1043701171875,0.8056667358398438,0.6127956298828126,0.0
,7782,,,,,34.039306640625,63.9495849609375,0.7518036987304688,0.5971546325683594,0.0
,7783,,,,,29.7271728515625,67.08984375,0.7097490966796876,0.6168353576660156,0.0
,7784,,,,,25.2227783203125,69.818115234375,0.6364125,0.616524609375,0.0
,7785,,,,,20.123291015625,72.6654052734375,0.5820315490722656,0.6557824768066406,0.0
,7786,,,,,15.6829833984375,75.2288818359375,0.5200890563964844,0.6693518188476563,0.0
,7787,,,,,12.5518798828125,76.666259765625,0.46487944335937503,0.7263223388671876,0.0
,7788,,,,,8.49609375,77.63671875,0.3933037536621094,0.7729345825195313,0.0
,7789,,,,,3.900146484375,77.838134765625,0.3444126892089844,0.8196504089355469,0.0
,7790,,,,,0.4302978515625,77.618408203125,0.25533151245117186,0.8325982543945313,0.0
,7791,,,,,-2.5634765625,77.1514892578125,0.2021935546875,0.8729955322265626,0.0
,7792,,,,,-4.13818359375,76.57470703125,0.13455401000976563,0.8864612915039063,0.0
,7793,,,,,-7.94677734375,75.1373291015625,0.0890811767578125,0.9158787963867188,0.0
,7794,,,,,-12.6708984375,73.3245849609375,0.01968072509765625,0.955550994873047,0.0
,7795,,,,,-15.56396484375,70.9808349609375,-0.013569342041015625,0.9609372985839844,0.0
,7796,,,,,-20.5078125,69.012451171875,-0.05707410278320313,0.9450891357421876,0.0
,7797,,,,,-26.62353515625,66.5863037109375,-0.0948818115234375,0.9207471862792969,0.0
,7798,,,,,-32.6751708984375,63.9312744140625,-0.15464906616210938,0.9029309509277345,0.0
,7799,,,,,-37.5823974609375,61.5234375,-0.19245677490234375,0.8883257812500001,0.0
,7800,,,,,-42.242431640625,59.4451904296875,-0.23337196655273437,0.8755851013183594,0.0
,7801,,,,,-43.8995361328125,56.5704345703125,-0.2930356384277344,0.8285585266113281,0.0
,7802,,,,,-51.763916015625,53.94287109375,-0.36771881103515625,0.7883684143066406,0.0
,7803,,,,,-55.059814453125,51.4801025390625,-0.4049050231933594,0.7733489135742188,0.0
,7804,,,,,-58.26416015625,48.74267578125,-0.4666403503417969,0.726736669921875,0.0
,7805,,,,,-61.8072509765625,44.622802734375,-0.5181209838867188,0.683646240234375,0.0
,7806,,,,,-64.4622802734375,40.704345703125,-0.587521435546875,0.6593042907714844,0.0
,7807,,,,,-66.2200927734375,37.518310546875,-0.65795771484375,0.6064770812988282,0.0
,7808,,,,,-67.694091796875,33.8287353515625,-0.7257008422851563,0.5544785339355469,0.0
,7809,,,,,-68.115234375,31.3751220703125,-0.7576043334960938,0.5189496459960937,0.0
,7810,,,,,-68.7744140625,27.7679443359375,-0.7829821105957031,0.49263962402343753,0.0
,7811,,,,,-69.3603515625,24.114990234375,-0.8159214294433594,0.4578358154296875,0.0
,7812,,,,,-69.0032958984375,20.6817626953125,-0.8630515869140625,0.41640270996093753,0.0
,7813,,,,,-69.68994140625,14.4012451171875,-0.8781746704101563,0.3924750915527344,0.0
,7814,,,,,-70.4681396484375,7.72705078125,-0.9042775268554688,0.3539423034667969,0.0
,7815,,,,,-74.102783203125,-3.5614013671875,-0.9340057800292969,0.3199671569824219,0.0
,7816,,,,,-71.3104248046875,-4.8614501953125,-0.9406350769042969,0.26662203369140625,0.0
,7817,,,,,-71.502685546875,-11.7095947265625,-0.9339021972656251,0.23803319091796876,0.0
,7818,,,,,-71.6400146484375,-17.87109375,-0.9252012451171875,0.1578601318359375,0.0
,7819,,,,,-71.3104248046875,-22.320556640625,-0.9307947143554688,0.10979772949218751,0.0
,7820,,,,,-70.49560546875,-26.55029296875,-0.93638818359375,0.03459664306640625,0.0
,7821,,,,,-69.140625,-31.2103271484375,-0.9102853271484376,-0.0029003173828125,0.0
,7822,,,,,-67.822265625,-35.9161376953125,-0.9255119934082031,-0.10441142578125,0.0
,7823,,,,,-66.2567138671875,-39.404296875,-0.9055205200195313,-0.1396295654296875,0.0
,7824,,,,,-65.07568359375,-41.656494140625,-0.8908117675781251,-0.20809777221679687,0.0
,7825,,,,,-62.2833251953125,-44.9249267578125,-0.8541434692382813,-0.25709241943359373,0.0
,7826,,,,,-60.0128173828125,-46.783447265625,-0.8381917236328126,-0.35787844848632816,0.0
,7827,,,,,-57.8521728515625,-47.918701171875,-0.8276262817382812,-0.41319164428710936,0.0
,7828,,,,,-54.0252685546875,-50.299072265625,-0.8215148986816406,-0.48549241333007814,0.0
,7829,,,,,-49.51171875,-52.9449462890625,-0.7969657836914062,-0.49212171020507817,0.0
,7830,,,,,-44.6044921875,-56.8450927734375,-0.7998661010742187,-0.5572752685546876,0.0
,7831,,,,,-39.6240234375,-59.5458984375,-0.7742811584472656,-0.5740556762695312,0.0
,7832,,,,,-32.6202392578125,-62.7685546875,-0.7519072814941407,-0.6185962646484375,0.0
,7833,,,,,-30.4229736328125,-66.265869140625,-0.6691446533203125,-0.6080308227539063,0.0
,7834,,,,,-25.3326416015625,-69.708251953125,-0.6347551757812501,-0.6581648803710938,0.0
,7835,,,,,-20.3704833984375,-72.4090576171875,-0.5845175354003906,-0.6627225219726562,0.0
,7836,,,,,-16.8182373046875,-74.0753173828125,-0.532829736328125,-0.7163783935546876,0.0
,7837,,,,,-12.9730224609375,-75.25634765625,-0.45068860473632816,-0.7620583923339844,0.0
,7838,,,,,-8.4228515625,-76.0711669921875,-0.4031441162109375,-0.8083598876953125,0.0
,7839,,,,,-3.9642333984375,-76.20849609375,-0.31354502563476566,-0.7927188903808594,0.0
,7840,,,,,-0.823974609375,-75.4486083984375,-0.264343212890625,-0.8548685485839844,0.0
,7841,,,,,0.4486083984375,-74.7711181640625,-0.1811662536621094,-0.8897759399414062,0.0
,7842,,,,,4.6142578125,-73.333740234375,-0.13890448608398437,-0.920643603515625,0.0
,7843,,,,,8.349609375,-71.7864990234375,-0.05438095092773438,-0.9218865966796875,0.0
,7844,,,,,9.9700927734375,-70.0927734375,-0.0285888427734375,-0.9401171630859375,0.0
,7845,,,,,14.9139404296875,-68.170166015625,0.036771881103515626,-0.9274800659179688,0.0
,7846,,,,,21.0845947265625,-66.0003662109375,0.05324154052734375,-0.9465392944335937,0.0
,7847,,,,,27.1087646484375,-63.922119140625,0.08255546264648438,-0.9393920837402344,0.0
,7848,,,,,32.464599609375,-62.2283935546875,0.10969414672851563,-0.9294481384277344,0.0
,7849,,,,,37.7655029296875,-60.53466796875,0.1760906982421875,-0.8992019714355469,0.0
,7850,,,,,43.5333251953125,-57.7423095703125,0.19297468872070314,-0.8589082763671875,0.0
,7851,,,,,48.1842041015625,-55.2703857421875,0.26910802001953127,-0.8348770751953125,0.0
,7852,,,,,51.8463134765625,-52.8717041015625,0.3274251159667969,-0.7925117248535156,0.0
,7853,,,,,55.3802490234375,-49.8138427734375,0.3650256591796875,-0.7818427001953125,0.0
,7854,,,,,58.99658203125,-45.6573486328125,0.4015903747558594,-0.7537717712402344,0.0
,7855,,,,,61.798095703125,-42.2607421875,0.4992689208984375,-0.703534130859375,0.0
,7856,,,,,63.958740234375,-38.9373779296875,0.5639045654296875,-0.66458701171875,0.0
,7857,,,,,65.8538818359375,-35.5682373046875,0.6101024780273437,-0.635583837890625,0.0
,7858,,,,,67.1630859375,-33.233642578125,0.6637583496093751,-0.5936328186035157,0.0
,7859,,,,,68.4173583984375,-29.443359375,0.7234220214843751,-0.5450525024414062,0.0
,7860,,,,,68.682861328125,-26.47705078125,0.7649587097167969,-0.5073483764648438,0.0
,7861,,,,,68.0694580078125,-23.638916015625,0.8065989807128906,-0.47295889892578125,0.0
,7862,,,,,68.6920166015625,-17.7337646484375,0.8368451477050781,-0.44654529418945316,0.0
,7863,,,,,69.305419921875,-11.6546630859375,0.8605656005859376,-0.4148489685058594,0.0
,7864,,,,,69.9188232421875,-6.060791015625,0.8861505432128907,-0.38429205322265625,0.0
,7865,,,,,72.0062255859375,2.545166015625,0.89329775390625,-0.3357117370605469,0.0
,7866,,,,,71.1822509765625,6.6375732421875,0.8918475952148438,-0.30090792846679687,0.0
,7867,,,,,71.539306640625,12.579345703125,0.8677128112792969,-0.23306121826171874,0.0
,7868,,,,,71.502685546875,16.9647216796875,0.9035524475097656,-0.16935781860351562,0.0
,7869,,,,,71.3287353515625,21.844482421875,0.8818000671386719,-0.11197296752929688,0.0
,7870,,,,,70.7977294921875,26.8524169921875,0.8971303161621094,-0.03490739135742187,0.0
,7871,,,,,69.7357177734375,31.4208984375,0.8748600219726563,0.050030474853515625,0.0
,7872,,,,,68.1243896484375,34.661865234375,0.8871863708496094,0.11373387451171875,0.0
,7873,,,,,66.082763671875,38.0218505859375,0.8814893188476562,0.199707568359375,0.0
,7874,,,,,63.8031005859375,41.5191650390625,0.8770352600097656,0.26475754394531253,0.0
,7875,,,,,62.98828125,42.352294921875,0.8612906799316407,0.35321722412109374,0.0
,7876,,,,,60.9649658203125,44.293212890625,0.8588046936035156,0.4064587646484375,0.0
,7877,,,,,57.9803466796875,46.9390869140625,0.8450281860351563,0.4728553161621094,0.0
,7878,,,,,54.400634765625,48.6785888671875,0.8437851928710938,0.5173959045410157,0.0
,7879,,,,,50.0885009765625,52.4322509765625,0.8065989807128906,0.5480564025878907,0.0
,7880,,,,,45.8221435546875,55.7281494140625,0.7768707275390625,0.5513710510253906,0.0
,7881,,,,,40.8966064453125,59.307861328125,0.7689984375000001,0.5902145874023438,0.0
,7882,,,,,32.6751708984375,63.0523681640625,0.7164819763183594,0.6126920471191406,0.0
,7883,,,,,30.57861328125,66.650390625,0.69110419921875,0.6514320007324219,0.0
,7884,,,,,26.3671875,69.0582275390625,0.6210822509765626,0.6454242004394531,0.0
,7885,,,,,22.2930908203125,70.916748046875,0.5736413452148438,0.6718378051757813,0.0
,7886,,,,,17.24853515625,72.9766845703125,0.4984402587890625,0.7183464660644532,0.0
,7887,,,,,12.78076171875,74.2034912109375,0.4616683776855469,0.7691020202636719,0.0
,7888,,,,,9.063720703125,74.6337890625,0.4015903747558594,0.8053559875488282,0.0
,7889,,,,,5.2642822265625,74.70703125,0.35456380004882815,0.8519682312011719,0.0
,7890,,,,,1.080322265625,74.029541015625,0.26879727172851564,0.8839753051757813,0.0
,7891,,,,,-3.680419921875,73.3428955078125,0.23016090087890625,0.9174325378417969,0.0
,7892,,,,,-5.2093505859375,73.0133056640625,0.14812335205078125,0.9377347595214844,0.0
,7893,,,,,-8.294677734375,71.9329833984375,0.11518403320312501,0.9491288635253906,0.0
,7894,,,,,-12.34130859375,70.7061767578125,0.07364734497070313,0.9617659606933594,0.0
,7895,,,,,-15.9210205078125,68.902587890625,0.020716552734375,0.9568975708007813,0.0
,7896,,,,,-21.6796875,67.3095703125,-0.0352181396484375,0.9437425598144532,0.0
,7897,,,,,-27.06298828125,65.2313232421875,-0.08441995239257813,0.9232331726074219,0.0
,7898,,,,,-32.5653076171875,62.80517578125,-0.12989278564453124,0.9199185241699219,0.0
,7899,,,,,-39.019775390625,59.8297119140625,-0.16428226318359376,0.8883257812500001,0.0
,7900,,,,,-44.78759765625,56.9549560546875,-0.21565931396484375,0.8591154418945313,0.0
,7901,,,,,-49.163818359375,54.3548583984375,-0.2827809448242188,0.806288232421875,0.0
,7902,,,,,-53.2928466796875,51.59912109375,-0.3335364990234375,0.7844322692871094,0.0
,7903,,,,,-57.550048828125,48.37646484375,-0.37652334594726566,0.7793567138671875,0.0
,7904,,,,,-60.8551025390625,45.30029296875,-0.43152579345703124,0.7559470092773438,0.0
,7905,,,,,-63.31787109375,42.00439453125,-0.4819705993652344,0.7125458312988281,0.0
,7906,,,,,-65.679931640625,38.800048828125,-0.5771631591796875,0.6586827941894532,0.0
,7907,,,,,-68.2159423828125,34.698486328125,-0.6451134521484375,0.6011943603515625,0.0
,7908,,,,,-69.6533203125,30.743408203125,-0.7028090515136719,0.5554107788085938,0.0
,7909,,,,,-69.25048828125,29.6722412109375,-0.7431027465820312,0.5281685119628906,0.0
,7910,,,,,-69.5343017578125,26.4495849609375,-0.7975872802734375,0.4794846130371094,0.0
,7911,,,,,-70.184326171875,22.0001220703125,-0.839434716796875,0.4436449768066406,0.0
,7912,,,,,-70.111083984375,17.6513671875,-0.8782782531738281,0.4028333679199219,0.0
,7913,,,,,-71.136474609375,11.97509765625,-0.8884293640136719,0.38657087402343754,0.0
,7914,,,,,-71.8048095703125,6.170654296875,-0.9013772094726563,0.3373690612792969,0.0
,7915,,,,,-74.37744140625,-2.8564453125,-0.9044846923828125,0.32545704345703125,0.0
,7916,,,,,-72.8851318359375,-6.298828125,-0.9176397033691407,0.25222402954101564,0.0
,7917,,,,,-72.9400634765625,-12.04833984375,-0.9261334899902344,0.20706194458007812,0.0
,7918,,,,,-72.8668212890625,-16.552734375,-0.93307353515625,0.12564589233398438,0.0
,7919,,,,,-72.6837158203125,-21.1578369140625,-0.9365953491210938,0.08151963500976563,0.0
,7920,,,,,-72.39990234375,-25.48828125,-0.9587620605468751,-0.02423836669921875,0.0
,7921,,,,,-71.2921142578125,-30.5328369140625,-0.9381490905761719,-0.07105777587890626,0.0
,7922,,,,,-69.671630859375,-35.137939453125,-0.9133928100585937,-0.1351755065917969,0.0
,7923,,,,,-67.9962158203125,-37.9119873046875,-0.9010664611816407,-0.16210702514648437,0.0
,7924,,,,,-67.0074462890625,-39.1387939453125,-0.8943335815429688,-0.27708389282226564,0.0
,7925,,,,,-64.19677734375,-42.6177978515625,-0.8902938537597657,-0.33871563720703124,0.0
,7926,,,,,-61.5142822265625,-44.8699951171875,-0.8787961669921875,-0.4180600341796875,0.0
,7927,,,,,-59.21630859375,-45.2178955078125,-0.8605656005859376,-0.4579393981933594,0.0
,7928,,,,,-55.5999755859375,-48.321533203125,-0.8647089111328126,-0.5339691467285156,0.0
,7929,,,,,-51.4892578125,-51.2786865234375,-0.8319767578125,-0.5424629333496094,0.0
,7930,,,,,-45.8221435546875,-55.352783203125,-0.8321839233398438,-0.6054412536621094,0.0
,7931,,,,,-40.2923583984375,-59.0057373046875,-0.7982087768554688,-0.5888680114746094,0.0
,7932,,,,,-31.8603515625,-62.1734619140625,-0.7970693664550782,-0.6576469665527344,0.0
,7933,,,,,-30.889892578125,-65.3778076171875,-0.7414454223632813,-0.6640690979003906,0.0
,7934,,,,,-25.689697265625,-68.426513671875,-0.6878931335449219,-0.7032233825683594,0.0
,7935,,,,,-20.91064453125,-71.026611328125,-0.61486728515625,-0.7145139038085938,0.0
,7936,,,,,-17.0379638671875,-72.5189208984375,-0.563490234375,-0.7492141296386718,0.0
,7937,,,,,-12.5701904296875,-73.974609375,-0.4975080139160156,-0.7626798889160157,0.0
,7938,,,,,-7.8277587890625,-75.1007080078125,-0.4434378112792969,-0.8165429260253907,0.0
,7939,,,,,-3.3782958984375,-75.6683349609375,-0.3439983581542969,-0.8205826538085937,0.0
,7940,,,,,0.457763671875,-75.6134033203125,-0.31344144287109377,-0.8906046020507813,0.0
,7941,,,,,3.350830078125,-75.3204345703125,-0.2398976806640625,-0.9181576171875,0.0
,7942,,,,,7.818603515625,-74.505615234375,-0.16738974609375,-0.9188826965332032,0.0
,7943,,,,,11.1053466796875,-73.3154296875,-0.09384598388671875,-0.9162931274414062,0.0
,7944,,,,,13.128662109375,-71.685791015625,-0.0476480712890625,-0.9332807006835938,0.0
,7945,,,,,17.6788330078125,-69.9005126953125,0.0319034912109375,-0.9274800659179688,0.0
,7946,,,,,23.0072021484375,-67.144775390625,0.04650866088867188,-0.9342129455566407,0.0
,7947,,,,,29.0130615234375,-64.5355224609375,0.0849378662109375,-0.9350416076660156,0.0
,7948,,,,,34.7076416015625,-62.1917724609375,0.11518403320312501,-0.9270657348632813,0.0
,7949,,,,,40.374755859375,-59.7198486328125,0.16076044921875002,-0.9169146240234375,0.0
,7950,,,,,45.4925537109375,-57.1197509765625,0.20208997192382813,-0.8912260986328125,0.0
,7951,,,,,50.8392333984375,-53.72314453125,0.26330738525390623,-0.8591154418945313,0.0
,7952,,,,,55.3985595703125,-50.6103515625,0.3016330078125,-0.8300086853027344,0.0
,7953,,,,,58.5205078125,-48.4588623046875,0.3562211242675781,-0.8044237426757813,0.0
,7954,,,,,61.9354248046875,-45.721435546875,0.42054602050781253,-0.7519072814941407,0.0
,7955,,,,,65.2496337890625,-42.1051025390625,0.49087871704101566,-0.7091276000976563,0.0
,7956,,,,,67.9595947265625,-38.2781982421875,0.57177685546875,-0.6527785766601563,0.0
,7957,,,,,69.5159912109375,-35.2935791015625,0.6296796203613282,-0.6296796203613282,0.0
,7958,,,,,69.7906494140625,-34.130859375,0.6835426574707032,-0.5794419799804688,0.0
,7959,,,,,70.367431640625,-31.256103515625,0.7255972595214844,-0.5514746337890625,0.0
,7960,,,,,71.2646484375,-27.24609375,0.7804961242675782,-0.4940897827148438,0.0
,7961,,,,,71.0540771484375,-24.2431640625,0.8284549438476563,-0.4477882873535156,0.0
,7962,,,,,71.5850830078125,-19.0704345703125,0.8575617004394531,-0.4260359069824219,0.0
,7963,,,,,72.2076416015625,-13.00048828125,0.8801427429199219,-0.4025226196289063,0.0
,7964,,,,,73.13232421875,-5.987548828125,0.9093530822753907,-0.38646729125976564,0.0
,7965,,,,,77.74658203125,1.995849609375,0.9026202026367188,-0.33250067138671874,0.0
,7966,,,,,74.212646484375,5.7220458984375,0.9381490905761719,-0.2768767272949219,0.0
,7967,,,,,77.2796630859375,11.02294921875,0.9236475036621095,-0.21493423461914063,0.0
,7968,,,,,74.4140625,15.380859375,0.9261334899902344,-0.15278457641601562,0.0
,7969,,,,,77.435302734375,20.61767578125,0.9090423339843751,-0.08452353515625,0.0
,7970,,,,,73.5076904296875,25.4150390625,0.9366989318847656,-0.0062149658203125005,0.0
,7971,,,,,72.2442626953125,29.26025390625,0.9133928100585937,0.05779918212890625,0.0
,7972,,,,,70.3857421875,32.8582763671875,0.9227152587890626,0.1289605407714844,0.0
,7973,,,,,68.0145263671875,37.7288818359375,0.8884293640136719,0.20903001708984376,0.0
,7974,,,,,65.7257080078125,41.2445068359375,0.9200221069335938,0.289203076171875,0.0
,7975,,,,,64.7918701171875,41.436767578125,0.9326592041015626,0.3901962707519531,0.0
,7976,,,,,62.0635986328125,43.4600830078125,0.92312958984375,0.4511029357910156,0.0
,7977,,,,,58.1817626953125,46.4080810546875,0.9007557128906251,0.5019620727539063,0.0
,7978,,,,,54.656982421875,47.772216796875,0.9016879577636719,0.55520361328125,0.0
,7979,,,,,50.445556640625,50.8026123046875,0.8955765747070312,0.602540936279297,0.0
,7980,,,,,45.6024169921875,54.16259765625,0.8685414733886719,0.6099988952636719,0.0
,7981,,,,,39.9169921875,58.447265625,0.8414027893066407,0.6375519104003906,0.0
,7982,,,,,33.819580078125,62.7685546875,0.7916830627441407,0.6301975341796875,0.0
,7983,,,,,30.2581787109375,66.2750244140625,0.7355412048339844,0.6461492797851562,0.0
,7984,,,,,25.4791259765625,68.865966796875,0.6769133605957032,0.670387646484375,0.0
,7985,,,,,20.2423095703125,71.3104248046875,0.6270900512695313,0.6957654235839844,0.0
,7986,,,,,15.3350830078125,73.5443115234375,0.5530283752441406,0.7021875549316406,0.0
,7987,,,,,11.3983154296875,74.5147705078125,0.5200890563964844,0.7677554443359376,0.0
,7988,,,,,7.0037841796875,75.7781982421875,0.421789013671875,0.7869182556152344,0.0
,7989,,,,,2.1697998046875,76.4373779296875,0.39982946777343753,0.8443031066894532,0.0
,7990,,,,,-2.6275634765625,76.3824462890625,0.3241104675292969,0.8837681396484375,0.0
,7991,,,,,-6.317138671875,75.5767822265625,0.2611321472167969,0.9021022888183594,0.0
,7992,,,,,-7.8826904296875,74.45068359375,0.19328543701171877,0.9274800659179688,0.0
,7993,,,,,-11.8560791015625,73.114013671875,0.15982820434570313,0.9517184326171876,0.0
,7994,,,,,-15.7928466796875,71.2738037109375,0.09881795654296875,0.9747138061523438,0.0
,7995,,,,,-17.889404296875,69.3695068359375,0.023513287353515627,0.9668415161132813,0.0
,7996,,,,,-22.8973388671875,67.327880859375,-0.059974420166015625,0.9408422424316406,0.0
,7997,,,,,-29.18701171875,64.0869140625,-0.09187791137695313,0.9081100891113282,0.0
,7998,,,,,-35.2569580078125,61.3677978515625,-0.12170974731445312,0.9120462341308594,0.0
,7999,,,,,-40.521240234375,59.033203125,-0.16148552856445314,0.88998310546875,0.0
,8000,,,,,-45.5841064453125,56.3690185546875,-0.21431273803710937,0.8736170288085938,0.0
,8001,,,,,-50.921630859375,53.3477783203125,-0.2727334167480469,0.8265904541015625,0.0
,8002,,,,,-55.0140380859375,50.9124755859375,-0.3291860229492188,0.7991410217285156,0.0
,8003,,,,,-58.3465576171875,48.358154296875,-0.3883317810058594,0.7470388916015626,0.0
,8004,,,,,-61.3494873046875,45.9869384765625,-0.4685048400878906,0.6995979858398438,0.0
,8005,,,,,-64.41650390625,42.4896240234375,-0.5271326843261719,0.6630332702636719,0.0
,8006,,,,,-66.39404296875,39.2669677734375,-0.5864856079101562,0.6357910034179688,0.0
,8007,,,,,-66.8975830078125,37.7838134765625,-0.6589935424804688,0.5769559936523437,0.0
,8008,,,,,-68.060302734375,34.5794677734375,-0.7121315002441406,0.5479528198242187,0.0
,8009,,,,,-68.2342529296875,32.1990966796875,-0.7677554443359376,0.4894285583496094,0.0
,8010,,,,,-68.7744140625,28.52783203125,-0.8067025634765626,0.45887164306640627,0.0
,8011,,,,,-70.0927734375,23.5382080078125,-0.8448210205078125,0.43991599731445313,0.0
,8012,,,,,-70.001220703125,19.4366455078125,-0.8912260986328125,0.37921649780273436,0.0
,8013,,,,,-70.733642578125,13.9801025390625,-0.9071778442382813,0.35943218994140624,0.0
,8014,,,,,-71.22802734375,7.489013671875,-0.9135999755859375,0.31841341552734376,0.0
,8015,,,,,-73.919677734375,-2.45361328125,-0.9358702697753907,0.28630275878906253,0.0
,8016,,,,,-71.9512939453125,-3.6895751953125,-0.9499575256347657,0.22529251098632813,0.0
,8017,,,,,-72.2442626953125,-8.4136962890625,-0.9557581604003906,0.18551672973632813,0.0
,8018,,,,,-72.0062255859375,-14.02587890625,-0.9376311767578125,0.12067391967773437,0.0
,8019,,,,,-71.3470458984375,-19.1162109375,-0.9362846008300781,0.06701804809570312,0.0
,8020,,,,,-70.513916015625,-23.291015625,-0.9451927185058594,-0.020095056152343752,0.0
,8021,,,,,-69.17724609375,-27.1728515625,-0.9382526733398437,-0.04961614379882812,0.0
,8022,,,,,-67.56591796875,-30.8258056640625,-0.9515112670898438,-0.14429078979492188,0.0
,8023,,,,,-65.2130126953125,-35.0738525390625,-0.9266514038085938,-0.16065686645507812,0.0
,8024,,,,,-63.372802734375,-37.6007080078125,-0.9321412902832031,-0.24352307739257814,0.0
,8025,,,,,-61.1572265625,-40.228271484375,-0.8913296813964844,-0.2992506042480469,0.0
,8026,,,,,-59.5001220703125,-42.1234130859375,-0.8914332641601562,-0.38335980834960937,0.0
,8027,,,,,-56.4239501953125,-45.37353515625,-0.8845968017578125,-0.42883264160156254,0.0
,8028,,,,,-52.459716796875,-48.4954833984375,-0.8628444213867188,-0.48746048583984375,0.0
,8029,,,,,-49.1729736328125,-49.896240234375,-0.8157142639160156,-0.5119060180664062,0.0
,8030,,,,,-43.8446044921875,-54.38232421875,-0.8147820190429688,-0.5790276489257813,0.0
,8031,,,,,-38.543701171875,-58.0535888671875,-0.7993481872558594,-0.5938399841308594,0.0
,8032,,,,,-31.3751220703125,-61.2579345703125,-0.7701378479003906,-0.6243968994140625,0.0
,8033,,,,,-28.9764404296875,-64.654541015625,-0.728393994140625,-0.62812587890625,0.0
,8034,,,,,-23.2269287109375,-67.6483154296875,-0.7194858764648437,-0.6782599365234375,0.0
,8035,,,,,-18.1732177734375,-70.330810546875,-0.6467707763671875,-0.6885146301269531,0.0
,8036,,,,,-14.300537109375,-72.2900390625,-0.5824458801269532,-0.7255972595214844,0.0
,8037,,,,,-9.906005859375,-73.333740234375,-0.5105594421386719,-0.7495248779296875,0.0
,8038,,,,,-4.9713134765625,-73.86474609375,-0.4682976745605469,-0.8038022460937501,0.0
,8039,,,,,-0.201416015625,-74.3316650390625,-0.36077876586914065,-0.806288232421875,0.0
,8040,,,,,3.2958984375,-74.30419921875,-0.32980751953125004,-0.8559043762207031,0.0
,8041,,,,,5.4107666015625,-74.3499755859375,-0.23192180786132813,-0.8431636962890625,0.0
,8042,,,,,9.576416015625,-73.7457275390625,-0.14822693481445312,-0.8335304992675782,0.0
,8043,,,,,12.70751953125,-72.7294921875,-0.0658786376953125,-0.84689267578125,0.0
,8044,,,,,13.9801025390625,-71.4935302734375,-0.025895690917968752,-0.8638802490234375,0.0
,8045,,,,,18.3746337890625,-69.7998046875,0.05438095092773438,-0.8668841491699218,0.0
,8046,,,,,24.114990234375,-67.6483154296875,0.057281268310546876,-0.9021022888183594,0.0
,8047,,,,,30.0018310546875,-65.5242919921875,0.08379845581054687,-0.9215758483886719,0.0
,8048,,,,,35.2386474609375,-62.8326416015625,0.10389351196289062,-0.9160859619140626,0.0
,8049,,,,,40.3106689453125,-60.150146484375,0.16790765991210937,-0.8935049194335938,0.0
,8050,,,,,45.1263427734375,-57.4493408203125,0.20954793090820314,-0.8743421081542969,0.0
,8051,,,,,50.115966796875,-54.5928955078125,0.26382529907226565,-0.8564222900390626,0.0
,8052,,,,,54.510498046875,-52.0477294921875,0.3199671569824219,-0.8000732666015625,0.0
,8053,,,,,57.586669921875,-50.3814697265625,0.3634719177246094,-0.7841215209960938,0.0
,8054,,,,,60.699462890625,-47.9736328125,0.4144346374511719,-0.7382343566894531,0.0
,8055,,,,,63.9862060546875,-44.3206787109375,0.4981295104980469,-0.6777420227050781,0.0
,8056,,,,,66.595458984375,-40.6951904296875,0.5764380798339844,-0.6293688720703126,0.0
,8057,,,,,67.7581787109375,-37.9302978515625,0.6349623413085937,-0.5978797119140625,0.0
,8058,,,,,67.840576171875,-37.02392578125,0.6910006164550782,-0.5555143615722656,0.0
,8059,,,,,68.719482421875,-33.28857421875,0.7713808410644531,-0.5006154968261719,0.0
,8060,,,,,69.3878173828125,-29.2144775390625,0.8082563049316407,-0.47130157470703127,0.0
,8061,,,,,68.7103271484375,-26.6143798828125,0.8331161682128907,-0.44395572509765624,0.0
,8062,,,,,69.39697265625,-21.1578369140625,0.8538327209472657,-0.4046978576660156,0.0
,8063,,,,,69.635009765625,-15.545654296875,0.8843896362304687,-0.3736230285644531,0.0
,8064,,,,,70.3948974609375,-8.514404296875,0.9263406555175782,-0.32763228149414064,0.0
,8065,,,,,71.1181640625,-2.0050048828125,0.922404510498047,-0.2899281555175781,0.0
,8066,,,,,71.5850830078125,3.204345703125,0.9343165283203125,-0.25015237426757814,0.0
,8067,,,,,71.74072265625,8.45947265625,0.9335914489746094,-0.19245677490234375,0.0
,8068,,,,,71.4569091796875,14.0350341796875,0.9518220153808594,-0.12699246826171876,0.0
,8069,,,,,71.0540771484375,19.1986083984375,0.9211615173339844,-0.07758348999023437,0.0
,8070,,,,,70.49560546875,22.9339599609375,0.9188826965332032,-0.01885206298828125,0.0
,8071,,,,,69.76318359375,27.35595703125,0.9042775268554688,0.03293931884765625,0.0
,8072,,,,,68.0877685546875,31.8603515625,0.9353523559570313,0.1081404052734375,0.0
,8073,,,,,65.80810546875,36.1541748046875,0.9274800659179688,0.19691083374023438,0.0
,8074,,,,,63.665771484375,39.2669677734375,0.9403243286132813,0.2641360473632813,0.0
,8075,,,,,62.3199462890625,40.5303955078125,0.9144286376953126,0.3219352294921875,0.0
,8076,,,,,59.14306640625,44.1558837890625,0.9030345336914063,0.3891604431152344,0.0
,8077,,,,,56.0760498046875,47.076416015625,0.9022058715820312,0.4696442504882813,0.0
,8078,,,,,53.6590576171875,47.9461669921875,0.9027237854003907,0.5119060180664062,0.0
,8079,,,,,49.47509765625,51.5167236328125,0.8876007019042969,0.5511638854980468,0.0
,8080,,,,,44.659423828125,54.4921875,0.8393311340332031,0.5565501892089844,0.0
,8081,,,,,28.436279296875,58.5479736328125,0.8128139465332032,0.5810993041992187,0.0
,8082,,,,,33.2244873046875,62.6129150390625,0.7893006591796875,0.5972582153320313,0.0
,8083,,,,,28.3905029296875,65.73486328125,0.7485926330566407,0.6246040649414063,0.0
,8084,,,,,23.7030029296875,69.1680908203125,0.6519499145507812,0.6060627502441407,0.0
,8085,,,,,18.4844970703125,72.216796875,0.6185962646484375,0.6517427490234375,0.0
,8086,,,,,13.5772705078125,74.1668701171875,0.5454668334960938,0.6457349487304688,0.0
,8087,,,,,9.8968505859375,75.4852294921875,0.4993725036621094,0.710163427734375,0.0
,8088,,,,,5.5755615234375,76.1810302734375,0.41412388916015624,0.740927508544922,0.0
,8089,,,,,0.69580078125,76.2451171875,0.3943395812988281,0.8190289123535156,0.0
,8090,,,,,-4.06494140625,76.28173828125,0.30401541137695315,0.8545578002929688,0.0
,8091,,,,,-7.2418212890625,75.62255859375,0.26361813354492186,0.8953694091796875,0.0
,8092,,,,,-7.9193115234375,74.96337890625,0.18997078857421876,0.9133928100585937,0.0
,8093,,,,,-11.224365234375,73.9288330078125,0.11984525756835938,0.9312090454101563,0.0
,8094,,,,,-15.19775390625,72.528076171875,0.05945650634765625,0.9448819702148438,0.0
,8095,,,,,-17.8436279296875,70.7427978515625,0.015744580078125,0.95296142578125,0.0
,8096,,,,,-22.7691650390625,69.0582275390625,-0.06898612060546876,0.9240618347167969,0.0
,8097,,,,,-28.89404296875,66.357421875,-0.08421278686523438,0.914014306640625,0.0
,8098,,,,,-35.0372314453125,63.6199951171875,-0.1321716064453125,0.8938156677246094,0.0
,8099,,,,,-36.346435546875,61.3494873046875,-0.19297468872070314,0.864294580078125,0.0
,8100,,,,,-44.769287109375,59.28955078125,-0.24559473266601564,0.8490679138183594,0.0
,8101,,,,,-44.769287109375,59.28955078125,-0.2981111938476563,0.8121924499511719,0.0
,8102,,,,,-54.1168212890625,54.0252685546875,-0.37393377685546875,0.7754205688476563,0.0
,8103,,,,,-57.1746826171875,51.5625,-0.41640270996093753,0.7536681884765625,0.0
,8104,,,,,-60.02197265625,48.9898681640625,-0.4891178100585938,0.7116135864257813,0.0
,8105,,,,,-62.6953125,45.9869384765625,-0.5621436584472657,0.6450098693847657,0.0
,8106,,,,,-65.2862548828125,42.4072265625,-0.6252255615234376,0.6186998474121094,0.0
,8107,,,,,-66.5771484375,39.8895263671875,-0.6669694152832032,0.5937364013671875,0.0
,8108,,,,,-67.401123046875,36.7584228515625,-0.7009445617675781,0.5734341796875,0.0
,8109,,,,,-67.694091796875,34.31396484375,-0.7686876892089844,0.5283756774902344,0.0
,8110,,,,,-68.2708740234375,29.9835205078125,-0.8376738098144532,0.4830064270019531,0.0
,8111,,,,,-69.0948486328125,24.79248046875,-0.8884293640136719,0.4538996704101563,0.0
,8112,,,,,-68.756103515625,21.148681640625,-0.9030345336914063,0.4289362243652344,0.0
,8113,,,,,-69.5526123046875,15.362548828125,-0.9344201110839844,0.3942359985351563,0.0
,8114,,,,,-70.220947265625,9.283447265625,-0.9547223327636719,0.3365403991699219,0.0
,8115,,,,,-74.7528076171875,-3.9642333984375,-0.9446748046875,0.3087802185058594,0.0
,8116,,,,,-71.7315673828125,-3.717041015625,-0.951407684326172,0.24621622924804687,0.0
,8117,,,,,-72.1435546875,-8.8623046875,-0.9711919921875001,0.21016942749023437,0.0
,8118,,,,,-72.3358154296875,-14.4927978515625,-0.9599014709472656,0.13693641357421876,0.0
,8119,,,,,-72.0062255859375,-20.123291015625,-0.9480930358886719,0.10306484985351563,0.0
,8120,,,,,-71.08154296875,-25.3509521484375,-0.9578298156738282,0.027242266845703127,0.0
,8121,,,,,-69.7906494140625,-29.0771484375,-0.9533757568359376,-0.011912017822265626,0.0
,8122,,,,,-68.133544921875,-33.306884765625,-0.9680845092773438,-0.11912017822265625,0.0
,8123,,,,,-65.771484375,-38.12255859375,-0.9427067321777344,-0.1557884765625,0.0
,8124,,,,,-63.0706787109375,-41.93115234375,-0.9546187500000001,-0.21731663818359376,0.0
,8125,,,,,-60.479736328125,-44.7509765625,-0.9371132629394532,-0.27739464111328127,0.0
,8126,,,,,-59.088134765625,-45.4833984375,-0.9050026062011719,-0.37300153198242186,0.0
,8127,,,,,-55.8197021484375,-47.735595703125,-0.8754815185546875,-0.4045942749023438,0.0
,8128,,,,,-52.1026611328125,-50.50048828125,-0.8574581176757813,-0.4675725952148438,0.0
,8129,,,,,-48.687744140625,-51.89208984375,-0.82369013671875,-0.48549241333007814,0.0
,8130,,,,,-43.8995361328125,-55.389404296875,-0.836120068359375,-0.5690837036132813,0.0
,8131,,,,,-46.2799072265625,-59.50927734375,-0.8045273254394532,-0.5915611633300781,0.0
,8132,,,,,-29.2144775390625,-63.5467529296875,-0.7572935852050782,-0.6092738159179688,0.0
,8133,,,,,-28.60107421875,-66.7877197265625,-0.7019803894042969,-0.6020230224609375,0.0
,8134,,,,,-24.1058349609375,-69.5892333984375,-0.6942116821289063,-0.6800208435058595,0.0
,8135,,,,,-18.7042236328125,-72.2900390625,-0.6180783508300781,-0.6840605712890625,0.0
,8136,,,,,-14.2181396484375,-74.560546875,-0.5612114135742188,-0.7325373046875,0.0
,8137,,,,,-10.491943359375,-76.0894775390625,-0.45452116699218753,-0.7365770324707032,0.0
,8138,,,,,-6.7657470703125,-77.178955078125,-0.40304053344726565,-0.7786316345214844,0.0
,8139,,,,,-1.904296875,-77.838134765625,-0.3229710571289063,-0.7987266906738282,0.0
,8140,,,,,1.959228515625,-77.691650390625,-0.2774982238769531,-0.8520718139648438,0.0
,8141,,,,,2.874755859375,-77.2796630859375,-0.19691083374023438,-0.8565258728027344,0.0
,8142,,,,,6.18896484375,-76.57470703125,-0.13434684448242187,-0.8705095458984375,0.0
,8143,,,,,10.3546142578125,-75.201416015625,-0.05158421630859375,-0.8779675048828125,0.0
,8144,,,,,12.85400390625,-73.1231689453125,-0.022684625244140624,-0.9096638305664063,0.0
,8145,,,,,17.083740234375,-71.44775390625,0.06018158569335938,-0.8947479125976563,0.0
,8146,,,,,22.1649169921875,-69.6441650390625,0.07416525878906251,-0.9089387512207031,0.0
,8147,,,,,28.2440185546875,-67.49267578125,0.10171827392578126,-0.9190898620605469,0.0
,8148,,,,,29.736328125,-64.910888671875,0.1310321960449219,-0.9001342163085938,0.0
,8149,,,,,39.1937255859375,-62.5579833984375,0.20447237548828126,-0.8797284118652344,0.0
,8150,,,,,39.1937255859375,-62.5579833984375,0.24176217041015627,-0.8464783447265626,0.0
,8151,,,,,48.248291015625,-58.0718994140625,0.2938643005371094,-0.8340484130859376,0.0
,8152,,,,,50.0244140625,-54.986572265625,0.33281141967773437,-0.8284549438476563,0.0
,8153,,,,,56.43310546875,-52.2674560546875,0.3962040710449219,-0.8006947631835938,0.0
,8154,,,,,59.014892578125,-49.25537109375,0.4575250671386719,-0.7612297302246094,0.0
,8155,,,,,61.431884765625,-45.6207275390625,0.546088330078125,-0.724354266357422,0.0
,8156,,,,,64.3524169921875,-40.869140625,0.5996406188964843,-0.6739094604492187,0.0
,8157,,,,,66.2567138671875,-37.17041015625,0.6673837463378907,-0.633926513671875,0.0
,8158,,,,,66.1651611328125,-36.529541015625,0.7331588012695313,-0.5781989868164062,0.0
,8159,,,,,67.08984375,-33.50830078125,0.7701378479003906,-0.5491958129882812,0.0
,8160,,,,,68.0694580078125,-30.010986328125,0.8192360778808594,-0.502997900390625,0.0
,8161,,,,,68.1243896484375,-26.0284423828125,0.8564222900390626,-0.4685048400878906,0.0
,8162,,,,,69.140625,-20.2239990234375,0.8796248291015625,-0.44830620117187503,0.0
,8163,,,,,69.7174072265625,-14.7857666015625,0.8954729919433594,-0.4056301025390625,0.0
,8164,,,,,70.3033447265625,-8.642578125,0.9390813354492188,-0.37310511474609376,0.0
,8165,,,,,73.736572265625,3.570556640625,0.9295517211914063,-0.34503418579101564,0.0
,8166,,,,,70.9991455078125,4.852294921875,0.940531494140625,-0.29251772460937503,0.0
,8167,,,,,70.8892822265625,10.4095458984375,0.9485073669433594,-0.22156353149414063,0.0
,8168,,,,,70.6787109375,15.6280517578125,0.9530650085449219,-0.18261641235351564,0.0
,8169,,,,,70.0103759765625,21.1212158203125,0.9262370727539063,-0.12191691284179688,0.0
,8170,,,,,69.0582275390625,25.8087158203125,0.93970283203125,-0.052102130126953125,0.0
,8171,,,,,67.6666259765625,29.91943359375,0.9390813354492188,0.025792108154296875,0.0
,8172,,,,,66.1102294921875,34.1400146484375,0.9451927185058594,0.08006947631835938,0.0
,8173,,,,,63.665771484375,38.6810302734375,0.8958873229980469,0.15796371459960937,0.0
,8174,,,,,61.3677978515625,42.07763671875,0.9179504516601563,0.23523645629882814,0.0
,8175,,,,,60.53466796875,42.718505859375,0.9168110412597656,0.31313069458007814,0.0
,8176,,,,,58.0902099609375,45.1904296875,0.8931941711425782,0.38035590820312504,0.0
,8177,,,,,54.986572265625,48.0377197265625,0.8654339904785157,0.4415733215332031,0.0
,8178,,,,,52.11181640625,49.1912841796875,0.8708202941894532,0.5033086486816406,0.0
,8179,,,,,48.4588623046875,52.313232421875,0.8307337646484375,0.5433951782226563,0.0
,8180,,,,,44.0643310546875,55.40771484375,0.8196504089355469,0.5457775817871094,0.0
,8181,,,,,22.08251953125,59.1888427734375,0.7958263732910157,0.5876250183105469,0.0
,8182,,,,,29.022216796875,63.134765625,0.7429991638183594,0.5995370361328125,0.0
,8183,,,,,29.278564453125,66.339111328125,0.7216611145019531,0.6530893249511719,0.0
,8184,,,,,24.755859375,69.1497802734375,0.6353766723632813,0.6444919555664063,0.0
,8185,,,,,20.03173828125,71.7132568359375,0.5857605285644532,0.6711127258300782,0.0
,8186,,,,,15.673828125,73.8922119140625,0.5190532287597657,0.6841641540527343,0.0
,8187,,,,,12.4786376953125,75.347900390625,0.4768950439453125,0.7460030639648437,0.0
,8188,,,,,8.38623046875,76.025390625,0.3909213500976563,0.7765599792480469,0.0
,8189,,,,,3.84521484375,76.4739990234375,0.3376798095703125,0.8143676879882813,0.0
,8190,,,,,0.4119873046875,76.4923095703125,0.2673471130371094,0.8433708618164063,0.0
,8191,,,,,-2.52685546875,76.043701171875,0.21068734130859376,0.8780710876464844,0.0
,8192,,,,,-4.1839599609375,75.421142578125,0.12927128906250002,0.8998234680175782,0.0
,8193,,,,,-8.111572265625,73.736572265625,0.09301732177734376,0.9315197937011719,0.0
,8194,,,,,-12.5518798828125,71.7315673828125,0.03998294677734375,0.9561724914550781,0.0
,8195,,,,,-15.2069091796875,69.4610595703125,-0.013465759277343751,0.9445712219238281,0.0
,8196,,,,,-20.1507568359375,67.1905517578125,-0.07830856933593751,0.9208507690429688,0.0
,8197,,,,,-26.2115478515625,64.727783203125,-0.11549478149414062,0.9145322204589844,0.0
,8198,,,,,-32.025146484375,62.4298095703125,-0.17505487060546876,0.8900866882324219,0.0
,8199,,,,,-37.060546875,60.0677490234375,-0.20447237548828126,0.872581201171875,0.0
,8200,,,,,-41.912841796875,58.392333984375,-0.2432123291015625,0.8508288208007813,0.0
,8201,,,,,-46.9573974609375,55.8929443359375,-0.29479654541015626,0.7899221557617188,0.0
,8202,,,,,-51.01318359375,53.6773681640625,-0.3415123718261719,0.7734524963378906,0.0
,8203,,,,,-54.1168212890625,51.67236328125,-0.4115343200683594,0.7261151733398438,0.0
,8204,,,,,-57.183837890625,48.74267578125,-0.4826956787109375,0.69773349609375,0.0
,8205,,,,,-60.6536865234375,44.6044921875,-0.5489886474609376,0.6641726806640625,0.0
,8206,,,,,-63.226318359375,40.8782958984375,-0.6117598022460937,0.6377590759277344,0.0
,8207,,,,,-65.0848388671875,37.24365234375,-0.6525714111328125,0.60492333984375,0.0
,8208,,,,,-66.4398193359375,33.2611083984375,-0.6915185302734376,0.5851390319824219,0.0
,8209,,,,,-66.7510986328125,30.6427001953125,-0.7519072814941407,0.5324154052734376,0.0
,8210,,,,,-67.4835205078125,26.98974609375,-0.7957227905273437,0.49005005493164067,0.0
,8211,,,,,-68.170166015625,23.5382080078125,-0.8140569396972657,0.47347681274414066,0.0
,8212,,,,,-68.023681640625,20.0225830078125,-0.8525897277832032,0.42655382080078125,0.0
,8213,,,,,-68.8201904296875,13.5498046875,-0.8835609741210938,0.38843536376953125,0.0
,8214,,,,,-69.3603515625,7.06787109375,-0.8886365295410157,0.3464843444824219,0.0
,8215,,,,,-72.7294921875,-3.3416748046875,-0.8984768920898438,0.3293931884765625,0.0
,8216,,,,,-70.4681396484375,-4.669189453125,-0.9186755310058594,0.25460643310546877,0.0
,8217,,,,,-70.7061767578125,-11.151123046875,-0.9411529907226562,0.2034365478515625,0.0
,8218,,,,,-70.7611083984375,-17.24853515625,-0.9354559387207032,0.14988425903320313,0.0
,8219,,,,,-70.3033447265625,-21.478271484375,-0.9115283203125,0.12191691284179688,0.0
,8220,,,,,-69.525146484375,-25.946044921875,-0.9270657348632813,0.0153302490234375,0.0
,8221,,,,,-68.2525634765625,-31.1920166015625,-0.923958251953125,-0.027449432373046877,0.0
,8222,,,,,-66.7510986328125,-35.5865478515625,-0.9055205200195313,-0.10088961181640625,0.0
,8223,,,,,-65.240478515625,-38.763427734375,-0.8674020629882813,-0.1164270263671875,0.0
,8224,,,,,-64.251708984375,-40.887451171875,-0.8558007934570313,-0.1823056640625,0.0
,8225,,,,,-61.505126953125,-44.2657470703125,-0.8415063720703125,-0.252741943359375,0.0
,8226,,,,,-59.3994140625,-46.417236328125,-0.8581831970214844,-0.37238003540039066,0.0
,8227,,,,,-57.2662353515625,-47.35107421875,-0.8354985717773438,-0.4190958618164063,0.0
,8228,,,,,-53.704833984375,-49.951171875,-0.8280406127929688,-0.48839273071289063,0.0
,8229,,,,,-49.3743896484375,-52.77099609375,-0.788057666015625,-0.4935718688964844,0.0
,8230,,,,,-44.3572998046875,-56.2042236328125,-0.7646479614257813,-0.5373873779296875,0.0
,8231,,,,,-39.7247314453125,-59.58251953125,-0.7394773498535157,-0.5548928649902344,0.0
,8232,,,,,-33.087158203125,-63.31787109375,-0.7370949462890625,-0.6054412536621094,0.0
,8233,,,,,-30.0933837890625,-66.83349609375,-0.6801244262695313,-0.59829404296875,0.0
,8234,,,,,-25.30517578125,-69.9737548828125,-0.6430417968750001,-0.662101025390625,0.0
,8235,,,,,-21.1669921875,-72.2259521484375,-0.58835009765625,-0.6940045166015625,0.0
,8236,,,,,-17.2210693359375,-73.8189697265625,-0.5352121398925781,-0.7523216125488281,0.0
,8237,,,,,-12.3138427734375,-75.25634765625,-0.4428163146972656,-0.7824641967773438,0.0
,8238,,,,,-8.203125,-76.3092041015625,-0.3873995361328125,-0.8175787536621094,0.0
,8239,,,,,-4.4952392578125,-76.4007568359375,-0.2972825317382813,-0.8132282775878906,0.0
,8240,,,,,-0.933837890625,-76.153564453125,-0.2590604919433594,-0.8550757141113281,0.0
,8241,,,,,0.238037109375,-75.6866455078125,-0.18820988159179688,-0.8600476867675781,0.0
,8242,,,,,4.3487548828125,-74.59716796875,-0.1371435791015625,-0.8947479125976563,0.0
,8243,,,,,7.965087890625,-73.35205078125,-0.05800634765625,-0.9072814270019531,0.0
,8244,,,,,9.8968505859375,-71.282958984375,-0.017712652587890624,-0.9313126281738282,0.0
,8245,,,,,14.959716796875,-69.5892333984375,0.05458811645507813,-0.9230260070800782,0.0
,8246,,,,,21.1395263671875,-67.19970703125,0.044229840087890625,-0.9497503601074219,0.0
,8247,,,,,27.35595703125,-64.63623046875,0.09022058715820312,-0.937216845703125,0.0
,8248,,,,,32.8857421875,-62.713623046875,0.11342312622070314,-0.9243725830078126,0.0
,8249,,,,,38.1591796875,-60.7177734375,0.1836522399902344,-0.8868756225585938,0.0
,8250,,,,,43.7164306640625,-58.1268310546875,0.22197786254882812,-0.8660554870605469,0.0
,8251,,,,,48.7884521484375,-55.718994140625,0.29438221435546874,-0.8098100463867188,0.0
,8252,,,,,52.6702880859375,-53.118896484375,0.3239033020019531,-0.7910615661621094,0.0
,8253,,,,,55.84716796875,-50.518798828125,0.36202175903320316,-0.7795638793945313,0.0
,8254,,,,,59.6282958984375,-46.746826171875,0.4013832092285156,-0.7443457397460937,0.0
,8255,,,,,62.823486328125,-43.1396484375,0.4871497375488281,-0.6948331787109375,0.0
,8256,,,,,65.1580810546875,-39.58740234375,0.5457775817871094,-0.6580612976074219,0.0
,8257,,,,,67.0074462890625,-35.9344482421875,0.6290581237792969,-0.6208750854492188,0.0
,8258,,,,,68.0145263671875,-33.1146240234375,0.7053986206054688,-0.5652511413574219,0.0
,8259,,,,,69.287109375,-29.00390625,0.7450708190917968,-0.5415306884765625,0.0
,8260,,,,,69.3695068359375,-26.275634765625,0.7645443786621094,-0.5041373107910156,0.0
,8261,,,,,68.5638427734375,-23.9501953125,0.8080491394042969,-0.47202665405273436,0.0
,8262,,,,,69.25048828125,-19.0338134765625,0.8683343078613281,-0.42085676879882816,0.0
,8263,,,,,69.8638916015625,-12.41455078125,0.8763101806640625,-0.38522429809570313,0.0
,8264,,,,,70.751953125,-5.7769775390625,0.8707167114257813,-0.35663545532226565,0.0
,8265,,,,,72.637939453125,2.4627685546875,0.8841824707031251,-0.320692236328125,0.0
,8266,,,,,71.66748046875,5.767822265625,0.9055205200195313,-0.2829881103515625,0.0
,8267,,,,,71.978759765625,12.3687744140625,0.8961980712890625,-0.2536741882324219,0.0
,8268,,,,,72.0062255859375,18.2464599609375,0.9188826965332032,-0.19297468872070314,0.0
,8269,,,,,71.759033203125,22.9339599609375,0.8986840576171875,-0.10772607421875001,0.0
,8270,,,,,71.2921142578125,27.2003173828125,0.897441064453125,-0.03801487426757812,0.0
,8271,,,,,70.27587890625,31.9427490234375,0.8834573913574219,0.06308190307617188,0.0
,8272,,,,,69.012451171875,35.4400634765625,0.9046918579101563,0.13206802368164064,0.0
,8273,,,,,67.3187255859375,38.4246826171875,0.8677128112792969,0.1926639404296875,0.0
,8274,,,,,65.29541015625,41.2994384765625,0.8873935363769532,0.277601806640625,0.0
,8275,,,,,63.6749267578125,42.4346923828125,0.8835609741210938,0.36854747314453123,0.0
,8276,,,,,60.82763671875,44.8150634765625,0.8708202941894532,0.4004509643554688,0.0
,8277,,,,,57.9254150390625,47.16796875,0.8511395690917969,0.4572143188476563,0.0
,8278,,,,,55.1605224609375,48.7060546875,0.8505180725097656,0.49450411376953124,0.0
,8279,,,,,50.6103515625,52.9541015625,0.8346699096679687,0.5482635681152344,0.0
,8280,,,,,45.6298828125,56.6253662109375,0.7984159423828125,0.5530283752441406,0.0
,8281,,,,,41.253662109375,60.1043701171875,0.7817391174316406,0.6010907775878906,0.0
,8282,,,,,34.259033203125,63.6383056640625,0.7193822937011719,0.5864856079101562,0.0
,8283,,,,,31.3385009765625,67.0989990234375,0.6814710021972656,0.6295760375976562,0.0
,8284,,,,,26.47705078125,70.3582763671875,0.6328906860351563,0.6508105041503907,0.0
,8285,,,,,22.74169921875,72.1435546875,0.5829637939453125,0.6746345397949219,0.0
,8286,,,,,18.365478515625,73.6358642578125,0.5155314147949219,0.7179321350097656,0.0
,8287,,,,,13.18359375,74.74365234375,0.49450411376953124,0.7992446044921875,0.0
,8288,,,,,8.2489013671875,75.2655029296875,0.4227212585449219,0.833737664794922,0.0
,8289,,,,,4.4677734375,75.1922607421875,0.3912320983886719,0.8930905883789063,0.0
,8290,,,,,0.3204345703125,74.761962890625,0.298318359375,0.9037596130371094,0.0
,8291,,,,,-4.156494140625,74.2218017578125,0.24621622924804687,0.9168110412597656,0.0
,8292,,,,,-5.5755615234375,73.6358642578125,0.15848162841796876,0.9175361206054687,0.0
,8293,,,,,-8.404541015625,72.6470947265625,0.09622838745117188,0.9170182067871094,0.0
,8294,,,,,-12.3779296875,71.6217041015625,0.04878748168945313,0.9441568908691407,0.0
,8295,,,,,-16.1773681640625,69.61669921875,0.029521087646484374,0.9633197021484375,0.0
,8296,,,,,-21.93603515625,67.63916015625,-0.03345723266601563,0.9448819702148438,0.0
,8297,,,,,-26.9073486328125,65.5426025390625,-0.06660371704101563,0.934730859375,0.0
,8298,,,,,-32.7392578125,63.0157470703125,-0.12792471313476564,0.9267549865722656,0.0
,8299,,,,,-38.653564453125,60.296630859375,-0.1653180908203125,0.9071778442382813,0.0
,8300,,,,,-44.7235107421875,57.2296142578125,-0.23243972167968752,0.8747564392089844,0.0
,8301,,,,,-49.98779296875,54.52880859375,-0.27832688598632815,0.8407812927246094,0.0
,8302,,,,,-53.79638671875,52.1575927734375,-0.3319827575683594,0.8028700012207032,0.0
,8303,,,,,-57.623291015625,49.1912841796875,-0.3840848876953125,0.7544968505859375,0.0
,8304,,,,,-61.322021484375,45.556640625,-0.4405374938964844,0.7347125427246094,0.0
,8305,,,,,-64.56298828125,41.6107177734375,-0.5139776733398438,0.6863393920898437,0.0
,8306,,,,,-66.50390625,38.6260986328125,-0.5652511413574219,0.665415673828125,0.0
,8307,,,,,-68.536376953125,35.247802734375,-0.6278151306152344,0.609066650390625,0.0
,8308,,,,,-70.1751708984375,31.201171875,-0.7021875549316406,0.5680478759765625,0.0
,8309,,,,,-70.294189453125,29.534912109375,-0.7618512268066406,0.53034375,0.0
,8310,,,,,-70.5780029296875,26.4495849609375,-0.8111566223144532,0.4840422546386719,0.0
,8311,,,,,-71.099853515625,21.9268798828125,-0.8333233337402344,0.4601146362304688,0.0
,8312,,,,,-70.86181640625,17.633056640625,-0.8496894104003907,0.41868153076171877,0.0
,8313,,,,,-71.59423828125,11.97509765625,-0.8867720397949219,0.391128515625,0.0
,8314,,,,,-72.1710205078125,6.536865234375,-0.8927798400878907,0.327321533203125,0.0
,8315,,,,,-74.835205078125,-2.8564453125,-0.8910189331054688,0.31717042236328125,0.0
,8316,,,,,-73.004150390625,-4.9530029296875,-0.9126677307128906,0.23927618408203125,0.0
,8317,,,,,-73.2696533203125,-11.3067626953125,-0.9277908142089843,0.18997078857421876,0.0
,8318,,,,,-73.370361328125,-17.193603515625,-0.9261334899902344,0.12906412353515626,0.0
,8319,,,,,-73.3062744140625,-21.78955078125,-0.9343165283203125,0.08151963500976563,0.0
,8320,,,,,-72.94921875,-25.9918212890625,-0.9449855529785156,-0.012326348876953126,0.0
,8321,,,,,-71.9512939453125,-30.5694580078125,-0.9250976623535156,-0.06453206176757813,0.0
,8322,,,,,-70.440673828125,-35.3668212890625,-0.9201256896972656,-0.13600416870117188,0.0
,8323,,,,,-68.8201904296875,-38.5894775390625,-0.9157752136230469,-0.16997931518554688,0.0
,8324,,,,,-67.6025390625,-39.4134521484375,-0.8992019714355469,-0.2640324645996094,0.0
,8325,,,,,-65.22216796875,-41.7755126953125,-0.8802463256835937,-0.3161345947265625,0.0
,8326,,,,,-62.3565673828125,-44.5587158203125,-0.8779675048828125,-0.40583726806640624,0.0
,8327,,,,,-59.307861328125,-46.142578125,-0.8495858276367187,-0.43401177978515626,0.0
,8328,,,,,-55.55419921875,-49.0997314453125,-0.8513467346191407,-0.5114916870117188,0.0
,8329,,,,,-51.1322021484375,-51.5899658203125,-0.8443031066894532,-0.5456739990234375,0.0
,8330,,,,,-45.611572265625,-55.718994140625,-0.8368451477050781,-0.6075129089355469,0.0
,8331,,,,,-40.081787109375,-59.3719482421875,-0.7932368041992188,-0.6169389404296876,0.0
,8332,,,,,-32.11669921875,-62.2283935546875,-0.7791495483398437,-0.6630332702636719,0.0
,8333,,,,,-30.6976318359375,-65.5242919921875,-0.7194858764648437,-0.662101025390625,0.0
,8334,,,,,-25.396728515625,-68.426513671875,-0.6799172607421875,-0.725079345703125,0.0
,8335,,,,,-20.599365234375,-70.733642578125,-0.6014015258789063,-0.7583294128417969,0.0
,8336,,,,,-16.7816162109375,-72.1160888671875,-0.5720876037597656,-0.786400341796875,0.0
,8337,,,,,-12.689208984375,-73.3154296875,-0.4798989440917969,-0.7887827453613282,0.0
,8338,,,,,-7.9925537109375,-74.01123046875,-0.44727037353515625,-0.8508288208007813,0.0
,8339,,,,,-3.314208984375,-74.6337890625,-0.3674080627441406,-0.8592190246582031,0.0
,8340,,,,,0.54931640625,-74.560546875,-0.31634176025390626,-0.9018951232910156,0.0
,8341,,,,,3.55224609375,-73.846435546875,-0.22415310058593751,-0.9074885925292969,0.0
,8342,,,,,7.2418212890625,-72.8668212890625,-0.16293568725585938,-0.9216794311523437,0.0
,8343,,,,,10.8306884765625,-71.4752197265625,-0.09923228759765625,-0.9218865966796875,0.0
,8344,,,,,13.494873046875,-69.8638916015625,-0.045887164306640624,-0.9211615173339844,0.0
,8345,,,,,17.61474609375,-68.2708740234375,0.009633197021484375,-0.9334878662109375,0.0
,8346,,,,,22.320556640625,-66.229248046875,0.05085913696289063,-0.9320377075195313,0.0
,8347,,,,,28.4454345703125,-63.8946533203125,0.11104072265625001,-0.930587548828125,0.0
,8348,,,,,34.442138671875,-61.3311767578125,0.10441142578125,-0.9423959838867187,0.0
,8349,,,,,39.66064453125,-58.92333984375,0.1520594970703125,-0.9336950317382813,0.0
,8350,,,,,44.805908203125,-56.231689453125,0.20923718261718752,-0.8861505432128907,0.0
,8351,,,,,50.0701904296875,-53.155517578125,0.2639288818359375,-0.8563187072753906,0.0
,8352,,,,,54.8675537109375,-49.896240234375,0.3062942321777344,-0.8207898193359375,0.0
,8353,,,,,58.135986328125,-47.3876953125,0.36264325561523436,-0.7995553527832031,0.0
,8354,,,,,61.1297607421875,-44.696044921875,0.40003663330078126,-0.7560505920410157,0.0
,8355,,,,,63.995361328125,-41.5008544921875,0.48621749267578124,-0.7128565795898437,0.0
,8356,,,,,66.778564453125,-37.481689453125,0.5606934997558594,-0.6693518188476563,0.0
,8357,,,,,68.206787109375,-34.588623046875,0.6233610717773438,-0.6364125,0.0
,8358,,,,,68.3258056640625,-33.7921142578125,0.6943152648925781,-0.5722947692871094,0.0
,8359,,,,,69.0765380859375,-30.8258056640625,0.7419633361816407,-0.5302401672363282,0.0
,8360,,,,,70.2392578125,-26.531982421875,0.7813247863769531,-0.4944005310058594,0.0
,8361,,,,,69.8455810546875,-23.5382080078125,0.8111566223144532,-0.4621862915039063,0.0
,8362,,,,,70.3033447265625,-18.85986328125,0.8463747619628906,-0.42655382080078125,0.0
,8363,,,,,71.1090087890625,-13.14697265625,0.8841824707031251,-0.36699373168945315,0.0
,8364,,,,,72.2259521484375,-6.353759765625,0.9166038757324219,-0.33788697509765625,0.0
,8365,,,,,74.0386962890625,1.666259765625,0.9061420166015626,-0.3067085632324219,0.0
,8366,,,,,73.57177734375,4.925537109375,0.923958251953125,-0.26361813354492186,0.0
,8367,,,,,76.9866943359375,10.8306884765625,0.9424995666503907,-0.17764443969726562,0.0
,8368,,,,,73.9105224609375,15.435791015625,0.9701561645507812,-0.11321596069335937,0.0
,8369,,,,,73.114013671875,20.855712890625,0.9279979797363281,-0.0696076171875,0.0
,8370,,,,,72.0062255859375,25.45166015625,0.9334878662109375,-0.014605169677734375,0.0
,8371,,,,,70.9716796875,29.4158935546875,0.9241654174804688,0.07426884155273437,0.0
,8372,,,,,69.4061279296875,32.684326171875,0.9527542602539063,0.1476054382324219,0.0
,8373,,,,,66.7327880859375,36.62109375,0.9271693176269532,0.21742022094726562,0.0
,8374,,,,,64.4439697265625,40.2740478515625,0.9561724914550781,0.3036010803222656,0.0
,8375,,,,,63.6383056640625,40.155029296875,0.9287230590820312,0.3776627563476563,0.0
,8376,,,,,60.8917236328125,42.095947265625,0.9054169372558594,0.43194012451171876,0.0
,8377,,,,,57.3760986328125,45.172119140625,0.9097674133300782,0.5060018005371094,0.0
,8378,,,,,54.30908203125,46.6461181640625,0.9039667785644532,0.546088330078125,0.0
,8379,,,,,49.932861328125,50.06103515625,0.8694737182617188,0.5755058349609375,0.0
,8380,,,,,44.970703125,53.887939453125,0.8492750793457031,0.5846211181640625,0.0
,8381,,,,,39.385986328125,58.355712890625,0.8201683227539063,0.6127956298828126,0.0
,8382,,,,,33.7646484375,62.200927734375,0.7715880065917969,0.6220144958496094,0.0
,8383,,,,,30.0201416015625,65.36865234375,0.7396845153808594,0.6536072387695313,0.0
,8384,,,,,25.3875732421875,68.22509765625,0.67618828125,0.6809530883789062,0.0
,8385,,,,,20.1141357421875,70.7061767578125,0.6442847900390625,0.7103705932617188,0.0
,8386,,,,,15.234375,72.784423828125,0.5521997131347657,0.70436279296875,0.0
,8387,,,,,11.31591796875,73.79150390625,0.5093164489746094,0.7609189819335938,0.0
,8388,,,,,6.8389892578125,74.688720703125,0.44395572509765624,0.802144921875,0.0
,8389,,,,,1.922607421875,75.091552734375,0.4231355895996094,0.8747564392089844,0.0
,8390,,,,,-2.9754638671875,74.74365234375,0.3342615783691406,0.8968195678710937,0.0
,8391,,,,,-6.2255859375,74.30419921875,0.25294910888671873,0.8982697265625,0.0
,8392,,,,,-7.50732421875,73.5809326171875,0.17174022216796875,0.9030345336914063,0.0
,8393,,,,,-11.6363525390625,71.868896484375,0.14366929321289063,0.9296553039550781,0.0
,8394,,,,,-15.7012939453125,70.0836181640625,0.062356823730468754,0.9401171630859375,0.0
,8395,,,,,-17.779541015625,68.00537109375,0.011290521240234375,0.9408422424316406,0.0
,8396,,,,,-22.5128173828125,66.632080078125,-0.03552888793945313,0.9522363464355469,0.0
,8397,,,,,-28.692626953125,64.3157958984375,-0.06639655151367188,0.9427067321777344,0.0
,8398,,,,,-34.8907470703125,61.578369140625,-0.12295274047851563,0.9037596130371094,0.0
,8399,,,,,-40.3564453125,59.2529296875,-0.16345360107421875,0.8620157592773438,0.0
,8400,,,,,-45.4193115234375,56.707763671875,-0.19017795410156252,0.8497929931640625,0.0
,8401,,,,,-50.885009765625,53.7689208984375,-0.2398976806640625,0.8109494567871094,0.0
,8402,,,,,-55.1605224609375,51.4434814453125,-0.3085730529785156,0.7811176208496095,0.0
,8403,,,,,-58.5113525390625,49.3194580078125,-0.3735194458007813,0.72922265625,0.0
,8404,,,,,-61.5875244140625,47.0123291015625,-0.4476847045898438,0.7001158996582032,0.0
,8405,,,,,-64.8193359375,43.2037353515625,-0.5326225708007812,0.6493603454589844,0.0
,8406,,,,,-67.0440673828125,39.7064208984375,-0.6057520019531251,0.602540936279297,0.0
,8407,,,,,-67.6666259765625,38.140869140625,-0.6532964904785157,0.5704302795410157,0.0
,8408,,,,,-68.8201904296875,35.1654052734375,-0.7108885070800781,0.5384232055664062,0.0
,8409,,,,,-69.17724609375,32.8948974609375,-0.7478675537109375,0.4984402587890625,0.0
,8410,,,,,-69.8272705078125,28.6834716796875,-0.8017305908203125,0.4592859741210938,0.0
,8411,,,,,-70.7977294921875,23.47412109375,-0.8466855102539063,0.42655382080078125,0.0
,8412,,,,,-70.587158203125,19.7845458984375,-0.8818000671386719,0.386985205078125,0.0
,8413,,,,,-71.337890625,13.9801025390625,-0.8949550781250001,0.37020479736328127,0.0
,8414,,,,,-72.052001953125,6.9122314453125,-0.9188826965332032,0.31654892578125,0.0
,8415,,,,,-74.74365234375,-2.3895263671875,-0.9174325378417969,0.28402393798828124,0.0
,8416,,,,,-73.0865478515625,-3.9459228515625,-0.9381490905761719,0.21607364501953125,0.0
,8417,,,,,-73.1597900390625,-8.4869384765625,-0.9404279113769531,0.183134326171875,0.0
,8418,,,,,-72.8759765625,-14.1815185546875,-0.9661164367675782,0.09281015625,0.0
,8419,,,,,-72.3541259765625,-19.3084716796875,-0.9669450988769531,0.03873995361328125,0.0
,8420,,,,,-71.2738037109375,-23.052978515625,-0.9614552124023438,-0.04671582641601563,0.0
,8421,,,,,-69.6990966796875,-26.8798828125,-0.96787734375,-0.09705704956054688,0.0
,8422,,,,,-67.9229736328125,-30.8258056640625,-0.9593835571289063,-0.1727760498046875,0.0
,8423,,,,,-65.44189453125,-34.9456787109375,-0.9451927185058594,-0.18955645751953126,0.0
,8424,,,,,-63.9129638671875,-38.0859375,-0.9457106323242188,-0.2993541870117188,0.0
,8425,,,,,-61.92626953125,-40.90576171875,-0.9109068237304688,-0.3274251159667969,0.0
,8426,,,,,-60.150146484375,-42.59033203125,-0.8829394775390625,-0.3983793090820313,0.0
,8427,,,,,-56.87255859375,-45.8404541015625,-0.8664698181152344,-0.43328670043945317,0.0
,8428,,,,,-53.155517578125,-49.200439453125,-0.8655375732421875,-0.4931575378417969,0.0
,8429,,,,,-49.8138427734375,-50.79345703125,-0.837777392578125,-0.5004083312988281,0.0
,8430,,,,,-45.00732421875,-54.2816162109375,-0.8225507263183593,-0.5613149963378906,0.0
,8431,,,,,-39.2852783203125,-58.154296875,-0.7776993896484375,-0.5738485107421876,0.0
,8432,,,,,-32.3455810546875,-62.3199462890625,-0.7775958068847656,-0.6232574890136718,0.0
,8433,,,,,-29.18701171875,-65.606689453125,-0.728393994140625,-0.6234646545410156,0.0
,8434,,,,,-23.4832763671875,-68.756103515625,-0.6892397094726562,-0.6544359008789062,0.0
,8435,,,,,-18.3746337890625,-71.37451171875,-0.6387949035644531,-0.6926579406738281,0.0
,8436,,,,,-14.373779296875,-72.65625,-0.6169389404296876,-0.7643372131347657,0.0
,8437,,,,,-9.9700927734375,-73.86474609375,-0.5284792602539062,-0.7718987548828126,0.0
,8438,,,,,-5.9417724609375,-74.9267578125,-0.47088724365234375,-0.8150927673339844,0.0
,8439,,,,,-0.7232666015625,-75.3753662109375,-0.36626865234375,-0.8107422912597656,0.0
,8440,,,,,3.5888671875,-75.531005859375,-0.33415799560546877,-0.8581831970214844,0.0
,8441,,,,,5.9600830078125,-75.3021240234375,-0.2681757751464844,-0.8646053283691406,0.0
,8442,,,,,9.613037109375,-74.4415283203125,-0.19525350952148438,-0.875895849609375,0.0
,8443,,,,,13.00048828125,-73.4344482421875,-0.09249940795898438,-0.8746528564453125,0.0
,8444,,,,,15.1336669921875,-71.6033935546875,-0.05645260620117188,-0.8968195678710937,0.0
,8445,,,,,19.0704345703125,-69.5343017578125,0.001968072509765625,-0.9005485473632813,0.0
,8446,,,,,23.968505859375,-67.6025390625,0.025377777099609377,-0.9200221069335938,0.0
,8447,,,,,29.8187255859375,-65.4327392578125,0.08597369384765625,-0.902413037109375,0.0
,8448,,,,,35.6597900390625,-63.043212890625,0.12347065429687501,-0.8837681396484375,0.0
,8449,,,,,40.6951904296875,-61.2030029296875,0.1827199951171875,-0.8608763488769532,0.0
,8450,,,,,41.9677734375,-59.0057373046875,0.21431273803710937,-0.8383988891601563,0.0
,8451,,,,,50.86669921875,-56.231689453125,0.2685901062011719,-0.8179930847167969,0.0
,8452,,,,,55.2978515625,-53.411865234375,0.315720263671875,-0.7889899108886719,0.0
,8453,,,,,58.282470703125,-51.141357421875,0.3634719177246094,-0.7702414306640625,0.0
,8454,,,,,61.23046875,-48.1292724609375,0.40293695068359375,-0.7394773498535157,0.0
,8455,,,,,64.141845703125,-44.2474365234375,0.49450411376953124,-0.6951439270019532,0.0
,8456,,,,,66.6961669921875,-40.594482421875,0.5649403930664063,-0.6497746765136719,0.0
,8457,,,,,67.987060546875,-38.0859375,0.6515355834960938,-0.5998477844238281,0.0
,8458,,,,,68.0694580078125,-37.1795654296875,0.7229041076660156,-0.5305509155273438,0.0
,8459,,,,,68.84765625,-34.0667724609375,0.7504571228027344,-0.507969873046875,0.0
,8460,,,,,69.964599609375,-29.736328125,0.7846394348144532,-0.47824161987304686,0.0
,8461,,,,,69.708251953125,-26.513671875,0.8538327209472657,-0.4181636169433594,0.0
,8462,,,,,70.0653076171875,-21.2493896484375,0.8884293640136719,-0.4011760437011719,0.0
,8463,,,,,70.71533203125,-14.996337890625,0.8915368469238282,-0.3721728698730469,0.0
,8464,,,,,71.66748046875,-8.294677734375,0.9213686828613281,-0.3280466125488281,0.0
,8465,,,,,72.32666015625,-2.197265625,0.9085244201660156,-0.30556915283203123,0.0
,8466,,,,,72.564697265625,3.0029296875,0.9456070495605469,-0.27200833740234376,0.0
,8467,,,,,72.65625,8.4228515625,0.9386670043945313,-0.20695836181640626,0.0
,8468,,,,,72.4456787109375,14.117431640625,0.9379419250488281,-0.14729468994140626,0.0
,8469,,,,,71.9696044921875,19.317626953125,0.9313126281738282,-0.07779065551757813,0.0
,8470,,,,,71.2005615234375,22.9339599609375,0.9467464599609375,-0.02133804931640625,0.0
,8471,,,,,69.927978515625,26.898193359375,0.922300927734375,0.07136852416992187,0.0
,8472,,,,,68.4356689453125,31.8695068359375,0.93638818359375,0.1413904724121094,0.0
,8473,,,,,66.156005859375,36.51123046875,0.9139107238769532,0.20830493774414063,0.0
,8474,,,,,64.013671875,39.84375,0.9321412902832031,0.2697295166015625,0.0
,8475,,,,,62.786865234375,41.41845703125,0.9104924926757813,0.32255672607421876,0.0
,8476,,,,,60.076904296875,44.1741943359375,0.9152572998046875,0.39268225708007815,0.0
,8477,,,,,56.744384765625,47.3419189453125,0.9144286376953126,0.4656045227050781,0.0
,8478,,,,,53.7322998046875,48.8433837890625,0.8905010192871095,0.5000975830078125,0.0
,8479,,,,,49.7772216796875,51.96533203125,0.8838717224121094,0.5501280578613281,0.0
,8480,,,,,45.208740234375,55.206298828125,0.8426457824707031,0.5439130920410157,0.0
,8481,,,,,20.947265625,59.3994140625,0.8226543090820313,0.5925969909667969,0.0
,8482,,,,,28.546142578125,63.2720947265625,0.7999696838378907,0.6197356750488281,0.0
,8483,,,,,29.0863037109375,66.39404296875,0.749939208984375,0.6384841552734375,0.0
,8484,,,,,23.91357421875,69.4976806640625,0.6917256958007812,0.6513284179687501,0.0
,8485,,,,,18.511962890625,72.5738525390625,0.6690410705566406,0.7021875549316406,0.0
,8486,,,,,13.5406494140625,74.6246337890625,0.5856569458007813,0.7073666931152344,0.0
,8487,,,,,9.6771240234375,75.62255859375,0.5247502807617188,0.7504571228027344,0.0
,8488,,,,,5.3466796875,76.7852783203125,0.4346332763671875,0.7798746276855469,0.0
,8489,,,,,0.4669189453125,77.34375,0.40210828857421876,0.8252438781738282,0.0
,8490,,,,,-4.1015625,77.5634765625,0.324006884765625,0.8434744445800781,0.0
,8491,,,,,-7.1044921875,77.3529052734375,0.24424815673828126,0.8639838317871094,0.0
,8492,,,,,-7.781982421875,76.4190673828125,0.13445042724609377,0.8759994323730469,0.0
,8493,,,,,-11.334228515625,74.8809814453125,0.09084208374023438,0.9074885925292969,0.0
,8494,,,,,-15.4815673828125,72.9583740234375,0.052205712890625,0.9419816528320313,0.0
,8495,,,,,-17.8436279296875,70.7794189453125,0.028070928955078126,0.9718134887695313,0.0
,8496,,,,,-22.8515625,68.88427734375,-0.0377041259765625,0.9599014709472656,0.0
,8497,,,,,-29.0496826171875,65.80810546875,-0.08877042846679688,0.9324520385742188,0.0
,8498,,,,,-34.9639892578125,63.0889892578125,-0.13155010986328125,0.92312958984375,0.0
,8499,,,,,-39.990234375,60.8184814453125,-0.1636607666015625,0.8996163024902344,0.0
,8500,,,,,-44.6136474609375,58.740234375,-0.2299537353515625,0.8783818359375001,0.0
,8501,,,,,-49.6307373046875,55.9661865234375,-0.30194375610351565,0.8462711791992188,0.0
,8502,,,,,-53.759765625,53.28369140625,-0.37724842529296876,0.7996589355468751,0.0
,8503,,,,,-56.707763671875,51.031494140625,-0.42531082763671874,0.7527359436035157,0.0
,8504,,,,,-59.3170166015625,48.3123779296875,-0.49885458984375003,0.72093603515625,0.0
,8505,,,,,-61.5692138671875,44.989013671875,-0.5644224792480469,0.6892397094726562,0.0
,8506,,,,,-63.8763427734375,41.033935546875,-0.6327871032714844,0.6574398010253907,0.0
,8507,,,,,-65.2679443359375,38.3514404296875,-0.7007373962402343,0.5975689636230469,0.0
,8508,,,,,-66.17431640625,35.3851318359375,-0.7590544921875,0.5403912780761719,0.0
,8509,,,,,-66.5130615234375,33.4808349609375,-0.7998661010742187,0.5058982177734375,0.0
,8510,,,,,-66.796875,29.8095703125,-0.8498965759277344,0.46891917114257814,0.0
,8511,,,,,-67.657470703125,24.9298095703125,-0.8781746704101563,0.440019580078125,0.0
,8512,,,,,-67.6025390625,20.965576171875,-0.9211615173339844,0.3846028015136719,0.0
,8513,,,,,-68.353271484375,14.9139404296875,-0.9333842834472657,0.36409341430664066,0.0
,8514,,,,,-69.3603515625,8.038330078125,-0.9617659606933594,0.32980751953125004,0.0
,8515,,,,,-72.61962890625,-2.3895263671875,-0.9600050537109376,0.2994577697753906,0.0
,8516,,,,,-70.4864501953125,-3.18603515625,-0.9327627868652344,0.25450285034179687,0.0
,8517,,,,,-70.9991455078125,-8.1390380859375,-0.9249940795898438,0.21079092407226563,0.0
,8518,,,,,-70.9991455078125,-13.9892578125,-0.9350416076660156,0.14014747924804688,0.0
,8519,,,,,-70.697021484375,-19.51904296875,-0.9557581604003906,0.09705704956054688,0.0
,8520,,,,,-69.781494140625,-23.895263671875,-0.9746102233886719,0.0045576416015625,0.0
,8521,,,,,-68.4906005859375,-28.3172607421875,-0.9559653259277344,-0.023513287353515627,0.0
,8522,,,,,-66.8975830078125,-32.4371337890625,-0.9409458251953126,-0.11000489501953126,0.0
,8523,,,,,-64.34326171875,-36.8499755859375,-0.923958251953125,-0.141701220703125,0.0
,8524,,,,,-61.8804931640625,-41.1163330078125,-0.9409458251953126,-0.19981115112304687,0.0
,8525,,,,,-59.47265625,-43.8720703125,-0.9145322204589844,-0.244455322265625,0.0
,8526,,,,,-57.861328125,-44.476318359375,-0.8914332641601562,-0.3609859313964844,0.0
,8527,,,,,-54.78515625,-47.076416015625,-0.8829394775390625,-0.41951019287109376,0.0
,8528,,,,,-51.2969970703125,-49.896240234375,-0.8604620178222656,-0.4798989440917969,0.0
,8529,,,,,-48.1842041015625,-51.123046875,-0.8308373474121094,-0.48673540649414065,0.0
,8530,,,,,-43.780517578125,-54.730224609375,-0.8358093200683594,-0.5663905517578125,0.0
,8531,,,,,-38.19580078125,-58.63037109375,-0.8058739013671875,-0.5671156311035156,0.0
,8532,,,,,-32.5103759765625,-62.40234375,-0.7817391174316406,-0.5933220703125001,0.0
,8533,,,,,-28.38134765625,-65.679931640625,-0.7004266479492187,-0.5910432495117187,0.0
,8534,,,,,-22.8240966796875,-68.8934326171875,-0.6859250610351563,-0.6568183044433594,0.0
,8535,,,,,-17.9443359375,-71.7681884765625,-0.6073057434082031,-0.6734951293945313,0.0
,8536,,,,,-14.39208984375,-73.6907958984375,-0.5474349060058594,-0.7172070556640625,0.0
,8537,,,,,-10.3729248046875,-75.1190185546875,-0.46601885375976565,-0.7337802978515625,0.0
,8538,,,,,-5.9417724609375,-76.0711669921875,-0.41712778930664063,-0.7835000244140625,0.0
,8539,,,,,-1.5655517578125,-76.519775390625,-0.3218316467285156,-0.7885755798339844,0.0
,8540,,,,,1.6204833984375,-76.409912109375,-0.29044606933593753,-0.8370523132324219,0.0
,8541,,,,,2.5634765625,-75.91552734375,-0.193078271484375,-0.8494822448730469,0.0
,8542,,,,,6.3446044921875,-74.7711181640625,-0.14066539306640624,-0.8826287292480469,0.0
,8543,,,,,10.2447509765625,-73.6907958984375,-0.05810993041992188,-0.8900866882324219,0.0
,8544,,,,,11.993408203125,-71.942138671875,-0.00497197265625,-0.8948514953613281,0.0
,8545,,,,,16.5618896484375,-70.12939453125,0.047337322998046875,-0.9000306335449219,0.0
,8546,,,,,21.42333984375,-68.3990478515625,0.049408978271484376,-0.9102853271484376,0.0
,8547,,,,,27.777099609375,-66.302490234375,0.10948698120117188,-0.9025166198730469,0.0
,8548,,,,,33.837890625,-63.9129638671875,0.12512797851562502,-0.89992705078125,0.0
,8549,,,,,38.763427734375,-61.81640625,0.19224960937500002,-0.8802463256835937,0.0
,8550,,,,,43.6248779296875,-59.765625,0.22529251098632813,-0.8679199768066407,0.0
,8551,,,,,48.4588623046875,-56.8084716796875,0.2912747314453125,-0.8398490478515626,0.0
,8552,,,,,52.3956298828125,-54.034423828125,0.3343651611328125,-0.8147820190429688,0.0
,8553,,,,,55.11474609375,-51.580810546875,0.4031441162109375,-0.7818427001953125,0.0
,8554,,,,,58.172607421875,-48.4222412109375,0.478138037109375,-0.7204181213378906,0.0
,8555,,,,,60.4248046875,-45.73974609375,0.5214356323242187,-0.6986657409667969,0.0
,8556,,,,,63.2537841796875,-41.3543701171875,0.5845175354003906,-0.6575433837890625,0.0
,8557,,,,,65.1580810546875,-37.481689453125,0.6735987121582031,-0.6022301879882813,0.0
,8558,,,,,65.1947021484375,-36.2274169921875,0.7102670104980469,-0.5779918212890626,0.0
,8559,,,,,66.3665771484375,-32.647705078125,0.7462102294921875,-0.5495065612792969,0.0
,8560,,,,,67.803955078125,-28.4912109375,0.8101207946777343,-0.4777237060546875,0.0
,8561,,,,,67.8863525390625,-25.4058837890625,0.8581831970214844,-0.44851336669921876,0.0
,8562,,,,,68.88427734375,-20.3155517578125,0.879210498046875,-0.4241714172363281,0.0
,8563,,,,,69.4976806640625,-14.8956298828125,0.8837681396484375,-0.4023154541015625,0.0
,8564,,,,,70.3033447265625,-7.9833984375,0.9271693176269532,-0.353838720703125,0.0
,8565,,,,,72.69287109375,1.8402099609375,0.9298624694824219,-0.3105411254882813,0.0
,8566,,,,,70.989990234375,4.0740966796875,0.9091459167480469,-0.29003173828125,0.0
,8567,,,,,71.044921875,9.9609375,0.9019987060546876,-0.23730811157226564,0.0
,8568,,,,,70.71533203125,16.00341796875,0.9578298156738282,-0.17360471191406252,0.0
,8569,,,,,70.2850341796875,21.771240234375,0.952132763671875,-0.10213260498046875,0.0
,8570,,,,,69.6258544921875,25.726318359375,0.9547223327636719,-0.049719726562500004,0.0
,8571,,,,,68.29833984375,29.7271728515625,0.9219901794433594,0.03666829833984375,0.0
,8572,,,,,66.4947509765625,34.09423828125,0.9447783874511719,0.12295274047851563,0.0
,8573,,,,,64.544677734375,38.2965087890625,0.9074885925292969,0.15858521118164062,0.0
,8574,,,,,62.603759765625,41.5191650390625,0.9046918579101563,0.20809777221679687,0.0
,8575,,,,,61.395263671875,42.645263671875,0.8889472778320313,0.28402393798828124,0.0
,8576,,,,,58.3831787109375,46.0235595703125,0.8934013366699219,0.37186212158203125,0.0
,8577,,,,,55.5999755859375,48.9898681640625,0.8681271423339844,0.4385694213867188,0.0
,8578,,,,,53.3477783203125,49.5574951171875,0.8565258728027344,0.4808311889648438,0.0
,8579,,,,,49.4842529296875,52.84423828125,0.8482392517089844,0.5308616638183594,0.0
,8580,,,,,44.34814453125,56.689453125,0.817164422607422,0.5453632507324219,0.0
,8581,,,,,38.9739990234375,60.662841796875,0.8172680053710938,0.6053376708984375,0.0
,8582,,,,,33.9752197265625,63.812255859375,0.7802889587402344,0.6282294616699219,0.0
,8583,,,,,29.7088623046875,66.97998046875,0.7328480529785156,0.6557824768066406,0.0
,8584,,,,,24.57275390625,70.3948974609375,0.6425238830566407,0.6409701416015625,0.0
,8585,,,,,20.1507568359375,72.9400634765625,0.5932184875488281,0.6716306396484375,0.0
,8586,,,,,16.1224365234375,74.2584228515625,0.5166708251953125,0.7005302307128907,0.0
,8587,,,,,12.2589111328125,75.62255859375,0.4807276062011719,0.7710700927734375,0.0
,8588,,,,,8.5784912109375,76.8402099609375,0.40925549926757815,0.7958263732910157,0.0
,8589,,,,,3.790283203125,77.4810791015625,0.37310511474609376,0.8501037414550782,0.0
,8590,,,,,0.2838134765625,77.8289794921875,0.2706617614746094,0.8784854187011719,0.0
,8591,,,,,-2.4810791015625,77.0782470703125,0.22114920043945313,0.9096638305664063,0.0
,8592,,,,,-4.1839599609375,76.28173828125,0.15817088012695313,0.9282051452636719,0.0
,8593,,,,,-8.0291748046875,74.67041015625,0.10637949829101563,0.934730859375,0.0
,8594,,,,,-12.6251220703125,72.39990234375,0.03138557739257813,0.9364917663574219,0.0
,8595,,,,,-15.4998779296875,70.0836181640625,0.00683646240234375,0.9639411987304688,0.0
,8596,,,,,-20.452880859375,68.22509765625,-0.054795281982421874,0.962076708984375,0.0
,8597,,,,,-26.385498046875,66.064453125,-0.11010847778320312,0.9339021972656251,0.0
,8598,,,,,-32.171630859375,63.6566162109375,-0.16345360107421875,0.9131856445312501,0.0
,8599,,,,,-37.39013671875,61.26708984375,-0.2084085205078125,0.87340986328125,0.0
,8600,,,,,-42.352294921875,58.978271484375,-0.25118820190429686,0.8501037414550782,0.0
,8601,,,,,-47.5250244140625,56.195068359375,-0.2855776794433594,0.8180966674804688,0.0
,8602,,,,,-51.8280029296875,53.631591796875,-0.36202175903320316,0.7886791625976562,0.0
,8603,,,,,-55.059814453125,51.4801025390625,-0.4109128234863281,0.7455887329101563,0.0
,8604,,,,,-57.879638671875,48.9898681640625,-0.49201812744140627,0.7135816589355469,0.0
,8605,,,,,-61.175537109375,45.0164794921875,-0.5378017089843751,0.685303564453125,0.0
,8606,,,,,-63.90380859375,41.2628173828125,-0.6103096435546875,0.6454242004394531,0.0
,8607,,,,,-65.9912109375,37.6373291015625,-0.6499818420410156,0.6043018432617188,0.0
,8608,,,,,-67.5201416015625,33.746337890625,-0.7068487792968751,0.565976220703125,0.0
,8609,,,,,-67.694091796875,31.2286376953125,-0.769827099609375,0.5236108703613281,0.0
,8610,,,,,-68.4539794921875,27.4932861328125,-0.8221363952636719,0.47637713012695315,0.0
,8611,,,,,-69.0948486328125,23.748779296875,-0.8473070068359375,0.4447843872070313,0.0
,8612,,,,,-68.6737060546875,20.25146484375,-0.8894651916503906,0.3965148193359375,0.0
,8613,,,,,-69.47021484375,13.8427734375,-0.927272900390625,0.36440416259765623,0.0
,8614,,,,,-70.147705078125,7.3516845703125,-0.9204364379882812,0.33509024047851566,0.0
,8615,,,,,-73.699951171875,-3.5980224609375,-0.9190898620605469,0.31934566040039064,0.0
,8616,,,,,-71.356201171875,-4.79736328125,-0.9419816528320313,0.2520168640136719,0.0
,8617,,,,,-71.6217041015625,-10.6658935546875,-0.9271693176269532,0.23368271484375,0.0
,8618,,,,,-71.2005615234375,-17.1112060546875,-0.914117889404297,0.16303927001953125,0.0
,8619,,,,,-70.751953125,-22.4578857421875,-0.9247869140625,0.12150258178710938,0.0
,8620,,,,,-70.330810546875,-26.9989013671875,-0.9311054626464844,0.045990747070312504,0.0
,8621,,,,,-69.0673828125,-30.8624267578125,-0.9087315856933594,0.005282720947265625,0.0
,8622,,,,,-66.9708251953125,-35.3118896484375,-0.9075921752929688,-0.09011700439453126,0.0
,8623,,,,,-65.2679443359375,-39.349365234375,-0.9021022888183594,-0.136729248046875,0.0
,8624,,,,,-64.1143798828125,-41.1712646484375,-0.9090423339843751,-0.2266390869140625,0.0
,8625,,,,,-62.1368408203125,-43.9361572265625,-0.8542470520019532,-0.26796860961914065,0.0
,8626,,,,,-60.205078125,-46.2799072265625,-0.8371558959960937,-0.3589142761230469,0.0
,8627,,,,,-57.3760986328125,-48.30322265625,-0.8085670532226563,-0.38657087402343754,0.0
,8628,,,,,-54.180908203125,-50.921630859375,-0.7999696838378907,-0.4620827087402344,0.0
,8629,,,,,-50.5279541015625,-53.1005859375,-0.7952048767089844,-0.49626502075195317,0.0
,8630,,,,,-45.37353515625,-57.275390625,-0.8119852844238281,-0.5679442932128906,0.0
,8631,,,,,-39.9627685546875,-60.8917236328125,-0.7677554443359376,-0.5556179443359375,0.0
,8632,,,,,-33.2244873046875,-64.2242431640625,-0.7316050598144531,-0.5914575805664063,0.0
,8633,,,,,-31.036376953125,-67.6666259765625,-0.6768097778320312,-0.6161102783203125,0.0
,8634,,,,,-26.0101318359375,-70.6512451171875,-0.6346515930175781,-0.6689374877929688,0.0
,8635,,,,,-21.2677001953125,-73.1231689453125,-0.5630759033203125,-0.6685231567382812,0.0
,8636,,,,,-17.4041748046875,-74.615478515625,-0.5246466979980469,-0.7247685974121094,0.0
,8637,,,,,-13.1744384765625,-76.0894775390625,-0.4429198974609375,-0.7362662841796875,0.0
,8638,,,,,-8.5601806640625,-77.069091796875,-0.421789013671875,-0.811260205078125,0.0
,8639,,,,,-4.0924072265625,-77.435302734375,-0.32638928833007813,-0.8133318603515626,0.0
,8640,,,,,-0.9521484375,-76.885986328125,-0.2855776794433594,-0.86678056640625,0.0
,8641,,,,,0.4302978515625,-76.116943359375,-0.2042652099609375,-0.8852182983398438,0.0
,8642,,,,,4.6600341796875,-75.0640869140625,-0.11528761596679687,-0.8968195678710937,0.0
,8643,,,,,8.60595703125,-73.7274169921875,-0.03242140502929688,-0.8881186157226563,0.0
,8644,,,,,10.3729248046875,-71.8048095703125,-0.019059228515625002,-0.9204364379882812,0.0
,8645,,,,,15.325927734375,-69.9188232421875,0.031281994628906254,-0.9332807006835938,0.0
,8646,,,,,21.35009765625,-67.7032470703125,0.06453206176757813,-0.9292409729003906,0.0
,8647,,,,,27.4566650390625,-65.606689453125,0.10772607421875001,-0.9221973449707032,0.0
,8648,,,,,33.0322265625,-63.4918212890625,0.10555083618164063,-0.9212651000976563,0.0
,8649,,,,,38.4429931640625,-61.5692138671875,0.16355718383789064,-0.8850111328125,0.0
,8650,,,,,44.12841796875,-58.905029296875,0.20903001708984376,-0.8574581176757813,0.0
,8651,,,,,48.8983154296875,-55.975341796875,0.2818486999511719,-0.8350842407226563,0.0
,8652,,,,,52.8350830078125,-53.411865234375,0.31592742919921873,-0.7961371215820313,0.0
,8653,,,,,56.304931640625,-50.628662109375,0.3592250244140625,-0.7721059204101562,0.0
,8654,,,,,59.9029541015625,-46.8841552734375,0.41878511352539066,-0.7294298217773437,0.0
,8655,,,,,62.8875732421875,-43.560791015625,0.5019620727539063,-0.7096455139160156,0.0
,8656,,,,,65.33203125,-40.3564453125,0.5556179443359375,-0.6725628845214844,0.0
,8657,,,,,67.327880859375,-36.767578125,0.6011943603515625,-0.6290581237792969,0.0
,8658,,,,,68.5546875,-33.526611328125,0.6636547668457031,-0.5668048828125,0.0
,8659,,,,,69.7265625,-29.1778564453125,0.7369913635253906,-0.5208141357421875,0.0
,8660,,,,,69.9005126953125,-26.1199951171875,0.7927188903808594,-0.48652824096679687,0.0
,8661,,,,,69.0948486328125,-23.4100341796875,0.8223435607910157,-0.4540032531738281,0.0
,8662,,,,,69.488525390625,-18.4112548828125,0.856007958984375,-0.42862547607421875,0.0
,8663,,,,,70.0927734375,-11.773681640625,0.8650196594238282,-0.40407636108398437,0.0
,8664,,,,,70.953369140625,-5.1544189453125,0.8900866882324219,-0.367097314453125,0.0
,8665,,,,,72.5189208984375,2.0782470703125,0.9008592956542969,-0.3311540954589844,0.0
,8666,,,,,71.5850830078125,5.52978515625,0.9038631958007812,-0.2952108764648438,0.0
,8667,,,,,71.4935302734375,11.920166015625,0.8839753051757813,-0.23399346313476563,0.0
,8668,,,,,71.2371826171875,17.28515625,0.9079029235839844,-0.168218408203125,0.0
,8669,,,,,70.9259033203125,22.0184326171875,0.8900866882324219,-0.098610791015625,0.0
,8670,,,,,70.513916015625,26.40380859375,0.9083172546386719,-0.030142584228515627,0.0
,8671,,,,,69.378662109375,31.146240234375,0.8785890014648438,0.023306121826171877,0.0
,8672,,,,,67.7581787109375,35.26611328125,0.9051061889648437,0.09923228759765625,0.0
,8673,,,,,66.02783203125,38.6444091796875,0.8819036499023438,0.17184380493164064,0.0
,8674,,,,,63.995361328125,41.473388671875,0.8835609741210938,0.24797713623046877,0.0
,8675,,,,,62.457275390625,42.4072265625,0.8536255554199219,0.32172806396484377,0.0
,8676,,,,,59.8480224609375,44.329833984375,0.8598405212402344,0.4028333679199219,0.0
,8677,,,,,57.2296142578125,46.58203125,0.8424386169433594,0.46104688110351566,0.0
,8678,,,,,54.510498046875,47.8912353515625,0.85020732421875,0.49875100708007813,0.0
,8679,,,,,49.5849609375,51.67236328125,0.8227578918457031,0.5536498718261719,0.0
,8680,,,,,44.5404052734375,55.3985595703125,0.7766635620117188,0.5517853820800781,0.0
,8681,,,,,40.0726318359375,58.8226318359375,0.7593652404785156,0.5938399841308594,0.0
,8682,,,,,33.72802734375,62.3016357421875,0.7319158081054687,0.6118633850097657,0.0
,8683,,,,,30.816650390625,66.02783203125,0.7013588928222656,0.6410737243652344,0.0
,8684,,,,,26.2481689453125,69.3695068359375,0.6223252441406251,0.6346515930175781,0.0
,8685,,,,,22.3297119140625,71.136474609375,0.5803742248535156,0.6714234741210938,0.0
,8686,,,,,17.9718017578125,72.6104736328125,0.5041373107910156,0.7094383483886719,0.0
,8687,,,,,13.275146484375,74.029541015625,0.4636364501953125,0.7884719970703126,0.0
,8688,,,,,8.5235595703125,74.74365234375,0.40210828857421876,0.8162321777343751,0.0
,8689,,,,,4.8431396484375,74.6063232421875,0.36657940063476563,0.85683662109375,0.0
,8690,,,,,0.6591796875,74.139404296875,0.27988062744140624,0.875895849609375,0.0
,8691,,,,,-3.8726806640625,73.49853515625,0.2520168640136719,0.9267549865722656,0.0
,8692,,,,,-5.4656982421875,72.8851318359375,0.18126983642578126,0.9428103149414063,0.0
,8693,,,,,-8.258056640625,71.795654296875,0.11218013305664062,0.9525470947265625,0.0
,8694,,,,,-12.103271484375,70.3582763671875,0.06132099609375,0.9609372985839844,0.0
,8695,,,,,-15.7012939453125,68.243408203125,0.02506702880859375,0.9651841918945313,0.0
,8696,,,,,-21.3958740234375,66.1468505859375,-0.0493053955078125,0.9500611083984375,0.0
,8697,,,,,-26.9073486328125,63.739013671875,-0.08359129028320313,0.9255119934082031,0.0
,8698,,,,,-32.611083984375,61.578369140625,-0.13268952026367187,0.8930905883789063,0.0
,8699,,,,,-39.0380859375,58.70361328125,-0.16842557373046876,0.8797284118652344,0.0
,8700,,,,,-44.6319580078125,56.1767578125,-0.22612117309570312,0.8603584350585938,0.0
,8701,,,,,-48.944091796875,54.0802001953125,-0.26165006103515626,0.8276262817382812,0.0
,8702,,,,,-52.8167724609375,51.67236328125,-0.32566420898437504,0.7997625183105469,0.0
,8703,,,,,-56.9732666015625,48.44970703125,-0.3676152282714844,0.7649587097167969,0.0
,8704,,,,,-60.260009765625,45.3826904296875,-0.4470632080078125,0.7330552185058594,0.0
,8705,,,,,-62.8875732421875,42.4072265625,-0.4935718688964844,0.6929686889648438,0.0
,8706,,,,,-65.240478515625,39.07470703125,-0.5520961303710937,0.6667622497558594,0.0
,8707,,,,,-67.6116943359375,34.7991943359375,-0.6347551757812501,0.5993298706054687,0.0
,8708,,,,,-69.1864013671875,30.487060546875,-0.6795029296875,0.5707410278320313,0.0
,8709,,,,,-68.8201904296875,28.82080078125,-0.7310871459960938,0.5489886474609376,0.0
,8710,,,,,-69.0765380859375,25.96435546875,-0.7953084594726563,0.48124552001953125,0.0
,8711,,,,,-69.671630859375,21.917724609375,-0.8296979370117188,0.4407446594238281,0.0
,8712,,,,,-69.7998046875,17.633056640625,-0.8611870971679688,0.40407636108398437,0.0
,8713,,,,,-70.6329345703125,12.0391845703125,-0.8956801574707032,0.37227645263671877,0.0
,8714,,,,,-71.2005615234375,6.4453125,-0.9017915405273438,0.32317822265625,0.0
,8715,,,,,-74.395751953125,-3.131103515625,-0.8997198852539062,0.29893985595703126,0.0
,8716,,,,,-72.601318359375,-6.1981201171875,-0.9094566650390625,0.24714847412109375,0.0
,8717,,,,,-72.5830078125,-11.7095947265625,-0.9117354858398438,0.20996226196289064,0.0
,8718,,,,,-72.5006103515625,-16.204833984375,-0.9304839660644532,0.10265051879882812,0.0
,8719,,,,,-72.4365234375,-21.002197265625,-0.9103889099121094,0.06629296875,0.0
,8720,,,,,-71.795654296875,-26.3031005859375,-0.9086280029296875,-0.0128442626953125,0.0
,8721,,,,,-70.6878662109375,-30.5877685546875,-0.9075921752929688,-0.048062402343750005,0.0
,8722,,,,,-69.3603515625,-34.3963623046875,-0.9202292724609376,-0.14232271728515625,0.0
,8723,,,,,-67.7032470703125,-37.79296875,-0.9249940795898438,-0.18375582275390626,0.0
,8724,,,,,-66.7236328125,-38.5162353515625,-0.9056241027832032,-0.29355355224609375,0.0
,8725,,,,,-64.05029296875,-41.7205810546875,-0.8882221984863281,-0.33788697509765625,0.0
,8726,,,,,-61.6058349609375,-44.091796875,-0.8629480041503906,-0.4178528686523438,0.0
,8727,,,,,-59.088134765625,-45.4833984375,-0.8506216552734375,-0.4388801696777344,0.0
,8728,,,,,-55.059814453125,-48.8067626953125,-0.8448210205078125,-0.5035158142089844,0.0
,8729,,,,,-50.2899169921875,-51.837158203125,-0.8173715881347656,-0.5076591247558594,0.0
,8730,,,,,-45.2545166015625,-55.40771484375,-0.839434716796875,-0.5929077392578125,0.0
,8731,,,,,-40.576171875,-58.5205078125,-0.8010055114746094,-0.6048197570800782,0.0
,8732,,,,,-32.0709228515625,-61.9171142578125,-0.7858824279785156,-0.6650013427734375,0.0
,8733,,,,,-30.230712890625,-65.3778076171875,-0.7522180297851563,-0.6825068298339844,0.0
,8734,,,,,-25.4425048828125,-68.44482421875,-0.6958690063476562,-0.7238363525390625,0.0
,8735,,,,,-21.478271484375,-70.751953125,-0.6166281921386719,-0.7402024291992187,0.0
,8736,,,,,-17.4774169921875,-72.381591796875,-0.5745735900878907,-0.7960335388183594,0.0
,8737,,,,,-13.29345703125,-73.7274169921875,-0.48673540649414065,-0.7969657836914062,0.0
,8738,,,,,-8.349609375,-74.9725341796875,-0.4415733215332031,-0.8456496826171875,0.0
,8739,,,,,-3.4698486328125,-75.531005859375,-0.36471491088867186,-0.8525897277832032,0.0
,8740,,,,,0.4486083984375,-75.4302978515625,-0.33291500244140626,-0.9047954406738281,0.0
,8741,,,,,3.9642333984375,-74.6978759765625,-0.2481843017578125,-0.9007557128906251,0.0
,8742,,,,,8.6334228515625,-73.6083984375,-0.18510239868164063,-0.9125641479492188,0.0
,8743,,,,,11.224365234375,-72.7935791015625,-0.08048380737304688,-0.9006521301269531,0.0
,8744,,,,,13.201904296875,-71.44775390625,-0.029831835937500002,-0.90987099609375,0.0
,8745,,,,,17.706298828125,-69.744873046875,0.017091156005859375,-0.9221973449707032,0.0
,8746,,,,,23.0804443359375,-66.851806640625,0.045990747070312504,-0.9304839660644532,0.0
,8747,,,,,29.1961669921875,-64.1876220703125,0.09591763916015625,-0.9277908142089843,0.0
,8748,,,,,34.5428466796875,-61.6424560546875,0.11777360229492188,-0.9217830139160157,0.0
,8749,,,,,39.825439453125,-59.0423583984375,0.18696688842773437,-0.9037596130371094,0.0
,8750,,,,,45.904541015625,-55.8197021484375,0.21887037963867187,-0.8871863708496094,0.0
,8751,,,,,50.958251953125,-53.13720703125,0.25947482299804686,-0.8710274597167968,0.0
,8752,,,,,54.803466796875,-51.141357421875,0.3043261596679688,-0.8334269165039063,0.0
,8753,,,,,58.3282470703125,-48.4405517578125,0.3600536865234375,-0.8035950805664063,0.0
,8754,,,,,61.5692138671875,-45.66650390625,0.40801250610351564,-0.7612297302246094,0.0
,8755,,,,,64.7186279296875,-42.1234130859375,0.49502202758789066,-0.7149282348632813,0.0
,8756,,,,,67.41943359375,-38.34228515625,0.5530283752441406,-0.6605472839355468,0.0
,8757,,,,,69.17724609375,-35.504150390625,0.6109311401367188,-0.6147637023925782,0.0
,8758,,,,,69.4793701171875,-34.0118408203125,0.6744273742675782,-0.5738485107421876,0.0
,8759,,,,,70.42236328125,-29.8004150390625,0.7455887329101563,-0.5069340454101563,0.0
,8760,,,,,71.136474609375,-26.0101318359375,0.7981051940917969,-0.46570810546875,0.0
,8761,,,,,70.458984375,-23.931884765625,0.8166465087890625,-0.44727037353515625,0.0
,8762,,,,,71.2921142578125,-18.841552734375,0.8654339904785157,-0.4140203063964844,0.0
,8763,,,,,71.9696044921875,-13.1744384765625,0.8736170288085938,-0.39465032958984375,0.0
,8764,,,,,72.8485107421875,-6.4544677734375,0.8988912231445313,-0.35860352783203125,0.0
,8765,,,,,74.5880126953125,2.032470703125,0.9109068237304688,-0.3096088806152344,0.0
,8766,,,,,73.7457275390625,5.2825927734375,0.9171217895507813,-0.2683829406738281,0.0
,8767,,,,,73.9654541015625,10.5560302734375,0.90655634765625,-0.19204244384765626,0.0
,8768,,,,,73.6358642578125,15.838623046875,0.9252012451171875,-0.13072144775390626,0.0
,8769,,,,,73.49853515625,21.0296630859375,0.9116319030761719,-0.06018158569335938,0.0
,8770,,,,,73.3428955078125,24.8565673828125,0.9381490905761719,0.00973677978515625,0.0
,8771,,,,,72.2625732421875,29.0130615234375,0.9126677307128906,0.08897759399414062,0.0
,8772,,,,,70.660400390625,32.6385498046875,0.9219901794433594,0.1500914245605469,0.0
,8773,,,,,68.0877685546875,37.3992919921875,0.9296553039550781,0.24082992553710938,0.0
,8774,,,,,65.4876708984375,40.83251953125,0.9342129455566407,0.29572879028320315,0.0
,8775,,,,,64.3157958984375,40.814208984375,0.9147393859863282,0.37092987670898436,0.0
,8776,,,,,61.2945556640625,42.7825927734375,0.9393920837402344,0.43939808349609377,0.0
,8777,,,,,57.5592041015625,45.9686279296875,0.9281015625,0.5036193969726562,0.0
,8778,,,,,54.473876953125,47.735595703125,0.8943335815429688,0.5330369018554688,0.0
,8779,,,,,50.408935546875,51.2237548828125,0.8783818359375001,0.5834817077636719,0.0
,8780,,,,,45.538330078125,54.6295166015625,0.8618085937500001,0.6033695983886719,0.0
,8781,,,,,39.80712890625,58.7677001953125,0.842024285888672,0.6358945861816406,0.0
,8782,,,,,34.0484619140625,62.7227783203125,0.776456396484375,0.6213929992675782,0.0
,8783,,,,,30.047607421875,65.771484375,0.7523216125488281,0.6536072387695313,0.0
,8784,,,,,25.6805419921875,68.701171875,0.6851999816894532,0.6762918640136719,0.0
,8785,,,,,20.7366943359375,71.3653564453125,0.6168353576660156,0.6921400268554688,0.0
,8786,,,,,15.5548095703125,73.6175537109375,0.5352121398925781,0.7028090515136719,0.0
,8787,,,,,11.627197265625,74.67041015625,0.5048623901367187,0.7646479614257813,0.0
,8788,,,,,7.049560546875,75.1556396484375,0.4468560424804688,0.7982087768554688,0.0
,8789,,,,,1.904296875,75.4302978515625,0.4296613037109375,0.8645017456054688,0.0
,8790,,,,,-2.8656005859375,75.5859375,0.3485559997558594,0.8913296813964844,0.0
,8791,,,,,-6.390380859375,74.945068359375,0.26537904052734373,0.9042775268554688,0.0
,8792,,,,,-8.6700439453125,74.01123046875,0.1856203125,0.91981494140625,0.0
,8793,,,,,-12.2222900390625,72.6837158203125,0.12398856811523438,0.9401171630859375,0.0
,8794,,,,,-15.4998779296875,71.2646484375,0.06681088256835938,0.9541008361816407,0.0
,8795,,,,,-18.12744140625,69.287109375,0.010461859130859376,0.9402207458496094,0.0
,8796,,,,,-23.7945556640625,66.4947509765625,-0.0484767333984375,0.9361810180664063,0.0
,8797,,,,,-29.5623779296875,64.3341064453125,-0.06411773071289063,0.9331771179199219,0.0
,8798,,,,,-34.918212890625,62.4481201171875,-0.11072997436523438,0.9145322204589844,0.0
,8799,,,,,-40.5303955078125,59.710693359375,-0.1553741455078125,0.8717525390625,0.0
,8800,,,,,-46.2158203125,56.9732666015625,-0.23016090087890625,0.8333233337402344,0.0
,8801,,,,,-51.3702392578125,54.473876953125,-0.27988062744140624,0.8075312255859375,0.0
,8802,,,,,-55.11474609375,52.4322509765625,-0.3244212158203125,0.7914758972167969,0.0
,8803,,,,,-58.92333984375,49.5758056640625,-0.39071418457031254,0.724354266357422,0.0
,8804,,,,,-61.9537353515625,47.0306396484375,-0.4530710083007813,0.6879967163085938,0.0
,8805,,,,,-65.1031494140625,43.377685546875,-0.5178102355957032,0.6681088256835938,0.0
,8806,,,,,-67.5018310546875,39.9810791015625,-0.5899038391113282,0.6186998474121094,0.0
,8807,,,,,-68.5546875,38.2965087890625,-0.6436632934570312,0.5777846557617188,0.0
,8808,,,,,-69.7265625,34.8175048828125,-0.6888253784179688,0.5463990783691406,0.0
,8809,,,,,-70.34912109375,31.6131591796875,-0.763197802734375,0.4871497375488281,0.0
,8810,,,,,-70.5047607421875,28.857421875,-0.8174751708984376,0.4468560424804688,0.0
,8811,,,,,-71.22802734375,24.737548828125,-0.8441995239257812,0.4345296936035156,0.0
,8812,,,,,-71.484375,20.233154296875,-0.8588046936035156,0.41267373046875,0.0
,8813,,,,,-72.161865234375,14.5843505859375,-0.8856326293945312,0.37289794921875,0.0
,8814,,,,,-72.6470947265625,7.80029296875,-0.9175361206054687,0.31944924316406254,0.0
,8815,,,,,-75.640869140625,-2.490234375,-0.9370096801757812,0.2922069763183594,0.0
,8816,,,,,-73.4527587890625,-3.5797119140625,-0.9528578430175781,0.21193033447265625,0.0
,8817,,,,,-73.773193359375,-8.8165283203125,-0.9357666870117188,0.18800271606445312,0.0
,8818,,,,,-73.4710693359375,-14.703369140625,-0.9199185241699219,0.11621986083984376,0.0
,8819,,,,,-72.8118896484375,-19.6563720703125,-0.9282051452636719,0.0733365966796875,0.0
,8820,,,,,-71.923828125,-23.4466552734375,-0.9273764831542969,-0.01719473876953125,0.0
,8821,,,,,-70.49560546875,-27.72216796875,-0.922300927734375,-0.054898864746093755,0.0
,8822,,,,,-68.206787109375,-32.4188232421875,-0.9473679565429688,-0.14833051757812502,0.0
,8823,,,,,-65.9820556640625,-35.888671875,-0.9385634216308594,-0.17163663940429688,0.0
,8824,,,,,-64.654541015625,-37.811279296875,-0.9381490905761719,-0.28650992431640626,0.0
,8825,,,,,-62.2100830078125,-40.8599853515625,-0.9028273681640625,-0.3340544128417969,0.0
,8826,,,,,-60.003662109375,-43.505859375,-0.8720632873535157,-0.38967835693359376,0.0
,8827,,,,,-56.982421875,-45.8221435546875,-0.8318731750488282,-0.4078053405761719,0.0
,8828,,,,,-53.4576416015625,-48.2666015625,-0.844406689453125,-0.4915002136230469,0.0
,8829,,,,,-49.91455078125,-50.482177734375,-0.8404705444335938,-0.5061053833007813,0.0
,8830,,,,,-44.677734375,-54.8126220703125,-0.836120068359375,-0.57840615234375,0.0
,8831,,,,,-39.2303466796875,-58.59375,-0.7883684143066406,-0.5741592590332032,0.0
,8832,,,,,-31.3201904296875,-61.798095703125,-0.7657873718261718,-0.6152816162109375,0.0
,8833,,,,,-28.9306640625,-65.1397705078125,-0.7368877807617188,-0.6410737243652344,0.0
,8834,,,,,-23.3001708984375,-67.9962158203125,-0.7110956726074219,-0.6870644714355469,0.0
,8835,,,,,-18.20068359375,-70.3857421875,-0.6210822509765626,-0.6955582580566406,0.0
,8836,,,,,-14.0350341796875,-71.8963623046875,-0.5938399841308594,-0.7612297302246094,0.0
,8837,,,,,-9.5947265625,-73.1414794921875,-0.5143920043945313,-0.7852609313964845,0.0
,8838,,,,,-4.72412109375,-74.1943359375,-0.4705764953613281,-0.8280406127929688,0.0
,8839,,,,,-0.0457763671875,-74.89013671875,-0.38843536376953125,-0.83529140625,0.0
,8840,,,,,3.2958984375,-75.1007080078125,-0.3384048889160156,-0.8681271423339844,0.0
,8841,,,,,5.8868408203125,-74.7344970703125,-0.23886185302734375,-0.8629480041503906,0.0
,8842,,,,,10.198974609375,-73.53515625,-0.17712652587890626,-0.8785890014648438,0.0
,8843,,,,,13.07373046875,-72.32666015625,-0.09260299072265625,-0.8741349426269531,0.0
,8844,,,,,14.3280029296875,-70.330810546875,-0.024859863281250002,-0.8901902709960938,0.0
,8845,,,,,18.45703125,-68.5821533203125,0.03697904663085937,-0.9090423339843751,0.0
,8846,,,,,23.785400390625,-66.4215087890625,0.052827209472656254,-0.9216794311523437,0.0
,8847,,,,,29.5074462890625,-64.1326904296875,0.10741532592773438,-0.9185719482421876,0.0
,8848,,,,,34.60693359375,-61.9537353515625,0.10378992919921876,-0.9121498168945312,0.0
,8849,,,,,39.9993896484375,-59.58251953125,0.17567636718750002,-0.8814893188476562,0.0
,8850,,,,,45.9686279296875,-56.5521240234375,0.20240072021484376,-0.8508288208007813,0.0
,8851,,,,,50.5645751953125,-53.8787841796875,0.2650682922363281,-0.8401597961425782,0.0
,8852,,,,,54.0069580078125,-52.18505859375,0.30308316650390627,-0.7912687316894531,0.0
,8853,,,,,57.147216796875,-50.244140625,0.360468017578125,-0.7498356262207031,0.0
,8854,,,,,60.8642578125,-46.8475341796875,0.4314222106933594,-0.7009445617675781,0.0
,8855,,,,,63.665771484375,-43.9361572265625,0.5043444763183594,-0.6610651977539063,0.0
,8856,,,,,65.5242919921875,-40.997314453125,0.5702231140136719,-0.5995370361328125,0.0
,8857,,,,,66.7327880859375,-38.1683349609375,0.6440776245117188,-0.5619364929199219,0.0
,8858,,,,,66.5771484375,-37.1337890625,0.6822996643066407,-0.5438095092773437,0.0
,8859,,,,,67.767333984375,-32.8216552734375,0.7479711364746094,-0.49585068969726565,0.0
,8860,,,,,68.7286376953125,-29.00390625,0.8084634704589844,-0.4459237976074219,0.0
,8861,,,,,68.3074951171875,-26.47705078125,0.8214113159179688,-0.4190958618164063,0.0
,8862,,,,,68.9300537109375,-21.2127685546875,0.8549721313476563,-0.3840848876953125,0.0
,8863,,,,,69.6533203125,-14.5843505859375,0.8823179809570313,-0.36077876586914065,0.0
,8864,,,,,70.71533203125,-7.7545166015625,0.9011700439453125,-0.3404765441894531,0.0
,8865,,,,,73.8739013671875,2.3895263671875,0.8829394775390625,-0.3063978149414063,0.0
,8866,,,,,71.539306640625,3.1219482421875,0.9249940795898438,-0.2382403564453125,0.0
,8867,,,,,71.4385986328125,9.2559814453125,0.9125641479492188,-0.18603464355468752,0.0
,8868,,,,,71.37451171875,14.3829345703125,0.9199185241699219,-0.14056181030273437,0.0
,8869,,,,,71.099853515625,18.365478515625,0.9213686828613281,-0.06608580322265625,0.0
,8870,,,,,70.7061767578125,22.7142333984375,0.9445712219238281,-0.00103582763671875,0.0
,8871,,,,,69.2047119140625,27.593994140625,0.9214722656250001,0.06038875122070313,0.0
,8872,,,,,67.1905517578125,31.402587890625,0.9329699523925782,0.12792471313476564,0.0
,8873,,,,,65.350341796875,34.8358154296875,0.9373204284667969,0.20623328247070313,0.0
,8874,,,,,63.1072998046875,38.3331298828125,0.9382526733398437,0.2603034851074219,0.0
,8875,,,,,61.212158203125,40.740966796875,0.9073850097656251,0.32245314331054686,0.0
,8876,,,,,58.465576171875,44.219970703125,0.8948514953613281,0.38263472900390627,0.0
,8877,,,,,56.121826171875,46.54541015625,0.8964052368164063,0.45897522583007816,0.0
,8878,,,,,53.6865234375,47.71728515625,0.8782782531738281,0.5034122314453126,0.0
,8879,,,,,49.51171875,51.1688232421875,0.8682307250976563,0.5529247924804688,0.0
,8880,,,,,44.0185546875,55.0506591796875,0.8399526306152344,0.5615221618652344,0.0
,8881,,,,,38.653564453125,59.06982421875,0.8079455566406251,0.5938399841308594,0.0
,8882,,,,,33.0780029296875,62.3931884765625,0.7871254211425781,0.6170425231933594,0.0
,8883,,,,,28.4820556640625,65.460205078125,0.7674446960449219,0.6499818420410156,0.0
,8884,,,,,22.430419921875,68.5089111328125,0.6991836547851563,0.6429382141113281,0.0
,8885,,,,,17.6422119140625,71.0357666015625,0.6573362182617187,0.6738058776855469,0.0
,8886,,,,,13.623046875,72.8668212890625,0.5738485107421876,0.6586827941894532,0.0
,8887,,,,,9.4573974609375,74.4140625,0.5103522766113281,0.7015660583496094,0.0
,8888,,,,,4.6417236328125,75.5767822265625,0.41961377563476565,0.7386486877441406,0.0
,8889,,,,,0.5126953125,76.2451171875,0.3857422119140625,0.8098100463867188,0.0
,8890,,,,,-3.1402587890625,76.4923095703125,0.30525840454101566,0.842024285888672,0.0
,8891,,,,,-6.2530517578125,75.91552734375,0.2539849365234375,0.8784854187011719,0.0
,8892,,,,,-7.9376220703125,75.018310546875,0.15547772827148437,0.8851147155761719,0.0
,8893,,,,,-11.5264892578125,73.7548828125,0.12233124389648438,0.9162931274414062,0.0
,8894,,,,,-14.703369140625,72.198486328125,0.06183890991210938,0.9293445556640625,0.0
,8895,,,,,-17.3858642578125,70.220947265625,0.019059228515625002,0.9327627868652344,0.0
,8896,,,,,-23.199462890625,67.8680419921875,-0.055209613037109376,0.9175361206054687,0.0
,8897,,,,,-29.33349609375,65.2862548828125,-0.11000489501953126,0.9053133544921875,0.0
,8898,,,,,-34.8907470703125,63.17138671875,-0.15713505249023438,0.8946443298339845,0.0
,8899,,,,,-40.2191162109375,61.3494873046875,-0.19359618530273437,0.8631551696777344,0.0
,8900,,,,,-44.7052001953125,59.7564697265625,-0.24559473266601564,0.8390203857421875,0.0
,8901,,,,,-49.9603271484375,56.9183349609375,-0.2932428039550781,0.8125031982421875,0.0
,8902,,,,,-54.1534423828125,54.3365478515625,-0.3551852966308594,0.7846394348144532,0.0
,8903,,,,,-57.330322265625,51.947021484375,-0.446648876953125,0.7210396179199219,0.0
,8904,,,,,-59.8846435546875,49.365234375,-0.5147027526855469,0.7044663757324219,0.0
,8905,,,,,-62.7593994140625,45.6298828125,-0.5602791687011719,0.6889289611816406,0.0
,8906,,,,,-64.837646484375,41.9677734375,-0.6406593933105469,0.6435597106933594,0.0
,8907,,,,,-65.6158447265625,39.3035888671875,-0.7106813415527344,0.5928041564941406,0.0
,8908,,,,,-66.68701171875,35.7147216796875,-0.7654766235351562,0.5575860168457032,0.0
,8909,,,,,-66.8243408203125,33.6090087890625,-0.7970693664550782,0.5327261535644532,0.0
,8910,,,,,-67.67578125,29.2236328125,-0.8483428344726562,0.48746048583984375,0.0
,8911,,,,,-68.701171875,24.078369140625,-0.8616014282226563,0.4552462463378906,0.0
,8912,,,,,-68.5272216796875,20.61767578125,-0.8791069152832032,0.41826719970703125,0.0
,8913,,,,,-69.451904296875,15.1611328125,-0.8964052368164063,0.4096698303222656,0.0
,8914,,,,,-70.42236328125,8.5235595703125,-0.9235439208984375,0.35663545532226565,0.0
,8915,,,,,-74.212646484375,-2.89306640625,-0.9442604736328125,0.3004935974121094,0.0
,8916,,,,,-71.6400146484375,-3.2135009765625,-0.9512005187988282,0.23264688720703125,0.0
,8917,,,,,-72.1343994140625,-8.1573486328125,-0.9535829223632812,0.2001218994140625,0.0
,8918,,,,,-71.88720703125,-14.61181640625,-0.9412565734863282,0.12481723022460937,0.0
,8919,,,,,-71.15478515625,-19.9676513671875,-0.9492324462890626,0.0923958251953125,0.0
,8920,,,,,-70.3216552734375,-24.20654296875,-0.9648734436035157,0.0070436279296875,0.0
,8921,,,,,-68.792724609375,-28.692626953125,-0.9635268676757813,-0.021959545898437502,0.0
,8922,,,,,-66.83349609375,-33.6456298828125,-0.9650806091308594,-0.09467464599609375,0.0
,8923,,,,,-64.9932861328125,-38.1500244140625,-0.938874169921875,-0.128442626953125,0.0
,8924,,,,,-62.786865234375,-41.0797119140625,-0.9366989318847656,-0.19546067504882814,0.0
,8925,,,,,-60.3057861328125,-43.780517578125,-0.8994091369628906,-0.246112646484375,0.0
,8926,,,,,-58.2733154296875,-45.2178955078125,-0.8853218811035156,-0.3569462036132813,0.0
,8927,,,,,-55.1422119140625,-47.625732421875,-0.8840788879394531,-0.42489649658203127,0.0
,8928,,,,,-52.1026611328125,-49.8779296875,-0.8669877319335938,-0.479795361328125,0.0
,8929,,,,,-48.614501953125,-51.7364501953125,-0.8111566223144532,-0.4786559509277344,0.0
,8930,,,,,-43.3319091796875,-55.8929443359375,-0.8159214294433594,-0.5524068786621094,0.0
,8931,,,,,-38.031005859375,-59.454345703125,-0.8040094116210937,-0.5555143615722656,0.0
,8932,,,,,-32.4371337890625,-63.1622314453125,-0.769827099609375,-0.5967403015136719,0.0
,8933,,,,,-28.9764404296875,-66.595458984375,-0.6965940856933593,-0.587521435546875,0.0
,8934,,,,,-23.40087890625,-69.3145751953125,-0.6817817504882813,-0.6671765808105469,0.0
,8935,,,,,-18.2464599609375,-71.8780517578125,-0.6228431579589844,-0.6831283264160156,0.0
,8936,,,,,-14.4378662109375,-73.6907958984375,-0.5617293273925782,-0.7237327697753907,0.0
,8937,,,,,-10.29052734375,-75.3936767578125,-0.4892213928222656,-0.7344017944335938,0.0
,8938,,,,,-5.8319091796875,-76.3641357421875,-0.4533817565917969,-0.7948941284179688,0.0
,8939,,,,,-1.6937255859375,-77.0233154296875,-0.342237451171875,-0.8028700012207032,0.0
,8940,,,,,1.46484375,-77.2247314453125,-0.27200833740234376,-0.8534183898925781,0.0
,8941,,,,,2.7740478515625,-77.105712890625,-0.19328543701171877,-0.8696808837890625,0.0
,8942,,,,,5.8502197265625,-76.3275146484375,-0.13445042724609377,-0.8842860534667969,0.0
,8943,,,,,10.162353515625,-74.871826171875,-0.03490739135742187,-0.8654339904785157,0.0
,8944,,,,,12.6251220703125,-73.1048583984375,-0.0040397277832031255,-0.8681271423339844,0.0
,8945,,,,,16.8365478515625,-71.5301513671875,0.039050701904296874,-0.8669877319335938,0.0
,8946,,,,,21.8536376953125,-69.76318359375,0.042261767578125,-0.8910189331054688,0.0
,8947,,,,,28.3172607421875,-67.0623779296875,0.10296126708984375,-0.8935049194335938,0.0
,8948,,,,,34.5062255859375,-64.5172119140625,0.13134294433593752,-0.8866684570312501,0.0
,8949,,,,,39.3218994140625,-62.5030517578125,0.19380335083007813,-0.8810749877929688,0.0
,8950,,,,,44.073486328125,-60.0311279296875,0.24331591186523438,-0.8476177551269531,0.0
,8951,,,,,48.7152099609375,-57.257080078125,0.3167560913085938,-0.8200647399902344,0.0
,8952,,,,,52.8717041015625,-54.107666015625,0.35301005859375,-0.7985195251464844,0.0
,8953,,,,,55.70068359375,-51.6448974609375,0.3972398986816406,-0.7941690490722656,0.0
,8954,,,,,58.4930419921875,-48.7701416015625,0.4554534118652344,-0.7758348999023438,0.0
,8955,,,,,60.882568359375,-45.391845703125,0.5266147705078125,-0.7361627014160157,0.0
,8956,,,,,63.7664794921875,-41.2353515625,0.5934256530761719,-0.6755667846679688,0.0
,8957,,,,,65.8355712890625,-37.75634765625,0.6726664672851562,-0.6240861511230469,0.0
,8958,,,,,66.1376953125,-36.2274169921875,0.7108885070800781,-0.5902145874023438,0.0
,8959,,,,,67.34619140625,-32.99560546875,0.7651658752441407,-0.5389411193847656,0.0
,8960,,,,,68.6370849609375,-28.9581298828125,0.8243116333007813,-0.4861139099121094,0.0
,8961,,,,,68.4906005859375,-25.81787109375,0.8504144897460938,-0.4479954528808594,0.0
,8962,,,,,69.32373046875,-21.148681640625,0.9011700439453125,-0.40500860595703125,0.0
,8963,,,,,70.2667236328125,-15.252685546875,0.9037596130371094,-0.37942366333007815,0.0
,8964,,,,,71.2188720703125,-8.001708984375,0.9064527648925782,-0.37393377685546875,0.0
,8965,,,,,73.4893798828125,1.959228515625,0.9243725830078126,-0.3352974060058594,0.0
,8966,,,,,71.722412109375,3.826904296875,0.9428103149414063,-0.3000792663574219,0.0
,8967,,,,,71.7864990234375,9.613037109375,0.9255119934082031,-0.26258230590820314,0.0
,8968,,,,,71.2646484375,15.8203125,0.9551366638183594,-0.19411409912109376,0.0
,8969,,,,,70.6695556640625,21.56982421875,0.9323484558105469,-0.1263709716796875,0.0
,8970,,,,,70.1202392578125,25.74462890625,0.94964677734375,-0.05645260620117188,0.0
,8971,,,,,69.2047119140625,30.194091796875,0.9377347595214844,0.03242140502929688,0.0
,8972,,,,,67.474365234375,34.991455078125,0.9628017883300781,0.10140752563476563,0.0
,8973,,,,,65.1397705078125,39.3218994140625,0.9174325378417969,0.1438764587402344,0.0
,8974,,,,,63.079833984375,42.2698974609375,0.9062455993652344,0.19680725097656251,0.0
,8975,,,,,61.99951171875,43.5791015625,0.8959909057617188,0.295832373046875,0.0
,8976,,,,,59.4451904296875,46.0235595703125,0.8903974365234375,0.3583963623046875,0.0
,8977,,,,,55.99365234375,48.9166259765625,0.8675056457519531,0.4223069274902344,0.0
,8978,,,,,53.4576416015625,50.5462646484375,0.8447174377441407,0.46570810546875,0.0
,8979,,,,,50.0152587890625,53.90625,0.8173715881347656,0.5199854736328126,0.0
,8980,,,,,45.263671875,56.7626953125,0.8072204772949219,0.5567573547363281,0.0
,8981,,,,,29.6173095703125,60.552978515625,0.7833964416503907,0.5884536804199219,0.0
,8982,,,,,34.38720703125,64.6636962890625,0.7498356262207031,0.6137278747558594,0.0
,8983,,,,,29.8919677734375,67.8680419921875,0.7111992553710937,0.6390020690917969,0.0
,8984,,,,,25.3143310546875,70.7427978515625,0.6343408447265625,0.6501890075683594,0.0
,8985,,,,,20.4986572265625,72.9949951171875,0.5815136352539063,0.6698697326660157,0.0
,8986,,,,,15.765380859375,75.018310546875,0.523714453125,0.6830247436523438,0.0
,8987,,,,,12.2955322265625,76.4556884765625,0.49212171020507817,0.7552219299316406,0.0
,8988,,,,,8.3404541015625,77.4993896484375,0.4096698303222656,0.7855716796875001,0.0
,8989,,,,,3.680419921875,78.1494140625,0.35870711059570315,0.8273155334472656,0.0
,8990,,,,,0.1190185546875,77.984619140625,0.2788447998046875,0.8496894104003907,0.0
,8991,,,,,-2.9205322265625,77.60009765625,0.2349257080078125,0.8895687744140626,0.0
,8992,,,,,-4.6417236328125,76.8035888671875,0.15796371459960937,0.9146358032226563,0.0
,8993,,,,,-8.1939697265625,75.1190185546875,0.09767854614257813,0.9321412902832031,0.0
,8994,,,,,-12.56103515625,73.406982421875,0.04982330932617188,0.9524435119628907,0.0
,8995,,,,,-15.4632568359375,71.19140625,0.017712652587890624,0.9607301330566407,0.0
,8996,,,,,-20.7733154296875,68.9208984375,-0.07457958984375,0.9435353942871094,0.0
,8997,,,,,-26.953125,66.119384765625,-0.10969414672851563,0.9290338073730469,0.0
,8998,,,,,-32.6751708984375,63.3087158203125,-0.1480197692871094,0.9281015625,0.0
,8999,,,,,-37.46337890625,60.8367919921875,-0.19059228515625,0.9081100891113282,0.0
,9000,,,,,-42.0135498046875,58.740234375,-0.26465396118164064,0.8838717224121094,0.0
,9001,,,,,-46.9940185546875,55.5816650390625,-0.30888380126953124,0.8443031066894532,0.0
,9002,,,,,-51.0772705078125,52.880859375,-0.36191817626953127,0.8167500915527344,0.0
,9003,,,,,-54.3182373046875,50.4547119140625,-0.4271753173828125,0.7588473266601563,0.0
,9004,,,,,-57.1929931640625,47.79052734375,-0.4944005310058594,0.7132709106445313,0.0
,9005,,,,,-60.6536865234375,43.98193359375,-0.5606934997558594,0.6729772155761718,0.0
,9006,,,,,-63.372802734375,40.17333984375,-0.6084451538085938,0.6567147216796875,0.0
,9007,,,,,-65.1763916015625,36.639404296875,-0.6627225219726562,0.6278151306152344,0.0
,9008,,,,,-66.39404296875,33.1695556640625,-0.7062272827148438,0.5892823425292969,0.0
,9009,,,,,-66.5771484375,31.2286376953125,-0.7650622924804688,0.5302401672363282,0.0
,9010,,,,,-67.474365234375,27.4200439453125,-0.8141605224609375,0.4815562683105469,0.0
,9011,,,,,-68.115234375,23.3367919921875,-0.8515539001464844,0.4529674255371094,0.0
,9012,,,,,-67.840576171875,19.7845458984375,-0.8819036499023438,0.41246656494140627,0.0
,9013,,,,,-68.426513671875,13.43994140625,-0.8988912231445313,0.3928894226074219,0.0
,9014,,,,,-69.049072265625,6.77490234375,-0.9312090454101563,0.34834883422851565,0.0
,9015,,,,,-72.0245361328125,-3.076171875,-0.9360774353027344,0.3261821228027344,0.0
,9016,,,,,-69.891357421875,-4.8614501953125,-0.9486109497070313,0.2641360473632813,0.0
,9017,,,,,-70.1568603515625,-11.5447998046875,-0.9619731262207032,0.22104561767578126,0.0
,9018,,,,,-70.1568603515625,-17.266845703125,-0.9361810180664063,0.15112725219726564,0.0
,9019,,,,,-69.9920654296875,-21.661376953125,-0.9287230590820312,0.11300879516601563,0.0
,9020,,,,,-69.3511962890625,-26.4129638671875,-0.9427067321777344,0.0236168701171875,0.0
,9021,,,,,-67.8680419921875,-31.1737060546875,-0.9228188415527344,-0.00890811767578125,0.0
,9022,,,,,-66.229248046875,-35.55908203125,-0.9045882751464844,-0.08856326293945313,0.0
,9023,,,,,-64.74609375,-38.5894775390625,-0.8976482299804688,-0.13372534790039062,0.0
,9024,,,,,-63.7115478515625,-40.1275634765625,-0.89329775390625,-0.2357543701171875,0.0
,9025,,,,,-61.285400390625,-43.3319091796875,-0.8476177551269531,-0.28733858642578125,0.0
,9026,,,,,-59.0972900390625,-45.15380859375,-0.8301122680664063,-0.385327880859375,0.0
,9027,,,,,-56.597900390625,-46.2249755859375,-0.8306301818847657,-0.4202352722167969,0.0
,9028,,,,,-53.173828125,-49.3743896484375,-0.8167500915527344,-0.474823388671875,0.0
,9029,,,,,-49.072265625,-52.1484375,-0.77065576171875,-0.46073613281250003,0.0
,9030,,,,,-44.183349609375,-55.7647705078125,-0.7744883239746094,-0.5345906433105468,0.0
,9031,,,,,-39.55078125,-59.0057373046875,-0.7689984375000001,-0.5649403930664063,0.0
,9032,,,,,-32.574462890625,-62.9608154296875,-0.7492141296386718,-0.6135207092285156,0.0
,9033,,,,,-29.901123046875,-67.0989990234375,-0.6879967163085938,-0.6162138610839843,0.0
,9034,,,,,-25.360107421875,-70.2117919921875,-0.6590971252441407,-0.6804351745605469,0.0
,9035,,,,,-21.405029296875,-72.36328125,-0.5641117309570313,-0.6647941772460938,0.0
,9036,,,,,-17.523193359375,-74.0570068359375,-0.5085913696289063,-0.7109920898437501,0.0
,9037,,,,,-12.6251220703125,-75.3021240234375,-0.4430234802246094,-0.7414454223632813,0.0
,9038,,,,,-8.331298828125,-76.116943359375,-0.40221187133789066,-0.7995553527832031,0.0
,9039,,,,,-4.559326171875,-76.3458251953125,-0.31758475341796877,-0.801316259765625,0.0
,9040,,,,,-0.823974609375,-75.7232666015625,-0.2763588134765625,-0.8572509521484375,0.0
,9041,,,,,1.318359375,-74.81689453125,-0.20623328247070313,-0.8659519042968751,0.0
,9042,,,,,4.8431396484375,-73.8006591796875,-0.12253840942382813,-0.880867822265625,0.0
,9043,,,,,7.562255859375,-72.4090576171875,-0.03179990844726563,-0.8934013366699219,0.0
,9044,,,,,9.70458984375,-70.367431640625,-0.0045576416015625,-0.9139107238769532,0.0
,9045,,,,,14.6759033203125,-68.6187744140625,0.058627844238281254,-0.9035524475097656,0.0
,9046,,,,,20.8831787109375,-66.485595703125,0.06308190307617188,-0.9269621520996094,0.0
,9047,,,,,27.0355224609375,-64.4989013671875,0.093638818359375,-0.9151537170410157,0.0
,9048,,,,,32.537841796875,-63.079833984375,0.11104072265625001,-0.9108032409667969,0.0
,9049,,,,,38.0035400390625,-61.2945556640625,0.16542167358398438,-0.8909153503417969,0.0
,9050,,,,,43.9178466796875,-58.26416015625,0.2117231689453125,-0.84026337890625,0.0
,9051,,,,,48.797607421875,-55.8746337890625,0.28619917602539063,-0.8127103637695313,0.0
,9052,,,,,52.5146484375,-53.375244140625,0.30940171508789066,-0.7911651489257813,0.0
,9053,,,,,55.70068359375,-50.50048828125,0.3582927795410156,-0.7662017028808594,0.0
,9054,,,,,59.2987060546875,-46.343994140625,0.4271753173828125,-0.7293262390136719,0.0
,9055,,,,,62.310791015625,-42.3431396484375,0.49222529296875,-0.6984585754394531,0.0
,9056,,,,,64.5172119140625,-39.07470703125,0.5447417541503906,-0.6682124084472656,0.0
,9057,,,,,66.2933349609375,-35.5682373046875,0.6277115478515625,-0.6192177612304688,0.0
,9058,,,,,67.4835205078125,-32.611083984375,0.677016943359375,-0.5943578979492188,0.0
,9059,,,,,68.6279296875,-28.8665771484375,0.7360591186523437,-0.5439130920410157,0.0
,9060,,,,,68.8934326171875,-26.0101318359375,0.8056667358398438,-0.47596279907226563,0.0
,9061,,,,,68.4539794921875,-23.62060546875,0.8201683227539063,-0.4475811218261719,0.0
,9062,,,,,69.2047119140625,-18.0999755859375,0.841920703125,-0.4321472900390625,0.0
,9063,,,,,69.854736328125,-11.773681640625,0.8693701354980469,-0.39268225708007815,0.0
,9064,,,,,70.5963134765625,-6.1981201171875,0.8993055541992188,-0.34907391357421874,0.0
,9065,,,,,72.7020263671875,2.38037109375,0.8920547607421875,-0.3127163635253906,0.0
,9066,,,,,71.466064453125,6.3629150390625,0.9175361206054687,-0.26175364379882815,0.0
,9067,,,,,71.66748046875,12.63427734375,0.904070361328125,-0.21317332763671876,0.0
,9068,,,,,71.7132568359375,17.2210693359375,0.9070742614746095,-0.1666646667480469,0.0
,9069,,,,,71.4752197265625,21.9268798828125,0.8799355773925781,-0.10959056396484375,0.0
,9070,,,,,70.953369140625,26.98974609375,0.881696484375,-0.05562394409179688,0.0
,9071,,,,,70.0469970703125,31.787109375,0.8790033325195312,0.04816598510742188,0.0
,9072,,,,,68.73779296875,35.064697265625,0.8735134460449219,0.11508045043945313,0.0
,9073,,,,,67.05322265625,38.48876953125,0.8670913146972656,0.21048017578125,0.0
,9074,,,,,65.0848388671875,41.455078125,0.8969231506347657,0.2827809448242188,0.0
,9075,,,,,63.519287109375,42.5445556640625,0.8672984802246094,0.35031690673828125,0.0
,9076,,,,,60.6170654296875,44.7235107421875,0.854350634765625,0.40428352661132816,0.0
,9077,,,,,57.7606201171875,46.9757080078125,0.8675056457519531,0.49170737915039064,0.0
,9078,,,,,55.1605224609375,48.15673828125,0.8739277770996094,0.5419450195312501,0.0
,9079,,,,,50.4364013671875,52.1759033203125,0.8241044677734375,0.55851826171875,0.0
,9080,,,,,45.15380859375,56.121826171875,0.7828785278320313,0.552717626953125,0.0
,9081,,,,,40.8416748046875,60.0494384765625,0.7608153991699219,0.590836083984375,0.0
,9082,,,,,34.1949462890625,63.739013671875,0.7347125427246094,0.6056484191894531,0.0
,9083,,,,,31.34765625,67.364501953125,0.6742202087402344,0.6390020690917969,0.0
,9084,,,,,26.531982421875,70.147705078125,0.6245004821777344,0.6529857421875,0.0
,9085,,,,,22.3846435546875,71.5576171875,0.5910432495117187,0.6808495056152344,0.0
,9086,,,,,18.0267333984375,72.9034423828125,0.5155314147949219,0.6980442443847656,0.0
,9087,,,,,13.1561279296875,74.029541015625,0.4807276062011719,0.7802889587402344,0.0
,9088,,,,,8.4136962890625,74.8992919921875,0.4117414855957031,0.8134354431152344,0.0
,9089,,,,,4.79736328125,75.1373291015625,0.38522429809570313,0.868437890625,0.0
,9090,,,,,0.567626953125,74.8077392578125,0.2981111938476563,0.8832502258300782,0.0
,9091,,,,,-3.863525390625,74.1668701171875,0.2423836669921875,0.915671630859375,0.0
,9092,,,,,-5.401611328125,73.5443115234375,0.143358544921875,0.9320377075195313,0.0
,9093,,,,,-8.3404541015625,72.39990234375,0.10575800170898438,0.9498539428710938,0.0
,9094,,,,,-12.2406005859375,71.1181640625,0.04371192626953125,0.9503718566894531,0.0
,9095,,,,,-15.911865234375,69.268798828125,0.004868389892578125,0.9547223327636719,0.0
,9096,,,,,-21.7071533203125,67.4468994140625,-0.05158421630859375,0.9435353942871094,0.0
,9097,,,,,-26.971435546875,65.386962890625,-0.08131246948242188,0.9353523559570313,0.0
,9098,,,,,-32.830810546875,62.9974365234375,-0.12170974731445312,0.9199185241699219,0.0
,9099,,,,,-39.3768310546875,59.9853515625,-0.15226666259765625,0.8911225158691407,0.0
,9100,,,,,-45.0164794921875,57.2113037109375,-0.21441632080078127,0.86015126953125,0.0
,9101,,,,,-49.676513671875,54.4464111328125,-0.2752194030761719,0.8143676879882813,0.0
,9102,,,,,-53.64990234375,51.7364501953125,-0.33415799560546877,0.7944797973632812,0.0
,9103,,,,,-57.3028564453125,48.74267578125,-0.37434810791015627,0.7783208862304688,0.0
,9104,,,,,-60.9649658203125,45.0347900390625,-0.41930302734375,0.7510786193847656,0.0
,9105,,,,,-64.0869140625,41.363525390625,-0.4800025268554688,0.7128565795898437,0.0
,9106,,,,,-66.1376953125,38.433837890625,-0.5612114135742188,0.6516391662597656,0.0
,9107,,,,,-68.0877685546875,34.954833984375,-0.6332014343261719,0.5961188049316406,0.0
,9108,,,,,-69.9371337890625,30.9906005859375,-0.6831283264160156,0.5553071960449218,0.0
,9109,,,,,-70.01953125,29.47998046875,-0.7273581665039063,0.5090057006835937,0.0
,9110,,,,,-70.1568603515625,26.7608642578125,-0.7828785278320313,0.4542104187011719,0.0
,9111,,,,,-70.93505859375,22.9888916015625,-0.8136426086425782,0.43297595214843754,0.0
,9112,,,,,-70.6878662109375,19.4000244140625,-0.8509324035644531,0.396929150390625,0.0
,9113,,,,,-71.4202880859375,12.615966796875,-0.8853218811035156,0.3633683349609375,0.0
,9114,,,,,-72.0245361328125,6.097412109375,-0.8976482299804688,0.3393371337890625,0.0
,9115,,,,,-74.761962890625,-3.6346435546875,-0.9043811096191406,0.32058865356445315,0.0
,9116,,,,,-73.1048583984375,-6.097412109375,-0.9487145324707031,0.23388988037109376,0.0
,9117,,,,,-73.443603515625,-12.2222900390625,-0.9458142150878907,0.18872779541015625,0.0
,9118,,,,,-73.2696533203125,-17.6422119140625,-0.9452963012695312,0.11694494018554688,0.0
,9119,,,,,-72.98583984375,-21.8170166015625,-0.940531494140625,0.07592616577148438,0.0
,9120,,,,,-72.564697265625,-25.872802734375,-0.9311054626464844,-0.001968072509765625,0.0
,9121,,,,,-71.484375,-30.303955078125,-0.9279979797363281,-0.0534487060546875,0.0
,9122,,,,,-69.98291015625,-34.918212890625,-0.9214722656250001,-0.14097614135742187,0.0
,9123,,,,,-68.463134765625,-38.067626953125,-0.9157752136230469,-0.17629786376953124,0.0
,9124,,,,,-67.547607421875,-39.312744140625,-0.9211615173339844,-0.3002864318847656,0.0
,9125,,,,,-65.057373046875,-41.656494140625,-0.8682307250976563,-0.3292896057128906,0.0
,9126,,,,,-62.127685546875,-44.5770263671875,-0.8660554870605469,-0.4156776306152344,0.0
,9127,,,,,-59.3719482421875,-46.4630126953125,-0.84689267578125,-0.44426647338867187,0.0
,9128,,,,,-55.7281494140625,-49.2919921875,-0.846167596435547,-0.5131490112304687,0.0
,9129,,,,,-51.26953125,-51.837158203125,-0.8334269165039063,-0.5236108703613281,0.0
,9130,,,,,-45.6298828125,-55.755615234375,-0.8341519958496094,-0.5856569458007813,0.0
,9131,,,,,-40.39306640625,-59.5916748046875,-0.8009019287109376,-0.5959116394042969,0.0
,9132,,,,,-32.4371337890625,-62.9241943359375,-0.7988302734375,-0.6600293701171875,0.0
,9133,,,,,-31.2652587890625,-66.0186767578125,-0.7502499572753907,-0.6813674194335938,0.0
,9134,,,,,-26.2298583984375,-69.158935546875,-0.6983549926757813,-0.7286011596679688,0.0
,9135,,,,,-21.35009765625,-71.7864990234375,-0.6318548583984375,-0.7550147644042969,0.0
,9136,,,,,-17.230224609375,-73.004150390625,-0.5743664245605469,-0.8001768493652344,0.0
,9137,,,,,-12.9730224609375,-74.1485595703125,-0.48746048583984375,-0.7903364868164062,0.0
,9138,,,,,-9.0911865234375,-75.18310546875,-0.45068860473632816,-0.8475141723632813,0.0
,9139,,,,,-3.8543701171875,-75.91552734375,-0.37403735961914064,-0.8655375732421875,0.0
,9140,,,,,0.787353515625,-75.9429931640625,-0.32638928833007813,-0.909974578857422,0.0
,9141,,,,,3.9459228515625,-75.3936767578125,-0.24745922241210938,-0.9111139892578125,0.0
,9142,,,,,7.8369140625,-74.7161865234375,-0.18468806762695314,-0.9147393859863282,0.0
,9143,,,,,11.02294921875,-73.663330078125,-0.09115283203125,-0.9207471862792969,0.0
,9144,,,,,14.09912109375,-71.8048095703125,-0.03242140502929688,-0.9218865966796875,0.0
,9145,,,,,18.255615234375,-70.2850341796875,0.0178162353515625,-0.9249940795898438,0.0
,9146,,,,,22.7325439453125,-68.206787109375,0.0426760986328125,-0.9409458251953126,0.0
,9147,,,,,29.0496826171875,-65.3778076171875,0.09208507690429688,-0.94301748046875,0.0
,9148,,,,,35.1837158203125,-62.40234375,0.09643555297851562,-0.9553438293457032,0.0
,9149,,,,,40.4754638671875,-59.43603515625,0.16759691162109375,-0.9221973449707032,0.0
,9150,,,,,45.8953857421875,-56.634521484375,0.20488670654296876,-0.8981661437988282,0.0
,9151,,,,,51.068115234375,-53.6407470703125,0.26869368896484375,-0.8635695007324219,0.0
,9152,,,,,55.499267578125,-50.7476806640625,0.30173659057617186,-0.8342555786132813,0.0
,9153,,,,,58.8226318359375,-48.614501953125,0.34731300659179687,-0.8217220642089844,0.0
,9154,,,,,62.310791015625,-45.9136962890625,0.37693767700195313,-0.7758348999023438,0.0
,9155,,,,,64.7918701171875,-43.194580078125,0.4682976745605469,-0.7220754455566406,0.0
,9156,,,,,67.7947998046875,-38.9007568359375,0.5309652465820313,-0.6792957641601562,0.0
,9157,,,,,69.9188232421875,-35.15625,0.5934256530761719,-0.6630332702636719,0.0
,9158,,,,,70.184326171875,-33.9935302734375,0.6826104125976563,-0.6001585327148438,0.0
,9159,,,,,70.9716796875,-30.963134765625,0.7604010681152344,-0.5442238403320313,0.0
,9160,,,,,71.905517578125,-26.9622802734375,0.7926153076171876,-0.497197265625,0.0
,9161,,,,,71.5667724609375,-23.8494873046875,0.8255546264648438,-0.45431400146484374,0.0
,9162,,,,,71.74072265625,-19.2535400390625,0.8637766662597657,-0.4275896484375,0.0
,9163,,,,,71.96044921875,-13.5040283203125,0.8913296813964844,-0.3806666564941406,0.0
,9164,,,,,72.5921630859375,-7.1319580078125,0.928930224609375,-0.34410194091796875,0.0
,9165,,,,,75.274658203125,3.2958984375,0.9210579345703125,-0.3000792663574219,0.0
,9166,,,,,73.663330078125,6.0791015625,0.9171217895507813,-0.28112362060546875,0.0
,9167,,,,,73.809814453125,11.279296875,0.9169146240234375,-0.2142091552734375,0.0
,9168,,,,,73.53515625,15.9027099609375,0.9244761657714844,-0.16335001831054688,0.0
,9169,,,,,72.857666015625,21.20361328125,0.9294481384277344,-0.08877042846679688,0.0
,9170,,,,,72.3358154296875,25.7720947265625,0.9585548950195313,-0.017712652587890624,0.0
,9171,,,,,71.3287353515625,29.3243408203125,0.9250976623535156,0.05645260620117188,0.0
,9172,,,,,69.47021484375,32.4462890625,0.9525470947265625,0.13268952026367187,0.0
,9173,,,,,67.108154296875,35.943603515625,0.9546187500000001,0.2337862976074219,0.0
,9174,,,,,64.2425537109375,39.5782470703125,0.9634232849121094,0.31116262207031253,0.0
,9175,,,,,62.51220703125,40.3289794921875,0.9442604736328125,0.37507318725585936,0.0
,9176,,,,,59.9395751953125,42.022705078125,0.9301732177734375,0.4396052490234375,0.0
,9177,,,,,56.9549560546875,44.622802734375,0.9317269592285157,0.5188460632324219,0.0
,9178,,,,,53.6590576171875,46.76513671875,0.9346272766113282,0.55520361328125,0.0
,9179,,,,,48.8983154296875,50.335693359375,0.8953694091796875,0.5879357666015625,0.0
,9180,,,,,44.1925048828125,52.899169921875,0.8620157592773438,0.5830673767089843,0.0
,9181,,,,,39.66064453125,56.9183349609375,0.8198575744628906,0.6083415710449219,0.0
,9182,,,,,31.732177734375,61.48681640625,0.7856752624511719,0.6167317749023438,0.0
,9183,,,,,29.351806640625,65.2679443359375,0.7374056945800781,0.6471851074218751,0.0
,9184,,,,,25.01220703125,68.243408203125,0.6798136779785157,0.6758775329589845,0.0
,9185,,,,,19.8028564453125,70.6878662109375,0.6378626586914062,0.7040520446777344,0.0
,9186,,,,,15.087890625,72.381591796875,0.5653547241210938,0.7173106384277343,0.0
,9187,,,,,11.5264892578125,73.2147216796875,0.5111809387207031,0.7563613403320313,0.0
,9188,,,,,7.305908203125,73.9471435546875,0.417645703125,0.779771044921875,0.0
,9189,,,,,2.08740234375,74.395751953125,0.3807702392578125,0.8372594787597657,0.0
,9190,,,,,-2.67333984375,74.2218017578125,0.2859920104980469,0.8476177551269531,0.0
,9191,,,,,-6.134033203125,73.5260009765625,0.24735563964843751,0.8919511779785156,0.0
,9192,,,,,-7.635498046875,72.5921630859375,0.17992326049804688,0.9138071411132813,0.0
,9193,,,,,-11.5081787109375,71.1181640625,0.11839509887695313,0.9236475036621095,0.0
,9194,,,,,-15.5914306640625,69.6807861328125,0.06183890991210938,0.9328663696289062,0.0
,9195,,,,,-17.742919921875,68.1060791015625,0.030971246337890626,0.9362846008300781,0.0
,9196,,,,,-22.74169921875,66.1376953125,-0.049098229980468755,0.9069706787109375,0.0
,9197,,,,,-28.96728515625,63.3636474609375,-0.07240435180664062,0.9016879577636719,0.0
,9198,,,,,-34.9639892578125,61.1114501953125,-0.12191691284179688,0.8908117675781251,0.0
,9199,,,,,-40.24658203125,58.9599609375,-0.18541314697265626,0.8548685485839844,0.0
,9200,,,,,-45.0439453125,56.817626953125,-0.22622475585937502,0.8370523132324219,0.0
,9201,,,,,-50.3265380859375,53.9703369140625,-0.2664148681640625,0.8115709533691406,0.0
,9202,,,,,-54.547119140625,51.1688232421875,-0.3129235290527344,0.7932368041992188,0.0
,9203,,,,,-57.8155517578125,48.6602783203125,-0.365439990234375,0.7563613403320313,0.0
,9204,,,,,-60.68115234375,46.490478515625,-0.4601146362304688,0.6923471923828125,0.0
,9205,,,,,-63.9404296875,43.02978515625,-0.5342798950195312,0.6379662414550782,0.0
,9206,,,,,-66.4031982421875,39.80712890625,-0.5928041564941406,0.6016086914062501,0.0
,9207,,,,,-67.49267578125,37.884521484375,-0.635583837890625,0.5786133178710937,0.0
,9208,,,,,-68.6920166015625,34.38720703125,-0.711924334716797,0.5308616638183594,0.0
,9209,,,,,-68.9849853515625,32.1807861328125,-0.7563613403320313,0.4932611206054688,0.0
,9210,,,,,-69.451904296875,28.289794921875,-0.7952048767089844,0.46477586059570314,0.0
,9211,,,,,-70.2392578125,23.3184814453125,-0.8464783447265626,0.4264502380371094,0.0
,9212,,,,,-70.2301025390625,19.8028564453125,-0.894126416015625,0.3799415771484375,0.0
,9213,,,,,-71.0906982421875,14.3280029296875,-0.9149465515136719,0.3386120544433594,0.0
,9214,,,,,-71.6949462890625,7.36083984375,-0.9144286376953126,0.298318359375,0.0
,9215,,,,,-74.2034912109375,-2.0050048828125,-0.9121498168945312,0.2821594482421875,0.0
,9216,,,,,-72.3175048828125,-3.3782958984375,-0.9211615173339844,0.22943582153320313,0.0
,9217,,,,,-72.4639892578125,-8.31298828125,-0.940531494140625,0.184791650390625,0.0
,9218,,,,,-72.2259521484375,-13.751220703125,-0.9341093627929687,0.11010847778320312,0.0
,9219,,,,,-71.8505859375,-18.85986328125,-0.9436389770507813,0.05779918212890625,0.0
,9220,,,,,-71.0174560546875,-22.943115234375,-0.9437425598144532,-0.012740679931640625,0.0
,9221,,,,,-69.61669921875,-27.099609375,-0.9453998840332032,-0.06411773071289063,0.0
,9222,,,,,-67.5018310546875,-31.7596435546875,-0.9524435119628907,-0.14574094848632813,0.0
,9223,,,,,-65.386962890625,-35.7147216796875,-0.9225080932617188,-0.15765296630859377,0.0
,9224,,,,,-63.90380859375,-37.5823974609375,-0.93307353515625,-0.24414457397460937,0.0
,9225,,,,,-61.4959716796875,-40.374755859375,-0.8876007019042969,-0.289203076171875,0.0
,9226,,,,,-59.307861328125,-42.8466796875,-0.8871863708496094,-0.38750311889648437,0.0
,9227,,,,,-56.1492919921875,-45.391845703125,-0.860979931640625,-0.411845068359375,0.0
,9228,,,,,-52.5970458984375,-48.065185546875,-0.8414027893066407,-0.48052044067382815,0.0
,9229,,,,,-48.980712890625,-49.7772216796875,-0.8229650573730469,-0.5014441589355468,0.0
,9230,,,,,-43.8812255859375,-54.2083740234375,-0.8048380737304688,-0.5549964477539062,0.0
,9231,,,,,-38.6810302734375,-58.3282470703125,-0.7874361694335937,-0.5568609375,0.0
,9232,,,,,-31.45751953125,-61.358642578125,-0.7565685058593751,-0.6056484191894531,0.0
,9233,,,,,-29.2510986328125,-64.8284912109375,-0.7068487792968751,-0.6141422058105469,0.0
,9234,,,,,-23.876953125,-68.15185546875,-0.6675909118652344,-0.6684195739746094,0.0
,9235,,,,,-18.64013671875,-70.5230712890625,-0.612381298828125,-0.6650013427734375,0.0
,9236,,,,,-14.739990234375,-72.2259521484375,-0.5719840209960938,-0.7161712280273438,0.0
,9237,,,,,-10.382080078125,-73.846435546875,-0.5110773559570313,-0.7625763061523437,0.0
,9238,,,,,-5.291748046875,-74.835205078125,-0.46933350219726566,-0.8165429260253907,0.0
,9239,,,,,-0.54931640625,-75.3570556640625,-0.3910249328613281,-0.8117781188964844,0.0
,9240,,,,,2.8839111328125,-75.25634765625,-0.34410194091796875,-0.8563187072753906,0.0
,9241,,,,,5.7861328125,-74.9725341796875,-0.265171875,-0.8752743530273438,0.0
,9242,,,,,10.125732421875,-74.1119384765625,-0.1919388610839844,-0.8728919494628906,0.0
,9243,,,,,12.8997802734375,-73.1964111328125,-0.08514503173828125,-0.8623265075683594,0.0
,9244,,,,,14.35546875,-71.66748046875,-0.04826956787109375,-0.8714417907714844,0.0
,9245,,,,,18.804931640625,-69.8822021484375,0.010047528076171876,-0.8892580261230469,0.0
,9246,,,,,23.748779296875,-67.6666259765625,0.05572752685546875,-0.8937120849609376,0.0
,9247,,,,,29.6173095703125,-65.1214599609375,0.10327201538085938,-0.8984768920898438,0.0
,9248,,,,,35.3118896484375,-62.9425048828125,0.11984525756835938,-0.8863577087402345,0.0
,9249,,,,,40.6768798828125,-60.516357421875,0.17671219482421877,-0.8657447387695313,0.0
,9250,,,,,45.8404541015625,-58.0169677734375,0.2089264343261719,-0.8447174377441407,0.0
,9251,,,,,50.5462646484375,-55.40771484375,0.2727334167480469,-0.8142641052246093,0.0
,9252,,,,,55.023193359375,-52.386474609375,0.29666103515625003,-0.7996589355468751,0.0
,9253,,,,,58.0078125,-50.628662109375,0.35166348266601566,-0.7780101379394532,0.0
,9254,,,,,60.9375,-48.1842041015625,0.40842683715820316,-0.7268402526855469,0.0
,9255,,,,,64.013671875,-44.3389892578125,0.5077627075195312,-0.6813674194335938,0.0
,9256,,,,,66.6229248046875,-40.7135009765625,0.5671156311035156,-0.6381734069824219,0.0
,9257,,,,,68.2159423828125,-37.75634765625,0.6371375793457031,-0.5976725463867187,0.0
,9258,,,,,68.2891845703125,-36.80419921875,0.6994944030761719,-0.5548928649902344,0.0
,9259,,,,,68.8568115234375,-33.3526611328125,0.7514929504394532,-0.5125275146484375,0.0
,9260,,,,,69.43359375,-29.40673828125,0.7959299560546875,-0.4551426635742188,0.0
,9261,,,,,68.84765625,-26.898193359375,0.8360164855957032,-0.41505613403320313,0.0
,9262,,,,,69.5892333984375,-21.38671875,0.8803499084472657,-0.3817024841308594,0.0
,9263,,,,,69.9737548828125,-15.4815673828125,0.8840788879394531,-0.37300153198242186,0.0
,9264,,,,,70.6878662109375,-8.5693359375,0.9214722656250001,-0.343894775390625,0.0
,9265,,,,,71.4752197265625,-2.142333984375,0.9211615173339844,-0.31634176025390626,0.0
,9266,,,,,72.1160888671875,3.3599853515625,0.9300696350097657,-0.265171875,0.0
,9267,,,,,72.3541259765625,8.9447021484375,0.9364917663574219,-0.2017792236328125,0.0
,9268,,,,,72.1527099609375,14.3096923828125,0.940531494140625,-0.1425298828125,0.0
,9269,,,,,71.6766357421875,19.22607421875,0.9199185241699219,-0.06411773071289063,0.0
,9270,,,,,71.1456298828125,23.052978515625,0.9204364379882812,-0.005697052001953125,0.0
,9271,,,,,70.1751708984375,27.4017333984375,0.9184683654785156,0.07903364868164063,0.0
,9272,,,,,68.3807373046875,32.391357421875,0.9447783874511719,0.13362176513671875,0.0
,9273,,,,,66.17431640625,36.932373046875,0.9062455993652344,0.2034365478515625,0.0
,9274,,,,,64.1143798828125,39.80712890625,0.9115283203125,0.2661041198730469,0.0
,9275,,,,,62.530517578125,40.6585693359375,0.9090423339843751,0.338094140625,0.0
,9276,,,,,59.2987060546875,44.20166015625,0.9162931274414062,0.4007617126464844,0.0
,9277,,,,,56.3140869140625,47.222900390625,0.9068670959472657,0.4684012573242188,0.0
,9278,,,,,53.8055419921875,47.86376953125,0.9047954406738281,0.5129418457031251,0.0
,9279,,,,,49.5391845703125,51.26953125,0.8650196594238282,0.5478492370605469,0.0
,9280,,,,,44.805908203125,54.6478271484375,0.829490771484375,0.561004248046875,0.0
,9281,,,,,20.745849609375,58.9141845703125,0.8036986633300781,0.5967403015136719,0.0
,9282,,,,,28.399658203125,62.841796875,0.7620583923339844,0.6063734985351563,0.0
,9283,,,,,28.5552978515625,66.2384033203125,0.7524251953125001,0.6402450622558594,0.0
,9284,,,,,23.5931396484375,69.4976806640625,0.6970084167480469,0.6419023864746094,0.0
,9285,,,,,18.4478759765625,72.3541259765625,0.6638619323730469,0.6898612060546875,0.0
,9286,,,,,13.4307861328125,74.359130859375,0.5841032043457032,0.6795029296875,0.0
,9287,,,,,9.6771240234375,75.4486083984375,0.5251646118164063,0.74248125,0.0
,9288,,,,,5.3741455078125,76.28173828125,0.4552462463378906,0.7881612487792969,0.0
,9289,,,,,0.494384765625,76.556396484375,0.41122357177734375,0.8395382995605469,0.0
,9290,,,,,-3.973388671875,76.885986328125,0.3228674743652344,0.859322607421875,0.0
,9291,,,,,-6.99462890625,76.6845703125,0.2557458435058594,0.8842860534667969,0.0
,9292,,,,,-7.9925537109375,75.8880615234375,0.17391546020507814,0.8937120849609376,0.0
,9293,,,,,-11.480712890625,74.725341796875,0.10845115356445313,0.9125641479492188,0.0
,9294,,,,,-15.34423828125,72.9583740234375,0.04826956787109375,0.9383562561035157,0.0
,9295,,,,,-17.8253173828125,70.7061767578125,-0.0087009521484375,0.9358702697753907,0.0
,9296,,,,,-22.8973388671875,68.646240234375,-0.08307337646484375,0.9278943969726563,0.0
,9297,,,,,-29.132080078125,66.082763671875,-0.11798076782226563,0.9059348510742188,0.0
,9298,,,,,-35.0006103515625,63.848876953125,-0.15775654907226563,0.8847003845214844,0.0
,9299,,,,,-40.0634765625,61.6973876953125,-0.18499881591796877,0.850310906982422,0.0
,9300,,,,,-44.9066162109375,59.72900390625,-0.2540885192871094,0.8179930847167969,0.0
,9301,,,,,-50.09765625,57.0098876953125,-0.28733858642578125,0.8007983459472656,0.0
,9302,,,,,-54.4464111328125,54.840087890625,-0.35031690673828125,0.7811176208496095,0.0
,9303,,,,,-57.7423095703125,52.3773193359375,-0.41837078247070314,0.7332623840332031,0.0
,9304,,,,,-60.4339599609375,49.346923828125,-0.47938103027343754,0.7103705932617188,0.0
,9305,,,,,-62.713623046875,46.2982177734375,-0.5538570373535157,0.6730807983398438,0.0
,9306,,,,,-65.203857421875,42.059326171875,-0.6385877380371094,0.6421095520019532,0.0
,9307,,,,,-66.4947509765625,39.6148681640625,-0.6972155822753906,0.5857605285644532,0.0
,9308,,,,,-67.437744140625,36.6668701171875,-0.7475568054199219,0.5432915954589844,0.0
,9309,,,,,-67.9229736328125,33.984375,-0.8014198425292969,0.5010298278808594,0.0
,9310,,,,,-68.4906005859375,29.8828125,-0.8438887756347656,0.47762012329101566,0.0
,9311,,,,,-69.2596435546875,24.774169921875,-0.8938156677246094,0.4468560424804688,0.0
,9312,,,,,-68.9208984375,21.0662841796875,-0.9059348510742188,0.41547046508789065,0.0
,9313,,,,,-69.9005126953125,15.3167724609375,-0.9331771179199219,0.3817024841308594,0.0
,9314,,,,,-70.806884765625,9.356689453125,-0.9544115844726563,0.3294967712402344,0.0
,9315,,,,,-75.457763671875,-4.06494140625,-0.9615587951660156,0.3078479736328125,0.0
,9316,,,,,-72.418212890625,-4.06494140625,-0.9585548950195313,0.24631981201171876,0.0
,9317,,,,,-72.6654052734375,-9.3841552734375,-0.9756460510253907,0.19918965454101564,0.0
,9318,,,,,-72.5555419921875,-14.703369140625,-0.9689131713867187,0.12751038208007812,0.0
,9319,,,,,-72.1160888671875,-19.793701171875,-0.9510969360351563,0.10161469116210937,0.0
,9320,,,,,-70.9991455078125,-24.4903564453125,-0.94964677734375,0.012533514404296875,0.0
,9321,,,,,-69.7357177734375,-28.5919189453125,-0.9650806091308594,-0.0476480712890625,0.0
,9322,,,,,-68.0511474609375,-33.0963134765625,-0.9856935791015625,-0.13766149291992189,0.0
,9323,,,,,-65.6890869140625,-37.8387451171875,-0.9593835571289063,-0.15413115234375,0.0
,9324,,,,,-63.1622314453125,-41.876220703125,-0.9285158935546876,-0.1985681579589844,0.0
,9325,,,,,-60.3973388671875,-44.2840576171875,-0.8975446472167969,-0.2445589050292969,0.0
,9326,,,,,-59.088134765625,-45.2362060546875,-0.9187791137695313,-0.37020479736328127,0.0
,9327,,,,,-55.95703125,-48.2025146484375,-0.8763101806640625,-0.4015903747558594,0.0
,9328,,,,,-52.2216796875,-50.9857177734375,-0.8552828796386719,-0.46083971557617187,0.0
,9329,,,,,-48.9715576171875,-52.3223876953125,-0.8422314514160156,-0.502997900390625,0.0
,9330,,,,,-44.110107421875,-55.682373046875,-0.8307337646484375,-0.5658726379394532,0.0
,9331,,,,,-38.525390625,-59.6832275390625,-0.814574853515625,-0.5752986694335938,0.0
,9332,,,,,-33.0413818359375,-63.4918212890625,-0.7852609313964845,-0.6210822509765626,0.0
,9333,,,,,-28.216552734375,-66.24755859375,-0.7192787109375001,-0.6067878295898438,0.0
,9334,,,,,-23.675537109375,-68.9849853515625,-0.6812638366699219,-0.6503961730957032,0.0
,9335,,,,,-18.4112548828125,-71.685791015625,-0.6230503234863282,-0.6810566711425782,0.0
,9336,,,,,-14.02587890625,-73.8189697265625,-0.5885572631835938,-0.7496284606933594,0.0
,9337,,,,,-10.29052734375,-74.871826171875,-0.4933647033691406,-0.7645443786621094,0.0
,9338,,,,,-6.463623046875,-75.6134033203125,-0.44954919433593754,-0.8054595703125,0.0
,9339,,,,,-1.6021728515625,-76.20849609375,-0.360468017578125,-0.8128139465332032,0.0
,9340,,,,,2.471923828125,-75.787353515625,-0.3043261596679688,-0.8547649658203125,0.0
,9341,,,,,3.057861328125,-75.7598876953125,-0.23596153564453126,-0.8878078674316406,0.0
,9342,,,,,5.74951171875,-75.18310546875,-0.13134294433593752,-0.8737206115722657,0.0
,9343,,,,,9.832763671875,-73.8189697265625,-0.037082629394531254,-0.8658483215332031,0.0
,9344,,,,,12.3870849609375,-72.2076416015625,-0.0244455322265625,-0.9145322204589844,0.0
,9345,,,,,16.66259765625,-70.404052734375,0.046301495361328125,-0.9025166198730469,0.0
,9346,,,,,21.807861328125,-68.2891845703125,0.05334512329101563,-0.9234403381347657,0.0
,9347,,,,,28.033447265625,-65.7440185546875,0.09539972534179687,-0.9258227416992187,0.0
,9348,,,,,33.94775390625,-62.98828125,0.130099951171875,-0.9114247375488281,0.0
,9349,,,,,38.6260986328125,-61.2945556640625,0.19079945068359375,-0.8964052368164063,0.0
,9350,,,,,43.2037353515625,-59.3170166015625,0.22208144531250001,-0.8683343078613281,0.0
,9351,,,,,47.186279296875,-56.8267822265625,0.30971246337890623,-0.8298015197753906,0.0
,9352,,,,,51.8096923828125,-53.466796875,0.3434804443359375,-0.8203754882812501,0.0
,9353,,,,,55.3985595703125,-50.848388671875,0.38760670166015626,-0.8031807495117188,0.0
,9354,,,,,58.0902099609375,-47.991943359375,0.46881558837890625,-0.7523216125488281,0.0
,9355,,,,,60.3240966796875,-44.8699951171875,0.5425665161132812,-0.7162748107910156,0.0
,9356,,,,,62.7227783203125,-40.997314453125,0.6060627502441407,-0.6714234741210938,0.0
,9357,,,,,64.70947265625,-37.2894287109375,0.6768097778320312,-0.63806982421875,0.0
,9358,,,,,65.0299072265625,-36.14501953125,0.71430673828125,-0.5963259704589844,0.0
,9359,,,,,66.1376953125,-33.0413818359375,0.7571900024414063,-0.55520361328125,0.0
,9360,,,,,67.0989990234375,-29.718017578125,0.8135390258789063,-0.5072447937011719,0.0
,9361,,,,,67.1722412109375,-25.7354736328125,0.8430601135253907,-0.4663296020507813,0.0
,9362,,,,,68.2891845703125,-19.8944091796875,0.8797284118652344,-0.4388801696777344,0.0
,9363,,,,,68.6370849609375,-14.5843505859375,0.8919511779785156,-0.3986900573730469,0.0
,9364,,,,,69.32373046875,-8.5693359375,0.9077993408203126,-0.3589142761230469,0.0
,9365,,,,,73.095703125,3.4332275390625,0.8880150329589844,-0.3355045715332031,0.0
,9366,,,,,70.8984375,4.7149658203125,0.9217830139160157,-0.28619917602539063,0.0
,9367,,,,,70.9442138671875,10.235595703125,0.9214722656250001,-0.2208384521484375,0.0
,9368,,,,,70.8526611328125,15.4541015625,0.922404510498047,-0.1857238952636719,0.0
,9369,,,,,70.367431640625,21.1212158203125,0.9144286376953126,-0.11549478149414062,0.0
,9370,,,,,69.580078125,26.055908203125,0.9316233764648438,-0.051791381835937504,0.0
,9371,,,,,68.426513671875,30.157470703125,0.9287230590820312,0.03179990844726563,0.0
,9372,,,,,66.6961669921875,33.782958984375,0.9386670043945313,0.09612480468750001,0.0
,9373,,,,,64.178466796875,38.4246826171875,0.9211615173339844,0.17785160522460938,0.0
,9374,,,,,61.6424560546875,42.1783447265625,0.9149465515136719,0.21980262451171875,0.0
,9375,,,,,60.845947265625,42.7642822265625,0.9044846923828125,0.3014258422851563,0.0
,9376,,,,,58.3740234375,44.93408203125,0.9041739440917969,0.39682556762695315,0.0
,9377,,,,,55.1971435546875,47.772216796875,0.8720632873535157,0.45856089477539064,0.0
,9378,,,,,52.6885986328125,49.420166015625,0.8610835144042969,0.49181096191406254,0.0
,9379,,,,,48.9898681640625,52.569580078125,0.8231722229003906,0.51211318359375,0.0
,9380,,,,,44.4580078125,55.7098388671875,0.79054365234375,0.5388375366210938,0.0
,9381,,,,,29.241943359375,59.8480224609375,0.7956192077636719,0.5893859252929687,0.0
,9382,,,,,33.8836669921875,63.7939453125,0.759883154296875,0.6004692810058594,0.0
,9383,,,,,29.8736572265625,66.998291015625,0.7155497314453125,0.6381734069824219,0.0
,9384,,,,,25.1861572265625,69.6807861328125,0.62481123046875,0.6278151306152344,0.0
,9385,,,,,19.976806640625,72.125244140625,0.5910432495117187,0.6681088256835938,0.0
,9386,,,,,15.3533935546875,74.029541015625,0.5301365844726562,0.6734951293945313,0.0
,9387,,,,,12.0574951171875,75.1739501953125,0.49201812744140627,0.7464173950195313,0.0
,9388,,,,,8.1207275390625,76.1810302734375,0.4098769958496094,0.7851573486328125,0.0
,9389,,,,,3.7078857421875,76.7486572265625,0.36202175903320316,0.8374666442871094,0.0
,9390,,,,,0.8056640625,76.995849609375,0.2727334167480469,0.8457532653808594,0.0
,9391,,,,,-2.0233154296875,76.556396484375,0.21938829345703126,0.87340986328125,0.0
,9392,,,,,-3.9642333984375,76.1810302734375,0.1330002685546875,0.8969231506347657,0.0
,9393,,,,,-7.8094482421875,74.67041015625,0.0799658935546875,0.9168110412597656,0.0
,9394,,,,,-12.4237060546875,72.857666015625,0.025688525390625,0.9440533081054687,0.0
,9395,,,,,-15.2801513671875,71.0906982421875,0.00165732421875,0.9665307678222657,0.0
,9396,,,,,-20.5169677734375,68.8201904296875,-0.05500244750976563,0.9478858703613282,0.0
,9397,,,,,-26.751708984375,65.6341552734375,-0.095296142578125,0.9368025146484376,0.0
,9398,,,,,-32.5836181640625,62.9425048828125,-0.15848162841796876,0.9089387512207031,0.0
,9399,,,,,-37.4908447265625,60.5712890625,-0.1976359130859375,0.8965088195800781,0.0
,9400,,,,,-41.876220703125,58.6669921875,-0.24839146728515626,0.8777603393554688,0.0
,9401,,,,,-46.8475341796875,55.8837890625,-0.30484407348632814,0.813021112060547,0.0
,9402,,,,,-51.2054443359375,53.28369140625,-0.3641969970703125,0.789714990234375,0.0
,9403,,,,,-54.4647216796875,50.921630859375,-0.42489649658203127,0.7593652404785156,0.0
,9404,,,,,-57.659912109375,48.2940673828125,-0.4872533203125,0.7233184387207031,0.0
,9405,,,,,-60.46142578125,45.4833984375,-0.5285828430175782,0.6755667846679688,0.0
,9406,,,,,-63.2080078125,41.363525390625,-0.5972582153320313,0.6291617065429688,0.0
,9407,,,,,-65.789794921875,36.9140625,-0.6435597106933594,0.5939435668945313,0.0
,9408,,,,,-67.144775390625,33.36181640625,-0.7070559448242187,0.5536498718261719,0.0
,9409,,,,,-67.218017578125,31.8603515625,-0.7696199340820312,0.5192603942871094,0.0
,9410,,,,,-68.3441162109375,27.7130126953125,-0.8053559875488282,0.47834520263671876,0.0
,9411,,,,,-69.25048828125,23.2269287109375,-0.8552828796386719,0.43908733520507814,0.0
,9412,,,,,-68.6279296875,20.196533203125,-0.8741349426269531,0.40718384399414065,0.0
,9413,,,,,-69.3145751953125,14.6026611328125,-0.9043811096191406,0.3736230285644531,0.0
,9414,,,,,-69.9005126953125,7.8643798828125,-0.9248904968261719,0.3312576782226563,0.0
,9415,,,,,-73.333740234375,-3.47900390625,-0.9273764831542969,0.32152089843750004,0.0
,9416,,,,,-71.099853515625,-5.2642822265625,-0.9361810180664063,0.26040706787109374,0.0
,9417,,,,,-70.953369140625,-10.6842041015625,-0.9497503601074219,0.21804171752929688,0.0
,9418,,,,,-70.4864501953125,-17.0379638671875,-0.9304839660644532,0.16335001831054688,0.0
,9419,,,,,-70.2301025390625,-22.4945068359375,-0.9157752136230469,0.13227518920898437,0.0
,9420,,,,,-69.891357421875,-26.788330078125,-0.9288266418457032,0.024756280517578125,0.0
,9421,,,,,-69.0032958984375,-30.8990478515625,-0.9006521301269531,-0.0070436279296875,0.0
,9422,,,,,-67.3095703125,-35.44921875,-0.8822143981933595,-0.08980625610351563,0.0
,9423,,,,,-65.3778076171875,-39.1937255859375,-0.8694737182617188,-0.12160616455078126,0.0
,9424,,,,,-64.3157958984375,-40.924072265625,-0.8565258728027344,-0.1919388610839844,0.0
,9425,,,,,-62.091064453125,-43.560791015625,-0.8259689575195313,-0.247769970703125,0.0
,9426,,,,,-59.747314453125,-45.8587646484375,-0.8455460998535157,-0.3593286071777344,0.0
,9427,,,,,-56.8359375,-48.0926513671875,-0.8299051025390626,-0.39786139526367187,0.0
,9428,,,,,-53.6865234375,-50.7110595703125,-0.8196504089355469,-0.46052896728515624,0.0
,9429,,,,,-50.0335693359375,-52.734375,-0.8039058288574219,-0.48248851318359376,0.0
,9430,,,,,-44.5953369140625,-56.4056396484375,-0.8016270080566407,-0.5653547241210938,0.0
,9431,,,,,-39.4866943359375,-60.552978515625,-0.7588473266601563,-0.5673227966308594,0.0
,9432,,,,,-33.4442138671875,-64.1510009765625,-0.7262187561035156,-0.6070985778808594,0.0
,9433,,,,,-30.8441162109375,-67.27294921875,-0.6616866943359375,-0.6197356750488281,0.0
,9434,,,,,-25.9368896484375,-70.2667236328125,-0.6469779418945313,-0.6837498229980469,0.0
,9435,,,,,-21.5606689453125,-72.8851318359375,-0.5744700073242188,-0.7012553100585938,0.0
,9436,,,,,-18.1732177734375,-74.560546875,-0.507969873046875,-0.7287047424316406,0.0
,9437,,,,,-13.9892578125,-75.76904296875,-0.4351511901855469,-0.7480747192382813,0.0
,9438,,,,,-9.0179443359375,-76.849365234375,-0.42044243774414064,-0.8101207946777343,0.0
,9439,,,,,-4.0924072265625,-77.1240234375,-0.3426517822265625,-0.8446138549804688,0.0
,9440,,,,,-0.5859375,-76.5838623046875,-0.2780161376953125,-0.8812821533203126,0.0
,9441,,,,,0.933837890625,-75.933837890625,-0.1918352783203125,-0.8835609741210938,0.0
,9442,,,,,5.16357421875,-74.52392578125,-0.16024253540039063,-0.9202292724609376,0.0
,9443,,,,,8.9996337890625,-73.0499267578125,-0.07406167602539063,-0.9100781616210938,0.0
,9444,,,,,10.546875,-71.5484619140625,-0.006318548583984375,-0.9201256896972656,0.0
,9445,,,,,15.2618408203125,-69.8455810546875,0.05365587158203125,-0.9219901794433594,0.0
,9446,,,,,20.32470703125,-67.913818359375,0.04070802612304688,-0.9587620605468751,0.0
,9447,,,,,26.9073486328125,-65.625,0.10679382934570313,-0.9380455078125001,0.0
,9448,,,,,33.1695556640625,-63.2720947265625,0.1371435791015625,-0.9270657348632813,0.0
,9449,,,,,38.470458984375,-61.083984375,0.17008289794921874,-0.9064527648925782,0.0
,9450,,,,,43.7896728515625,-58.6944580078125,0.20540462036132814,-0.8724776184082031,0.0
,9451,,,,,48.8067626953125,-56.231689453125,0.2771874755859375,-0.8322875061035157,0.0
,9452,,,,,53.35693359375,-53.6224365234375,0.3239033020019531,-0.8084634704589844,0.0
,9453,,,,,56.524658203125,-50.9033203125,0.37486602172851563,-0.7895078247070313,0.0
,9454,,,,,59.6466064453125,-47.5799560546875,0.4321472900390625,-0.7457958984375,0.0
,9455,,,,,62.5946044921875,-43.46923828125,0.49626502075195317,-0.7188643798828125,0.0
,9456,,,,,65.478515625,-39.385986328125,0.5657690551757812,-0.6711127258300782,0.0
,9457,,,,,67.254638671875,-36.163330078125,0.6481173522949218,-0.6250183959960938,0.0
,9458,,,,,68.00537109375,-33.892822265625,0.6865465576171875,-0.5821351318359376,0.0
,9459,,,,,69.3695068359375,-29.388427734375,0.7236291870117187,-0.5551000305175782,0.0
,9460,,,,,69.76318359375,-25.6439208984375,0.7830856933593751,-0.5102486938476563,0.0
,9461,,,,,68.865966796875,-23.565673828125,0.8216184814453126,-0.463222119140625,0.0
,9462,,,,,69.6807861328125,-18.6676025390625,0.8675056457519531,-0.4106020751953125,0.0
,9463,,,,,70.440673828125,-12.396240234375,0.8691629699707032,-0.3890568603515625,0.0
,9464,,,,,71.2371826171875,-5.712890625,0.8861505432128907,-0.36865105590820313,0.0
,9465,,,,,73.223876953125,2.34375,0.8854254638671876,-0.33053259887695313,0.0
,9466,,,,,72.36328125,5.6671142578125,0.8966124023437501,-0.2950037109375,0.0
,9467,,,,,72.4456787109375,12.3504638671875,0.8992019714355469,-0.21597006225585938,0.0
,9468,,,,,72.65625,17.8802490234375,0.8990983886718751,-0.15972462158203127,0.0
,9469,,,,,72.271728515625,22.210693359375,0.8861505432128907,-0.09312090454101563,0.0
,9470,,,,,71.759033203125,26.4312744140625,0.9001342163085938,-0.0327321533203125,0.0
,9471,,,,,70.623779296875,31.3385009765625,0.8856326293945312,0.053034375,0.0
,9472,,,,,68.994140625,35.4766845703125,0.9225080932617188,0.1413904724121094,0.0
,9473,,,,,67.3553466796875,39.0106201171875,0.8809714050292969,0.19525350952148438,0.0
,9474,,,,,65.240478515625,41.8853759765625,0.8887401123046875,0.2703510131835938,0.0
,9475,,,,,64.288330078125,42.279052734375,0.8801427429199219,0.35363155517578126,0.0
,9476,,,,,61.431884765625,45.0714111328125,0.8778639221191407,0.42334275512695313,0.0
,9477,,,,,58.3099365234375,47.75390625,0.8749636047363282,0.49626502075195317,0.0
,9478,,,,,55.7464599609375,48.834228515625,0.8606691833496094,0.5157385803222656,0.0
,9479,,,,,51.4892578125,52.642822265625,0.817164422607422,0.5486778991699219,0.0
,9480,,,,,46.307373046875,56.9000244140625,0.7767671447753907,0.5425665161132812,0.0
,9481,,,,,41.05224609375,60.97412109375,0.7384415222167969,0.5706374450683593,0.0
,9482,,,,,34.4146728515625,64.2974853515625,0.7238363525390625,0.6004692810058594,0.0
,9483,,,,,31.9427490234375,67.4285888671875,0.6959725891113282,0.6537108215332031,0.0
,9484,,,,,26.55029296875,70.1019287109375,0.6282294616699219,0.6594078735351563,0.0
,9485,,,,,21.93603515625,72.2625732421875,0.59829404296875,0.6881002990722657,0.0
,9486,,,,,18.072509765625,73.8189697265625,0.5170851562500001,0.7305692321777344,0.0
,9487,,,,,14.1448974609375,74.67041015625,0.47565205078125,0.7969657836914062,0.0
,9488,,,,,8.82568359375,75.3662109375,0.40821967163085937,0.8330125854492187,0.0
,9489,,,,,4.3304443359375,75.714111328125,0.39475391235351565,0.8921583435058594,0.0
,9490,,,,,0.4302978515625,75.29296875,0.30556915283203123,0.9058312683105469,0.0
,9491,,,,,-3.3599853515625,74.96337890625,0.2466305603027344,0.9183647827148438,0.0
,9492,,,,,-5.2001953125,74.6246337890625,0.1644894287109375,0.9221973449707032,0.0
,9493,,,,,-9.0179443359375,73.388671875,0.10637949829101563,0.9331771179199219,0.0
,9494,,,,,-12.451171875,72.3541259765625,0.054898864746093755,0.9465392944335937,0.0
,9495,,,,,-15.1153564453125,70.6512451171875,0.006111383056640625,0.943846142578125,0.0
,9496,,,,,-21.3775634765625,68.023681640625,-0.057177685546875,0.9416709045410157,0.0
,9497,,,,,-27.6031494140625,65.1947021484375,-0.07457958984375,0.9450891357421876,0.0
,9498,,,,,-33.0322265625,62.7227783203125,-0.12150258178710938,0.9276872314453125,0.0
,9499,,,,,-38.7908935546875,60.1593017578125,-0.16894348754882813,0.8909153503417969,0.0
,9500,,,,,-44.56787109375,57.09228515625,-0.21431273803710937,0.8863577087402345,0.0
,9501,,,,,-49.639892578125,53.86962890625,-0.2599927368164063,0.8533148071289063,0.0
,9502,,,,,-53.3294677734375,51.287841796875,-0.33488307495117187,0.8199611572265625,0.0
,9503,,,,,-56.9915771484375,48.3489990234375,-0.3860529602050781,0.7770778930664063,0.0
,9504,,,,,-60.46142578125,44.512939453125,-0.43991599731445313,0.7655802062988282,0.0
,9505,,,,,-63.4552001953125,40.72265625,-0.49243245849609374,0.7205217041015626,0.0
,9506,,,,,-65.2679443359375,37.82958984375,-0.5606934997558594,0.6892397094726562,0.0
,9507,,,,,-67.1722412109375,34.4879150390625,-0.6454242004394531,0.6097917297363281,0.0
,9508,,,,,-68.4539794921875,31.0546875,-0.7041556274414063,0.563490234375,0.0
,9509,,,,,-68.7835693359375,28.96728515625,-0.7332623840332031,0.5367658813476562,0.0
,9510,,,,,-69.32373046875,25.7720947265625,-0.7704485961914063,0.4877712341308594,0.0
,9511,,,,,-69.68994140625,21.881103515625,-0.8127103637695313,0.454935498046875,0.0
,9512,,,,,-69.0765380859375,18.2098388671875,-0.8532112243652344,0.41505613403320313,0.0
,9513,,,,,-69.9462890625,11.846923828125,-0.8807642395019532,0.38429205322265625,0.0
,9514,,,,,-70.770263671875,5.52978515625,-0.9118390686035156,0.32266030883789065,0.0
,9515,,,,,-73.1414794921875,-3.0487060546875,-0.9254084106445313,0.29645386962890624,0.0
,9516,,,,,-71.337890625,-5.31005859375,-0.9230260070800782,0.2487022155761719,0.0
,9517,,,,,-71.539306640625,-11.42578125,-0.915671630859375,0.22529251098632813,0.0
,9518,,,,,-71.81396484375,-17.0562744140625,-0.9201256896972656,0.16107119750976562,0.0
,9519,,,,,-71.74072265625,-21.09375,-0.9247869140625,0.10492933959960937,0.0
,9520,,,,,-71.6766357421875,-25.3326416015625,-0.9212651000976563,0.003418231201171875,0.0
,9521,,,,,-70.8160400390625,-30.047607421875,-0.8950586608886719,-0.04246893310546875,0.0
,9522,,,,,-69.3145751953125,-34.515380859375,-0.9064527648925782,-0.12740679931640625,0.0
,9523,,,,,-67.7764892578125,-37.4267578125,-0.8886365295410157,-0.14770902099609376,0.0
,9524,,,,,-66.90673828125,-38.763427734375,-0.8822143981933595,-0.2582318298339844,0.0
,9525,,,,,-64.453125,-41.4825439453125,-0.86678056640625,-0.3133378601074219,0.0
,9526,,,,,-61.1663818359375,-43.890380859375,-0.8584939453125,-0.40014021606445316,0.0
,9527,,,,,-58.30078125,-45.44677734375,-0.8603584350585938,-0.44188406982421874,0.0
,9528,,,,,-54.7119140625,-48.5137939453125,-0.8592190246582031,-0.5074519592285156,0.0
,9529,,,,,-50.3997802734375,-50.811767578125,-0.8031807495117188,-0.5010298278808594,0.0
,9530,,,,,-44.879150390625,-54.656982421875,-0.8160250122070313,-0.5882465148925782,0.0
,9531,,,,,-39.4866943359375,-58.6395263671875,-0.8065989807128906,-0.6232574890136718,0.0
,9532,,,,,-31.951904296875,-61.6790771484375,-0.7914758972167969,-0.6666586669921876,0.0
,9533,,,,,-30.7708740234375,-65.1031494140625,-0.7513893676757812,-0.6827139953613282,0.0
,9534,,,,,-25.7904052734375,-68.0145263671875,-0.7111992553710937,-0.7368877807617188,0.0
,9535,,,,,-20.8831787109375,-69.7265625,-0.6250183959960938,-0.7412382568359375,0.0
,9536,,,,,-17.120361328125,-71.5667724609375,-0.5656654724121094,-0.7904400695800782,0.0
,9537,,,,,-12.9364013671875,-73.040771484375,-0.48632107543945313,-0.7966550354003906,0.0
,9538,,,,,-8.0474853515625,-73.8189697265625,-0.44250556640625,-0.84689267578125,0.0
,9539,,,,,-3.314208984375,-74.560546875,-0.357153369140625,-0.8566294555664062,0.0
,9540,,,,,0.3387451171875,-74.4781494140625,-0.2993541870117188,-0.8845968017578125,0.0
,9541,,,,,3.33251953125,-74.0203857421875,-0.22322085571289063,-0.8879114501953125,0.0
,9542,,,,,6.99462890625,-73.297119140625,-0.15444190063476562,-0.9012736267089844,0.0
,9543,,,,,10.3179931640625,-72.564697265625,-0.09353523559570313,-0.9097674133300782,0.0
,9544,,,,,13.787841796875,-70.8892822265625,-0.041225939941406255,-0.9138071411132813,0.0
,9545,,,,,18.05419921875,-68.8934326171875,0.0103582763671875,-0.9168110412597656,0.0
,9546,,,,,22.2381591796875,-66.815185546875,0.033250067138671874,-0.9242690002441406,0.0
,9547,,,,,28.546142578125,-64.4439697265625,0.09229224243164062,-0.9201256896972656,0.0
,9548,,,,,34.5062255859375,-61.70654296875,0.09467464599609375,-0.9190898620605469,0.0
,9549,,,,,39.58740234375,-59.21630859375,0.16562883911132814,-0.8986840576171875,0.0
,9550,,,,,44.952392578125,-56.671142578125,0.198050244140625,-0.8890508605957032,0.0
,9551,,,,,50.244140625,-53.2196044921875,0.24559473266601564,-0.8696808837890625,0.0
,9552,,,,,54.8675537109375,-49.932861328125,0.2830916931152344,-0.837777392578125,0.0
,9553,,,,,58.0352783203125,-47.5616455078125,0.34617359619140625,-0.8157142639160156,0.0
,9554,,,,,61.34033203125,-44.6868896484375,0.37942366333007815,-0.7929260559082032,0.0
,9555,,,,,64.6636962890625,-41.4459228515625,0.4703693298339844,-0.7312943115234375,0.0
,9556,,,,,67.4285888671875,-37.774658203125,0.5287900085449219,-0.6692482360839844,0.0
,9557,,,,,68.865966796875,-35.0006103515625,0.6109311401367188,-0.6094809814453125,0.0
,9558,,,,,69.10400390625,-34.3048095703125,0.6721485534667969,-0.5721911865234375,0.0
,9559,,,,,69.6624755859375,-31.5673828125,0.728497576904297,-0.5250610290527344,0.0
,9560,,,,,70.6329345703125,-27.191162109375,0.7994517700195313,-0.4663296020507813,0.0
,9561,,,,,70.3399658203125,-24.1424560546875,0.8409884582519531,-0.43535835571289067,0.0
,9562,,,,,70.697021484375,-19.1162109375,0.8581831970214844,-0.42127109985351563,0.0
,9563,,,,,71.063232421875,-13.2476806640625,0.8799355773925781,-0.4028333679199219,0.0
,9564,,,,,71.8780517578125,-6.4361572265625,0.9278943969726563,-0.35974293823242187,0.0
,9565,,,,,73.883056640625,2.4444580078125,0.9085244201660156,-0.31116262207031253,0.0
,9566,,,,,73.49853515625,6.0699462890625,0.9138071411132813,-0.27117967529296877,0.0
,9567,,,,,73.7823486328125,10.931396484375,0.8970267333984375,-0.19504634399414064,0.0
,9568,,,,,73.8372802734375,15.3167724609375,0.9269621520996094,-0.13869732055664064,0.0
,9569,,,,,73.4161376953125,20.6817626953125,0.9013772094726563,-0.07613333129882813,0.0
,9570,,,,,72.9400634765625,25.1495361328125,0.9205400207519532,-0.023306121826171877,0.0
,9571,,,,,72.03369140625,28.7200927734375,0.927272900390625,0.07395809326171875,0.0
,9572,,,,,70.257568359375,32.1807861328125,0.9374240112304688,0.15402756958007813,0.0
,9573,,,,,67.6483154296875,36.7401123046875,0.8965088195800781,0.21265541381835937,0.0
,9574,,,,,65.14892578125,40.17333984375,0.9210579345703125,0.277601806640625,0.0
,9575,,,,,63.812255859375,40.2923583984375,0.9317269592285157,0.3692725524902344,0.0
,9576,,,,,60.9832763671875,42.5262451171875,0.9456070495605469,0.4500671081542969,0.0
,9577,,,,,57.3760986328125,45.7672119140625,0.9462285461425781,0.5181209838867188,0.0
,9578,,,,,54.1717529296875,47.222900390625,0.9160859619140626,0.5306544982910156,0.0
,9579,,,,,50.225830078125,50.701904296875,0.8848039672851563,0.5632830688476562,0.0
,9580,,,,,45.3643798828125,54.1259765625,0.8608763488769532,0.5803742248535156,0.0
,9581,,,,,39.697265625,58.5113525390625,0.8218256469726563,0.6176640197753906,0.0
,9582,,,,,34.0484619140625,62.6129150390625,0.77065576171875,0.62481123046875,0.0
,9583,,,,,29.8553466796875,65.4052734375,0.7437242431640625,0.6644834289550782,0.0
,9584,,,,,25.15869140625,68.316650390625,0.6812638366699219,0.6660371704101563,0.0
,9585,,,,,20.2880859375,70.8251953125,0.6510176696777344,0.7074702758789063,0.0
,9586,,,,,15.4541015625,72.8851318359375,0.5675299621582032,0.7150318176269531,0.0
,9587,,,,,11.38916015625,74.08447265625,0.5157385803222656,0.7784244689941406,0.0
,9588,,,,,6.884765625,74.8443603515625,0.44416289062500003,0.8074276428222656,0.0
,9589,,,,,1.9866943359375,75.32958984375,0.41018774414062503,0.8616014282226563,0.0
,9590,,,,,-2.8839111328125,75.274658203125,0.3340544128417969,0.8859433776855469,0.0
,9591,,,,,-6.1614990234375,74.8992919921875,0.2917926452636719,0.9144286376953126,0.0
,9592,,,,,-7.4615478515625,74.1668701171875,0.19732516479492188,0.9179504516601563,0.0
,9593,,,,,-11.737060546875,72.381591796875,0.15568489379882813,0.943121063232422,0.0
,9594,,,,,-15.8660888671875,70.5322265625,0.0923958251953125,0.9568975708007813,0.0
,9595,,,,,-18.0633544921875,68.2159423828125,0.026827935791015625,0.9544115844726563,0.0
,9596,,,,,-23.0804443359375,66.064453125,-0.03967219848632813,0.93638818359375,0.0
,9597,,,,,-29.1412353515625,63.812255859375,-0.03998294677734375,0.9351451904296876,0.0
,9598,,,,,-34.9365234375,61.81640625,-0.08069097290039062,0.9205400207519532,0.0
,9599,,,,,-40.264892578125,59.8663330078125,-0.14180480346679689,0.8804534912109375,0.0
,9600,,,,,-45.4010009765625,57.71484375,-0.201364892578125,0.8400562133789062,0.0
,9601,,,,,-50.8026123046875,54.6661376953125,-0.2652754577636719,0.802973583984375,0.0
,9602,,,,,-55.4351806640625,51.983642578125,-0.3294967712402344,0.7691020202636719,0.0
,9603,,,,,-58.795166015625,49.8321533203125,-0.37092987670898436,0.7417561706542969,0.0
,9604,,,,,-61.669921875,47.479248046875,-0.4384658386230469,0.7049842895507813,0.0
,9605,,,,,-64.5538330078125,44.219970703125,-0.5241287841796876,0.6598222045898438,0.0
,9606,,,,,-67.2454833984375,40.191650390625,-0.5766452453613281,0.6398307312011718,0.0
,9607,,,,,-68.9117431640625,37.298583984375,-0.6461492797851562,0.5855533630371094,0.0
,9608,,,,,-69.7723388671875,34.27734375,-0.7137888244628906,0.5384232055664062,0.0
,9609,,,,,-69.8272705078125,32.2540283203125,-0.7512857849121094,0.507969873046875,0.0
,9610,,,,,-70.1202392578125,28.656005859375,-0.8177859191894532,0.45244951171875003,0.0
,9611,,,,,-70.880126953125,23.9776611328125,-0.8664698181152344,0.41049849243164066,0.0
,9612,,,,,-70.6329345703125,20.17822265625,-0.8806606567382813,0.3860529602050781,0.0
,9613,,,,,-71.5576171875,14.6026611328125,-0.9046918579101563,0.3650256591796875,0.0
,9614,,,,,-72.36328125,8.038330078125,-0.9166038757324219,0.31344144287109377,0.0
,9615,,,,,-75.3753662109375,-2.6092529296875,-0.9195041931152345,0.28858157958984376,0.0
,9616,,,,,-72.83935546875,-3.424072265625,-0.953790087890625,0.21203391723632814,0.0
,9617,,,,,-72.9949951171875,-8.642578125,-0.9558617431640626,0.17432979125976564,0.0
,9618,,,,,-72.8759765625,-13.5223388671875,-0.9510969360351563,0.108554736328125,0.0
,9619,,,,,-72.125244140625,-18.841552734375,-0.9579333984375,0.055934692382812505,0.0
,9620,,,,,-71.209716796875,-23.98681640625,-0.9574154846191406,-0.022684625244140624,0.0
,9621,,,,,-70.184326171875,-27.777099609375,-0.9361810180664063,-0.0563490234375,0.0
,9622,,,,,-68.7652587890625,-31.658935546875,-0.9585548950195313,-0.14242630004882814,0.0
,9623,,,,,-66.32080078125,-36.126708984375,-0.9395992492675782,-0.16676824951171876,0.0
,9624,,,,,-64.4805908203125,-38.690185546875,-0.9444676391601563,-0.264343212890625,0.0
,9625,,,,,-62.21923828125,-40.8050537109375,-0.9212651000976563,-0.3061906494140625,0.0
,9626,,,,,-60.223388671875,-42.535400390625,-0.8836645568847656,-0.3796308288574219,0.0
,9627,,,,,-56.927490234375,-45.721435546875,-0.8639838317871094,-0.42655382080078125,0.0
,9628,,,,,-52.9998779296875,-49.25537109375,-0.858597528076172,-0.49067155151367187,0.0
,9629,,,,,-49.69482421875,-51.0772705078125,-0.829490771484375,-0.5018584899902344,0.0
,9630,,,,,-45.15380859375,-54.7119140625,-0.8240008850097656,-0.5685657897949219,0.0
,9631,,,,,-39.495849609375,-58.6944580078125,-0.7962407043457032,-0.5818243835449219,0.0
,9632,,,,,-32.6751708984375,-62.640380859375,-0.7770778930664063,-0.6205643371582031,0.0
,9633,,,,,-29.315185546875,-65.6890869140625,-0.7246650146484376,-0.6237754028320313,0.0
,9634,,,,,-24.6368408203125,-68.463134765625,-0.6968012512207031,-0.6781563537597657,0.0
,9635,,,,,-19.134521484375,-71.30126953125,-0.6472886901855469,-0.6821960815429687,0.0
,9636,,,,,-14.3646240234375,-73.4344482421875,-0.6132099609375,-0.7370949462890625,0.0
,9637,,,,,-10.2264404296875,-74.578857421875,-0.5082806213378906,-0.7520108642578125,0.0
,9638,,,,,-5.841064453125,-75.3753662109375,-0.4677797607421875,-0.7982087768554688,0.0
,9639,,,,,-0.567626953125,-75.933837890625,-0.38636370849609375,-0.8141605224609375,0.0
,9640,,,,,3.936767578125,-75.6134033203125,-0.3321899230957031,-0.8564222900390626,0.0
,9641,,,,,6.207275390625,-75.3936767578125,-0.246112646484375,-0.8736170288085938,0.0
,9642,,,,,9.832763671875,-74.7528076171875,-0.19950040283203124,-0.8963016540527344,0.0
,9643,,,,,13.18359375,-73.553466796875,-0.09798929443359375,-0.8977518127441406,0.0
,9644,,,,,15.1153564453125,-71.7681884765625,-0.052827209472656254,-0.9075921752929688,0.0
,9645,,,,,19.1619873046875,-70.01953125,0.024963446044921875,-0.8898795227050782,0.0
,9646,,,,,24.005126953125,-68.1884765625,0.06121741333007813,-0.8790033325195312,0.0
,9647,,,,,29.8370361328125,-65.88134765625,0.11311237792968751,-0.8710274597167968,0.0
,9648,,,,,35.7147216796875,-63.39111328125,0.10948698120117188,-0.8738241943359375,0.0
,9649,,,,,40.5029296875,-60.9832763671875,0.18717405395507813,-0.8476177551269531,0.0
,9650,,,,,45.7672119140625,-58.7677001953125,0.21907754516601563,-0.8364308166503907,0.0
,9651,,,,,50.9124755859375,-55.975341796875,0.2609249816894531,-0.8400562133789062,0.0
,9652,,,,,55.096435546875,-53.2745361328125,0.30173659057617186,-0.7960335388183594,0.0
,9653,,,,,58.2000732421875,-51.23291015625,0.36585432128906253,-0.7539789367675781,0.0
,9654,,,,,61.4227294921875,-48.2666015625,0.4468560424804688,-0.7009445617675781,0.0
,9655,,,,,64.3341064453125,-44.82421875,0.5143920043945313,-0.670387646484375,0.0
,9656,,,,,66.9525146484375,-41.253662109375,0.5871071044921875,-0.6153851989746094,0.0
,9657,,,,,68.426513671875,-38.1500244140625,0.6431453796386719,-0.5768524108886719,0.0
,9658,,,,,68.4356689453125,-36.8865966796875,0.6990800720214844,-0.5362479675292969,0.0
,9659,,,,,68.95751953125,-34.0484619140625,0.7637157165527344,-0.4934682861328125,0.0
,9660,,,,,70.0286865234375,-29.461669921875,0.7972765319824219,-0.4600110534667969,0.0
,9661,,,,,69.6075439453125,-25.9918212890625,0.8410920410156251,-0.41868153076171877,0.0
,9662,,,,,70.1385498046875,-21.2677001953125,0.8776567565917969,-0.38149531860351565,0.0
,9663,,,,,70.5596923828125,-15.4083251953125,0.8812821533203126,-0.3506276550292969,0.0
,9664,,,,,71.1456298828125,-8.4320068359375,0.8967159851074219,-0.3361260681152344,0.0
,9665,,,,,71.905517578125,-2.0965576171875,0.9226116760253906,-0.26672561645507814,0.0
,9666,,,,,72.0062255859375,2.9296875,0.9442604736328125,-0.2192847106933594,0.0
,9667,,,,,71.942138671875,8.1573486328125,0.9374240112304688,-0.17805877075195314,0.0
,9668,,,,,71.7864990234375,13.6688232421875,0.9688095886230469,-0.12108825073242188,0.0
,9669,,,,,71.1639404296875,19.04296875,0.9375275939941407,-0.070436279296875,0.0
,9670,,,,,70.42236328125,22.88818359375,0.9582441467285157,0.00269315185546875,0.0
,9671,,,,,69.342041015625,26.971435546875,0.9545151672363281,0.08763101806640625,0.0
,9672,,,,,67.6666259765625,32.025146484375,0.9526506774902344,0.14325496215820313,0.0
,9673,,,,,65.570068359375,36.7767333984375,0.928930224609375,0.20385087890625,0.0
,9674,,,,,63.2720947265625,39.80712890625,0.9334878662109375,0.2652754577636719,0.0
,9675,,,,,61.5142822265625,40.9149169921875,0.9104924926757813,0.32628570556640624,0.0
,9676,,,,,57.9437255859375,44.0185546875,0.9359738525390625,0.4078053405761719,0.0
,9677,,,,,54.876708984375,46.527099609375,0.9315197937011719,0.4848709167480469,0.0
,9678,,,,,52.606201171875,47.3052978515625,0.8984768920898438,0.5017549072265625,0.0
,9679,,,,,48.5595703125,50.5462646484375,0.8659519042968751,0.5292043395996094,0.0
,9680,,,,,43.98193359375,53.5400390625,0.8473070068359375,0.549402978515625,0.0
,9681,,,,,20.233154296875,57.71484375,0.815403515625,0.5810993041992187,0.0
,9682,,,,,27.850341796875,61.85302734375,0.7954120422363281,0.5899038391113282,0.0
,9683,,,,,27.923583984375,65.07568359375,0.7619548095703125,0.6269864685058594,0.0
,9684,,,,,21.8353271484375,68.0694580078125,0.6808495056152344,0.6398307312011718,0.0
,9685,,,,,17.2943115234375,70.806884765625,0.6354802551269532,0.6738058776855469,0.0
,9686,,,,,13.623046875,73.2513427734375,0.5751950866699219,0.6777420227050781,0.0
,9687,,,,,9.7503662109375,74.8809814453125,0.5068304626464843,0.7211432006835937,0.0
,9688,,,,,5.8685302734375,75.8148193359375,0.4148489685058594,0.7527359436035157,0.0
,9689,,,,,1.153564453125,76.1077880859375,0.3891604431152344,0.8147820190429688,0.0
,9690,,,,,-3.33251953125,75.9521484375,0.32007073974609374,0.8623265075683594,0.0
,9691,,,,,-6.3995361328125,75.311279296875,0.26175364379882815,0.8906046020507813,0.0
,9692,,,,,-7.4249267578125,74.6246337890625,0.15361323852539063,0.8895687744140626,0.0
,9693,,,,,-11.077880859375,73.35205078125,0.12378140258789062,0.9259263244628907,0.0
,9694,,,,,-15.34423828125,71.575927734375,0.07344017944335937,0.9381490905761719,0.0
,9695,,,,,-17.68798828125,69.4244384765625,0.0045576416015625,0.9248904968261719,0.0
,9696,,,,,-22.3663330078125,67.5201416015625,-0.0708506103515625,0.9021022888183594,0.0
,9697,,,,,-28.564453125,64.85595703125,-0.08835609741210938,0.8931941711425782,0.0
,9698,,,,,-34.5977783203125,62.4755859375,-0.14470512084960938,0.8766209289550781,0.0
,9699,,,,,-39.6881103515625,60.8001708984375,-0.18095908813476563,0.8625336730957032,0.0
,9700,,,,,-44.384765625,59.2071533203125,-0.23264688720703125,0.8341519958496094,0.0
,9701,,,,,-49.6307373046875,56.689453125,-0.2818486999511719,0.8080491394042969,0.0
,9702,,,,,-53.814697265625,54.3365478515625,-0.3500061584472656,0.7782173034667969,0.0
,9703,,,,,-56.87255859375,51.59912109375,-0.43276878662109375,0.7288083251953125,0.0
,9704,,,,,-59.600830078125,48.5321044921875,-0.5107666076660157,0.6893432922363282,0.0
,9705,,,,,-62.3016357421875,44.970703125,-0.5498173095703125,0.6536072387695313,0.0
,9706,,,,,-64.2791748046875,41.5374755859375,-0.619114178466797,0.6210822509765626,0.0
,9707,,,,,-64.85595703125,39.44091796875,-0.686960888671875,0.5725019348144531,0.0
,9708,,,,,-65.8905029296875,36.29150390625,-0.7358519531250001,0.5507495544433594,0.0
,9709,,,,,-66.4306640625,33.8287353515625,-0.7916830627441407,0.5099379455566406,0.0
,9710,,,,,-67.19970703125,29.4158935546875,-0.8251402954101563,0.478138037109375,0.0
,9711,,,,,-68.243408203125,24.2523193359375,-0.8581831970214844,0.44416289062500003,0.0
,9712,,,,,-68.1060791015625,20.5078125,-0.9061420166015626,0.3962040710449219,0.0
,9713,,,,,-68.902587890625,14.9322509765625,-0.9311054626464844,0.35155989990234376,0.0
,9714,,,,,-69.854736328125,8.5052490234375,-0.9415673217773438,0.31323427734375003,0.0
,9715,,,,,-73.626708984375,-2.7008056640625,-0.9547223327636719,0.29003173828125,0.0
,9716,,,,,-70.916748046875,-3.094482421875,-0.9483002014160157,0.24600906372070314,0.0
,9717,,,,,-71.5301513671875,-8.4320068359375,-0.9538936706542969,0.19224960937500002,0.0
,9718,,,,,-71.6033935546875,-14.337158203125,-0.9700525817871094,0.10845115356445313,0.0
,9719,,,,,-71.246337890625,-19.6746826171875,-0.98279326171875,0.08224471435546875,0.0
,9720,,,,,-70.34912109375,-23.8494873046875,-0.98279326171875,-0.0004143310546875,0.0
,9721,,,,,-68.994140625,-27.9693603515625,-0.9765782958984375,-0.030556915283203125,0.0
,9722,,,,,-66.8426513671875,-32.904052734375,-0.9672558471679688,-0.11445895385742187,0.0
,9723,,,,,-64.581298828125,-37.371826171875,-0.955550994873047,-0.1528881591796875,0.0
,9724,,,,,-62.5946044921875,-40.924072265625,-0.9590728088378907,-0.23596153564453126,0.0
,9725,,,,,-60.1043701171875,-43.9178466796875,-0.9172253723144531,-0.277601806640625,0.0
,9726,,,,,-58.7860107421875,-44.82421875,-0.9038631958007812,-0.37890574951171874,0.0
,9727,,,,,-55.5633544921875,-47.7630615234375,-0.8674020629882813,-0.41640270996093753,0.0
,9728,,,,,-51.837158203125,-50.6927490234375,-0.8598405212402344,-0.48052044067382815,0.0
,9729,,,,,-48.6236572265625,-51.89208984375,-0.8434744445800781,-0.49802592773437504,0.0
,9730,,,,,-43.9544677734375,-54.949951171875,-0.844406689453125,-0.5783025695800782,0.0
,9731,,,,,-38.250732421875,-58.7677001953125,-0.8005911804199219,-0.5734341796875,0.0
,9732,,,,,-32.647705078125,-62.65869140625,-0.7702414306640625,-0.6122777160644531,0.0
,9733,,,,,-28.179931640625,-65.7073974609375,-0.7297405700683594,-0.6286437927246094,0.0
,9734,,,,,-22.7325439453125,-69.158935546875,-0.701876806640625,-0.6826104125976563,0.0
,9735,,,,,-18.017578125,-72.03369140625,-0.62149658203125,-0.6902755371093751,0.0
,9736,,,,,-14.39208984375,-74.01123046875,-0.5710517761230469,-0.728393994140625,0.0
,9737,,,,,-10.4644775390625,-75.860595703125,-0.4686084228515625,-0.7403060119628907,0.0
,9738,,,,,-6.04248046875,-76.7303466796875,-0.4119486511230469,-0.7861931762695312,0.0
,9739,,,,,-1.6021728515625,-77.215576171875,-0.3272179504394531,-0.79717294921875,0.0
,9740,,,,,1.5289306640625,-77.0233154296875,-0.2932428039550781,-0.8363272338867188,0.0
,9741,,,,,2.581787109375,-76.42822265625,-0.21679872436523437,-0.8480320861816406,0.0
,9742,,,,,5.4290771484375,-75.494384765625,-0.12937487182617188,-0.8730991149902344,0.0
,9743,,,,,9.6588134765625,-74.30419921875,-0.04371192626953125,-0.88003916015625,0.0
,9744,,,,,12.2589111328125,-72.8118896484375,-0.012119183349609375,-0.8889472778320313,0.0
,9745,,,,,16.69921875,-71.1181640625,0.06722521362304688,-0.867609228515625,0.0
,9746,,,,,21.8353271484375,-69.140625,0.07302584838867188,-0.8953694091796875,0.0
,9747,,,,,28.2073974609375,-66.7327880859375,0.1189130126953125,-0.9042775268554688,0.0
,9748,,,,,34.3780517578125,-64.251708984375,0.1437728759765625,-0.9171217895507813,0.0
,9749,,,,,39.202880859375,-62.3016357421875,0.19452843017578125,-0.8917440124511719,0.0
,9750,,,,,44.036865234375,-59.783935546875,0.2108945068359375,-0.8675056457519531,0.0
,9751,,,,,48.8067626953125,-56.7901611328125,0.2806057067871094,-0.8345663269042969,0.0
,9752,,,,,52.825927734375,-53.9886474609375,0.34006221313476565,-0.8028700012207032,0.0
,9753,,,,,55.517578125,-51.470947265625,0.4015903747558594,-0.769827099609375,0.0
,9754,,,,,58.154296875,-48.7060546875,0.4633257019042969,-0.7312943115234375,0.0
,9755,,,,,60.552978515625,-45.8953857421875,0.5366622985839844,-0.7014624755859376,0.0
,9756,,,,,63.665771484375,-41.4093017578125,0.6026445190429688,-0.6667622497558594,0.0
,9757,,,,,65.5975341796875,-37.6190185546875,0.6581648803710938,-0.6338229309082032,0.0
,9758,,,,,65.863037109375,-36.456298828125,0.7012553100585938,-0.6052340881347656,0.0
,9759,,,,,67.0257568359375,-32.8857421875,0.7649587097167969,-0.5537534545898438,0.0
,9760,,,,,68.243408203125,-28.8665771484375,0.8003840148925782,-0.5305509155273438,0.0
,9761,,,,,68.15185546875,-25.909423828125,0.8598405212402344,-0.47513413696289064,0.0
,9762,,,,,69.049072265625,-20.5169677734375,0.8953694091796875,-0.42945413818359374,0.0
,9763,,,,,69.7998046875,-14.5477294921875,0.8972338989257813,-0.40811608886718753,0.0
,9764,,,,,70.5322265625,-8.935546875,0.9274800659179688,-0.3799415771484375,0.0
,9765,,,,,74.3133544921875,3.570556640625,0.9094566650390625,-0.34296253051757813,0.0
,9766,,,,,71.5301513671875,4.632568359375,0.9246833312988282,-0.29552162475585936,0.0
,9767,,,,,71.5667724609375,10.1348876953125,0.9300696350097657,-0.2358579528808594,0.0
,9768,,,,,71.2371826171875,15.2801513671875,0.9457106323242188,-0.18137341918945313,0.0
,9769,,,,,70.5780029296875,21.3409423828125,0.9268585693359376,-0.12398856811523438,0.0
,9770,,,,,69.6441650390625,26.1749267578125,0.9539972534179688,-0.05976725463867188,0.0
,9771,,,,,68.609619140625,30.3314208984375,0.9233367553710938,0.00062149658203125,0.0
,9772,,,,,67.0806884765625,34.295654296875,0.9369060974121094,0.07395809326171875,0.0
,9773,,,,,65.0390625,39.0106201171875,0.9217830139160157,0.17401904296875,0.0
,9774,,,,,62.933349609375,42.8192138671875,0.9121498168945312,0.2390690185546875,0.0
,9775,,,,,61.8438720703125,43.634033203125,0.89992705078125,0.30991962890625,0.0
,9776,,,,,59.2987060546875,46.17919921875,0.8850111328125,0.3630575866699219,0.0
,9777,,,,,56.085205078125,49.1455078125,0.8812821533203126,0.4413661560058594,0.0
,9778,,,,,53.302001953125,50.28076171875,0.8614978454589844,0.47409830932617186,0.0
,9779,,,,,49.5574951171875,53.0731201171875,0.8325982543945313,0.5271326843261719,0.0
,9780,,,,,45.062255859375,56.414794921875,0.8161285949707031,0.5395626159667969,0.0
,9781,,,,,29.6630859375,60.4339599609375,0.7826713623046875,0.5830673767089843,0.0
,9782,,,,,33.837890625,64.19677734375,0.7506642883300781,0.6054412536621094,0.0
,9783,,,,,29.4708251953125,67.2271728515625,0.7064344482421875,0.6428346313476563,0.0
,9784,,,,,25.030517578125,69.6807861328125,0.6287473754882813,0.6541251525878906,0.0
,9785,,,,,20.086669921875,72.418212890625,0.5993298706054687,0.6818853332519531,0.0
,9786,,,,,15.6097412109375,74.945068359375,0.5382160400390625,0.6867537231445313,0.0
,9787,,,,,12.139892578125,76.1077880859375,0.47503055419921875,0.7426884155273438,0.0
,9788,,,,,8.1939697265625,77.1881103515625,0.4003473815917969,0.7891970764160157,0.0
,9789,,,,,3.717041015625,77.947998046875,0.35943218994140624,0.8366379821777344,0.0
,9790,,,,,0.6317138671875,77.911376953125,0.27397640991210936,0.86015126953125,0.0
,9791,,,,,-2.2430419921875,77.3529052734375,0.2213563659667969,0.8967159851074219,0.0
,9792,,,,,-4.119873046875,76.4923095703125,0.1487448486328125,0.9188826965332032,0.0
,9793,,,,,-7.9376220703125,74.74365234375,0.11207655029296876,0.9457106323242188,0.0
,9794,,,,,-12.4237060546875,73.1689453125,0.046405078125,0.9661164367675782,0.0
,9795,,,,,-15.380859375,70.7794189453125,-0.00642213134765625,0.9644591125488281,0.0
,9796,,,,,-20.782470703125,68.902587890625,-0.07395809326171875,0.9423959838867187,0.0
,9797,,,,,-27.0172119140625,66.4306640625,-0.11238729858398439,0.9180540344238282,0.0
,9798,,,,,-32.77587890625,64.141845703125,-0.1744333740234375,0.8987876403808595,0.0
,9799,,,,,-37.9119873046875,62.127685546875,-0.2006398132324219,0.8751707702636718,0.0
,9800,,,,,-42.9656982421875,59.4085693359375,-0.2681757751464844,0.8396418823242188,0.0
,9801,,,,,-47.8271484375,56.6802978515625,-0.3311540954589844,0.7928224731445312,0.0
,9802,,,,,-51.8463134765625,54.144287109375,-0.38729595336914063,0.7728309997558594,0.0
,9803,,,,,-55.1239013671875,51.4068603515625,-0.43504760742187504,0.738337939453125,0.0
,9804,,,,,-58.0078125,48.6053466796875,-0.5171887390136719,0.6866501403808594,0.0
,9805,,,,,-61.376953125,44.7418212890625,-0.5592433410644532,0.6578541320800781,0.0
,9806,,,,,-64.0869140625,41.05224609375,-0.6161102783203125,0.6293688720703126,0.0
,9807,,,,,-65.8538818359375,37.60986328125,-0.66458701171875,0.6004692810058594,0.0
,9808,,,,,-67.3370361328125,33.7646484375,-0.700219482421875,0.577577490234375,0.0
,9809,,,,,-67.4560546875,32.4462890625,-0.7428955810546876,0.5298258361816407,0.0
,9810,,,,,-68.536376953125,27.978515625,-0.7997625183105469,0.4809347717285156,0.0
,9811,,,,,-69.6075439453125,22.9705810546875,-0.8313552612304688,0.4531745910644531,0.0
,9812,,,,,-69.140625,20.0958251953125,-0.8635695007324219,0.41743853759765626,0.0
,9813,,,,,-69.8822021484375,14.483642578125,-0.895783740234375,0.3742445251464844,0.0
,9814,,,,,-70.8526611328125,7.50732421875,-0.9112175720214845,0.3311540954589844,0.0
,9815,,,,,-73.956298828125,-2.9937744140625,-0.9119426513671876,0.31717042236328125,0.0
,9816,,,,,-71.81396484375,-4.8614501953125,-0.9094566650390625,0.2669327819824219,0.0
,9817,,,,,-71.8414306640625,-10.528564453125,-0.9261334899902344,0.22508534545898437,0.0
,9818,,,,,-71.4019775390625,-16.7633056640625,-0.9381490905761719,0.14304779663085937,0.0
,9819,,,,,-70.9716796875,-22.1832275390625,-0.9336950317382813,0.10865831909179688,0.0
,9820,,,,,-70.3125,-26.513671875,-0.9235439208984375,0.04371192626953125,0.0
,9821,,,,,-69.2047119140625,-30.76171875,-0.9023094543457032,0.004454058837890625,0.0
,9822,,,,,-67.584228515625,-36.126708984375,-0.9269621520996094,-0.10793323974609376,0.0
,9823,,,,,-65.88134765625,-40.283203125,-0.9091459167480469,-0.13900806884765626,0.0
,9824,,,,,-64.8101806640625,-41.85791015625,-0.9032416992187501,-0.23067881469726564,0.0
,9825,,,,,-62.4847412109375,-44.3389892578125,-0.8788997497558594,-0.3004935974121094,0.0
,9826,,,,,-60.1226806640625,-46.5545654296875,-0.842024285888672,-0.3745552734375,0.0
,9827,,,,,-57.6324462890625,-48.4405517578125,-0.8198575744628906,-0.3951682434082031,0.0
,9828,,,,,-54.4281005859375,-50.921630859375,-0.8182002502441407,-0.47513413696289064,0.0
,9829,,,,,-50.4547119140625,-52.77099609375,-0.7861931762695312,-0.4765842956542969,0.0
,9830,,,,,-44.970703125,-56.5155029296875,-0.7903364868164062,-0.5570681030273438,0.0
,9831,,,,,-39.5416259765625,-60.406494140625,-0.7686876892089844,-0.5741592590332032,0.0
,9832,,,,,-32.904052734375,-63.6016845703125,-0.759883154296875,-0.6224288269042969,0.0
,9833,,,,,-30.72509765625,-66.961669921875,-0.6747381225585938,-0.6126920471191406,0.0
,9834,,,,,-25.689697265625,-70.0927734375,-0.6503961730957032,-0.6666586669921876,0.0
,9835,,,,,-20.6634521484375,-72.36328125,-0.5902145874023438,-0.6871680541992188,0.0
,9836,,,,,-17.1661376953125,-73.64501953125,-0.5322082397460938,-0.736784197998047,0.0
,9837,,,,,-13.1011962890625,-74.81689453125,-0.4468560424804688,-0.7520108642578125,0.0
,9838,,,,,-8.31298828125,-75.76904296875,-0.4128808959960938,-0.8143676879882813,0.0
,9839,,,,,-3.753662109375,-76.2542724609375,-0.3082623046875,-0.8346699096679687,0.0
,9840,,,,,-0.4302978515625,-75.87890625,-0.2509810363769531,-0.8656411560058594,0.0
,9841,,,,,0.7049560546875,-75.18310546875,-0.1790945983886719,-0.8914332641601562,0.0
,9842,,,,,4.595947265625,-74.1943359375,-0.1230563232421875,-0.9173289550781251,0.0
,9843,,,,,8.4503173828125,-72.894287109375,-0.01885206298828125,-0.9090423339843751,0.0
,9844,,,,,10.2630615234375,-70.78857421875,0.006007800292968751,-0.9170182067871094,0.0
,9845,,,,,14.8773193359375,-68.4814453125,0.053137957763671875,-0.9216794311523437,0.0
,9846,,,,,20.6817626953125,-66.1102294921875,0.05158421630859375,-0.9477822875976563,0.0
,9847,,,,,26.7059326171875,-63.995361328125,0.1023397705078125,-0.9436389770507813,0.0
,9848,,,,,32.1990966796875,-61.9354248046875,0.09477822875976563,-0.9315197937011719,0.0
,9849,,,,,37.6373291015625,-59.820556640625,0.15485623168945312,-0.9004449645996094,0.0
,9850,,,,,43.304443359375,-57.1014404296875,0.20923718261718752,-0.8666769836425782,0.0
,9851,,,,,48.2940673828125,-54.730224609375,0.26869368896484375,-0.8365343994140625,0.0
,9852,,,,,52.1942138671875,-52.3406982421875,0.30525840454101566,-0.8246223815917969,0.0
,9853,,,,,55.5633544921875,-49.51171875,0.36274683837890626,-0.79385830078125,0.0
,9854,,,,,59.28955078125,-45.8404541015625,0.40376561279296874,-0.7468317260742188,0.0
,9855,,,,,62.017822265625,-42.608642578125,0.48466375122070315,-0.6979406616210938,0.0
,9856,,,,,64.3524169921875,-39.276123046875,0.5595540893554688,-0.6661407531738281,0.0
,9857,,,,,66.39404296875,-35.540771484375,0.61486728515625,-0.6346515930175781,0.0
,9858,,,,,66.9891357421875,-32.958984375,0.657129052734375,-0.5922862426757812,0.0
,9859,,,,,67.9229736328125,-29.00390625,0.7222826110839844,-0.5454668334960938,0.0
,9860,,,,,68.3074951171875,-26.165771484375,0.7814283691406251,-0.483938671875,0.0
,9861,,,,,67.7398681640625,-23.8311767578125,0.8219292297363282,-0.44840978393554687,0.0
,9862,,,,,68.26171875,-18.6492919921875,0.8655375732421875,-0.42665740356445314,0.0
,9863,,,,,68.9483642578125,-12.103271484375,0.8711310424804688,-0.4090483337402344,0.0
,9864,,,,,69.7357177734375,-5.987548828125,0.8895687744140626,-0.3767305114746094,0.0
,9865,,,,,72.2991943359375,2.8472900390625,0.8681271423339844,-0.34296253051757813,0.0
,9866,,,,,71.246337890625,5.4290771484375,0.8764137634277344,-0.29676461791992187,0.0
,9867,,,,,71.429443359375,12.0391845703125,0.8719597045898437,-0.2362722839355469,0.0
,9868,,,,,71.759033203125,17.9443359375,0.8867720397949219,-0.17764443969726562,0.0
,9869,,,,,71.77734375,22.44873046875,0.8795212463378906,-0.1073117431640625,0.0
,9870,,,,,71.0723876953125,26.4312744140625,0.8802463256835937,-0.04547283325195313,0.0
,9871,,,,,69.7540283203125,31.072998046875,0.859322607421875,0.038843536376953126,0.0
,9872,,,,,68.1427001953125,35.2203369140625,0.9000306335449219,0.11860226440429687,0.0
,9873,,,,,66.2567138671875,38.5894775390625,0.8770352600097656,0.18603464355468752,0.0
,9874,,,,,64.068603515625,40.9332275390625,0.8810749877929688,0.24725205688476562,0.0
,9875,,,,,62.87841796875,41.949462890625,0.8754815185546875,0.34296253051757813,0.0
,9876,,,,,60.4888916015625,44.7052001953125,0.8730991149902344,0.42075318603515627,0.0
,9877,,,,,57.82470703125,47.20458984375,0.8549721313476563,0.47503055419921875,0.0
,9878,,,,,55.11474609375,48.468017578125,0.8487571655273438,0.5081770385742188,0.0
,9879,,,,,50.13427734375,52.4139404296875,0.817889501953125,0.5486778991699219,0.0
,9880,,,,,45.025634765625,56.0394287109375,0.8048380737304688,0.5528212097167969,0.0
,9881,,,,,40.576171875,59.2071533203125,0.7951012939453125,0.612381298828125,0.0
,9882,,,,,33.9019775390625,62.9974365234375,0.7268402526855469,0.6120705505371093,0.0
,9883,,,,,31.2286376953125,66.5313720703125,0.6655192565917969,0.6305082824707031,0.0
,9884,,,,,26.165771484375,69.0582275390625,0.6154887817382813,0.6444919555664063,0.0
,9885,,,,,22.1923828125,70.7794189453125,0.5731234313964844,0.6701804809570313,0.0
,9886,,,,,18.05419921875,72.39990234375,0.5057946350097656,0.7065380310058594,0.0
,9887,,,,,13.1103515625,73.773193359375,0.48880706176757815,0.7916830627441407,0.0
,9888,,,,,8.3221435546875,74.4598388671875,0.41267373046875,0.8059774841308593,0.0
,9889,,,,,4.669189453125,74.2584228515625,0.3561175415039063,0.8490679138183594,0.0
,9890,,,,,0.54931640625,74.2584228515625,0.26890085449218754,0.8588046936035156,0.0
,9891,,,,,-3.8177490234375,73.8372802734375,0.23306121826171874,0.9087315856933594,0.0
,9892,,,,,-5.2001953125,73.3062744140625,0.17174022216796875,0.9349380249023438,0.0
,9893,,,,,-8.3038330078125,72.2991943359375,0.10772607421875001,0.9385634216308594,0.0
,9894,,,,,-12.3870849609375,70.7794189453125,0.039465032958984375,0.9370096801757812,0.0
,9895,,,,,-15.966796875,68.8385009765625,0.006732879638671876,0.9379419250488281,0.0
,9896,,,,,-21.6705322265625,66.8792724609375,-0.056556188964843754,0.9275836486816407,0.0
,9897,,,,,-27.0172119140625,64.5538330078125,-0.09394956665039063,0.9273764831542969,0.0
,9898,,,,,-32.6019287109375,62.3565673828125,-0.15589205932617187,0.8959909057617188,0.0
,9899,,,,,-38.96484375,59.72900390625,-0.1815805847167969,0.8722704528808594,0.0
,9900,,,,,-44.82421875,57.2662353515625,-0.20095056152343752,0.8753779357910156,0.0
,9901,,,,,-49.3194580078125,54.6661376953125,-0.2518096984863281,0.8398490478515626,0.0
,9902,,,,,-53.2745361328125,52.2216796875,-0.3202779052734375,0.8081527221679687,0.0
,9903,,,,,-56.87255859375,49.3194580078125,-0.3757982666015625,0.7785280517578125,0.0
,9904,,,,,-60.406494140625,45.281982421875,-0.45244951171875003,0.728393994140625,0.0
,9905,,,,,-63.4368896484375,41.729736328125,-0.5244395324707032,0.6949367614746094,0.0
,9906,,,,,-65.386962890625,38.763427734375,-0.5850354492187501,0.6611687805175781,0.0
,9907,,,,,-67.529296875,34.8358154296875,-0.6181819335937501,0.6308190307617187,0.0
,9908,,,,,-69.4793701171875,30.0750732421875,-0.6838534057617188,0.5800634765625,0.0
,9909,,,,,-69.6807861328125,28.619384765625,-0.7496284606933594,0.5170851562500001,0.0
,9910,,,,,-69.90966796875,26.2481689453125,-0.7956192077636719,0.4670546813964844,0.0
,9911,,,,,-70.6329345703125,22.4029541015625,-0.81706083984375,0.42976488647460936,0.0
,9912,,,,,-70.5780029296875,18.1732177734375,-0.8507252380371094,0.3859493774414063,0.0
,9913,,,,,-71.1822509765625,12.158203125,-0.8993055541992188,0.3354009887695313,0.0
,9914,,,,,-71.6766357421875,6.73828125,-0.9161895446777344,0.302461669921875,0.0
,9915,,,,,-74.615478515625,-3.204345703125,-0.9183647827148438,0.2959359558105469,0.0
,9916,,,,,-72.8851318359375,-5.2642822265625,-0.9161895446777344,0.24507681884765625,0.0
,9917,,,,,-72.98583984375,-11.53564453125,-0.9103889099121094,0.2287107421875,0.0
,9918,,,,,-72.69287109375,-17.0196533203125,-0.9205400207519532,0.15661713867187502,0.0
,9919,,,,,-72.6470947265625,-21.331787109375,-0.9277908142089843,0.11290521240234376,0.0
,9920,,,,,-72.216796875,-25.927734375,-0.9377347595214844,-0.0009322448730468751,0.0
,9921,,,,,-71.1181640625,-30.706787109375,-0.9221973449707032,-0.05873142700195313,0.0
,9922,,,,,-69.6807861328125,-34.9456787109375,-0.9268585693359376,-0.1437728759765625,0.0
,9923,,,,,-68.0145263671875,-37.664794921875,-0.9025166198730469,-0.16604317016601564,0.0
,9924,,,,,-67.1173095703125,-38.983154296875,-0.9105960754394532,-0.290860400390625,0.0
,9925,,,,,-64.398193359375,-42.205810546875,-0.8942299987792969,-0.3347794921875,0.0
,9926,,,,,-61.669921875,-44.6319580078125,-0.8843896362304687,-0.4075981750488281,0.0
,9927,,,,,-59.21630859375,-45.6390380859375,-0.8509324035644531,-0.4321472900390625,0.0
,9928,,,,,-55.5908203125,-48.577880859375,-0.8616014282226563,-0.5260968566894532,0.0
,9929,,,,,-51.470947265625,-51.3519287109375,-0.8448210205078125,-0.5407020263671876,0.0
,9930,,,,,-45.7305908203125,-55.8197021484375,-0.8256582092285156,-0.5947722290039062,0.0
,9931,,,,,-40.0360107421875,-59.527587890625,-0.8055631530761719,-0.6131063781738282,0.0
,9932,,,,,-32.318115234375,-62.43896484375,-0.7866075073242188,-0.6657264221191407,0.0
,9933,,,,,-30.9906005859375,-65.66162109375,-0.7066416137695313,-0.6495675109863281,0.0
,9934,,,,,-26.0009765625,-68.6187744140625,-0.6771205261230469,-0.7146174865722656,0.0
,9935,,,,,-21.1212158203125,-70.806884765625,-0.6031624328613281,-0.7263223388671876,0.0
,9936,,,,,-17.230224609375,-72.1710205078125,-0.5617293273925782,-0.7753169860839844,0.0
,9937,,,,,-12.9730224609375,-73.4527587890625,-0.4737875610351563,-0.7923045593261719,0.0
,9938,,,,,-7.9833984375,-74.652099609375,-0.43504760742187504,-0.8367415649414063,0.0
,9939,,,,,-3.204345703125,-75.7598876953125,-0.3609859313964844,-0.8277298645019532,0.0
,9940,,,,,0.6317138671875,-75.897216796875,-0.3334329162597656,-0.8838717224121094,0.0
,9941,,,,,3.6895751953125,-75.1190185546875,-0.24217650146484376,-0.9000306335449219,0.0
,9942,,,,,7.2784423828125,-74.1943359375,-0.17785160522460938,-0.9245797485351562,0.0
,9943,,,,,10.7208251953125,-73.4710693359375,-0.09923228759765625,-0.9406350769042969,0.0
,9944,,,,,13.6688232421875,-71.8231201171875,-0.037807708740234376,-0.9377347595214844,0.0
,9945,,,,,18.072509765625,-69.76318359375,0.01843773193359375,-0.9301732177734375,0.0
,9946,,,,,22.4761962890625,-67.547607421875,0.0410187744140625,-0.9449855529785156,0.0
,9947,,,,,28.74755859375,-64.8651123046875,0.09208507690429688,-0.9485073669433594,0.0
,9948,,,,,34.86328125,-62.2283935546875,0.09767854614257813,-0.9484037841796875,0.0
,9949,,,,,40.13671875,-59.7564697265625,0.16148552856445314,-0.9297588867187501,0.0
,9950,,,,,45.5291748046875,-56.8634033203125,0.19411409912109376,-0.9054169372558594,0.0
,9951,,,,,50.592041015625,-53.8970947265625,0.2528455261230469,-0.8820072326660157,0.0
,9952,,,,,55.2520751953125,-51.0589599609375,0.30733005981445316,-0.8240008850097656,0.0
,9953,,,,,58.795166015625,-48.870849609375,0.3633683349609375,-0.7896114074707031,0.0
,9954,,,,,62.1734619140625,-45.8221435546875,0.413502392578125,-0.7595724060058594,0.0
,9955,,,,,65.0848388671875,-42.0684814453125,0.49181096191406254,-0.725079345703125,0.0
,9956,,,,,67.7581787109375,-38.1683349609375,0.5655618896484376,-0.6759811157226563,0.0
,9957,,,,,69.3878173828125,-35.137939453125,0.610723974609375,-0.6400378967285156,0.0
,9958,,,,,69.8638916015625,-33.7554931640625,0.6793993469238282,-0.5909396667480469,0.0
,9959,,,,,70.6146240234375,-30.4779052734375,0.7448636535644532,-0.5387339538574218,0.0
,9960,,,,,71.4935302734375,-26.6693115234375,0.7915794799804687,-0.4923288757324219,0.0
,9961,,,,,71.2554931640625,-23.7579345703125,0.8169572570800782,-0.4645686950683594,0.0
,9962,,,,,71.6949462890625,-19.07958984375,0.8617050109863281,-0.42158184814453126,0.0
,9963,,,,,72.0428466796875,-13.458251953125,0.8893616088867188,-0.39475391235351565,0.0
,9964,,,,,72.8302001953125,-6.390380859375,0.9084208374023438,-0.35124915161132814,0.0
,9965,,,,,74.6978759765625,2.1514892578125,0.8998234680175782,-0.33384724731445314,0.0
,9966,,,,,74.0936279296875,5.3741455078125,0.937216845703125,-0.2766695617675781,0.0
,9967,,,,,74.395751953125,10.601806640625,0.9210579345703125,-0.21690230712890626,0.0
,9968,,,,,74.3682861328125,15.1611328125,0.9484037841796875,-0.1396295654296875,0.0
,9969,,,,,73.7823486328125,20.7733154296875,0.9342129455566407,-0.05935292358398438,0.0
,9970,,,,,73.3245849609375,25.5889892578125,0.9314162109375,-0.005075555419921875,0.0
,9971,,,,,72.39990234375,29.3426513671875,0.9173289550781251,0.06857178955078125,0.0
,9972,,,,,70.5322265625,33.013916015625,0.9508897705078125,0.15713505249023438,0.0
,9973,,,,,68.096923828125,37.3809814453125,0.9378383422851563,0.2374116943359375,0.0
,9974,,,,,65.8905029296875,40.68603515625,0.9452963012695312,0.29355355224609375,0.0
,9975,,,,,64.9200439453125,41.1529541015625,0.9168110412597656,0.35798203125,0.0
,9976,,,,,62.164306640625,43.4234619140625,0.9196077758789063,0.4346332763671875,0.0
,9977,,,,,58.41064453125,46.47216796875,0.9245797485351562,0.509627197265625,0.0
,9978,,,,,54.949951171875,48.0377197265625,0.9134963928222657,0.5397697814941407,0.0
,9979,,,,,50.5645751953125,51.0772705078125,0.885839794921875,0.5845175354003906,0.0
,9980,,,,,45.59326171875,54.4281005859375,0.8643981628417969,0.6137278747558594,0.0
,9981,,,,,39.84375,58.8409423828125,0.8321839233398438,0.6409701416015625,0.0
,9982,,,,,34.0667724609375,62.823486328125,0.7929260559082032,0.6464600280761719,0.0
,9983,,,,,30.084228515625,65.9454345703125,0.7296369873046875,0.6534000732421875,0.0
,9984,,,,,25.3326416015625,69.1131591796875,0.6863393920898437,0.6783635192871094,0.0
,9985,,,,,20.2239990234375,71.759033203125,0.6448027038574219,0.7088168518066407,0.0
,9986,,,,,15.399169921875,73.7548828125,0.5677371276855468,0.7117171691894532,0.0
,9987,,,,,11.5631103515625,74.8809814453125,0.5221607116699218,0.763197802734375,0.0
,9988,,,,,7.06787109375,75.5401611328125,0.43535835571289067,0.79385830078125,0.0
,9989,,,,,1.922607421875,75.9521484375,0.41101640625,0.8563187072753906,0.0
,9990,,,,,-2.8564453125,76.0894775390625,0.34493060302734374,0.8901902709960938,0.0
,9991,,,,,-6.2347412109375,75.29296875,0.2829881103515625,0.9161895446777344,0.0
,9992,,,,,-7.6446533203125,74.2767333984375,0.19660008544921875,0.9478858703613282,0.0
,9993,,,,,-11.68212890625,72.9949951171875,0.15340607299804687,0.9624910400390625,0.0
,9994,,,,,-15.802001953125,71.3287353515625,0.08131246948242188,0.9673594299316407,0.0
,9995,,,,,-18.017578125,69.0582275390625,0.0393614501953125,0.9616623779296876,0.0
,9996,,,,,-23.0255126953125,66.9342041015625,-0.039154284667968754,0.9319341247558593,0.0
,9997,,,,,-29.205322265625,64.2608642578125,-0.0633926513671875,0.9495431945800782,0.0
,9998,,,,,-35.19287109375,61.541748046875,-0.110212060546875,0.9358702697753907,0.0
,9999,,,,,-40.521240234375,58.8958740234375,-0.15962103881835937,0.8916404296875,0.0
