Unix Time,Sample Index,Speed,Torque,Power,Efficiency,Voltage alpha,Voltage beta,Current alpha,Current beta,Error flags
1775462360,0,3000.0,0.2868234625200412,0.09767447537896849,92.25268464105883,41.0888671875,-60.3973388671875,0.20447237548828126,-0.8815929016113282,0.0
,1,,,,,45.648193359375,-57.8338623046875,0.2465269775390625,-0.8474105895996094,0.0
,2,,,,,51.873779296875,-52.40478515625,0.328978857421875,-0.8081527221679687,0.0
,3,,,,,55.0140380859375,-52.40478515625,0.35870711059570315,-0.7836036071777344,0.0
,4,,,,,60.498046875,-47.076416015625,0.41049849243164066,-0.7601939025878907,0.0
,5,,,,,61.6973876953125,-47.076416015625,0.48248851318359376,-0.7001158996582032,0.0
,6,,,,,66.229248046875,-40.960693359375,0.5515782165527344,-0.6506033386230469,0.0
,7,,,,,66.668701171875,-40.960693359375,0.6087559020996094,-0.6037839294433593,0.0
,8,,,,,69.232177734375,-36.43798828125,0.6817817504882813,-0.5647332275390625,0.0
,9,,,,,68.4173583984375,-36.43798828125,0.7357483703613281,-0.524543115234375,0.0
,10,,,,,70.60546875,-30.4595947265625,0.7919938110351563,-0.47762012329101566,0.0
,11,,,,,68.7103271484375,-30.4595947265625,0.8351878234863281,-0.4344261108398438,0.0
,12,,,,,72.5921630859375,-19.8760986328125,0.8744456909179688,-0.4088411682128906,0.0
,13,,,,,69.9737548828125,-19.8760986328125,0.881696484375,-0.3890568603515625,0.0
,14,,,,,73.8006591796875,-8.4503173828125,0.88998310546875,-0.3518706481933594,0.0
,15,,,,,70.8160400390625,-8.4503173828125,0.9037596130371094,-0.3082623046875,0.0
,16,,,,,75.238037109375,4.0557861328125,0.904070361328125,-0.2549171813964844,0.0
,17,,,,,72.25341796875,4.0557861328125,0.9169146240234375,-0.21607364501953125,0.0
,18,,,,,75.164794921875,13.80615234375,0.9160859619140626,-0.15817088012695313,0.0
,19,,,,,68.66455078125,13.80615234375,0.9530650085449219,-0.08587011108398437,0.0
,20,,,,,74.5330810546875,23.9776611328125,0.9427067321777344,-0.003625396728515625,0.0
,21,,,,,67.63916015625,23.9776611328125,0.9402207458496094,0.047958819580078124,0.0
,22,,,,,72.1527099609375,31.805419921875,0.9295517211914063,0.1106263916015625,0.0
,23,,,,,64.4805908203125,31.805419921875,0.9421888183593751,0.1951499267578125,0.0
,24,,,,,69.140625,39.8712158203125,0.9187791137695313,0.24714847412109375,0.0
,25,,,,,58.6578369140625,39.8712158203125,0.9227152587890626,0.30691572875976564,0.0
,26,,,,,60.9100341796875,43.7713623046875,0.9062455993652344,0.3715513732910156,0.0
,27,,,,,55.0689697265625,43.7713623046875,0.9021022888183594,0.43318311767578127,0.0
,28,,,,,56.7352294921875,46.6644287109375,0.9137035583496094,0.499683251953125,0.0
,29,,,,,48.01025390625,50.5645751953125,0.8704059631347657,0.5147027526855469,0.0
,30,,,,,11.444091796875,52.4322509765625,0.8700952148437501,0.5763344970703125,0.0
,31,,,,,26.9622802734375,55.828857421875,0.8248295471191407,0.5789240661621093,0.0
,32,,,,,28.9947509765625,59.344482421875,0.8182002502441407,0.62481123046875,0.0
,33,,,,,25.982666015625,63.3087158203125,0.7431027465820312,0.6237754028320313,0.0
,34,,,,,27.83203125,66.5130615234375,0.7346089599609376,0.6689374877929688,0.0
,35,,,,,16.827392578125,69.1314697265625,0.6498782592773438,0.6718378051757813,0.0
,36,,,,,18.2647705078125,71.6217041015625,0.6067878295898438,0.6885146301269531,0.0
,37,,,,,7.5164794921875,73.5809326171875,0.5049659729003907,0.7228005249023438,0.0
,38,,,,,8.5784912109375,75.421142578125,0.47005858154296876,0.7860895935058594,0.0
,39,,,,,0.32958984375,76.336669921875,0.40014021606445316,0.8093957153320313,0.0
,40,,,,,0.6866455078125,76.959228515625,0.32462838134765626,0.8388132202148437,0.0
,41,,,,,-5.6121826171875,76.885986328125,0.23388988037109376,0.8454425170898437,0.0
,42,,,,,-5.74951171875,76.64794921875,0.19235319213867189,0.8888436950683594,0.0
,43,,,,,-10.6475830078125,75.7598876953125,0.10088961181640625,0.9070742614746095,0.0
,44,,,,,-11.4715576171875,74.322509765625,0.06277115478515626,0.9300696350097657,0.0
,45,,,,,-14.080810546875,72.39990234375,-0.001968072509765625,0.9307947143554688,0.0
,46,,,,,-19.0704345703125,70.587158203125,-0.028692425537109375,0.9362846008300781,0.0
,47,,,,,-23.675537109375,68.29833984375,-0.09633197021484376,0.9124605651855469,0.0
,48,,,,,-29.150390625,66.082763671875,-0.14201196899414062,0.8715453735351563,0.0
,49,,,,,-35.5133056640625,63.446044921875,-0.1889349609375,0.8475141723632813,0.0
,50,,,,,-41.3726806640625,61.3037109375,-0.2432123291015625,0.8229650573730469,0.0
,51,,,,,-46.10595703125,59.4085693359375,-0.287545751953125,0.8103279602050781,0.0
,52,,,,,-50.1251220703125,57.1929931640625,-0.358810693359375,0.7669267822265625,0.0
,53,,,,,-55.517578125,52.0477294921875,-0.41547046508789065,0.7498356262207031,0.0
,54,,,,,-57.5958251953125,52.0477294921875,-0.4786559509277344,0.7157568969726563,0.0
,55,,,,,-62.4755859375,45.7489013671875,-0.5547892822265625,0.6782599365234375,0.0
,56,,,,,-62.7960205078125,45.7489013671875,-0.5978797119140625,0.6434561279296875,0.0
,57,,,,,-67.2454833984375,38.525390625,-0.6632404357910157,0.6046125915527344,0.0
,58,,,,,-67.0257568359375,38.525390625,-0.73087998046875,0.5569645202636719,0.0
,59,,,,,-69.0399169921875,33.709716796875,-0.7935475524902345,0.5092128662109375,0.0
,60,,,,,-67.5018310546875,33.709716796875,-0.836120068359375,0.46995499877929686,0.0
,61,,,,,-69.7998046875,27.64892578125,-0.8864612915039063,0.4408482421875,0.0
,62,,,,,-67.8863525390625,27.64892578125,-0.9117354858398438,0.43297595214843754,0.0
,63,,,,,-72.802734375,14.3463134765625,-0.9243725830078126,0.3920607604980469,0.0
,64,,,,,-86.5814208984375,-14.373779296875,-0.9374240112304688,0.3717585388183594,0.0
,65,,,,,-77.4993896484375,-2.9022216796875,-0.9464357116699219,0.32421405029296874,0.0
,66,,,,,-74.6246337890625,-2.9022216796875,-0.9249940795898438,0.3067085632324219,0.0
,67,,,,,-75.714111328125,-10.0250244140625,-0.9477822875976563,0.222910107421875,0.0
,68,,,,,-72.94921875,-10.0250244140625,-0.9557581604003906,0.17174022216796875,0.0
,69,,,,,-75.7598876953125,-19.9493408203125,-0.9639411987304688,0.08255546264648438,0.0
,70,,,,,-68.060302734375,-19.9493408203125,-0.963837615966797,0.03511455688476563,0.0
,71,,,,,-73.9654541015625,-30.1666259765625,-0.9795821960449219,-0.046301495361328125,0.0
,72,,,,,-65.3411865234375,-30.1666259765625,-0.9445712219238281,-0.07426884155273437,0.0
,73,,,,,-69.4976806640625,-37.353515625,-0.9657021057128906,-0.16376434936523437,0.0
,74,,,,,-59.3536376953125,-37.353515625,-0.9484037841796875,-0.20281505126953125,0.0
,75,,,,,-62.530517578125,-42.864990234375,-0.9415673217773438,-0.29666103515625003,0.0
,76,,,,,-56.195068359375,-42.864990234375,-0.910699658203125,-0.3456556823730469,0.0
,77,,,,,-58.6669921875,-47.1405029296875,-0.8996163024902344,-0.4296613037109375,0.0
,78,,,,,-50.50048828125,-47.1405029296875,-0.8675056457519531,-0.459907470703125,0.0
,79,,,,,-51.397705078125,-48.687744140625,-0.8639838317871094,-0.53200107421875,0.0
,80,,,,,-40.9881591796875,-51.89208984375,-0.831148095703125,-0.5596576721191406,0.0
,81,,,,,-42.681884765625,-54.8309326171875,-0.7952048767089844,-0.5967403015136719,0.0
,82,,,,,-25.5340576171875,-58.48388671875,-0.7817391174316406,-0.6265721374511719,0.0
,83,,,,,-28.0059814453125,-62.7685546875,-0.7530466918945313,-0.6548502319335938,0.0
,84,,,,,-21.13037109375,-66.0736083984375,-0.6953510925292969,-0.6747381225585938,0.0
,85,,,,,-22.4395751953125,-68.3441162109375,-0.6255363098144532,-0.7014624755859376,0.0
,86,,,,,-12.5244140625,-70.9075927734375,-0.5677371276855468,-0.7327444702148438,0.0
,87,,,,,-13.9068603515625,-73.297119140625,-0.47927744750976564,-0.7357483703613281,0.0
,88,,,,,-5.584716796875,-74.7161865234375,-0.446648876953125,-0.7902329040527344,0.0
,89,,,,,-6.0333251953125,-75.494384765625,-0.35166348266601566,-0.7949977111816406,0.0
,90,,,,,1.86767578125,-75.91552734375,-0.284231103515625,-0.8433708618164063,0.0
,91,,,,,1.7852783203125,-76.0528564453125,-0.21493423461914063,-0.8696808837890625,0.0
,92,,,,,5.8685302734375,-75.457763671875,-0.146673193359375,-0.8956801574707032,0.0
,93,,,,,6.463623046875,-74.4232177734375,-0.06940045166015625,-0.8771388427734376,0.0
,94,,,,,13.0645751953125,-73.4161376953125,0.0069400451660156254,-0.8886365295410157,0.0
,95,,,,,13.7603759765625,-72.2259521484375,0.027967346191406253,-0.9158787963867188,0.0
,96,,,,,17.669677734375,-70.1934814453125,0.0683646240234375,-0.9208507690429688,0.0
,97,,,,,22.576904296875,-68.3807373046875,0.09063491821289063,-0.914117889404297,0.0
,98,,,,,27.850341796875,-66.1468505859375,0.15485623168945312,-0.8947479125976563,0.0
,99,,,,,32.8125,-63.8397216796875,0.17588353271484375,-0.8944371643066407,0.0
,100,,,,,38.836669921875,-61.065673828125,0.2518096984863281,-0.8665734008789063,0.0
,101,,,,,43.9178466796875,-58.538818359375,0.2683829406738281,-0.8478249206542969,0.0
,102,,,,,49.2645263671875,-54.01611328125,0.3395442993164063,-0.8080491394042969,0.0
,103,,,,,51.74560546875,-54.01611328125,0.3767305114746094,-0.7815319519042969,0.0
,104,,,,,57.38525390625,-47.6806640625,0.4496527770996094,-0.7481783020019531,0.0
,105,,,,,58.5479736328125,-47.6806640625,0.5249574462890625,-0.7007373962402343,0.0
,106,,,,,62.457275390625,-41.4276123046875,0.6093773986816406,-0.6568183044433594,0.0
,107,,,,,62.5762939453125,-41.4276123046875,0.6482209350585938,-0.6373447448730469,0.0
,108,,,,,66.815185546875,-33.4625244140625,0.7045699584960937,-0.6065806640625,0.0
,109,,,,,66.0552978515625,-33.4625244140625,0.7591580749511719,-0.5569645202636719,0.0
,110,,,,,67.877197265625,-29.1961669921875,0.8050452392578126,-0.5151170837402343,0.0
,111,,,,,66.54052734375,-29.1961669921875,0.8258653747558594,-0.47751654052734377,0.0
,112,,,,,70.4132080078125,-20.2972412109375,0.85020732421875,-0.4313186279296875,0.0
,113,,,,,68.133544921875,-20.2972412109375,0.8744456909179688,-0.40718384399414065,0.0
,114,,,,,72.6104736328125,-7.87353515625,0.8815929016113282,-0.39340733642578124,0.0
,115,,,,,69.90966796875,-7.87353515625,0.91650029296875,-0.3417195373535156,0.0
,116,,,,,74.5697021484375,4.9713134765625,0.9161895446777344,-0.2954180419921875,0.0
,117,,,,,70.8892822265625,4.9713134765625,0.9360774353027344,-0.22674266967773438,0.0
,118,,,,,74.0753173828125,16.3238525390625,0.9291373901367188,-0.16894348754882813,0.0
,119,,,,,67.67578125,16.3238525390625,0.9236475036621095,-0.13486475830078126,0.0
,120,,,,,73.3154296875,26.092529296875,0.9228188415527344,-0.05407020263671875,0.0
,121,,,,,64.7003173828125,26.092529296875,0.9274800659179688,0.027345849609375,0.0
,122,,,,,69.5159912109375,34.4329833984375,0.9055205200195313,0.07457958984375,0.0
,123,,,,,62.1368408203125,34.4329833984375,0.9168110412597656,0.15796371459960937,0.0
,124,,,,,66.3848876953125,41.7938232421875,0.8851147155761719,0.20944434814453125,0.0
,125,,,,,57.7056884765625,41.7938232421875,0.8946443298339845,0.2807092895507813,0.0
,126,,,,,59.6832275390625,45.22705078125,0.8749636047363282,0.36160742797851564,0.0
,127,,,,,54.9224853515625,45.22705078125,0.8454425170898437,0.4075981750488281,0.0
,128,,,,,55.84716796875,46.820068359375,0.854454217529297,0.48145268554687504,0.0
,129,,,,,47.0306396484375,50.42724609375,0.8300086853027344,0.5276505981445313,0.0
,130,,,,,12.6434326171875,52.9541015625,0.8169572570800782,0.5707410278320313,0.0
,131,,,,,27.6763916015625,56.50634765625,0.7683769409179688,0.5632830688476562,0.0
,132,,,,,29.864501953125,60.296630859375,0.7649587097167969,0.610723974609375,0.0
,133,,,,,27.0538330078125,64.398193359375,0.6939009338378906,0.6258470581054688,0.0
,134,,,,,28.912353515625,67.620849609375,0.6730807983398438,0.6842677368164063,0.0
,135,,,,,18.9239501953125,69.818115234375,0.5907325012207032,0.6685231567382812,0.0
,136,,,,,20.2239990234375,72.0703125,0.5614185791015626,0.6820924987792969,0.0
,137,,,,,9.9700927734375,74.01123046875,0.47213023681640626,0.7235256042480469,0.0
,138,,,,,10.8489990234375,75.5401611328125,0.4407446594238281,0.7988302734375,0.0
,139,,,,,3.47900390625,76.2451171875,0.3791129150390625,0.8374666442871094,0.0
,140,,,,,3.6346435546875,76.5289306640625,0.29655745239257814,0.8597369384765625,0.0
,141,,,,,-1.5472412109375,76.4190673828125,0.17868026733398437,0.8606691833496094,0.0
,142,,,,,-1.6845703125,76.1810302734375,0.13248235473632813,0.8969231506347657,0.0
,143,,,,,-7.03125,75.5767822265625,0.07033269653320312,0.9009628784179687,0.0
,144,,,,,-7.745361328125,74.3408203125,0.0352181396484375,0.9220937622070313,0.0
,145,,,,,-10.7025146484375,72.2259521484375,-0.01823056640625,0.935559521484375,0.0
,146,,,,,-16.0400390625,70.147705078125,-0.06028516845703125,0.9359738525390625,0.0
,147,,,,,-20.8831787109375,67.8680419921875,-0.09446748046875,0.9302768005371094,0.0
,148,,,,,-26.3671875,65.753173828125,-0.12088108520507813,0.9410494079589844,0.0
,149,,,,,-32.70263671875,63.226318359375,-0.16645750122070313,0.9142214721679688,0.0
,150,,,,,-38.214111328125,61.1297607421875,-0.20654403076171876,0.8825251464843751,0.0
,151,,,,,-42.8009033203125,58.92333984375,-0.2766695617675781,0.8317695922851562,0.0
,152,,,,,-46.9757080078125,56.3507080078125,-0.3384048889160156,0.7964478698730469,0.0
,153,,,,,-53.0731201171875,50.28076171875,-0.40718384399414065,0.7674446960449219,0.0
,154,,,,,-55.0323486328125,50.28076171875,-0.4768950439453125,0.7194858764648437,0.0
,155,,,,,-59.4635009765625,44.622802734375,-0.5400805297851563,0.6732879638671875,0.0
,156,,,,,-60.406494140625,44.622802734375,-0.5844139526367188,0.6382769897460938,0.0
,157,,,,,-65.753173828125,36.7401123046875,-0.6443883728027344,0.6062699157714844,0.0
,158,,,,,-65.95458984375,36.7401123046875,-0.6956618408203126,0.5633866516113282,0.0
,159,,,,,-68.59130859375,31.6864013671875,-0.7539789367675781,0.5007190795898437,0.0
,160,,,,,-67.6116943359375,31.6864013671875,-0.7912687316894531,0.496368603515625,0.0
,161,,,,,-70.5413818359375,24.42626953125,-0.8466855102539063,0.45017069091796874,0.0
,162,,,,,-68.426513671875,24.42626953125,-0.8739277770996094,0.44115899047851564,0.0
,163,,,,,-72.3358154296875,13.2568359375,-0.8870827880859375,0.405215771484375,0.0
,164,,,,,-84.85107421875,-13.2843017578125,-0.9079029235839844,0.3776627563476563,0.0
,165,,,,,-76.6571044921875,-3.826904296875,-0.9382526733398437,0.30070076293945314,0.0
,166,,,,,-73.0133056640625,-3.826904296875,-0.9145322204589844,0.30080434570312503,0.0
,167,,,,,-73.9837646484375,-11.114501953125,-0.9409458251953126,0.21804171752929688,0.0
,168,,,,,-67.4652099609375,-11.114501953125,-0.9364917663574219,0.1836522399902344,0.0
,169,,,,,-74.029541015625,-22.4945068359375,-0.9428103149414063,0.09187791137695313,0.0
,170,,,,,-66.650390625,-22.4945068359375,-0.9137035583496094,0.054795281982421874,0.0
,171,,,,,-71.7041015625,-31.2469482421875,-0.918261199951172,-0.022684625244140624,0.0
,172,,,,,-64.8834228515625,-31.2469482421875,-0.9050026062011719,-0.078722900390625,0.0
,173,,,,,-69.671630859375,-39.5416259765625,-0.9062455993652344,-0.14936634521484377,0.0
,174,,,,,-61.3311767578125,-39.5416259765625,-0.8946443298339845,-0.18665614013671875,0.0
,175,,,,,-63.3819580078125,-43.0938720703125,-0.8985804748535157,-0.3174811706542969,0.0
,176,,,,,-58.502197265625,-43.0938720703125,-0.8649160766601562,-0.34638076171875,0.0
,177,,,,,-61.669921875,-48.577880859375,-0.8323910888671875,-0.42500007934570316,0.0
,178,,,,,-52.734375,-48.577880859375,-0.7941690490722656,-0.4603218017578125,0.0
,179,,,,,-53.6224365234375,-50.1251220703125,-0.7968622009277344,-0.5132525939941407,0.0
,180,,,,,-43.32275390625,-53.13720703125,-0.7687912719726563,-0.5368694641113282,0.0
,181,,,,,-45.15380859375,-56.304931640625,-0.7567756713867188,-0.5737449279785156,0.0
,182,,,,,-32.1533203125,-60.223388671875,-0.7420669189453125,-0.5956008911132813,0.0
,183,,,,,-34.3963623046875,-64.0960693359375,-0.6879967163085938,-0.6263649719238281,0.0
,184,,,,,-24.0325927734375,-67.144775390625,-0.658786376953125,-0.6494639282226563,0.0
,185,,,,,-25.689697265625,-70.01953125,-0.6001585327148438,-0.6838534057617188,0.0
,186,,,,,-15.234375,-72.4456787109375,-0.5178102355957032,-0.7086096862792969,0.0
,187,,,,,-16.6168212890625,-74.835205078125,-0.458250146484375,-0.746624560546875,0.0
,188,,,,,-8.4869384765625,-76.2451171875,-0.4094626647949219,-0.7710700927734375,0.0
,189,,,,,-8.67919921875,-76.5838623046875,-0.3377833923339844,-0.8061846496582031,0.0
,190,,,,,-0.7965087890625,-76.57470703125,-0.25243119506835937,-0.8500001586914063,0.0
,191,,,,,-0.7965087890625,-76.57470703125,-0.17961251220703126,-0.8621193420410157,0.0
,192,,,,,3.7628173828125,-76.0528564453125,-0.13434684448242187,-0.8986840576171875,0.0
,193,,,,,4.3487548828125,-75.0457763671875,-0.07095419311523438,-0.9097674133300782,0.0
,194,,,,,11.700439453125,-73.333740234375,0.004246893310546875,-0.9094566650390625,0.0
,195,,,,,12.689208984375,-71.612548828125,0.03625396728515625,-0.9249940795898438,0.0
,196,,,,,15.6829833984375,-69.9554443359375,0.08690593872070312,-0.9242690002441406,0.0
,197,,,,,21.3134765625,-67.584228515625,0.08514503173828125,-0.9460213806152344,0.0
,198,,,,,27.6397705078125,-64.8468017578125,0.14149405517578126,-0.9159823791503906,0.0
,199,,,,,33.4991455078125,-62.9425048828125,0.1470875244140625,-0.9086280029296875,0.0
,200,,,,,38.836669921875,-60.75439453125,0.22612117309570312,-0.8741349426269531,0.0
,201,,,,,43.83544921875,-58.575439453125,0.25294910888671873,-0.8660554870605469,0.0
,202,,,,,50.7476806640625,-52.532958984375,0.31323427734375003,-0.82700478515625,0.0
,203,,,,,53.1646728515625,-52.532958984375,0.3500061584472656,-0.7762492309570312,0.0
,204,,,,,58.1268310546875,-47.1221923828125,0.3986900573730469,-0.7399952636718751,0.0
,205,,,,,59.4635009765625,-47.1221923828125,0.48031327514648436,-0.6893432922363282,0.0
,206,,,,,64.6270751953125,-39.8529052734375,0.5737449279785156,-0.6406593933105469,0.0
,207,,,,,65.3045654296875,-39.8529052734375,0.6179747680664063,-0.6253291442871094,0.0
,208,,,,,69.8822021484375,-32.33642578125,0.6780527709960937,-0.6017122741699219,0.0
,209,,,,,69.305419921875,-32.33642578125,0.7342982116699219,-0.5558251098632813,0.0
,210,,,,,71.795654296875,-26.0101318359375,0.7663052856445313,-0.5176030700683594,0.0
,211,,,,,69.6533203125,-26.0101318359375,0.8157142639160156,-0.4641543640136719,0.0
,212,,,,,72.3724365234375,-17.596435546875,0.8400562133789062,-0.43162937622070313,0.0
,213,,,,,69.9371337890625,-17.596435546875,0.8674020629882813,-0.38563862915039065,0.0
,214,,,,,74.267578125,-5.7952880859375,0.9021022888183594,-0.3481416687011719,0.0
,215,,,,,71.0906982421875,-5.7952880859375,0.9145322204589844,-0.3344687438964844,0.0
,216,,,,,74.7161865234375,6.0699462890625,0.8836645568847656,-0.29469296264648437,0.0
,217,,,,,71.759033203125,6.0699462890625,0.8913296813964844,-0.24217650146484376,0.0
,218,,,,,76.007080078125,18.072509765625,0.8909153503417969,-0.18064833984375,0.0
,219,,,,,69.049072265625,18.072509765625,0.9014807922363282,-0.11052280883789063,0.0
,220,,,,,74.30419921875,27.1820068359375,0.9112175720214845,-0.032007073974609376,0.0
,221,,,,,68.206787109375,27.1820068359375,0.9034488647460938,0.03211065673828125,0.0
,222,,,,,73.187255859375,35.8062744140625,0.8659519042968751,0.08069097290039062,0.0
,223,,,,,64.764404296875,35.8062744140625,0.8841824707031251,0.16262493896484376,0.0
,224,,,,,67.584228515625,40.68603515625,0.8701987976074219,0.23637586669921876,0.0
,225,,,,,62.58544921875,40.68603515625,0.8763101806640625,0.30805513916015625,0.0
,226,,,,,65.7440185546875,46.160888671875,0.8761030151367187,0.391128515625,0.0
,227,,,,,58.282470703125,46.160888671875,0.8579760314941407,0.43939808349609377,0.0
,228,,,,,60.3424072265625,49.7314453125,0.8553864624023437,0.5058982177734375,0.0
,229,,,,,48.687744140625,49.7314453125,0.8073240600585938,0.5241287841796876,0.0
,230,,,,,10.748291015625,53.228759765625,0.8075312255859375,0.5838960388183594,0.0
,231,,,,,28.2440185546875,57.38525390625,0.7701378479003906,0.6021266052246094,0.0
,232,,,,,30.2581787109375,60.8642578125,0.7628870544433594,0.6435597106933594,0.0
,233,,,,,29.736328125,64.16015625,0.6633440185546875,0.620667919921875,0.0
,234,,,,,31.585693359375,67.364501953125,0.6510176696777344,0.6652085083007813,0.0
,235,,,,,20.4345703125,70.0836181640625,0.5429808471679688,0.6420059692382812,0.0
,236,,,,,21.734619140625,72.3358154296875,0.5307580810546875,0.7157568969726563,0.0
,237,,,,,13.165283203125,73.5626220703125,0.46260062255859374,0.7688948547363281,0.0
,238,,,,,13.51318359375,74.1668701171875,0.4114307373046875,0.8209969848632813,0.0
,239,,,,,3.3050537109375,74.2584228515625,0.34503418579101564,0.8542470520019532,0.0
,240,,,,,3.5980224609375,74.761962890625,0.2868206726074219,0.8872899536132812,0.0
,241,,,,,-1.4739990234375,74.5330810546875,0.20208997192382813,0.8969231506347657,0.0
,242,,,,,-1.7120361328125,74.12109375,0.14781260375976563,0.9216794311523437,0.0
,243,,,,,-8.4228515625,73.71826171875,0.10555083618164063,0.9542044189453125,0.0
,244,,,,,-9.063720703125,72.6104736328125,0.061735327148437505,0.9660128540039062,0.0
,245,,,,,-11.4532470703125,70.587158203125,0.019887890625,0.9792714477539063,0.0
,246,,,,,-15.8477783203125,68.5546875,-0.023098956298828126,0.9740923095703126,0.0
,247,,,,,-21.0845947265625,66.1651611328125,-0.07934439697265626,0.9376311767578125,0.0
,248,,,,,-27.3834228515625,63.46435546875,-0.11735927124023438,0.9207471862792969,0.0
,249,,,,,-33.5906982421875,60.992431640625,-0.15899954223632812,0.9115283203125,0.0
,250,,,,,-38.7176513671875,58.740234375,-0.20499028930664062,0.8838717224121094,0.0
,251,,,,,-45.52001953125,53.28369140625,-0.2669327819824219,0.8509324035644531,0.0
,252,,,,,-48.96240234375,53.28369140625,-0.3078479736328125,0.8189253295898438,0.0
,253,,,,,-55.078125,47.515869140625,-0.36896180419921876,0.7814283691406251,0.0
,254,,,,,-56.7169189453125,47.515869140625,-0.44022674560546876,0.741652587890625,0.0
,255,,,,,-61.7706298828125,41.1712646484375,-0.4935718688964844,0.7140995727539062,0.0
,256,,,,,-62.8509521484375,41.1712646484375,-0.5528212097167969,0.6441812072753906,0.0
,257,,,,,-67.41943359375,34.295654296875,-0.619010595703125,0.6116562194824219,0.0
,258,,,,,-67.2271728515625,34.295654296875,-0.693590185546875,0.5633866516113282,0.0
,259,,,,,-70.0103759765625,27.86865234375,-0.7312943115234375,0.5239216186523438,0.0
,260,,,,,-68.6737060546875,27.86865234375,-0.7653730407714844,0.4951256103515625,0.0
,261,,,,,-70.3216552734375,22.5860595703125,-0.8183038330078125,0.43597985229492187,0.0
,262,,,,,-68.44482421875,22.5860595703125,-0.8582867797851563,0.39568615722656253,0.0
,263,,,,,-72.9217529296875,11.6455078125,-0.8928834228515625,0.3570497863769531,0.0
,264,,,,,-83.60595703125,-11.6729736328125,-0.8888436950683594,0.35155989990234376,0.0
,265,,,,,-75.787353515625,-2.6275634765625,-0.9143250549316406,0.2859920104980469,0.0
,266,,,,,-73.2879638671875,-2.6275634765625,-0.928930224609375,0.2597855712890625,0.0
,267,,,,,-75.3204345703125,-11.151123046875,-0.9378383422851563,0.17671219482421877,0.0
,268,,,,,-69.10400390625,-11.151123046875,-0.9110104064941407,0.14418720703125001,0.0
,269,,,,,-75.494384765625,-22.2198486328125,-0.9146358032226563,0.06670729980468751,0.0
,270,,,,,-69.17724609375,-22.2198486328125,-0.905727685546875,0.033146484375,0.0
,271,,,,,-73.5992431640625,-29.8919677734375,-0.9073850097656251,-0.0493053955078125,0.0
,272,,,,,-66.1468505859375,-29.8919677734375,-0.8913296813964844,-0.10140752563476563,0.0
,273,,,,,-70.9808349609375,-38.2781982421875,-0.9145322204589844,-0.168218408203125,0.0
,274,,,,,-63.5009765625,-38.2781982421875,-0.8866684570312501,-0.231196728515625,0.0
,275,,,,,-65.130615234375,-41.0980224609375,-0.8867720397949219,-0.3476237548828125,0.0
,276,,,,,-60.4339599609375,-41.0980224609375,-0.8463747619628906,-0.3725872009277344,0.0
,277,,,,,-63.4918212890625,-46.39892578125,-0.8385024719238281,-0.45255309448242187,0.0
,278,,,,,-53.4759521484375,-46.39892578125,-0.8327018371582031,-0.4798989440917969,0.0
,279,,,,,-54.4647216796875,-48.1109619140625,-0.8205826538085937,-0.5345906433105468,0.0
,280,,,,,-43.011474609375,-51.251220703125,-0.8246223815917969,-0.5578967651367188,0.0
,281,,,,,-45.025634765625,-54.730224609375,-0.8076348083496094,-0.6023337707519532,0.0
,282,,,,,-31.60400390625,-58.9874267578125,-0.7900257385253906,-0.6395199829101562,0.0
,283,,,,,-33.6181640625,-62.4755859375,-0.7346089599609376,-0.6716306396484375,0.0
,284,,,,,-24.1241455078125,-65.3961181640625,-0.6898612060546875,-0.6944188476562501,0.0
,285,,,,,-25.5706787109375,-67.913818359375,-0.6265721374511719,-0.7259080078125,0.0
,286,,,,,-14.9322509765625,-70.1934814453125,-0.5548928649902344,-0.7551183471679688,0.0
,287,,,,,-16.22314453125,-72.4273681640625,-0.5107666076660157,-0.8043201599121094,0.0
,288,,,,,-8.001708984375,-73.5076904296875,-0.44644171142578126,-0.8332197509765625,0.0
,289,,,,,-8.45947265625,-74.30419921875,-0.37196570434570314,-0.841920703125,0.0
,290,,,,,1.226806640625,-74.4873046875,-0.3177919189453125,-0.8618085937500001,0.0
,291,,,,,1.2451171875,-74.4598388671875,-0.23461495971679688,-0.8740313598632813,0.0
,292,,,,,6.280517578125,-73.992919921875,-0.17008289794921874,-0.8902938537597657,0.0
,293,,,,,6.73828125,-73.1964111328125,-0.10990131225585938,-0.9038631958007812,0.0
,294,,,,,14.208984375,-72.0977783203125,-0.06132099609375,-0.93307353515625,0.0
,295,,,,,14.8956298828125,-70.9075927734375,-0.004661224365234375,-0.9287230590820312,0.0
,296,,,,,17.6605224609375,-69.2413330078125,0.07240435180664062,-0.9235439208984375,0.0
,297,,,,,22.8973388671875,-67.0623779296875,0.06815745849609375,-0.9380455078125001,0.0
,298,,,,,28.30810546875,-64.5538330078125,0.12916770629882812,-0.9269621520996094,0.0
,299,,,,,34.7625732421875,-61.7431640625,0.14770902099609376,-0.9201256896972656,0.0
,300,,,,,40.869140625,-58.9691162109375,0.206336865234375,-0.9009628784179687,0.0
,301,,,,,45.66650390625,-56.341552734375,0.24590548095703127,-0.8640874145507813,0.0
,302,,,,,51.9378662109375,-50.299072265625,0.30070076293945314,-0.842024285888672,0.0
,303,,,,,54.656982421875,-50.299072265625,0.3302218505859375,-0.8026628356933594,0.0
,304,,,,,60.2142333984375,-44.9249267578125,0.3910249328613281,-0.7800817932128906,0.0
,305,,,,,61.5142822265625,-44.9249267578125,0.46974783325195313,-0.7340910461425781,0.0
,306,,,,,66.815185546875,-37.1978759765625,0.5211248840332031,-0.6999087341308594,0.0
,307,,,,,67.218017578125,-37.1978759765625,0.5886608459472656,-0.6491531799316407,0.0
,308,,,,,70.3948974609375,-31.97021484375,0.6652085083007813,-0.5974653808593751,0.0
,309,,,,,70.037841796875,-31.97021484375,0.7305692321777344,-0.5370766296386719,0.0
,310,,,,,71.6400146484375,-27.813720703125,0.7723130859375,-0.49678293457031253,0.0
,311,,,,,70.0927734375,-27.813720703125,0.8338412475585938,-0.43753359375,0.0
,312,,,,,73.7274169921875,-17.9534912109375,0.8671948974609375,-0.4094626647949219,0.0
,313,,,,,71.1273193359375,-17.9534912109375,0.9047954406738281,-0.38056307373046877,0.0
,314,,,,,75.0732421875,-6.8206787109375,0.9035524475097656,-0.36440416259765623,0.0
,315,,,,,72.0977783203125,-6.8206787109375,0.9137035583496094,-0.31820625,0.0
,316,,,,,76.153564453125,6.207275390625,0.909974578857422,-0.2589569091796875,0.0
,317,,,,,73.2330322265625,6.207275390625,0.9194006103515625,-0.2042652099609375,0.0
,318,,,,,76.666259765625,15.9942626953125,0.9127713134765625,-0.13610775146484375,0.0
,319,,,,,71.1822509765625,15.9942626953125,0.94136015625,-0.06805387573242187,0.0
,320,,,,,76.6387939453125,25.433349609375,0.9126677307128906,-0.0070436279296875,0.0
,321,,,,,68.6004638671875,25.433349609375,0.9255119934082031,0.0708506103515625,0.0
,322,,,,,73.187255859375,33.380126953125,0.9221973449707032,0.14087255859375,0.0
,323,,,,,65.5242919921875,33.380126953125,0.9317269592285157,0.21493423461914063,0.0
,324,,,,,68.7469482421875,38.9556884765625,0.9258227416992187,0.2752194030761719,0.0
,325,,,,,61.5692138671875,38.9556884765625,0.9328663696289062,0.3506276550292969,0.0
,326,,,,,63.9678955078125,43.1121826171875,0.9255119934082031,0.4268645690917969,0.0
,327,,,,,56.8817138671875,43.1121826171875,0.9085244201660156,0.46974783325195313,0.0
,328,,,,,60.1226806640625,48.724365234375,0.9094566650390625,0.5431880126953125,0.0
,329,,,,,47.442626953125,48.724365234375,0.8733062805175782,0.5405984436035156,0.0
,330,,,,,10.3363037109375,51.37939453125,0.8807642395019532,0.6020230224609375,0.0
,331,,,,,25.469970703125,54.6478271484375,0.8091885498046876,0.5967403015136719,0.0
,332,,,,,27.5665283203125,58.2916259765625,0.7791495483398437,0.625639892578125,0.0
,333,,,,,26.9805908203125,62.3199462890625,0.6934866027832032,0.6304046997070313,0.0
,334,,,,,28.82080078125,65.5059814453125,0.6693518188476563,0.6822996643066407,0.0
,335,,,,,19.0155029296875,67.93212890625,0.604094677734375,0.6812638366699219,0.0
,336,,,,,20.7183837890625,70.880126953125,0.5993298706054687,0.7538753540039063,0.0
,337,,,,,9.9151611328125,73.1964111328125,0.4976115966796875,0.766512451171875,0.0
,338,,,,,10.693359375,74.5513916015625,0.46726184692382816,0.8235865539550782,0.0
,339,,,,,2.08740234375,75.018310546875,0.40635518188476566,0.8433708618164063,0.0
,340,,,,,2.178955078125,75.1739501953125,0.35963935546875003,0.8777603393554688,0.0
,341,,,,,-5.6854248046875,74.8992919921875,0.25926765747070313,0.8888436950683594,0.0
,342,,,,,-5.9051513671875,74.5147705078125,0.18800271606445312,0.9074885925292969,0.0
,343,,,,,-11.0870361328125,73.480224609375,0.1230563232421875,0.9329699523925782,0.0
,344,,,,,-11.7462158203125,72.3358154296875,0.09467464599609375,0.9590728088378907,0.0
,345,,,,,-14.6575927734375,70.623779296875,0.043608343505859376,0.9709848266601563,0.0
,346,,,,,-19.427490234375,68.6279296875,-0.006629296875,0.9548259155273437,0.0
,347,,,,,-23.6846923828125,66.61376953125,-0.05945650634765625,0.9303803833007813,0.0
,348,,,,,-29.00390625,64.6087646484375,-0.1031684326171875,0.9102853271484376,0.0
,349,,,,,-35.1837158203125,62.0086669921875,-0.15609922485351563,0.8848039672851563,0.0
,350,,,,,-40.8233642578125,59.4818115234375,-0.1835486572265625,0.8590118591308594,0.0
,351,,,,,-47.222900390625,54.3548583984375,-0.22808924560546875,0.8410920410156251,0.0
,352,,,,,-50.482177734375,54.3548583984375,-0.29355355224609375,0.8010055114746094,0.0
,353,,,,,-56.964111328125,48.6053466796875,-0.3653364074707031,0.7648551269531251,0.0
,354,,,,,-59.14306640625,48.6053466796875,-0.42292842407226566,0.7189679626464844,0.0
,355,,,,,-63.7664794921875,43.02978515625,-0.5095236145019532,0.668730322265625,0.0
,356,,,,,-64.4622802734375,43.02978515625,-0.5845175354003906,0.6101024780273437,0.0
,357,,,,,-69.0673828125,36.236572265625,-0.6590971252441407,0.5546856994628906,0.0
,358,,,,,-69.342041015625,36.236572265625,-0.7088168518066407,0.5221607116699218,0.0
,359,,,,,-70.623779296875,32.9132080078125,-0.7531502746582032,0.4843530029296875,0.0
,360,,,,,-69.561767578125,32.9132080078125,-0.8012126770019532,0.4641543640136719,0.0
,361,,,,,-72.5555419921875,25.9368896484375,-0.8542470520019532,0.4127773132324219,0.0
,362,,,,,-70.27587890625,25.9368896484375,-0.864294580078125,0.38563862915039065,0.0
,363,,,,,-74.505615234375,13.861083984375,-0.8754815185546875,0.36357550048828124,0.0
,364,,,,,-87.762451171875,-13.8885498046875,-0.8783818359375001,0.36699373168945315,0.0
,365,,,,,-78.9093017578125,-3.5430908203125,-0.9112175720214845,0.31116262207031253,0.0
,366,,,,,-75.238037109375,-3.5430908203125,-0.9144286376953126,0.27501223754882814,0.0
,367,,,,,-75.823974609375,-9.9700927734375,-0.9441568908691407,0.1794053466796875,0.0
,368,,,,,-73.2421875,-9.9700927734375,-0.9610408813476563,0.13279310302734376,0.0
,369,,,,,-76.3275146484375,-19.9127197265625,-0.9611444641113281,0.04785523681640625,0.0
,370,,,,,-68.8201904296875,-19.9127197265625,-0.9451927185058594,0.008390203857421875,0.0
,371,,,,,-73.5260009765625,-28.0517578125,-0.9701561645507812,-0.09001342163085937,0.0
,372,,,,,-66.1834716796875,-28.0517578125,-0.9462285461425781,-0.12616380615234377,0.0
,373,,,,,-70.770263671875,-36.0076904296875,-0.9688095886230469,-0.19618575439453126,0.0
,374,,,,,-60.9375,-36.0076904296875,-0.9321412902832031,-0.23337196655273437,0.0
,375,,,,,-63.153076171875,-39.8529052734375,-0.9303803833007813,-0.3456556823730469,0.0
,376,,,,,-58.2733154296875,-39.8529052734375,-0.9009628784179687,-0.3986900573730469,0.0
,377,,,,,-61.761474609375,-45.8953857421875,-0.8823179809570313,-0.4572143188476563,0.0
,378,,,,,-52.5421142578125,-45.8953857421875,-0.8534183898925781,-0.47938103027343754,0.0
,379,,,,,-53.485107421875,-47.5250244140625,-0.8397454650878906,-0.5308616638183594,0.0
,380,,,,,-42.73681640625,-50.6561279296875,-0.8323910888671875,-0.5680478759765625,0.0
,381,,,,,-44.970703125,-54.5379638671875,-0.8237937194824219,-0.6057520019531251,0.0
,382,,,,,-26.11083984375,-58.9691162109375,-0.7903364868164062,-0.6004692810058594,0.0
,383,,,,,-28.45458984375,-63.02490234375,-0.7384415222167969,-0.6178711853027344,0.0
,384,,,,,-22.3663330078125,-66.4398193359375,-0.7303620666503906,-0.6826104125976563,0.0
,385,,,,,-23.9410400390625,-69.17724609375,-0.6725628845214844,-0.7163783935546876,0.0
,386,,,,,-12.5244140625,-71.356201171875,-0.5823422973632812,-0.7275653320312501,0.0
,387,,,,,-13.494873046875,-73.040771484375,-0.5156349975585938,-0.7541861022949219,0.0
,388,,,,,-4.302978515625,-74.4415283203125,-0.4757556335449219,-0.8009019287109376,0.0
,389,,,,,-5.0628662109375,-75.7598876953125,-0.408530419921875,-0.8182002502441407,0.0
,390,,,,,4.5135498046875,-75.9613037109375,-0.3481416687011719,-0.8531076416015625,0.0
,391,,,,,4.6142578125,-75.787353515625,-0.24922012939453125,-0.8596333557128907,0.0
,392,,,,,8.7066650390625,-75.2197265625,-0.18137341918945313,-0.8869792053222657,0.0
,393,,,,,8.9630126953125,-74.7711181640625,-0.11922376098632813,-0.8878078674316406,0.0
,394,,,,,15.618896484375,-73.53515625,-0.038947119140625,-0.8893616088867188,0.0
,395,,,,,16.5069580078125,-71.9970703125,0.0020716552734375,-0.8973374816894532,0.0
,396,,,,,18.93310546875,-70.3216552734375,0.07975872802734375,-0.8696808837890625,0.0
,397,,,,,24.1058349609375,-68.499755859375,0.08110530395507813,-0.8943335815429688,0.0
,398,,,,,29.4525146484375,-66.3665771484375,0.12191691284179688,-0.9068670959472657,0.0
,399,,,,,35.8795166015625,-63.5284423828125,0.1563063903808594,-0.88003916015625,0.0
,400,,,,,41.6290283203125,-60.5621337890625,0.22208144531250001,-0.8466855102539063,0.0
,401,,,,,46.0784912109375,-58.2275390625,0.23958693237304687,-0.8143676879882813,0.0
,402,,,,,52.6336669921875,-52.3773193359375,0.31344144287109377,-0.7995553527832031,0.0
,403,,,,,55.1971435546875,-52.3773193359375,0.35446021728515625,-0.7668231994628907,0.0
,404,,,,,60.3607177734375,-47.1038818359375,0.44012316284179687,-0.72093603515625,0.0
,405,,,,,61.6607666015625,-47.1038818359375,0.4974044311523438,-0.6822996643066407,0.0
,406,,,,,66.4947509765625,-40.4571533203125,0.5628687377929688,-0.63806982421875,0.0
,407,,,,,66.76025390625,-40.4571533203125,0.6412808898925781,-0.5723983520507813,0.0
,408,,,,,69.012451171875,-36.474609375,0.718450048828125,-0.5207105529785157,0.0
,409,,,,,67.9962158203125,-36.474609375,0.7655802062988282,-0.4769986267089844,0.0
,410,,,,,70.2484130859375,-30.084228515625,0.7988302734375,-0.47503055419921875,0.0
,411,,,,,68.0419921875,-30.084228515625,0.8487571655273438,-0.4379479248046875,0.0
,412,,,,,71.392822265625,-19.73876953125,0.8859433776855469,-0.41339880981445315,0.0
,413,,,,,68.6920166015625,-19.73876953125,0.9064527648925782,-0.3692725524902344,0.0
,414,,,,,72.9583740234375,-7.6171875,0.9113211547851563,-0.3460700134277344,0.0
,415,,,,,69.6807861328125,-7.6171875,0.943846142578125,-0.2952108764648438,0.0
,416,,,,,73.2421875,3.4881591796875,0.9258227416992187,-0.2744943237304688,0.0
,417,,,,,70.6695556640625,3.4881591796875,0.9459177978515625,-0.19794666137695313,0.0
,418,,,,,73.828125,13.3575439453125,0.9491288635253906,-0.11818793334960938,0.0
,419,,,,,67.0623779296875,13.3575439453125,0.9531685913085938,-0.05189496459960938,0.0
,420,,,,,73.187255859375,23.9593505859375,0.9296553039550781,-0.000310748291015625,0.0
,421,,,,,66.650390625,23.9593505859375,0.9456070495605469,0.07364734497070313,0.0
,422,,,,,70.9716796875,31.45751953125,0.9508897705078125,0.14439437255859375,0.0
,423,,,,,62.713623046875,31.45751953125,0.9436389770507813,0.20923718261718752,0.0
,424,,,,,67.4102783203125,39.5782470703125,0.9087315856933594,0.2440409912109375,0.0
,425,,,,,58.685302734375,39.5782470703125,0.9021022888183594,0.3096088806152344,0.0
,426,,,,,60.9832763671875,43.560791015625,0.8864612915039063,0.3806666564941406,0.0
,427,,,,,53.86962890625,43.560791015625,0.8871863708496094,0.4376371765136719,0.0
,428,,,,,57.293701171875,49.5025634765625,0.9028273681640625,0.5068304626464843,0.0
,429,,,,,46.9940185546875,49.5025634765625,0.8618085937500001,0.5385267883300782,0.0
,430,,,,,11.1236572265625,51.1871337890625,0.859322607421875,0.58835009765625,0.0
,431,,,,,19.921875,54.9224853515625,0.7977944458007813,0.5769559936523437,0.0
,432,,,,,22.283935546875,59.014892578125,0.7841215209960938,0.6213929992675782,0.0
,433,,,,,26.1566162109375,62.7410888671875,0.7296369873046875,0.6300939514160157,0.0
,434,,,,,27.6397705078125,65.3045654296875,0.7064344482421875,0.6727700500488282,0.0
,435,,,,,16.2872314453125,67.7764892578125,0.614970867919922,0.6659335876464844,0.0
,436,,,,,17.7337646484375,70.294189453125,0.5757130004882812,0.6881002990722657,0.0
,437,,,,,8.294677734375,72.2625732421875,0.48424942016601563,0.7162748107910156,0.0
,438,,,,,9.063720703125,73.5992431640625,0.46063255004882814,0.7858824279785156,0.0
,439,,,,,-0.2197265625,74.688720703125,0.3944431640625,0.7972765319824219,0.0
,440,,,,,0.3387451171875,75.6591796875,0.3465879272460938,0.8525897277832032,0.0
,441,,,,,-4.6051025390625,76.1077880859375,0.2530526916503906,0.8680235595703125,0.0
,442,,,,,-4.8065185546875,75.7598876953125,0.2068547790527344,0.8920547607421875,0.0
,443,,,,,-10.821533203125,74.8260498046875,0.13113577880859376,0.9050026062011719,0.0
,444,,,,,-11.590576171875,73.49853515625,0.0849378662109375,0.9271693176269532,0.0
,445,,,,,-13.916015625,71.5576171875,0.006732879638671876,0.9225080932617188,0.0
,446,,,,,-18.255615234375,69.6533203125,-0.031178411865234377,0.9236475036621095,0.0
,447,,,,,-23.32763671875,67.584228515625,-0.07944797973632813,0.9194006103515625,0.0
,448,,,,,-29.2510986328125,65.2130126953125,-0.13134294433593752,0.8942299987792969,0.0
,449,,,,,-35.028076171875,62.7044677734375,-0.17567636718750002,0.8592190246582031,0.0
,450,,,,,-39.88037109375,60.662841796875,-0.23150747680664063,0.8531076416015625,0.0
,451,,,,,-44.8974609375,58.2550048828125,-0.3116805358886719,0.8134354431152344,0.0
,452,,,,,-49.127197265625,56.3323974609375,-0.36616506958007816,0.7813247863769531,0.0
,453,,,,,-55.389404296875,50.628662109375,-0.42531082763671874,0.7386486877441406,0.0
,454,,,,,-57.31201171875,50.628662109375,-0.4893249755859375,0.6782599365234375,0.0
,455,,,,,-61.614990234375,45.3277587890625,-0.552717626953125,0.6506033386230469,0.0
,456,,,,,-62.274169921875,45.3277587890625,-0.615695947265625,0.6237754028320313,0.0
,457,,,,,-66.5313720703125,38.0950927734375,-0.6732879638671875,0.5872106872558593,0.0
,458,,,,,-66.2567138671875,38.0950927734375,-0.73419462890625,0.5368694641113282,0.0
,459,,,,,-68.206787109375,33.8104248046875,-0.7761456481933594,0.4923288757324219,0.0
,460,,,,,-66.8609619140625,33.8104248046875,-0.8077383911132813,0.48052044067382815,0.0
,461,,,,,-69.90966796875,26.0009765625,-0.8535219726562501,0.45369250488281254,0.0
,462,,,,,-67.437744140625,26.0009765625,-0.8882221984863281,0.43577268676757813,0.0
,463,,,,,-71.52099609375,14.410400390625,-0.9257191589355469,0.385327880859375,0.0
,464,,,,,-85.7025146484375,-14.4378662109375,-0.9294481384277344,0.36606148681640627,0.0
,465,,,,,-77.0599365234375,-3.5614013671875,-0.9456070495605469,0.30691572875976564,0.0
,466,,,,,-73.8006591796875,-3.5614013671875,-0.9524435119628907,0.28195228271484374,0.0
,467,,,,,-74.4232177734375,-9.48486328125,-0.9572083190917969,0.1976359130859375,0.0
,468,,,,,-71.942138671875,-9.48486328125,-0.938977752685547,0.176505029296875,0.0
,469,,,,,-75.0732421875,-20.1416015625,-0.9652877746582031,0.08835609741210938,0.0
,470,,,,,-66.9891357421875,-20.1416015625,-0.9578298156738282,0.055209613037109376,0.0
,471,,,,,-72.418212890625,-29.5257568359375,-0.9718134887695313,-0.038947119140625,0.0
,472,,,,,-65.0299072265625,-29.5257568359375,-0.9486109497070313,-0.093638818359375,0.0
,473,,,,,-69.4244384765625,-37.1337890625,-0.9448819702148438,-0.16790765991210937,0.0
,474,,,,,-59.967041015625,-37.1337890625,-0.9383562561035157,-0.20167564086914064,0.0
,475,,,,,-63.262939453125,-42.8466796875,-0.9286194763183594,-0.30080434570312503,0.0
,476,,,,,-56.707763671875,-42.8466796875,-0.9067635131835938,-0.3601572692871094,0.0
,477,,,,,-59.1705322265625,-47.1221923828125,-0.902413037109375,-0.4386730041503906,0.0
,478,,,,,-51.251220703125,-47.1221923828125,-0.8698880493164063,-0.46726184692382816,0.0
,479,,,,,-52.001953125,-48.4222412109375,-0.8582867797851563,-0.5254753601074219,0.0
,480,,,,,-40.8966064453125,-51.873779296875,-0.8227578918457031,-0.5184317321777344,0.0
,481,,,,,-42.864990234375,-55.279541015625,-0.7934439697265625,-0.5678407104492188,0.0
,482,,,,,-26.3397216796875,-58.9874267578125,-0.79054365234375,-0.6080308227539063,0.0
,483,,,,,-28.74755859375,-63.1439208984375,-0.7494212951660156,-0.6344444274902344,0.0
,484,,,,,-21.624755859375,-66.888427734375,-0.6926579406738281,-0.6492567626953125,0.0
,485,,,,,-23.3734130859375,-69.9188232421875,-0.6409701416015625,-0.6976299133300782,0.0
,486,,,,,-12.542724609375,-72.5372314453125,-0.5921826599121094,-0.7451744018554688,0.0
,487,,,,,-13.6505126953125,-74.4598388671875,-0.5189496459960937,-0.7786316345214844,0.0
,488,,,,,-5.511474609375,-75.7415771484375,-0.4181636169433594,-0.7833964416503907,0.0
,489,,,,,-6.005859375,-76.5838623046875,-0.3332257507324219,-0.7991410217285156,0.0
,490,,,,,1.666259765625,-76.739501953125,-0.2871314208984375,-0.8536255554199219,0.0
,491,,,,,1.7303466796875,-76.6387939453125,-0.21731663818359376,-0.8726847839355469,0.0
,492,,,,,6.280517578125,-76.409912109375,-0.12523156127929688,-0.8706131286621094,0.0
,493,,,,,6.6192626953125,-75.823974609375,-0.07178285522460938,-0.8860469604492188,0.0
,494,,,,,13.4033203125,-74.4232177734375,-0.0232025390625,-0.9061420166015626,0.0
,495,,,,,14.2730712890625,-72.91259765625,0.02154521484375,-0.9021022888183594,0.0
,496,,,,,17.816162109375,-71.00830078125,0.07157568969726563,-0.8952658264160156,0.0
,497,,,,,22.576904296875,-69.2047119140625,0.08069097290039062,-0.9149465515136719,0.0
,498,,,,,27.996826171875,-67.0623779296875,0.1496770935058594,-0.9027237854003907,0.0
,499,,,,,33.123779296875,-64.617919921875,0.17474412231445313,-0.9034488647460938,0.0
,500,,,,,39.239501953125,-61.6241455078125,0.22850357666015625,-0.8784854187011719,0.0
,501,,,,,44.4671630859375,-59.1796875,0.2807092895507813,-0.8371558959960937,0.0
,502,,,,,49.9786376953125,-54.656982421875,0.34316969604492187,-0.8156106811523438,0.0
,503,,,,,52.3406982421875,-54.656982421875,0.3610895141601563,-0.8246223815917969,0.0
,504,,,,,58.062744140625,-47.8546142578125,0.44426647338867187,-0.76734111328125,0.0
,505,,,,,59.1705322265625,-47.8546142578125,0.5080734558105469,-0.7270474182128907,0.0
,506,,,,,63.3819580078125,-41.30859375,0.6000549499511719,-0.6936937683105469,0.0
,507,,,,,63.3819580078125,-41.30859375,0.6453206176757813,-0.6492567626953125,0.0
,508,,,,,67.5201416015625,-34.0484619140625,0.6985621582031251,-0.5969474670410156,0.0
,509,,,,,66.9342041015625,-34.0484619140625,0.7749026550292969,-0.5526140441894531,0.0
,510,,,,,69.0948486328125,-29.33349609375,0.8180966674804688,-0.5043444763183594,0.0
,511,,,,,67.7398681640625,-29.33349609375,0.8371558959960937,-0.4851816650390625,0.0
,512,,,,,71.2738037109375,-20.2972412109375,0.8693701354980469,-0.45472833251953126,0.0
,513,,,,,68.8385009765625,-20.2972412109375,0.8879114501953125,-0.40179754028320314,0.0
,514,,,,,73.077392578125,-8.4869384765625,0.8868756225585938,-0.37393377685546875,0.0
,515,,,,,70.4132080078125,-8.4869384765625,0.9252012451171875,-0.3272179504394531,0.0
,516,,,,,75.4119873046875,5.3009033203125,0.9259263244628907,-0.2911711486816406,0.0
,517,,,,,71.4202880859375,5.3009033203125,0.9313126281738282,-0.24051917724609376,0.0
,518,,,,,74.1119384765625,15.8660888671875,0.930691131591797,-0.18603464355468752,0.0
,519,,,,,67.8131103515625,15.8660888671875,0.9298624694824219,-0.13227518920898437,0.0
,520,,,,,73.9288330078125,26.4495849609375,0.922300927734375,-0.07716915893554688,0.0
,521,,,,,65.6890869140625,26.4495849609375,0.9360774353027344,0.014087255859375,0.0
,522,,,,,70.587158203125,34.9365234375,0.9235439208984375,0.08006947631835938,0.0
,523,,,,,62.80517578125,34.9365234375,0.9461249633789063,0.16770049438476564,0.0
,524,,,,,67.254638671875,42.645263671875,0.9130820617675781,0.23482212524414064,0.0
,525,,,,,58.0169677734375,42.645263671875,0.9093530822753907,0.31209486694335936,0.0
,526,,,,,60.1226806640625,46.2982177734375,0.9081100891113282,0.38957477416992187,0.0
,527,,,,,55.7830810546875,46.2982177734375,0.8630515869140625,0.42997205200195315,0.0
,528,,,,,56.634521484375,47.772216796875,0.8596333557128907,0.4944005310058594,0.0
,529,,,,,47.8363037109375,51.4068603515625,0.8349806579589844,0.5172923217773437,0.0
,530,,,,,12.890625,53.7872314453125,0.8179930847167969,0.5587254272460938,0.0
,531,,,,,27.996826171875,57.01904296875,0.7672375305175781,0.5652511413574219,0.0
,532,,,,,29.9835205078125,60.4705810546875,0.7668231994628907,0.6238789855957031,0.0
,533,,,,,27.0538330078125,64.3707275390625,0.6926579406738281,0.6225324096679687,0.0
,534,,,,,28.985595703125,67.71240234375,0.6893432922363282,0.6820924987792969,0.0
,535,,,,,18.7957763671875,70.0103759765625,0.5993298706054687,0.6683159912109375,0.0
,536,,,,,20.1141357421875,72.2991943359375,0.5503352233886719,0.6995979858398438,0.0
,537,,,,,10.3729248046875,74.6246337890625,0.4541068359375,0.7304656494140626,0.0
,538,,,,,11.2152099609375,76.0711669921875,0.4140203063964844,0.7840179382324219,0.0
,539,,,,,3.2501220703125,76.64794921875,0.34627717895507815,0.7799782104492188,0.0
,540,,,,,3.5888671875,77.23388671875,0.2932428039550781,0.8321839233398438,0.0
,541,,,,,-1.9134521484375,77.197265625,0.19463201293945312,0.8373630615234375,0.0
,542,,,,,-1.9500732421875,77.1331787109375,0.15692788696289062,0.8820072326660157,0.0
,543,,,,,-7.28759765625,76.4556884765625,0.08576652832031251,0.8998234680175782,0.0
,544,,,,,-8.09326171875,75.054931640625,0.052723626708984374,0.9307947143554688,0.0
,545,,,,,-15.1702880859375,73.4619140625,-0.0227882080078125,0.926547821044922,0.0
,546,,,,,-16.0308837890625,71.9696044921875,-0.04454058837890625,0.9432246459960938,0.0
,547,,,,,-21.002197265625,69.4610595703125,-0.08628444213867188,0.9379419250488281,0.0
,548,,,,,-26.605224609375,66.961669921875,-0.13538267211914062,0.915671630859375,0.0
,549,,,,,-32.757568359375,64.068603515625,-0.2042652099609375,0.8671948974609375,0.0
,550,,,,,-38.397216796875,61.4410400390625,-0.2374116943359375,0.8581831970214844,0.0
,551,,,,,-43.0938720703125,58.8409423828125,-0.27418357543945315,0.8484464172363282,0.0
,552,,,,,-47.332763671875,56.2774658203125,-0.33705831298828126,0.8077383911132813,0.0
,553,,,,,-53.2745361328125,50.9124755859375,-0.4172313720703125,0.7676518615722656,0.0
,554,,,,,-55.4534912109375,50.9124755859375,-0.48663182373046876,0.7138924072265626,0.0
,555,,,,,-60.1959228515625,45.0164794921875,-0.5437059265136719,0.6697661499023437,0.0
,556,,,,,-61.0931396484375,45.0164794921875,-0.6050269226074219,0.6309226135253907,0.0
,557,,,,,-66.4398193359375,36.822509765625,-0.6524678283691406,0.5838960388183594,0.0
,558,,,,,-66.46728515625,36.822509765625,-0.7096455139160156,0.5469169921875,0.0
,559,,,,,-68.9666748046875,31.8695068359375,-0.7558434265136719,0.5126310974121094,0.0
,560,,,,,-68.060302734375,31.8695068359375,-0.8023520874023438,0.49036080322265624,0.0
,561,,,,,-71.0357666015625,24.71923828125,-0.8443031066894532,0.45690357055664066,0.0
,562,,,,,-68.73779296875,24.71923828125,-0.8488607482910157,0.440019580078125,0.0
,563,,,,,-72.711181640625,13.568115234375,-0.8843896362304687,0.3849135498046875,0.0
,564,,,,,-85.7940673828125,-13.5955810546875,-0.8944371643066407,0.37900933227539063,0.0
,565,,,,,-77.142333984375,-3.7353515625,-0.9179504516601563,0.33622965087890627,0.0
,566,,,,,-73.223876953125,-3.7353515625,-0.9376311767578125,0.30795155639648436,0.0
,567,,,,,-74.3865966796875,-11.4990234375,-0.9437425598144532,0.21358765869140625,0.0
,568,,,,,-68.1427001953125,-11.4990234375,-0.9258227416992187,0.1795089294433594,0.0
,569,,,,,-74.45068359375,-22.430419921875,-0.9601086364746094,0.08017305908203125,0.0
,570,,,,,-66.6778564453125,-22.430419921875,-0.9448819702148438,0.05293079223632813,0.0
,571,,,,,-72.3175048828125,-32.1990966796875,-0.9469536254882813,-0.030660498046875,0.0
,572,,,,,-65.4144287109375,-32.1990966796875,-0.9292409729003906,-0.0932244873046875,0.0
,573,,,,,-69.8455810546875,-39.8712158203125,-0.9400135803222657,-0.17163663940429688,0.0
,574,,,,,-61.1663818359375,-39.8712158203125,-0.8983733093261719,-0.21980262451171875,0.0
,575,,,,,-62.9425048828125,-42.9473876953125,-0.8821108154296875,-0.31592742919921873,0.0
,576,,,,,-58.48388671875,-42.9473876953125,-0.8425421997070313,-0.3539423034667969,0.0
,577,,,,,-61.26708984375,-47.7630615234375,-0.8462711791992188,-0.4363941833496094,0.0
,578,,,,,-52.020263671875,-47.7630615234375,-0.8374666442871094,-0.4785523681640625,0.0
,579,,,,,-52.7618408203125,-49.0447998046875,-0.8078419738769531,-0.5292043395996094,0.0
,580,,,,,-41.9769287109375,-51.6998291015625,-0.8081527221679687,-0.5438095092773437,0.0
,581,,,,,-43.817138671875,-54.8858642578125,-0.7674446960449219,-0.5633866516113282,0.0
,582,,,,,-31.219482421875,-58.88671875,-0.7468317260742188,-0.5766452453613281,0.0
,583,,,,,-33.709716796875,-63.1988525390625,-0.7087132690429687,-0.6169389404296876,0.0
,584,,,,,-22.320556640625,-66.4398193359375,-0.6479101867675782,-0.6557824768066406,0.0
,585,,,,,-24.224853515625,-69.7265625,-0.5961188049316406,-0.7084025207519532,0.0
,586,,,,,-15.4541015625,-72.4822998046875,-0.5274434326171875,-0.7391666015625,0.0
,587,,,,,-16.2872314453125,-73.919677734375,-0.4497563598632813,-0.7589509094238281,0.0
,588,,,,,-7.6812744140625,-74.81689453125,-0.396929150390625,-0.7882648315429688,0.0
,589,,,,,-8.09326171875,-75.531005859375,-0.3229710571289063,-0.8085670532226563,0.0
,590,,,,,-1.922607421875,-75.6500244140625,-0.246112646484375,-0.819546826171875,0.0
,591,,,,,-1.702880859375,-75.274658203125,-0.19090303344726564,-0.86678056640625,0.0
,592,,,,,2.947998046875,-74.176025390625,-0.1421155517578125,-0.9084208374023438,0.0
,593,,,,,3.69873046875,-72.8851318359375,-0.09042775268554688,-0.9143250549316406,0.0
,594,,,,,11.68212890625,-71.30126953125,-0.014087255859375,-0.9226116760253906,0.0
,595,,,,,12.5152587890625,-69.8638916015625,0.009633197021484375,-0.9373204284667969,0.0
,596,,,,,15.41748046875,-68.2708740234375,0.07033269653320312,-0.9103889099121094,0.0
,597,,,,,20.7366943359375,-66.5771484375,0.06266757202148437,-0.9340057800292969,0.0
,598,,,,,26.9805908203125,-64.361572265625,0.13403609619140625,-0.8984768920898438,0.0
,599,,,,,33.10546875,-62.017822265625,0.14563736572265626,-0.8947479125976563,0.0
,600,,,,,38.433837890625,-59.893798828125,0.21141242065429688,-0.8664698181152344,0.0
,601,,,,,43.359375,-57.8155517578125,0.25346702270507815,-0.83529140625,0.0
,602,,,,,49.9053955078125,-52.459716796875,0.3098160461425781,-0.8000732666015625,0.0
,603,,,,,52.4871826171875,-52.459716796875,0.34752017211914066,-0.7875397521972657,0.0
,604,,,,,57.5592041015625,-46.8658447265625,0.424275,-0.7455887329101563,0.0
,605,,,,,58.740234375,-46.8658447265625,0.4819705993652344,-0.7174142211914063,0.0
,606,,,,,64.1876220703125,-38.5345458984375,0.5596576721191406,-0.6566111389160156,0.0
,607,,,,,64.4622802734375,-38.5345458984375,0.615695947265625,-0.6228431579589844,0.0
,608,,,,,68.5272216796875,-31.1920166015625,0.6668658325195312,-0.5852426147460937,0.0
,609,,,,,67.6849365234375,-31.1920166015625,0.7200037902832032,-0.5354193054199219,0.0
,610,,,,,69.9371337890625,-25.286865234375,0.7768707275390625,-0.49688651733398437,0.0
,611,,,,,68.51806640625,-25.286865234375,0.8185109985351563,-0.4347368591308594,0.0
,612,,,,,71.246337890625,-17.9901123046875,0.842749365234375,-0.4005545471191406,0.0
,613,,,,,68.7469482421875,-17.9901123046875,0.8671948974609375,-0.3767305114746094,0.0
,614,,,,,73.1964111328125,-5.0537109375,0.8850111328125,-0.3651292419433594,0.0
,615,,,,,70.3125,-5.0537109375,0.894126416015625,-0.33187917480468754,0.0
,616,,,,,74.3499755859375,6.18896484375,0.8925726745605469,-0.2796734619140625,0.0
,617,,,,,71.2646484375,6.18896484375,0.9050026062011719,-0.2398976806640625,0.0
,618,,,,,74.4140625,18.05419921875,0.8778639221191407,-0.18717405395507813,0.0
,619,,,,,68.316650390625,18.05419921875,0.9062455993652344,-0.09788571166992188,0.0
,620,,,,,73.187255859375,26.4862060546875,0.8780710876464844,-0.0368754638671875,0.0
,621,,,,,66.24755859375,26.4862060546875,0.8793140808105468,0.052723626708984374,0.0
,622,,,,,71.649169921875,35.8428955078125,0.8814893188476562,0.12450648193359376,0.0
,623,,,,,64.56298828125,35.8428955078125,0.8865648742675781,0.19079945068359375,0.0
,624,,,,,66.778564453125,39.6697998046875,0.8633623352050781,0.265171875,0.0
,625,,,,,60.8367919921875,39.6697998046875,0.8632587524414063,0.34420552368164065,0.0
,626,,,,,63.958740234375,45.0714111328125,0.8668841491699218,0.41236298217773437,0.0
,627,,,,,58.172607421875,45.0714111328125,0.8501037414550782,0.4479954528808594,0.0
,628,,,,,60.479736328125,49.053955078125,0.8469962585449219,0.5094200317382813,0.0
,629,,,,,47.8546142578125,49.053955078125,0.8246223815917969,0.5372837951660157,0.0
,630,,,,,10.87646484375,52.6885986328125,0.8169572570800782,0.5847247009277344,0.0
,631,,,,,27.1728515625,56.6436767578125,0.7677554443359376,0.5819279663085938,0.0
,632,,,,,29.04052734375,59.8663330078125,0.763197802734375,0.6358945861816406,0.0
,633,,,,,29.443359375,63.09814453125,0.6783635192871094,0.629783203125,0.0
,634,,,,,30.853271484375,65.5426025390625,0.6642762634277344,0.6798136779785157,0.0
,635,,,,,19.4183349609375,68.4906005859375,0.5796491455078125,0.6661407531738281,0.0
,636,,,,,21.1578369140625,71.502685546875,0.5439130920410157,0.7245614318847656,0.0
,637,,,,,12.835693359375,72.857666015625,0.45151726684570315,0.7460030639648437,0.0
,638,,,,,13.3758544921875,73.79150390625,0.41433105468750003,0.8034914978027344,0.0
,639,,,,,3.5797119140625,74.4781494140625,0.3779735046386719,0.8595297729492187,0.0
,640,,,,,3.8726806640625,75.0,0.3147880187988281,0.9006521301269531,0.0
,641,,,,,-1.1627197265625,74.7894287109375,0.20457595825195313,0.8994091369628906,0.0
,642,,,,,-1.46484375,74.2767333984375,0.17505487060546876,0.9387705871582032,0.0
,643,,,,,-8.8531494140625,73.6358642578125,0.12139899902343751,0.9513041015625,0.0
,644,,,,,-9.6038818359375,72.3358154296875,0.07230076904296875,0.9558617431640626,0.0
,645,,,,,-15.032958984375,70.550537109375,-0.0169875732421875,0.9303803833007813,0.0
,646,,,,,-15.8203125,69.17724609375,-0.03293931884765625,0.938874169921875,0.0
,647,,,,,-21.8536376953125,67.08984375,-0.06608580322265625,0.9315197937011719,0.0
,648,,,,,-28.0609130859375,64.5355224609375,-0.10927981567382813,0.9195041931152345,0.0
,649,,,,,-33.2977294921875,61.85302734375,-0.16076044921875002,0.8983733093261719,0.0
,650,,,,,-38.63525390625,59.600830078125,-0.217938134765625,0.8748600219726563,0.0
,651,,,,,-46.3897705078125,53.57666015625,-0.26962593383789063,0.8565258728027344,0.0
,652,,,,,-49.6124267578125,53.57666015625,-0.3145808532714844,0.8133318603515626,0.0
,653,,,,,-55.1422119140625,48.046875,-0.386985205078125,0.7581222473144531,0.0
,654,,,,,-57.147216796875,48.046875,-0.4530710083007813,0.707781024169922,0.0
,655,,,,,-62.4847412109375,41.5740966796875,-0.5167744079589844,0.6694554016113281,0.0
,656,,,,,-63.5467529296875,41.5740966796875,-0.5564466064453125,0.6541251525878906,0.0
,657,,,,,-67.9229736328125,34.7442626953125,-0.6233610717773438,0.6037839294433593,0.0
,658,,,,,-67.8863525390625,34.7442626953125,-0.6851999816894532,0.5679442932128906,0.0
,659,,,,,-71.1181640625,28.4637451171875,-0.7325373046875,0.5298258361816407,0.0
,660,,,,,-69.818115234375,28.4637451171875,-0.7874361694335937,0.48797839965820317,0.0
,661,,,,,-71.795654296875,22.7783203125,-0.8262797058105469,0.4437485595703125,0.0
,662,,,,,-69.818115234375,22.7783203125,-0.846167596435547,0.430075634765625,0.0
,663,,,,,-74.0936279296875,11.8011474609375,-0.8797284118652344,0.37393377685546875,0.0
,664,,,,,-84.99755859375,-11.82861328125,-0.8882221984863281,0.3612966796875,0.0
,665,,,,,-76.7578125,-2.3345947265625,-0.9325556213378906,0.2818486999511719,0.0
,666,,,,,-73.9105224609375,-2.3345947265625,-0.9366989318847656,0.24310874633789062,0.0
,667,,,,,-75.897216796875,-11.2060546875,-0.9609372985839844,0.1785766845703125,0.0
,668,,,,,-68.9300537109375,-11.2060546875,-0.94136015625,0.15858521118164062,0.0
,669,,,,,-75.421142578125,-22.4395751953125,-0.957104736328125,0.05614185791015625,0.0
,670,,,,,-69.580078125,-22.4395751953125,-0.930691131591797,0.02216671142578125,0.0
,671,,,,,-74.1943359375,-30.43212890625,-0.9428103149414063,-0.07406167602539063,0.0
,672,,,,,-66.9525146484375,-30.43212890625,-0.9195041931152345,-0.12958203735351562,0.0
,673,,,,,-71.8597412109375,-38.9373779296875,-0.9080065063476562,-0.17992326049804688,0.0
,674,,,,,-64.8651123046875,-38.9373779296875,-0.8882221984863281,-0.24176217041015627,0.0
,675,,,,,-66.4764404296875,-41.7205810546875,-0.8984768920898438,-0.34741658935546876,0.0
,676,,,,,-61.23046875,-41.7205810546875,-0.8683343078613281,-0.3800451599121094,0.0
,677,,,,,-64.251708984375,-46.9482421875,-0.8729955322265626,-0.46073613281250003,0.0
,678,,,,,-53.9154052734375,-46.9482421875,-0.8548685485839844,-0.4826956787109375,0.0
,679,,,,,-54.766845703125,-48.4222412109375,-0.8456496826171875,-0.5481599853515625,0.0
,680,,,,,-43.0938720703125,-51.3153076171875,-0.8617050109863281,-0.6002621154785156,0.0
,681,,,,,-44.9981689453125,-54.6112060546875,-0.8372594787597657,-0.6348587585449219,0.0
,682,,,,,-32.1807861328125,-59.161376953125,-0.7886791625976562,-0.64138447265625,0.0
,683,,,,,-34.552001953125,-63.2720947265625,-0.7412382568359375,-0.6665550842285156,0.0
,684,,,,,-24.5269775390625,-66.3665771484375,-0.6841641540527343,-0.6981478271484375,0.0
,685,,,,,-26.1016845703125,-69.10400390625,-0.6335121826171876,-0.733365966796875,0.0
,686,,,,,-15.142822265625,-71.429443359375,-0.5653547241210938,-0.7624727233886719,0.0
,687,,,,,-16.2872314453125,-73.3978271484375,-0.5198818908691406,-0.8010055114746094,0.0
,688,,,,,-7.965087890625,-74.4781494140625,-0.4489276977539063,-0.8310445129394531,0.0
,689,,,,,-8.441162109375,-75.3021240234375,-0.3776627563476563,-0.8514503173828125,0.0
,690,,,,,1.86767578125,-75.7415771484375,-0.3427553649902344,-0.9118390686035156,0.0
,691,,,,,1.8218994140625,-75.8056640625,-0.25947482299804686,-0.9174325378417969,0.0
,692,,,,,6.1431884765625,-75.18310546875,-0.19732516479492188,-0.9587620605468751,0.0
,693,,,,,6.6925048828125,-74.23095703125,-0.11342312622070314,-0.95627607421875,0.0
,694,,,,,13.9984130859375,-72.98583984375,-0.04174385375976562,-0.9611444641113281,0.0
,695,,,,,15.0146484375,-71.2188720703125,0.015640997314453127,-0.9533757568359376,0.0
,696,,,,,18.2464599609375,-68.88427734375,0.051480633544921876,-0.9553438293457032,0.0
,697,,,,,22.88818359375,-67.0806884765625,0.05904217529296875,-0.9699489990234376,0.0
,698,,,,,28.2257080078125,-64.9658203125,0.12481723022460937,-0.9445712219238281,0.0
,699,,,,,34.9822998046875,-62.091064453125,0.13123936157226562,-0.9250976623535156,0.0
,700,,,,,41.3818359375,-59.21630859375,0.19577142333984376,-0.9142214721679688,0.0
,701,,,,,46.0784912109375,-56.5338134765625,0.24290158081054689,-0.8610835144042969,0.0
,702,,,,,52.752685546875,-50.50048828125,0.2993541870117188,-0.841920703125,0.0
,703,,,,,55.755615234375,-50.50048828125,0.33208634033203127,-0.8219292297363282,0.0
,704,,,,,61.1480712890625,-44.9066162109375,0.3829454772949219,-0.7918902282714844,0.0
,705,,,,,62.2650146484375,-44.9066162109375,0.44851336669921876,-0.735023291015625,0.0
,706,,,,,66.6229248046875,-39.29443359375,0.5341763122558594,-0.6835426574707032,0.0
,707,,,,,67.364501953125,-39.29443359375,0.6050269226074219,-0.6462528625488282,0.0
,708,,,,,71.575927734375,-32.0709228515625,0.6647941772460938,-0.5913539978027343,0.0
,709,,,,,70.8526611328125,-32.0709228515625,0.7391666015625,-0.52868642578125,0.0
,710,,,,,72.32666015625,-27.557373046875,0.7931332214355469,-0.47596279907226563,0.0
,711,,,,,70.5047607421875,-27.557373046875,0.8399526306152344,-0.43608343505859376,0.0
,712,,,,,74.0020751953125,-17.9534912109375,0.8631551696777344,-0.4107056579589844,0.0
,713,,,,,71.7681884765625,-17.9534912109375,0.9064527648925782,-0.36160742797851564,0.0
,714,,,,,75.750732421875,-6.8023681640625,0.9089387512207031,-0.3302218505859375,0.0
,715,,,,,72.9217529296875,-6.8023681640625,0.935559521484375,-0.29044606933593753,0.0
,716,,,,,77.45361328125,5.7220458984375,0.9310018798828126,-0.25688525390625,0.0
,717,,,,,74.0753173828125,5.7220458984375,0.9398064147949219,-0.21866321411132814,0.0
,718,,,,,77.45361328125,16.424560546875,0.9278943969726563,-0.15868879394531252,0.0
,719,,,,,71.6949462890625,16.424560546875,0.922404510498047,-0.09457106323242188,0.0
,720,,,,,77.38037109375,26.25732421875,0.9225080932617188,-0.01180843505859375,0.0
,721,,,,,68.994140625,26.25732421875,0.938874169921875,0.07634049682617187,0.0
,722,,,,,73.5076904296875,34.075927734375,0.8992019714355469,0.12833904418945313,0.0
,723,,,,,66.3299560546875,34.075927734375,0.9175361206054687,0.20250430297851563,0.0
,724,,,,,69.140625,38.9373779296875,0.9242690002441406,0.2827809448242188,0.0
,725,,,,,62.054443359375,38.9373779296875,0.9161895446777344,0.35953577270507814,0.0
,726,,,,,64.8284912109375,43.7347412109375,0.9246833312988282,0.43691209716796875,0.0
,727,,,,,58.1451416015625,43.7347412109375,0.9172253723144531,0.48549241333007814,0.0
,728,,,,,60.5621337890625,47.9278564453125,0.9227152587890626,0.5465026611328125,0.0
,729,,,,,47.86376953125,47.9278564453125,0.8835609741210938,0.5528212097167969,0.0
,730,,,,,9.5489501953125,51.5350341796875,0.8658483215332031,0.6008836120605469,0.0
,731,,,,,26.3031005859375,55.4443359375,0.8203754882812501,0.6084451538085938,0.0
,732,,,,,28.289794921875,58.8775634765625,0.8165429260253907,0.6481173522949218,0.0
,733,,,,,27.4566650390625,63.0157470703125,0.740927508544922,0.6493603454589844,0.0
,734,,,,,29.4891357421875,66.5313720703125,0.6991836547851563,0.6850963989257812,0.0
,735,,,,,19.5098876953125,69.268798828125,0.6184926818847657,0.680331591796875,0.0
,736,,,,,20.7275390625,71.3836669921875,0.5928041564941406,0.7149282348632813,0.0
,737,,,,,9.6038818359375,73.35205078125,0.4931575378417969,0.7415490051269531,0.0
,738,,,,,10.308837890625,74.5697021484375,0.47596279907226563,0.8146784362792969,0.0
,739,,,,,1.7120361328125,74.8626708984375,0.40821967163085937,0.8604620178222656,0.0
,740,,,,,1.8402099609375,75.0732421875,0.36202175903320316,0.9035524475097656,0.0
,741,,,,,-5.5206298828125,74.96337890625,0.25336343994140625,0.895783740234375,0.0
,742,,,,,-5.767822265625,74.5513916015625,0.20923718261718752,0.9244761657714844,0.0
,743,,,,,-10.72998046875,73.388671875,0.13061786499023437,0.9407386596679688,0.0
,744,,,,,-11.6455078125,71.81396484375,0.0849378662109375,0.9549294982910157,0.0
,745,,,,,-14.2822265625,69.561767578125,0.012119183349609375,0.9473679565429688,0.0
,746,,,,,-19.0521240234375,67.71240234375,-0.018955645751953125,0.9619731262207032,0.0
,747,,,,,-23.73046875,65.496826171875,-0.07105777587890626,0.9395992492675782,0.0
,748,,,,,-29.1961669921875,62.9974365234375,-0.10907265014648437,0.9062455993652344,0.0
,749,,,,,-35.3118896484375,60.1593017578125,-0.16956498413085938,0.8848039672851563,0.0
,750,,,,,-40.83251953125,57.769775390625,-0.22187427978515625,0.8569402038574219,0.0
,751,,,,,-46.4447021484375,53.6590576171875,-0.27915554809570314,0.8191324951171876,0.0
,752,,,,,-49.5391845703125,53.6590576171875,-0.32752869873046875,0.7796674621582032,0.0
,753,,,,,-55.8837890625,47.735595703125,-0.36626865234375,0.7601939025878907,0.0
,754,,,,,-57.9803466796875,47.735595703125,-0.4345296936035156,0.7137888244628906,0.0
,755,,,,,-62.347412109375,42.95654296875,-0.4843530029296875,0.685303564453125,0.0
,756,,,,,-63.24462890625,42.95654296875,-0.5707410278320313,0.6114490539550781,0.0
,757,,,,,-67.8497314453125,35.595703125,-0.6545394836425782,0.5629723205566406,0.0
,758,,,,,-67.7581787109375,35.595703125,-0.6942116821289063,0.5324154052734376,0.0
,759,,,,,-69.5709228515625,31.82373046875,-0.7490069641113282,0.48891064453125,0.0
,760,,,,,-68.7103271484375,31.82373046875,-0.8020413391113281,0.4438521423339844,0.0
,761,,,,,-71.173095703125,25.5157470703125,-0.8366379821777344,0.403558447265625,0.0
,762,,,,,-68.975830078125,25.5157470703125,-0.86015126953125,0.3879174499511719,0.0
,763,,,,,-73.42529296875,13.824462890625,-0.8799355773925781,0.36285042114257815,0.0
,764,,,,,-86.7279052734375,-13.8519287109375,-0.8806606567382813,0.348866748046875,0.0
,765,,,,,-78.204345703125,-3.69873046875,-0.9124605651855469,0.28205586547851563,0.0
,766,,,,,-74.8626708984375,-3.69873046875,-0.9159823791503906,0.25740316772460936,0.0
,767,,,,,-75.0,-9.3841552734375,-0.9439497253417969,0.1645930114746094,0.0
,768,,,,,-72.2259521484375,-9.3841552734375,-0.9475751220703126,0.12440289916992188,0.0
,769,,,,,-75.2197265625,-19.81201171875,-0.9698454162597656,0.0203022216796875,0.0
,770,,,,,-67.9229736328125,-19.81201171875,-0.9507861877441407,0.002796734619140625,0.0
,771,,,,,-72.5921630859375,-27.8961181640625,-0.9422924011230469,-0.07136852416992187,0.0
,772,,,,,-65.057373046875,-27.8961181640625,-0.9510969360351563,-0.12077750244140625,0.0
,773,,,,,-68.9117431640625,-34.588623046875,-0.9757496337890625,-0.20043264770507813,0.0
,774,,,,,-60.2691650390625,-34.588623046875,-0.9434318115234376,-0.25688525390625,0.0
,775,,,,,-62.9791259765625,-39.276123046875,-0.9076957580566406,-0.337265478515625,0.0
,776,,,,,-57.5042724609375,-39.276123046875,-0.8791069152832032,-0.37528035278320315,0.0
,777,,,,,-61.2579345703125,-45.7763671875,-0.8744456909179688,-0.45276026000976566,0.0
,778,,,,,-52.056884765625,-45.7763671875,-0.8411956237792969,-0.46809050903320315,0.0
,779,,,,,-52.862548828125,-47.1771240234375,-0.8284549438476563,-0.5158421630859376,0.0
,780,,,,,-42.022705078125,-50.4364013671875,-0.8090849670410156,-0.5355228881835937,0.0
,781,,,,,-44.110107421875,-54.052734375,-0.776456396484375,-0.5715696899414062,0.0
,782,,,,,-30.7525634765625,-57.89794921875,-0.7535646057128906,-0.5697052001953126,0.0
,783,,,,,-32.99560546875,-61.77978515625,-0.7120279174804688,-0.60823798828125,0.0
,784,,,,,-22.1466064453125,-65.22216796875,-0.691932861328125,-0.6534000732421875,0.0
,785,,,,,-23.6297607421875,-67.803955078125,-0.6535036560058594,-0.6892397094726562,0.0
,786,,,,,-12.286376953125,-70.2484130859375,-0.5778882385253906,-0.6982514099121094,0.0
,787,,,,,-13.421630859375,-72.2259521484375,-0.5105594421386719,-0.7376128601074219,0.0
,788,,,,,-4.72412109375,-73.333740234375,-0.4621862915039063,-0.7845358520507812,0.0
,789,,,,,-5.3375244140625,-74.3865966796875,-0.3920607604980469,-0.8010055114746094,0.0
,790,,,,,4.1839599609375,-74.835205078125,-0.32866810913085936,-0.8316660095214844,0.0
,791,,,,,4.1473388671875,-74.908447265625,-0.2498416259765625,-0.8335304992675782,0.0
,792,,,,,8.3038330078125,-74.4232177734375,-0.19059228515625,-0.8677128112792969,0.0
,793,,,,,8.7249755859375,-73.6907958984375,-0.1238849853515625,-0.8732026977539062,0.0
,794,,,,,15.435791015625,-72.36328125,-0.0592493408203125,-0.885839794921875,0.0
,795,,,,,16.2689208984375,-70.9259033203125,0.003211065673828125,-0.8851147155761719,0.0
,796,,,,,18.5028076171875,-69.43359375,0.08390203857421875,-0.8695773010253907,0.0
,797,,,,,23.5198974609375,-67.584228515625,0.09912870483398438,-0.8829394775390625,0.0
,798,,,,,29.6905517578125,-64.7918701171875,0.13683283081054687,-0.8737206115722657,0.0
,799,,,,,35.595703125,-62.384033203125,0.15609922485351563,-0.8819036499023438,0.0
,800,,,,,40.75927734375,-59.9212646484375,0.21866321411132814,-0.8467890930175781,0.0
,801,,,,,45.59326171875,-57.3944091796875,0.24228008422851563,-0.8466855102539063,0.0
,802,,,,,51.6357421875,-51.9927978515625,0.3106447082519531,-0.8144712707519531,0.0
,803,,,,,54.620361328125,-51.9927978515625,0.33685114746093753,-0.7789423828125001,0.0
,804,,,,,59.8297119140625,-46.98486328125,0.39682556762695315,-0.7278760803222657,0.0
,805,,,,,60.9283447265625,-46.98486328125,0.45887164306640627,-0.7014624755859376,0.0
,806,,,,,65.643310546875,-41.0247802734375,0.5419450195312501,-0.6523642456054688,0.0
,807,,,,,66.1102294921875,-41.0247802734375,0.6174568542480469,-0.6004692810058594,0.0
,808,,,,,68.609619140625,-36.1083984375,0.6762918640136719,-0.5633866516113282,0.0
,809,,,,,68.0419921875,-36.1083984375,0.7234220214843751,-0.5126310974121094,0.0
,810,,,,,70.733642578125,-30.1666259765625,0.7929260559082032,-0.4666403503417969,0.0
,811,,,,,69.0399169921875,-30.1666259765625,0.8474105895996094,-0.42997205200195315,0.0
,812,,,,,72.564697265625,-20.2789306640625,0.8688522216796876,-0.41319164428710936,0.0
,813,,,,,69.744873046875,-20.2789306640625,0.8972338989257813,-0.3798379943847656,0.0
,814,,,,,73.6083984375,-8.8165283203125,0.90987099609375,-0.3479345031738281,0.0
,815,,,,,70.550537109375,-8.8165283203125,0.9374240112304688,-0.31178411865234373,0.0
,816,,,,,74.3865966796875,3.936767578125,0.9358702697753907,-0.27584089965820313,0.0
,817,,,,,71.44775390625,3.936767578125,0.9578298156738282,-0.21151600341796875,0.0
,818,,,,,74.7802734375,13.7237548828125,0.96622001953125,-0.12606022338867187,0.0
,819,,,,,68.2342529296875,13.7237548828125,0.9505790222167969,-0.073750927734375,0.0
,820,,,,,74.1485595703125,23.9593505859375,0.9151537170410157,-0.026827935791015625,0.0
,821,,,,,67.56591796875,23.9593505859375,0.94301748046875,0.05873142700195313,0.0
,822,,,,,71.8963623046875,31.45751953125,0.9319341247558593,0.1305142822265625,0.0
,823,,,,,63.2537841796875,31.45751953125,0.930587548828125,0.1934926025390625,0.0
,824,,,,,68.353271484375,40.2923583984375,0.9153608825683595,0.25035953979492187,0.0
,825,,,,,59.1796875,40.2923583984375,0.9187791137695313,0.31851699829101565,0.0
,826,,,,,61.4227294921875,44.1925048828125,0.9112175720214845,0.38553504638671876,0.0
,827,,,,,54.327392578125,44.1925048828125,0.9135999755859375,0.4436449768066406,0.0
,828,,,,,57.769775390625,50.1434326171875,0.9138071411132813,0.5036193969726562,0.0
,829,,,,,47.79052734375,50.1434326171875,0.8897759399414062,0.5321046569824219,0.0
,830,,,,,11.1419677734375,51.947021484375,0.8579760314941407,0.5741592590332032,0.0
,831,,,,,26.806640625,55.6182861328125,0.8061846496582031,0.577577490234375,0.0
,832,,,,,28.564453125,58.6669921875,0.8101207946777343,0.6330978515625,0.0
,833,,,,,25.286865234375,62.4114990234375,0.7511822021484376,0.6427310485839844,0.0
,834,,,,,27.337646484375,65.9637451171875,0.7385451049804688,0.6854071472167969,0.0
,835,,,,,16.6351318359375,68.4539794921875,0.642213134765625,0.6730807983398438,0.0
,836,,,,,18.2281494140625,71.209716796875,0.5910432495117187,0.6792957641601562,0.0
,837,,,,,7.6904296875,73.6358642578125,0.493053955078125,0.6651049255371094,0.0
,838,,,,,8.5968017578125,75.2105712890625,0.44416289062500003,0.7357483703613281,0.0
,839,,,,,0.7232666015625,75.8880615234375,0.3966184020996094,0.7786316345214844,0.0
,840,,,,,1.043701171875,76.4373779296875,0.3549781311035156,0.8436816101074219,0.0
,841,,,,,-5.3924560546875,76.5472412109375,0.24217650146484376,0.8620157592773438,0.0
,842,,,,,-5.694580078125,76.025390625,0.18966004028320313,0.8935049194335938,0.0
,843,,,,,-10.6475830078125,75.0732421875,0.1404582275390625,0.934834442138672,0.0
,844,,,,,-11.224365234375,74.066162109375,0.06681088256835938,0.934730859375,0.0
,845,,,,,-13.8153076171875,72.3175048828125,-0.0047648071289062505,0.9320377075195313,0.0
,846,,,,,-18.9239501953125,70.6329345703125,-0.05458811645507813,0.9260299072265625,0.0
,847,,,,,-23.5107421875,68.5089111328125,-0.09892153930664063,0.9055205200195313,0.0
,848,,,,,-28.7567138671875,66.2200927734375,-0.13341459960937502,0.8960944885253906,0.0
,849,,,,,-35.0921630859375,63.6566162109375,-0.18862421264648438,0.8655375732421875,0.0
,850,,,,,-40.83251953125,61.3037109375,-0.224567431640625,0.8570437866210938,0.0
,851,,,,,-45.5108642578125,59.014892578125,-0.28847799682617187,0.817889501953125,0.0
,852,,,,,-49.7222900390625,56.781005859375,-0.3526993103027344,0.774799072265625,0.0
,853,,,,,-55.499267578125,51.1322021484375,-0.413502392578125,0.7373021118164063,0.0
,854,,,,,-57.6873779296875,51.1322021484375,-0.48632107543945313,0.6897576232910156,0.0
,855,,,,,-62.6129150390625,45.30029296875,-0.5470205749511718,0.6567147216796875,0.0
,856,,,,,-63.2354736328125,45.30029296875,-0.6125884643554688,0.6083415710449219,0.0
,857,,,,,-67.529296875,37.921142578125,-0.680331591796875,0.5806849731445313,0.0
,858,,,,,-67.218017578125,37.921142578125,-0.7359555358886719,0.5449489196777344,0.0
,859,,,,,-68.9117431640625,34.1033935546875,-0.8011090942382812,0.5127346801757813,0.0
,860,,,,,-67.4560546875,34.1033935546875,-0.8445102722167969,0.46726184692382816,0.0
,861,,,,,-70.20263671875,26.7425537109375,-0.868437890625,0.441676904296875,0.0
,862,,,,,-68.00537109375,26.7425537109375,-0.8966124023437501,0.4296613037109375,0.0
,863,,,,,-72.344970703125,14.794921875,-0.9185719482421876,0.3889532775878906,0.0
,864,,,,,-86.627197265625,-14.8223876953125,-0.934730859375,0.3779735046386719,0.0
,865,,,,,-76.776123046875,-2.74658203125,-0.9583477294921875,0.3056727355957031,0.0
,866,,,,,-74.176025390625,-2.74658203125,-0.9664271850585938,0.27532298583984377,0.0
,867,,,,,-75.5035400390625,-10.4278564453125,-0.9730564819335937,0.21016942749023437,0.0
,868,,,,,-72.161865234375,-10.4278564453125,-0.9535829223632812,0.18489523315429687,0.0
,869,,,,,-75.0457763671875,-19.8486328125,-0.9780284545898438,0.09011700439453126,0.0
,870,,,,,-67.822265625,-19.8486328125,-0.9586584777832031,0.06328906860351563,0.0
,871,,,,,-73.79150390625,-30.1849365234375,-0.9649770263671875,-0.037807708740234376,0.0
,872,,,,,-65.753173828125,-30.1849365234375,-0.9564832397460937,-0.10420426025390625,0.0
,873,,,,,-70.2392578125,-37.9669189453125,-0.9464357116699219,-0.16946140136718751,0.0
,874,,,,,-60.845947265625,-37.9669189453125,-0.9248904968261719,-0.18862421264648438,0.0
,875,,,,,-63.7481689453125,-42.9840087890625,-0.9440533081054687,-0.314062939453125,0.0
,876,,,,,-57.16552734375,-42.9840087890625,-0.9129784790039063,-0.3477273376464844,0.0
,877,,,,,-59.912109375,-47.7447509765625,-0.8783818359375001,-0.41826719970703125,0.0
,878,,,,,-51.8096923828125,-47.7447509765625,-0.8482392517089844,-0.45648923950195314,0.0
,879,,,,,-52.734375,-49.346923828125,-0.8280406127929688,-0.5130454284667969,0.0
,880,,,,,-41.729736328125,-52.6336669921875,-0.826176123046875,-0.546088330078125,0.0
,881,,,,,-43.560791015625,-55.8013916015625,-0.811260205078125,-0.5953937255859375,0.0
,882,,,,,-30.2032470703125,-59.7198486328125,-0.7788388000488281,-0.5912504150390625,0.0
,883,,,,,-32.8216552734375,-64.251708984375,-0.736680615234375,-0.6274007995605468,0.0
,884,,,,,-22.0916748046875,-67.9412841796875,-0.6706983947753906,-0.6486352661132813,0.0
,885,,,,,-23.4466552734375,-70.2850341796875,-0.6277115478515625,-0.6980442443847656,0.0
,886,,,,,-12.70751953125,-72.4273681640625,-0.5700159484863282,-0.7368877807617188,0.0
,887,,,,,-13.916015625,-74.52392578125,-0.5012369934082032,-0.7498356262207031,0.0
,888,,,,,-5.2734375,-75.9429931640625,-0.4521387634277344,-0.7995553527832031,0.0
,889,,,,,-5.7769775390625,-76.812744140625,-0.3542530517578125,-0.7909579833984375,0.0
,890,,,,,1.9866943359375,-77.435302734375,-0.2897209899902344,-0.8245187988281251,0.0
,891,,,,,2.105712890625,-77.2247314453125,-0.20664761352539063,-0.8410920410156251,0.0
,892,,,,,6.3995361328125,-76.6204833984375,-0.12823546142578127,-0.8563187072753906,0.0
,893,,,,,6.62841796875,-76.226806640625,-0.06473922729492188,-0.8711310424804688,0.0
,894,,,,,12.41455078125,-74.89013671875,-0.01595174560546875,-0.8996163024902344,0.0
,895,,,,,13.3026123046875,-73.35205078125,0.032317822265625004,-0.9143250549316406,0.0
,896,,,,,17.578125,-71.6033935546875,0.09084208374023438,-0.9023094543457032,0.0
,897,,,,,23.03466796875,-69.8638916015625,0.07685841064453125,-0.9162931274414062,0.0
,898,,,,,28.253173828125,-67.822265625,0.13859373779296874,-0.9026202026367188,0.0
,899,,,,,33.87451171875,-65.5059814453125,0.15972462158203127,-0.8900866882324219,0.0
,900,,,,,39.8162841796875,-62.6312255859375,0.24300516357421875,-0.8600476867675781,0.0
,901,,,,,44.915771484375,-59.9945068359375,0.26776144409179686,-0.8486535827636719,0.0
,902,,,,,50.2899169921875,-55.096435546875,0.33912996826171876,-0.8162321777343751,0.0
,903,,,,,52.3681640625,-55.096435546875,0.39765422973632814,-0.7867110900878906,0.0
,904,,,,,58.2733154296875,-48.046875,0.4788631164550781,-0.7407203430175782,0.0
,905,,,,,59.3719482421875,-48.046875,0.5368694641113282,-0.7007373962402343,0.0
,906,,,,,63.7481689453125,-41.0980224609375,0.6085487365722656,-0.6762918640136719,0.0
,907,,,,,63.46435546875,-41.0980224609375,0.6700768981933594,-0.6375519104003906,0.0
,908,,,,,67.34619140625,-33.6822509765625,0.7313978942871094,-0.6053376708984375,0.0
,909,,,,,66.68701171875,-33.6822509765625,0.7597795715332032,-0.5689801208496094,0.0
,910,,,,,68.5089111328125,-28.6651611328125,0.8075312255859375,-0.5331404846191407,0.0
,911,,,,,66.925048828125,-28.6651611328125,0.8475141723632813,-0.4872533203125,0.0
,912,,,,,70.60546875,-19.757080078125,0.8798319946289063,-0.43743001098632817,0.0
,913,,,,,68.0877685546875,-19.757080078125,0.9261334899902344,-0.3839813049316406,0.0
,914,,,,,72.125244140625,-8.02001953125,0.918986279296875,-0.37828425292968754,0.0
,915,,,,,69.2230224609375,-8.02001953125,0.9415673217773438,-0.32224597778320313,0.0
,916,,,,,73.6083984375,4.9713134765625,0.9290338073730469,-0.3054655700683594,0.0
,917,,,,,69.964599609375,4.9713134765625,0.92644423828125,-0.2669327819824219,0.0
,918,,,,,73.095703125,15.8660888671875,0.9256155761718751,-0.20571536865234374,0.0
,919,,,,,67.0989990234375,15.8660888671875,0.9108032409667969,-0.14304779663085937,0.0
,920,,,,,73.095703125,26.25732421875,0.9155680480957031,-0.08296979370117188,0.0
,921,,,,,64.5172119140625,26.25732421875,0.9291373901367188,0.002175238037109375,0.0
,922,,,,,69.2596435546875,34.4696044921875,0.9323484558105469,0.09405314941406251,0.0
,923,,,,,62.237548828125,34.4696044921875,0.9522363464355469,0.16407509765625,0.0
,924,,,,,66.4398193359375,41.748046875,0.9074885925292969,0.20944434814453125,0.0
,925,,,,,57.23876953125,41.748046875,0.8985804748535157,0.2932428039550781,0.0
,926,,,,,59.3536376953125,45.4193115234375,0.8918475952148438,0.3742445251464844,0.0
,927,,,,,54.7393798828125,45.4193115234375,0.8720632873535157,0.4289362243652344,0.0
,928,,,,,57.5225830078125,50.2532958984375,0.8742385253906251,0.49999400024414065,0.0
,929,,,,,46.307373046875,50.2532958984375,0.8445102722167969,0.5167744079589844,0.0
,930,,,,,13.1561279296875,52.7618408203125,0.8480320861816406,0.5783025695800782,0.0
,931,,,,,27.374267578125,55.6732177734375,0.7796674621582032,0.5658726379394532,0.0
,932,,,,,29.3060302734375,59.014892578125,0.7610225646972657,0.6164210266113281,0.0
,933,,,,,26.4129638671875,63.226318359375,0.7073666931152344,0.6337193481445312,0.0
,934,,,,,28.582763671875,66.97998046875,0.6728736328125,0.6652085083007813,0.0
,935,,,,,18.804931640625,69.5068359375,0.5728126831054687,0.6482209350585938,0.0
,936,,,,,20.1873779296875,71.905517578125,0.5382160400390625,0.6830247436523438,0.0
,937,,,,,10.1165771484375,73.79150390625,0.44229840087890626,0.7086096862792969,0.0
,938,,,,,10.9954833984375,75.311279296875,0.40210828857421876,0.7720023376464844,0.0
,939,,,,,3.8543701171875,76.043701171875,0.3170668395996094,0.7827749450683594,0.0
,940,,,,,4.0008544921875,76.28173828125,0.2664148681640625,0.8290764404296875,0.0
,941,,,,,-1.3092041015625,76.263427734375,0.20157205810546874,0.8548685485839844,0.0
,942,,,,,-1.611328125,75.7415771484375,0.15340607299804687,0.9051061889648437,0.0
,943,,,,,-7.049560546875,74.6063232421875,0.06515355834960938,0.905727685546875,0.0
,944,,,,,-7.6263427734375,73.6175537109375,0.037082629394531254,0.9304839660644532,0.0
,945,,,,,-14.7674560546875,71.74072265625,-0.005697052001953125,0.9329699523925782,0.0
,946,,,,,-15.911865234375,69.7540283203125,-0.039465032958984375,0.9380455078125001,0.0
,947,,,,,-20.83740234375,67.63916015625,-0.09436389770507812,0.9157752136230469,0.0
,948,,,,,-26.2664794921875,65.167236328125,-0.13538267211914062,0.9038631958007812,0.0
,949,,,,,-32.611083984375,62.548828125,-0.19836099243164063,0.8720632873535157,0.0
,950,,,,,-38.2415771484375,60.24169921875,-0.2530526916503906,0.8529004760742188,0.0
,951,,,,,-42.6361083984375,58.04443359375,-0.30318674926757816,0.8141605224609375,0.0
,952,,,,,-46.6094970703125,56.2408447265625,-0.3395442993164063,0.8015234252929688,0.0
,953,,,,,-52.5604248046875,50.372314453125,-0.40500860595703125,0.758225830078125,0.0
,954,,,,,-54.400634765625,50.372314453125,-0.4753413024902344,0.7099562622070312,0.0
,955,,,,,-59.0423583984375,44.6868896484375,-0.5349013916015625,0.6849928161621094,0.0
,956,,,,,-59.783935546875,44.6868896484375,-0.5821351318359376,0.6449062866210937,0.0
,957,,,,,-64.9932861328125,36.529541015625,-0.6354802551269532,0.6053376708984375,0.0
,958,,,,,-65.2313232421875,36.529541015625,-0.7123386657714844,0.5417378540039063,0.0
,959,,,,,-68.1060791015625,30.9722900390625,-0.76734111328125,0.49667935180664063,0.0
,960,,,,,-67.144775390625,30.9722900390625,-0.7882648315429688,0.470680078125,0.0
,961,,,,,-69.90966796875,24.06005859375,-0.8315624267578126,0.4230320068359375,0.0
,962,,,,,-67.913818359375,24.06005859375,-0.8590118591308594,0.40511218872070315,0.0
,963,,,,,-71.7864990234375,13.6871337890625,-0.9042775268554688,0.35984652099609377,0.0
,964,,,,,-85.0799560546875,-13.714599609375,-0.9086280029296875,0.34928107910156253,0.0
,965,,,,,-76.5380859375,-3.5797119140625,-0.923958251953125,0.3021509216308594,0.0
,966,,,,,-72.7569580078125,-3.5797119140625,-0.9159823791503906,0.2992506042480469,0.0
,967,,,,,-73.7274169921875,-11.187744140625,-0.9290338073730469,0.2224957763671875,0.0
,968,,,,,-67.2637939453125,-11.187744140625,-0.9324520385742188,0.19546067504882814,0.0
,969,,,,,-73.64501953125,-22.2381591796875,-0.9258227416992187,0.12005242309570313,0.0
,970,,,,,-66.2017822265625,-22.2381591796875,-0.9179504516601563,0.0563490234375,0.0
,971,,,,,-71.1456298828125,-30.7891845703125,-0.9051061889648437,-0.02258104248046875,0.0
,972,,,,,-64.2059326171875,-30.7891845703125,-0.8850111328125,-0.06795029296875,0.0
,973,,,,,-68.9849853515625,-39.07470703125,-0.8894651916503906,-0.14097614135742187,0.0
,974,,,,,-60.7635498046875,-39.07470703125,-0.8561115417480469,-0.18126983642578126,0.0
,975,,,,,-62.8692626953125,-42.7276611328125,-0.8579760314941407,-0.28816724853515624,0.0
,976,,,,,-58.4747314453125,-42.7276611328125,-0.8255546264648438,-0.3219352294921875,0.0
,977,,,,,-61.688232421875,-48.284912109375,-0.8120888671875001,-0.40635518188476566,0.0
,978,,,,,-52.7618408203125,-48.284912109375,-0.8086706359863282,-0.4396052490234375,0.0
,979,,,,,-53.485107421875,-49.530029296875,-0.7923045593261719,-0.4872533203125,0.0
,980,,,,,-43.1396484375,-52.6885986328125,-0.8011090942382812,-0.5192603942871094,0.0
,981,,,,,-45.062255859375,-56.011962890625,-0.7652694580078125,-0.5557215270996094,0.0
,982,,,,,-26.898193359375,-59.9395751953125,-0.7291190734863281,-0.5562394409179687,0.0
,983,,,,,-29.3792724609375,-64.251708984375,-0.6885146301269531,-0.6087559020996094,0.0
,984,,,,,-24.0509033203125,-67.2821044921875,-0.6718378051757813,-0.6693518188476563,0.0
,985,,,,,-25.653076171875,-70.05615234375,-0.6226359924316407,-0.7105777587890625,0.0
,986,,,,,-15.05126953125,-72.65625,-0.5708446105957031,-0.7437242431640625,0.0
,987,,,,,-16.1407470703125,-74.542236328125,-0.4732696472167969,-0.7638192993164062,0.0
,988,,,,,-8.3770751953125,-75.4302978515625,-0.40169395751953124,-0.8005911804199219,0.0
,989,,,,,-8.75244140625,-76.0894775390625,-0.34337686157226566,-0.8245187988281251,0.0
,990,,,,,-0.9613037109375,-76.446533203125,-0.287545751953125,-0.8572509521484375,0.0
,991,,,,,-0.6866455078125,-75.9613037109375,-0.1985681579589844,-0.8614978454589844,0.0
,992,,,,,3.9642333984375,-75.0823974609375,-0.11798076782226563,-0.8795212463378906,0.0
,993,,,,,4.39453125,-74.3316650390625,-0.05189496459960938,-0.885839794921875,0.0
,994,,,,,11.7095947265625,-73.040771484375,-0.0033146484375,-0.8927798400878907,0.0
,995,,,,,12.63427734375,-71.429443359375,0.02258104248046875,-0.9084208374023438,0.0
,996,,,,,15.673828125,-69.3511962890625,0.08110530395507813,-0.9256155761718751,0.0
,997,,,,,21.002197265625,-67.3553466796875,0.07302584838867188,-0.9416709045410157,0.0
,998,,,,,27.2369384765625,-64.8834228515625,0.11621986083984376,-0.9199185241699219,0.0
,999,,,,,32.9864501953125,-62.713623046875,0.13030711669921877,-0.9179504516601563,0.0
,1000,,,,,38.323974609375,-60.736083984375,0.216280810546875,-0.8630515869140625,0.0
,1001,,,,,43.7255859375,-58.6578369140625,0.25678167114257816,-0.8548685485839844,0.0
,1002,,,,,50.7843017578125,-52.77099609375,0.30971246337890623,-0.8216184814453126,0.0
,1003,,,,,53.4027099609375,-52.77099609375,0.33892280273437503,-0.7952048767089844,0.0
,1004,,,,,58.48388671875,-47.021484375,0.4011760437011719,-0.7664088684082031,0.0
,1005,,,,,59.564208984375,-47.021484375,0.4705764953613281,-0.7138924072265626,0.0
,1006,,,,,64.9200439453125,-38.726806640625,0.5674263793945312,-0.6630332702636719,0.0
,1007,,,,,64.9932861328125,-38.726806640625,0.6261578063964844,-0.6079272399902343,0.0
,1008,,,,,69.049072265625,-31.7138671875,0.6627225219726562,-0.5764380798339844,0.0
,1009,,,,,68.389892578125,-31.7138671875,0.6914149475097656,-0.5644224792480469,0.0
,1010,,,,,70.78857421875,-25.96435546875,0.7428955810546876,-0.5230929565429687,0.0
,1011,,,,,69.049072265625,-25.96435546875,0.8139533569335938,-0.45638565673828124,0.0
,1012,,,,,71.685791015625,-18.0999755859375,0.8389168029785157,-0.4364977661132813,0.0
,1013,,,,,69.3695068359375,-18.0999755859375,0.8698880493164063,-0.40386919555664064,0.0
,1014,,,,,73.9105224609375,-5.694580078125,0.868437890625,-0.3827383117675781,0.0
,1015,,,,,70.806884765625,-5.694580078125,0.8811785705566406,-0.36357550048828124,0.0
,1016,,,,,74.9176025390625,6.3446044921875,0.8878078674316406,-0.30391182861328125,0.0
,1017,,,,,71.9329833984375,6.3446044921875,0.9067635131835938,-0.2509810363769531,0.0
,1018,,,,,75.5584716796875,17.7703857421875,0.9036560302734375,-0.19784307861328126,0.0
,1019,,,,,68.73779296875,17.7703857421875,0.909974578857422,-0.1263709716796875,0.0
,1020,,,,,74.30419921875,27.4200439453125,0.8943335815429688,-0.057177685546875,0.0
,1021,,,,,68.1427001953125,27.4200439453125,0.9075921752929688,0.040500860595703125,0.0
,1022,,,,,73.0499267578125,35.906982421875,0.8666769836425782,0.10016453247070313,0.0
,1023,,,,,64.48974609375,35.906982421875,0.8894651916503906,0.18168416748046876,0.0
,1024,,,,,67.034912109375,40.3289794921875,0.8584939453125,0.2419693359375,0.0
,1025,,,,,62.1734619140625,40.3289794921875,0.8473070068359375,0.31820625,0.0
,1026,,,,,65.36865234375,45.849609375,0.8625336730957032,0.4089447509765625,0.0
,1027,,,,,58.0902099609375,45.849609375,0.8639838317871094,0.44934202880859375,0.0
,1028,,,,,60.16845703125,49.456787109375,0.8616014282226563,0.5094200317382813,0.0
,1029,,,,,48.4222412109375,49.456787109375,0.8122960327148437,0.5254753601074219,0.0
,1030,,,,,10.601806640625,52.8167724609375,0.81043154296875,0.5848282836914063,0.0
,1031,,,,,28.2623291015625,57.073974609375,0.7512857849121094,0.5894895080566407,0.0
,1032,,,,,30.6793212890625,61.248779296875,0.7558434265136719,0.6309226135253907,0.0
,1033,,,,,29.9102783203125,64.5538330078125,0.6946260131835937,0.6458385314941406,0.0
,1034,,,,,31.494140625,67.3095703125,0.6553681457519531,0.6837498229980469,0.0
,1035,,,,,20.2606201171875,69.873046875,0.5662869689941407,0.6766026123046875,0.0
,1036,,,,,21.533203125,72.088623046875,0.5408056091308594,0.7551183471679688,0.0
,1037,,,,,12.59765625,73.1689453125,0.430075634765625,0.7619548095703125,0.0
,1038,,,,,13.1378173828125,74.102783203125,0.4031441162109375,0.8292836059570313,0.0
,1039,,,,,3.55224609375,74.8260498046875,0.3754875183105469,0.8661590698242188,0.0
,1040,,,,,3.47900390625,74.688720703125,0.3106447082519531,0.8944371643066407,0.0
,1041,,,,,-1.3458251953125,74.2767333984375,0.20416162719726563,0.8906046020507813,0.0
,1042,,,,,-1.4923095703125,74.01123046875,0.168218408203125,0.927272900390625,0.0
,1043,,,,,-9.0362548828125,73.4619140625,0.12450648193359376,0.9466428771972657,0.0
,1044,,,,,-9.2926025390625,73.0133056640625,0.07820498657226563,0.9568975708007813,0.0
,1045,,,,,-14.886474609375,71.7132568359375,0.021234466552734376,0.9547223327636719,0.0
,1046,,,,,-15.6646728515625,70.3582763671875,-0.016469659423828126,0.9536865051269532,0.0
,1047,,,,,-20.8465576171875,68.5272216796875,-0.07613333129882813,0.9282051452636719,0.0
,1048,,,,,-27.6031494140625,65.716552734375,-0.1006824462890625,0.9256155761718751,0.0
,1049,,,,,-34.1400146484375,62.9150390625,-0.1379722412109375,0.9052097717285157,0.0
,1050,,,,,-39.58740234375,60.1043701171875,-0.18033759155273438,0.8855290466308594,0.0
,1051,,,,,-46.746826171875,54.0802001953125,-0.264343212890625,0.8411956237792969,0.0
,1052,,,,,-50.006103515625,54.0802001953125,-0.33892280273437503,0.8031807495117188,0.0
,1053,,,,,-55.99365234375,48.4130859375,-0.4025226196289063,0.7696199340820312,0.0
,1054,,,,,-57.7972412109375,48.4130859375,-0.43732642822265627,0.7334695495605469,0.0
,1055,,,,,-63.134765625,41.8670654296875,-0.5048623901367187,0.6929686889648438,0.0
,1056,,,,,-64.19677734375,41.8670654296875,-0.5629723205566406,0.6532964904785157,0.0
,1057,,,,,-68.6737060546875,35.1837158203125,-0.6295760375976562,0.5996406188964843,0.0
,1058,,,,,-68.51806640625,35.1837158203125,-0.6798136779785157,0.584206787109375,0.0
,1059,,,,,-71.4935302734375,28.912353515625,-0.7470388916015626,0.5209177185058594,0.0
,1060,,,,,-70.1568603515625,28.912353515625,-0.7728309997558594,0.5038265625,0.0
,1061,,,,,-72.0428466796875,23.2086181640625,-0.7902329040527344,0.48766765136718754,0.0
,1062,,,,,-70.0836181640625,23.2086181640625,-0.82700478515625,0.4477882873535156,0.0
,1063,,,,,-73.9654541015625,12.890625,-0.8782782531738281,0.3774555908203125,0.0
,1064,,,,,-86.3433837890625,-12.9180908203125,-0.8929870056152344,0.34617359619140625,0.0
,1065,,,,,-77.2247314453125,-2.5634765625,-0.8890508605957032,0.31002321166992186,0.0
,1066,,,,,-74.0203857421875,-2.5634765625,-0.9062455993652344,0.2896174072265625,0.0
,1067,,,,,-76.5380859375,-11.3067626953125,-0.9142214721679688,0.20385087890625,0.0
,1068,,,,,-70.0103759765625,-11.3067626953125,-0.9254084106445313,0.14853768310546875,0.0
,1069,,,,,-76.6845703125,-22.8607177734375,-0.930691131591797,0.06536072387695313,0.0
,1070,,,,,-70.2392578125,-22.8607177734375,-0.9307947143554688,0.02755301513671875,0.0
,1071,,,,,-74.5513916015625,-30.322265625,-0.9460213806152344,-0.061010247802734376,0.0
,1072,,,,,-66.796875,-30.322265625,-0.9111139892578125,-0.11300879516601563,0.0
,1073,,,,,-71.6400146484375,-38.726806640625,-0.9243725830078126,-0.1760906982421875,0.0
,1074,,,,,-64.4256591796875,-38.726806640625,-0.8945407470703125,-0.22104561767578126,0.0
,1075,,,,,-65.9271240234375,-41.326904296875,-0.8903974365234375,-0.3466915100097656,0.0
,1076,,,,,-60.46142578125,-41.326904296875,-0.8661590698242188,-0.39371808471679687,0.0
,1077,,,,,-63.6016845703125,-46.76513671875,-0.8520718139648438,-0.4572143188476563,0.0
,1078,,,,,-53.466796875,-46.76513671875,-0.8529004760742188,-0.4964721862792969,0.0
,1079,,,,,-54.345703125,-48.284912109375,-0.8425421997070313,-0.5549964477539062,0.0
,1080,,,,,-43.2037353515625,-51.3702392578125,-0.8370523132324219,-0.5719840209960938,0.0
,1081,,,,,-45.0347900390625,-54.5379638671875,-0.8243116333007813,-0.6150744506835938,0.0
,1082,,,,,-26.1016845703125,-58.612060546875,-0.7927188903808594,-0.6428346313476563,0.0
,1083,,,,,-28.30810546875,-62.420654296875,-0.7450708190917968,-0.6817817504882813,0.0
,1084,,,,,-23.4832763671875,-65.0848388671875,-0.7027054687500001,-0.7152389831542969,0.0
,1085,,,,,-25.01220703125,-67.7398681640625,-0.6277115478515625,-0.7329516357421875,0.0
,1086,,,,,-14.849853515625,-69.8822021484375,-0.57840615234375,-0.7595724060058594,0.0
,1087,,,,,-15.8843994140625,-71.66748046875,-0.5158421630859376,-0.8020413391113281,0.0
,1088,,,,,-7.8369140625,-72.930908203125,-0.4271753173828125,-0.8281441955566406,0.0
,1089,,,,,-8.331298828125,-73.8006591796875,-0.3457592651367188,-0.8441995239257812,0.0
,1090,,,,,1.263427734375,-74.1119384765625,-0.3125091979980469,-0.8924690917968751,0.0
,1091,,,,,1.2451171875,-74.1485595703125,-0.24093350830078125,-0.8958873229980469,0.0
,1092,,,,,6.2164306640625,-73.883056640625,-0.1774372741699219,-0.9366989318847656,0.0
,1093,,,,,6.5185546875,-73.370361328125,-0.12782113037109374,-0.9574154846191406,0.0
,1094,,,,,13.604736328125,-72.0703125,-0.058627844238281254,-0.9541008361816407,0.0
,1095,,,,,14.6026611328125,-70.330810546875,-0.019162811279296876,-0.9541008361816407,0.0
,1096,,,,,17.8253173828125,-68.499755859375,0.06463564453125001,-0.9298624694824219,0.0
,1097,,,,,22.6593017578125,-66.4398193359375,0.07219718627929687,-0.9475751220703126,0.0
,1098,,,,,28.3355712890625,-63.702392578125,0.11653060913085937,-0.927272900390625,0.0
,1099,,,,,34.588623046875,-61.12060546875,0.1425298828125,-0.9297588867187501,0.0
,1100,,,,,40.704345703125,-58.48388671875,0.1959785888671875,-0.9005485473632813,0.0
,1101,,,,,45.66650390625,-55.8929443359375,0.23368271484375,-0.8876007019042969,0.0
,1102,,,,,51.837158203125,-50.1251220703125,0.3125091979980469,-0.8291800231933594,0.0
,1103,,,,,54.7393798828125,-50.1251220703125,0.3393371337890625,-0.8051488220214844,0.0
,1104,,,,,60.1593017578125,-44.6868896484375,0.39361450195312503,-0.779771044921875,0.0
,1105,,,,,61.138916015625,-44.6868896484375,0.4579393981933594,-0.7402024291992187,0.0
,1106,,,,,66.1468505859375,-37.738037109375,0.5308616638183594,-0.6891361267089844,0.0
,1107,,,,,66.668701171875,-37.738037109375,0.6117598022460937,-0.6386913208007813,0.0
,1108,,,,,70.1202392578125,-32.1075439453125,0.6826104125976563,-0.5770595764160157,0.0
,1109,,,,,69.4793701171875,-32.1075439453125,0.7223861938476562,-0.5284792602539062,0.0
,1110,,,,,71.4019775390625,-27.099609375,0.7743847412109375,-0.48880706176757815,0.0
,1111,,,,,69.76318359375,-27.099609375,0.8190289123535156,-0.4552462463378906,0.0
,1112,,,,,72.98583984375,-17.816162109375,0.8454425170898437,-0.4313186279296875,0.0
,1113,,,,,70.404052734375,-17.816162109375,0.8772424255371094,-0.38646729125976564,0.0
,1114,,,,,74.3682861328125,-6.5643310546875,0.8936085021972656,-0.35559962768554687,0.0
,1115,,,,,71.7864990234375,-6.5643310546875,0.9317269592285157,-0.31520234985351564,0.0
,1116,,,,,76.116943359375,6.0333251953125,0.914014306640625,-0.2738728271484375,0.0
,1117,,,,,73.3154296875,6.0333251953125,0.9284123107910156,-0.20509387207031252,0.0
,1118,,,,,76.8768310546875,16.00341796875,0.9051061889648437,-0.14936634521484377,0.0
,1119,,,,,70.733642578125,16.00341796875,0.9226116760253906,-0.07696199340820313,0.0
,1120,,,,,76.2451171875,25.5523681640625,0.9253048278808594,0.01512308349609375,0.0
,1121,,,,,67.8680419921875,25.5523681640625,0.9340057800292969,0.06691446533203126,0.0
,1122,,,,,72.2991943359375,33.2244873046875,0.9263406555175782,0.13237877197265627,0.0
,1123,,,,,65.07568359375,33.2244873046875,0.934730859375,0.19981115112304687,0.0
,1124,,,,,68.0328369140625,38.3514404296875,0.9252012451171875,0.28951382446289065,0.0
,1125,,,,,60.8917236328125,38.3514404296875,0.9233367553710938,0.36979046630859375,0.0
,1126,,,,,63.482666015625,42.8375244140625,0.926547821044922,0.44623454589843753,0.0
,1127,,,,,56.964111328125,42.8375244140625,0.8993055541992188,0.4800025268554688,0.0
,1128,,,,,59.8480224609375,47.8271484375,0.9003413818359375,0.5407020263671876,0.0
,1129,,,,,47.3236083984375,47.8271484375,0.8583903625488282,0.5304473327636718,0.0
,1130,,,,,9.246826171875,50.1800537109375,0.8682307250976563,0.5898002563476563,0.0
,1131,,,,,24.8565673828125,53.631591796875,0.8152999328613282,0.5845175354003906,0.0
,1132,,,,,27.2186279296875,57.71484375,0.8079455566406251,0.6334085998535156,0.0
,1133,,,,,26.824951171875,61.962890625,0.7395809326171875,0.6444919555664063,0.0
,1134,,,,,29.0771484375,65.8538818359375,0.7127529968261719,0.6792957641601562,0.0
,1135,,,,,19.4549560546875,68.66455078125,0.6222216613769531,0.6581648803710938,0.0
,1136,,,,,20.9564208984375,71.2646484375,0.5824458801269532,0.6819889160156251,0.0
,1137,,,,,10.052490234375,73.3062744140625,0.4802096923828125,0.721764697265625,0.0
,1138,,,,,10.638427734375,74.30419921875,0.44115899047851564,0.7912687316894531,0.0
,1139,,,,,2.1331787109375,74.96337890625,0.3904034362792969,0.8222399780273437,0.0
,1140,,,,,2.4261474609375,75.4669189453125,0.35332080688476564,0.8689558044433594,0.0
,1141,,,,,-5.74951171875,74.945068359375,0.2590604919433594,0.8741349426269531,0.0
,1142,,,,,-6.243896484375,74.102783203125,0.21151600341796875,0.910699658203125,0.0
,1143,,,,,-11.2060546875,72.9583740234375,0.12212407836914063,0.9070742614746095,0.0
,1144,,,,,-11.9476318359375,71.6766357421875,0.07209360351562501,0.9310018798828126,0.0
,1145,,,,,-14.4744873046875,69.7174072265625,0.0070436279296875,0.9497503601074219,0.0
,1146,,,,,-19.1619873046875,67.694091796875,-0.005904217529296875,0.96622001953125,0.0
,1147,,,,,-23.4466552734375,65.8538818359375,-0.06473922729492188,0.9313126281738282,0.0
,1148,,,,,-28.6468505859375,64.05029296875,-0.11953450927734376,0.8984768920898438,0.0
,1149,,,,,-34.881591796875,61.6973876953125,-0.1620034423828125,0.8782782531738281,0.0
,1150,,,,,-40.8233642578125,59.4085693359375,-0.21887037963867187,0.8309409301757813,0.0
,1151,,,,,-47.3968505859375,54.3365478515625,-0.2755301513671875,0.801316259765625,0.0
,1152,,,,,-50.537109375,54.3365478515625,-0.3146844360351563,0.7707593444824219,0.0
,1153,,,,,-56.982421875,48.2940673828125,-0.3745552734375,0.7421705017089844,0.0
,1154,,,,,-58.9874267578125,48.2940673828125,-0.4385694213867188,0.7214539489746093,0.0
,1155,,,,,-63.189697265625,43.2861328125,-0.5214356323242187,0.6498782592773438,0.0
,1156,,,,,-63.97705078125,43.2861328125,-0.5835852905273438,0.6063734985351563,0.0
,1157,,,,,-68.7835693359375,35.650634765625,-0.6429382141113281,0.5698087829589844,0.0
,1158,,,,,-68.66455078125,35.650634765625,-0.6984585754394531,0.5417378540039063,0.0
,1159,,,,,-70.294189453125,32.061767578125,-0.7578114990234375,0.48953214111328125,0.0
,1160,,,,,-69.195556640625,32.061767578125,-0.7883684143066406,0.4594931396484375,0.0
,1161,,,,,-71.8963623046875,24.79248046875,-0.8385024719238281,0.4055265197753906,0.0
,1162,,,,,-70.0927734375,24.79248046875,-0.8721668701171875,0.38843536376953125,0.0
,1163,,,,,-74.249267578125,14.4287109375,-0.90987099609375,0.33167200927734375,0.0
,1164,,,,,-88.494873046875,-14.4561767578125,-0.9380455078125001,0.32058865356445315,0.0
,1165,,,,,-79.3121337890625,-3.6163330078125,-0.9427067321777344,0.25916407470703123,0.0
,1166,,,,,-75.531005859375,-3.6163330078125,-0.9333842834472657,0.24269441528320312,0.0
,1167,,,,,-75.9613037109375,-9.832763671875,-0.9493360290527344,0.17588353271484375,0.0
,1168,,,,,-73.223876953125,-9.832763671875,-0.947989453125,0.13206802368164064,0.0
,1169,,,,,-76.226806640625,-19.7113037109375,-0.959694305419922,0.03459664306640625,0.0
,1170,,,,,-68.408203125,-19.7113037109375,-0.9446748046875,0.009115283203125,0.0
,1171,,,,,-73.297119140625,-28.179931640625,-0.9534793395996094,-0.07861931762695312,0.0
,1172,,,,,-65.6341552734375,-28.179931640625,-0.9581405639648438,-0.13424326171875,0.0
,1173,,,,,-70.3399658203125,-36.3372802734375,-0.9599014709472656,-0.19939682006835938,0.0
,1174,,,,,-61.1663818359375,-36.3372802734375,-0.9403243286132813,-0.26455037841796875,0.0
,1175,,,,,-63.31787109375,-40.0543212890625,-0.9342129455566407,-0.371240625,0.0
,1176,,,,,-58.19091796875,-40.0543212890625,-0.8944371643066407,-0.39786139526367187,0.0
,1177,,,,,-61.4959716796875,-45.7763671875,-0.8877042846679688,-0.4691263366699219,0.0
,1178,,,,,-52.716064453125,-45.7763671875,-0.8583903625488282,-0.48756406860351564,0.0
,1179,,,,,-53.57666015625,-47.259521484375,-0.8529004760742188,-0.5529247924804688,0.0
,1180,,,,,-42.1142578125,-50.482177734375,-0.8340484130859376,-0.5594505065917968,0.0
,1181,,,,,-44.329833984375,-54.327392578125,-0.79054365234375,-0.5795455627441406,0.0
,1182,,,,,-25.9735107421875,-58.4197998046875,-0.794686962890625,-0.5974653808593751,0.0
,1183,,,,,-28.2257080078125,-62.3199462890625,-0.7528395263671875,-0.62812587890625,0.0
,1184,,,,,-21.8170166015625,-65.4510498046875,-0.7015660583496094,-0.6556788940429688,0.0
,1185,,,,,-23.4375,-68.2525634765625,-0.6555753112792969,-0.7015660583496094,0.0
,1186,,,,,-12.249755859375,-71.2005615234375,-0.5667013000488281,-0.6958690063476562,0.0
,1187,,,,,-13.5498046875,-73.4527587890625,-0.5061053833007813,-0.7340910461425781,0.0
,1188,,,,,-4.8797607421875,-74.652099609375,-0.4492384460449219,-0.7699306823730468,0.0
,1189,,,,,-5.31005859375,-75.3936767578125,-0.3653364074707031,-0.7842251037597656,0.0
,1190,,,,,4.06494140625,-75.567626953125,-0.3133378601074219,-0.826176123046875,0.0
,1191,,,,,4.046630859375,-75.604248046875,-0.2424872497558594,-0.8524861450195312,0.0
,1192,,,,,8.4869384765625,-74.908447265625,-0.17060081176757813,-0.8613942626953125,0.0
,1193,,,,,8.8531494140625,-74.267578125,-0.11549478149414062,-0.8811785705566406,0.0
,1194,,,,,15.3167724609375,-73.1231689453125,-0.03801487426757812,-0.8839753051757813,0.0
,1195,,,,,16.36962890625,-71.30126953125,0.0070436279296875,-0.8884293640136719,0.0
,1196,,,,,18.9971923828125,-69.6258544921875,0.07022911376953125,-0.8949550781250001,0.0
,1197,,,,,24.27978515625,-67.9595947265625,0.07271510009765625,-0.89992705078125,0.0
,1198,,,,,30.3955078125,-65.3961181640625,0.12512797851562502,-0.8826287292480469,0.0
,1199,,,,,36.1175537109375,-62.969970703125,0.14946992797851563,-0.8711310424804688,0.0
,1200,,,,,41.1529541015625,-60.75439453125,0.2067511962890625,-0.8501037414550782,0.0
,1201,,,,,45.9228515625,-58.63037109375,0.24228008422851563,-0.8246223815917969,0.0
,1202,,,,,52.276611328125,-52.9266357421875,0.30277241821289064,-0.789714990234375,0.0
,1203,,,,,54.9407958984375,-52.9266357421875,0.3439983581542969,-0.7572935852050782,0.0
,1204,,,,,60.16845703125,-47.5433349609375,0.398586474609375,-0.7399952636718751,0.0
,1205,,,,,61.4227294921875,-47.5433349609375,0.478138037109375,-0.6841641540527343,0.0
,1206,,,,,66.229248046875,-41.0247802734375,0.5623508239746093,-0.6267793029785157,0.0
,1207,,,,,66.90673828125,-41.0247802734375,0.6252255615234376,-0.5757130004882812,0.0
,1208,,,,,69.5068359375,-36.456298828125,0.6879967163085938,-0.5438095092773437,0.0
,1209,,,,,68.5455322265625,-36.456298828125,0.7552219299316406,-0.4766878784179688,0.0
,1210,,,,,71.136474609375,-30.303955078125,0.8033879150390625,-0.46684751586914064,0.0
,1211,,,,,69.415283203125,-30.303955078125,0.8376738098144532,-0.4362906005859375,0.0
,1212,,,,,72.747802734375,-20.9747314453125,0.8683343078613281,-0.41008416137695314,0.0
,1213,,,,,70.2301025390625,-20.9747314453125,0.8966124023437501,-0.36792597656250003,0.0
,1214,,,,,74.505615234375,-9.0179443359375,0.8993055541992188,-0.33923355102539066,0.0
,1215,,,,,71.7681884765625,-9.0179443359375,0.9332807006835938,-0.3016330078125,0.0
,1216,,,,,75.8697509765625,4.248046875,0.9139107238769532,-0.2780161376953125,0.0
,1217,,,,,72.344970703125,4.248046875,0.9259263244628907,-0.21327691040039062,0.0
,1218,,,,,75.3387451171875,14.0350341796875,0.9237510864257813,-0.14988425903320313,0.0
,1219,,,,,68.6187744140625,14.0350341796875,0.9269621520996094,-0.0990251220703125,0.0
,1220,,,,,74.74365234375,24.6551513671875,0.923958251953125,-0.03791129150390625,0.0
,1221,,,,,68.3074951171875,24.6551513671875,0.9400135803222657,0.046922991943359374,0.0
,1222,,,,,72.8118896484375,32.464599609375,0.9137035583496094,0.09881795654296875,0.0
,1223,,,,,63.9404296875,32.464599609375,0.9259263244628907,0.18323790893554687,0.0
,1224,,,,,68.3807373046875,40.155029296875,0.9246833312988282,0.25709241943359373,0.0
,1225,,,,,59.9578857421875,40.155029296875,0.9116319030761719,0.319034912109375,0.0
,1226,,,,,62.0819091796875,43.8446044921875,0.914014306640625,0.3928894226074219,0.0
,1227,,,,,54.6478271484375,43.8446044921875,0.8898795227050782,0.42862547607421875,0.0
,1228,,,,,58.6029052734375,50.701904296875,0.8822143981933595,0.4790702819824219,0.0
,1229,,,,,48.248291015625,50.701904296875,0.8752743530273438,0.5301365844726562,0.0
,1230,,,,,11.187744140625,52.25830078125,0.8605656005859376,0.5820315490722656,0.0
,1231,,,,,28.125,56.0394287109375,0.7977944458007813,0.5486778991699219,0.0
,1232,,,,,30.487060546875,60.1226806640625,0.7900257385253906,0.6046125915527344,0.0
,1233,,,,,26.8798828125,63.6749267578125,0.74745322265625,0.6243968994140625,0.0
,1234,,,,,28.4820556640625,66.4581298828125,0.7346089599609376,0.6768097778320312,0.0
,1235,,,,,16.3604736328125,69.25048828125,0.6351695068359375,0.668730322265625,0.0
,1236,,,,,17.9534912109375,72.0245361328125,0.6088594848632812,0.688618212890625,0.0
,1237,,,,,8.09326171875,74.102783203125,0.49087871704101566,0.7084025207519532,0.0
,1238,,,,,8.8531494140625,75.421142578125,0.4518280151367188,0.7735560791015625,0.0
,1239,,,,,0.8056640625,76.06201171875,0.4007617126464844,0.8136426086425782,0.0
,1240,,,,,1.025390625,76.4373779296875,0.345552099609375,0.8540398864746094,0.0
,1241,,,,,-5.3924560546875,76.06201171875,0.24942729492187501,0.8778639221191407,0.0
,1242,,,,,-5.5938720703125,75.714111328125,0.19711799926757814,0.9132892272949219,0.0
,1243,,,,,-10.546875,74.8992919921875,0.10472217407226563,0.9307947143554688,0.0
,1244,,,,,-11.38916015625,73.42529296875,0.062356823730468754,0.9343165283203125,0.0
,1245,,,,,-13.9251708984375,71.575927734375,0.0040397277832031255,0.938977752685547,0.0
,1246,,,,,-18.896484375,69.7540283203125,-0.04246893310546875,0.9331771179199219,0.0
,1247,,,,,-23.6480712890625,67.3828125,-0.10265051879882812,0.923958251953125,0.0
,1248,,,,,-29.0863037109375,64.9200439453125,-0.13413967895507814,0.9025166198730469,0.0
,1249,,,,,-35.064697265625,62.3565673828125,-0.17101514282226563,0.8823179809570313,0.0
,1250,,,,,-40.283203125,60.2783203125,-0.22394593505859375,0.8451317687988281,0.0
,1251,,,,,-44.78759765625,58.30078125,-0.30525840454101566,0.8042165771484375,0.0
,1252,,,,,-49.0264892578125,55.9478759765625,-0.38439563598632814,0.7593652404785156,0.0
,1253,,,,,-55.04150390625,49.8138427734375,-0.43825867309570316,0.7509750366210938,0.0
,1254,,,,,-56.927490234375,49.8138427734375,-0.49036080322265624,0.7142031555175782,0.0
,1255,,,,,-61.083984375,44.622802734375,-0.5397697814941407,0.6807459228515625,0.0
,1256,,,,,-61.541748046875,44.622802734375,-0.5821351318359376,0.6524678283691406,0.0
,1257,,,,,-66.1651611328125,36.932373046875,-0.6730807983398438,0.5870035217285157,0.0
,1258,,,,,-65.80810546875,36.932373046875,-0.7389594360351562,0.5503352233886719,0.0
,1259,,,,,-67.12646484375,33.3251953125,-0.7929260559082032,0.49864742431640624,0.0
,1260,,,,,-65.9820556640625,33.3251953125,-0.8156106811523438,0.47616996459960936,0.0
,1261,,,,,-68.682861328125,26.2939453125,-0.8637766662597657,0.42448216552734375,0.0
,1262,,,,,-66.5863037109375,26.2939453125,-0.8956801574707032,0.3974470642089844,0.0
,1263,,,,,-71.30126953125,14.410400390625,-0.9086280029296875,0.35653187255859375,0.0
,1264,,,,,-85.4278564453125,-14.4378662109375,-0.9066599304199219,0.34928107910156253,0.0
,1265,,,,,-76.776123046875,-3.717041015625,-0.9297588867187501,0.2953144592285156,0.0
,1266,,,,,-73.590087890625,-3.717041015625,-0.9284123107910156,0.27190475463867186,0.0
,1267,,,,,-74.066162109375,-9.5947265625,-0.9474715393066406,0.19152453002929687,0.0
,1268,,,,,-71.3470458984375,-9.5947265625,-0.9484037841796875,0.1563063903808594,0.0
,1269,,,,,-74.30419921875,-19.8486328125,-0.9437425598144532,0.070436279296875,0.0
,1270,,,,,-66.6046142578125,-19.8486328125,-0.9245797485351562,0.045887164306640624,0.0
,1271,,,,,-71.8597412109375,-28.9581298828125,-0.9606265502929687,-0.05500244750976563,0.0
,1272,,,,,-64.3798828125,-28.9581298828125,-0.9524435119628907,-0.10120036010742188,0.0
,1273,,,,,-69.3603515625,-37.5823974609375,-0.9517184326171876,-0.16428226318359376,0.0
,1274,,,,,-59.527587890625,-37.5823974609375,-0.945503466796875,-0.18945287475585937,0.0
,1275,,,,,-62.0452880859375,-41.949462890625,-0.9401171630859375,-0.2828845275878906,0.0
,1276,,,,,-56.2408447265625,-41.949462890625,-0.9104924926757813,-0.3499025756835938,0.0
,1277,,,,,-59.47265625,-47.5433349609375,-0.8757922668457031,-0.4285218933105469,0.0
,1278,,,,,-50.830078125,-47.5433349609375,-0.8527968933105469,-0.4496527770996094,0.0
,1279,,,,,-51.544189453125,-48.7701416015625,-0.8206862365722657,-0.49295037231445316,0.0
,1280,,,,,-41.2445068359375,-51.7822265625,-0.8159214294433594,-0.5432915954589844,0.0
,1281,,,,,-43.212890625,-55.1971435546875,-0.7898185729980469,-0.5820315490722656,0.0
,1282,,,,,-30.084228515625,-59.43603515625,-0.7680661926269532,-0.5918719116210938,0.0
,1283,,,,,-32.3455810546875,-63.3544921875,-0.7413418395996094,-0.6274007995605468,0.0
,1284,,,,,-21.7437744140625,-66.1651611328125,-0.6943152648925781,-0.6603401184082032,0.0
,1285,,,,,-23.272705078125,-68.81103515625,-0.6364125,-0.6868573059082032,0.0
,1286,,,,,-12.2955322265625,-71.2738037109375,-0.5633866516113282,-0.7188643798828125,0.0
,1287,,,,,-13.5955810546875,-73.5260009765625,-0.5077627075195312,-0.7594688232421876,0.0
,1288,,,,,-5.511474609375,-74.871826171875,-0.428418310546875,-0.7853645141601563,0.0
,1289,,,,,-6.0333251953125,-75.76904296875,-0.35435663452148436,-0.8025592529296875,0.0
,1290,,,,,1.9775390625,-76.0345458984375,-0.2917926452636719,-0.8522789794921876,0.0
,1291,,,,,1.7852783203125,-76.3641357421875,-0.20291863403320312,-0.8579760314941407,0.0
,1292,,,,,5.82275390625,-75.91552734375,-0.13973314819335939,-0.8790033325195312,0.0
,1293,,,,,6.2896728515625,-75.1190185546875,-0.08234829711914063,-0.9002377990722656,0.0
,1294,,,,,13.4124755859375,-73.7457275390625,0.00103582763671875,-0.90655634765625,0.0
,1295,,,,,14.337158203125,-72.1527099609375,0.02817451171875,-0.9088351684570313,0.0
,1296,,,,,17.156982421875,-70.6329345703125,0.0874238525390625,-0.8922619262695313,0.0
,1297,,,,,22.210693359375,-68.9849853515625,0.09508897705078126,-0.9112175720214845,0.0
,1298,,,,,27.447509765625,-67.144775390625,0.14356571044921876,-0.9085244201660156,0.0
,1299,,,,,33.8836669921875,-64.4073486328125,0.16480017700195312,-0.9081100891113282,0.0
,1300,,,,,39.678955078125,-61.5142822265625,0.23306121826171874,-0.8664698181152344,0.0
,1301,,,,,43.90869140625,-59.3536376953125,0.27418357543945315,-0.8457532653808594,0.0
,1302,,,,,50.0518798828125,-53.6224365234375,0.3383013061523438,-0.8245187988281251,0.0
,1303,,,,,52.3956298828125,-53.6224365234375,0.3653364074707031,-0.7972765319824219,0.0
,1304,,,,,57.8155517578125,-47.2137451171875,0.4682976745605469,-0.7502499572753907,0.0
,1305,,,,,58.2733154296875,-47.2137451171875,0.5265111877441406,-0.7234220214843751,0.0
,1306,,,,,62.1826171875,-41.4093017578125,0.6029552673339844,-0.6771205261230469,0.0
,1307,,,,,62.6678466796875,-41.4093017578125,0.653814404296875,-0.6523642456054688,0.0
,1308,,,,,66.9158935546875,-34.222412109375,0.7178285522460938,-0.5798563110351562,0.0
,1309,,,,,66.375732421875,-34.222412109375,0.7552219299316406,-0.5201926391601562,0.0
,1310,,,,,68.5638427734375,-29.3243408203125,0.8068061462402344,-0.4860103271484375,0.0
,1311,,,,,67.7032470703125,-29.3243408203125,0.8629480041503906,-0.4447843872070313,0.0
,1312,,,,,71.3287353515625,-20.0042724609375,0.8898795227050782,-0.41660987548828127,0.0
,1313,,,,,68.88427734375,-20.0042724609375,0.9005485473632813,-0.40086529541015625,0.0
,1314,,,,,73.05908203125,-8.514404296875,0.9121498168945312,-0.3800451599121094,0.0
,1315,,,,,70.01953125,-8.514404296875,0.9315197937011719,-0.3572569519042969,0.0
,1316,,,,,74.3865966796875,5.145263671875,0.9422924011230469,-0.29562520751953125,0.0
,1317,,,,,70.806884765625,5.145263671875,0.9407386596679688,-0.2470448913574219,0.0
,1318,,,,,74.08447265625,16.36962890625,0.9202292724609376,-0.2034365478515625,0.0
,1319,,,,,67.1905517578125,16.36962890625,0.9468500427246094,-0.12833904418945313,0.0
,1320,,,,,73.0133056640625,26.4678955078125,0.9210579345703125,-0.06763954467773438,0.0
,1321,,,,,65.8538818359375,26.4678955078125,0.91981494140625,-0.0030039001464843753,0.0
,1322,,,,,70.3399658203125,34.2315673828125,0.9129784790039063,0.07779065551757813,0.0
,1323,,,,,61.8804931640625,34.2315673828125,0.9335914489746094,0.16946140136718751,0.0
,1324,,,,,66.4947509765625,42.2332763671875,0.910699658203125,0.23057523193359375,0.0
,1325,,,,,58.978271484375,42.2332763671875,0.9017915405273438,0.2921033935546875,0.0
,1326,,,,,61.083984375,45.88623046875,0.8963016540527344,0.3742445251464844,0.0
,1327,,,,,54.583740234375,45.88623046875,0.8703023803710938,0.43183654174804686,0.0
,1328,,,,,57.6690673828125,51.2237548828125,0.8787961669921875,0.502997900390625,0.0
,1329,,,,,47.57080078125,51.2237548828125,0.8547649658203125,0.5176030700683594,0.0
,1330,,,,,12.7899169921875,53.3294677734375,0.8186145812988281,0.5492993957519532,0.0
,1331,,,,,21.1761474609375,56.9183349609375,0.7743847412109375,0.5738485107421876,0.0
,1332,,,,,23.3367919921875,60.662841796875,0.7590544921875,0.6175604370117188,0.0
,1333,,,,,27.703857421875,64.141845703125,0.7068487792968751,0.6290581237792969,0.0
,1334,,,,,29.2327880859375,66.7877197265625,0.6887217956542969,0.6758775329589845,0.0
,1335,,,,,18.3837890625,69.7174072265625,0.5970510498046875,0.6675909118652344,0.0
,1336,,,,,19.9859619140625,72.491455078125,0.5500244750976563,0.707781024169922,0.0
,1337,,,,,11.0687255859375,74.359130859375,0.44582021484375,0.720107373046875,0.0
,1338,,,,,11.810302734375,75.640869140625,0.40614801635742187,0.7828785278320313,0.0
,1339,,,,,3.69873046875,76.5289306640625,0.3481416687011719,0.817164422607422,0.0
,1340,,,,,4.156494140625,77.325439453125,0.30701931152343753,0.8531076416015625,0.0
,1341,,,,,-1.8035888671875,77.4627685546875,0.19794666137695313,0.8437851928710938,0.0
,1342,,,,,-2.0233154296875,77.0782470703125,0.13186085815429688,0.8785890014648438,0.0
,1343,,,,,-7.177734375,76.0894775390625,0.07426884155273437,0.9190898620605469,0.0
,1344,,,,,-7.891845703125,74.8443603515625,0.04412625732421875,0.9409458251953126,0.0
,1345,,,,,-15.069580078125,72.7294921875,-0.01325859375,0.9507861877441407,0.0
,1346,,,,,-16.0858154296875,70.9808349609375,-0.04340117797851563,0.9605229675292969,0.0
,1347,,,,,-21.1029052734375,68.66455078125,-0.09053133544921875,0.9464357116699219,0.0
,1348,,,,,-26.7425537109375,65.8538818359375,-0.1372471618652344,0.9316233764648438,0.0
,1349,,,,,-33.123779296875,62.9150390625,-0.18334149169921876,0.91650029296875,0.0
,1350,,,,,-38.616943359375,60.5712890625,-0.21866321411132814,0.8900866882324219,0.0
,1351,,,,,-42.8558349609375,58.4930419921875,-0.28236661376953126,0.8478249206542969,0.0
,1352,,,,,-46.966552734375,56.2957763671875,-0.3351938232421875,0.8079455566406251,0.0
,1353,,,,,-52.99072265625,51.0772705078125,-0.4031441162109375,0.75739716796875,0.0
,1354,,,,,-55.2703857421875,51.0772705078125,-0.48559599609375004,0.7109920898437501,0.0
,1355,,,,,-60.113525390625,44.989013671875,-0.5380088745117187,0.6874788024902344,0.0
,1356,,,,,-61.0382080078125,44.989013671875,-0.5894895080566407,0.6550573974609375,0.0
,1357,,,,,-66.2933349609375,36.8133544921875,-0.6540215698242188,0.5939435668945313,0.0
,1358,,,,,-66.2567138671875,36.8133544921875,-0.7037412963867188,0.5718804382324219,0.0
,1359,,,,,-68.6279296875,31.53076171875,-0.7579150817871094,0.5249574462890625,0.0
,1360,,,,,-67.5201416015625,31.53076171875,-0.7937547180175781,0.4826956787109375,0.0
,1361,,,,,-70.3765869140625,24.3072509765625,-0.8275226989746094,0.4519315979003906,0.0
,1362,,,,,-68.3349609375,24.3072509765625,-0.8656411560058594,0.4261394897460938,0.0
,1363,,,,,-72.381591796875,13.51318359375,-0.9129784790039063,0.38315264282226563,0.0
,1364,,,,,-85.400390625,-13.5406494140625,-0.9197113586425781,0.37227645263671877,0.0
,1365,,,,,-75.823974609375,-2.3162841796875,-0.9242690002441406,0.3177919189453125,0.0
,1366,,,,,-72.344970703125,-2.3162841796875,-0.9087315856933594,0.30308316650390627,0.0
,1367,,,,,-74.4598388671875,-11.2518310546875,-0.9298624694824219,0.217938134765625,0.0
,1368,,,,,-67.6025390625,-11.2518310546875,-0.9135999755859375,0.209651513671875,0.0
,1369,,,,,-74.176025390625,-22.6318359375,-0.9356631042480469,0.11280162963867188,0.0
,1370,,,,,-67.4102783203125,-22.6318359375,-0.9254084106445313,0.059974420166015625,0.0
,1371,,,,,-72.418212890625,-31.292724609375,-0.9204364379882812,-0.025170611572265626,0.0
,1372,,,,,-64.7918701171875,-31.292724609375,-0.9023094543457032,-0.07530466918945312,0.0
,1373,,,,,-69.7998046875,-39.971923828125,-0.9056241027832032,-0.1487448486328125,0.0
,1374,,,,,-61.907958984375,-39.971923828125,-0.8617050109863281,-0.1653180908203125,0.0
,1375,,,,,-63.7847900390625,-43.231201171875,-0.8555936279296875,-0.2821594482421875,0.0
,1376,,,,,-59.124755859375,-43.231201171875,-0.8448210205078125,-0.3406837097167969,0.0
,1377,,,,,-62.1734619140625,-48.5137939453125,-0.8339448303222656,-0.41101640625,0.0
,1378,,,,,-53.3935546875,-48.5137939453125,-0.8059774841308593,-0.43276878662109375,0.0
,1379,,,,,-54.16259765625,-49.84130859375,-0.79717294921875,-0.49999400024414065,0.0
,1380,,,,,-41.9952392578125,-52.8717041015625,-0.7792531311035157,-0.5268219360351563,0.0
,1381,,,,,-44.5404052734375,-57.293701171875,-0.7457958984375,-0.5577931823730469,0.0
,1382,,,,,-32.427978515625,-61.138916015625,-0.7098526794433594,-0.5559286926269531,0.0
,1383,,,,,-34.2864990234375,-64.361572265625,-0.6895504577636719,-0.6247076477050781,0.0
,1384,,,,,-23.455810546875,-67.9412841796875,-0.6715270568847657,-0.6775348571777344,0.0
,1385,,,,,-25.2410888671875,-71.044921875,-0.6034731811523437,-0.7038448791503906,0.0
,1386,,,,,-16.0308837890625,-72.894287109375,-0.5363515502929688,-0.7193822937011719,0.0
,1387,,,,,-16.9647216796875,-74.505615234375,-0.47130157470703127,-0.7571900024414063,0.0
,1388,,,,,-7.8643798828125,-76.13525390625,-0.3933037536621094,-0.7935475524902345,0.0
,1389,,,,,-8.3221435546875,-76.9317626953125,-0.3299111022949219,-0.8127103637695313,0.0
,1390,,,,,-1.4556884765625,-77.0233154296875,-0.27004026489257815,-0.869266552734375,0.0
,1391,,,,,-1.3092041015625,-76.776123046875,-0.19173169555664063,-0.8770352600097656,0.0
,1392,,,,,3.5980224609375,-76.2451171875,-0.1205703369140625,-0.885839794921875,0.0
,1393,,,,,4.083251953125,-75.3936767578125,-0.067121630859375,-0.9091459167480469,0.0
,1394,,,,,11.993408203125,-73.883056640625,-0.013880090332031251,-0.9345236938476563,0.0
,1395,,,,,12.945556640625,-72.2442626953125,0.03293931884765625,-0.9313126281738282,0.0
,1396,,,,,15.93017578125,-70.01953125,0.09343165283203125,-0.9254084106445313,0.0
,1397,,,,,21.1029052734375,-67.9412841796875,0.08483428344726562,-0.9414637390136719,0.0
,1398,,,,,27.392578125,-65.2587890625,0.13859373779296874,-0.920643603515625,0.0
,1399,,,,,33.599853515625,-62.8326416015625,0.15433831787109376,-0.8989948059082031,0.0
,1400,,,,,38.8641357421875,-60.772705078125,0.2089264343261719,-0.8732026977539062,0.0
,1401,,,,,43.98193359375,-58.4564208984375,0.25709241943359373,-0.833737664794922,0.0
,1402,,,,,50.9307861328125,-53.045654296875,0.3319827575683594,-0.7937547180175781,0.0
,1403,,,,,53.521728515625,-53.045654296875,0.3593286071777344,-0.7726238342285157,0.0
,1404,,,,,58.465576171875,-47.259521484375,0.431732958984375,-0.7386486877441406,0.0
,1405,,,,,60.003662109375,-47.259521484375,0.470680078125,-0.7361627014160157,0.0
,1406,,,,,65.6890869140625,-39.1571044921875,0.5613149963378906,-0.6978370788574219,0.0
,1407,,,,,65.606689453125,-39.1571044921875,0.6217037475585938,-0.6502925903320312,0.0
,1408,,,,,69.451904296875,-31.7962646484375,0.6822996643066407,-0.6087559020996094,0.0
,1409,,,,,68.3807373046875,-31.7962646484375,0.7377164428710937,-0.5599684204101563,0.0
,1410,,,,,70.477294921875,-25.4608154296875,0.7755241516113281,-0.5293079223632813,0.0
,1411,,,,,68.6737060546875,-25.4608154296875,0.8260725402832032,-0.4807276062011719,0.0
,1412,,,,,70.9625244140625,-17.7154541015625,0.8635695007324219,-0.43939808349609377,0.0
,1413,,,,,68.1243896484375,-17.7154541015625,0.8867720397949219,-0.4065623474121094,0.0
,1414,,,,,72.7935791015625,-4.742431640625,0.8934013366699219,-0.36885822143554686,0.0
,1415,,,,,69.854736328125,-4.742431640625,0.9102853271484376,-0.3333293334960938,0.0
,1416,,,,,73.553466796875,6.4453125,0.8943335815429688,-0.2910675659179688,0.0
,1417,,,,,70.751953125,6.4453125,0.920643603515625,-0.21410557250976564,0.0
,1418,,,,,74.5147705078125,18.56689453125,0.9228188415527344,-0.151645166015625,0.0
,1419,,,,,68.2159423828125,18.56689453125,0.9254084106445313,-0.08939192504882813,0.0
,1420,,,,,72.8302001953125,26.5594482421875,0.8812821533203126,-0.0526200439453125,0.0
,1421,,,,,66.1285400390625,26.5594482421875,0.8930905883789063,0.04205460205078125,0.0
,1422,,,,,71.2188720703125,35.3759765625,0.8659519042968751,0.11725568847656251,0.0
,1423,,,,,63.8946533203125,35.3759765625,0.8714417907714844,0.17930176391601563,0.0
,1424,,,,,66.0736083984375,39.14794921875,0.8797284118652344,0.26247872314453125,0.0
,1425,,,,,60.4339599609375,39.14794921875,0.8714417907714844,0.32835736083984374,0.0
,1426,,,,,63.4918212890625,44.4488525390625,0.854350634765625,0.4011760437011719,0.0
,1427,,,,,57.1929931640625,44.4488525390625,0.8580796142578125,0.46280778808593753,0.0
,1428,,,,,59.747314453125,48.8616943359375,0.8482392517089844,0.51874248046875,0.0
,1429,,,,,47.5067138671875,48.8616943359375,0.7944797973632812,0.5120096008300782,0.0
,1430,,,,,10.9954833984375,52.4871826171875,0.793029638671875,0.5612114135742188,0.0
,1431,,,,,26.953125,56.396484375,0.7583294128417969,0.5657690551757812,0.0
,1432,,,,,28.985595703125,59.912109375,0.7373021118164063,0.609066650390625,0.0
,1433,,,,,28.509521484375,63.2080078125,0.6656228393554687,0.6185962646484375,0.0
,1434,,,,,30.2398681640625,66.2017822265625,0.6535036560058594,0.6792957641601562,0.0
,1435,,,,,20.4437255859375,68.8201904296875,0.5760237487792969,0.6671765808105469,0.0
,1436,,,,,21.514892578125,70.6695556640625,0.53200107421875,0.7203145385742188,0.0
,1437,,,,,13.037109375,72.2625732421875,0.431732958984375,0.7380271911621094,0.0
,1438,,,,,13.494873046875,73.05908203125,0.42282484130859377,0.8125031982421875,0.0
,1439,,,,,3.6346435546875,73.7548828125,0.3757982666015625,0.842024285888672,0.0
,1440,,,,,4.0191650390625,74.4140625,0.30971246337890623,0.872581201171875,0.0
,1441,,,,,-1.226806640625,74.2034912109375,0.20778702392578124,0.8861505432128907,0.0
,1442,,,,,-1.4556884765625,73.809814453125,0.17412262573242188,0.9173289550781251,0.0
,1443,,,,,-8.9630126953125,73.1964111328125,0.11404462280273438,0.9315197937011719,0.0
,1444,,,,,-9.521484375,72.2259521484375,0.08607727661132812,0.9506826049804687,0.0
,1445,,,,,-14.94140625,70.6329345703125,0.018748480224609374,0.9404279113769531,0.0
,1446,,,,,-15.9393310546875,68.902587890625,-0.00766512451171875,0.9484037841796875,0.0
,1447,,,,,-21.7620849609375,66.68701171875,-0.07178285522460938,0.9214722656250001,0.0
,1448,,,,,-27.667236328125,64.3341064453125,-0.11383745727539063,0.905727685546875,0.0
,1449,,,,,-33.2061767578125,61.5966796875,-0.15392398681640626,0.8998234680175782,0.0
,1450,,,,,-38.690185546875,59.2529296875,-0.20146847534179688,0.8743421081542969,0.0
,1451,,,,,-46.32568359375,53.0731201171875,-0.2618572265625,0.8376738098144532,0.0
,1452,,,,,-49.566650390625,53.0731201171875,-0.31385577392578123,0.8053559875488282,0.0
,1453,,,,,-54.8309326171875,47.9644775390625,-0.3583963623046875,0.7728309997558594,0.0
,1454,,,,,-56.8359375,47.9644775390625,-0.4223069274902344,0.7279796630859375,0.0
,1455,,,,,-62.4481201171875,41.473388671875,-0.5014441589355468,0.6796065124511719,0.0
,1456,,,,,-63.299560546875,41.473388671875,-0.5624544067382813,0.653814404296875,0.0
,1457,,,,,-67.8131103515625,34.27734375,-0.6154887817382813,0.6197356750488281,0.0
,1458,,,,,-67.657470703125,34.27734375,-0.6726664672851562,0.5819279663085938,0.0
,1459,,,,,-70.42236328125,28.582763671875,-0.7288083251953125,0.5260968566894532,0.0
,1460,,,,,-69.525146484375,28.582763671875,-0.7860895935058594,0.49885458984375003,0.0
,1461,,,,,-71.4111328125,22.88818359375,-0.8277298645019532,0.4434378112792969,0.0
,1462,,,,,-69.1497802734375,22.88818359375,-0.8321839233398438,0.4355655212402344,0.0
,1463,,,,,-73.5443115234375,11.5081787109375,-0.8756886840820313,0.39465032958984375,0.0
,1464,,,,,-83.9080810546875,-11.53564453125,-0.9034488647460938,0.35746411743164064,0.0
,1465,,,,,-75.9063720703125,-2.52685546875,-0.9269621520996094,0.28008779296875,0.0
,1466,,,,,-73.223876953125,-2.52685546875,-0.908213671875,0.2551243469238281,0.0
,1467,,,,,-76.0528564453125,-12.2039794921875,-0.9138071411132813,0.18251282958984374,0.0
,1468,,,,,-69.5526123046875,-12.2039794921875,-0.9103889099121094,0.16055328369140626,0.0
,1469,,,,,-75.0823974609375,-21.78955078125,-0.926547821044922,0.059663671875000004,0.0
,1470,,,,,-69.4610595703125,-21.78955078125,-0.9052097717285157,0.021855963134765625,0.0
,1471,,,,,-74.1851806640625,-29.9652099609375,-0.9129784790039063,-0.0551060302734375,0.0
,1472,,,,,-66.6412353515625,-29.9652099609375,-0.8968195678710937,-0.10710457763671875,0.0
,1473,,,,,-71.37451171875,-38.1500244140625,-0.9183647827148438,-0.17505487060546876,0.0
,1474,,,,,-64.0777587890625,-38.1500244140625,-0.9127713134765625,-0.2487022155761719,0.0
,1475,,,,,-65.9271240234375,-41.3543701171875,-0.8848039672851563,-0.337265478515625,0.0
,1476,,,,,-59.7015380859375,-41.3543701171875,-0.8687486389160156,-0.3932001708984375,0.0
,1477,,,,,-63.1805419921875,-47.3876953125,-0.85020732421875,-0.4496527770996094,0.0
,1478,,,,,-54.5013427734375,-47.3876953125,-0.8441995239257812,-0.4871497375488281,0.0
,1479,,,,,-55.1055908203125,-48.4222412109375,-0.8385024719238281,-0.5449489196777344,0.0
,1480,,,,,-44.073486328125,-51.6265869140625,-0.8345663269042969,-0.5816172180175782,0.0
,1481,,,,,-45.8953857421875,-54.78515625,-0.8235865539550782,-0.6292652893066406,0.0
,1482,,,,,-31.75048828125,-59.0057373046875,-0.80048759765625,-0.6570254699707031,0.0
,1483,,,,,-33.8104248046875,-62.5762939453125,-0.7594688232421876,-0.6913113647460938,0.0
,1484,,,,,-24.0509033203125,-65.4144287109375,-0.7045699584960937,-0.7211432006835937,0.0
,1485,,,,,-25.5157470703125,-67.9412841796875,-0.6330978515625,-0.7396845153808594,0.0
,1486,,,,,-14.6575927734375,-70.367431640625,-0.5673227966308594,-0.7604010681152344,0.0
,1487,,,,,-15.966796875,-72.637939453125,-0.49792234497070315,-0.7904400695800782,0.0
,1488,,,,,-7.58056640625,-73.992919921875,-0.45762864990234375,-0.8240008850097656,0.0
,1489,,,,,-8.148193359375,-74.96337890625,-0.37507318725585936,-0.8350842407226563,0.0
,1490,,,,,1.7120361328125,-75.4119873046875,-0.29987210083007815,-0.8559043762207031,0.0
,1491,,,,,1.6571044921875,-75.5126953125,-0.22808924560546875,-0.8773460083007812,0.0
,1492,,,,,6.2255859375,-75.0091552734375,-0.17795518798828125,-0.918261199951172,0.0
,1493,,,,,6.683349609375,-74.212646484375,-0.088666845703125,-0.9199185241699219,0.0
,1494,,,,,14.154052734375,-72.8851318359375,-0.006318548583984375,-0.9162931274414062,0.0
,1495,,,,,14.9871826171875,-71.44775390625,0.0211308837890625,-0.9283087280273438,0.0
,1496,,,,,17.303466796875,-69.5709228515625,0.0691932861328125,-0.9357666870117188,0.0
,1497,,,,,22.412109375,-67.474365234375,0.070436279296875,-0.9528578430175781,0.0
,1498,,,,,28.0426025390625,-64.892578125,0.10720816040039063,-0.9440533081054687,0.0
,1499,,,,,34.7259521484375,-61.9171142578125,0.1310321960449219,-0.9299660522460937,0.0
,1500,,,,,41.015625,-58.7127685546875,0.1926639404296875,-0.8982697265625,0.0
,1501,,,,,46.0235595703125,-56.0302734375,0.2382403564453125,-0.8799355773925781,0.0
,1502,,,,,52.8076171875,-50.20751953125,0.3012186767578125,-0.8538327209472657,0.0
,1503,,,,,55.682373046875,-50.20751953125,0.3375762268066406,-0.8117781188964844,0.0
,1504,,,,,61.19384765625,-44.6502685546875,0.40179754028320314,-0.7570864196777344,0.0
,1505,,,,,62.420654296875,-44.6502685546875,0.46280778808593753,-0.7144103210449219,0.0
,1506,,,,,67.1722412109375,-38.34228515625,0.5490922302246094,-0.657129052734375,0.0
,1507,,,,,67.5201416015625,-38.34228515625,0.6186998474121094,-0.6217037475585938,0.0
,1508,,,,,70.623779296875,-32.537841796875,0.6667622497558594,-0.5987083740234376,0.0
,1509,,,,,69.9462890625,-32.537841796875,0.7349197082519532,-0.5379052917480469,0.0
,1510,,,,,71.8963623046875,-27.6397705078125,0.7774922241210938,-0.4975080139160156,0.0
,1511,,,,,70.1568603515625,-27.6397705078125,0.8126067810058594,-0.4687120056152344,0.0
,1512,,,,,73.8739013671875,-17.24853515625,0.8505180725097656,-0.42665740356445314,0.0
,1513,,,,,71.2738037109375,-17.24853515625,0.8888436950683594,-0.39465032958984375,0.0
,1514,,,,,75.18310546875,-6.317138671875,0.8988912231445313,-0.3507312377929688,0.0
,1515,,,,,72.6654052734375,-6.317138671875,0.9296553039550781,-0.2876493347167969,0.0
,1516,,,,,76.7486572265625,5.804443359375,0.9097674133300782,-0.26061423339843753,0.0
,1517,,,,,73.7457275390625,5.804443359375,0.9324520385742188,-0.19535709228515627,0.0
,1518,,,,,77.1331787109375,15.9393310546875,0.9154644653320313,-0.13735074462890626,0.0
,1519,,,,,71.5576171875,15.9393310546875,0.9386670043945313,-0.06453206176757813,0.0
,1520,,,,,76.995849609375,25.360107421875,0.9158787963867188,-0.017712652587890624,0.0
,1521,,,,,68.975830078125,25.360107421875,0.9375275939941407,0.06639655151367188,0.0
,1522,,,,,73.736572265625,33.6090087890625,0.9268585693359376,0.1425298828125,0.0
,1523,,,,,65.91796875,33.6090087890625,0.9575190673828126,0.21524498291015626,0.0
,1524,,,,,69.10400390625,39.129638671875,0.932244873046875,0.2805021240234375,0.0
,1525,,,,,61.48681640625,39.129638671875,0.9317269592285157,0.33788697509765625,0.0
,1526,,,,,63.995361328125,43.4783935546875,0.9477822875976563,0.4283147277832031,0.0
,1527,,,,,57.3944091796875,43.4783935546875,0.9498539428710938,0.5057946350097656,0.0
,1528,,,,,60.4888916015625,48.834228515625,0.9321412902832031,0.5650439758300781,0.0
,1529,,,,,47.6898193359375,48.834228515625,0.8750671875,0.5574824340820312,0.0
,1530,,,,,10.2081298828125,51.4617919921875,0.8868756225585938,0.6138314575195313,0.0
,1531,,,,,25.08544921875,54.6478271484375,0.83363408203125,0.6216001647949219,0.0
,1532,,,,,27.3193359375,58.5113525390625,0.7956192077636719,0.6456313659667969,0.0
,1533,,,,,27.3834228515625,62.6495361328125,0.7255972595214844,0.6395199829101562,0.0
,1534,,,,,29.388427734375,66.119384765625,0.7037412963867188,0.6826104125976563,0.0
,1535,,,,,19.207763671875,68.7835693359375,0.607409326171875,0.6660371704101563,0.0
,1536,,,,,20.6268310546875,71.246337890625,0.5681514587402344,0.6917256958007812,0.0
,1537,,,,,9.7686767578125,72.9400634765625,0.4818670166015625,0.7089204345703125,0.0
,1538,,,,,10.565185546875,74.322509765625,0.4663296020507813,0.7867110900878906,0.0
,1539,,,,,1.9775390625,75.03662109375,0.4053193542480469,0.8262797058105469,0.0
,1540,,,,,2.215576171875,75.4486083984375,0.37030838012695316,0.8836645568847656,0.0
,1541,,,,,-5.7037353515625,75.4486083984375,0.2614428955078125,0.8696808837890625,0.0
,1542,,,,,-5.877685546875,75.1556396484375,0.20903001708984376,0.9112175720214845,0.0
,1543,,,,,-11.9476318359375,74.30419921875,0.14750185546875,0.9383562561035157,0.0
,1544,,,,,-12.762451171875,72.8851318359375,0.093638818359375,0.9464357116699219,0.0
,1545,,,,,-14.8223876953125,71.15478515625,0.022995373535156252,0.9507861877441407,0.0
,1546,,,,,-18.75,69.268798828125,-0.021441632080078127,0.9314162109375,0.0
,1547,,,,,-23.7396240234375,66.8609619140625,-0.06328906860351563,0.9200221069335938,0.0
,1548,,,,,-30.0018310546875,64.2242431640625,-0.1139410400390625,0.8908117675781251,0.0
,1549,,,,,-35.8612060546875,61.56005859375,-0.15247382812500002,0.8655375732421875,0.0
,1550,,,,,-40.887451171875,59.4451904296875,-0.18738121948242187,0.83529140625,0.0
,1551,,,,,-47.8271484375,54.2816162109375,-0.2672435302734375,0.7935475524902345,0.0
,1552,,,,,-50.9674072265625,54.2816162109375,-0.335608154296875,0.7542896850585937,0.0
,1553,,,,,-56.7169189453125,49.2462158203125,-0.39340733642578124,0.7194858764648437,0.0
,1554,,,,,-58.8775634765625,49.2462158203125,-0.43691209716796875,0.7056057861328126,0.0
,1555,,,,,-63.6199951171875,44.0643310546875,-0.4984402587890625,0.6710091430664062,0.0
,1556,,,,,-64.5263671875,44.0643310546875,-0.5541677856445313,0.6468743591308594,0.0
,1557,,,,,-69.3695068359375,36.328125,-0.6247076477050781,0.5812028869628907,0.0
,1558,,,,,-69.0948486328125,36.328125,-0.6944188476562501,0.5329333190917969,0.0
,1559,,,,,-70.6878662109375,32.6019287109375,-0.7482818847656251,0.48445658569335937,0.0
,1560,,,,,-69.7998046875,32.6019287109375,-0.8011090942382812,0.4467524597167969,0.0
,1561,,,,,-72.94921875,24.8565673828125,-0.8554900451660157,0.4005545471191406,0.0
,1562,,,,,-70.8892822265625,24.8565673828125,-0.8704059631347657,0.39143926391601563,0.0
,1563,,,,,-74.81689453125,14.2913818359375,-0.9000306335449219,0.337265478515625,0.0
,1564,,,,,-88.73291015625,-14.31884765625,-0.9088351684570313,0.32348897094726564,0.0
,1565,,,,,-80.0994873046875,-3.9093017578125,-0.9194006103515625,0.27905196533203125,0.0
,1566,,,,,-76.46484375,-3.9093017578125,-0.91484296875,0.27014384765625,0.0
,1567,,,,,-76.4923095703125,-10.0616455078125,-0.9375275939941407,0.19504634399414064,0.0
,1568,,,,,-73.553466796875,-10.0616455078125,-0.9324520385742188,0.14584453125,0.0
,1569,,,,,-76.4739990234375,-19.720458984375,-0.9534793395996094,0.053034375,0.0
,1570,,,,,-68.975830078125,-19.720458984375,-0.9418780700683594,0.01843773193359375,0.0
,1571,,,,,-73.4893798828125,-27.557373046875,-0.9732636474609375,-0.0948818115234375,0.0
,1572,,,,,-65.5517578125,-27.557373046875,-0.9519255981445313,-0.14180480346679689,0.0
,1573,,,,,-70.5230712890625,-36.163330078125,-0.9628017883300781,-0.19918965454101564,0.0
,1574,,,,,-60.7635498046875,-36.163330078125,-0.9191934448242188,-0.2296429870605469,0.0
,1575,,,,,-63.28125,-40.5303955078125,-0.9246833312988282,-0.3414087890625,0.0
,1576,,,,,-58.0078125,-40.5303955078125,-0.8872899536132812,-0.39061060180664064,0.0
,1577,,,,,-61.083984375,-45.8587646484375,-0.8602548522949219,-0.46063255004882814,0.0
,1578,,,,,-51.96533203125,-45.8587646484375,-0.854350634765625,-0.483938671875,0.0
,1579,,,,,-52.880859375,-47.4517822265625,-0.8409884582519531,-0.5364551330566406,0.0
,1580,,,,,-41.9219970703125,-50.225830078125,-0.8452353515625001,-0.5788204833984375,0.0
,1581,,,,,-43.7896728515625,-53.466796875,-0.8253474609375,-0.6072021606445313,0.0
,1582,,,,,-25.3509521484375,-57.513427734375,-0.78059970703125,-0.6135207092285156,0.0
,1583,,,,,-27.7130126953125,-61.6058349609375,-0.7370949462890625,-0.6481173522949218,0.0
,1584,,,,,-21.405029296875,-64.7369384765625,-0.7174142211914063,-0.6896540405273438,0.0
,1585,,,,,-22.906494140625,-67.3370361328125,-0.6551609802246094,-0.7046735412597657,0.0
,1586,,,,,-11.6180419921875,-69.5068359375,-0.5934256530761719,-0.7272545837402344,0.0
,1587,,,,,-12.835693359375,-71.612548828125,-0.5246466979980469,-0.7528395263671875,0.0
,1588,,,,,-4.632568359375,-73.0682373046875,-0.46301495361328127,-0.7859860107421875,0.0
,1589,,,,,-5.0811767578125,-73.846435546875,-0.3888496948242188,-0.8016270080566407,0.0
,1590,,,,,4.3853759765625,-74.1485595703125,-0.3083658874511719,-0.8235865539550782,0.0
,1591,,,,,4.2938232421875,-74.30419921875,-0.24259083251953126,-0.8358093200683594,0.0
,1592,,,,,8.074951171875,-73.956298828125,-0.17785160522460938,-0.8752743530273438,0.0
,1593,,,,,8.514404296875,-73.1964111328125,-0.11280162963867188,-0.8883257812500001,0.0
,1594,,,,,15.765380859375,-71.8231201171875,-0.037393377685546875,-0.9023094543457032,0.0
,1595,,,,,16.44287109375,-70.6512451171875,0.0087009521484375,-0.9000306335449219,0.0
,1596,,,,,18.768310546875,-69.085693359375,0.07437242431640625,-0.8835609741210938,0.0
,1597,,,,,23.565673828125,-66.943359375,0.06867537231445313,-0.9025166198730469,0.0
,1598,,,,,29.62646484375,-64.4805908203125,0.13828298950195314,-0.8697844665527344,0.0
,1599,,,,,35.650634765625,-62.2283935546875,0.15402756958007813,-0.8765173461914063,0.0
,1600,,,,,40.5487060546875,-60.0128173828125,0.19432126464843752,-0.8611870971679688,0.0
,1601,,,,,45.1995849609375,-57.60498046875,0.23751527709960937,-0.8387096374511719,0.0
,1602,,,,,51.96533203125,-51.2786865234375,0.3053619873046875,-0.8012126770019532,0.0
,1603,,,,,54.4647216796875,-51.2786865234375,0.34306611328125003,-0.7635085510253906,0.0
,1604,,,,,58.9691162109375,-46.6094970703125,0.4200281066894531,-0.7186572143554688,0.0
,1605,,,,,60.443115234375,-46.6094970703125,0.4747198059082031,-0.6644834289550782,0.0
,1606,,,,,65.1397705078125,-40.557861328125,0.5582075134277344,-0.6317512756347656,0.0
,1607,,,,,65.533447265625,-40.557861328125,0.6218073303222657,-0.5948758117675781,0.0
,1608,,,,,68.26171875,-36.181640625,0.6875823852539062,-0.5447417541503906,0.0
,1609,,,,,67.8497314453125,-36.181640625,0.7373021118164063,-0.4872533203125,0.0
,1610,,,,,70.4132080078125,-29.8553466796875,0.7955156250000001,-0.4580429809570313,0.0
,1611,,,,,68.536376953125,-29.8553466796875,0.8390203857421875,-0.4303863830566406,0.0
,1612,,,,,71.8231201171875,-20.3521728515625,0.8763101806640625,-0.3966184020996094,0.0
,1613,,,,,69.03076171875,-20.3521728515625,0.9034488647460938,-0.36067518310546876,0.0
,1614,,,,,73.8189697265625,-7.379150390625,0.9119426513671876,-0.3506276550292969,0.0
,1615,,,,,70.477294921875,-7.379150390625,0.9199185241699219,-0.30329033203125,0.0
,1616,,,,,73.919677734375,4.0191650390625,0.918986279296875,-0.2506702880859375,0.0
,1617,,,,,71.1181640625,4.0191650390625,0.9460213806152344,-0.17308679809570313,0.0
,1618,,,,,74.6429443359375,14.3280029296875,0.9143250549316406,-0.12875337524414063,0.0
,1619,,,,,67.8497314453125,14.3280029296875,0.9352487731933594,-0.051687799072265624,0.0
,1620,,,,,72.54638671875,22.467041015625,0.9292409729003906,-0.00165732421875,0.0
,1621,,,,,66.668701171875,22.467041015625,0.9334878662109375,0.035736053466796876,0.0
,1622,,,,,71.6400146484375,31.072998046875,0.9166038757324219,0.10223618774414063,0.0
,1623,,,,,62.7777099609375,31.072998046875,0.9210579345703125,0.1774372741699219,0.0
,1624,,,,,67.7398681640625,39.6697998046875,0.9118390686035156,0.2424872497558594,0.0
,1625,,,,,58.4381103515625,39.6697998046875,0.9147393859863282,0.3103339599609375,0.0
,1626,,,,,60.7818603515625,43.7347412109375,0.908213671875,0.3839813049316406,0.0
,1627,,,,,54.0618896484375,43.7347412109375,0.8968195678710937,0.42883264160156254,0.0
,1628,,,,,57.659912109375,49.9603271484375,0.89329775390625,0.4851816650390625,0.0
,1629,,,,,47.4334716796875,49.9603271484375,0.8655375732421875,0.5135633422851563,0.0
,1630,,,,,11.3067626953125,51.8096923828125,0.8524861450195312,0.5747807556152343,0.0
,1631,,,,,27.5482177734375,55.3802490234375,0.8075312255859375,0.5936328186035157,0.0
,1632,,,,,29.5806884765625,58.8958740234375,0.8083598876953125,0.6307154479980469,0.0
,1633,,,,,26.4862060546875,62.7227783203125,0.7192787109375001,0.5971546325683594,0.0
,1634,,,,,28.3172607421875,65.8905029296875,0.7096455139160156,0.6557824768066406,0.0
,1635,,,,,16.51611328125,68.8018798828125,0.6334085998535156,0.6673837463378907,0.0
,1636,,,,,17.9534912109375,71.2921142578125,0.6065806640625,0.7052950378417969,0.0
,1637,,,,,8.349609375,73.187255859375,0.5142884216308594,0.7153425659179687,0.0
,1638,,,,,9.1278076171875,74.5330810546875,0.4620827087402344,0.7807032897949219,0.0
,1639,,,,,-0.439453125,75.347900390625,0.4026262023925781,0.8090849670410156,0.0
,1640,,,,,0.0,76.1077880859375,0.3568426208496094,0.8640874145507813,0.0
,1641,,,,,-4.6234130859375,76.28173828125,0.24424815673828126,0.8576652832031251,0.0
,1642,,,,,-4.8980712890625,75.8148193359375,0.18883137817382814,0.8995127197265625,0.0
,1643,,,,,-11.3800048828125,74.8260498046875,0.10503292236328125,0.89992705078125,0.0
,1644,,,,,-12.2039794921875,73.406982421875,0.0542773681640625,0.9213686828613281,0.0
,1645,,,,,-17.17529296875,71.5850830078125,-0.0023824035644531253,0.9343165283203125,0.0
,1646,,,,,-18.20068359375,69.8089599609375,-0.04547283325195313,0.9258227416992187,0.0
,1647,,,,,-23.3367919921875,67.8863525390625,-0.07841215209960938,0.9124605651855469,0.0
,1648,,,,,-28.8116455078125,65.80810546875,-0.1289605407714844,0.8992019714355469,0.0
,1649,,,,,-35.1104736328125,63.2080078125,-0.18385940551757812,0.881696484375,0.0
,1650,,,,,-40.850830078125,61.0931396484375,-0.20820135498046877,0.8504144897460938,0.0
,1651,,,,,-45.6573486328125,58.941650390625,-0.25543509521484375,0.8183038330078125,0.0
,1652,,,,,-49.713134765625,56.8634033203125,-0.3342615783691406,0.7869182556152344,0.0
,1653,,,,,-55.535888671875,51.251220703125,-0.4220997619628906,0.7363698669433594,0.0
,1654,,,,,-57.3760986328125,51.251220703125,-0.47088724365234375,0.7207288696289063,0.0
,1655,,,,,-61.7340087890625,45.22705078125,-0.5475384887695313,0.6887217956542969,0.0
,1656,,,,,-62.2100830078125,45.22705078125,-0.6096881469726563,0.6424203002929688,0.0
,1657,,,,,-67.0623779296875,37.3077392578125,-0.6822996643066407,0.5920790771484375,0.0
,1658,,,,,-66.6229248046875,37.3077392578125,-0.7282904113769532,0.5517853820800781,0.0
,1659,,,,,-68.22509765625,33.36181640625,-0.7809104553222657,0.5084877868652344,0.0
,1660,,,,,-67.12646484375,33.36181640625,-0.8302158508300782,0.4573179016113281,0.0
,1661,,,,,-70.12939453125,26.07421875,-0.8721668701171875,0.423446337890625,0.0
,1662,,,,,-67.8131103515625,26.07421875,-0.8940228332519532,0.41598837890625,0.0
,1663,,,,,-71.8963623046875,14.849853515625,-0.9260299072265625,0.36999763183593753,0.0
,1664,,,,,-86.6912841796875,-14.8773193359375,-0.9450891357421876,0.34544851684570316,0.0
,1665,,,,,-77.6641845703125,-3.84521484375,-0.9434318115234376,0.29655745239257814,0.0
,1666,,,,,-74.139404296875,-3.84521484375,-0.9503718566894531,0.2690044372558594,0.0
,1667,,,,,-74.6795654296875,-9.7686767578125,-0.9654949401855469,0.19680725097656251,0.0
,1668,,,,,-71.96044921875,-9.7686767578125,-0.9412565734863282,0.17018648071289064,0.0
,1669,,,,,-75.0823974609375,-20.159912109375,-0.9660128540039062,0.08048380737304688,0.0
,1670,,,,,-67.364501953125,-20.159912109375,-0.9457106323242188,0.051791381835937504,0.0
,1671,,,,,-72.47314453125,-29.00390625,-0.9669450988769531,-0.046301495361328125,0.0
,1672,,,,,-64.910888671875,-29.00390625,-0.9536865051269532,-0.11218013305664062,0.0
,1673,,,,,-70.0836181640625,-37.9669189453125,-0.9589692260742188,-0.18385940551757812,0.0
,1674,,,,,-60.1226806640625,-37.9669189453125,-0.9478858703613282,-0.236168701171875,0.0
,1675,,,,,-62.896728515625,-42.7642822265625,-0.9403243286132813,-0.3227638916015625,0.0
,1676,,,,,-57.0098876953125,-42.7642822265625,-0.9086280029296875,-0.36626865234375,0.0
,1677,,,,,-60.2874755859375,-48.4222412109375,-0.8740313598632813,-0.42738248291015624,0.0
,1678,,,,,-51.6448974609375,-48.4222412109375,-0.8637766662597657,-0.4696442504882813,0.0
,1679,,,,,-52.2125244140625,-49.4110107421875,-0.8388132202148437,-0.522885791015625,0.0
,1680,,,,,-41.5191650390625,-52.130126953125,-0.8273155334472656,-0.5350049743652344,0.0
,1681,,,,,-43.450927734375,-55.4718017578125,-0.8032843322753906,-0.5727091003417969,0.0
,1682,,,,,-29.77294921875,-59.6649169921875,-0.7820498657226562,-0.5993298706054687,0.0
,1683,,,,,-32.3455810546875,-64.1143798828125,-0.7316050598144531,-0.6295760375976562,0.0
,1684,,,,,-21.78955078125,-67.254638671875,-0.686960888671875,-0.6559896423339844,0.0
,1685,,,,,-23.40087890625,-70.037841796875,-0.6347551757812501,-0.6958690063476562,0.0
,1686,,,,,-12.5244140625,-72.5372314453125,-0.5655618896484376,-0.7211432006835937,0.0
,1687,,,,,-13.58642578125,-74.3682861328125,-0.5094200317382813,-0.7592616577148438,0.0
,1688,,,,,-5.438232421875,-75.567626953125,-0.4190958618164063,-0.7843286865234376,0.0
,1689,,,,,-5.950927734375,-76.46484375,-0.3528028930664063,-0.8133318603515626,0.0
,1690,,,,,1.8402099609375,-77.0416259765625,-0.3178955017089844,-0.8726847839355469,0.0
,1691,,,,,1.7120361328125,-77.2430419921875,-0.22487817993164064,-0.8779675048828125,0.0
,1692,,,,,5.767822265625,-76.849365234375,-0.11735927124023438,-0.8628444213867188,0.0
,1693,,,,,6.2255859375,-76.0528564453125,-0.0642213134765625,-0.8773460083007812,0.0
,1694,,,,,13.3758544921875,-74.4781494140625,-0.00393614501953125,-0.8919511779785156,0.0
,1695,,,,,14.3829345703125,-72.7294921875,0.02465269775390625,-0.908213671875,0.0
,1696,,,,,18.0908203125,-70.78857421875,0.07841215209960938,-0.9043811096191406,0.0
,1697,,,,,22.8973388671875,-69.0673828125,0.08856326293945313,-0.9150501342773438,0.0
,1698,,,,,28.30810546875,-66.90673828125,0.14853768310546875,-0.9025166198730469,0.0
,1699,,,,,34.24072265625,-64.2242431640625,0.17557278442382812,-0.8861505432128907,0.0
,1700,,,,,39.7979736328125,-61.8988037109375,0.23502929077148438,-0.8590118591308594,0.0
,1701,,,,,44.036865234375,-60.0677490234375,0.2681757751464844,-0.8451317687988281,0.0
,1702,,,,,49.658203125,-55.04150390625,0.3347794921875,-0.8105351257324219,0.0
,1703,,,,,51.6357421875,-55.04150390625,0.37724842529296876,-0.7844322692871094,0.0
,1704,,,,,57.71484375,-47.9736328125,0.4717159057617188,-0.7482818847656251,0.0
,1705,,,,,59.1156005859375,-47.9736328125,0.522885791015625,-0.7190715454101563,0.0
,1706,,,,,63.4368896484375,-41.5283203125,0.592493408203125,-0.6861322265625001,0.0
,1707,,,,,63.6566162109375,-41.5283203125,0.6523642456054688,-0.6485316833496094,0.0
,1708,,,,,67.8955078125,-34.185791015625,0.7163783935546876,-0.5913539978027343,0.0
,1709,,,,,67.474365234375,-34.185791015625,0.7768707275390625,-0.5397697814941407,0.0
,1710,,,,,69.5892333984375,-29.3243408203125,0.8005911804199219,-0.501340576171875,0.0
,1711,,,,,68.170166015625,-29.3243408203125,0.8333233337402344,-0.4641543640136719,0.0
,1712,,,,,71.8231201171875,-19.51904296875,0.8753779357910156,-0.42044243774414064,0.0
,1713,,,,,69.3878173828125,-19.51904296875,0.8869792053222657,-0.39143926391601563,0.0
,1714,,,,,73.6724853515625,-8.4503173828125,0.9063491821289062,-0.36295400390625,0.0
,1715,,,,,70.9991455078125,-8.4503173828125,0.9334878662109375,-0.32763228149414064,0.0
,1716,,,,,75.384521484375,5.0445556640625,0.9037596130371094,-0.30505123901367187,0.0
,1717,,,,,71.9696044921875,5.0445556640625,0.9308982971191406,-0.26061423339843753,0.0
,1718,,,,,74.8992919921875,15.802001953125,0.9096638305664063,-0.19670366821289062,0.0
,1719,,,,,67.1539306640625,15.802001953125,0.9464357116699219,-0.1006824462890625,0.0
,1720,,,,,73.5076904296875,26.7974853515625,0.9235439208984375,-0.0451620849609375,0.0
,1721,,,,,66.302490234375,26.7974853515625,0.9407386596679688,0.010876190185546876,0.0
,1722,,,,,70.8892822265625,34.735107421875,0.9129784790039063,0.0795515625,0.0
,1723,,,,,62.530517578125,34.735107421875,0.9244761657714844,0.16428226318359376,0.0
,1724,,,,,66.9525146484375,42.4072265625,0.9026202026367188,0.23306121826171874,0.0
,1725,,,,,59.197998046875,42.4072265625,0.8973374816894532,0.28609559326171874,0.0
,1726,,,,,61.3494873046875,46.124267578125,0.8788997497558594,0.3567390380859375,0.0
,1727,,,,,54.9224853515625,46.124267578125,0.8776567565917969,0.42572515869140626,0.0
,1728,,,,,58.355712890625,52.0660400390625,0.85683662109375,0.48663182373046876,0.0
,1729,,,,,48.2574462890625,52.0660400390625,0.8305265991210937,0.5259932739257812,0.0
,1730,,,,,12.8265380859375,53.7506103515625,0.8249331298828125,0.5732270141601563,0.0
,1731,,,,,21.35009765625,57.1746826171875,0.7608153991699219,0.5631794860839844,0.0
,1732,,,,,23.73046875,61.3037109375,0.7689984375000001,0.6210822509765626,0.0
,1733,,,,,28.2440185546875,64.837646484375,0.7175178039550781,0.6184926818847657,0.0
,1734,,,,,29.736328125,67.41943359375,0.69110419921875,0.6684195739746094,0.0
,1735,,,,,18.49365234375,70.3582763671875,0.5885572631835938,0.6578541320800781,0.0
,1736,,,,,20.1141357421875,73.1689453125,0.5573788513183594,0.696904833984375,0.0
,1737,,,,,11.09619140625,75.1007080078125,0.46695109863281253,0.735023291015625,0.0
,1738,,,,,11.7919921875,76.318359375,0.4303863830566406,0.8028700012207032,0.0
,1739,,,,,2.581787109375,76.885986328125,0.3602608520507813,0.8202719055175781,0.0
,1740,,,,,2.8472900390625,77.34375,0.30805513916015625,0.8599441040039063,0.0
,1741,,,,,-1.2542724609375,77.30712890625,0.18872779541015625,0.8687486389160156,0.0
,1742,,,,,-1.4556884765625,76.959228515625,0.13082503051757813,0.8954729919433594,0.0
,1743,,,,,-6.84814453125,75.8697509765625,0.08669877319335938,0.9357666870117188,0.0
,1744,,,,,-7.8460693359375,74.139404296875,0.0430904296875,0.9539972534179688,0.0
,1745,,,,,-14.7491455078125,72.0062255859375,-0.009011700439453126,0.9446748046875,0.0
,1746,,,,,-16.00341796875,69.83642578125,-0.04858031616210938,0.9469536254882813,0.0
,1747,,,,,-20.8465576171875,67.1356201171875,-0.09115283203125,0.9343165283203125,0.0
,1748,,,,,-26.18408203125,64.78271484375,-0.13703999633789063,0.9195041931152345,0.0
,1749,,,,,-32.574462890625,61.9903564453125,-0.19887890625000001,0.8964052368164063,0.0
,1750,,,,,-38.3056640625,59.381103515625,-0.24414457397460937,0.8646053283691406,0.0
,1751,,,,,-42.7642822265625,57.366943359375,-0.29552162475585936,0.8515539001464844,0.0
,1752,,,,,-46.7559814453125,55.5816650390625,-0.36689014892578126,0.7895078247070313,0.0
,1753,,,,,-52.84423828125,49.9603271484375,-0.41547046508789065,0.7607118164062501,0.0
,1754,,,,,-54.6478271484375,49.9603271484375,-0.4594931396484375,0.7382343566894531,0.0
,1755,,,,,-59.2529296875,44.0826416015625,-0.5447417541503906,0.6858214782714844,0.0
,1756,,,,,-60.076904296875,44.0826416015625,-0.6009871948242188,0.6598222045898438,0.0
,1757,,,,,-65.020751953125,35.99853515625,-0.6565075561523438,0.6135207092285156,0.0
,1758,,,,,-64.78271484375,35.99853515625,-0.7188643798828125,0.5563430236816407,0.0
,1759,,,,,-66.6961669921875,31.3018798828125,-0.7585365783691407,0.5223678771972656,0.0
,1760,,,,,-66.0919189453125,31.3018798828125,-0.7843286865234376,0.5036193969726562,0.0
,1761,,,,,-69.2230224609375,23.9044189453125,-0.8208934020996094,0.44323064575195315,0.0
,1762,,,,,-67.0806884765625,23.9044189453125,-0.851035986328125,0.4087375854492188,0.0
,1763,,,,,-71.0540771484375,13.2568359375,-0.887497119140625,0.3701012145996094,0.0
,1764,,,,,-83.7890625,-13.2843017578125,-0.8963016540527344,0.3582927795410156,0.0
,1765,,,,,-74.5880126953125,-2.45361328125,-0.9070742614746095,0.31323427734375003,0.0
,1766,,,,,-71.3836669921875,-2.45361328125,-0.904070361328125,0.28733858642578125,0.0
,1767,,,,,-73.5992431640625,-11.114501953125,-0.9283087280273438,0.19691083374023438,0.0
,1768,,,,,-66.6046142578125,-11.114501953125,-0.9212651000976563,0.18261641235351564,0.0
,1769,,,,,-72.8302001953125,-21.9085693359375,-0.9351451904296876,0.09892153930664063,0.0
,1770,,,,,-66.5771484375,-21.9085693359375,-0.910699658203125,0.0708506103515625,0.0
,1771,,,,,-71.44775390625,-30.340576171875,-0.9167074584960938,-0.02548135986328125,0.0
,1772,,,,,-63.6474609375,-30.340576171875,-0.9104924926757813,-0.09249940795898438,0.0
,1773,,,,,-69.012451171875,-39.642333984375,-0.9105960754394532,-0.15692788696289062,0.0
,1774,,,,,-61.23046875,-39.642333984375,-0.8890508605957032,-0.20571536865234374,0.0
,1775,,,,,-63.1256103515625,-42.919921875,-0.8726847839355469,-0.30991962890625,0.0
,1776,,,,,-57.5592041015625,-42.919921875,-0.8320803405761719,-0.36409341430664066,0.0
,1777,,,,,-60.6536865234375,-48.2666015625,-0.8053559875488282,-0.43204370727539065,0.0
,1778,,,,,-53.21044921875,-48.2666015625,-0.8105351257324219,-0.45856089477539064,0.0
,1779,,,,,-53.5858154296875,-48.907470703125,-0.8014198425292969,-0.5200890563964844,0.0
,1780,,,,,-41.7205810546875,-52.130126953125,-0.7812212036132813,-0.5321046569824219,0.0
,1781,,,,,-43.9361572265625,-55.95703125,-0.7591580749511719,-0.5602791687011719,0.0
,1782,,,,,-31.45751953125,-59.6649169921875,-0.7257008422851563,-0.5738485107421876,0.0
,1783,,,,,-33.5540771484375,-63.299560546875,-0.6900683715820313,-0.6224288269042969,0.0
,1784,,,,,-22.833251953125,-66.595458984375,-0.6396235656738282,-0.658786376953125,0.0
,1785,,,,,-24.6551513671875,-69.744873046875,-0.5881429321289062,-0.6883074645996093,0.0
,1786,,,,,-15.7379150390625,-72.381591796875,-0.5283756774902344,-0.6907934509277344,0.0
,1787,,,,,-16.6900634765625,-74.0386962890625,-0.4728553161621094,-0.7390630187988282,0.0
,1788,,,,,-7.6812744140625,-75.3753662109375,-0.3950646606445313,-0.7610225646972657,0.0
,1789,,,,,-8.3038330078125,-76.446533203125,-0.29966493530273436,-0.7768707275390625,0.0
,1790,,,,,-1.812744140625,-76.6754150390625,-0.2506702880859375,-0.8475141723632813,0.0
,1791,,,,,-1.46484375,-76.0711669921875,-0.1728796325683594,-0.8662626525878907,0.0
,1792,,,,,3.84521484375,-75.0457763671875,-0.11052280883789063,-0.8890508605957032,0.0
,1793,,,,,4.412841796875,-74.0570068359375,-0.05821351318359375,-0.8986840576171875,0.0
,1794,,,,,11.0595703125,-72.39990234375,0.01015111083984375,-0.8989948059082031,0.0
,1795,,,,,12.1307373046875,-70.5413818359375,0.023927618408203125,-0.9260299072265625,0.0
,1796,,,,,15.435791015625,-68.6187744140625,0.06815745849609375,-0.9200221069335938,0.0
,1797,,,,,21.6339111328125,-66.1285400390625,0.08390203857421875,-0.918986279296875,0.0
,1798,,,,,27.64892578125,-64.031982421875,0.14532661743164063,-0.8915368469238282,0.0
,1799,,,,,32.7850341796875,-62.8509521484375,0.14563736572265626,-0.8809714050292969,0.0
,1800,,,,,38.470458984375,-60.845947265625,0.21959545898437502,-0.8498965759277344,0.0
,1801,,,,,43.4326171875,-58.3648681640625,0.25346702270507815,-0.8203754882812501,0.0
,1802,,,,,50.079345703125,-52.6153564453125,0.32587137451171877,-0.7948941284179688,0.0
,1803,,,,,52.8167724609375,-52.6153564453125,0.3529064758300781,-0.7825677795410156,0.0
,1804,,,,,58.0078125,-46.636962890625,0.4088411682128906,-0.7697235168457032,0.0
,1805,,,,,59.2437744140625,-46.636962890625,0.4682976745605469,-0.7378200256347657,0.0
,1806,,,,,64.7552490234375,-39.1387939453125,0.5474349060058594,-0.6835426574707032,0.0
,1807,,,,,65.1123046875,-39.1387939453125,0.6010907775878906,-0.632269189453125,0.0
,1808,,,,,68.994140625,-31.7596435546875,0.6762918640136719,-0.5823422973632812,0.0
,1809,,,,,68.2342529296875,-31.7596435546875,0.7153425659179687,-0.5602791687011719,0.0
,1810,,,,,70.6695556640625,-25.7537841796875,0.7662017028808594,-0.5203998046875,0.0
,1811,,,,,69.122314453125,-25.7537841796875,0.8001768493652344,-0.4956435241699219,0.0
,1812,,,,,71.7681884765625,-18.0267333984375,0.8466855102539063,-0.4366013488769531,0.0
,1813,,,,,69.3878173828125,-18.0267333984375,0.877553173828125,-0.3920607604980469,0.0
,1814,,,,,73.7548828125,-5.2276611328125,0.8900866882324219,-0.37445169067382816,0.0
,1815,,,,,70.49560546875,-5.2276611328125,0.8938156677246094,-0.35021332397460936,0.0
,1816,,,,,74.4232177734375,5.9783935546875,0.9151537170410157,-0.2869242553710938,0.0
,1817,,,,,67.950439453125,5.9783935546875,0.9267549865722656,-0.2287107421875,0.0
,1818,,,,,75.128173828125,18.4112548828125,0.9048990234375001,-0.1702900634765625,0.0
,1819,,,,,69.32373046875,18.4112548828125,0.9253048278808594,-0.08928834228515625,0.0
,1820,,,,,74.3865966796875,27.1820068359375,0.9013772094726563,-0.02216671142578125,0.0
,1821,,,,,66.8243408203125,27.1820068359375,0.9190898620605469,0.04961614379882812,0.0
,1822,,,,,71.88720703125,35.943603515625,0.9045882751464844,0.11870584716796875,0.0
,1823,,,,,64.5263671875,35.943603515625,0.9070742614746095,0.19504634399414064,0.0
,1824,,,,,66.83349609375,39.9444580078125,0.8683343078613281,0.2548135986328125,0.0
,1825,,,,,60.8184814453125,39.9444580078125,0.8678163940429687,0.33498665771484376,0.0
,1826,,,,,63.8946533203125,45.281982421875,0.8589082763671875,0.41122357177734375,0.0
,1827,,,,,57.952880859375,45.281982421875,0.85683662109375,0.47420189208984376,0.0
,1828,,,,,60.3240966796875,49.383544921875,0.8509324035644531,0.5208141357421875,0.0
,1829,,,,,48.8067626953125,49.383544921875,0.8287656921386719,0.5410127746582032,0.0
,1830,,,,,10.1348876953125,52.7252197265625,0.8138497741699219,0.574262841796875,0.0
,1831,,,,,27.6580810546875,56.8450927734375,0.741652587890625,0.5551000305175782,0.0
,1832,,,,,29.736328125,60.4522705078125,0.740927508544922,0.6242933166503907,0.0
,1833,,,,,29.425048828125,63.6932373046875,0.6802280090332031,0.6378626586914062,0.0
,1834,,,,,31.146240234375,66.668701171875,0.6628261047363282,0.6901719543457031,0.0
,1835,,,,,19.9676513671875,69.3695068359375,0.5719840209960938,0.665415673828125,0.0
,1836,,,,,21.368408203125,71.795654296875,0.5470205749511718,0.7323301391601563,0.0
,1837,,,,,12.6983642578125,73.13232421875,0.46291137084960937,0.7793567138671875,0.0
,1838,,,,,13.1378173828125,73.8922119140625,0.4283147277832031,0.8400562133789062,0.0
,1839,,,,,3.5888671875,74.70703125,0.38128815307617187,0.8689558044433594,0.0
,1840,,,,,3.80859375,75.091552734375,0.33001468505859377,0.9109068237304688,0.0
,1841,,,,,-1.226806640625,74.5880126953125,0.22632833862304688,0.9115283203125,0.0
,1842,,,,,-1.336669921875,74.395751953125,0.17256888427734376,0.9310018798828126,0.0
,1843,,,,,-8.9080810546875,73.7548828125,0.12419573364257813,0.9481966186523437,0.0
,1844,,,,,-9.4024658203125,72.8851318359375,0.07727274169921876,0.9576226501464844,0.0
,1845,,,,,-15.087890625,71.22802734375,0.029106756591796876,0.9629053710937501,0.0
,1846,,,,,-16.11328125,69.4427490234375,-0.004868389892578125,0.967980926513672,0.0
,1847,,,,,-22.1099853515625,67.291259765625,-0.07613333129882813,0.930691131591797,0.0
,1848,,,,,-28.30810546875,65.130615234375,-0.1155983642578125,0.9204364379882812,0.0
,1849,,,,,-33.7738037109375,62.860107421875,-0.1476054382324219,0.9075921752929688,0.0
,1850,,,,,-39.111328125,60.223388671875,-0.20354013061523438,0.8783818359375001,0.0
,1851,,,,,-46.5179443359375,54.0252685546875,-0.23451137695312502,0.8611870971679688,0.0
,1852,,,,,-49.658203125,54.0252685546875,-0.3003900146484375,0.8149891845703126,0.0
,1853,,,,,-55.096435546875,48.687744140625,-0.37186212158203125,0.7835000244140625,0.0
,1854,,,,,-56.9091796875,48.687744140625,-0.4347368591308594,0.7489033813476563,0.0
,1855,,,,,-62.6220703125,41.363525390625,-0.49626502075195317,0.7114064208984375,0.0
,1856,,,,,-63.8397216796875,41.363525390625,-0.5487814819335938,0.6831283264160156,0.0
,1857,,,,,-68.5821533203125,34.1217041015625,-0.6142457885742187,0.6257434753417969,0.0
,1858,,,,,-68.280029296875,34.1217041015625,-0.6789850158691406,0.57011953125,0.0
,1859,,,,,-71.246337890625,28.9947509765625,-0.7355412048339844,0.5044480590820313,0.0
,1860,,,,,-70.440673828125,28.9947509765625,-0.7530466918945313,0.48456016845703126,0.0
,1861,,,,,-72.4273681640625,23.14453125,-0.8086706359863282,0.44022674560546876,0.0
,1862,,,,,-70.5596923828125,23.14453125,-0.8423350341796876,0.43711926269531254,0.0
,1863,,,,,-74.81689453125,11.865234375,-0.8716489562988281,0.391957177734375,0.0
,1864,,,,,-85.3729248046875,-11.8927001953125,-0.8818000671386719,0.3676152282714844,0.0
,1865,,,,,-77.1697998046875,-3.057861328125,-0.9194006103515625,0.29966493530273436,0.0
,1866,,,,,-73.974609375,-3.057861328125,-0.930691131591797,0.25678167114257816,0.0
,1867,,,,,-76.2542724609375,-12.2406005859375,-0.9543080017089844,0.17754085693359375,0.0
,1868,,,,,-69.3511962890625,-12.2406005859375,-0.9352487731933594,0.15516697998046874,0.0
,1869,,,,,-75.2197265625,-22.412109375,-0.9536865051269532,0.05365587158203125,0.0
,1870,,,,,-70.1019287109375,-22.412109375,-0.9326592041015626,0.012119183349609375,0.0
,1871,,,,,-74.6337890625,-30.2581787109375,-0.9132892272949219,-0.0696076171875,0.0
,1872,,,,,-67.3736572265625,-30.2581787109375,-0.8909153503417969,-0.1073117431640625,0.0
,1873,,,,,-72.10693359375,-38.4521484375,-0.9093530822753907,-0.18303074340820313,0.0
,1874,,,,,-64.764404296875,-38.4521484375,-0.8793140808105468,-0.24497323608398439,0.0
,1875,,,,,-66.4947509765625,-41.4459228515625,-0.8913296813964844,-0.35124915161132814,0.0
,1876,,,,,-59.9761962890625,-41.4459228515625,-0.8754815185546875,-0.3923715087890625,0.0
,1877,,,,,-63.5833740234375,-47.698974609375,-0.8639838317871094,-0.4645686950683594,0.0
,1878,,,,,-54.9407958984375,-47.698974609375,-0.8478249206542969,-0.4985438415527344,0.0
,1879,,,,,-55.3619384765625,-48.4222412109375,-0.8534183898925781,-0.5644224792480469,0.0
,1880,,,,,-44.4854736328125,-51.89208984375,-0.8334269165039063,-0.5823422973632812,0.0
,1881,,,,,-46.527099609375,-55.426025390625,-0.8146784362792969,-0.6292652893066406,0.0
,1882,,,,,-32.391357421875,-59.80224609375,-0.7798746276855469,-0.6472886901855469,0.0
,1883,,,,,-34.53369140625,-63.5101318359375,-0.7206252868652344,-0.6651049255371094,0.0
,1884,,,,,-24.3896484375,-66.24755859375,-0.6965940856933593,-0.703637713623047,0.0
,1885,,,,,-25.8544921875,-68.7744140625,-0.628954541015625,-0.7356447875976563,0.0
,1886,,,,,-15.179443359375,-71.2188720703125,-0.5807885559082031,-0.7682733581542969,0.0
,1887,,,,,-16.36962890625,-73.27880859375,-0.5233001220703125,-0.8016270080566407,0.0
,1888,,,,,-7.4432373046875,-74.1668701171875,-0.4414697387695313,-0.8214113159179688,0.0
,1889,,,,,-8.02001953125,-75.164794921875,-0.3745552734375,-0.842024285888672,0.0
,1890,,,,,1.995849609375,-75.933837890625,-0.3046369079589844,-0.8561115417480469,0.0
,1891,,,,,1.8402099609375,-76.20849609375,-0.2432123291015625,-0.8824215637207031,0.0
,1892,,,,,6.353759765625,-75.7598876953125,-0.15734221801757814,-0.9084208374023438,0.0
,1893,,,,,6.866455078125,-74.871826171875,-0.09063491821289063,-0.9238546691894531,0.0
,1894,,,,,14.3829345703125,-73.3795166015625,-0.0111869384765625,-0.9168110412597656,0.0
,1895,,,,,15.3350830078125,-71.74072265625,0.0136729248046875,-0.9432246459960938,0.0
,1896,,,,,17.724609375,-69.818115234375,0.0816232177734375,-0.9353523559570313,0.0
,1897,,,,,22.8057861328125,-67.6300048828125,0.07385451049804688,-0.9688095886230469,0.0
,1898,,,,,28.326416015625,-65.0665283203125,0.11031564331054688,-0.9582441467285157,0.0
,1899,,,,,34.9273681640625,-62.3291015625,0.1454302001953125,-0.9441568908691407,0.0
,1900,,,,,41.2078857421875,-59.527587890625,0.19369976806640626,-0.9232331726074219,0.0
,1901,,,,,46.0418701171875,-57.0648193359375,0.23067881469726564,-0.8965088195800781,0.0
,1902,,,,,52.6519775390625,-51.0955810546875,0.30722647705078127,-0.8582867797851563,0.0
,1903,,,,,55.6549072265625,-51.0955810546875,0.33881921997070313,-0.8224471435546875,0.0
,1904,,,,,61.2762451171875,-45.37353515625,0.4036620300292969,-0.7889899108886719,0.0
,1905,,,,,62.3748779296875,-45.37353515625,0.4694370849609375,-0.7425848327636719,0.0
,1906,,,,,67.4468994140625,-37.774658203125,0.5467098266601562,-0.6958690063476562,0.0
,1907,,,,,67.6300048828125,-37.774658203125,0.6166281921386719,-0.6177676025390625,0.0
,1908,,,,,71.1090087890625,-32.025146484375,0.6713198913574219,-0.5771631591796875,0.0
,1909,,,,,70.367431640625,-32.025146484375,0.7495248779296875,-0.5283756774902344,0.0
,1910,,,,,71.795654296875,-27.6031494140625,0.7951012939453125,-0.5041373107910156,0.0
,1911,,,,,70.01953125,-27.6031494140625,0.8426457824707031,-0.45058502197265626,0.0
,1912,,,,,73.4619140625,-17.156982421875,0.8850111328125,-0.42924697265625,0.0
,1913,,,,,70.6878662109375,-17.156982421875,0.9108032409667969,-0.38978193969726566,0.0
,1914,,,,,74.6795654296875,-5.987548828125,0.9054169372558594,-0.3465879272460938,0.0
,1915,,,,,71.59423828125,-5.987548828125,0.9257191589355469,-0.3003900146484375,0.0
,1916,,,,,75.5218505859375,6.7108154296875,0.9016879577636719,-0.2789483825683594,0.0
,1917,,,,,72.36328125,6.7108154296875,0.9266514038085938,-0.21773096923828125,0.0
,1918,,,,,75.5126953125,16.0400390625,0.9197113586425781,-0.14636244506835938,0.0
,1919,,,,,70.2392578125,16.0400390625,0.9359738525390625,-0.06473922729492188,0.0
,1920,,,,,75.3387451171875,24.8748779296875,0.9383562561035157,0.002589569091796875,0.0
,1921,,,,,67.8131103515625,24.8748779296875,0.945503466796875,0.07240435180664062,0.0
,1922,,,,,72.308349609375,32.6568603515625,0.9317269592285157,0.14936634521484377,0.0
,1923,,,,,64.727783203125,32.6568603515625,0.9459177978515625,0.23637586669921876,0.0
,1924,,,,,67.8497314453125,38.0584716796875,0.9187791137695313,0.2855776794433594,0.0
,1925,,,,,60.4888916015625,38.0584716796875,0.9215758483886719,0.35435663452148436,0.0
,1926,,,,,63.2537841796875,42.8558349609375,0.9230260070800782,0.4334938659667969,0.0
,1927,,,,,56.57958984375,42.8558349609375,0.9093530822753907,0.48052044067382815,0.0
,1928,,,,,59.307861328125,47.5799560546875,0.9171217895507813,0.549402978515625,0.0
,1929,,,,,46.4447021484375,47.5799560546875,0.879210498046875,0.57177685546875,0.0
,1930,,,,,10.2996826171875,50.72021484375,0.8683343078613281,0.6118633850097657,0.0
,1931,,,,,25.2044677734375,54.16259765625,0.8116745361328125,0.5914575805664063,0.0
,1932,,,,,27.3468017578125,57.8704833984375,0.7866075073242188,0.6299903686523438,0.0
,1933,,,,,27.099609375,61.7340087890625,0.7173106384277343,0.6374483276367188,0.0
,1934,,,,,29.022216796875,65.07568359375,0.6956618408203126,0.6900683715820313,0.0
,1935,,,,,18.8232421875,67.913818359375,0.6084451538085938,0.6752560363769532,0.0
,1936,,,,,20.306396484375,70.477294921875,0.5923898254394532,0.7055022033691406,0.0
,1937,,,,,9.576416015625,72.2625732421875,0.491396630859375,0.7371985290527344,0.0
,1938,,,,,10.418701171875,73.71826171875,0.45887164306640627,0.8077383911132813,0.0
,1939,,,,,1.959228515625,74.3408203125,0.4007617126464844,0.8438887756347656,0.0
,1940,,,,,2.1331787109375,74.652099609375,0.34078729248046874,0.8771388427734376,0.0
,1941,,,,,-5.3466796875,74.688720703125,0.2620643920898438,0.8987876403808595,0.0
,1942,,,,,-5.767822265625,73.9654541015625,0.20985867919921875,0.922300927734375,0.0
,1943,,,,,-11.5264892578125,72.821044921875,0.14480870361328124,0.9360774353027344,0.0
,1944,,,,,-12.451171875,71.209716796875,0.087009521484375,0.9522363464355469,0.0
,1945,,,,,-17.6055908203125,69.0765380859375,0.029003173828125,0.9410494079589844,0.0
,1946,,,,,-18.4295654296875,67.63916015625,-0.0023824035644531253,0.9375275939941407,0.0
,1947,,,,,-23.3917236328125,65.80810546875,-0.0807945556640625,0.9072814270019531,0.0
,1948,,,,,-29.3701171875,63.2720947265625,-0.11653060913085937,0.8924690917968751,0.0
,1949,,,,,-35.4949951171875,60.7086181640625,-0.14770902099609376,0.8662626525878907,0.0
,1950,,,,,-40.2557373046875,58.7677001953125,-0.19908607177734375,0.8447174377441407,0.0
,1951,,,,,-46.8475341796875,53.4576416015625,-0.25346702270507815,0.8149891845703126,0.0
,1952,,,,,-50.244140625,53.4576416015625,-0.3191384948730469,0.776456396484375,0.0
,1953,,,,,-55.8929443359375,48.6602783203125,-0.3684438903808594,0.75076787109375,0.0
,1954,,,,,-57.6324462890625,48.6602783203125,-0.44333422851562504,0.7011517272949219,0.0
,1955,,,,,-62.36572265625,43.304443359375,-0.5252681945800781,0.6453206176757813,0.0
,1956,,,,,-63.3453369140625,43.304443359375,-0.59166474609375,0.5997442016601563,0.0
,1957,,,,,-68.2891845703125,35.55908203125,-0.6368268310546875,0.57840615234375,0.0
,1958,,,,,-68.2708740234375,35.55908203125,-0.6671765808105469,0.5613149963378906,0.0
,1959,,,,,-69.9371337890625,32.3089599609375,-0.7186572143554688,0.5086949523925781,0.0
,1960,,,,,-69.195556640625,32.3089599609375,-0.7750062377929687,0.457421484375,0.0
,1961,,,,,-72.2259521484375,24.6002197265625,-0.8315624267578126,0.41246656494140627,0.0
,1962,,,,,-70.01953125,24.6002197265625,-0.8617050109863281,0.4023154541015625,0.0
,1963,,,,,-73.956298828125,13.9434814453125,-0.9083172546386719,0.3437911926269531,0.0
,1964,,,,,-87.3321533203125,-13.970947265625,-0.9112175720214845,0.34493060302734374,0.0
,1965,,,,,-78.4149169921875,-3.40576171875,-0.93307353515625,0.28412752075195313,0.0
,1966,,,,,-74.9359130859375,-3.40576171875,-0.9279979797363281,0.25502076416015623,0.0
,1967,,,,,-75.640869140625,-9.7320556640625,-0.9441568908691407,0.17184380493164064,0.0
,1968,,,,,-70.0836181640625,-9.7320556640625,-0.9351451904296876,0.139215234375,0.0
,1969,,,,,-75.7781982421875,-19.5831298828125,-0.9491288635253906,0.047958819580078124,0.0
,1970,,,,,-68.0694580078125,-19.5831298828125,-0.9450891357421876,0.005904217529296875,0.0
,1971,,,,,-72.821044921875,-27.813720703125,-0.9667379333496094,-0.0890811767578125,0.0
,1972,,,,,-65.4052734375,-27.813720703125,-0.9360774353027344,-0.13807582397460938,0.0
,1973,,,,,-69.873046875,-35.55908203125,-0.955550994873047,-0.19670366821289062,0.0
,1974,,,,,-60.589599609375,-35.55908203125,-0.9237510864257813,-0.24549114990234375,0.0
,1975,,,,,-62.896728515625,-39.5416259765625,-0.9258227416992187,-0.3610895141601563,0.0
,1976,,,,,-57.75146484375,-39.5416259765625,-0.9076957580566406,-0.4115343200683594,0.0
,1977,,,,,-61.083984375,-45.3094482421875,-0.8659519042968751,-0.4498599426269531,0.0
,1978,,,,,-52.1026611328125,-45.3094482421875,-0.8396418823242188,-0.4746162231445313,0.0
,1979,,,,,-54.766845703125,-49.91455078125,-0.8217220642089844,-0.5157385803222656,0.0
,1980,,,,,-42.4072265625,-49.91455078125,-0.8152999328613282,-0.5537534545898438,0.0
,1981,,,,,-44.6502685546875,-53.814697265625,-0.7836036071777344,-0.5804778076171875,0.0
,1982,,,,,-25.7171630859375,-58.0718994140625,-0.7792531311035157,-0.6145565368652344,0.0
,1983,,,,,-28.0517578125,-62.127685546875,-0.7493177124023438,-0.6398307312011718,0.0
,1984,,,,,-21.8902587890625,-65.58837890625,-0.7239399353027344,-0.6832319091796876,0.0
,1985,,,,,-23.73046875,-68.7744140625,-0.6573362182617187,-0.7086096862792969,0.0
,1986,,,,,-12.322998046875,-71.1822509765625,-0.5846211181640625,-0.7279796630859375,0.0
,1987,,,,,-13.5040283203125,-73.223876953125,-0.5315867431640625,-0.7589509094238281,0.0
,1988,,,,,-4.5867919921875,-74.3316650390625,-0.4656045227050781,-0.7879540832519532,0.0
,1989,,,,,-4.9072265625,-74.89013671875,-0.3757982666015625,-0.7928224731445312,0.0
,1990,,,,,4.486083984375,-75.3204345703125,-0.31416652221679686,-0.8221363952636719,0.0
,1991,,,,,4.449462890625,-75.3936767578125,-0.23813677368164063,-0.8387096374511719,0.0
,1992,,,,,8.60595703125,-75.0457763671875,-0.18448090209960938,-0.8675056457519531,0.0
,1993,,,,,8.9996337890625,-74.3682861328125,-0.10099319458007813,-0.8716489562988281,0.0
,1994,,,,,15.6646728515625,-73.27880859375,-0.031281994628906254,-0.8867720397949219,0.0
,1995,,,,,16.424560546875,-71.96044921875,-0.000725079345703125,-0.9112175720214845,0.0
,1996,,,,,19.024658203125,-69.9920654296875,0.07975872802734375,-0.8934013366699219,0.0
,1997,,,,,24.0234375,-67.913818359375,0.09084208374023438,-0.9068670959472657,0.0
,1998,,,,,30.0933837890625,-64.7735595703125,0.1351755065917969,-0.8939192504882812,0.0
,1999,,,,,36.0443115234375,-61.9903564453125,0.1578601318359375,-0.8918475952148438,0.0
,2000,,,,,40.869140625,-59.7381591796875,0.2358579528808594,-0.8655375732421875,0.0
,2001,,,,,45.556640625,-57.952880859375,0.26682919921875003,-0.8293871887207032,0.0
,2002,,,,,51.89208984375,-52.166748046875,0.3278394470214844,-0.7865039245605469,0.0
,2003,,,,,54.5928955078125,-52.166748046875,0.35570321044921877,-0.768169775390625,0.0
,2004,,,,,60.003662109375,-46.8841552734375,0.40221187133789066,-0.7497320434570313,0.0
,2005,,,,,61.2030029296875,-46.8841552734375,0.4695406677246094,-0.6875823852539062,0.0
,2006,,,,,66.1376953125,-40.6951904296875,0.5539606201171875,-0.6417988037109376,0.0
,2007,,,,,66.778564453125,-40.6951904296875,0.6175604370117188,-0.6023337707519532,0.0
,2008,,,,,69.0673828125,-36.6668701171875,0.6716306396484375,-0.5699123657226562,0.0
,2009,,,,,68.5272216796875,-36.6668701171875,0.7354376220703125,-0.5081770385742188,0.0
,2010,,,,,71.136474609375,-30.2764892578125,0.793029638671875,-0.4788631164550781,0.0
,2011,,,,,68.8751220703125,-30.2764892578125,0.846167596435547,-0.44861694946289066,0.0
,2012,,,,,72.0794677734375,-20.2606201171875,0.8679199768066407,-0.4094626647949219,0.0
,2013,,,,,69.61669921875,-20.2606201171875,0.9058312683105469,-0.378698583984375,0.0
,2014,,,,,74.3682861328125,-8.1207275390625,0.9092494995117187,-0.34524135131835937,0.0
,2015,,,,,71.1456298828125,-8.1207275390625,0.9331771179199219,-0.30971246337890623,0.0
,2016,,,,,74.7161865234375,3.607177734375,0.9188826965332032,-0.269315185546875,0.0
,2017,,,,,71.9329833984375,3.607177734375,0.9316233764648438,-0.20084697875976562,0.0
,2018,,,,,75.0823974609375,13.604736328125,0.922404510498047,-0.14946992797851563,0.0
,2019,,,,,68.609619140625,13.604736328125,0.9384598388671875,-0.0828662109375,0.0
,2020,,,,,74.4781494140625,23.76708984375,0.93638818359375,-0.009218865966796875,0.0
,2021,,,,,67.694091796875,23.76708984375,0.9424995666503907,0.04277968139648437,0.0
,2022,,,,,72.47314453125,32.04345703125,0.9343165283203125,0.1081404052734375,0.0
,2023,,,,,63.336181640625,32.04345703125,0.9307947143554688,0.16811482543945314,0.0
,2024,,,,,68.206787109375,40.484619140625,0.9269621520996094,0.24393740844726564,0.0
,2025,,,,,59.5458984375,40.484619140625,0.9186755310058594,0.3056727355957031,0.0
,2026,,,,,61.8621826171875,44.5037841796875,0.9066599304199219,0.38563862915039065,0.0
,2027,,,,,54.8858642578125,44.5037841796875,0.9111139892578125,0.44954919433593754,0.0
,2028,,,,,58.2366943359375,50.299072265625,0.8978553955078126,0.5092128662109375,0.0
,2029,,,,,48.211669921875,50.299072265625,0.8611870971679688,0.5249574462890625,0.0
,2030,,,,,10.7666015625,51.8829345703125,0.8657447387695313,0.574262841796875,0.0
,2031,,,,,27.57568359375,55.426025390625,0.7869182556152344,0.5514746337890625,0.0
,2032,,,,,29.8736572265625,59.4085693359375,0.7807032897949219,0.5968438842773438,0.0
,2033,,,,,26.6143798828125,63.189697265625,0.7238363525390625,0.5989155395507813,0.0
,2034,,,,,28.4088134765625,66.2933349609375,0.709334765625,0.6655192565917969,0.0
,2035,,,,,16.2322998046875,69.287109375,0.6319584411621094,0.6668658325195312,0.0
,2036,,,,,17.7520751953125,71.9146728515625,0.6271936340332032,0.7109920898437501,0.0
,2037,,,,,8.0657958984375,73.8372802734375,0.5243359497070312,0.7376128601074219,0.0
,2038,,,,,8.807373046875,75.1190185546875,0.45648923950195314,0.779771044921875,0.0
,2039,,,,,0.5859375,76.025390625,0.3870887878417969,0.8086706359863282,0.0
,2040,,,,,0.970458984375,76.6845703125,0.3319827575683594,0.8565258728027344,0.0
,2041,,,,,-5.8319091796875,76.611328125,0.22228861083984375,0.8573545349121094,0.0
,2042,,,,,-5.9967041015625,76.336669921875,0.1843773193359375,0.9008592956542969,0.0
,2043,,,,,-10.9222412109375,75.384521484375,0.13237877197265627,0.9273764831542969,0.0
,2044,,,,,-11.517333984375,74.359130859375,0.08193396606445313,0.9345236938476563,0.0
,2045,,,,,-17.724609375,72.6470947265625,-0.00165732421875,0.9286194763183594,0.0
,2046,,,,,-18.8140869140625,70.7611083984375,-0.03760054321289063,0.943846142578125,0.0
,2047,,,,,-23.6572265625,68.8201904296875,-0.0807945556640625,0.9326592041015626,0.0
,2048,,,,,-28.96728515625,66.68701171875,-0.11694494018554688,0.9121498168945312,0.0
,2049,,,,,-35.1470947265625,63.9495849609375,-0.16013895263671876,0.8806606567382813,0.0
,2050,,,,,-40.9515380859375,61.4044189453125,-0.21814530029296875,0.8456496826171875,0.0
,2051,,,,,-47.0306396484375,56.8359375,-0.26372171630859376,0.8349806579589844,0.0
,2052,,,,,-49.969482421875,56.8359375,-0.32421405029296874,0.7796674621582032,0.0
,2053,,,,,-56.1126708984375,51.1871337890625,-0.39154284667968753,0.7394773498535157,0.0
,2054,,,,,-58.0352783203125,51.1871337890625,-0.4717159057617188,0.6861322265625001,0.0
,2055,,,,,-62.1917724609375,45.6390380859375,-0.5495065612792969,0.6599257873535156,0.0
,2056,,,,,-62.95166015625,45.6390380859375,-0.6122777160644531,0.6182855163574219,0.0
,2057,,,,,-67.78564453125,38.214111328125,-0.6861322265625001,0.5697052001953126,0.0
,2058,,,,,-67.41943359375,38.214111328125,-0.7509750366210938,0.51874248046875,0.0
,2059,,,,,-68.9117431640625,34.31396484375,-0.7918902282714844,0.48052044067382815,0.0
,2060,,,,,-67.7764892578125,34.31396484375,-0.8316660095214844,0.4558677429199219,0.0
,2061,,,,,-70.49560546875,26.7608642578125,-0.85683662109375,0.43401177978515626,0.0
,2062,,,,,-68.170166015625,26.7608642578125,-0.9064527648925782,0.4089447509765625,0.0
,2063,,,,,-72.6104736328125,15.087890625,-0.937216845703125,0.37724842529296876,0.0
,2064,,,,,-87.432861328125,-15.1153564453125,-0.9285158935546876,0.3638862487792969,0.0
,2065,,,,,-78.1402587890625,-3.533935546875,-0.9351451904296876,0.310748291015625,0.0
,2066,,,,,-74.725341796875,-3.533935546875,-0.948818115234375,0.2642396301269531,0.0
,2067,,,,,-75.2197265625,-9.942626953125,-0.9755424682617188,0.18831346435546875,0.0
,2068,,,,,-69.9005126953125,-9.942626953125,-0.9674630126953125,0.1691506530761719,0.0
,2069,,,,,-75.4302978515625,-19.51904296875,-0.9624910400390625,0.098610791015625,0.0
,2070,,,,,-67.6116943359375,-19.51904296875,-0.9594871398925782,0.032214239501953124,0.0
,2071,,,,,-73.5443115234375,-29.791259765625,-0.9651841918945313,-0.056866937255859375,0.0
,2072,,,,,-65.4876708984375,-29.791259765625,-0.9408422424316406,-0.08669877319335938,0.0
,2073,,,,,-70.01953125,-37.6556396484375,-0.9530650085449219,-0.16676824951171876,0.0
,2074,,,,,-60.0860595703125,-37.6556396484375,-0.9304839660644532,-0.19784307861328126,0.0
,2075,,,,,-63.5009765625,-43.5791015625,-0.9564832397460937,-0.30795155639648436,0.0
,2076,,,,,-56.57958984375,-43.5791015625,-0.9237510864257813,-0.34834883422851565,0.0
,2077,,,,,-58.941650390625,-47.662353515625,-0.8967159851074219,-0.4238606689453125,0.0
,2078,,,,,-50.7659912109375,-47.662353515625,-0.8710274597167968,-0.44747753906250004,0.0
,2079,,,,,-51.5533447265625,-49.0264892578125,-0.837880975341797,-0.5093164489746094,0.0
,2080,,,,,-40.75927734375,-52.166748046875,-0.8222399780273437,-0.5296186706542969,0.0
,2081,,,,,-42.5994873046875,-55.352783203125,-0.8119852844238281,-0.5821351318359376,0.0
,2082,,,,,-26.1749267578125,-58.831787109375,-0.7765599792480469,-0.5970510498046875,0.0
,2083,,,,,-28.143310546875,-62.2467041015625,-0.75408251953125,-0.6348587585449219,0.0
,2084,,,,,-20.7733154296875,-65.7257080078125,-0.7067451965332031,-0.6741166259765625,0.0
,2085,,,,,-22.5494384765625,-68.81103515625,-0.6466671936035157,-0.7080917724609376,0.0
,2086,,,,,-12.0391845703125,-71.356201171875,-0.565976220703125,-0.725079345703125,0.0
,2087,,,,,-13.2476806640625,-73.4344482421875,-0.49502202758789066,-0.7542896850585937,0.0
,2088,,,,,-5.6671142578125,-74.652099609375,-0.43535835571289067,-0.8078419738769531,0.0
,2089,,,,,-6.1065673828125,-75.4119873046875,-0.3487631652832031,-0.8235865539550782,0.0
,2090,,,,,1.373291015625,-76.0345458984375,-0.2930356384277344,-0.8508288208007813,0.0
,2091,,,,,1.4007568359375,-75.9979248046875,-0.2084085205078125,-0.84689267578125,0.0
,2092,,,,,5.5938720703125,-75.3021240234375,-0.12108825073242188,-0.8525897277832032,0.0
,2093,,,,,5.987548828125,-74.6337890625,-0.05779918212890625,-0.8687486389160156,0.0
,2094,,,,,12.872314453125,-73.4344482421875,-0.0020716552734375,-0.8859433776855469,0.0
,2095,,,,,13.9434814453125,-71.5850830078125,0.037289794921875,-0.8909153503417969,0.0
,2096,,,,,17.5323486328125,-69.6624755859375,0.08835609741210938,-0.8855290466308594,0.0
,2097,,,,,22.265625,-68.0511474609375,0.0998537841796875,-0.9062455993652344,0.0
,2098,,,,,27.850341796875,-66.2841796875,0.145015869140625,-0.8984768920898438,0.0
,2099,,,,,34.0301513671875,-63.958740234375,0.16262493896484376,-0.9043811096191406,0.0
,2100,,,,,39.55078125,-61.04736328125,0.2456983154296875,-0.8611870971679688,0.0
,2101,,,,,43.68896484375,-58.7677001953125,0.2921033935546875,-0.8324946716308594,0.0
,2102,,,,,49.1729736328125,-54.2449951171875,0.34700225830078124,-0.8042165771484375,0.0
,2103,,,,,51.397705078125,-54.2449951171875,0.370411962890625,-0.7929260559082032,0.0
,2104,,,,,57.0831298828125,-47.6806640625,0.4600110534667969,-0.7544968505859375,0.0
,2105,,,,,58.0902099609375,-47.6806640625,0.5156349975585938,-0.7221790283203126,0.0
,2106,,,,,62.0086669921875,-41.6839599609375,0.6004692810058594,-0.672044970703125,0.0
,2107,,,,,62.2100830078125,-41.6839599609375,0.6569218872070313,-0.615695947265625,0.0
,2108,,,,,67.144775390625,-33.197021484375,0.708506103515625,-0.5795455627441406,0.0
,2109,,,,,66.8060302734375,-33.197021484375,0.768169775390625,-0.5390447021484375,0.0
,2110,,,,,68.6004638671875,-28.7109375,0.8150927673339844,-0.4871497375488281,0.0
,2111,,,,,67.1173095703125,-28.7109375,0.8353949890136719,-0.4538996704101563,0.0
,2112,,,,,70.5322265625,-19.500732421875,0.8511395690917969,-0.42883264160156254,0.0
,2113,,,,,68.1976318359375,-19.500732421875,0.8776567565917969,-0.4005545471191406,0.0
,2114,,,,,72.32666015625,-8.3587646484375,0.8836645568847656,-0.35860352783203125,0.0
,2115,,,,,69.5892333984375,-8.3587646484375,0.9266514038085938,-0.311576953125,0.0
,2116,,,,,74.102783203125,5.0811767578125,0.914117889404297,-0.2818486999511719,0.0
,2117,,,,,70.7061767578125,5.0811767578125,0.9075921752929688,-0.2561601745605469,0.0
,2118,,,,,74.0570068359375,15.8660888671875,0.8967159851074219,-0.19784307861328126,0.0
,2119,,,,,66.8975830078125,15.8660888671875,0.9101817443847656,-0.14190838623046875,0.0
,2120,,,,,72.9766845703125,26.40380859375,0.9172253723144531,-0.06888253784179688,0.0
,2121,,,,,65.4144287109375,26.40380859375,0.9311054626464844,0.013362176513671876,0.0
,2122,,,,,69.8638916015625,34.1033935546875,0.902413037109375,0.07509750366210938,0.0
,2123,,,,,61.8621826171875,34.1033935546875,0.9023094543457032,0.159931787109375,0.0
,2124,,,,,66.3116455078125,41.8121337890625,0.8806606567382813,0.21224108276367187,0.0
,2125,,,,,58.2550048828125,41.8121337890625,0.8832502258300782,0.29686820068359376,0.0
,2126,,,,,60.16845703125,45.1263427734375,0.8916404296875,0.3734158630371094,0.0
,2127,,,,,54.0618896484375,45.1263427734375,0.8680235595703125,0.4115343200683594,0.0
,2128,,,,,57.7880859375,51.5625,0.8665734008789063,0.4829028442382813,0.0
,2129,,,,,48.065185546875,51.5625,0.8353949890136719,0.5139776733398438,0.0
,2130,,,,,12.2589111328125,52.935791015625,0.8165429260253907,0.5614185791015626,0.0
,2131,,,,,20.6817626953125,56.14013671875,0.7638192993164062,0.5617293273925782,0.0
,2132,,,,,23.0438232421875,60.223388671875,0.7476603881835938,0.6124848815917969,0.0
,2133,,,,,27.4658203125,63.8946533203125,0.7022911376953125,0.6299903686523438,0.0
,2134,,,,,29.04052734375,66.61376953125,0.6891361267089844,0.6921400268554688,0.0
,2135,,,,,18.109130859375,69.3695068359375,0.5794419799804688,0.6642762634277344,0.0
,2136,,,,,19.7021484375,72.1435546875,0.5473313232421875,0.7053986206054688,0.0
,2137,,,,,11.16943359375,74.0478515625,0.4685048400878906,0.7249757629394531,0.0
,2138,,,,,11.7645263671875,75.091552734375,0.41940661010742186,0.7850537658691407,0.0
,2139,,,,,2.67333984375,76.1444091796875,0.3580856140136719,0.8115709533691406,0.0
,2140,,,,,3.1951904296875,77.0416259765625,0.29769686279296875,0.8484464172363282,0.0
,2141,,,,,-1.1077880859375,76.7669677734375,0.18323790893554687,0.8397454650878906,0.0
,2142,,,,,-1.3824462890625,76.28173828125,0.13527908935546876,0.8724776184082031,0.0
,2143,,,,,-6.8756103515625,75.5035400390625,0.06183890991210938,0.8867720397949219,0.0
,2144,,,,,-7.415771484375,74.5697021484375,0.029728253173828125,0.9202292724609376,0.0
,2145,,,,,-14.7491455078125,72.8668212890625,-0.027656597900390625,0.9283087280273438,0.0
,2146,,,,,-15.966796875,70.7794189453125,-0.06370339965820312,0.9361810180664063,0.0
,2147,,,,,-21.1669921875,68.353271484375,-0.10979772949218751,0.9288266418457032,0.0
,2148,,,,,-26.5045166015625,65.9912109375,-0.14480870361328124,0.9132892272949219,0.0
,2149,,,,,-32.55615234375,63.2720947265625,-0.17577994995117188,0.8903974365234375,0.0
,2150,,,,,-38.2232666015625,60.8367919921875,-0.2307823974609375,0.8772424255371094,0.0
,2151,,,,,-42.8375244140625,58.4930419921875,-0.3084694702148438,0.8417135375976563,0.0
,2152,,,,,-46.8017578125,56.195068359375,-0.3612966796875,0.7890934936523438,0.0
,2153,,,,,-52.77099609375,50.4913330078125,-0.42054602050781253,0.7578114990234375,0.0
,2154,,,,,-54.9957275390625,50.4913330078125,-0.48259209594726565,0.70767744140625,0.0
,2155,,,,,-59.87548828125,44.53125,-0.5571716857910156,0.66790166015625,0.0
,2156,,,,,-60.75439453125,44.53125,-0.61155263671875,0.6189070129394532,0.0
,2157,,,,,-65.899658203125,36.346435546875,-0.6482209350585938,0.590007421875,0.0
,2158,,,,,-65.9454345703125,36.346435546875,-0.7021875549316406,0.5672192138671875,0.0
,2159,,,,,-68.3074951171875,31.9061279296875,-0.7686876892089844,0.5065197143554687,0.0
,2160,,,,,-67.4468994140625,31.9061279296875,-0.8141605224609375,0.47016216430664065,0.0
,2161,,,,,-70.2301025390625,24.2340087890625,-0.8530040588378907,0.42914338989257816,0.0
,2162,,,,,-68.133544921875,24.2340087890625,-0.8689558044433594,0.42085676879882816,0.0
,2163,,,,,-72.2808837890625,13.5498046875,-0.8828358947753907,0.3818060668945313,0.0
,2164,,,,,-85.162353515625,-13.5772705078125,-0.9004449645996094,0.37206928710937504,0.0
,2165,,,,,-75.274658203125,-2.1240234375,-0.9339021972656251,0.30815872192382815,0.0
,2166,,,,,-71.9512939453125,-2.1240234375,-0.9314162109375,0.2838167724609375,0.0
,2167,,,,,-74.359130859375,-11.224365234375,-0.9448819702148438,0.204679541015625,0.0
,2168,,,,,-67.2821044921875,-11.224365234375,-0.9308982971191406,0.18075192260742187,0.0
,2169,,,,,-74.029541015625,-22.9156494140625,-0.9237510864257813,0.09736779785156251,0.0
,2170,,,,,-67.05322265625,-22.9156494140625,-0.9115283203125,0.06080308227539063,0.0
,2171,,,,,-71.77734375,-31.0821533203125,-0.92312958984375,-0.041122357177734374,0.0
,2172,,,,,-63.9495849609375,-31.0821533203125,-0.8860469604492188,-0.08348770751953125,0.0
,2173,,,,,-69.0399169921875,-39.898681640625,-0.8786925842285157,-0.14035464477539064,0.0
,2174,,,,,-61.8621826171875,-39.898681640625,-0.8728919494628906,-0.19235319213867189,0.0
,2175,,,,,-63.592529296875,-42.901611328125,-0.8596333557128907,-0.2851633483886719,0.0
,2176,,,,,-58.2366943359375,-42.901611328125,-0.836120068359375,-0.3374726440429688,0.0
,2177,,,,,-61.48681640625,-48.5321044921875,-0.8074276428222656,-0.40708026123046875,0.0
,2178,,,,,-53.7872314453125,-48.5321044921875,-0.8184074157714843,-0.4470632080078125,0.0
,2179,,,,,-54.2266845703125,-49.2919921875,-0.8092921325683594,-0.5151170837402343,0.0
,2180,,,,,-42.00439453125,-52.40478515625,-0.7776993896484375,-0.5440166748046875,0.0
,2181,,,,,-44.42138671875,-56.597900390625,-0.7558434265136719,-0.5809957214355469,0.0
,2182,,,,,-32.33642578125,-60.8734130859375,-0.7237327697753907,-0.5722947692871094,0.0
,2183,,,,,-34.405517578125,-64.4622802734375,-0.6834390747070312,-0.6180783508300781,0.0
,2184,,,,,-23.4832763671875,-67.6849365234375,-0.6584756286621094,-0.672044970703125,0.0
,2185,,,,,-25.1678466796875,-70.5963134765625,-0.5866927734375,-0.6925543579101563,0.0
,2186,,,,,-16.0125732421875,-72.967529296875,-0.5366622985839844,-0.7417561706542969,0.0
,2187,,,,,-17.0379638671875,-74.7344970703125,-0.488081982421875,-0.7835000244140625,0.0
,2188,,,,,-7.763671875,-75.897216796875,-0.40200470581054687,-0.8109494567871094,0.0
,2189,,,,,-8.184814453125,-76.6204833984375,-0.3199671569824219,-0.8225507263183593,0.0
,2190,,,,,-1.3916015625,-76.5380859375,-0.2663112854003906,-0.859322607421875,0.0
,2191,,,,,-1.2176513671875,-76.226806640625,-0.17919818115234376,-0.8633623352050781,0.0
,2192,,,,,4.266357421875,-75.76904296875,-0.10244335327148438,-0.8559043762207031,0.0
,2193,,,,,4.87060546875,-74.7344970703125,-0.05935292358398438,-0.8826287292480469,0.0
,2194,,,,,11.1785888671875,-73.4344482421875,-0.0074579589843750006,-0.901584375,0.0
,2195,,,,,12.26806640625,-71.5484619140625,0.037393377685546875,-0.9168110412597656,0.0
,2196,,,,,15.8294677734375,-69.195556640625,0.07716915893554688,-0.92644423828125,0.0
,2197,,,,,21.917724609375,-67.0257568359375,0.07426884155273437,-0.9391849182128906,0.0
,2198,,,,,27.6763916015625,-65.020751953125,0.1305142822265625,-0.9166038757324219,0.0
,2199,,,,,32.940673828125,-63.043212890625,0.1296856201171875,-0.9145322204589844,0.0
,2200,,,,,38.63525390625,-60.7177734375,0.22622475585937502,-0.8738241943359375,0.0
,2201,,,,,43.5333251953125,-58.7493896484375,0.24953087768554688,-0.8487571655273438,0.0
,2202,,,,,50.4638671875,-52.734375,0.3170668395996094,-0.8126067810058594,0.0
,2203,,,,,53.28369140625,-52.734375,0.3526993103027344,-0.7964478698730469,0.0
,2204,,,,,58.48388671875,-46.8475341796875,0.4209603515625,-0.7651658752441407,0.0
,2205,,,,,59.58251953125,-46.8475341796875,0.4995796691894531,-0.7251829284667969,0.0
,2206,,,,,65.2587890625,-38.9007568359375,0.56846220703125,-0.6740130432128907,0.0
,2207,,,,,65.496826171875,-38.9007568359375,0.6203571716308593,-0.6204607543945313,0.0
,2208,,,,,69.049072265625,-32.4737548828125,0.6688339050292968,-0.5672192138671875,0.0
,2209,,,,,68.66455078125,-32.4737548828125,0.7132709106445313,-0.5402876953125,0.0
,2210,,,,,71.337890625,-26.0467529296875,0.7607118164062501,-0.49657576904296874,0.0
,2211,,,,,69.83642578125,-26.0467529296875,0.8229650573730469,-0.44602738037109374,0.0
,2212,,,,,72.308349609375,-17.9901123046875,0.8474105895996094,-0.42707173461914066,0.0
,2213,,,,,69.708251953125,-17.9901123046875,0.8666769836425782,-0.39599690551757816,0.0
,2214,,,,,74.468994140625,-5.2825927734375,0.8741349426269531,-0.3608823486328125,0.0
,2215,,,,,71.4019775390625,-5.2825927734375,0.9130820617675781,-0.3077443908691406,0.0
,2216,,,,,75.25634765625,6.097412109375,0.8898795227050782,-0.2713868408203125,0.0
,2217,,,,,68.8934326171875,6.097412109375,0.9008592956542969,-0.22487817993164064,0.0
,2218,,,,,75.970458984375,18.34716796875,0.8900866882324219,-0.1802340087890625,0.0
,2219,,,,,69.7906494140625,18.34716796875,0.9077993408203126,-0.12160616455078126,0.0
,2220,,,,,74.7894287109375,27.008056640625,0.8811785705566406,-0.05023764038085938,0.0
,2221,,,,,67.5018310546875,27.008056640625,0.8925726745605469,0.034700225830078125,0.0
,2222,,,,,72.7752685546875,36.1358642578125,0.9033452819824219,0.12864979248046876,0.0
,2223,,,,,65.3778076171875,36.1358642578125,0.8996163024902344,0.19753233032226564,0.0
,2224,,,,,67.5933837890625,39.9810791015625,0.8824215637207031,0.26165006103515626,0.0
,2225,,,,,61.212158203125,39.9810791015625,0.8727883666992188,0.33281141967773437,0.0
,2226,,,,,64.6636962890625,45.9503173828125,0.8742385253906251,0.40832325439453127,0.0
,2227,,,,,58.48388671875,45.9503173828125,0.8622229248046875,0.4438521423339844,0.0
,2228,,,,,61.029052734375,50.35400390625,0.8284549438476563,0.4933647033691406,0.0
,2229,,,,,48.5504150390625,50.35400390625,0.8092921325683594,0.5200890563964844,0.0
,2230,,,,,11.6546630859375,53.94287109375,0.8305265991210937,0.5892823425292969,0.0
,2231,,,,,27.35595703125,57.403564453125,0.7701378479003906,0.5891787597656251,0.0
,2232,,,,,29.278564453125,60.7269287109375,0.744967236328125,0.6238789855957031,0.0
,2233,,,,,30.0933837890625,64.19677734375,0.7007373962402343,0.6419023864746094,0.0
,2234,,,,,31.8695068359375,67.254638671875,0.6673837463378907,0.6777420227050781,0.0
,2235,,,,,20.452880859375,70.147705078125,0.5682550415039063,0.6577505493164063,0.0
,2236,,,,,21.5972900390625,72.125244140625,0.5555143615722656,0.7315014770507813,0.0
,2237,,,,,12.63427734375,73.406982421875,0.48124552001953125,0.7704485961914063,0.0
,2238,,,,,13.14697265625,74.2950439453125,0.4428163146972656,0.8304230163574219,0.0
,2239,,,,,3.1219482421875,74.8443603515625,0.3705155456542969,0.8550757141113281,0.0
,2240,,,,,3.3599853515625,75.2471923828125,0.30815872192382815,0.8896723571777344,0.0
,2241,,,,,-1.13525390625,75.1922607421875,0.20126130981445314,0.9103889099121094,0.0
,2242,,,,,-1.4739990234375,74.6063232421875,0.15309532470703124,0.9437425598144532,0.0
,2243,,,,,-8.7982177734375,73.773193359375,0.08721668701171875,0.9468500427246094,0.0
,2244,,,,,-9.356689453125,72.802734375,0.042883264160156254,0.9500611083984375,0.0
,2245,,,,,-14.813232421875,70.86181640625,-0.019991473388671875,0.9634232849121094,0.0
,2246,,,,,-15.9027099609375,68.975830078125,-0.056245440673828126,0.9553438293457032,0.0
,2247,,,,,-21.7437744140625,66.5496826171875,-0.09467464599609375,0.9408422424316406,0.0
,2248,,,,,-27.8411865234375,63.6016845703125,-0.11735927124023438,0.9242690002441406,0.0
,2249,,,,,-33.4259033203125,60.7269287109375,-0.15454548339843752,0.912356982421875,0.0
,2250,,,,,-38.763427734375,58.2366943359375,-0.21659155883789064,0.8837681396484375,0.0
,2251,,,,,-45.95947265625,52.862548828125,-0.275944482421875,0.8657447387695313,0.0
,2252,,,,,-49.3194580078125,52.862548828125,-0.3257677917480469,0.8211005676269532,0.0
,2253,,,,,-54.5928955078125,47.8912353515625,-0.3900926879882813,0.7731417480468751,0.0
,2254,,,,,-56.7352294921875,47.8912353515625,-0.44126257324218754,0.7363698669433594,0.0
,2255,,,,,-62.36572265625,40.777587890625,-0.48632107543945313,0.708506103515625,0.0
,2256,,,,,-63.3453369140625,40.777587890625,-0.5574824340820312,0.6520534973144532,0.0
,2257,,,,,-67.34619140625,34.1583251953125,-0.6271936340332032,0.6113454711914063,0.0
,2258,,,,,-66.8060302734375,34.1583251953125,-0.6646905944824218,0.595808056640625,0.0
,2259,,,,,-69.43359375,28.6376953125,-0.7411346740722656,0.5354193054199219,0.0
,2260,,,,,-68.3349609375,28.6376953125,-0.7796674621582032,0.49585068969726565,0.0
,2261,,,,,-70.367431640625,22.796630859375,-0.8253474609375,0.444991552734375,0.0
,2262,,,,,-68.3441162109375,22.796630859375,-0.8552828796386719,0.4227212585449219,0.0
,2263,,,,,-72.894287109375,11.517333984375,-0.8591154418945313,0.383670556640625,0.0
,2264,,,,,-83.6334228515625,-11.5447998046875,-0.8782782531738281,0.35870711059570315,0.0
,2265,,,,,-76.0162353515625,-2.783203125,-0.8821108154296875,0.315720263671875,0.0
,2266,,,,,-73.35205078125,-2.783203125,-0.8940228332519532,0.27822330322265626,0.0
,2267,,,,,-75.8331298828125,-12.2039794921875,-0.9232331726074219,0.1910066162109375,0.0
,2268,,,,,-69.3328857421875,-12.2039794921875,-0.9243725830078126,0.1583780456542969,0.0
,2269,,,,,-74.652099609375,-21.42333984375,-0.9359738525390625,0.06463564453125001,0.0
,2270,,,,,-68.9117431640625,-21.42333984375,-0.9025166198730469,0.02672435302734375,0.0
,2271,,,,,-74.267578125,-30.6884765625,-0.9278943969726563,-0.08214113159179688,0.0
,2272,,,,,-66.24755859375,-30.6884765625,-0.9184683654785156,-0.136729248046875,0.0
,2273,,,,,-70.2667236328125,-37.6556396484375,-0.9235439208984375,-0.1823056640625,0.0
,2274,,,,,-63.3819580078125,-37.6556396484375,-0.8890508605957032,-0.244455322265625,0.0
,2275,,,,,-65.130615234375,-40.68603515625,-0.8841824707031251,-0.34120162353515626,0.0
,2276,,,,,-59.1522216796875,-40.68603515625,-0.8752743530273438,-0.39786139526367187,0.0
,2277,,,,,-62.8326416015625,-47.05810546875,-0.8515539001464844,-0.44416289062500003,0.0
,2278,,,,,-54.6112060546875,-47.05810546875,-0.8400562133789062,-0.48010610961914063,0.0
,2279,,,,,-56.9091796875,-51.0406494140625,-0.83529140625,-0.5381124572753906,0.0
,2280,,,,,-42.1966552734375,-51.0406494140625,-0.8257617919921876,-0.5795455627441406,0.0
,2281,,,,,-44.53125,-55.096435546875,-0.8102243774414063,-0.6270900512695313,0.0
,2282,,,,,-31.201171875,-59.124755859375,-0.7757313171386719,-0.6120705505371093,0.0
,2283,,,,,-33.10546875,-62.420654296875,-0.7356447875976563,-0.6677980773925781,0.0
,2284,,,,,-23.2818603515625,-65.22216796875,-0.6955582580566406,-0.7140995727539062,0.0
,2285,,,,,-24.8748779296875,-67.9779052734375,-0.6218073303222657,-0.7316050598144531,0.0
,2286,,,,,-15.49072265625,-70.477294921875,-0.5632830688476562,-0.7612297302246094,0.0
,2287,,,,,-16.40625,-72.052001953125,-0.5153242492675781,-0.8074276428222656,0.0
,2288,,,,,-6.8023681640625,-73.333740234375,-0.43525477294921877,-0.8330125854492187,0.0
,2289,,,,,-7.4981689453125,-74.52392578125,-0.3434804443359375,-0.8323910888671875,0.0
,2290,,,,,0.8697509765625,-74.9725341796875,-0.2981111938476563,-0.8655375732421875,0.0
,2291,,,,,0.9429931640625,-74.835205078125,-0.23192180786132813,-0.8804534912109375,0.0
,2292,,,,,6.0150146484375,-73.919677734375,-0.18406657104492188,-0.9113211547851563,0.0
,2293,,,,,6.4178466796875,-73.223876953125,-0.11912017822265625,-0.9179504516601563,0.0
,2294,,,,,14.0899658203125,-72.0703125,-0.032628570556640625,-0.9053133544921875,0.0
,2295,,,,,14.8773193359375,-70.697021484375,0.0030039001464843753,-0.9292409729003906,0.0
,2296,,,,,17.376708984375,-69.2779541015625,0.07178285522460938,-0.923958251953125,0.0
,2297,,,,,22.613525390625,-67.0257568359375,0.0791372314453125,-0.943121063232422,0.0
,2298,,,,,28.7841796875,-63.922119140625,0.10772607421875001,-0.9458142150878907,0.0
,2299,,,,,34.86328125,-61.358642578125,0.126785302734375,-0.9477822875976563,0.0
,2300,,,,,40.3106689453125,-58.905029296875,0.1959785888671875,-0.9125641479492188,0.0
,2301,,,,,45.465087890625,-56.378173828125,0.21555573120117189,-0.8834573913574219,0.0
,2302,,,,,52.8167724609375,-49.7406005859375,0.29769686279296875,-0.8345663269042969,0.0
,2303,,,,,55.3985595703125,-49.7406005859375,0.3365403991699219,-0.813021112060547,0.0
,2304,,,,,60.2783203125,-44.71435546875,0.4069766784667969,-0.7600903198242188,0.0
,2305,,,,,61.798095703125,-44.71435546875,0.48424942016601563,-0.7203145385742188,0.0
,2306,,,,,66.54052734375,-37.8936767578125,0.5417378540039063,-0.6835426574707032,0.0
,2307,,,,,66.851806640625,-37.8936767578125,0.6044054260253906,-0.625639892578125,0.0
,2308,,,,,70.367431640625,-31.951904296875,0.6623081909179688,-0.5882465148925782,0.0
,2309,,,,,69.8455810546875,-31.951904296875,0.7370949462890625,-0.5277541809082031,0.0
,2310,,,,,71.868896484375,-27.0721435546875,0.7860895935058594,-0.48134910278320314,0.0
,2311,,,,,70.2850341796875,-27.0721435546875,0.81706083984375,-0.46601885375976565,0.0
,2312,,,,,73.2147216796875,-18.3563232421875,0.8491714965820313,-0.4376371765136719,0.0
,2313,,,,,70.751953125,-18.3563232421875,0.9053133544921875,-0.385327880859375,0.0
,2314,,,,,75.03662109375,-6.92138671875,0.9143250549316406,-0.3643005798339844,0.0
,2315,,,,,72.271728515625,-6.92138671875,0.9240618347167969,-0.3249391296386719,0.0
,2316,,,,,76.483154296875,6.5643310546875,0.9192970275878907,-0.2942786315917969,0.0
,2317,,,,,73.2879638671875,6.5643310546875,0.9256155761718751,-0.23098956298828124,0.0
,2318,,,,,76.593017578125,16.00341796875,0.9076957580566406,-0.16438584594726563,0.0
,2319,,,,,70.1934814453125,16.00341796875,0.928930224609375,-0.08390203857421875,0.0
,2320,,,,,75.98876953125,26.03759765625,0.9167074584960938,-0.011912017822265626,0.0
,2321,,,,,69.32373046875,26.03759765625,0.9377347595214844,0.06183890991210938,0.0
,2322,,,,,73.3428955078125,32.99560546875,0.9097674133300782,0.13279310302734376,0.0
,2323,,,,,65.8447265625,32.99560546875,0.9358702697753907,0.22145994873046876,0.0
,2324,,,,,68.9300537109375,38.3331298828125,0.9278943969726563,0.30474049072265624,0.0
,2325,,,,,61.541748046875,38.3331298828125,0.9317269592285157,0.36979046630859375,0.0
,2326,,,,,64.48974609375,43.4234619140625,0.94136015625,0.43618701782226565,0.0
,2327,,,,,57.0648193359375,43.4234619140625,0.9168110412597656,0.47347681274414066,0.0
,2328,,,,,60.113525390625,48.7060546875,0.9178468688964844,0.5318974914550781,0.0
,2329,,,,,47.479248046875,48.7060546875,0.8995127197265625,0.5601755859375,0.0
,2330,,,,,10.272216796875,51.3427734375,0.8747564392089844,0.6126920471191406,0.0
,2331,,,,,25.689697265625,54.6844482421875,0.8272119506835938,0.6113454711914063,0.0
,2332,,,,,27.79541015625,58.33740234375,0.7978980285644531,0.63806982421875,0.0
,2333,,,,,26.9622802734375,62.237548828125,0.7461066467285157,0.6569218872070313,0.0
,2334,,,,,29.00390625,65.771484375,0.7090240173339843,0.6905862854003907,0.0
,2335,,,,,19.097900390625,68.3807373046875,0.6266757202148437,0.6839569885253907,0.0
,2336,,,,,20.452880859375,70.7427978515625,0.6070985778808594,0.7221790283203126,0.0
,2337,,,,,9.4757080078125,72.711181640625,0.5113881042480469,0.7360591186523437,0.0
,2338,,,,,10.43701171875,74.37744140625,0.4624970397949219,0.7954120422363281,0.0
,2339,,,,,0.7965087890625,75.1373291015625,0.39371808471679687,0.8158178466796875,0.0
,2340,,,,,1.0345458984375,75.5584716796875,0.3315684265136719,0.8536255554199219,0.0
,2341,,,,,-4.9896240234375,75.5401611328125,0.23679019775390625,0.8542470520019532,0.0
,2342,,,,,-5.2276611328125,75.1373291015625,0.2067511962890625,0.9034488647460938,0.0
,2343,,,,,-11.370849609375,74.2584228515625,0.13828298950195314,0.9339021972656251,0.0
,2344,,,,,-12.2955322265625,72.6654052734375,0.09436389770507812,0.9557581604003906,0.0
,2345,,,,,-17.2119140625,70.623779296875,0.043919091796875004,0.9707776611328125,0.0
,2346,,,,,-18.56689453125,68.280029296875,-0.01160126953125,0.9548259155273437,0.0
,2347,,,,,-23.54736328125,65.8538818359375,-0.06018158569335938,0.935559521484375,0.0
,2348,,,,,-29.754638671875,63.3087158203125,-0.11197296752929688,0.9110104064941407,0.0
,2349,,,,,-35.8795166015625,60.6903076171875,-0.16086403198242188,0.8985804748535157,0.0
,2350,,,,,-41.05224609375,58.8043212890625,-0.1976359130859375,0.8674020629882813,0.0
,2351,,,,,-47.8363037109375,53.6773681640625,-0.24673414306640626,0.8175787536621094,0.0
,2352,,,,,-51.1322021484375,53.6773681640625,-0.3149951843261719,0.7680661926269532,0.0
,2353,,,,,-56.9000244140625,49.3011474609375,-0.38356697387695315,0.7386486877441406,0.0
,2354,,,,,-58.740234375,49.3011474609375,-0.44188406982421874,0.700219482421875,0.0
,2355,,,,,-62.9791259765625,44.1009521484375,-0.5137705078125,0.6468743591308594,0.0
,2356,,,,,-63.922119140625,44.1009521484375,-0.5682550415039063,0.6137278747558594,0.0
,2357,,,,,-68.865966796875,36.3739013671875,-0.6406593933105469,0.567633544921875,0.0
,2358,,,,,-68.8201904296875,36.3739013671875,-0.691932861328125,0.5417378540039063,0.0
,2359,,,,,-70.60546875,32.3272705078125,-0.7659945373535156,0.4890142272949219,0.0
,2360,,,,,-69.6624755859375,32.3272705078125,-0.8128139465332032,0.45887164306640627,0.0
,2361,,,,,-72.7752685546875,24.79248046875,-0.8462711791992188,0.41919944458007813,0.0
,2362,,,,,-70.6512451171875,24.79248046875,-0.8797284118652344,0.3945467468261719,0.0
,2363,,,,,-74.4873046875,14.3096923828125,-0.9253048278808594,0.3404765441894531,0.0
,2364,,,,,-88.5040283203125,-14.337158203125,-0.914117889404297,0.33187917480468754,0.0
,2365,,,,,-79.522705078125,-3.6712646484375,-0.9292409729003906,0.2669327819824219,0.0
,2366,,,,,-75.6591796875,-3.6712646484375,-0.926547821044922,0.2518096984863281,0.0
,2367,,,,,-76.1444091796875,-9.6221923828125,-0.9361810180664063,0.1790945983886719,0.0
,2368,,,,,-70.843505859375,-9.6221923828125,-0.9325556213378906,0.13092861328125,0.0
,2369,,,,,-76.6845703125,-19.73876953125,-0.9466428771972657,0.033664398193359375,0.0
,2370,,,,,-68.5455322265625,-19.73876953125,-0.9380455078125001,0.01470875244140625,0.0
,2371,,,,,-73.2879638671875,-27.9510498046875,-0.95627607421875,-0.07779065551757813,0.0
,2372,,,,,-66.119384765625,-27.9510498046875,-0.9321412902832031,-0.12347065429687501,0.0
,2373,,,,,-70.9259033203125,-36.2640380859375,-0.9429138977050782,-0.18085550537109377,0.0
,2374,,,,,-61.0015869140625,-36.2640380859375,-0.9152572998046875,-0.19701441650390625,0.0
,2375,,,,,-63.24462890625,-40.1458740234375,-0.9150501342773438,-0.31302711181640624,0.0
,2376,,,,,-58.3465576171875,-40.1458740234375,-0.9022058715820312,-0.3817024841308594,0.0
,2377,,,,,-61.81640625,-46.1517333984375,-0.8828358947753907,-0.4593895568847656,0.0
,2378,,,,,-52.8350830078125,-46.1517333984375,-0.8421278686523438,-0.4711979919433594,0.0
,2379,,,,,-55.5450439453125,-50.848388671875,-0.8380881408691406,-0.526200439453125,0.0
,2380,,,,,-42.626953125,-50.848388671875,-0.8168536743164063,-0.5157385803222656,0.0
,2381,,,,,-45.0164794921875,-54.986572265625,-0.8032843322753906,-0.5596576721191406,0.0
,2382,,,,,-31.402587890625,-59.2987060546875,-0.7732453308105469,-0.5810993041992187,0.0
,2383,,,,,-33.58154296875,-63.079833984375,-0.73087998046875,-0.6321656066894531,0.0
,2384,,,,,-22.412109375,-66.0736083984375,-0.700219482421875,-0.66790166015625,0.0
,2385,,,,,-24.0142822265625,-68.84765625,-0.6622046081542969,-0.7108885070800781,0.0
,2386,,,,,-12.3046875,-71.5301513671875,-0.6063734985351563,-0.7414454223632813,0.0
,2387,,,,,-13.4857177734375,-73.57177734375,-0.5233001220703125,-0.7548075988769531,0.0
,2388,,,,,-4.9346923828125,-74.59716796875,-0.4385694213867188,-0.7794602966308594,0.0
,2389,,,,,-5.3009033203125,-75.238037109375,-0.37683409423828124,-0.7968622009277344,0.0
,2390,,,,,4.4586181640625,-75.47607421875,-0.32628570556640624,-0.831148095703125,0.0
,2391,,,,,4.4769287109375,-75.4486083984375,-0.23958693237304687,-0.8373630615234375,0.0
,2392,,,,,8.8623046875,-75.146484375,-0.15547772827148437,-0.8582867797851563,0.0
,2393,,,,,9.04541015625,-74.835205078125,-0.07893006591796875,-0.8650196594238282,0.0
,2394,,,,,15.78369140625,-73.6907958984375,-0.007561541748046875,-0.8648124938964844,0.0
,2395,,,,,16.6900634765625,-72.1343994140625,0.013569342041015625,-0.8931941711425782,0.0
,2396,,,,,19.207763671875,-70.3033447265625,0.0633926513671875,-0.9090423339843751,0.0
,2397,,,,,24.13330078125,-68.44482421875,0.07033269653320312,-0.9105960754394532,0.0
,2398,,,,,30.1849365234375,-65.972900390625,0.12098466796875,-0.9048990234375001,0.0
,2399,,,,,36.2548828125,-63.31787109375,0.1528881591796875,-0.9019987060546876,0.0
,2400,,,,,41.4093017578125,-60.845947265625,0.21317332763671876,-0.8573545349121094,0.0
,2401,,,,,46.1334228515625,-58.7127685546875,0.27283699951171875,-0.8067025634765626,0.0
,2402,,,,,52.716064453125,-52.40478515625,0.33084334716796876,-0.7789423828125001,0.0
,2403,,,,,55.2520751953125,-52.40478515625,0.35249214477539065,-0.7666160339355469,0.0
,2404,,,,,60.1959228515625,-47.1038818359375,0.4172313720703125,-0.7335731323242187,0.0
,2405,,,,,61.6607666015625,-47.1038818359375,0.4802096923828125,-0.6912077819824219,0.0
,2406,,,,,66.448974609375,-40.8233642578125,0.5691872863769531,-0.6387949035644531,0.0
,2407,,,,,66.8426513671875,-40.8233642578125,0.6246040649414063,-0.5980868774414063,0.0
,2408,,,,,69.17724609375,-36.8499755859375,0.6771205261230469,-0.5641117309570313,0.0
,2409,,,,,68.4539794921875,-36.8499755859375,0.7564649230957031,-0.5022728210449219,0.0
,2410,,,,,71.15478515625,-30.1666259765625,0.794686962890625,-0.48652824096679687,0.0
,2411,,,,,68.939208984375,-30.1666259765625,0.8405741271972657,-0.4560749084472656,0.0
,2412,,,,,72.3724365234375,-19.775390625,0.8785890014648438,-0.4296613037109375,0.0
,2413,,,,,69.3328857421875,-19.775390625,0.9120462341308594,-0.4077017578125,0.0
,2414,,,,,73.370361328125,-7.2235107421875,0.9404279113769531,-0.34213386840820315,0.0
,2415,,,,,69.7265625,-7.2235107421875,0.947989453125,-0.30329033203125,0.0
,2416,,,,,73.05908203125,3.7811279296875,0.9387705871582032,-0.25678167114257816,0.0
,2417,,,,,70.3582763671875,3.7811279296875,0.9522363464355469,-0.199707568359375,0.0
,2418,,,,,73.3978271484375,13.275146484375,0.9243725830078126,-0.158274462890625,0.0
,2419,,,,,67.236328125,13.275146484375,0.9354559387207032,-0.07975872802734375,0.0
,2420,,,,,73.0682373046875,23.3734130859375,0.9026202026367188,-0.0319034912109375,0.0
,2421,,,,,66.265869140625,23.3734130859375,0.9366989318847656,0.033975146484375,0.0
,2422,,,,,70.989990234375,31.5399169921875,0.9379419250488281,0.11342312622070314,0.0
,2423,,,,,62.40234375,31.5399169921875,0.9174325378417969,0.1835486572265625,0.0
,2424,,,,,67.05322265625,39.5965576171875,0.8986840576171875,0.24683772583007813,0.0
,2425,,,,,58.6761474609375,39.5965576171875,0.9204364379882812,0.3208994018554688,0.0
,2426,,,,,60.8734130859375,43.4051513671875,0.9217830139160157,0.3890568603515625,0.0
,2427,,,,,53.9520263671875,43.4051513671875,0.8892580261230469,0.413502392578125,0.0
,2428,,,,,57.568359375,49.658203125,0.8735134460449219,0.47710220947265625,0.0
,2429,,,,,47.4884033203125,49.658203125,0.8771388427734376,0.5249574462890625,0.0
,2430,,,,,10.8673095703125,51.4251708984375,0.8574581176757813,0.564318896484375,0.0
,2431,,,,,27.24609375,54.6844482421875,0.7958263732910157,0.5496101440429688,0.0
,2432,,,,,29.4158935546875,58.447265625,0.8128139465332032,0.6028516845703126,0.0
,2433,,,,,26.1749267578125,62.29248046875,0.7369913635253906,0.5962223876953126,0.0
,2434,,,,,27.9052734375,65.2862548828125,0.7211432006835937,0.6490495971679687,0.0
,2435,,,,,15.948486328125,68.37158203125,0.6364125,0.6500854248046876,0.0
,2436,,,,,17.6605224609375,71.3287353515625,0.5828602111816407,0.6693518188476563,0.0
,2437,,,,,8.2305908203125,73.2879638671875,0.48673540649414065,0.6949367614746094,0.0
,2438,,,,,8.8897705078125,74.432373046875,0.4448879699707031,0.7555326782226562,0.0
,2439,,,,,-0.2197265625,75.1007080078125,0.3974470642089844,0.8039058288574219,0.0
,2440,,,,,0.0823974609375,75.640869140625,0.328978857421875,0.8369487304687501,0.0
,2441,,,,,-4.7149658203125,75.604248046875,0.21907754516601563,0.8600476867675781,0.0
,2442,,,,,-4.9346923828125,75.2288818359375,0.1520594970703125,0.8945407470703125,0.0
,2443,,,,,-10.821533203125,74.6246337890625,0.1023397705078125,0.9128748962402344,0.0
,2444,,,,,-11.553955078125,73.35205078125,0.055934692382812505,0.9228188415527344,0.0
,2445,,,,,-16.8365478515625,71.4202880859375,-0.014812335205078126,0.9111139892578125,0.0
,2446,,,,,-17.83447265625,69.6807861328125,-0.061010247802734376,0.9117354858398438,0.0
,2447,,,,,-22.906494140625,67.4835205078125,-0.09778212890625,0.9000306335449219,0.0
,2448,,,,,-29.1595458984375,65.020751953125,-0.1310321960449219,0.87672451171875,0.0
,2449,,,,,-35.2203369140625,62.603759765625,-0.183134326171875,0.8507252380371094,0.0
,2450,,,,,-40.0543212890625,60.4705810546875,-0.22114920043945313,0.8423350341796876,0.0
,2451,,,,,-46.17919921875,56.2225341796875,-0.2808128723144531,0.8012126770019532,0.0
,2452,,,,,-49.1455078125,56.2225341796875,-0.3480380859375,0.7543932678222657,0.0
,2453,,,,,-55.133056640625,50.93994140625,-0.4089447509765625,0.73087998046875,0.0
,2454,,,,,-57.330322265625,50.93994140625,-0.49595427246093754,0.6669694152832032,0.0
,2455,,,,,-61.7523193359375,45.30029296875,-0.5624544067382813,0.6287473754882813,0.0
,2456,,,,,-62.255859375,45.30029296875,-0.6064770812988282,0.6075129089355469,0.0
,2457,,,,,-66.61376953125,37.7471923828125,-0.6699733154296875,0.5913539978027343,0.0
,2458,,,,,-66.375732421875,37.7471923828125,-0.7321229736328125,0.554374951171875,0.0
,2459,,,,,-68.1243896484375,33.3984375,-0.7861931762695312,0.5039301452636719,0.0
,2460,,,,,-66.6229248046875,33.3984375,-0.8383988891601563,0.4529674255371094,0.0
,2461,,,,,-69.32373046875,26.1199951171875,-0.875895849609375,0.41826719970703125,0.0
,2462,,,,,-66.925048828125,26.1199951171875,-0.9079029235839844,0.3986900573730469,0.0
,2463,,,,,-71.136474609375,14.6026611328125,-0.9258227416992187,0.35777486572265627,0.0
,2464,,,,,-85.5926513671875,-14.630126953125,-0.9520291809082032,0.3360224853515625,0.0
,2465,,,,,-76.8310546875,-3.3416748046875,-0.9522363464355469,0.28868516235351566,0.0
,2466,,,,,-73.8739013671875,-3.3416748046875,-0.9423959838867187,0.2537777709960938,0.0
,2467,,,,,-74.8077392578125,-9.521484375,-0.9456070495605469,0.1827199951171875,0.0
,2468,,,,,-68.9849853515625,-9.521484375,-0.9538936706542969,0.15899954223632812,0.0
,2469,,,,,-75.2105712890625,-20.3155517578125,-0.9635268676757813,0.07147210693359375,0.0
,2470,,,,,-66.9342041015625,-20.3155517578125,-0.9436389770507813,0.04754448852539063,0.0
,2471,,,,,-72.1893310546875,-29.425048828125,-0.9815502685546875,-0.06328906860351563,0.0
,2472,,,,,-64.85595703125,-29.425048828125,-0.9802036926269532,-0.11870584716796875,0.0
,2473,,,,,-69.6441650390625,-37.7197265625,-0.9729528991699219,-0.18489523315429687,0.0
,2474,,,,,-60.0677490234375,-37.7197265625,-0.9345236938476563,-0.19939682006835938,0.0
,2475,,,,,-62.677001953125,-42.242431640625,-0.9343165283203125,-0.30111509399414066,0.0
,2476,,,,,-56.414794921875,-42.242431640625,-0.9087315856933594,-0.34834883422851565,0.0
,2477,,,,,-59.600830078125,-47.7630615234375,-0.8754815185546875,-0.41878511352539066,0.0
,2478,,,,,-51.0223388671875,-47.7630615234375,-0.8523825622558594,-0.45472833251953126,0.0
,2479,,,,,-51.7547607421875,-49.0264892578125,-0.8454425170898437,-0.5189496459960937,0.0
,2480,,,,,-41.4093017578125,-52.0111083984375,-0.8169572570800782,-0.5350049743652344,0.0
,2481,,,,,-43.4051513671875,-55.4534912109375,-0.7792531311035157,-0.5700159484863282,0.0
,2482,,,,,-30.0567626953125,-59.3536376953125,-0.774799072265625,-0.58172080078125,0.0
,2483,,,,,-32.373046875,-63.372802734375,-0.7548075988769531,-0.6309226135253907,0.0
,2484,,,,,-21.826171875,-66.6778564453125,-0.7099562622070312,-0.6641726806640625,0.0
,2485,,,,,-23.583984375,-69.7265625,-0.6498782592773438,-0.6978370788574219,0.0
,2486,,,,,-12.4969482421875,-72.344970703125,-0.5770595764160157,-0.7272545837402344,0.0
,2487,,,,,-13.6871337890625,-74.4049072265625,-0.5144955871582031,-0.763197802734375,0.0
,2488,,,,,-5.6671142578125,-75.7232666015625,-0.4404339111328125,-0.7842251037597656,0.0
,2489,,,,,-6.1248779296875,-76.519775390625,-0.3612966796875,-0.7989338562011719,0.0
,2490,,,,,1.922607421875,-76.6021728515625,-0.2980076110839844,-0.8393311340332031,0.0
,2491,,,,,2.08740234375,-76.3275146484375,-0.22922865600585937,-0.8703023803710938,0.0
,2492,,,,,6.0150146484375,-75.6866455078125,-0.139215234375,-0.8770352600097656,0.0
,2493,,,,,6.3995361328125,-75.0274658203125,-0.07209360351562501,-0.8869792053222657,0.0
,2494,,,,,13.2843017578125,-74.0753173828125,-0.019059228515625002,-0.8987876403808595,0.0
,2495,,,,,13.9801025390625,-72.8851318359375,0.027449432373046877,-0.8936085021972656,0.0
,2496,,,,,17.852783203125,-71.319580078125,0.08120888671875,-0.9160859619140626,0.0
,2497,,,,,22.8240966796875,-69.2596435546875,0.090324169921875,-0.9226116760253906,0.0
,2498,,,,,28.2989501953125,-66.925048828125,0.15247382812500002,-0.9034488647460938,0.0
,2499,,,,,34.5428466796875,-64.5172119140625,0.16231419067382813,-0.9076957580566406,0.0
,2500,,,,,41.0888671875,-60.3973388671875,0.20447237548828126,-0.8815929016113282,0.0
,2501,,,,,45.648193359375,-57.8338623046875,0.2465269775390625,-0.8474105895996094,0.0
,2502,,,,,51.873779296875,-52.40478515625,0.328978857421875,-0.8081527221679687,0.0
,2503,,,,,55.0140380859375,-52.40478515625,0.35870711059570315,-0.7836036071777344,0.0
,2504,,,,,60.498046875,-47.076416015625,0.41049849243164066,-0.7601939025878907,0.0
,2505,,,,,61.6973876953125,-47.076416015625,0.48248851318359376,-0.7001158996582032,0.0
,2506,,,,,66.229248046875,-40.960693359375,0.5515782165527344,-0.6506033386230469,0.0
,2507,,,,,66.668701171875,-40.960693359375,0.6087559020996094,-0.6037839294433593,0.0
,2508,,,,,69.232177734375,-36.43798828125,0.6817817504882813,-0.5647332275390625,0.0
,2509,,,,,68.4173583984375,-36.43798828125,0.7357483703613281,-0.524543115234375,0.0
,2510,,,,,70.60546875,-30.4595947265625,0.7919938110351563,-0.47762012329101566,0.0
,2511,,,,,68.7103271484375,-30.4595947265625,0.8351878234863281,-0.4344261108398438,0.0
,2512,,,,,72.5921630859375,-19.8760986328125,0.8744456909179688,-0.4088411682128906,0.0
,2513,,,,,69.9737548828125,-19.8760986328125,0.881696484375,-0.3890568603515625,0.0
,2514,,,,,73.8006591796875,-8.4503173828125,0.88998310546875,-0.3518706481933594,0.0
,2515,,,,,70.8160400390625,-8.4503173828125,0.9037596130371094,-0.3082623046875,0.0
,2516,,,,,75.238037109375,4.0557861328125,0.904070361328125,-0.2549171813964844,0.0
,2517,,,,,72.25341796875,4.0557861328125,0.9169146240234375,-0.21607364501953125,0.0
,2518,,,,,75.164794921875,13.80615234375,0.9160859619140626,-0.15817088012695313,0.0
,2519,,,,,68.66455078125,13.80615234375,0.9530650085449219,-0.08587011108398437,0.0
,2520,,,,,74.5330810546875,23.9776611328125,0.9427067321777344,-0.003625396728515625,0.0
,2521,,,,,67.63916015625,23.9776611328125,0.9402207458496094,0.047958819580078124,0.0
,2522,,,,,72.1527099609375,31.805419921875,0.9295517211914063,0.1106263916015625,0.0
,2523,,,,,64.4805908203125,31.805419921875,0.9421888183593751,0.1951499267578125,0.0
,2524,,,,,69.140625,39.8712158203125,0.9187791137695313,0.24714847412109375,0.0
,2525,,,,,58.6578369140625,39.8712158203125,0.9227152587890626,0.30691572875976564,0.0
,2526,,,,,60.9100341796875,43.7713623046875,0.9062455993652344,0.3715513732910156,0.0
,2527,,,,,55.0689697265625,43.7713623046875,0.9021022888183594,0.43318311767578127,0.0
,2528,,,,,56.7352294921875,46.6644287109375,0.9137035583496094,0.499683251953125,0.0
,2529,,,,,48.01025390625,50.5645751953125,0.8704059631347657,0.5147027526855469,0.0
,2530,,,,,11.444091796875,52.4322509765625,0.8700952148437501,0.5763344970703125,0.0
,2531,,,,,26.9622802734375,55.828857421875,0.8248295471191407,0.5789240661621093,0.0
,2532,,,,,28.9947509765625,59.344482421875,0.8182002502441407,0.62481123046875,0.0
,2533,,,,,25.982666015625,63.3087158203125,0.7431027465820312,0.6237754028320313,0.0
,2534,,,,,27.83203125,66.5130615234375,0.7346089599609376,0.6689374877929688,0.0
,2535,,,,,16.827392578125,69.1314697265625,0.6498782592773438,0.6718378051757813,0.0
,2536,,,,,18.2647705078125,71.6217041015625,0.6067878295898438,0.6885146301269531,0.0
,2537,,,,,7.5164794921875,73.5809326171875,0.5049659729003907,0.7228005249023438,0.0
,2538,,,,,8.5784912109375,75.421142578125,0.47005858154296876,0.7860895935058594,0.0
,2539,,,,,0.32958984375,76.336669921875,0.40014021606445316,0.8093957153320313,0.0
,2540,,,,,0.6866455078125,76.959228515625,0.32462838134765626,0.8388132202148437,0.0
,2541,,,,,-5.6121826171875,76.885986328125,0.23388988037109376,0.8454425170898437,0.0
,2542,,,,,-5.74951171875,76.64794921875,0.19235319213867189,0.8888436950683594,0.0
,2543,,,,,-10.6475830078125,75.7598876953125,0.10088961181640625,0.9070742614746095,0.0
,2544,,,,,-11.4715576171875,74.322509765625,0.06277115478515626,0.9300696350097657,0.0
,2545,,,,,-14.080810546875,72.39990234375,-0.001968072509765625,0.9307947143554688,0.0
,2546,,,,,-19.0704345703125,70.587158203125,-0.028692425537109375,0.9362846008300781,0.0
,2547,,,,,-23.675537109375,68.29833984375,-0.09633197021484376,0.9124605651855469,0.0
,2548,,,,,-29.150390625,66.082763671875,-0.14201196899414062,0.8715453735351563,0.0
,2549,,,,,-35.5133056640625,63.446044921875,-0.1889349609375,0.8475141723632813,0.0
,2550,,,,,-41.3726806640625,61.3037109375,-0.2432123291015625,0.8229650573730469,0.0
,2551,,,,,-46.10595703125,59.4085693359375,-0.287545751953125,0.8103279602050781,0.0
,2552,,,,,-50.1251220703125,57.1929931640625,-0.358810693359375,0.7669267822265625,0.0
,2553,,,,,-55.517578125,52.0477294921875,-0.41547046508789065,0.7498356262207031,0.0
,2554,,,,,-57.5958251953125,52.0477294921875,-0.4786559509277344,0.7157568969726563,0.0
,2555,,,,,-62.4755859375,45.7489013671875,-0.5547892822265625,0.6782599365234375,0.0
,2556,,,,,-62.7960205078125,45.7489013671875,-0.5978797119140625,0.6434561279296875,0.0
,2557,,,,,-67.2454833984375,38.525390625,-0.6632404357910157,0.6046125915527344,0.0
,2558,,,,,-67.0257568359375,38.525390625,-0.73087998046875,0.5569645202636719,0.0
,2559,,,,,-69.0399169921875,33.709716796875,-0.7935475524902345,0.5092128662109375,0.0
,2560,,,,,-67.5018310546875,33.709716796875,-0.836120068359375,0.46995499877929686,0.0
,2561,,,,,-69.7998046875,27.64892578125,-0.8864612915039063,0.4408482421875,0.0
,2562,,,,,-67.8863525390625,27.64892578125,-0.9117354858398438,0.43297595214843754,0.0
,2563,,,,,-72.802734375,14.3463134765625,-0.9243725830078126,0.3920607604980469,0.0
,2564,,,,,-86.5814208984375,-14.373779296875,-0.9374240112304688,0.3717585388183594,0.0
,2565,,,,,-77.4993896484375,-2.9022216796875,-0.9464357116699219,0.32421405029296874,0.0
,2566,,,,,-74.6246337890625,-2.9022216796875,-0.9249940795898438,0.3067085632324219,0.0
,2567,,,,,-75.714111328125,-10.0250244140625,-0.9477822875976563,0.222910107421875,0.0
,2568,,,,,-72.94921875,-10.0250244140625,-0.9557581604003906,0.17174022216796875,0.0
,2569,,,,,-75.7598876953125,-19.9493408203125,-0.9639411987304688,0.08255546264648438,0.0
,2570,,,,,-68.060302734375,-19.9493408203125,-0.963837615966797,0.03511455688476563,0.0
,2571,,,,,-73.9654541015625,-30.1666259765625,-0.9795821960449219,-0.046301495361328125,0.0
,2572,,,,,-65.3411865234375,-30.1666259765625,-0.9445712219238281,-0.07426884155273437,0.0
,2573,,,,,-69.4976806640625,-37.353515625,-0.9657021057128906,-0.16376434936523437,0.0
,2574,,,,,-59.3536376953125,-37.353515625,-0.9484037841796875,-0.20281505126953125,0.0
,2575,,,,,-62.530517578125,-42.864990234375,-0.9415673217773438,-0.29666103515625003,0.0
,2576,,,,,-56.195068359375,-42.864990234375,-0.910699658203125,-0.3456556823730469,0.0
,2577,,,,,-58.6669921875,-47.1405029296875,-0.8996163024902344,-0.4296613037109375,0.0
,2578,,,,,-50.50048828125,-47.1405029296875,-0.8675056457519531,-0.459907470703125,0.0
,2579,,,,,-51.397705078125,-48.687744140625,-0.8639838317871094,-0.53200107421875,0.0
,2580,,,,,-40.9881591796875,-51.89208984375,-0.831148095703125,-0.5596576721191406,0.0
,2581,,,,,-42.681884765625,-54.8309326171875,-0.7952048767089844,-0.5967403015136719,0.0
,2582,,,,,-25.5340576171875,-58.48388671875,-0.7817391174316406,-0.6265721374511719,0.0
,2583,,,,,-28.0059814453125,-62.7685546875,-0.7530466918945313,-0.6548502319335938,0.0
,2584,,,,,-21.13037109375,-66.0736083984375,-0.6953510925292969,-0.6747381225585938,0.0
,2585,,,,,-22.4395751953125,-68.3441162109375,-0.6255363098144532,-0.7014624755859376,0.0
,2586,,,,,-12.5244140625,-70.9075927734375,-0.5677371276855468,-0.7327444702148438,0.0
,2587,,,,,-13.9068603515625,-73.297119140625,-0.47927744750976564,-0.7357483703613281,0.0
,2588,,,,,-5.584716796875,-74.7161865234375,-0.446648876953125,-0.7902329040527344,0.0
,2589,,,,,-6.0333251953125,-75.494384765625,-0.35166348266601566,-0.7949977111816406,0.0
,2590,,,,,1.86767578125,-75.91552734375,-0.284231103515625,-0.8433708618164063,0.0
,2591,,,,,1.7852783203125,-76.0528564453125,-0.21493423461914063,-0.8696808837890625,0.0
,2592,,,,,5.8685302734375,-75.457763671875,-0.146673193359375,-0.8956801574707032,0.0
,2593,,,,,6.463623046875,-74.4232177734375,-0.06940045166015625,-0.8771388427734376,0.0
,2594,,,,,13.0645751953125,-73.4161376953125,0.0069400451660156254,-0.8886365295410157,0.0
,2595,,,,,13.7603759765625,-72.2259521484375,0.027967346191406253,-0.9158787963867188,0.0
,2596,,,,,17.669677734375,-70.1934814453125,0.0683646240234375,-0.9208507690429688,0.0
,2597,,,,,22.576904296875,-68.3807373046875,0.09063491821289063,-0.914117889404297,0.0
,2598,,,,,27.850341796875,-66.1468505859375,0.15485623168945312,-0.8947479125976563,0.0
,2599,,,,,32.8125,-63.8397216796875,0.17588353271484375,-0.8944371643066407,0.0
,2600,,,,,38.836669921875,-61.065673828125,0.2518096984863281,-0.8665734008789063,0.0
,2601,,,,,43.9178466796875,-58.538818359375,0.2683829406738281,-0.8478249206542969,0.0
,2602,,,,,49.2645263671875,-54.01611328125,0.3395442993164063,-0.8080491394042969,0.0
,2603,,,,,51.74560546875,-54.01611328125,0.3767305114746094,-0.7815319519042969,0.0
,2604,,,,,57.38525390625,-47.6806640625,0.4496527770996094,-0.7481783020019531,0.0
,2605,,,,,58.5479736328125,-47.6806640625,0.5249574462890625,-0.7007373962402343,0.0
,2606,,,,,62.457275390625,-41.4276123046875,0.6093773986816406,-0.6568183044433594,0.0
,2607,,,,,62.5762939453125,-41.4276123046875,0.6482209350585938,-0.6373447448730469,0.0
,2608,,,,,66.815185546875,-33.4625244140625,0.7045699584960937,-0.6065806640625,0.0
,2609,,,,,66.0552978515625,-33.4625244140625,0.7591580749511719,-0.5569645202636719,0.0
,2610,,,,,67.877197265625,-29.1961669921875,0.8050452392578126,-0.5151170837402343,0.0
,2611,,,,,66.54052734375,-29.1961669921875,0.8258653747558594,-0.47751654052734377,0.0
,2612,,,,,70.4132080078125,-20.2972412109375,0.85020732421875,-0.4313186279296875,0.0
,2613,,,,,68.133544921875,-20.2972412109375,0.8744456909179688,-0.40718384399414065,0.0
,2614,,,,,72.6104736328125,-7.87353515625,0.8815929016113282,-0.39340733642578124,0.0
,2615,,,,,69.90966796875,-7.87353515625,0.91650029296875,-0.3417195373535156,0.0
,2616,,,,,74.5697021484375,4.9713134765625,0.9161895446777344,-0.2954180419921875,0.0
,2617,,,,,70.8892822265625,4.9713134765625,0.9360774353027344,-0.22674266967773438,0.0
,2618,,,,,74.0753173828125,16.3238525390625,0.9291373901367188,-0.16894348754882813,0.0
,2619,,,,,67.67578125,16.3238525390625,0.9236475036621095,-0.13486475830078126,0.0
,2620,,,,,73.3154296875,26.092529296875,0.9228188415527344,-0.05407020263671875,0.0
,2621,,,,,64.7003173828125,26.092529296875,0.9274800659179688,0.027345849609375,0.0
,2622,,,,,69.5159912109375,34.4329833984375,0.9055205200195313,0.07457958984375,0.0
,2623,,,,,62.1368408203125,34.4329833984375,0.9168110412597656,0.15796371459960937,0.0
,2624,,,,,66.3848876953125,41.7938232421875,0.8851147155761719,0.20944434814453125,0.0
,2625,,,,,57.7056884765625,41.7938232421875,0.8946443298339845,0.2807092895507813,0.0
,2626,,,,,59.6832275390625,45.22705078125,0.8749636047363282,0.36160742797851564,0.0
,2627,,,,,54.9224853515625,45.22705078125,0.8454425170898437,0.4075981750488281,0.0
,2628,,,,,55.84716796875,46.820068359375,0.854454217529297,0.48145268554687504,0.0
,2629,,,,,47.0306396484375,50.42724609375,0.8300086853027344,0.5276505981445313,0.0
,2630,,,,,12.6434326171875,52.9541015625,0.8169572570800782,0.5707410278320313,0.0
,2631,,,,,27.6763916015625,56.50634765625,0.7683769409179688,0.5632830688476562,0.0
,2632,,,,,29.864501953125,60.296630859375,0.7649587097167969,0.610723974609375,0.0
,2633,,,,,27.0538330078125,64.398193359375,0.6939009338378906,0.6258470581054688,0.0
,2634,,,,,28.912353515625,67.620849609375,0.6730807983398438,0.6842677368164063,0.0
,2635,,,,,18.9239501953125,69.818115234375,0.5907325012207032,0.6685231567382812,0.0
,2636,,,,,20.2239990234375,72.0703125,0.5614185791015626,0.6820924987792969,0.0
,2637,,,,,9.9700927734375,74.01123046875,0.47213023681640626,0.7235256042480469,0.0
,2638,,,,,10.8489990234375,75.5401611328125,0.4407446594238281,0.7988302734375,0.0
,2639,,,,,3.47900390625,76.2451171875,0.3791129150390625,0.8374666442871094,0.0
,2640,,,,,3.6346435546875,76.5289306640625,0.29655745239257814,0.8597369384765625,0.0
,2641,,,,,-1.5472412109375,76.4190673828125,0.17868026733398437,0.8606691833496094,0.0
,2642,,,,,-1.6845703125,76.1810302734375,0.13248235473632813,0.8969231506347657,0.0
,2643,,,,,-7.03125,75.5767822265625,0.07033269653320312,0.9009628784179687,0.0
,2644,,,,,-7.745361328125,74.3408203125,0.0352181396484375,0.9220937622070313,0.0
,2645,,,,,-10.7025146484375,72.2259521484375,-0.01823056640625,0.935559521484375,0.0
,2646,,,,,-16.0400390625,70.147705078125,-0.06028516845703125,0.9359738525390625,0.0
,2647,,,,,-20.8831787109375,67.8680419921875,-0.09446748046875,0.9302768005371094,0.0
,2648,,,,,-26.3671875,65.753173828125,-0.12088108520507813,0.9410494079589844,0.0
,2649,,,,,-32.70263671875,63.226318359375,-0.16645750122070313,0.9142214721679688,0.0
,2650,,,,,-38.214111328125,61.1297607421875,-0.20654403076171876,0.8825251464843751,0.0
,2651,,,,,-42.8009033203125,58.92333984375,-0.2766695617675781,0.8317695922851562,0.0
,2652,,,,,-46.9757080078125,56.3507080078125,-0.3384048889160156,0.7964478698730469,0.0
,2653,,,,,-53.0731201171875,50.28076171875,-0.40718384399414065,0.7674446960449219,0.0
,2654,,,,,-55.0323486328125,50.28076171875,-0.4768950439453125,0.7194858764648437,0.0
,2655,,,,,-59.4635009765625,44.622802734375,-0.5400805297851563,0.6732879638671875,0.0
,2656,,,,,-60.406494140625,44.622802734375,-0.5844139526367188,0.6382769897460938,0.0
,2657,,,,,-65.753173828125,36.7401123046875,-0.6443883728027344,0.6062699157714844,0.0
,2658,,,,,-65.95458984375,36.7401123046875,-0.6956618408203126,0.5633866516113282,0.0
,2659,,,,,-68.59130859375,31.6864013671875,-0.7539789367675781,0.5007190795898437,0.0
,2660,,,,,-67.6116943359375,31.6864013671875,-0.7912687316894531,0.496368603515625,0.0
,2661,,,,,-70.5413818359375,24.42626953125,-0.8466855102539063,0.45017069091796874,0.0
,2662,,,,,-68.426513671875,24.42626953125,-0.8739277770996094,0.44115899047851564,0.0
,2663,,,,,-72.3358154296875,13.2568359375,-0.8870827880859375,0.405215771484375,0.0
,2664,,,,,-84.85107421875,-13.2843017578125,-0.9079029235839844,0.3776627563476563,0.0
,2665,,,,,-76.6571044921875,-3.826904296875,-0.9382526733398437,0.30070076293945314,0.0
,2666,,,,,-73.0133056640625,-3.826904296875,-0.9145322204589844,0.30080434570312503,0.0
,2667,,,,,-73.9837646484375,-11.114501953125,-0.9409458251953126,0.21804171752929688,0.0
,2668,,,,,-67.4652099609375,-11.114501953125,-0.9364917663574219,0.1836522399902344,0.0
,2669,,,,,-74.029541015625,-22.4945068359375,-0.9428103149414063,0.09187791137695313,0.0
,2670,,,,,-66.650390625,-22.4945068359375,-0.9137035583496094,0.054795281982421874,0.0
,2671,,,,,-71.7041015625,-31.2469482421875,-0.918261199951172,-0.022684625244140624,0.0
,2672,,,,,-64.8834228515625,-31.2469482421875,-0.9050026062011719,-0.078722900390625,0.0
,2673,,,,,-69.671630859375,-39.5416259765625,-0.9062455993652344,-0.14936634521484377,0.0
,2674,,,,,-61.3311767578125,-39.5416259765625,-0.8946443298339845,-0.18665614013671875,0.0
,2675,,,,,-63.3819580078125,-43.0938720703125,-0.8985804748535157,-0.3174811706542969,0.0
,2676,,,,,-58.502197265625,-43.0938720703125,-0.8649160766601562,-0.34638076171875,0.0
,2677,,,,,-61.669921875,-48.577880859375,-0.8323910888671875,-0.42500007934570316,0.0
,2678,,,,,-52.734375,-48.577880859375,-0.7941690490722656,-0.4603218017578125,0.0
,2679,,,,,-53.6224365234375,-50.1251220703125,-0.7968622009277344,-0.5132525939941407,0.0
,2680,,,,,-43.32275390625,-53.13720703125,-0.7687912719726563,-0.5368694641113282,0.0
,2681,,,,,-45.15380859375,-56.304931640625,-0.7567756713867188,-0.5737449279785156,0.0
,2682,,,,,-32.1533203125,-60.223388671875,-0.7420669189453125,-0.5956008911132813,0.0
,2683,,,,,-34.3963623046875,-64.0960693359375,-0.6879967163085938,-0.6263649719238281,0.0
,2684,,,,,-24.0325927734375,-67.144775390625,-0.658786376953125,-0.6494639282226563,0.0
,2685,,,,,-25.689697265625,-70.01953125,-0.6001585327148438,-0.6838534057617188,0.0
,2686,,,,,-15.234375,-72.4456787109375,-0.5178102355957032,-0.7086096862792969,0.0
,2687,,,,,-16.6168212890625,-74.835205078125,-0.458250146484375,-0.746624560546875,0.0
,2688,,,,,-8.4869384765625,-76.2451171875,-0.4094626647949219,-0.7710700927734375,0.0
,2689,,,,,-8.67919921875,-76.5838623046875,-0.3377833923339844,-0.8061846496582031,0.0
,2690,,,,,-0.7965087890625,-76.57470703125,-0.25243119506835937,-0.8500001586914063,0.0
,2691,,,,,-0.7965087890625,-76.57470703125,-0.17961251220703126,-0.8621193420410157,0.0
,2692,,,,,3.7628173828125,-76.0528564453125,-0.13434684448242187,-0.8986840576171875,0.0
,2693,,,,,4.3487548828125,-75.0457763671875,-0.07095419311523438,-0.9097674133300782,0.0
,2694,,,,,11.700439453125,-73.333740234375,0.004246893310546875,-0.9094566650390625,0.0
,2695,,,,,12.689208984375,-71.612548828125,0.03625396728515625,-0.9249940795898438,0.0
,2696,,,,,15.6829833984375,-69.9554443359375,0.08690593872070312,-0.9242690002441406,0.0
,2697,,,,,21.3134765625,-67.584228515625,0.08514503173828125,-0.9460213806152344,0.0
,2698,,,,,27.6397705078125,-64.8468017578125,0.14149405517578126,-0.9159823791503906,0.0
,2699,,,,,33.4991455078125,-62.9425048828125,0.1470875244140625,-0.9086280029296875,0.0
,2700,,,,,38.836669921875,-60.75439453125,0.22612117309570312,-0.8741349426269531,0.0
,2701,,,,,43.83544921875,-58.575439453125,0.25294910888671873,-0.8660554870605469,0.0
,2702,,,,,50.7476806640625,-52.532958984375,0.31323427734375003,-0.82700478515625,0.0
,2703,,,,,53.1646728515625,-52.532958984375,0.3500061584472656,-0.7762492309570312,0.0
,2704,,,,,58.1268310546875,-47.1221923828125,0.3986900573730469,-0.7399952636718751,0.0
,2705,,,,,59.4635009765625,-47.1221923828125,0.48031327514648436,-0.6893432922363282,0.0
,2706,,,,,64.6270751953125,-39.8529052734375,0.5737449279785156,-0.6406593933105469,0.0
,2707,,,,,65.3045654296875,-39.8529052734375,0.6179747680664063,-0.6253291442871094,0.0
,2708,,,,,69.8822021484375,-32.33642578125,0.6780527709960937,-0.6017122741699219,0.0
,2709,,,,,69.305419921875,-32.33642578125,0.7342982116699219,-0.5558251098632813,0.0
,2710,,,,,71.795654296875,-26.0101318359375,0.7663052856445313,-0.5176030700683594,0.0
,2711,,,,,69.6533203125,-26.0101318359375,0.8157142639160156,-0.4641543640136719,0.0
,2712,,,,,72.3724365234375,-17.596435546875,0.8400562133789062,-0.43162937622070313,0.0
,2713,,,,,69.9371337890625,-17.596435546875,0.8674020629882813,-0.38563862915039065,0.0
,2714,,,,,74.267578125,-5.7952880859375,0.9021022888183594,-0.3481416687011719,0.0
,2715,,,,,71.0906982421875,-5.7952880859375,0.9145322204589844,-0.3344687438964844,0.0
,2716,,,,,74.7161865234375,6.0699462890625,0.8836645568847656,-0.29469296264648437,0.0
,2717,,,,,71.759033203125,6.0699462890625,0.8913296813964844,-0.24217650146484376,0.0
,2718,,,,,76.007080078125,18.072509765625,0.8909153503417969,-0.18064833984375,0.0
,2719,,,,,69.049072265625,18.072509765625,0.9014807922363282,-0.11052280883789063,0.0
,2720,,,,,74.30419921875,27.1820068359375,0.9112175720214845,-0.032007073974609376,0.0
,2721,,,,,68.206787109375,27.1820068359375,0.9034488647460938,0.03211065673828125,0.0
,2722,,,,,73.187255859375,35.8062744140625,0.8659519042968751,0.08069097290039062,0.0
,2723,,,,,64.764404296875,35.8062744140625,0.8841824707031251,0.16262493896484376,0.0
,2724,,,,,67.584228515625,40.68603515625,0.8701987976074219,0.23637586669921876,0.0
,2725,,,,,62.58544921875,40.68603515625,0.8763101806640625,0.30805513916015625,0.0
,2726,,,,,65.7440185546875,46.160888671875,0.8761030151367187,0.391128515625,0.0
,2727,,,,,58.282470703125,46.160888671875,0.8579760314941407,0.43939808349609377,0.0
,2728,,,,,60.3424072265625,49.7314453125,0.8553864624023437,0.5058982177734375,0.0
,2729,,,,,48.687744140625,49.7314453125,0.8073240600585938,0.5241287841796876,0.0
,2730,,,,,10.748291015625,53.228759765625,0.8075312255859375,0.5838960388183594,0.0
,2731,,,,,28.2440185546875,57.38525390625,0.7701378479003906,0.6021266052246094,0.0
,2732,,,,,30.2581787109375,60.8642578125,0.7628870544433594,0.6435597106933594,0.0
,2733,,,,,29.736328125,64.16015625,0.6633440185546875,0.620667919921875,0.0
,2734,,,,,31.585693359375,67.364501953125,0.6510176696777344,0.6652085083007813,0.0
,2735,,,,,20.4345703125,70.0836181640625,0.5429808471679688,0.6420059692382812,0.0
,2736,,,,,21.734619140625,72.3358154296875,0.5307580810546875,0.7157568969726563,0.0
,2737,,,,,13.165283203125,73.5626220703125,0.46260062255859374,0.7688948547363281,0.0
,2738,,,,,13.51318359375,74.1668701171875,0.4114307373046875,0.8209969848632813,0.0
,2739,,,,,3.3050537109375,74.2584228515625,0.34503418579101564,0.8542470520019532,0.0
,2740,,,,,3.5980224609375,74.761962890625,0.2868206726074219,0.8872899536132812,0.0
,2741,,,,,-1.4739990234375,74.5330810546875,0.20208997192382813,0.8969231506347657,0.0
,2742,,,,,-1.7120361328125,74.12109375,0.14781260375976563,0.9216794311523437,0.0
,2743,,,,,-8.4228515625,73.71826171875,0.10555083618164063,0.9542044189453125,0.0
,2744,,,,,-9.063720703125,72.6104736328125,0.061735327148437505,0.9660128540039062,0.0
,2745,,,,,-11.4532470703125,70.587158203125,0.019887890625,0.9792714477539063,0.0
,2746,,,,,-15.8477783203125,68.5546875,-0.023098956298828126,0.9740923095703126,0.0
,2747,,,,,-21.0845947265625,66.1651611328125,-0.07934439697265626,0.9376311767578125,0.0
,2748,,,,,-27.3834228515625,63.46435546875,-0.11735927124023438,0.9207471862792969,0.0
,2749,,,,,-33.5906982421875,60.992431640625,-0.15899954223632812,0.9115283203125,0.0
,2750,,,,,-38.7176513671875,58.740234375,-0.20499028930664062,0.8838717224121094,0.0
,2751,,,,,-45.52001953125,53.28369140625,-0.2669327819824219,0.8509324035644531,0.0
,2752,,,,,-48.96240234375,53.28369140625,-0.3078479736328125,0.8189253295898438,0.0
,2753,,,,,-55.078125,47.515869140625,-0.36896180419921876,0.7814283691406251,0.0
,2754,,,,,-56.7169189453125,47.515869140625,-0.44022674560546876,0.741652587890625,0.0
,2755,,,,,-61.7706298828125,41.1712646484375,-0.4935718688964844,0.7140995727539062,0.0
,2756,,,,,-62.8509521484375,41.1712646484375,-0.5528212097167969,0.6441812072753906,0.0
,2757,,,,,-67.41943359375,34.295654296875,-0.619010595703125,0.6116562194824219,0.0
,2758,,,,,-67.2271728515625,34.295654296875,-0.693590185546875,0.5633866516113282,0.0
,2759,,,,,-70.0103759765625,27.86865234375,-0.7312943115234375,0.5239216186523438,0.0
,2760,,,,,-68.6737060546875,27.86865234375,-0.7653730407714844,0.4951256103515625,0.0
,2761,,,,,-70.3216552734375,22.5860595703125,-0.8183038330078125,0.43597985229492187,0.0
,2762,,,,,-68.44482421875,22.5860595703125,-0.8582867797851563,0.39568615722656253,0.0
,2763,,,,,-72.9217529296875,11.6455078125,-0.8928834228515625,0.3570497863769531,0.0
,2764,,,,,-83.60595703125,-11.6729736328125,-0.8888436950683594,0.35155989990234376,0.0
,2765,,,,,-75.787353515625,-2.6275634765625,-0.9143250549316406,0.2859920104980469,0.0
,2766,,,,,-73.2879638671875,-2.6275634765625,-0.928930224609375,0.2597855712890625,0.0
,2767,,,,,-75.3204345703125,-11.151123046875,-0.9378383422851563,0.17671219482421877,0.0
,2768,,,,,-69.10400390625,-11.151123046875,-0.9110104064941407,0.14418720703125001,0.0
,2769,,,,,-75.494384765625,-22.2198486328125,-0.9146358032226563,0.06670729980468751,0.0
,2770,,,,,-69.17724609375,-22.2198486328125,-0.905727685546875,0.033146484375,0.0
,2771,,,,,-73.5992431640625,-29.8919677734375,-0.9073850097656251,-0.0493053955078125,0.0
,2772,,,,,-66.1468505859375,-29.8919677734375,-0.8913296813964844,-0.10140752563476563,0.0
,2773,,,,,-70.9808349609375,-38.2781982421875,-0.9145322204589844,-0.168218408203125,0.0
,2774,,,,,-63.5009765625,-38.2781982421875,-0.8866684570312501,-0.231196728515625,0.0
,2775,,,,,-65.130615234375,-41.0980224609375,-0.8867720397949219,-0.3476237548828125,0.0
,2776,,,,,-60.4339599609375,-41.0980224609375,-0.8463747619628906,-0.3725872009277344,0.0
,2777,,,,,-63.4918212890625,-46.39892578125,-0.8385024719238281,-0.45255309448242187,0.0
,2778,,,,,-53.4759521484375,-46.39892578125,-0.8327018371582031,-0.4798989440917969,0.0
,2779,,,,,-54.4647216796875,-48.1109619140625,-0.8205826538085937,-0.5345906433105468,0.0
,2780,,,,,-43.011474609375,-51.251220703125,-0.8246223815917969,-0.5578967651367188,0.0
,2781,,,,,-45.025634765625,-54.730224609375,-0.8076348083496094,-0.6023337707519532,0.0
,2782,,,,,-31.60400390625,-58.9874267578125,-0.7900257385253906,-0.6395199829101562,0.0
,2783,,,,,-33.6181640625,-62.4755859375,-0.7346089599609376,-0.6716306396484375,0.0
,2784,,,,,-24.1241455078125,-65.3961181640625,-0.6898612060546875,-0.6944188476562501,0.0
,2785,,,,,-25.5706787109375,-67.913818359375,-0.6265721374511719,-0.7259080078125,0.0
,2786,,,,,-14.9322509765625,-70.1934814453125,-0.5548928649902344,-0.7551183471679688,0.0
,2787,,,,,-16.22314453125,-72.4273681640625,-0.5107666076660157,-0.8043201599121094,0.0
,2788,,,,,-8.001708984375,-73.5076904296875,-0.44644171142578126,-0.8332197509765625,0.0
,2789,,,,,-8.45947265625,-74.30419921875,-0.37196570434570314,-0.841920703125,0.0
,2790,,,,,1.226806640625,-74.4873046875,-0.3177919189453125,-0.8618085937500001,0.0
,2791,,,,,1.2451171875,-74.4598388671875,-0.23461495971679688,-0.8740313598632813,0.0
,2792,,,,,6.280517578125,-73.992919921875,-0.17008289794921874,-0.8902938537597657,0.0
,2793,,,,,6.73828125,-73.1964111328125,-0.10990131225585938,-0.9038631958007812,0.0
,2794,,,,,14.208984375,-72.0977783203125,-0.06132099609375,-0.93307353515625,0.0
,2795,,,,,14.8956298828125,-70.9075927734375,-0.004661224365234375,-0.9287230590820312,0.0
,2796,,,,,17.6605224609375,-69.2413330078125,0.07240435180664062,-0.9235439208984375,0.0
,2797,,,,,22.8973388671875,-67.0623779296875,0.06815745849609375,-0.9380455078125001,0.0
,2798,,,,,28.30810546875,-64.5538330078125,0.12916770629882812,-0.9269621520996094,0.0
,2799,,,,,34.7625732421875,-61.7431640625,0.14770902099609376,-0.9201256896972656,0.0
,2800,,,,,40.869140625,-58.9691162109375,0.206336865234375,-0.9009628784179687,0.0
,2801,,,,,45.66650390625,-56.341552734375,0.24590548095703127,-0.8640874145507813,0.0
,2802,,,,,51.9378662109375,-50.299072265625,0.30070076293945314,-0.842024285888672,0.0
,2803,,,,,54.656982421875,-50.299072265625,0.3302218505859375,-0.8026628356933594,0.0
,2804,,,,,60.2142333984375,-44.9249267578125,0.3910249328613281,-0.7800817932128906,0.0
,2805,,,,,61.5142822265625,-44.9249267578125,0.46974783325195313,-0.7340910461425781,0.0
,2806,,,,,66.815185546875,-37.1978759765625,0.5211248840332031,-0.6999087341308594,0.0
,2807,,,,,67.218017578125,-37.1978759765625,0.5886608459472656,-0.6491531799316407,0.0
,2808,,,,,70.3948974609375,-31.97021484375,0.6652085083007813,-0.5974653808593751,0.0
,2809,,,,,70.037841796875,-31.97021484375,0.7305692321777344,-0.5370766296386719,0.0
,2810,,,,,71.6400146484375,-27.813720703125,0.7723130859375,-0.49678293457031253,0.0
,2811,,,,,70.0927734375,-27.813720703125,0.8338412475585938,-0.43753359375,0.0
,2812,,,,,73.7274169921875,-17.9534912109375,0.8671948974609375,-0.4094626647949219,0.0
,2813,,,,,71.1273193359375,-17.9534912109375,0.9047954406738281,-0.38056307373046877,0.0
,2814,,,,,75.0732421875,-6.8206787109375,0.9035524475097656,-0.36440416259765623,0.0
,2815,,,,,72.0977783203125,-6.8206787109375,0.9137035583496094,-0.31820625,0.0
,2816,,,,,76.153564453125,6.207275390625,0.909974578857422,-0.2589569091796875,0.0
,2817,,,,,73.2330322265625,6.207275390625,0.9194006103515625,-0.2042652099609375,0.0
,2818,,,,,76.666259765625,15.9942626953125,0.9127713134765625,-0.13610775146484375,0.0
,2819,,,,,71.1822509765625,15.9942626953125,0.94136015625,-0.06805387573242187,0.0
,2820,,,,,76.6387939453125,25.433349609375,0.9126677307128906,-0.0070436279296875,0.0
,2821,,,,,68.6004638671875,25.433349609375,0.9255119934082031,0.0708506103515625,0.0
,2822,,,,,73.187255859375,33.380126953125,0.9221973449707032,0.14087255859375,0.0
,2823,,,,,65.5242919921875,33.380126953125,0.9317269592285157,0.21493423461914063,0.0
,2824,,,,,68.7469482421875,38.9556884765625,0.9258227416992187,0.2752194030761719,0.0
,2825,,,,,61.5692138671875,38.9556884765625,0.9328663696289062,0.3506276550292969,0.0
,2826,,,,,63.9678955078125,43.1121826171875,0.9255119934082031,0.4268645690917969,0.0
,2827,,,,,56.8817138671875,43.1121826171875,0.9085244201660156,0.46974783325195313,0.0
,2828,,,,,60.1226806640625,48.724365234375,0.9094566650390625,0.5431880126953125,0.0
,2829,,,,,47.442626953125,48.724365234375,0.8733062805175782,0.5405984436035156,0.0
,2830,,,,,10.3363037109375,51.37939453125,0.8807642395019532,0.6020230224609375,0.0
,2831,,,,,25.469970703125,54.6478271484375,0.8091885498046876,0.5967403015136719,0.0
,2832,,,,,27.5665283203125,58.2916259765625,0.7791495483398437,0.625639892578125,0.0
,2833,,,,,26.9805908203125,62.3199462890625,0.6934866027832032,0.6304046997070313,0.0
,2834,,,,,28.82080078125,65.5059814453125,0.6693518188476563,0.6822996643066407,0.0
,2835,,,,,19.0155029296875,67.93212890625,0.604094677734375,0.6812638366699219,0.0
,2836,,,,,20.7183837890625,70.880126953125,0.5993298706054687,0.7538753540039063,0.0
,2837,,,,,9.9151611328125,73.1964111328125,0.4976115966796875,0.766512451171875,0.0
,2838,,,,,10.693359375,74.5513916015625,0.46726184692382816,0.8235865539550782,0.0
,2839,,,,,2.08740234375,75.018310546875,0.40635518188476566,0.8433708618164063,0.0
,2840,,,,,2.178955078125,75.1739501953125,0.35963935546875003,0.8777603393554688,0.0
,2841,,,,,-5.6854248046875,74.8992919921875,0.25926765747070313,0.8888436950683594,0.0
,2842,,,,,-5.9051513671875,74.5147705078125,0.18800271606445312,0.9074885925292969,0.0
,2843,,,,,-11.0870361328125,73.480224609375,0.1230563232421875,0.9329699523925782,0.0
,2844,,,,,-11.7462158203125,72.3358154296875,0.09467464599609375,0.9590728088378907,0.0
,2845,,,,,-14.6575927734375,70.623779296875,0.043608343505859376,0.9709848266601563,0.0
,2846,,,,,-19.427490234375,68.6279296875,-0.006629296875,0.9548259155273437,0.0
,2847,,,,,-23.6846923828125,66.61376953125,-0.05945650634765625,0.9303803833007813,0.0
,2848,,,,,-29.00390625,64.6087646484375,-0.1031684326171875,0.9102853271484376,0.0
,2849,,,,,-35.1837158203125,62.0086669921875,-0.15609922485351563,0.8848039672851563,0.0
,2850,,,,,-40.8233642578125,59.4818115234375,-0.1835486572265625,0.8590118591308594,0.0
,2851,,,,,-47.222900390625,54.3548583984375,-0.22808924560546875,0.8410920410156251,0.0
,2852,,,,,-50.482177734375,54.3548583984375,-0.29355355224609375,0.8010055114746094,0.0
,2853,,,,,-56.964111328125,48.6053466796875,-0.3653364074707031,0.7648551269531251,0.0
,2854,,,,,-59.14306640625,48.6053466796875,-0.42292842407226566,0.7189679626464844,0.0
,2855,,,,,-63.7664794921875,43.02978515625,-0.5095236145019532,0.668730322265625,0.0
,2856,,,,,-64.4622802734375,43.02978515625,-0.5845175354003906,0.6101024780273437,0.0
,2857,,,,,-69.0673828125,36.236572265625,-0.6590971252441407,0.5546856994628906,0.0
,2858,,,,,-69.342041015625,36.236572265625,-0.7088168518066407,0.5221607116699218,0.0
,2859,,,,,-70.623779296875,32.9132080078125,-0.7531502746582032,0.4843530029296875,0.0
,2860,,,,,-69.561767578125,32.9132080078125,-0.8012126770019532,0.4641543640136719,0.0
,2861,,,,,-72.5555419921875,25.9368896484375,-0.8542470520019532,0.4127773132324219,0.0
,2862,,,,,-70.27587890625,25.9368896484375,-0.864294580078125,0.38563862915039065,0.0
,2863,,,,,-74.505615234375,13.861083984375,-0.8754815185546875,0.36357550048828124,0.0
,2864,,,,,-87.762451171875,-13.8885498046875,-0.8783818359375001,0.36699373168945315,0.0
,2865,,,,,-78.9093017578125,-3.5430908203125,-0.9112175720214845,0.31116262207031253,0.0
,2866,,,,,-75.238037109375,-3.5430908203125,-0.9144286376953126,0.27501223754882814,0.0
,2867,,,,,-75.823974609375,-9.9700927734375,-0.9441568908691407,0.1794053466796875,0.0
,2868,,,,,-73.2421875,-9.9700927734375,-0.9610408813476563,0.13279310302734376,0.0
,2869,,,,,-76.3275146484375,-19.9127197265625,-0.9611444641113281,0.04785523681640625,0.0
,2870,,,,,-68.8201904296875,-19.9127197265625,-0.9451927185058594,0.008390203857421875,0.0
,2871,,,,,-73.5260009765625,-28.0517578125,-0.9701561645507812,-0.09001342163085937,0.0
,2872,,,,,-66.1834716796875,-28.0517578125,-0.9462285461425781,-0.12616380615234377,0.0
,2873,,,,,-70.770263671875,-36.0076904296875,-0.9688095886230469,-0.19618575439453126,0.0
,2874,,,,,-60.9375,-36.0076904296875,-0.9321412902832031,-0.23337196655273437,0.0
,2875,,,,,-63.153076171875,-39.8529052734375,-0.9303803833007813,-0.3456556823730469,0.0
,2876,,,,,-58.2733154296875,-39.8529052734375,-0.9009628784179687,-0.3986900573730469,0.0
,2877,,,,,-61.761474609375,-45.8953857421875,-0.8823179809570313,-0.4572143188476563,0.0
,2878,,,,,-52.5421142578125,-45.8953857421875,-0.8534183898925781,-0.47938103027343754,0.0
,2879,,,,,-53.485107421875,-47.5250244140625,-0.8397454650878906,-0.5308616638183594,0.0
,2880,,,,,-42.73681640625,-50.6561279296875,-0.8323910888671875,-0.5680478759765625,0.0
,2881,,,,,-44.970703125,-54.5379638671875,-0.8237937194824219,-0.6057520019531251,0.0
,2882,,,,,-26.11083984375,-58.9691162109375,-0.7903364868164062,-0.6004692810058594,0.0
,2883,,,,,-28.45458984375,-63.02490234375,-0.7384415222167969,-0.6178711853027344,0.0
,2884,,,,,-22.3663330078125,-66.4398193359375,-0.7303620666503906,-0.6826104125976563,0.0
,2885,,,,,-23.9410400390625,-69.17724609375,-0.6725628845214844,-0.7163783935546876,0.0
,2886,,,,,-12.5244140625,-71.356201171875,-0.5823422973632812,-0.7275653320312501,0.0
,2887,,,,,-13.494873046875,-73.040771484375,-0.5156349975585938,-0.7541861022949219,0.0
,2888,,,,,-4.302978515625,-74.4415283203125,-0.4757556335449219,-0.8009019287109376,0.0
,2889,,,,,-5.0628662109375,-75.7598876953125,-0.408530419921875,-0.8182002502441407,0.0
,2890,,,,,4.5135498046875,-75.9613037109375,-0.3481416687011719,-0.8531076416015625,0.0
,2891,,,,,4.6142578125,-75.787353515625,-0.24922012939453125,-0.8596333557128907,0.0
,2892,,,,,8.7066650390625,-75.2197265625,-0.18137341918945313,-0.8869792053222657,0.0
,2893,,,,,8.9630126953125,-74.7711181640625,-0.11922376098632813,-0.8878078674316406,0.0
,2894,,,,,15.618896484375,-73.53515625,-0.038947119140625,-0.8893616088867188,0.0
,2895,,,,,16.5069580078125,-71.9970703125,0.0020716552734375,-0.8973374816894532,0.0
,2896,,,,,18.93310546875,-70.3216552734375,0.07975872802734375,-0.8696808837890625,0.0
,2897,,,,,24.1058349609375,-68.499755859375,0.08110530395507813,-0.8943335815429688,0.0
,2898,,,,,29.4525146484375,-66.3665771484375,0.12191691284179688,-0.9068670959472657,0.0
,2899,,,,,35.8795166015625,-63.5284423828125,0.1563063903808594,-0.88003916015625,0.0
,2900,,,,,41.6290283203125,-60.5621337890625,0.22208144531250001,-0.8466855102539063,0.0
,2901,,,,,46.0784912109375,-58.2275390625,0.23958693237304687,-0.8143676879882813,0.0
,2902,,,,,52.6336669921875,-52.3773193359375,0.31344144287109377,-0.7995553527832031,0.0
,2903,,,,,55.1971435546875,-52.3773193359375,0.35446021728515625,-0.7668231994628907,0.0
,2904,,,,,60.3607177734375,-47.1038818359375,0.44012316284179687,-0.72093603515625,0.0
,2905,,,,,61.6607666015625,-47.1038818359375,0.4974044311523438,-0.6822996643066407,0.0
,2906,,,,,66.4947509765625,-40.4571533203125,0.5628687377929688,-0.63806982421875,0.0
,2907,,,,,66.76025390625,-40.4571533203125,0.6412808898925781,-0.5723983520507813,0.0
,2908,,,,,69.012451171875,-36.474609375,0.718450048828125,-0.5207105529785157,0.0
,2909,,,,,67.9962158203125,-36.474609375,0.7655802062988282,-0.4769986267089844,0.0
,2910,,,,,70.2484130859375,-30.084228515625,0.7988302734375,-0.47503055419921875,0.0
,2911,,,,,68.0419921875,-30.084228515625,0.8487571655273438,-0.4379479248046875,0.0
,2912,,,,,71.392822265625,-19.73876953125,0.8859433776855469,-0.41339880981445315,0.0
,2913,,,,,68.6920166015625,-19.73876953125,0.9064527648925782,-0.3692725524902344,0.0
,2914,,,,,72.9583740234375,-7.6171875,0.9113211547851563,-0.3460700134277344,0.0
,2915,,,,,69.6807861328125,-7.6171875,0.943846142578125,-0.2952108764648438,0.0
,2916,,,,,73.2421875,3.4881591796875,0.9258227416992187,-0.2744943237304688,0.0
,2917,,,,,70.6695556640625,3.4881591796875,0.9459177978515625,-0.19794666137695313,0.0
,2918,,,,,73.828125,13.3575439453125,0.9491288635253906,-0.11818793334960938,0.0
,2919,,,,,67.0623779296875,13.3575439453125,0.9531685913085938,-0.05189496459960938,0.0
,2920,,,,,73.187255859375,23.9593505859375,0.9296553039550781,-0.000310748291015625,0.0
,2921,,,,,66.650390625,23.9593505859375,0.9456070495605469,0.07364734497070313,0.0
,2922,,,,,70.9716796875,31.45751953125,0.9508897705078125,0.14439437255859375,0.0
,2923,,,,,62.713623046875,31.45751953125,0.9436389770507813,0.20923718261718752,0.0
,2924,,,,,67.4102783203125,39.5782470703125,0.9087315856933594,0.2440409912109375,0.0
,2925,,,,,58.685302734375,39.5782470703125,0.9021022888183594,0.3096088806152344,0.0
,2926,,,,,60.9832763671875,43.560791015625,0.8864612915039063,0.3806666564941406,0.0
,2927,,,,,53.86962890625,43.560791015625,0.8871863708496094,0.4376371765136719,0.0
,2928,,,,,57.293701171875,49.5025634765625,0.9028273681640625,0.5068304626464843,0.0
,2929,,,,,46.9940185546875,49.5025634765625,0.8618085937500001,0.5385267883300782,0.0
,2930,,,,,11.1236572265625,51.1871337890625,0.859322607421875,0.58835009765625,0.0
,2931,,,,,19.921875,54.9224853515625,0.7977944458007813,0.5769559936523437,0.0
,2932,,,,,22.283935546875,59.014892578125,0.7841215209960938,0.6213929992675782,0.0
,2933,,,,,26.1566162109375,62.7410888671875,0.7296369873046875,0.6300939514160157,0.0
,2934,,,,,27.6397705078125,65.3045654296875,0.7064344482421875,0.6727700500488282,0.0
,2935,,,,,16.2872314453125,67.7764892578125,0.614970867919922,0.6659335876464844,0.0
,2936,,,,,17.7337646484375,70.294189453125,0.5757130004882812,0.6881002990722657,0.0
,2937,,,,,8.294677734375,72.2625732421875,0.48424942016601563,0.7162748107910156,0.0
,2938,,,,,9.063720703125,73.5992431640625,0.46063255004882814,0.7858824279785156,0.0
,2939,,,,,-0.2197265625,74.688720703125,0.3944431640625,0.7972765319824219,0.0
,2940,,,,,0.3387451171875,75.6591796875,0.3465879272460938,0.8525897277832032,0.0
,2941,,,,,-4.6051025390625,76.1077880859375,0.2530526916503906,0.8680235595703125,0.0
,2942,,,,,-4.8065185546875,75.7598876953125,0.2068547790527344,0.8920547607421875,0.0
,2943,,,,,-10.821533203125,74.8260498046875,0.13113577880859376,0.9050026062011719,0.0
,2944,,,,,-11.590576171875,73.49853515625,0.0849378662109375,0.9271693176269532,0.0
,2945,,,,,-13.916015625,71.5576171875,0.006732879638671876,0.9225080932617188,0.0
,2946,,,,,-18.255615234375,69.6533203125,-0.031178411865234377,0.9236475036621095,0.0
,2947,,,,,-23.32763671875,67.584228515625,-0.07944797973632813,0.9194006103515625,0.0
,2948,,,,,-29.2510986328125,65.2130126953125,-0.13134294433593752,0.8942299987792969,0.0
,2949,,,,,-35.028076171875,62.7044677734375,-0.17567636718750002,0.8592190246582031,0.0
,2950,,,,,-39.88037109375,60.662841796875,-0.23150747680664063,0.8531076416015625,0.0
,2951,,,,,-44.8974609375,58.2550048828125,-0.3116805358886719,0.8134354431152344,0.0
,2952,,,,,-49.127197265625,56.3323974609375,-0.36616506958007816,0.7813247863769531,0.0
,2953,,,,,-55.389404296875,50.628662109375,-0.42531082763671874,0.7386486877441406,0.0
,2954,,,,,-57.31201171875,50.628662109375,-0.4893249755859375,0.6782599365234375,0.0
,2955,,,,,-61.614990234375,45.3277587890625,-0.552717626953125,0.6506033386230469,0.0
,2956,,,,,-62.274169921875,45.3277587890625,-0.615695947265625,0.6237754028320313,0.0
,2957,,,,,-66.5313720703125,38.0950927734375,-0.6732879638671875,0.5872106872558593,0.0
,2958,,,,,-66.2567138671875,38.0950927734375,-0.73419462890625,0.5368694641113282,0.0
,2959,,,,,-68.206787109375,33.8104248046875,-0.7761456481933594,0.4923288757324219,0.0
,2960,,,,,-66.8609619140625,33.8104248046875,-0.8077383911132813,0.48052044067382815,0.0
,2961,,,,,-69.90966796875,26.0009765625,-0.8535219726562501,0.45369250488281254,0.0
,2962,,,,,-67.437744140625,26.0009765625,-0.8882221984863281,0.43577268676757813,0.0
,2963,,,,,-71.52099609375,14.410400390625,-0.9257191589355469,0.385327880859375,0.0
,2964,,,,,-85.7025146484375,-14.4378662109375,-0.9294481384277344,0.36606148681640627,0.0
,2965,,,,,-77.0599365234375,-3.5614013671875,-0.9456070495605469,0.30691572875976564,0.0
,2966,,,,,-73.8006591796875,-3.5614013671875,-0.9524435119628907,0.28195228271484374,0.0
,2967,,,,,-74.4232177734375,-9.48486328125,-0.9572083190917969,0.1976359130859375,0.0
,2968,,,,,-71.942138671875,-9.48486328125,-0.938977752685547,0.176505029296875,0.0
,2969,,,,,-75.0732421875,-20.1416015625,-0.9652877746582031,0.08835609741210938,0.0
,2970,,,,,-66.9891357421875,-20.1416015625,-0.9578298156738282,0.055209613037109376,0.0
,2971,,,,,-72.418212890625,-29.5257568359375,-0.9718134887695313,-0.038947119140625,0.0
,2972,,,,,-65.0299072265625,-29.5257568359375,-0.9486109497070313,-0.093638818359375,0.0
,2973,,,,,-69.4244384765625,-37.1337890625,-0.9448819702148438,-0.16790765991210937,0.0
,2974,,,,,-59.967041015625,-37.1337890625,-0.9383562561035157,-0.20167564086914064,0.0
,2975,,,,,-63.262939453125,-42.8466796875,-0.9286194763183594,-0.30080434570312503,0.0
,2976,,,,,-56.707763671875,-42.8466796875,-0.9067635131835938,-0.3601572692871094,0.0
,2977,,,,,-59.1705322265625,-47.1221923828125,-0.902413037109375,-0.4386730041503906,0.0
,2978,,,,,-51.251220703125,-47.1221923828125,-0.8698880493164063,-0.46726184692382816,0.0
,2979,,,,,-52.001953125,-48.4222412109375,-0.8582867797851563,-0.5254753601074219,0.0
,2980,,,,,-40.8966064453125,-51.873779296875,-0.8227578918457031,-0.5184317321777344,0.0
,2981,,,,,-42.864990234375,-55.279541015625,-0.7934439697265625,-0.5678407104492188,0.0
,2982,,,,,-26.3397216796875,-58.9874267578125,-0.79054365234375,-0.6080308227539063,0.0
,2983,,,,,-28.74755859375,-63.1439208984375,-0.7494212951660156,-0.6344444274902344,0.0
,2984,,,,,-21.624755859375,-66.888427734375,-0.6926579406738281,-0.6492567626953125,0.0
,2985,,,,,-23.3734130859375,-69.9188232421875,-0.6409701416015625,-0.6976299133300782,0.0
,2986,,,,,-12.542724609375,-72.5372314453125,-0.5921826599121094,-0.7451744018554688,0.0
,2987,,,,,-13.6505126953125,-74.4598388671875,-0.5189496459960937,-0.7786316345214844,0.0
,2988,,,,,-5.511474609375,-75.7415771484375,-0.4181636169433594,-0.7833964416503907,0.0
,2989,,,,,-6.005859375,-76.5838623046875,-0.3332257507324219,-0.7991410217285156,0.0
,2990,,,,,1.666259765625,-76.739501953125,-0.2871314208984375,-0.8536255554199219,0.0
,2991,,,,,1.7303466796875,-76.6387939453125,-0.21731663818359376,-0.8726847839355469,0.0
,2992,,,,,6.280517578125,-76.409912109375,-0.12523156127929688,-0.8706131286621094,0.0
,2993,,,,,6.6192626953125,-75.823974609375,-0.07178285522460938,-0.8860469604492188,0.0
,2994,,,,,13.4033203125,-74.4232177734375,-0.0232025390625,-0.9061420166015626,0.0
,2995,,,,,14.2730712890625,-72.91259765625,0.02154521484375,-0.9021022888183594,0.0
,2996,,,,,17.816162109375,-71.00830078125,0.07157568969726563,-0.8952658264160156,0.0
,2997,,,,,22.576904296875,-69.2047119140625,0.08069097290039062,-0.9149465515136719,0.0
,2998,,,,,27.996826171875,-67.0623779296875,0.1496770935058594,-0.9027237854003907,0.0
,2999,,,,,33.123779296875,-64.617919921875,0.17474412231445313,-0.9034488647460938,0.0
,3000,,,,,39.239501953125,-61.6241455078125,0.22850357666015625,-0.8784854187011719,0.0
,3001,,,,,44.4671630859375,-59.1796875,0.2807092895507813,-0.8371558959960937,0.0
,3002,,,,,49.9786376953125,-54.656982421875,0.34316969604492187,-0.8156106811523438,0.0
,3003,,,,,52.3406982421875,-54.656982421875,0.3610895141601563,-0.8246223815917969,0.0
,3004,,,,,58.062744140625,-47.8546142578125,0.44426647338867187,-0.76734111328125,0.0
,3005,,,,,59.1705322265625,-47.8546142578125,0.5080734558105469,-0.7270474182128907,0.0
,3006,,,,,63.3819580078125,-41.30859375,0.6000549499511719,-0.6936937683105469,0.0
,3007,,,,,63.3819580078125,-41.30859375,0.6453206176757813,-0.6492567626953125,0.0
,3008,,,,,67.5201416015625,-34.0484619140625,0.6985621582031251,-0.5969474670410156,0.0
,3009,,,,,66.9342041015625,-34.0484619140625,0.7749026550292969,-0.5526140441894531,0.0
,3010,,,,,69.0948486328125,-29.33349609375,0.8180966674804688,-0.5043444763183594,0.0
,3011,,,,,67.7398681640625,-29.33349609375,0.8371558959960937,-0.4851816650390625,0.0
,3012,,,,,71.2738037109375,-20.2972412109375,0.8693701354980469,-0.45472833251953126,0.0
,3013,,,,,68.8385009765625,-20.2972412109375,0.8879114501953125,-0.40179754028320314,0.0
,3014,,,,,73.077392578125,-8.4869384765625,0.8868756225585938,-0.37393377685546875,0.0
,3015,,,,,70.4132080078125,-8.4869384765625,0.9252012451171875,-0.3272179504394531,0.0
,3016,,,,,75.4119873046875,5.3009033203125,0.9259263244628907,-0.2911711486816406,0.0
,3017,,,,,71.4202880859375,5.3009033203125,0.9313126281738282,-0.24051917724609376,0.0
,3018,,,,,74.1119384765625,15.8660888671875,0.930691131591797,-0.18603464355468752,0.0
,3019,,,,,67.8131103515625,15.8660888671875,0.9298624694824219,-0.13227518920898437,0.0
,3020,,,,,73.9288330078125,26.4495849609375,0.922300927734375,-0.07716915893554688,0.0
,3021,,,,,65.6890869140625,26.4495849609375,0.9360774353027344,0.014087255859375,0.0
,3022,,,,,70.587158203125,34.9365234375,0.9235439208984375,0.08006947631835938,0.0
,3023,,,,,62.80517578125,34.9365234375,0.9461249633789063,0.16770049438476564,0.0
,3024,,,,,67.254638671875,42.645263671875,0.9130820617675781,0.23482212524414064,0.0
,3025,,,,,58.0169677734375,42.645263671875,0.9093530822753907,0.31209486694335936,0.0
,3026,,,,,60.1226806640625,46.2982177734375,0.9081100891113282,0.38957477416992187,0.0
,3027,,,,,55.7830810546875,46.2982177734375,0.8630515869140625,0.42997205200195315,0.0
,3028,,,,,56.634521484375,47.772216796875,0.8596333557128907,0.4944005310058594,0.0
,3029,,,,,47.8363037109375,51.4068603515625,0.8349806579589844,0.5172923217773437,0.0
,3030,,,,,12.890625,53.7872314453125,0.8179930847167969,0.5587254272460938,0.0
,3031,,,,,27.996826171875,57.01904296875,0.7672375305175781,0.5652511413574219,0.0
,3032,,,,,29.9835205078125,60.4705810546875,0.7668231994628907,0.6238789855957031,0.0
,3033,,,,,27.0538330078125,64.3707275390625,0.6926579406738281,0.6225324096679687,0.0
,3034,,,,,28.985595703125,67.71240234375,0.6893432922363282,0.6820924987792969,0.0
,3035,,,,,18.7957763671875,70.0103759765625,0.5993298706054687,0.6683159912109375,0.0
,3036,,,,,20.1141357421875,72.2991943359375,0.5503352233886719,0.6995979858398438,0.0
,3037,,,,,10.3729248046875,74.6246337890625,0.4541068359375,0.7304656494140626,0.0
,3038,,,,,11.2152099609375,76.0711669921875,0.4140203063964844,0.7840179382324219,0.0
,3039,,,,,3.2501220703125,76.64794921875,0.34627717895507815,0.7799782104492188,0.0
,3040,,,,,3.5888671875,77.23388671875,0.2932428039550781,0.8321839233398438,0.0
,3041,,,,,-1.9134521484375,77.197265625,0.19463201293945312,0.8373630615234375,0.0
,3042,,,,,-1.9500732421875,77.1331787109375,0.15692788696289062,0.8820072326660157,0.0
,3043,,,,,-7.28759765625,76.4556884765625,0.08576652832031251,0.8998234680175782,0.0
,3044,,,,,-8.09326171875,75.054931640625,0.052723626708984374,0.9307947143554688,0.0
,3045,,,,,-15.1702880859375,73.4619140625,-0.0227882080078125,0.926547821044922,0.0
,3046,,,,,-16.0308837890625,71.9696044921875,-0.04454058837890625,0.9432246459960938,0.0
,3047,,,,,-21.002197265625,69.4610595703125,-0.08628444213867188,0.9379419250488281,0.0
,3048,,,,,-26.605224609375,66.961669921875,-0.13538267211914062,0.915671630859375,0.0
,3049,,,,,-32.757568359375,64.068603515625,-0.2042652099609375,0.8671948974609375,0.0
,3050,,,,,-38.397216796875,61.4410400390625,-0.2374116943359375,0.8581831970214844,0.0
,3051,,,,,-43.0938720703125,58.8409423828125,-0.27418357543945315,0.8484464172363282,0.0
,3052,,,,,-47.332763671875,56.2774658203125,-0.33705831298828126,0.8077383911132813,0.0
,3053,,,,,-53.2745361328125,50.9124755859375,-0.4172313720703125,0.7676518615722656,0.0
,3054,,,,,-55.4534912109375,50.9124755859375,-0.48663182373046876,0.7138924072265626,0.0
,3055,,,,,-60.1959228515625,45.0164794921875,-0.5437059265136719,0.6697661499023437,0.0
,3056,,,,,-61.0931396484375,45.0164794921875,-0.6050269226074219,0.6309226135253907,0.0
,3057,,,,,-66.4398193359375,36.822509765625,-0.6524678283691406,0.5838960388183594,0.0
,3058,,,,,-66.46728515625,36.822509765625,-0.7096455139160156,0.5469169921875,0.0
,3059,,,,,-68.9666748046875,31.8695068359375,-0.7558434265136719,0.5126310974121094,0.0
,3060,,,,,-68.060302734375,31.8695068359375,-0.8023520874023438,0.49036080322265624,0.0
,3061,,,,,-71.0357666015625,24.71923828125,-0.8443031066894532,0.45690357055664066,0.0
,3062,,,,,-68.73779296875,24.71923828125,-0.8488607482910157,0.440019580078125,0.0
,3063,,,,,-72.711181640625,13.568115234375,-0.8843896362304687,0.3849135498046875,0.0
,3064,,,,,-85.7940673828125,-13.5955810546875,-0.8944371643066407,0.37900933227539063,0.0
,3065,,,,,-77.142333984375,-3.7353515625,-0.9179504516601563,0.33622965087890627,0.0
,3066,,,,,-73.223876953125,-3.7353515625,-0.9376311767578125,0.30795155639648436,0.0
,3067,,,,,-74.3865966796875,-11.4990234375,-0.9437425598144532,0.21358765869140625,0.0
,3068,,,,,-68.1427001953125,-11.4990234375,-0.9258227416992187,0.1795089294433594,0.0
,3069,,,,,-74.45068359375,-22.430419921875,-0.9601086364746094,0.08017305908203125,0.0
,3070,,,,,-66.6778564453125,-22.430419921875,-0.9448819702148438,0.05293079223632813,0.0
,3071,,,,,-72.3175048828125,-32.1990966796875,-0.9469536254882813,-0.030660498046875,0.0
,3072,,,,,-65.4144287109375,-32.1990966796875,-0.9292409729003906,-0.0932244873046875,0.0
,3073,,,,,-69.8455810546875,-39.8712158203125,-0.9400135803222657,-0.17163663940429688,0.0
,3074,,,,,-61.1663818359375,-39.8712158203125,-0.8983733093261719,-0.21980262451171875,0.0
,3075,,,,,-62.9425048828125,-42.9473876953125,-0.8821108154296875,-0.31592742919921873,0.0
,3076,,,,,-58.48388671875,-42.9473876953125,-0.8425421997070313,-0.3539423034667969,0.0
,3077,,,,,-61.26708984375,-47.7630615234375,-0.8462711791992188,-0.4363941833496094,0.0
,3078,,,,,-52.020263671875,-47.7630615234375,-0.8374666442871094,-0.4785523681640625,0.0
,3079,,,,,-52.7618408203125,-49.0447998046875,-0.8078419738769531,-0.5292043395996094,0.0
,3080,,,,,-41.9769287109375,-51.6998291015625,-0.8081527221679687,-0.5438095092773437,0.0
,3081,,,,,-43.817138671875,-54.8858642578125,-0.7674446960449219,-0.5633866516113282,0.0
,3082,,,,,-31.219482421875,-58.88671875,-0.7468317260742188,-0.5766452453613281,0.0
,3083,,,,,-33.709716796875,-63.1988525390625,-0.7087132690429687,-0.6169389404296876,0.0
,3084,,,,,-22.320556640625,-66.4398193359375,-0.6479101867675782,-0.6557824768066406,0.0
,3085,,,,,-24.224853515625,-69.7265625,-0.5961188049316406,-0.7084025207519532,0.0
,3086,,,,,-15.4541015625,-72.4822998046875,-0.5274434326171875,-0.7391666015625,0.0
,3087,,,,,-16.2872314453125,-73.919677734375,-0.4497563598632813,-0.7589509094238281,0.0
,3088,,,,,-7.6812744140625,-74.81689453125,-0.396929150390625,-0.7882648315429688,0.0
,3089,,,,,-8.09326171875,-75.531005859375,-0.3229710571289063,-0.8085670532226563,0.0
,3090,,,,,-1.922607421875,-75.6500244140625,-0.246112646484375,-0.819546826171875,0.0
,3091,,,,,-1.702880859375,-75.274658203125,-0.19090303344726564,-0.86678056640625,0.0
,3092,,,,,2.947998046875,-74.176025390625,-0.1421155517578125,-0.9084208374023438,0.0
,3093,,,,,3.69873046875,-72.8851318359375,-0.09042775268554688,-0.9143250549316406,0.0
,3094,,,,,11.68212890625,-71.30126953125,-0.014087255859375,-0.9226116760253906,0.0
,3095,,,,,12.5152587890625,-69.8638916015625,0.009633197021484375,-0.9373204284667969,0.0
,3096,,,,,15.41748046875,-68.2708740234375,0.07033269653320312,-0.9103889099121094,0.0
,3097,,,,,20.7366943359375,-66.5771484375,0.06266757202148437,-0.9340057800292969,0.0
,3098,,,,,26.9805908203125,-64.361572265625,0.13403609619140625,-0.8984768920898438,0.0
,3099,,,,,33.10546875,-62.017822265625,0.14563736572265626,-0.8947479125976563,0.0
,3100,,,,,38.433837890625,-59.893798828125,0.21141242065429688,-0.8664698181152344,0.0
,3101,,,,,43.359375,-57.8155517578125,0.25346702270507815,-0.83529140625,0.0
,3102,,,,,49.9053955078125,-52.459716796875,0.3098160461425781,-0.8000732666015625,0.0
,3103,,,,,52.4871826171875,-52.459716796875,0.34752017211914066,-0.7875397521972657,0.0
,3104,,,,,57.5592041015625,-46.8658447265625,0.424275,-0.7455887329101563,0.0
,3105,,,,,58.740234375,-46.8658447265625,0.4819705993652344,-0.7174142211914063,0.0
,3106,,,,,64.1876220703125,-38.5345458984375,0.5596576721191406,-0.6566111389160156,0.0
,3107,,,,,64.4622802734375,-38.5345458984375,0.615695947265625,-0.6228431579589844,0.0
,3108,,,,,68.5272216796875,-31.1920166015625,0.6668658325195312,-0.5852426147460937,0.0
,3109,,,,,67.6849365234375,-31.1920166015625,0.7200037902832032,-0.5354193054199219,0.0
,3110,,,,,69.9371337890625,-25.286865234375,0.7768707275390625,-0.49688651733398437,0.0
,3111,,,,,68.51806640625,-25.286865234375,0.8185109985351563,-0.4347368591308594,0.0
,3112,,,,,71.246337890625,-17.9901123046875,0.842749365234375,-0.4005545471191406,0.0
,3113,,,,,68.7469482421875,-17.9901123046875,0.8671948974609375,-0.3767305114746094,0.0
,3114,,,,,73.1964111328125,-5.0537109375,0.8850111328125,-0.3651292419433594,0.0
,3115,,,,,70.3125,-5.0537109375,0.894126416015625,-0.33187917480468754,0.0
,3116,,,,,74.3499755859375,6.18896484375,0.8925726745605469,-0.2796734619140625,0.0
,3117,,,,,71.2646484375,6.18896484375,0.9050026062011719,-0.2398976806640625,0.0
,3118,,,,,74.4140625,18.05419921875,0.8778639221191407,-0.18717405395507813,0.0
,3119,,,,,68.316650390625,18.05419921875,0.9062455993652344,-0.09788571166992188,0.0
,3120,,,,,73.187255859375,26.4862060546875,0.8780710876464844,-0.0368754638671875,0.0
,3121,,,,,66.24755859375,26.4862060546875,0.8793140808105468,0.052723626708984374,0.0
,3122,,,,,71.649169921875,35.8428955078125,0.8814893188476562,0.12450648193359376,0.0
,3123,,,,,64.56298828125,35.8428955078125,0.8865648742675781,0.19079945068359375,0.0
,3124,,,,,66.778564453125,39.6697998046875,0.8633623352050781,0.265171875,0.0
,3125,,,,,60.8367919921875,39.6697998046875,0.8632587524414063,0.34420552368164065,0.0
,3126,,,,,63.958740234375,45.0714111328125,0.8668841491699218,0.41236298217773437,0.0
,3127,,,,,58.172607421875,45.0714111328125,0.8501037414550782,0.4479954528808594,0.0
,3128,,,,,60.479736328125,49.053955078125,0.8469962585449219,0.5094200317382813,0.0
,3129,,,,,47.8546142578125,49.053955078125,0.8246223815917969,0.5372837951660157,0.0
,3130,,,,,10.87646484375,52.6885986328125,0.8169572570800782,0.5847247009277344,0.0
,3131,,,,,27.1728515625,56.6436767578125,0.7677554443359376,0.5819279663085938,0.0
,3132,,,,,29.04052734375,59.8663330078125,0.763197802734375,0.6358945861816406,0.0
,3133,,,,,29.443359375,63.09814453125,0.6783635192871094,0.629783203125,0.0
,3134,,,,,30.853271484375,65.5426025390625,0.6642762634277344,0.6798136779785157,0.0
,3135,,,,,19.4183349609375,68.4906005859375,0.5796491455078125,0.6661407531738281,0.0
,3136,,,,,21.1578369140625,71.502685546875,0.5439130920410157,0.7245614318847656,0.0
,3137,,,,,12.835693359375,72.857666015625,0.45151726684570315,0.7460030639648437,0.0
,3138,,,,,13.3758544921875,73.79150390625,0.41433105468750003,0.8034914978027344,0.0
,3139,,,,,3.5797119140625,74.4781494140625,0.3779735046386719,0.8595297729492187,0.0
,3140,,,,,3.8726806640625,75.0,0.3147880187988281,0.9006521301269531,0.0
,3141,,,,,-1.1627197265625,74.7894287109375,0.20457595825195313,0.8994091369628906,0.0
,3142,,,,,-1.46484375,74.2767333984375,0.17505487060546876,0.9387705871582032,0.0
,3143,,,,,-8.8531494140625,73.6358642578125,0.12139899902343751,0.9513041015625,0.0
,3144,,,,,-9.6038818359375,72.3358154296875,0.07230076904296875,0.9558617431640626,0.0
,3145,,,,,-15.032958984375,70.550537109375,-0.0169875732421875,0.9303803833007813,0.0
,3146,,,,,-15.8203125,69.17724609375,-0.03293931884765625,0.938874169921875,0.0
,3147,,,,,-21.8536376953125,67.08984375,-0.06608580322265625,0.9315197937011719,0.0
,3148,,,,,-28.0609130859375,64.5355224609375,-0.10927981567382813,0.9195041931152345,0.0
,3149,,,,,-33.2977294921875,61.85302734375,-0.16076044921875002,0.8983733093261719,0.0
,3150,,,,,-38.63525390625,59.600830078125,-0.217938134765625,0.8748600219726563,0.0
,3151,,,,,-46.3897705078125,53.57666015625,-0.26962593383789063,0.8565258728027344,0.0
,3152,,,,,-49.6124267578125,53.57666015625,-0.3145808532714844,0.8133318603515626,0.0
,3153,,,,,-55.1422119140625,48.046875,-0.386985205078125,0.7581222473144531,0.0
,3154,,,,,-57.147216796875,48.046875,-0.4530710083007813,0.707781024169922,0.0
,3155,,,,,-62.4847412109375,41.5740966796875,-0.5167744079589844,0.6694554016113281,0.0
,3156,,,,,-63.5467529296875,41.5740966796875,-0.5564466064453125,0.6541251525878906,0.0
,3157,,,,,-67.9229736328125,34.7442626953125,-0.6233610717773438,0.6037839294433593,0.0
,3158,,,,,-67.8863525390625,34.7442626953125,-0.6851999816894532,0.5679442932128906,0.0
,3159,,,,,-71.1181640625,28.4637451171875,-0.7325373046875,0.5298258361816407,0.0
,3160,,,,,-69.818115234375,28.4637451171875,-0.7874361694335937,0.48797839965820317,0.0
,3161,,,,,-71.795654296875,22.7783203125,-0.8262797058105469,0.4437485595703125,0.0
,3162,,,,,-69.818115234375,22.7783203125,-0.846167596435547,0.430075634765625,0.0
,3163,,,,,-74.0936279296875,11.8011474609375,-0.8797284118652344,0.37393377685546875,0.0
,3164,,,,,-84.99755859375,-11.82861328125,-0.8882221984863281,0.3612966796875,0.0
,3165,,,,,-76.7578125,-2.3345947265625,-0.9325556213378906,0.2818486999511719,0.0
,3166,,,,,-73.9105224609375,-2.3345947265625,-0.9366989318847656,0.24310874633789062,0.0
,3167,,,,,-75.897216796875,-11.2060546875,-0.9609372985839844,0.1785766845703125,0.0
,3168,,,,,-68.9300537109375,-11.2060546875,-0.94136015625,0.15858521118164062,0.0
,3169,,,,,-75.421142578125,-22.4395751953125,-0.957104736328125,0.05614185791015625,0.0
,3170,,,,,-69.580078125,-22.4395751953125,-0.930691131591797,0.02216671142578125,0.0
,3171,,,,,-74.1943359375,-30.43212890625,-0.9428103149414063,-0.07406167602539063,0.0
,3172,,,,,-66.9525146484375,-30.43212890625,-0.9195041931152345,-0.12958203735351562,0.0
,3173,,,,,-71.8597412109375,-38.9373779296875,-0.9080065063476562,-0.17992326049804688,0.0
,3174,,,,,-64.8651123046875,-38.9373779296875,-0.8882221984863281,-0.24176217041015627,0.0
,3175,,,,,-66.4764404296875,-41.7205810546875,-0.8984768920898438,-0.34741658935546876,0.0
,3176,,,,,-61.23046875,-41.7205810546875,-0.8683343078613281,-0.3800451599121094,0.0
,3177,,,,,-64.251708984375,-46.9482421875,-0.8729955322265626,-0.46073613281250003,0.0
,3178,,,,,-53.9154052734375,-46.9482421875,-0.8548685485839844,-0.4826956787109375,0.0
,3179,,,,,-54.766845703125,-48.4222412109375,-0.8456496826171875,-0.5481599853515625,0.0
,3180,,,,,-43.0938720703125,-51.3153076171875,-0.8617050109863281,-0.6002621154785156,0.0
,3181,,,,,-44.9981689453125,-54.6112060546875,-0.8372594787597657,-0.6348587585449219,0.0
,3182,,,,,-32.1807861328125,-59.161376953125,-0.7886791625976562,-0.64138447265625,0.0
,3183,,,,,-34.552001953125,-63.2720947265625,-0.7412382568359375,-0.6665550842285156,0.0
,3184,,,,,-24.5269775390625,-66.3665771484375,-0.6841641540527343,-0.6981478271484375,0.0
,3185,,,,,-26.1016845703125,-69.10400390625,-0.6335121826171876,-0.733365966796875,0.0
,3186,,,,,-15.142822265625,-71.429443359375,-0.5653547241210938,-0.7624727233886719,0.0
,3187,,,,,-16.2872314453125,-73.3978271484375,-0.5198818908691406,-0.8010055114746094,0.0
,3188,,,,,-7.965087890625,-74.4781494140625,-0.4489276977539063,-0.8310445129394531,0.0
,3189,,,,,-8.441162109375,-75.3021240234375,-0.3776627563476563,-0.8514503173828125,0.0
,3190,,,,,1.86767578125,-75.7415771484375,-0.3427553649902344,-0.9118390686035156,0.0
,3191,,,,,1.8218994140625,-75.8056640625,-0.25947482299804686,-0.9174325378417969,0.0
,3192,,,,,6.1431884765625,-75.18310546875,-0.19732516479492188,-0.9587620605468751,0.0
,3193,,,,,6.6925048828125,-74.23095703125,-0.11342312622070314,-0.95627607421875,0.0
,3194,,,,,13.9984130859375,-72.98583984375,-0.04174385375976562,-0.9611444641113281,0.0
,3195,,,,,15.0146484375,-71.2188720703125,0.015640997314453127,-0.9533757568359376,0.0
,3196,,,,,18.2464599609375,-68.88427734375,0.051480633544921876,-0.9553438293457032,0.0
,3197,,,,,22.88818359375,-67.0806884765625,0.05904217529296875,-0.9699489990234376,0.0
,3198,,,,,28.2257080078125,-64.9658203125,0.12481723022460937,-0.9445712219238281,0.0
,3199,,,,,34.9822998046875,-62.091064453125,0.13123936157226562,-0.9250976623535156,0.0
,3200,,,,,41.3818359375,-59.21630859375,0.19577142333984376,-0.9142214721679688,0.0
,3201,,,,,46.0784912109375,-56.5338134765625,0.24290158081054689,-0.8610835144042969,0.0
,3202,,,,,52.752685546875,-50.50048828125,0.2993541870117188,-0.841920703125,0.0
,3203,,,,,55.755615234375,-50.50048828125,0.33208634033203127,-0.8219292297363282,0.0
,3204,,,,,61.1480712890625,-44.9066162109375,0.3829454772949219,-0.7918902282714844,0.0
,3205,,,,,62.2650146484375,-44.9066162109375,0.44851336669921876,-0.735023291015625,0.0
,3206,,,,,66.6229248046875,-39.29443359375,0.5341763122558594,-0.6835426574707032,0.0
,3207,,,,,67.364501953125,-39.29443359375,0.6050269226074219,-0.6462528625488282,0.0
,3208,,,,,71.575927734375,-32.0709228515625,0.6647941772460938,-0.5913539978027343,0.0
,3209,,,,,70.8526611328125,-32.0709228515625,0.7391666015625,-0.52868642578125,0.0
,3210,,,,,72.32666015625,-27.557373046875,0.7931332214355469,-0.47596279907226563,0.0
,3211,,,,,70.5047607421875,-27.557373046875,0.8399526306152344,-0.43608343505859376,0.0
,3212,,,,,74.0020751953125,-17.9534912109375,0.8631551696777344,-0.4107056579589844,0.0
,3213,,,,,71.7681884765625,-17.9534912109375,0.9064527648925782,-0.36160742797851564,0.0
,3214,,,,,75.750732421875,-6.8023681640625,0.9089387512207031,-0.3302218505859375,0.0
,3215,,,,,72.9217529296875,-6.8023681640625,0.935559521484375,-0.29044606933593753,0.0
,3216,,,,,77.45361328125,5.7220458984375,0.9310018798828126,-0.25688525390625,0.0
,3217,,,,,74.0753173828125,5.7220458984375,0.9398064147949219,-0.21866321411132814,0.0
,3218,,,,,77.45361328125,16.424560546875,0.9278943969726563,-0.15868879394531252,0.0
,3219,,,,,71.6949462890625,16.424560546875,0.922404510498047,-0.09457106323242188,0.0
,3220,,,,,77.38037109375,26.25732421875,0.9225080932617188,-0.01180843505859375,0.0
,3221,,,,,68.994140625,26.25732421875,0.938874169921875,0.07634049682617187,0.0
,3222,,,,,73.5076904296875,34.075927734375,0.8992019714355469,0.12833904418945313,0.0
,3223,,,,,66.3299560546875,34.075927734375,0.9175361206054687,0.20250430297851563,0.0
,3224,,,,,69.140625,38.9373779296875,0.9242690002441406,0.2827809448242188,0.0
,3225,,,,,62.054443359375,38.9373779296875,0.9161895446777344,0.35953577270507814,0.0
,3226,,,,,64.8284912109375,43.7347412109375,0.9246833312988282,0.43691209716796875,0.0
,3227,,,,,58.1451416015625,43.7347412109375,0.9172253723144531,0.48549241333007814,0.0
,3228,,,,,60.5621337890625,47.9278564453125,0.9227152587890626,0.5465026611328125,0.0
,3229,,,,,47.86376953125,47.9278564453125,0.8835609741210938,0.5528212097167969,0.0
,3230,,,,,9.5489501953125,51.5350341796875,0.8658483215332031,0.6008836120605469,0.0
,3231,,,,,26.3031005859375,55.4443359375,0.8203754882812501,0.6084451538085938,0.0
,3232,,,,,28.289794921875,58.8775634765625,0.8165429260253907,0.6481173522949218,0.0
,3233,,,,,27.4566650390625,63.0157470703125,0.740927508544922,0.6493603454589844,0.0
,3234,,,,,29.4891357421875,66.5313720703125,0.6991836547851563,0.6850963989257812,0.0
,3235,,,,,19.5098876953125,69.268798828125,0.6184926818847657,0.680331591796875,0.0
,3236,,,,,20.7275390625,71.3836669921875,0.5928041564941406,0.7149282348632813,0.0
,3237,,,,,9.6038818359375,73.35205078125,0.4931575378417969,0.7415490051269531,0.0
,3238,,,,,10.308837890625,74.5697021484375,0.47596279907226563,0.8146784362792969,0.0
,3239,,,,,1.7120361328125,74.8626708984375,0.40821967163085937,0.8604620178222656,0.0
,3240,,,,,1.8402099609375,75.0732421875,0.36202175903320316,0.9035524475097656,0.0
,3241,,,,,-5.5206298828125,74.96337890625,0.25336343994140625,0.895783740234375,0.0
,3242,,,,,-5.767822265625,74.5513916015625,0.20923718261718752,0.9244761657714844,0.0
,3243,,,,,-10.72998046875,73.388671875,0.13061786499023437,0.9407386596679688,0.0
,3244,,,,,-11.6455078125,71.81396484375,0.0849378662109375,0.9549294982910157,0.0
,3245,,,,,-14.2822265625,69.561767578125,0.012119183349609375,0.9473679565429688,0.0
,3246,,,,,-19.0521240234375,67.71240234375,-0.018955645751953125,0.9619731262207032,0.0
,3247,,,,,-23.73046875,65.496826171875,-0.07105777587890626,0.9395992492675782,0.0
,3248,,,,,-29.1961669921875,62.9974365234375,-0.10907265014648437,0.9062455993652344,0.0
,3249,,,,,-35.3118896484375,60.1593017578125,-0.16956498413085938,0.8848039672851563,0.0
,3250,,,,,-40.83251953125,57.769775390625,-0.22187427978515625,0.8569402038574219,0.0
,3251,,,,,-46.4447021484375,53.6590576171875,-0.27915554809570314,0.8191324951171876,0.0
,3252,,,,,-49.5391845703125,53.6590576171875,-0.32752869873046875,0.7796674621582032,0.0
,3253,,,,,-55.8837890625,47.735595703125,-0.36626865234375,0.7601939025878907,0.0
,3254,,,,,-57.9803466796875,47.735595703125,-0.4345296936035156,0.7137888244628906,0.0
,3255,,,,,-62.347412109375,42.95654296875,-0.4843530029296875,0.685303564453125,0.0
,3256,,,,,-63.24462890625,42.95654296875,-0.5707410278320313,0.6114490539550781,0.0
,3257,,,,,-67.8497314453125,35.595703125,-0.6545394836425782,0.5629723205566406,0.0
,3258,,,,,-67.7581787109375,35.595703125,-0.6942116821289063,0.5324154052734376,0.0
,3259,,,,,-69.5709228515625,31.82373046875,-0.7490069641113282,0.48891064453125,0.0
,3260,,,,,-68.7103271484375,31.82373046875,-0.8020413391113281,0.4438521423339844,0.0
,3261,,,,,-71.173095703125,25.5157470703125,-0.8366379821777344,0.403558447265625,0.0
,3262,,,,,-68.975830078125,25.5157470703125,-0.86015126953125,0.3879174499511719,0.0
,3263,,,,,-73.42529296875,13.824462890625,-0.8799355773925781,0.36285042114257815,0.0
,3264,,,,,-86.7279052734375,-13.8519287109375,-0.8806606567382813,0.348866748046875,0.0
,3265,,,,,-78.204345703125,-3.69873046875,-0.9124605651855469,0.28205586547851563,0.0
,3266,,,,,-74.8626708984375,-3.69873046875,-0.9159823791503906,0.25740316772460936,0.0
,3267,,,,,-75.0,-9.3841552734375,-0.9439497253417969,0.1645930114746094,0.0
,3268,,,,,-72.2259521484375,-9.3841552734375,-0.9475751220703126,0.12440289916992188,0.0
,3269,,,,,-75.2197265625,-19.81201171875,-0.9698454162597656,0.0203022216796875,0.0
,3270,,,,,-67.9229736328125,-19.81201171875,-0.9507861877441407,0.002796734619140625,0.0
,3271,,,,,-72.5921630859375,-27.8961181640625,-0.9422924011230469,-0.07136852416992187,0.0
,3272,,,,,-65.057373046875,-27.8961181640625,-0.9510969360351563,-0.12077750244140625,0.0
,3273,,,,,-68.9117431640625,-34.588623046875,-0.9757496337890625,-0.20043264770507813,0.0
,3274,,,,,-60.2691650390625,-34.588623046875,-0.9434318115234376,-0.25688525390625,0.0
,3275,,,,,-62.9791259765625,-39.276123046875,-0.9076957580566406,-0.337265478515625,0.0
,3276,,,,,-57.5042724609375,-39.276123046875,-0.8791069152832032,-0.37528035278320315,0.0
,3277,,,,,-61.2579345703125,-45.7763671875,-0.8744456909179688,-0.45276026000976566,0.0
,3278,,,,,-52.056884765625,-45.7763671875,-0.8411956237792969,-0.46809050903320315,0.0
,3279,,,,,-52.862548828125,-47.1771240234375,-0.8284549438476563,-0.5158421630859376,0.0
,3280,,,,,-42.022705078125,-50.4364013671875,-0.8090849670410156,-0.5355228881835937,0.0
,3281,,,,,-44.110107421875,-54.052734375,-0.776456396484375,-0.5715696899414062,0.0
,3282,,,,,-30.7525634765625,-57.89794921875,-0.7535646057128906,-0.5697052001953126,0.0
,3283,,,,,-32.99560546875,-61.77978515625,-0.7120279174804688,-0.60823798828125,0.0
,3284,,,,,-22.1466064453125,-65.22216796875,-0.691932861328125,-0.6534000732421875,0.0
,3285,,,,,-23.6297607421875,-67.803955078125,-0.6535036560058594,-0.6892397094726562,0.0
,3286,,,,,-12.286376953125,-70.2484130859375,-0.5778882385253906,-0.6982514099121094,0.0
,3287,,,,,-13.421630859375,-72.2259521484375,-0.5105594421386719,-0.7376128601074219,0.0
,3288,,,,,-4.72412109375,-73.333740234375,-0.4621862915039063,-0.7845358520507812,0.0
,3289,,,,,-5.3375244140625,-74.3865966796875,-0.3920607604980469,-0.8010055114746094,0.0
,3290,,,,,4.1839599609375,-74.835205078125,-0.32866810913085936,-0.8316660095214844,0.0
,3291,,,,,4.1473388671875,-74.908447265625,-0.2498416259765625,-0.8335304992675782,0.0
,3292,,,,,8.3038330078125,-74.4232177734375,-0.19059228515625,-0.8677128112792969,0.0
,3293,,,,,8.7249755859375,-73.6907958984375,-0.1238849853515625,-0.8732026977539062,0.0
,3294,,,,,15.435791015625,-72.36328125,-0.0592493408203125,-0.885839794921875,0.0
,3295,,,,,16.2689208984375,-70.9259033203125,0.003211065673828125,-0.8851147155761719,0.0
,3296,,,,,18.5028076171875,-69.43359375,0.08390203857421875,-0.8695773010253907,0.0
,3297,,,,,23.5198974609375,-67.584228515625,0.09912870483398438,-0.8829394775390625,0.0
,3298,,,,,29.6905517578125,-64.7918701171875,0.13683283081054687,-0.8737206115722657,0.0
,3299,,,,,35.595703125,-62.384033203125,0.15609922485351563,-0.8819036499023438,0.0
,3300,,,,,40.75927734375,-59.9212646484375,0.21866321411132814,-0.8467890930175781,0.0
,3301,,,,,45.59326171875,-57.3944091796875,0.24228008422851563,-0.8466855102539063,0.0
,3302,,,,,51.6357421875,-51.9927978515625,0.3106447082519531,-0.8144712707519531,0.0
,3303,,,,,54.620361328125,-51.9927978515625,0.33685114746093753,-0.7789423828125001,0.0
,3304,,,,,59.8297119140625,-46.98486328125,0.39682556762695315,-0.7278760803222657,0.0
,3305,,,,,60.9283447265625,-46.98486328125,0.45887164306640627,-0.7014624755859376,0.0
,3306,,,,,65.643310546875,-41.0247802734375,0.5419450195312501,-0.6523642456054688,0.0
,3307,,,,,66.1102294921875,-41.0247802734375,0.6174568542480469,-0.6004692810058594,0.0
,3308,,,,,68.609619140625,-36.1083984375,0.6762918640136719,-0.5633866516113282,0.0
,3309,,,,,68.0419921875,-36.1083984375,0.7234220214843751,-0.5126310974121094,0.0
,3310,,,,,70.733642578125,-30.1666259765625,0.7929260559082032,-0.4666403503417969,0.0
,3311,,,,,69.0399169921875,-30.1666259765625,0.8474105895996094,-0.42997205200195315,0.0
,3312,,,,,72.564697265625,-20.2789306640625,0.8688522216796876,-0.41319164428710936,0.0
,3313,,,,,69.744873046875,-20.2789306640625,0.8972338989257813,-0.3798379943847656,0.0
,3314,,,,,73.6083984375,-8.8165283203125,0.90987099609375,-0.3479345031738281,0.0
,3315,,,,,70.550537109375,-8.8165283203125,0.9374240112304688,-0.31178411865234373,0.0
,3316,,,,,74.3865966796875,3.936767578125,0.9358702697753907,-0.27584089965820313,0.0
,3317,,,,,71.44775390625,3.936767578125,0.9578298156738282,-0.21151600341796875,0.0
,3318,,,,,74.7802734375,13.7237548828125,0.96622001953125,-0.12606022338867187,0.0
,3319,,,,,68.2342529296875,13.7237548828125,0.9505790222167969,-0.073750927734375,0.0
,3320,,,,,74.1485595703125,23.9593505859375,0.9151537170410157,-0.026827935791015625,0.0
,3321,,,,,67.56591796875,23.9593505859375,0.94301748046875,0.05873142700195313,0.0
,3322,,,,,71.8963623046875,31.45751953125,0.9319341247558593,0.1305142822265625,0.0
,3323,,,,,63.2537841796875,31.45751953125,0.930587548828125,0.1934926025390625,0.0
,3324,,,,,68.353271484375,40.2923583984375,0.9153608825683595,0.25035953979492187,0.0
,3325,,,,,59.1796875,40.2923583984375,0.9187791137695313,0.31851699829101565,0.0
,3326,,,,,61.4227294921875,44.1925048828125,0.9112175720214845,0.38553504638671876,0.0
,3327,,,,,54.327392578125,44.1925048828125,0.9135999755859375,0.4436449768066406,0.0
,3328,,,,,57.769775390625,50.1434326171875,0.9138071411132813,0.5036193969726562,0.0
,3329,,,,,47.79052734375,50.1434326171875,0.8897759399414062,0.5321046569824219,0.0
,3330,,,,,11.1419677734375,51.947021484375,0.8579760314941407,0.5741592590332032,0.0
,3331,,,,,26.806640625,55.6182861328125,0.8061846496582031,0.577577490234375,0.0
,3332,,,,,28.564453125,58.6669921875,0.8101207946777343,0.6330978515625,0.0
,3333,,,,,25.286865234375,62.4114990234375,0.7511822021484376,0.6427310485839844,0.0
,3334,,,,,27.337646484375,65.9637451171875,0.7385451049804688,0.6854071472167969,0.0
,3335,,,,,16.6351318359375,68.4539794921875,0.642213134765625,0.6730807983398438,0.0
,3336,,,,,18.2281494140625,71.209716796875,0.5910432495117187,0.6792957641601562,0.0
,3337,,,,,7.6904296875,73.6358642578125,0.493053955078125,0.6651049255371094,0.0
,3338,,,,,8.5968017578125,75.2105712890625,0.44416289062500003,0.7357483703613281,0.0
,3339,,,,,0.7232666015625,75.8880615234375,0.3966184020996094,0.7786316345214844,0.0
,3340,,,,,1.043701171875,76.4373779296875,0.3549781311035156,0.8436816101074219,0.0
,3341,,,,,-5.3924560546875,76.5472412109375,0.24217650146484376,0.8620157592773438,0.0
,3342,,,,,-5.694580078125,76.025390625,0.18966004028320313,0.8935049194335938,0.0
,3343,,,,,-10.6475830078125,75.0732421875,0.1404582275390625,0.934834442138672,0.0
,3344,,,,,-11.224365234375,74.066162109375,0.06681088256835938,0.934730859375,0.0
,3345,,,,,-13.8153076171875,72.3175048828125,-0.0047648071289062505,0.9320377075195313,0.0
,3346,,,,,-18.9239501953125,70.6329345703125,-0.05458811645507813,0.9260299072265625,0.0
,3347,,,,,-23.5107421875,68.5089111328125,-0.09892153930664063,0.9055205200195313,0.0
,3348,,,,,-28.7567138671875,66.2200927734375,-0.13341459960937502,0.8960944885253906,0.0
,3349,,,,,-35.0921630859375,63.6566162109375,-0.18862421264648438,0.8655375732421875,0.0
,3350,,,,,-40.83251953125,61.3037109375,-0.224567431640625,0.8570437866210938,0.0
,3351,,,,,-45.5108642578125,59.014892578125,-0.28847799682617187,0.817889501953125,0.0
,3352,,,,,-49.7222900390625,56.781005859375,-0.3526993103027344,0.774799072265625,0.0
,3353,,,,,-55.499267578125,51.1322021484375,-0.413502392578125,0.7373021118164063,0.0
,3354,,,,,-57.6873779296875,51.1322021484375,-0.48632107543945313,0.6897576232910156,0.0
,3355,,,,,-62.6129150390625,45.30029296875,-0.5470205749511718,0.6567147216796875,0.0
,3356,,,,,-63.2354736328125,45.30029296875,-0.6125884643554688,0.6083415710449219,0.0
,3357,,,,,-67.529296875,37.921142578125,-0.680331591796875,0.5806849731445313,0.0
,3358,,,,,-67.218017578125,37.921142578125,-0.7359555358886719,0.5449489196777344,0.0
,3359,,,,,-68.9117431640625,34.1033935546875,-0.8011090942382812,0.5127346801757813,0.0
,3360,,,,,-67.4560546875,34.1033935546875,-0.8445102722167969,0.46726184692382816,0.0
,3361,,,,,-70.20263671875,26.7425537109375,-0.868437890625,0.441676904296875,0.0
,3362,,,,,-68.00537109375,26.7425537109375,-0.8966124023437501,0.4296613037109375,0.0
,3363,,,,,-72.344970703125,14.794921875,-0.9185719482421876,0.3889532775878906,0.0
,3364,,,,,-86.627197265625,-14.8223876953125,-0.934730859375,0.3779735046386719,0.0
,3365,,,,,-76.776123046875,-2.74658203125,-0.9583477294921875,0.3056727355957031,0.0
,3366,,,,,-74.176025390625,-2.74658203125,-0.9664271850585938,0.27532298583984377,0.0
,3367,,,,,-75.5035400390625,-10.4278564453125,-0.9730564819335937,0.21016942749023437,0.0
,3368,,,,,-72.161865234375,-10.4278564453125,-0.9535829223632812,0.18489523315429687,0.0
,3369,,,,,-75.0457763671875,-19.8486328125,-0.9780284545898438,0.09011700439453126,0.0
,3370,,,,,-67.822265625,-19.8486328125,-0.9586584777832031,0.06328906860351563,0.0
,3371,,,,,-73.79150390625,-30.1849365234375,-0.9649770263671875,-0.037807708740234376,0.0
,3372,,,,,-65.753173828125,-30.1849365234375,-0.9564832397460937,-0.10420426025390625,0.0
,3373,,,,,-70.2392578125,-37.9669189453125,-0.9464357116699219,-0.16946140136718751,0.0
,3374,,,,,-60.845947265625,-37.9669189453125,-0.9248904968261719,-0.18862421264648438,0.0
,3375,,,,,-63.7481689453125,-42.9840087890625,-0.9440533081054687,-0.314062939453125,0.0
,3376,,,,,-57.16552734375,-42.9840087890625,-0.9129784790039063,-0.3477273376464844,0.0
,3377,,,,,-59.912109375,-47.7447509765625,-0.8783818359375001,-0.41826719970703125,0.0
,3378,,,,,-51.8096923828125,-47.7447509765625,-0.8482392517089844,-0.45648923950195314,0.0
,3379,,,,,-52.734375,-49.346923828125,-0.8280406127929688,-0.5130454284667969,0.0
,3380,,,,,-41.729736328125,-52.6336669921875,-0.826176123046875,-0.546088330078125,0.0
,3381,,,,,-43.560791015625,-55.8013916015625,-0.811260205078125,-0.5953937255859375,0.0
,3382,,,,,-30.2032470703125,-59.7198486328125,-0.7788388000488281,-0.5912504150390625,0.0
,3383,,,,,-32.8216552734375,-64.251708984375,-0.736680615234375,-0.6274007995605468,0.0
,3384,,,,,-22.0916748046875,-67.9412841796875,-0.6706983947753906,-0.6486352661132813,0.0
,3385,,,,,-23.4466552734375,-70.2850341796875,-0.6277115478515625,-0.6980442443847656,0.0
,3386,,,,,-12.70751953125,-72.4273681640625,-0.5700159484863282,-0.7368877807617188,0.0
,3387,,,,,-13.916015625,-74.52392578125,-0.5012369934082032,-0.7498356262207031,0.0
,3388,,,,,-5.2734375,-75.9429931640625,-0.4521387634277344,-0.7995553527832031,0.0
,3389,,,,,-5.7769775390625,-76.812744140625,-0.3542530517578125,-0.7909579833984375,0.0
,3390,,,,,1.9866943359375,-77.435302734375,-0.2897209899902344,-0.8245187988281251,0.0
,3391,,,,,2.105712890625,-77.2247314453125,-0.20664761352539063,-0.8410920410156251,0.0
,3392,,,,,6.3995361328125,-76.6204833984375,-0.12823546142578127,-0.8563187072753906,0.0
,3393,,,,,6.62841796875,-76.226806640625,-0.06473922729492188,-0.8711310424804688,0.0
,3394,,,,,12.41455078125,-74.89013671875,-0.01595174560546875,-0.8996163024902344,0.0
,3395,,,,,13.3026123046875,-73.35205078125,0.032317822265625004,-0.9143250549316406,0.0
,3396,,,,,17.578125,-71.6033935546875,0.09084208374023438,-0.9023094543457032,0.0
,3397,,,,,23.03466796875,-69.8638916015625,0.07685841064453125,-0.9162931274414062,0.0
,3398,,,,,28.253173828125,-67.822265625,0.13859373779296874,-0.9026202026367188,0.0
,3399,,,,,33.87451171875,-65.5059814453125,0.15972462158203127,-0.8900866882324219,0.0
,3400,,,,,39.8162841796875,-62.6312255859375,0.24300516357421875,-0.8600476867675781,0.0
,3401,,,,,44.915771484375,-59.9945068359375,0.26776144409179686,-0.8486535827636719,0.0
,3402,,,,,50.2899169921875,-55.096435546875,0.33912996826171876,-0.8162321777343751,0.0
,3403,,,,,52.3681640625,-55.096435546875,0.39765422973632814,-0.7867110900878906,0.0
,3404,,,,,58.2733154296875,-48.046875,0.4788631164550781,-0.7407203430175782,0.0
,3405,,,,,59.3719482421875,-48.046875,0.5368694641113282,-0.7007373962402343,0.0
,3406,,,,,63.7481689453125,-41.0980224609375,0.6085487365722656,-0.6762918640136719,0.0
,3407,,,,,63.46435546875,-41.0980224609375,0.6700768981933594,-0.6375519104003906,0.0
,3408,,,,,67.34619140625,-33.6822509765625,0.7313978942871094,-0.6053376708984375,0.0
,3409,,,,,66.68701171875,-33.6822509765625,0.7597795715332032,-0.5689801208496094,0.0
,3410,,,,,68.5089111328125,-28.6651611328125,0.8075312255859375,-0.5331404846191407,0.0
,3411,,,,,66.925048828125,-28.6651611328125,0.8475141723632813,-0.4872533203125,0.0
,3412,,,,,70.60546875,-19.757080078125,0.8798319946289063,-0.43743001098632817,0.0
,3413,,,,,68.0877685546875,-19.757080078125,0.9261334899902344,-0.3839813049316406,0.0
,3414,,,,,72.125244140625,-8.02001953125,0.918986279296875,-0.37828425292968754,0.0
,3415,,,,,69.2230224609375,-8.02001953125,0.9415673217773438,-0.32224597778320313,0.0
,3416,,,,,73.6083984375,4.9713134765625,0.9290338073730469,-0.3054655700683594,0.0
,3417,,,,,69.964599609375,4.9713134765625,0.92644423828125,-0.2669327819824219,0.0
,3418,,,,,73.095703125,15.8660888671875,0.9256155761718751,-0.20571536865234374,0.0
,3419,,,,,67.0989990234375,15.8660888671875,0.9108032409667969,-0.14304779663085937,0.0
,3420,,,,,73.095703125,26.25732421875,0.9155680480957031,-0.08296979370117188,0.0
,3421,,,,,64.5172119140625,26.25732421875,0.9291373901367188,0.002175238037109375,0.0
,3422,,,,,69.2596435546875,34.4696044921875,0.9323484558105469,0.09405314941406251,0.0
,3423,,,,,62.237548828125,34.4696044921875,0.9522363464355469,0.16407509765625,0.0
,3424,,,,,66.4398193359375,41.748046875,0.9074885925292969,0.20944434814453125,0.0
,3425,,,,,57.23876953125,41.748046875,0.8985804748535157,0.2932428039550781,0.0
,3426,,,,,59.3536376953125,45.4193115234375,0.8918475952148438,0.3742445251464844,0.0
,3427,,,,,54.7393798828125,45.4193115234375,0.8720632873535157,0.4289362243652344,0.0
,3428,,,,,57.5225830078125,50.2532958984375,0.8742385253906251,0.49999400024414065,0.0
,3429,,,,,46.307373046875,50.2532958984375,0.8445102722167969,0.5167744079589844,0.0
,3430,,,,,13.1561279296875,52.7618408203125,0.8480320861816406,0.5783025695800782,0.0
,3431,,,,,27.374267578125,55.6732177734375,0.7796674621582032,0.5658726379394532,0.0
,3432,,,,,29.3060302734375,59.014892578125,0.7610225646972657,0.6164210266113281,0.0
,3433,,,,,26.4129638671875,63.226318359375,0.7073666931152344,0.6337193481445312,0.0
,3434,,,,,28.582763671875,66.97998046875,0.6728736328125,0.6652085083007813,0.0
,3435,,,,,18.804931640625,69.5068359375,0.5728126831054687,0.6482209350585938,0.0
,3436,,,,,20.1873779296875,71.905517578125,0.5382160400390625,0.6830247436523438,0.0
,3437,,,,,10.1165771484375,73.79150390625,0.44229840087890626,0.7086096862792969,0.0
,3438,,,,,10.9954833984375,75.311279296875,0.40210828857421876,0.7720023376464844,0.0
,3439,,,,,3.8543701171875,76.043701171875,0.3170668395996094,0.7827749450683594,0.0
,3440,,,,,4.0008544921875,76.28173828125,0.2664148681640625,0.8290764404296875,0.0
,3441,,,,,-1.3092041015625,76.263427734375,0.20157205810546874,0.8548685485839844,0.0
,3442,,,,,-1.611328125,75.7415771484375,0.15340607299804687,0.9051061889648437,0.0
,3443,,,,,-7.049560546875,74.6063232421875,0.06515355834960938,0.905727685546875,0.0
,3444,,,,,-7.6263427734375,73.6175537109375,0.037082629394531254,0.9304839660644532,0.0
,3445,,,,,-14.7674560546875,71.74072265625,-0.005697052001953125,0.9329699523925782,0.0
,3446,,,,,-15.911865234375,69.7540283203125,-0.039465032958984375,0.9380455078125001,0.0
,3447,,,,,-20.83740234375,67.63916015625,-0.09436389770507812,0.9157752136230469,0.0
,3448,,,,,-26.2664794921875,65.167236328125,-0.13538267211914062,0.9038631958007812,0.0
,3449,,,,,-32.611083984375,62.548828125,-0.19836099243164063,0.8720632873535157,0.0
,3450,,,,,-38.2415771484375,60.24169921875,-0.2530526916503906,0.8529004760742188,0.0
,3451,,,,,-42.6361083984375,58.04443359375,-0.30318674926757816,0.8141605224609375,0.0
,3452,,,,,-46.6094970703125,56.2408447265625,-0.3395442993164063,0.8015234252929688,0.0
,3453,,,,,-52.5604248046875,50.372314453125,-0.40500860595703125,0.758225830078125,0.0
,3454,,,,,-54.400634765625,50.372314453125,-0.4753413024902344,0.7099562622070312,0.0
,3455,,,,,-59.0423583984375,44.6868896484375,-0.5349013916015625,0.6849928161621094,0.0
,3456,,,,,-59.783935546875,44.6868896484375,-0.5821351318359376,0.6449062866210937,0.0
,3457,,,,,-64.9932861328125,36.529541015625,-0.6354802551269532,0.6053376708984375,0.0
,3458,,,,,-65.2313232421875,36.529541015625,-0.7123386657714844,0.5417378540039063,0.0
,3459,,,,,-68.1060791015625,30.9722900390625,-0.76734111328125,0.49667935180664063,0.0
,3460,,,,,-67.144775390625,30.9722900390625,-0.7882648315429688,0.470680078125,0.0
,3461,,,,,-69.90966796875,24.06005859375,-0.8315624267578126,0.4230320068359375,0.0
,3462,,,,,-67.913818359375,24.06005859375,-0.8590118591308594,0.40511218872070315,0.0
,3463,,,,,-71.7864990234375,13.6871337890625,-0.9042775268554688,0.35984652099609377,0.0
,3464,,,,,-85.0799560546875,-13.714599609375,-0.9086280029296875,0.34928107910156253,0.0
,3465,,,,,-76.5380859375,-3.5797119140625,-0.923958251953125,0.3021509216308594,0.0
,3466,,,,,-72.7569580078125,-3.5797119140625,-0.9159823791503906,0.2992506042480469,0.0
,3467,,,,,-73.7274169921875,-11.187744140625,-0.9290338073730469,0.2224957763671875,0.0
,3468,,,,,-67.2637939453125,-11.187744140625,-0.9324520385742188,0.19546067504882814,0.0
,3469,,,,,-73.64501953125,-22.2381591796875,-0.9258227416992187,0.12005242309570313,0.0
,3470,,,,,-66.2017822265625,-22.2381591796875,-0.9179504516601563,0.0563490234375,0.0
,3471,,,,,-71.1456298828125,-30.7891845703125,-0.9051061889648437,-0.02258104248046875,0.0
,3472,,,,,-64.2059326171875,-30.7891845703125,-0.8850111328125,-0.06795029296875,0.0
,3473,,,,,-68.9849853515625,-39.07470703125,-0.8894651916503906,-0.14097614135742187,0.0
,3474,,,,,-60.7635498046875,-39.07470703125,-0.8561115417480469,-0.18126983642578126,0.0
,3475,,,,,-62.8692626953125,-42.7276611328125,-0.8579760314941407,-0.28816724853515624,0.0
,3476,,,,,-58.4747314453125,-42.7276611328125,-0.8255546264648438,-0.3219352294921875,0.0
,3477,,,,,-61.688232421875,-48.284912109375,-0.8120888671875001,-0.40635518188476566,0.0
,3478,,,,,-52.7618408203125,-48.284912109375,-0.8086706359863282,-0.4396052490234375,0.0
,3479,,,,,-53.485107421875,-49.530029296875,-0.7923045593261719,-0.4872533203125,0.0
,3480,,,,,-43.1396484375,-52.6885986328125,-0.8011090942382812,-0.5192603942871094,0.0
,3481,,,,,-45.062255859375,-56.011962890625,-0.7652694580078125,-0.5557215270996094,0.0
,3482,,,,,-26.898193359375,-59.9395751953125,-0.7291190734863281,-0.5562394409179687,0.0
,3483,,,,,-29.3792724609375,-64.251708984375,-0.6885146301269531,-0.6087559020996094,0.0
,3484,,,,,-24.0509033203125,-67.2821044921875,-0.6718378051757813,-0.6693518188476563,0.0
,3485,,,,,-25.653076171875,-70.05615234375,-0.6226359924316407,-0.7105777587890625,0.0
,3486,,,,,-15.05126953125,-72.65625,-0.5708446105957031,-0.7437242431640625,0.0
,3487,,,,,-16.1407470703125,-74.542236328125,-0.4732696472167969,-0.7638192993164062,0.0
,3488,,,,,-8.3770751953125,-75.4302978515625,-0.40169395751953124,-0.8005911804199219,0.0
,3489,,,,,-8.75244140625,-76.0894775390625,-0.34337686157226566,-0.8245187988281251,0.0
,3490,,,,,-0.9613037109375,-76.446533203125,-0.287545751953125,-0.8572509521484375,0.0
,3491,,,,,-0.6866455078125,-75.9613037109375,-0.1985681579589844,-0.8614978454589844,0.0
,3492,,,,,3.9642333984375,-75.0823974609375,-0.11798076782226563,-0.8795212463378906,0.0
,3493,,,,,4.39453125,-74.3316650390625,-0.05189496459960938,-0.885839794921875,0.0
,3494,,,,,11.7095947265625,-73.040771484375,-0.0033146484375,-0.8927798400878907,0.0
,3495,,,,,12.63427734375,-71.429443359375,0.02258104248046875,-0.9084208374023438,0.0
,3496,,,,,15.673828125,-69.3511962890625,0.08110530395507813,-0.9256155761718751,0.0
,3497,,,,,21.002197265625,-67.3553466796875,0.07302584838867188,-0.9416709045410157,0.0
,3498,,,,,27.2369384765625,-64.8834228515625,0.11621986083984376,-0.9199185241699219,0.0
,3499,,,,,32.9864501953125,-62.713623046875,0.13030711669921877,-0.9179504516601563,0.0
,3500,,,,,38.323974609375,-60.736083984375,0.216280810546875,-0.8630515869140625,0.0
,3501,,,,,43.7255859375,-58.6578369140625,0.25678167114257816,-0.8548685485839844,0.0
,3502,,,,,50.7843017578125,-52.77099609375,0.30971246337890623,-0.8216184814453126,0.0
,3503,,,,,53.4027099609375,-52.77099609375,0.33892280273437503,-0.7952048767089844,0.0
,3504,,,,,58.48388671875,-47.021484375,0.4011760437011719,-0.7664088684082031,0.0
,3505,,,,,59.564208984375,-47.021484375,0.4705764953613281,-0.7138924072265626,0.0
,3506,,,,,64.9200439453125,-38.726806640625,0.5674263793945312,-0.6630332702636719,0.0
,3507,,,,,64.9932861328125,-38.726806640625,0.6261578063964844,-0.6079272399902343,0.0
,3508,,,,,69.049072265625,-31.7138671875,0.6627225219726562,-0.5764380798339844,0.0
,3509,,,,,68.389892578125,-31.7138671875,0.6914149475097656,-0.5644224792480469,0.0
,3510,,,,,70.78857421875,-25.96435546875,0.7428955810546876,-0.5230929565429687,0.0
,3511,,,,,69.049072265625,-25.96435546875,0.8139533569335938,-0.45638565673828124,0.0
,3512,,,,,71.685791015625,-18.0999755859375,0.8389168029785157,-0.4364977661132813,0.0
,3513,,,,,69.3695068359375,-18.0999755859375,0.8698880493164063,-0.40386919555664064,0.0
,3514,,,,,73.9105224609375,-5.694580078125,0.868437890625,-0.3827383117675781,0.0
,3515,,,,,70.806884765625,-5.694580078125,0.8811785705566406,-0.36357550048828124,0.0
,3516,,,,,74.9176025390625,6.3446044921875,0.8878078674316406,-0.30391182861328125,0.0
,3517,,,,,71.9329833984375,6.3446044921875,0.9067635131835938,-0.2509810363769531,0.0
,3518,,,,,75.5584716796875,17.7703857421875,0.9036560302734375,-0.19784307861328126,0.0
,3519,,,,,68.73779296875,17.7703857421875,0.909974578857422,-0.1263709716796875,0.0
,3520,,,,,74.30419921875,27.4200439453125,0.8943335815429688,-0.057177685546875,0.0
,3521,,,,,68.1427001953125,27.4200439453125,0.9075921752929688,0.040500860595703125,0.0
,3522,,,,,73.0499267578125,35.906982421875,0.8666769836425782,0.10016453247070313,0.0
,3523,,,,,64.48974609375,35.906982421875,0.8894651916503906,0.18168416748046876,0.0
,3524,,,,,67.034912109375,40.3289794921875,0.8584939453125,0.2419693359375,0.0
,3525,,,,,62.1734619140625,40.3289794921875,0.8473070068359375,0.31820625,0.0
,3526,,,,,65.36865234375,45.849609375,0.8625336730957032,0.4089447509765625,0.0
,3527,,,,,58.0902099609375,45.849609375,0.8639838317871094,0.44934202880859375,0.0
,3528,,,,,60.16845703125,49.456787109375,0.8616014282226563,0.5094200317382813,0.0
,3529,,,,,48.4222412109375,49.456787109375,0.8122960327148437,0.5254753601074219,0.0
,3530,,,,,10.601806640625,52.8167724609375,0.81043154296875,0.5848282836914063,0.0
,3531,,,,,28.2623291015625,57.073974609375,0.7512857849121094,0.5894895080566407,0.0
,3532,,,,,30.6793212890625,61.248779296875,0.7558434265136719,0.6309226135253907,0.0
,3533,,,,,29.9102783203125,64.5538330078125,0.6946260131835937,0.6458385314941406,0.0
,3534,,,,,31.494140625,67.3095703125,0.6553681457519531,0.6837498229980469,0.0
,3535,,,,,20.2606201171875,69.873046875,0.5662869689941407,0.6766026123046875,0.0
,3536,,,,,21.533203125,72.088623046875,0.5408056091308594,0.7551183471679688,0.0
,3537,,,,,12.59765625,73.1689453125,0.430075634765625,0.7619548095703125,0.0
,3538,,,,,13.1378173828125,74.102783203125,0.4031441162109375,0.8292836059570313,0.0
,3539,,,,,3.55224609375,74.8260498046875,0.3754875183105469,0.8661590698242188,0.0
,3540,,,,,3.47900390625,74.688720703125,0.3106447082519531,0.8944371643066407,0.0
,3541,,,,,-1.3458251953125,74.2767333984375,0.20416162719726563,0.8906046020507813,0.0
,3542,,,,,-1.4923095703125,74.01123046875,0.168218408203125,0.927272900390625,0.0
,3543,,,,,-9.0362548828125,73.4619140625,0.12450648193359376,0.9466428771972657,0.0
,3544,,,,,-9.2926025390625,73.0133056640625,0.07820498657226563,0.9568975708007813,0.0
,3545,,,,,-14.886474609375,71.7132568359375,0.021234466552734376,0.9547223327636719,0.0
,3546,,,,,-15.6646728515625,70.3582763671875,-0.016469659423828126,0.9536865051269532,0.0
,3547,,,,,-20.8465576171875,68.5272216796875,-0.07613333129882813,0.9282051452636719,0.0
,3548,,,,,-27.6031494140625,65.716552734375,-0.1006824462890625,0.9256155761718751,0.0
,3549,,,,,-34.1400146484375,62.9150390625,-0.1379722412109375,0.9052097717285157,0.0
,3550,,,,,-39.58740234375,60.1043701171875,-0.18033759155273438,0.8855290466308594,0.0
,3551,,,,,-46.746826171875,54.0802001953125,-0.264343212890625,0.8411956237792969,0.0
,3552,,,,,-50.006103515625,54.0802001953125,-0.33892280273437503,0.8031807495117188,0.0
,3553,,,,,-55.99365234375,48.4130859375,-0.4025226196289063,0.7696199340820312,0.0
,3554,,,,,-57.7972412109375,48.4130859375,-0.43732642822265627,0.7334695495605469,0.0
,3555,,,,,-63.134765625,41.8670654296875,-0.5048623901367187,0.6929686889648438,0.0
,3556,,,,,-64.19677734375,41.8670654296875,-0.5629723205566406,0.6532964904785157,0.0
,3557,,,,,-68.6737060546875,35.1837158203125,-0.6295760375976562,0.5996406188964843,0.0
,3558,,,,,-68.51806640625,35.1837158203125,-0.6798136779785157,0.584206787109375,0.0
,3559,,,,,-71.4935302734375,28.912353515625,-0.7470388916015626,0.5209177185058594,0.0
,3560,,,,,-70.1568603515625,28.912353515625,-0.7728309997558594,0.5038265625,0.0
,3561,,,,,-72.0428466796875,23.2086181640625,-0.7902329040527344,0.48766765136718754,0.0
,3562,,,,,-70.0836181640625,23.2086181640625,-0.82700478515625,0.4477882873535156,0.0
,3563,,,,,-73.9654541015625,12.890625,-0.8782782531738281,0.3774555908203125,0.0
,3564,,,,,-86.3433837890625,-12.9180908203125,-0.8929870056152344,0.34617359619140625,0.0
,3565,,,,,-77.2247314453125,-2.5634765625,-0.8890508605957032,0.31002321166992186,0.0
,3566,,,,,-74.0203857421875,-2.5634765625,-0.9062455993652344,0.2896174072265625,0.0
,3567,,,,,-76.5380859375,-11.3067626953125,-0.9142214721679688,0.20385087890625,0.0
,3568,,,,,-70.0103759765625,-11.3067626953125,-0.9254084106445313,0.14853768310546875,0.0
,3569,,,,,-76.6845703125,-22.8607177734375,-0.930691131591797,0.06536072387695313,0.0
,3570,,,,,-70.2392578125,-22.8607177734375,-0.9307947143554688,0.02755301513671875,0.0
,3571,,,,,-74.5513916015625,-30.322265625,-0.9460213806152344,-0.061010247802734376,0.0
,3572,,,,,-66.796875,-30.322265625,-0.9111139892578125,-0.11300879516601563,0.0
,3573,,,,,-71.6400146484375,-38.726806640625,-0.9243725830078126,-0.1760906982421875,0.0
,3574,,,,,-64.4256591796875,-38.726806640625,-0.8945407470703125,-0.22104561767578126,0.0
,3575,,,,,-65.9271240234375,-41.326904296875,-0.8903974365234375,-0.3466915100097656,0.0
,3576,,,,,-60.46142578125,-41.326904296875,-0.8661590698242188,-0.39371808471679687,0.0
,3577,,,,,-63.6016845703125,-46.76513671875,-0.8520718139648438,-0.4572143188476563,0.0
,3578,,,,,-53.466796875,-46.76513671875,-0.8529004760742188,-0.4964721862792969,0.0
,3579,,,,,-54.345703125,-48.284912109375,-0.8425421997070313,-0.5549964477539062,0.0
,3580,,,,,-43.2037353515625,-51.3702392578125,-0.8370523132324219,-0.5719840209960938,0.0
,3581,,,,,-45.0347900390625,-54.5379638671875,-0.8243116333007813,-0.6150744506835938,0.0
,3582,,,,,-26.1016845703125,-58.612060546875,-0.7927188903808594,-0.6428346313476563,0.0
,3583,,,,,-28.30810546875,-62.420654296875,-0.7450708190917968,-0.6817817504882813,0.0
,3584,,,,,-23.4832763671875,-65.0848388671875,-0.7027054687500001,-0.7152389831542969,0.0
,3585,,,,,-25.01220703125,-67.7398681640625,-0.6277115478515625,-0.7329516357421875,0.0
,3586,,,,,-14.849853515625,-69.8822021484375,-0.57840615234375,-0.7595724060058594,0.0
,3587,,,,,-15.8843994140625,-71.66748046875,-0.5158421630859376,-0.8020413391113281,0.0
,3588,,,,,-7.8369140625,-72.930908203125,-0.4271753173828125,-0.8281441955566406,0.0
,3589,,,,,-8.331298828125,-73.8006591796875,-0.3457592651367188,-0.8441995239257812,0.0
,3590,,,,,1.263427734375,-74.1119384765625,-0.3125091979980469,-0.8924690917968751,0.0
,3591,,,,,1.2451171875,-74.1485595703125,-0.24093350830078125,-0.8958873229980469,0.0
,3592,,,,,6.2164306640625,-73.883056640625,-0.1774372741699219,-0.9366989318847656,0.0
,3593,,,,,6.5185546875,-73.370361328125,-0.12782113037109374,-0.9574154846191406,0.0
,3594,,,,,13.604736328125,-72.0703125,-0.058627844238281254,-0.9541008361816407,0.0
,3595,,,,,14.6026611328125,-70.330810546875,-0.019162811279296876,-0.9541008361816407,0.0
,3596,,,,,17.8253173828125,-68.499755859375,0.06463564453125001,-0.9298624694824219,0.0
,3597,,,,,22.6593017578125,-66.4398193359375,0.07219718627929687,-0.9475751220703126,0.0
,3598,,,,,28.3355712890625,-63.702392578125,0.11653060913085937,-0.927272900390625,0.0
,3599,,,,,34.588623046875,-61.12060546875,0.1425298828125,-0.9297588867187501,0.0
,3600,,,,,40.704345703125,-58.48388671875,0.1959785888671875,-0.9005485473632813,0.0
,3601,,,,,45.66650390625,-55.8929443359375,0.23368271484375,-0.8876007019042969,0.0
,3602,,,,,51.837158203125,-50.1251220703125,0.3125091979980469,-0.8291800231933594,0.0
,3603,,,,,54.7393798828125,-50.1251220703125,0.3393371337890625,-0.8051488220214844,0.0
,3604,,,,,60.1593017578125,-44.6868896484375,0.39361450195312503,-0.779771044921875,0.0
,3605,,,,,61.138916015625,-44.6868896484375,0.4579393981933594,-0.7402024291992187,0.0
,3606,,,,,66.1468505859375,-37.738037109375,0.5308616638183594,-0.6891361267089844,0.0
,3607,,,,,66.668701171875,-37.738037109375,0.6117598022460937,-0.6386913208007813,0.0
,3608,,,,,70.1202392578125,-32.1075439453125,0.6826104125976563,-0.5770595764160157,0.0
,3609,,,,,69.4793701171875,-32.1075439453125,0.7223861938476562,-0.5284792602539062,0.0
,3610,,,,,71.4019775390625,-27.099609375,0.7743847412109375,-0.48880706176757815,0.0
,3611,,,,,69.76318359375,-27.099609375,0.8190289123535156,-0.4552462463378906,0.0
,3612,,,,,72.98583984375,-17.816162109375,0.8454425170898437,-0.4313186279296875,0.0
,3613,,,,,70.404052734375,-17.816162109375,0.8772424255371094,-0.38646729125976564,0.0
,3614,,,,,74.3682861328125,-6.5643310546875,0.8936085021972656,-0.35559962768554687,0.0
,3615,,,,,71.7864990234375,-6.5643310546875,0.9317269592285157,-0.31520234985351564,0.0
,3616,,,,,76.116943359375,6.0333251953125,0.914014306640625,-0.2738728271484375,0.0
,3617,,,,,73.3154296875,6.0333251953125,0.9284123107910156,-0.20509387207031252,0.0
,3618,,,,,76.8768310546875,16.00341796875,0.9051061889648437,-0.14936634521484377,0.0
,3619,,,,,70.733642578125,16.00341796875,0.9226116760253906,-0.07696199340820313,0.0
,3620,,,,,76.2451171875,25.5523681640625,0.9253048278808594,0.01512308349609375,0.0
,3621,,,,,67.8680419921875,25.5523681640625,0.9340057800292969,0.06691446533203126,0.0
,3622,,,,,72.2991943359375,33.2244873046875,0.9263406555175782,0.13237877197265627,0.0
,3623,,,,,65.07568359375,33.2244873046875,0.934730859375,0.19981115112304687,0.0
,3624,,,,,68.0328369140625,38.3514404296875,0.9252012451171875,0.28951382446289065,0.0
,3625,,,,,60.8917236328125,38.3514404296875,0.9233367553710938,0.36979046630859375,0.0
,3626,,,,,63.482666015625,42.8375244140625,0.926547821044922,0.44623454589843753,0.0
,3627,,,,,56.964111328125,42.8375244140625,0.8993055541992188,0.4800025268554688,0.0
,3628,,,,,59.8480224609375,47.8271484375,0.9003413818359375,0.5407020263671876,0.0
,3629,,,,,47.3236083984375,47.8271484375,0.8583903625488282,0.5304473327636718,0.0
,3630,,,,,9.246826171875,50.1800537109375,0.8682307250976563,0.5898002563476563,0.0
,3631,,,,,24.8565673828125,53.631591796875,0.8152999328613282,0.5845175354003906,0.0
,3632,,,,,27.2186279296875,57.71484375,0.8079455566406251,0.6334085998535156,0.0
,3633,,,,,26.824951171875,61.962890625,0.7395809326171875,0.6444919555664063,0.0
,3634,,,,,29.0771484375,65.8538818359375,0.7127529968261719,0.6792957641601562,0.0
,3635,,,,,19.4549560546875,68.66455078125,0.6222216613769531,0.6581648803710938,0.0
,3636,,,,,20.9564208984375,71.2646484375,0.5824458801269532,0.6819889160156251,0.0
,3637,,,,,10.052490234375,73.3062744140625,0.4802096923828125,0.721764697265625,0.0
,3638,,,,,10.638427734375,74.30419921875,0.44115899047851564,0.7912687316894531,0.0
,3639,,,,,2.1331787109375,74.96337890625,0.3904034362792969,0.8222399780273437,0.0
,3640,,,,,2.4261474609375,75.4669189453125,0.35332080688476564,0.8689558044433594,0.0
,3641,,,,,-5.74951171875,74.945068359375,0.2590604919433594,0.8741349426269531,0.0
,3642,,,,,-6.243896484375,74.102783203125,0.21151600341796875,0.910699658203125,0.0
,3643,,,,,-11.2060546875,72.9583740234375,0.12212407836914063,0.9070742614746095,0.0
,3644,,,,,-11.9476318359375,71.6766357421875,0.07209360351562501,0.9310018798828126,0.0
,3645,,,,,-14.4744873046875,69.7174072265625,0.0070436279296875,0.9497503601074219,0.0
,3646,,,,,-19.1619873046875,67.694091796875,-0.005904217529296875,0.96622001953125,0.0
,3647,,,,,-23.4466552734375,65.8538818359375,-0.06473922729492188,0.9313126281738282,0.0
,3648,,,,,-28.6468505859375,64.05029296875,-0.11953450927734376,0.8984768920898438,0.0
,3649,,,,,-34.881591796875,61.6973876953125,-0.1620034423828125,0.8782782531738281,0.0
,3650,,,,,-40.8233642578125,59.4085693359375,-0.21887037963867187,0.8309409301757813,0.0
,3651,,,,,-47.3968505859375,54.3365478515625,-0.2755301513671875,0.801316259765625,0.0
,3652,,,,,-50.537109375,54.3365478515625,-0.3146844360351563,0.7707593444824219,0.0
,3653,,,,,-56.982421875,48.2940673828125,-0.3745552734375,0.7421705017089844,0.0
,3654,,,,,-58.9874267578125,48.2940673828125,-0.4385694213867188,0.7214539489746093,0.0
,3655,,,,,-63.189697265625,43.2861328125,-0.5214356323242187,0.6498782592773438,0.0
,3656,,,,,-63.97705078125,43.2861328125,-0.5835852905273438,0.6063734985351563,0.0
,3657,,,,,-68.7835693359375,35.650634765625,-0.6429382141113281,0.5698087829589844,0.0
,3658,,,,,-68.66455078125,35.650634765625,-0.6984585754394531,0.5417378540039063,0.0
,3659,,,,,-70.294189453125,32.061767578125,-0.7578114990234375,0.48953214111328125,0.0
,3660,,,,,-69.195556640625,32.061767578125,-0.7883684143066406,0.4594931396484375,0.0
,3661,,,,,-71.8963623046875,24.79248046875,-0.8385024719238281,0.4055265197753906,0.0
,3662,,,,,-70.0927734375,24.79248046875,-0.8721668701171875,0.38843536376953125,0.0
,3663,,,,,-74.249267578125,14.4287109375,-0.90987099609375,0.33167200927734375,0.0
,3664,,,,,-88.494873046875,-14.4561767578125,-0.9380455078125001,0.32058865356445315,0.0
,3665,,,,,-79.3121337890625,-3.6163330078125,-0.9427067321777344,0.25916407470703123,0.0
,3666,,,,,-75.531005859375,-3.6163330078125,-0.9333842834472657,0.24269441528320312,0.0
,3667,,,,,-75.9613037109375,-9.832763671875,-0.9493360290527344,0.17588353271484375,0.0
,3668,,,,,-73.223876953125,-9.832763671875,-0.947989453125,0.13206802368164064,0.0
,3669,,,,,-76.226806640625,-19.7113037109375,-0.959694305419922,0.03459664306640625,0.0
,3670,,,,,-68.408203125,-19.7113037109375,-0.9446748046875,0.009115283203125,0.0
,3671,,,,,-73.297119140625,-28.179931640625,-0.9534793395996094,-0.07861931762695312,0.0
,3672,,,,,-65.6341552734375,-28.179931640625,-0.9581405639648438,-0.13424326171875,0.0
,3673,,,,,-70.3399658203125,-36.3372802734375,-0.9599014709472656,-0.19939682006835938,0.0
,3674,,,,,-61.1663818359375,-36.3372802734375,-0.9403243286132813,-0.26455037841796875,0.0
,3675,,,,,-63.31787109375,-40.0543212890625,-0.9342129455566407,-0.371240625,0.0
,3676,,,,,-58.19091796875,-40.0543212890625,-0.8944371643066407,-0.39786139526367187,0.0
,3677,,,,,-61.4959716796875,-45.7763671875,-0.8877042846679688,-0.4691263366699219,0.0
,3678,,,,,-52.716064453125,-45.7763671875,-0.8583903625488282,-0.48756406860351564,0.0
,3679,,,,,-53.57666015625,-47.259521484375,-0.8529004760742188,-0.5529247924804688,0.0
,3680,,,,,-42.1142578125,-50.482177734375,-0.8340484130859376,-0.5594505065917968,0.0
,3681,,,,,-44.329833984375,-54.327392578125,-0.79054365234375,-0.5795455627441406,0.0
,3682,,,,,-25.9735107421875,-58.4197998046875,-0.794686962890625,-0.5974653808593751,0.0
,3683,,,,,-28.2257080078125,-62.3199462890625,-0.7528395263671875,-0.62812587890625,0.0
,3684,,,,,-21.8170166015625,-65.4510498046875,-0.7015660583496094,-0.6556788940429688,0.0
,3685,,,,,-23.4375,-68.2525634765625,-0.6555753112792969,-0.7015660583496094,0.0
,3686,,,,,-12.249755859375,-71.2005615234375,-0.5667013000488281,-0.6958690063476562,0.0
,3687,,,,,-13.5498046875,-73.4527587890625,-0.5061053833007813,-0.7340910461425781,0.0
,3688,,,,,-4.8797607421875,-74.652099609375,-0.4492384460449219,-0.7699306823730468,0.0
,3689,,,,,-5.31005859375,-75.3936767578125,-0.3653364074707031,-0.7842251037597656,0.0
,3690,,,,,4.06494140625,-75.567626953125,-0.3133378601074219,-0.826176123046875,0.0
,3691,,,,,4.046630859375,-75.604248046875,-0.2424872497558594,-0.8524861450195312,0.0
,3692,,,,,8.4869384765625,-74.908447265625,-0.17060081176757813,-0.8613942626953125,0.0
,3693,,,,,8.8531494140625,-74.267578125,-0.11549478149414062,-0.8811785705566406,0.0
,3694,,,,,15.3167724609375,-73.1231689453125,-0.03801487426757812,-0.8839753051757813,0.0
,3695,,,,,16.36962890625,-71.30126953125,0.0070436279296875,-0.8884293640136719,0.0
,3696,,,,,18.9971923828125,-69.6258544921875,0.07022911376953125,-0.8949550781250001,0.0
,3697,,,,,24.27978515625,-67.9595947265625,0.07271510009765625,-0.89992705078125,0.0
,3698,,,,,30.3955078125,-65.3961181640625,0.12512797851562502,-0.8826287292480469,0.0
,3699,,,,,36.1175537109375,-62.969970703125,0.14946992797851563,-0.8711310424804688,0.0
,3700,,,,,41.1529541015625,-60.75439453125,0.2067511962890625,-0.8501037414550782,0.0
,3701,,,,,45.9228515625,-58.63037109375,0.24228008422851563,-0.8246223815917969,0.0
,3702,,,,,52.276611328125,-52.9266357421875,0.30277241821289064,-0.789714990234375,0.0
,3703,,,,,54.9407958984375,-52.9266357421875,0.3439983581542969,-0.7572935852050782,0.0
,3704,,,,,60.16845703125,-47.5433349609375,0.398586474609375,-0.7399952636718751,0.0
,3705,,,,,61.4227294921875,-47.5433349609375,0.478138037109375,-0.6841641540527343,0.0
,3706,,,,,66.229248046875,-41.0247802734375,0.5623508239746093,-0.6267793029785157,0.0
,3707,,,,,66.90673828125,-41.0247802734375,0.6252255615234376,-0.5757130004882812,0.0
,3708,,,,,69.5068359375,-36.456298828125,0.6879967163085938,-0.5438095092773437,0.0
,3709,,,,,68.5455322265625,-36.456298828125,0.7552219299316406,-0.4766878784179688,0.0
,3710,,,,,71.136474609375,-30.303955078125,0.8033879150390625,-0.46684751586914064,0.0
,3711,,,,,69.415283203125,-30.303955078125,0.8376738098144532,-0.4362906005859375,0.0
,3712,,,,,72.747802734375,-20.9747314453125,0.8683343078613281,-0.41008416137695314,0.0
,3713,,,,,70.2301025390625,-20.9747314453125,0.8966124023437501,-0.36792597656250003,0.0
,3714,,,,,74.505615234375,-9.0179443359375,0.8993055541992188,-0.33923355102539066,0.0
,3715,,,,,71.7681884765625,-9.0179443359375,0.9332807006835938,-0.3016330078125,0.0
,3716,,,,,75.8697509765625,4.248046875,0.9139107238769532,-0.2780161376953125,0.0
,3717,,,,,72.344970703125,4.248046875,0.9259263244628907,-0.21327691040039062,0.0
,3718,,,,,75.3387451171875,14.0350341796875,0.9237510864257813,-0.14988425903320313,0.0
,3719,,,,,68.6187744140625,14.0350341796875,0.9269621520996094,-0.0990251220703125,0.0
,3720,,,,,74.74365234375,24.6551513671875,0.923958251953125,-0.03791129150390625,0.0
,3721,,,,,68.3074951171875,24.6551513671875,0.9400135803222657,0.046922991943359374,0.0
,3722,,,,,72.8118896484375,32.464599609375,0.9137035583496094,0.09881795654296875,0.0
,3723,,,,,63.9404296875,32.464599609375,0.9259263244628907,0.18323790893554687,0.0
,3724,,,,,68.3807373046875,40.155029296875,0.9246833312988282,0.25709241943359373,0.0
,3725,,,,,59.9578857421875,40.155029296875,0.9116319030761719,0.319034912109375,0.0
,3726,,,,,62.0819091796875,43.8446044921875,0.914014306640625,0.3928894226074219,0.0
,3727,,,,,54.6478271484375,43.8446044921875,0.8898795227050782,0.42862547607421875,0.0
,3728,,,,,58.6029052734375,50.701904296875,0.8822143981933595,0.4790702819824219,0.0
,3729,,,,,48.248291015625,50.701904296875,0.8752743530273438,0.5301365844726562,0.0
,3730,,,,,11.187744140625,52.25830078125,0.8605656005859376,0.5820315490722656,0.0
,3731,,,,,28.125,56.0394287109375,0.7977944458007813,0.5486778991699219,0.0
,3732,,,,,30.487060546875,60.1226806640625,0.7900257385253906,0.6046125915527344,0.0
,3733,,,,,26.8798828125,63.6749267578125,0.74745322265625,0.6243968994140625,0.0
,3734,,,,,28.4820556640625,66.4581298828125,0.7346089599609376,0.6768097778320312,0.0
,3735,,,,,16.3604736328125,69.25048828125,0.6351695068359375,0.668730322265625,0.0
,3736,,,,,17.9534912109375,72.0245361328125,0.6088594848632812,0.688618212890625,0.0
,3737,,,,,8.09326171875,74.102783203125,0.49087871704101566,0.7084025207519532,0.0
,3738,,,,,8.8531494140625,75.421142578125,0.4518280151367188,0.7735560791015625,0.0
,3739,,,,,0.8056640625,76.06201171875,0.4007617126464844,0.8136426086425782,0.0
,3740,,,,,1.025390625,76.4373779296875,0.345552099609375,0.8540398864746094,0.0
,3741,,,,,-5.3924560546875,76.06201171875,0.24942729492187501,0.8778639221191407,0.0
,3742,,,,,-5.5938720703125,75.714111328125,0.19711799926757814,0.9132892272949219,0.0
,3743,,,,,-10.546875,74.8992919921875,0.10472217407226563,0.9307947143554688,0.0
,3744,,,,,-11.38916015625,73.42529296875,0.062356823730468754,0.9343165283203125,0.0
,3745,,,,,-13.9251708984375,71.575927734375,0.0040397277832031255,0.938977752685547,0.0
,3746,,,,,-18.896484375,69.7540283203125,-0.04246893310546875,0.9331771179199219,0.0
,3747,,,,,-23.6480712890625,67.3828125,-0.10265051879882812,0.923958251953125,0.0
,3748,,,,,-29.0863037109375,64.9200439453125,-0.13413967895507814,0.9025166198730469,0.0
,3749,,,,,-35.064697265625,62.3565673828125,-0.17101514282226563,0.8823179809570313,0.0
,3750,,,,,-40.283203125,60.2783203125,-0.22394593505859375,0.8451317687988281,0.0
,3751,,,,,-44.78759765625,58.30078125,-0.30525840454101566,0.8042165771484375,0.0
,3752,,,,,-49.0264892578125,55.9478759765625,-0.38439563598632814,0.7593652404785156,0.0
,3753,,,,,-55.04150390625,49.8138427734375,-0.43825867309570316,0.7509750366210938,0.0
,3754,,,,,-56.927490234375,49.8138427734375,-0.49036080322265624,0.7142031555175782,0.0
,3755,,,,,-61.083984375,44.622802734375,-0.5397697814941407,0.6807459228515625,0.0
,3756,,,,,-61.541748046875,44.622802734375,-0.5821351318359376,0.6524678283691406,0.0
,3757,,,,,-66.1651611328125,36.932373046875,-0.6730807983398438,0.5870035217285157,0.0
,3758,,,,,-65.80810546875,36.932373046875,-0.7389594360351562,0.5503352233886719,0.0
,3759,,,,,-67.12646484375,33.3251953125,-0.7929260559082032,0.49864742431640624,0.0
,3760,,,,,-65.9820556640625,33.3251953125,-0.8156106811523438,0.47616996459960936,0.0
,3761,,,,,-68.682861328125,26.2939453125,-0.8637766662597657,0.42448216552734375,0.0
,3762,,,,,-66.5863037109375,26.2939453125,-0.8956801574707032,0.3974470642089844,0.0
,3763,,,,,-71.30126953125,14.410400390625,-0.9086280029296875,0.35653187255859375,0.0
,3764,,,,,-85.4278564453125,-14.4378662109375,-0.9066599304199219,0.34928107910156253,0.0
,3765,,,,,-76.776123046875,-3.717041015625,-0.9297588867187501,0.2953144592285156,0.0
,3766,,,,,-73.590087890625,-3.717041015625,-0.9284123107910156,0.27190475463867186,0.0
,3767,,,,,-74.066162109375,-9.5947265625,-0.9474715393066406,0.19152453002929687,0.0
,3768,,,,,-71.3470458984375,-9.5947265625,-0.9484037841796875,0.1563063903808594,0.0
,3769,,,,,-74.30419921875,-19.8486328125,-0.9437425598144532,0.070436279296875,0.0
,3770,,,,,-66.6046142578125,-19.8486328125,-0.9245797485351562,0.045887164306640624,0.0
,3771,,,,,-71.8597412109375,-28.9581298828125,-0.9606265502929687,-0.05500244750976563,0.0
,3772,,,,,-64.3798828125,-28.9581298828125,-0.9524435119628907,-0.10120036010742188,0.0
,3773,,,,,-69.3603515625,-37.5823974609375,-0.9517184326171876,-0.16428226318359376,0.0
,3774,,,,,-59.527587890625,-37.5823974609375,-0.945503466796875,-0.18945287475585937,0.0
,3775,,,,,-62.0452880859375,-41.949462890625,-0.9401171630859375,-0.2828845275878906,0.0
,3776,,,,,-56.2408447265625,-41.949462890625,-0.9104924926757813,-0.3499025756835938,0.0
,3777,,,,,-59.47265625,-47.5433349609375,-0.8757922668457031,-0.4285218933105469,0.0
,3778,,,,,-50.830078125,-47.5433349609375,-0.8527968933105469,-0.4496527770996094,0.0
,3779,,,,,-51.544189453125,-48.7701416015625,-0.8206862365722657,-0.49295037231445316,0.0
,3780,,,,,-41.2445068359375,-51.7822265625,-0.8159214294433594,-0.5432915954589844,0.0
,3781,,,,,-43.212890625,-55.1971435546875,-0.7898185729980469,-0.5820315490722656,0.0
,3782,,,,,-30.084228515625,-59.43603515625,-0.7680661926269532,-0.5918719116210938,0.0
,3783,,,,,-32.3455810546875,-63.3544921875,-0.7413418395996094,-0.6274007995605468,0.0
,3784,,,,,-21.7437744140625,-66.1651611328125,-0.6943152648925781,-0.6603401184082032,0.0
,3785,,,,,-23.272705078125,-68.81103515625,-0.6364125,-0.6868573059082032,0.0
,3786,,,,,-12.2955322265625,-71.2738037109375,-0.5633866516113282,-0.7188643798828125,0.0
,3787,,,,,-13.5955810546875,-73.5260009765625,-0.5077627075195312,-0.7594688232421876,0.0
,3788,,,,,-5.511474609375,-74.871826171875,-0.428418310546875,-0.7853645141601563,0.0
,3789,,,,,-6.0333251953125,-75.76904296875,-0.35435663452148436,-0.8025592529296875,0.0
,3790,,,,,1.9775390625,-76.0345458984375,-0.2917926452636719,-0.8522789794921876,0.0
,3791,,,,,1.7852783203125,-76.3641357421875,-0.20291863403320312,-0.8579760314941407,0.0
,3792,,,,,5.82275390625,-75.91552734375,-0.13973314819335939,-0.8790033325195312,0.0
,3793,,,,,6.2896728515625,-75.1190185546875,-0.08234829711914063,-0.9002377990722656,0.0
,3794,,,,,13.4124755859375,-73.7457275390625,0.00103582763671875,-0.90655634765625,0.0
,3795,,,,,14.337158203125,-72.1527099609375,0.02817451171875,-0.9088351684570313,0.0
,3796,,,,,17.156982421875,-70.6329345703125,0.0874238525390625,-0.8922619262695313,0.0
,3797,,,,,22.210693359375,-68.9849853515625,0.09508897705078126,-0.9112175720214845,0.0
,3798,,,,,27.447509765625,-67.144775390625,0.14356571044921876,-0.9085244201660156,0.0
,3799,,,,,33.8836669921875,-64.4073486328125,0.16480017700195312,-0.9081100891113282,0.0
,3800,,,,,39.678955078125,-61.5142822265625,0.23306121826171874,-0.8664698181152344,0.0
,3801,,,,,43.90869140625,-59.3536376953125,0.27418357543945315,-0.8457532653808594,0.0
,3802,,,,,50.0518798828125,-53.6224365234375,0.3383013061523438,-0.8245187988281251,0.0
,3803,,,,,52.3956298828125,-53.6224365234375,0.3653364074707031,-0.7972765319824219,0.0
,3804,,,,,57.8155517578125,-47.2137451171875,0.4682976745605469,-0.7502499572753907,0.0
,3805,,,,,58.2733154296875,-47.2137451171875,0.5265111877441406,-0.7234220214843751,0.0
,3806,,,,,62.1826171875,-41.4093017578125,0.6029552673339844,-0.6771205261230469,0.0
,3807,,,,,62.6678466796875,-41.4093017578125,0.653814404296875,-0.6523642456054688,0.0
,3808,,,,,66.9158935546875,-34.222412109375,0.7178285522460938,-0.5798563110351562,0.0
,3809,,,,,66.375732421875,-34.222412109375,0.7552219299316406,-0.5201926391601562,0.0
,3810,,,,,68.5638427734375,-29.3243408203125,0.8068061462402344,-0.4860103271484375,0.0
,3811,,,,,67.7032470703125,-29.3243408203125,0.8629480041503906,-0.4447843872070313,0.0
,3812,,,,,71.3287353515625,-20.0042724609375,0.8898795227050782,-0.41660987548828127,0.0
,3813,,,,,68.88427734375,-20.0042724609375,0.9005485473632813,-0.40086529541015625,0.0
,3814,,,,,73.05908203125,-8.514404296875,0.9121498168945312,-0.3800451599121094,0.0
,3815,,,,,70.01953125,-8.514404296875,0.9315197937011719,-0.3572569519042969,0.0
,3816,,,,,74.3865966796875,5.145263671875,0.9422924011230469,-0.29562520751953125,0.0
,3817,,,,,70.806884765625,5.145263671875,0.9407386596679688,-0.2470448913574219,0.0
,3818,,,,,74.08447265625,16.36962890625,0.9202292724609376,-0.2034365478515625,0.0
,3819,,,,,67.1905517578125,16.36962890625,0.9468500427246094,-0.12833904418945313,0.0
,3820,,,,,73.0133056640625,26.4678955078125,0.9210579345703125,-0.06763954467773438,0.0
,3821,,,,,65.8538818359375,26.4678955078125,0.91981494140625,-0.0030039001464843753,0.0
,3822,,,,,70.3399658203125,34.2315673828125,0.9129784790039063,0.07779065551757813,0.0
,3823,,,,,61.8804931640625,34.2315673828125,0.9335914489746094,0.16946140136718751,0.0
,3824,,,,,66.4947509765625,42.2332763671875,0.910699658203125,0.23057523193359375,0.0
,3825,,,,,58.978271484375,42.2332763671875,0.9017915405273438,0.2921033935546875,0.0
,3826,,,,,61.083984375,45.88623046875,0.8963016540527344,0.3742445251464844,0.0
,3827,,,,,54.583740234375,45.88623046875,0.8703023803710938,0.43183654174804686,0.0
,3828,,,,,57.6690673828125,51.2237548828125,0.8787961669921875,0.502997900390625,0.0
,3829,,,,,47.57080078125,51.2237548828125,0.8547649658203125,0.5176030700683594,0.0
,3830,,,,,12.7899169921875,53.3294677734375,0.8186145812988281,0.5492993957519532,0.0
,3831,,,,,21.1761474609375,56.9183349609375,0.7743847412109375,0.5738485107421876,0.0
,3832,,,,,23.3367919921875,60.662841796875,0.7590544921875,0.6175604370117188,0.0
,3833,,,,,27.703857421875,64.141845703125,0.7068487792968751,0.6290581237792969,0.0
,3834,,,,,29.2327880859375,66.7877197265625,0.6887217956542969,0.6758775329589845,0.0
,3835,,,,,18.3837890625,69.7174072265625,0.5970510498046875,0.6675909118652344,0.0
,3836,,,,,19.9859619140625,72.491455078125,0.5500244750976563,0.707781024169922,0.0
,3837,,,,,11.0687255859375,74.359130859375,0.44582021484375,0.720107373046875,0.0
,3838,,,,,11.810302734375,75.640869140625,0.40614801635742187,0.7828785278320313,0.0
,3839,,,,,3.69873046875,76.5289306640625,0.3481416687011719,0.817164422607422,0.0
,3840,,,,,4.156494140625,77.325439453125,0.30701931152343753,0.8531076416015625,0.0
,3841,,,,,-1.8035888671875,77.4627685546875,0.19794666137695313,0.8437851928710938,0.0
,3842,,,,,-2.0233154296875,77.0782470703125,0.13186085815429688,0.8785890014648438,0.0
,3843,,,,,-7.177734375,76.0894775390625,0.07426884155273437,0.9190898620605469,0.0
,3844,,,,,-7.891845703125,74.8443603515625,0.04412625732421875,0.9409458251953126,0.0
,3845,,,,,-15.069580078125,72.7294921875,-0.01325859375,0.9507861877441407,0.0
,3846,,,,,-16.0858154296875,70.9808349609375,-0.04340117797851563,0.9605229675292969,0.0
,3847,,,,,-21.1029052734375,68.66455078125,-0.09053133544921875,0.9464357116699219,0.0
,3848,,,,,-26.7425537109375,65.8538818359375,-0.1372471618652344,0.9316233764648438,0.0
,3849,,,,,-33.123779296875,62.9150390625,-0.18334149169921876,0.91650029296875,0.0
,3850,,,,,-38.616943359375,60.5712890625,-0.21866321411132814,0.8900866882324219,0.0
,3851,,,,,-42.8558349609375,58.4930419921875,-0.28236661376953126,0.8478249206542969,0.0
,3852,,,,,-46.966552734375,56.2957763671875,-0.3351938232421875,0.8079455566406251,0.0
,3853,,,,,-52.99072265625,51.0772705078125,-0.4031441162109375,0.75739716796875,0.0
,3854,,,,,-55.2703857421875,51.0772705078125,-0.48559599609375004,0.7109920898437501,0.0
,3855,,,,,-60.113525390625,44.989013671875,-0.5380088745117187,0.6874788024902344,0.0
,3856,,,,,-61.0382080078125,44.989013671875,-0.5894895080566407,0.6550573974609375,0.0
,3857,,,,,-66.2933349609375,36.8133544921875,-0.6540215698242188,0.5939435668945313,0.0
,3858,,,,,-66.2567138671875,36.8133544921875,-0.7037412963867188,0.5718804382324219,0.0
,3859,,,,,-68.6279296875,31.53076171875,-0.7579150817871094,0.5249574462890625,0.0
,3860,,,,,-67.5201416015625,31.53076171875,-0.7937547180175781,0.4826956787109375,0.0
,3861,,,,,-70.3765869140625,24.3072509765625,-0.8275226989746094,0.4519315979003906,0.0
,3862,,,,,-68.3349609375,24.3072509765625,-0.8656411560058594,0.4261394897460938,0.0
,3863,,,,,-72.381591796875,13.51318359375,-0.9129784790039063,0.38315264282226563,0.0
,3864,,,,,-85.400390625,-13.5406494140625,-0.9197113586425781,0.37227645263671877,0.0
,3865,,,,,-75.823974609375,-2.3162841796875,-0.9242690002441406,0.3177919189453125,0.0
,3866,,,,,-72.344970703125,-2.3162841796875,-0.9087315856933594,0.30308316650390627,0.0
,3867,,,,,-74.4598388671875,-11.2518310546875,-0.9298624694824219,0.217938134765625,0.0
,3868,,,,,-67.6025390625,-11.2518310546875,-0.9135999755859375,0.209651513671875,0.0
,3869,,,,,-74.176025390625,-22.6318359375,-0.9356631042480469,0.11280162963867188,0.0
,3870,,,,,-67.4102783203125,-22.6318359375,-0.9254084106445313,0.059974420166015625,0.0
,3871,,,,,-72.418212890625,-31.292724609375,-0.9204364379882812,-0.025170611572265626,0.0
,3872,,,,,-64.7918701171875,-31.292724609375,-0.9023094543457032,-0.07530466918945312,0.0
,3873,,,,,-69.7998046875,-39.971923828125,-0.9056241027832032,-0.1487448486328125,0.0
,3874,,,,,-61.907958984375,-39.971923828125,-0.8617050109863281,-0.1653180908203125,0.0
,3875,,,,,-63.7847900390625,-43.231201171875,-0.8555936279296875,-0.2821594482421875,0.0
,3876,,,,,-59.124755859375,-43.231201171875,-0.8448210205078125,-0.3406837097167969,0.0
,3877,,,,,-62.1734619140625,-48.5137939453125,-0.8339448303222656,-0.41101640625,0.0
,3878,,,,,-53.3935546875,-48.5137939453125,-0.8059774841308593,-0.43276878662109375,0.0
,3879,,,,,-54.16259765625,-49.84130859375,-0.79717294921875,-0.49999400024414065,0.0
,3880,,,,,-41.9952392578125,-52.8717041015625,-0.7792531311035157,-0.5268219360351563,0.0
,3881,,,,,-44.5404052734375,-57.293701171875,-0.7457958984375,-0.5577931823730469,0.0
,3882,,,,,-32.427978515625,-61.138916015625,-0.7098526794433594,-0.5559286926269531,0.0
,3883,,,,,-34.2864990234375,-64.361572265625,-0.6895504577636719,-0.6247076477050781,0.0
,3884,,,,,-23.455810546875,-67.9412841796875,-0.6715270568847657,-0.6775348571777344,0.0
,3885,,,,,-25.2410888671875,-71.044921875,-0.6034731811523437,-0.7038448791503906,0.0
,3886,,,,,-16.0308837890625,-72.894287109375,-0.5363515502929688,-0.7193822937011719,0.0
,3887,,,,,-16.9647216796875,-74.505615234375,-0.47130157470703127,-0.7571900024414063,0.0
,3888,,,,,-7.8643798828125,-76.13525390625,-0.3933037536621094,-0.7935475524902345,0.0
,3889,,,,,-8.3221435546875,-76.9317626953125,-0.3299111022949219,-0.8127103637695313,0.0
,3890,,,,,-1.4556884765625,-77.0233154296875,-0.27004026489257815,-0.869266552734375,0.0
,3891,,,,,-1.3092041015625,-76.776123046875,-0.19173169555664063,-0.8770352600097656,0.0
,3892,,,,,3.5980224609375,-76.2451171875,-0.1205703369140625,-0.885839794921875,0.0
,3893,,,,,4.083251953125,-75.3936767578125,-0.067121630859375,-0.9091459167480469,0.0
,3894,,,,,11.993408203125,-73.883056640625,-0.013880090332031251,-0.9345236938476563,0.0
,3895,,,,,12.945556640625,-72.2442626953125,0.03293931884765625,-0.9313126281738282,0.0
,3896,,,,,15.93017578125,-70.01953125,0.09343165283203125,-0.9254084106445313,0.0
,3897,,,,,21.1029052734375,-67.9412841796875,0.08483428344726562,-0.9414637390136719,0.0
,3898,,,,,27.392578125,-65.2587890625,0.13859373779296874,-0.920643603515625,0.0
,3899,,,,,33.599853515625,-62.8326416015625,0.15433831787109376,-0.8989948059082031,0.0
,3900,,,,,38.8641357421875,-60.772705078125,0.2089264343261719,-0.8732026977539062,0.0
,3901,,,,,43.98193359375,-58.4564208984375,0.25709241943359373,-0.833737664794922,0.0
,3902,,,,,50.9307861328125,-53.045654296875,0.3319827575683594,-0.7937547180175781,0.0
,3903,,,,,53.521728515625,-53.045654296875,0.3593286071777344,-0.7726238342285157,0.0
,3904,,,,,58.465576171875,-47.259521484375,0.431732958984375,-0.7386486877441406,0.0
,3905,,,,,60.003662109375,-47.259521484375,0.470680078125,-0.7361627014160157,0.0
,3906,,,,,65.6890869140625,-39.1571044921875,0.5613149963378906,-0.6978370788574219,0.0
,3907,,,,,65.606689453125,-39.1571044921875,0.6217037475585938,-0.6502925903320312,0.0
,3908,,,,,69.451904296875,-31.7962646484375,0.6822996643066407,-0.6087559020996094,0.0
,3909,,,,,68.3807373046875,-31.7962646484375,0.7377164428710937,-0.5599684204101563,0.0
,3910,,,,,70.477294921875,-25.4608154296875,0.7755241516113281,-0.5293079223632813,0.0
,3911,,,,,68.6737060546875,-25.4608154296875,0.8260725402832032,-0.4807276062011719,0.0
,3912,,,,,70.9625244140625,-17.7154541015625,0.8635695007324219,-0.43939808349609377,0.0
,3913,,,,,68.1243896484375,-17.7154541015625,0.8867720397949219,-0.4065623474121094,0.0
,3914,,,,,72.7935791015625,-4.742431640625,0.8934013366699219,-0.36885822143554686,0.0
,3915,,,,,69.854736328125,-4.742431640625,0.9102853271484376,-0.3333293334960938,0.0
,3916,,,,,73.553466796875,6.4453125,0.8943335815429688,-0.2910675659179688,0.0
,3917,,,,,70.751953125,6.4453125,0.920643603515625,-0.21410557250976564,0.0
,3918,,,,,74.5147705078125,18.56689453125,0.9228188415527344,-0.151645166015625,0.0
,3919,,,,,68.2159423828125,18.56689453125,0.9254084106445313,-0.08939192504882813,0.0
,3920,,,,,72.8302001953125,26.5594482421875,0.8812821533203126,-0.0526200439453125,0.0
,3921,,,,,66.1285400390625,26.5594482421875,0.8930905883789063,0.04205460205078125,0.0
,3922,,,,,71.2188720703125,35.3759765625,0.8659519042968751,0.11725568847656251,0.0
,3923,,,,,63.8946533203125,35.3759765625,0.8714417907714844,0.17930176391601563,0.0
,3924,,,,,66.0736083984375,39.14794921875,0.8797284118652344,0.26247872314453125,0.0
,3925,,,,,60.4339599609375,39.14794921875,0.8714417907714844,0.32835736083984374,0.0
,3926,,,,,63.4918212890625,44.4488525390625,0.854350634765625,0.4011760437011719,0.0
,3927,,,,,57.1929931640625,44.4488525390625,0.8580796142578125,0.46280778808593753,0.0
,3928,,,,,59.747314453125,48.8616943359375,0.8482392517089844,0.51874248046875,0.0
,3929,,,,,47.5067138671875,48.8616943359375,0.7944797973632812,0.5120096008300782,0.0
,3930,,,,,10.9954833984375,52.4871826171875,0.793029638671875,0.5612114135742188,0.0
,3931,,,,,26.953125,56.396484375,0.7583294128417969,0.5657690551757812,0.0
,3932,,,,,28.985595703125,59.912109375,0.7373021118164063,0.609066650390625,0.0
,3933,,,,,28.509521484375,63.2080078125,0.6656228393554687,0.6185962646484375,0.0
,3934,,,,,30.2398681640625,66.2017822265625,0.6535036560058594,0.6792957641601562,0.0
,3935,,,,,20.4437255859375,68.8201904296875,0.5760237487792969,0.6671765808105469,0.0
,3936,,,,,21.514892578125,70.6695556640625,0.53200107421875,0.7203145385742188,0.0
,3937,,,,,13.037109375,72.2625732421875,0.431732958984375,0.7380271911621094,0.0
,3938,,,,,13.494873046875,73.05908203125,0.42282484130859377,0.8125031982421875,0.0
,3939,,,,,3.6346435546875,73.7548828125,0.3757982666015625,0.842024285888672,0.0
,3940,,,,,4.0191650390625,74.4140625,0.30971246337890623,0.872581201171875,0.0
,3941,,,,,-1.226806640625,74.2034912109375,0.20778702392578124,0.8861505432128907,0.0
,3942,,,,,-1.4556884765625,73.809814453125,0.17412262573242188,0.9173289550781251,0.0
,3943,,,,,-8.9630126953125,73.1964111328125,0.11404462280273438,0.9315197937011719,0.0
,3944,,,,,-9.521484375,72.2259521484375,0.08607727661132812,0.9506826049804687,0.0
,3945,,,,,-14.94140625,70.6329345703125,0.018748480224609374,0.9404279113769531,0.0
,3946,,,,,-15.9393310546875,68.902587890625,-0.00766512451171875,0.9484037841796875,0.0
,3947,,,,,-21.7620849609375,66.68701171875,-0.07178285522460938,0.9214722656250001,0.0
,3948,,,,,-27.667236328125,64.3341064453125,-0.11383745727539063,0.905727685546875,0.0
,3949,,,,,-33.2061767578125,61.5966796875,-0.15392398681640626,0.8998234680175782,0.0
,3950,,,,,-38.690185546875,59.2529296875,-0.20146847534179688,0.8743421081542969,0.0
,3951,,,,,-46.32568359375,53.0731201171875,-0.2618572265625,0.8376738098144532,0.0
,3952,,,,,-49.566650390625,53.0731201171875,-0.31385577392578123,0.8053559875488282,0.0
,3953,,,,,-54.8309326171875,47.9644775390625,-0.3583963623046875,0.7728309997558594,0.0
,3954,,,,,-56.8359375,47.9644775390625,-0.4223069274902344,0.7279796630859375,0.0
,3955,,,,,-62.4481201171875,41.473388671875,-0.5014441589355468,0.6796065124511719,0.0
,3956,,,,,-63.299560546875,41.473388671875,-0.5624544067382813,0.653814404296875,0.0
,3957,,,,,-67.8131103515625,34.27734375,-0.6154887817382813,0.6197356750488281,0.0
,3958,,,,,-67.657470703125,34.27734375,-0.6726664672851562,0.5819279663085938,0.0
,3959,,,,,-70.42236328125,28.582763671875,-0.7288083251953125,0.5260968566894532,0.0
,3960,,,,,-69.525146484375,28.582763671875,-0.7860895935058594,0.49885458984375003,0.0
,3961,,,,,-71.4111328125,22.88818359375,-0.8277298645019532,0.4434378112792969,0.0
,3962,,,,,-69.1497802734375,22.88818359375,-0.8321839233398438,0.4355655212402344,0.0
,3963,,,,,-73.5443115234375,11.5081787109375,-0.8756886840820313,0.39465032958984375,0.0
,3964,,,,,-83.9080810546875,-11.53564453125,-0.9034488647460938,0.35746411743164064,0.0
,3965,,,,,-75.9063720703125,-2.52685546875,-0.9269621520996094,0.28008779296875,0.0
,3966,,,,,-73.223876953125,-2.52685546875,-0.908213671875,0.2551243469238281,0.0
,3967,,,,,-76.0528564453125,-12.2039794921875,-0.9138071411132813,0.18251282958984374,0.0
,3968,,,,,-69.5526123046875,-12.2039794921875,-0.9103889099121094,0.16055328369140626,0.0
,3969,,,,,-75.0823974609375,-21.78955078125,-0.926547821044922,0.059663671875000004,0.0
,3970,,,,,-69.4610595703125,-21.78955078125,-0.9052097717285157,0.021855963134765625,0.0
,3971,,,,,-74.1851806640625,-29.9652099609375,-0.9129784790039063,-0.0551060302734375,0.0
,3972,,,,,-66.6412353515625,-29.9652099609375,-0.8968195678710937,-0.10710457763671875,0.0
,3973,,,,,-71.37451171875,-38.1500244140625,-0.9183647827148438,-0.17505487060546876,0.0
,3974,,,,,-64.0777587890625,-38.1500244140625,-0.9127713134765625,-0.2487022155761719,0.0
,3975,,,,,-65.9271240234375,-41.3543701171875,-0.8848039672851563,-0.337265478515625,0.0
,3976,,,,,-59.7015380859375,-41.3543701171875,-0.8687486389160156,-0.3932001708984375,0.0
,3977,,,,,-63.1805419921875,-47.3876953125,-0.85020732421875,-0.4496527770996094,0.0
,3978,,,,,-54.5013427734375,-47.3876953125,-0.8441995239257812,-0.4871497375488281,0.0
,3979,,,,,-55.1055908203125,-48.4222412109375,-0.8385024719238281,-0.5449489196777344,0.0
,3980,,,,,-44.073486328125,-51.6265869140625,-0.8345663269042969,-0.5816172180175782,0.0
,3981,,,,,-45.8953857421875,-54.78515625,-0.8235865539550782,-0.6292652893066406,0.0
,3982,,,,,-31.75048828125,-59.0057373046875,-0.80048759765625,-0.6570254699707031,0.0
,3983,,,,,-33.8104248046875,-62.5762939453125,-0.7594688232421876,-0.6913113647460938,0.0
,3984,,,,,-24.0509033203125,-65.4144287109375,-0.7045699584960937,-0.7211432006835937,0.0
,3985,,,,,-25.5157470703125,-67.9412841796875,-0.6330978515625,-0.7396845153808594,0.0
,3986,,,,,-14.6575927734375,-70.367431640625,-0.5673227966308594,-0.7604010681152344,0.0
,3987,,,,,-15.966796875,-72.637939453125,-0.49792234497070315,-0.7904400695800782,0.0
,3988,,,,,-7.58056640625,-73.992919921875,-0.45762864990234375,-0.8240008850097656,0.0
,3989,,,,,-8.148193359375,-74.96337890625,-0.37507318725585936,-0.8350842407226563,0.0
,3990,,,,,1.7120361328125,-75.4119873046875,-0.29987210083007815,-0.8559043762207031,0.0
,3991,,,,,1.6571044921875,-75.5126953125,-0.22808924560546875,-0.8773460083007812,0.0
,3992,,,,,6.2255859375,-75.0091552734375,-0.17795518798828125,-0.918261199951172,0.0
,3993,,,,,6.683349609375,-74.212646484375,-0.088666845703125,-0.9199185241699219,0.0
,3994,,,,,14.154052734375,-72.8851318359375,-0.006318548583984375,-0.9162931274414062,0.0
,3995,,,,,14.9871826171875,-71.44775390625,0.0211308837890625,-0.9283087280273438,0.0
,3996,,,,,17.303466796875,-69.5709228515625,0.0691932861328125,-0.9357666870117188,0.0
,3997,,,,,22.412109375,-67.474365234375,0.070436279296875,-0.9528578430175781,0.0
,3998,,,,,28.0426025390625,-64.892578125,0.10720816040039063,-0.9440533081054687,0.0
,3999,,,,,34.7259521484375,-61.9171142578125,0.1310321960449219,-0.9299660522460937,0.0
,4000,,,,,41.015625,-58.7127685546875,0.1926639404296875,-0.8982697265625,0.0
,4001,,,,,46.0235595703125,-56.0302734375,0.2382403564453125,-0.8799355773925781,0.0
,4002,,,,,52.8076171875,-50.20751953125,0.3012186767578125,-0.8538327209472657,0.0
,4003,,,,,55.682373046875,-50.20751953125,0.3375762268066406,-0.8117781188964844,0.0
,4004,,,,,61.19384765625,-44.6502685546875,0.40179754028320314,-0.7570864196777344,0.0
,4005,,,,,62.420654296875,-44.6502685546875,0.46280778808593753,-0.7144103210449219,0.0
,4006,,,,,67.1722412109375,-38.34228515625,0.5490922302246094,-0.657129052734375,0.0
,4007,,,,,67.5201416015625,-38.34228515625,0.6186998474121094,-0.6217037475585938,0.0
,4008,,,,,70.623779296875,-32.537841796875,0.6667622497558594,-0.5987083740234376,0.0
,4009,,,,,69.9462890625,-32.537841796875,0.7349197082519532,-0.5379052917480469,0.0
,4010,,,,,71.8963623046875,-27.6397705078125,0.7774922241210938,-0.4975080139160156,0.0
,4011,,,,,70.1568603515625,-27.6397705078125,0.8126067810058594,-0.4687120056152344,0.0
,4012,,,,,73.8739013671875,-17.24853515625,0.8505180725097656,-0.42665740356445314,0.0
,4013,,,,,71.2738037109375,-17.24853515625,0.8888436950683594,-0.39465032958984375,0.0
,4014,,,,,75.18310546875,-6.317138671875,0.8988912231445313,-0.3507312377929688,0.0
,4015,,,,,72.6654052734375,-6.317138671875,0.9296553039550781,-0.2876493347167969,0.0
,4016,,,,,76.7486572265625,5.804443359375,0.9097674133300782,-0.26061423339843753,0.0
,4017,,,,,73.7457275390625,5.804443359375,0.9324520385742188,-0.19535709228515627,0.0
,4018,,,,,77.1331787109375,15.9393310546875,0.9154644653320313,-0.13735074462890626,0.0
,4019,,,,,71.5576171875,15.9393310546875,0.9386670043945313,-0.06453206176757813,0.0
,4020,,,,,76.995849609375,25.360107421875,0.9158787963867188,-0.017712652587890624,0.0
,4021,,,,,68.975830078125,25.360107421875,0.9375275939941407,0.06639655151367188,0.0
,4022,,,,,73.736572265625,33.6090087890625,0.9268585693359376,0.1425298828125,0.0
,4023,,,,,65.91796875,33.6090087890625,0.9575190673828126,0.21524498291015626,0.0
,4024,,,,,69.10400390625,39.129638671875,0.932244873046875,0.2805021240234375,0.0
,4025,,,,,61.48681640625,39.129638671875,0.9317269592285157,0.33788697509765625,0.0
,4026,,,,,63.995361328125,43.4783935546875,0.9477822875976563,0.4283147277832031,0.0
,4027,,,,,57.3944091796875,43.4783935546875,0.9498539428710938,0.5057946350097656,0.0
,4028,,,,,60.4888916015625,48.834228515625,0.9321412902832031,0.5650439758300781,0.0
,4029,,,,,47.6898193359375,48.834228515625,0.8750671875,0.5574824340820312,0.0
,4030,,,,,10.2081298828125,51.4617919921875,0.8868756225585938,0.6138314575195313,0.0
,4031,,,,,25.08544921875,54.6478271484375,0.83363408203125,0.6216001647949219,0.0
,4032,,,,,27.3193359375,58.5113525390625,0.7956192077636719,0.6456313659667969,0.0
,4033,,,,,27.3834228515625,62.6495361328125,0.7255972595214844,0.6395199829101562,0.0
,4034,,,,,29.388427734375,66.119384765625,0.7037412963867188,0.6826104125976563,0.0
,4035,,,,,19.207763671875,68.7835693359375,0.607409326171875,0.6660371704101563,0.0
,4036,,,,,20.6268310546875,71.246337890625,0.5681514587402344,0.6917256958007812,0.0
,4037,,,,,9.7686767578125,72.9400634765625,0.4818670166015625,0.7089204345703125,0.0
,4038,,,,,10.565185546875,74.322509765625,0.4663296020507813,0.7867110900878906,0.0
,4039,,,,,1.9775390625,75.03662109375,0.4053193542480469,0.8262797058105469,0.0
,4040,,,,,2.215576171875,75.4486083984375,0.37030838012695316,0.8836645568847656,0.0
,4041,,,,,-5.7037353515625,75.4486083984375,0.2614428955078125,0.8696808837890625,0.0
,4042,,,,,-5.877685546875,75.1556396484375,0.20903001708984376,0.9112175720214845,0.0
,4043,,,,,-11.9476318359375,74.30419921875,0.14750185546875,0.9383562561035157,0.0
,4044,,,,,-12.762451171875,72.8851318359375,0.093638818359375,0.9464357116699219,0.0
,4045,,,,,-14.8223876953125,71.15478515625,0.022995373535156252,0.9507861877441407,0.0
,4046,,,,,-18.75,69.268798828125,-0.021441632080078127,0.9314162109375,0.0
,4047,,,,,-23.7396240234375,66.8609619140625,-0.06328906860351563,0.9200221069335938,0.0
,4048,,,,,-30.0018310546875,64.2242431640625,-0.1139410400390625,0.8908117675781251,0.0
,4049,,,,,-35.8612060546875,61.56005859375,-0.15247382812500002,0.8655375732421875,0.0
,4050,,,,,-40.887451171875,59.4451904296875,-0.18738121948242187,0.83529140625,0.0
,4051,,,,,-47.8271484375,54.2816162109375,-0.2672435302734375,0.7935475524902345,0.0
,4052,,,,,-50.9674072265625,54.2816162109375,-0.335608154296875,0.7542896850585937,0.0
,4053,,,,,-56.7169189453125,49.2462158203125,-0.39340733642578124,0.7194858764648437,0.0
,4054,,,,,-58.8775634765625,49.2462158203125,-0.43691209716796875,0.7056057861328126,0.0
,4055,,,,,-63.6199951171875,44.0643310546875,-0.4984402587890625,0.6710091430664062,0.0
,4056,,,,,-64.5263671875,44.0643310546875,-0.5541677856445313,0.6468743591308594,0.0
,4057,,,,,-69.3695068359375,36.328125,-0.6247076477050781,0.5812028869628907,0.0
,4058,,,,,-69.0948486328125,36.328125,-0.6944188476562501,0.5329333190917969,0.0
,4059,,,,,-70.6878662109375,32.6019287109375,-0.7482818847656251,0.48445658569335937,0.0
,4060,,,,,-69.7998046875,32.6019287109375,-0.8011090942382812,0.4467524597167969,0.0
,4061,,,,,-72.94921875,24.8565673828125,-0.8554900451660157,0.4005545471191406,0.0
,4062,,,,,-70.8892822265625,24.8565673828125,-0.8704059631347657,0.39143926391601563,0.0
,4063,,,,,-74.81689453125,14.2913818359375,-0.9000306335449219,0.337265478515625,0.0
,4064,,,,,-88.73291015625,-14.31884765625,-0.9088351684570313,0.32348897094726564,0.0
,4065,,,,,-80.0994873046875,-3.9093017578125,-0.9194006103515625,0.27905196533203125,0.0
,4066,,,,,-76.46484375,-3.9093017578125,-0.91484296875,0.27014384765625,0.0
,4067,,,,,-76.4923095703125,-10.0616455078125,-0.9375275939941407,0.19504634399414064,0.0
,4068,,,,,-73.553466796875,-10.0616455078125,-0.9324520385742188,0.14584453125,0.0
,4069,,,,,-76.4739990234375,-19.720458984375,-0.9534793395996094,0.053034375,0.0
,4070,,,,,-68.975830078125,-19.720458984375,-0.9418780700683594,0.01843773193359375,0.0
,4071,,,,,-73.4893798828125,-27.557373046875,-0.9732636474609375,-0.0948818115234375,0.0
,4072,,,,,-65.5517578125,-27.557373046875,-0.9519255981445313,-0.14180480346679689,0.0
,4073,,,,,-70.5230712890625,-36.163330078125,-0.9628017883300781,-0.19918965454101564,0.0
,4074,,,,,-60.7635498046875,-36.163330078125,-0.9191934448242188,-0.2296429870605469,0.0
,4075,,,,,-63.28125,-40.5303955078125,-0.9246833312988282,-0.3414087890625,0.0
,4076,,,,,-58.0078125,-40.5303955078125,-0.8872899536132812,-0.39061060180664064,0.0
,4077,,,,,-61.083984375,-45.8587646484375,-0.8602548522949219,-0.46063255004882814,0.0
,4078,,,,,-51.96533203125,-45.8587646484375,-0.854350634765625,-0.483938671875,0.0
,4079,,,,,-52.880859375,-47.4517822265625,-0.8409884582519531,-0.5364551330566406,0.0
,4080,,,,,-41.9219970703125,-50.225830078125,-0.8452353515625001,-0.5788204833984375,0.0
,4081,,,,,-43.7896728515625,-53.466796875,-0.8253474609375,-0.6072021606445313,0.0
,4082,,,,,-25.3509521484375,-57.513427734375,-0.78059970703125,-0.6135207092285156,0.0
,4083,,,,,-27.7130126953125,-61.6058349609375,-0.7370949462890625,-0.6481173522949218,0.0
,4084,,,,,-21.405029296875,-64.7369384765625,-0.7174142211914063,-0.6896540405273438,0.0
,4085,,,,,-22.906494140625,-67.3370361328125,-0.6551609802246094,-0.7046735412597657,0.0
,4086,,,,,-11.6180419921875,-69.5068359375,-0.5934256530761719,-0.7272545837402344,0.0
,4087,,,,,-12.835693359375,-71.612548828125,-0.5246466979980469,-0.7528395263671875,0.0
,4088,,,,,-4.632568359375,-73.0682373046875,-0.46301495361328127,-0.7859860107421875,0.0
,4089,,,,,-5.0811767578125,-73.846435546875,-0.3888496948242188,-0.8016270080566407,0.0
,4090,,,,,4.3853759765625,-74.1485595703125,-0.3083658874511719,-0.8235865539550782,0.0
,4091,,,,,4.2938232421875,-74.30419921875,-0.24259083251953126,-0.8358093200683594,0.0
,4092,,,,,8.074951171875,-73.956298828125,-0.17785160522460938,-0.8752743530273438,0.0
,4093,,,,,8.514404296875,-73.1964111328125,-0.11280162963867188,-0.8883257812500001,0.0
,4094,,,,,15.765380859375,-71.8231201171875,-0.037393377685546875,-0.9023094543457032,0.0
,4095,,,,,16.44287109375,-70.6512451171875,0.0087009521484375,-0.9000306335449219,0.0
,4096,,,,,18.768310546875,-69.085693359375,0.07437242431640625,-0.8835609741210938,0.0
,4097,,,,,23.565673828125,-66.943359375,0.06867537231445313,-0.9025166198730469,0.0
,4098,,,,,29.62646484375,-64.4805908203125,0.13828298950195314,-0.8697844665527344,0.0
,4099,,,,,35.650634765625,-62.2283935546875,0.15402756958007813,-0.8765173461914063,0.0
,4100,,,,,40.5487060546875,-60.0128173828125,0.19432126464843752,-0.8611870971679688,0.0
,4101,,,,,45.1995849609375,-57.60498046875,0.23751527709960937,-0.8387096374511719,0.0
,4102,,,,,51.96533203125,-51.2786865234375,0.3053619873046875,-0.8012126770019532,0.0
,4103,,,,,54.4647216796875,-51.2786865234375,0.34306611328125003,-0.7635085510253906,0.0
,4104,,,,,58.9691162109375,-46.6094970703125,0.4200281066894531,-0.7186572143554688,0.0
,4105,,,,,60.443115234375,-46.6094970703125,0.4747198059082031,-0.6644834289550782,0.0
,4106,,,,,65.1397705078125,-40.557861328125,0.5582075134277344,-0.6317512756347656,0.0
,4107,,,,,65.533447265625,-40.557861328125,0.6218073303222657,-0.5948758117675781,0.0
,4108,,,,,68.26171875,-36.181640625,0.6875823852539062,-0.5447417541503906,0.0
,4109,,,,,67.8497314453125,-36.181640625,0.7373021118164063,-0.4872533203125,0.0
,4110,,,,,70.4132080078125,-29.8553466796875,0.7955156250000001,-0.4580429809570313,0.0
,4111,,,,,68.536376953125,-29.8553466796875,0.8390203857421875,-0.4303863830566406,0.0
,4112,,,,,71.8231201171875,-20.3521728515625,0.8763101806640625,-0.3966184020996094,0.0
,4113,,,,,69.03076171875,-20.3521728515625,0.9034488647460938,-0.36067518310546876,0.0
,4114,,,,,73.8189697265625,-7.379150390625,0.9119426513671876,-0.3506276550292969,0.0
,4115,,,,,70.477294921875,-7.379150390625,0.9199185241699219,-0.30329033203125,0.0
,4116,,,,,73.919677734375,4.0191650390625,0.918986279296875,-0.2506702880859375,0.0
,4117,,,,,71.1181640625,4.0191650390625,0.9460213806152344,-0.17308679809570313,0.0
,4118,,,,,74.6429443359375,14.3280029296875,0.9143250549316406,-0.12875337524414063,0.0
,4119,,,,,67.8497314453125,14.3280029296875,0.9352487731933594,-0.051687799072265624,0.0
,4120,,,,,72.54638671875,22.467041015625,0.9292409729003906,-0.00165732421875,0.0
,4121,,,,,66.668701171875,22.467041015625,0.9334878662109375,0.035736053466796876,0.0
,4122,,,,,71.6400146484375,31.072998046875,0.9166038757324219,0.10223618774414063,0.0
,4123,,,,,62.7777099609375,31.072998046875,0.9210579345703125,0.1774372741699219,0.0
,4124,,,,,67.7398681640625,39.6697998046875,0.9118390686035156,0.2424872497558594,0.0
,4125,,,,,58.4381103515625,39.6697998046875,0.9147393859863282,0.3103339599609375,0.0
,4126,,,,,60.7818603515625,43.7347412109375,0.908213671875,0.3839813049316406,0.0
,4127,,,,,54.0618896484375,43.7347412109375,0.8968195678710937,0.42883264160156254,0.0
,4128,,,,,57.659912109375,49.9603271484375,0.89329775390625,0.4851816650390625,0.0
,4129,,,,,47.4334716796875,49.9603271484375,0.8655375732421875,0.5135633422851563,0.0
,4130,,,,,11.3067626953125,51.8096923828125,0.8524861450195312,0.5747807556152343,0.0
,4131,,,,,27.5482177734375,55.3802490234375,0.8075312255859375,0.5936328186035157,0.0
,4132,,,,,29.5806884765625,58.8958740234375,0.8083598876953125,0.6307154479980469,0.0
,4133,,,,,26.4862060546875,62.7227783203125,0.7192787109375001,0.5971546325683594,0.0
,4134,,,,,28.3172607421875,65.8905029296875,0.7096455139160156,0.6557824768066406,0.0
,4135,,,,,16.51611328125,68.8018798828125,0.6334085998535156,0.6673837463378907,0.0
,4136,,,,,17.9534912109375,71.2921142578125,0.6065806640625,0.7052950378417969,0.0
,4137,,,,,8.349609375,73.187255859375,0.5142884216308594,0.7153425659179687,0.0
,4138,,,,,9.1278076171875,74.5330810546875,0.4620827087402344,0.7807032897949219,0.0
,4139,,,,,-0.439453125,75.347900390625,0.4026262023925781,0.8090849670410156,0.0
,4140,,,,,0.0,76.1077880859375,0.3568426208496094,0.8640874145507813,0.0
,4141,,,,,-4.6234130859375,76.28173828125,0.24424815673828126,0.8576652832031251,0.0
,4142,,,,,-4.8980712890625,75.8148193359375,0.18883137817382814,0.8995127197265625,0.0
,4143,,,,,-11.3800048828125,74.8260498046875,0.10503292236328125,0.89992705078125,0.0
,4144,,,,,-12.2039794921875,73.406982421875,0.0542773681640625,0.9213686828613281,0.0
,4145,,,,,-17.17529296875,71.5850830078125,-0.0023824035644531253,0.9343165283203125,0.0
,4146,,,,,-18.20068359375,69.8089599609375,-0.04547283325195313,0.9258227416992187,0.0
,4147,,,,,-23.3367919921875,67.8863525390625,-0.07841215209960938,0.9124605651855469,0.0
,4148,,,,,-28.8116455078125,65.80810546875,-0.1289605407714844,0.8992019714355469,0.0
,4149,,,,,-35.1104736328125,63.2080078125,-0.18385940551757812,0.881696484375,0.0
,4150,,,,,-40.850830078125,61.0931396484375,-0.20820135498046877,0.8504144897460938,0.0
,4151,,,,,-45.6573486328125,58.941650390625,-0.25543509521484375,0.8183038330078125,0.0
,4152,,,,,-49.713134765625,56.8634033203125,-0.3342615783691406,0.7869182556152344,0.0
,4153,,,,,-55.535888671875,51.251220703125,-0.4220997619628906,0.7363698669433594,0.0
,4154,,,,,-57.3760986328125,51.251220703125,-0.47088724365234375,0.7207288696289063,0.0
,4155,,,,,-61.7340087890625,45.22705078125,-0.5475384887695313,0.6887217956542969,0.0
,4156,,,,,-62.2100830078125,45.22705078125,-0.6096881469726563,0.6424203002929688,0.0
,4157,,,,,-67.0623779296875,37.3077392578125,-0.6822996643066407,0.5920790771484375,0.0
,4158,,,,,-66.6229248046875,37.3077392578125,-0.7282904113769532,0.5517853820800781,0.0
,4159,,,,,-68.22509765625,33.36181640625,-0.7809104553222657,0.5084877868652344,0.0
,4160,,,,,-67.12646484375,33.36181640625,-0.8302158508300782,0.4573179016113281,0.0
,4161,,,,,-70.12939453125,26.07421875,-0.8721668701171875,0.423446337890625,0.0
,4162,,,,,-67.8131103515625,26.07421875,-0.8940228332519532,0.41598837890625,0.0
,4163,,,,,-71.8963623046875,14.849853515625,-0.9260299072265625,0.36999763183593753,0.0
,4164,,,,,-86.6912841796875,-14.8773193359375,-0.9450891357421876,0.34544851684570316,0.0
,4165,,,,,-77.6641845703125,-3.84521484375,-0.9434318115234376,0.29655745239257814,0.0
,4166,,,,,-74.139404296875,-3.84521484375,-0.9503718566894531,0.2690044372558594,0.0
,4167,,,,,-74.6795654296875,-9.7686767578125,-0.9654949401855469,0.19680725097656251,0.0
,4168,,,,,-71.96044921875,-9.7686767578125,-0.9412565734863282,0.17018648071289064,0.0
,4169,,,,,-75.0823974609375,-20.159912109375,-0.9660128540039062,0.08048380737304688,0.0
,4170,,,,,-67.364501953125,-20.159912109375,-0.9457106323242188,0.051791381835937504,0.0
,4171,,,,,-72.47314453125,-29.00390625,-0.9669450988769531,-0.046301495361328125,0.0
,4172,,,,,-64.910888671875,-29.00390625,-0.9536865051269532,-0.11218013305664062,0.0
,4173,,,,,-70.0836181640625,-37.9669189453125,-0.9589692260742188,-0.18385940551757812,0.0
,4174,,,,,-60.1226806640625,-37.9669189453125,-0.9478858703613282,-0.236168701171875,0.0
,4175,,,,,-62.896728515625,-42.7642822265625,-0.9403243286132813,-0.3227638916015625,0.0
,4176,,,,,-57.0098876953125,-42.7642822265625,-0.9086280029296875,-0.36626865234375,0.0
,4177,,,,,-60.2874755859375,-48.4222412109375,-0.8740313598632813,-0.42738248291015624,0.0
,4178,,,,,-51.6448974609375,-48.4222412109375,-0.8637766662597657,-0.4696442504882813,0.0
,4179,,,,,-52.2125244140625,-49.4110107421875,-0.8388132202148437,-0.522885791015625,0.0
,4180,,,,,-41.5191650390625,-52.130126953125,-0.8273155334472656,-0.5350049743652344,0.0
,4181,,,,,-43.450927734375,-55.4718017578125,-0.8032843322753906,-0.5727091003417969,0.0
,4182,,,,,-29.77294921875,-59.6649169921875,-0.7820498657226562,-0.5993298706054687,0.0
,4183,,,,,-32.3455810546875,-64.1143798828125,-0.7316050598144531,-0.6295760375976562,0.0
,4184,,,,,-21.78955078125,-67.254638671875,-0.686960888671875,-0.6559896423339844,0.0
,4185,,,,,-23.40087890625,-70.037841796875,-0.6347551757812501,-0.6958690063476562,0.0
,4186,,,,,-12.5244140625,-72.5372314453125,-0.5655618896484376,-0.7211432006835937,0.0
,4187,,,,,-13.58642578125,-74.3682861328125,-0.5094200317382813,-0.7592616577148438,0.0
,4188,,,,,-5.438232421875,-75.567626953125,-0.4190958618164063,-0.7843286865234376,0.0
,4189,,,,,-5.950927734375,-76.46484375,-0.3528028930664063,-0.8133318603515626,0.0
,4190,,,,,1.8402099609375,-77.0416259765625,-0.3178955017089844,-0.8726847839355469,0.0
,4191,,,,,1.7120361328125,-77.2430419921875,-0.22487817993164064,-0.8779675048828125,0.0
,4192,,,,,5.767822265625,-76.849365234375,-0.11735927124023438,-0.8628444213867188,0.0
,4193,,,,,6.2255859375,-76.0528564453125,-0.0642213134765625,-0.8773460083007812,0.0
,4194,,,,,13.3758544921875,-74.4781494140625,-0.00393614501953125,-0.8919511779785156,0.0
,4195,,,,,14.3829345703125,-72.7294921875,0.02465269775390625,-0.908213671875,0.0
,4196,,,,,18.0908203125,-70.78857421875,0.07841215209960938,-0.9043811096191406,0.0
,4197,,,,,22.8973388671875,-69.0673828125,0.08856326293945313,-0.9150501342773438,0.0
,4198,,,,,28.30810546875,-66.90673828125,0.14853768310546875,-0.9025166198730469,0.0
,4199,,,,,34.24072265625,-64.2242431640625,0.17557278442382812,-0.8861505432128907,0.0
,4200,,,,,39.7979736328125,-61.8988037109375,0.23502929077148438,-0.8590118591308594,0.0
,4201,,,,,44.036865234375,-60.0677490234375,0.2681757751464844,-0.8451317687988281,0.0
,4202,,,,,49.658203125,-55.04150390625,0.3347794921875,-0.8105351257324219,0.0
,4203,,,,,51.6357421875,-55.04150390625,0.37724842529296876,-0.7844322692871094,0.0
,4204,,,,,57.71484375,-47.9736328125,0.4717159057617188,-0.7482818847656251,0.0
,4205,,,,,59.1156005859375,-47.9736328125,0.522885791015625,-0.7190715454101563,0.0
,4206,,,,,63.4368896484375,-41.5283203125,0.592493408203125,-0.6861322265625001,0.0
,4207,,,,,63.6566162109375,-41.5283203125,0.6523642456054688,-0.6485316833496094,0.0
,4208,,,,,67.8955078125,-34.185791015625,0.7163783935546876,-0.5913539978027343,0.0
,4209,,,,,67.474365234375,-34.185791015625,0.7768707275390625,-0.5397697814941407,0.0
,4210,,,,,69.5892333984375,-29.3243408203125,0.8005911804199219,-0.501340576171875,0.0
,4211,,,,,68.170166015625,-29.3243408203125,0.8333233337402344,-0.4641543640136719,0.0
,4212,,,,,71.8231201171875,-19.51904296875,0.8753779357910156,-0.42044243774414064,0.0
,4213,,,,,69.3878173828125,-19.51904296875,0.8869792053222657,-0.39143926391601563,0.0
,4214,,,,,73.6724853515625,-8.4503173828125,0.9063491821289062,-0.36295400390625,0.0
,4215,,,,,70.9991455078125,-8.4503173828125,0.9334878662109375,-0.32763228149414064,0.0
,4216,,,,,75.384521484375,5.0445556640625,0.9037596130371094,-0.30505123901367187,0.0
,4217,,,,,71.9696044921875,5.0445556640625,0.9308982971191406,-0.26061423339843753,0.0
,4218,,,,,74.8992919921875,15.802001953125,0.9096638305664063,-0.19670366821289062,0.0
,4219,,,,,67.1539306640625,15.802001953125,0.9464357116699219,-0.1006824462890625,0.0
,4220,,,,,73.5076904296875,26.7974853515625,0.9235439208984375,-0.0451620849609375,0.0
,4221,,,,,66.302490234375,26.7974853515625,0.9407386596679688,0.010876190185546876,0.0
,4222,,,,,70.8892822265625,34.735107421875,0.9129784790039063,0.0795515625,0.0
,4223,,,,,62.530517578125,34.735107421875,0.9244761657714844,0.16428226318359376,0.0
,4224,,,,,66.9525146484375,42.4072265625,0.9026202026367188,0.23306121826171874,0.0
,4225,,,,,59.197998046875,42.4072265625,0.8973374816894532,0.28609559326171874,0.0
,4226,,,,,61.3494873046875,46.124267578125,0.8788997497558594,0.3567390380859375,0.0
,4227,,,,,54.9224853515625,46.124267578125,0.8776567565917969,0.42572515869140626,0.0
,4228,,,,,58.355712890625,52.0660400390625,0.85683662109375,0.48663182373046876,0.0
,4229,,,,,48.2574462890625,52.0660400390625,0.8305265991210937,0.5259932739257812,0.0
,4230,,,,,12.8265380859375,53.7506103515625,0.8249331298828125,0.5732270141601563,0.0
,4231,,,,,21.35009765625,57.1746826171875,0.7608153991699219,0.5631794860839844,0.0
,4232,,,,,23.73046875,61.3037109375,0.7689984375000001,0.6210822509765626,0.0
,4233,,,,,28.2440185546875,64.837646484375,0.7175178039550781,0.6184926818847657,0.0
,4234,,,,,29.736328125,67.41943359375,0.69110419921875,0.6684195739746094,0.0
,4235,,,,,18.49365234375,70.3582763671875,0.5885572631835938,0.6578541320800781,0.0
,4236,,,,,20.1141357421875,73.1689453125,0.5573788513183594,0.696904833984375,0.0
,4237,,,,,11.09619140625,75.1007080078125,0.46695109863281253,0.735023291015625,0.0
,4238,,,,,11.7919921875,76.318359375,0.4303863830566406,0.8028700012207032,0.0
,4239,,,,,2.581787109375,76.885986328125,0.3602608520507813,0.8202719055175781,0.0
,4240,,,,,2.8472900390625,77.34375,0.30805513916015625,0.8599441040039063,0.0
,4241,,,,,-1.2542724609375,77.30712890625,0.18872779541015625,0.8687486389160156,0.0
,4242,,,,,-1.4556884765625,76.959228515625,0.13082503051757813,0.8954729919433594,0.0
,4243,,,,,-6.84814453125,75.8697509765625,0.08669877319335938,0.9357666870117188,0.0
,4244,,,,,-7.8460693359375,74.139404296875,0.0430904296875,0.9539972534179688,0.0
,4245,,,,,-14.7491455078125,72.0062255859375,-0.009011700439453126,0.9446748046875,0.0
,4246,,,,,-16.00341796875,69.83642578125,-0.04858031616210938,0.9469536254882813,0.0
,4247,,,,,-20.8465576171875,67.1356201171875,-0.09115283203125,0.9343165283203125,0.0
,4248,,,,,-26.18408203125,64.78271484375,-0.13703999633789063,0.9195041931152345,0.0
,4249,,,,,-32.574462890625,61.9903564453125,-0.19887890625000001,0.8964052368164063,0.0
,4250,,,,,-38.3056640625,59.381103515625,-0.24414457397460937,0.8646053283691406,0.0
,4251,,,,,-42.7642822265625,57.366943359375,-0.29552162475585936,0.8515539001464844,0.0
,4252,,,,,-46.7559814453125,55.5816650390625,-0.36689014892578126,0.7895078247070313,0.0
,4253,,,,,-52.84423828125,49.9603271484375,-0.41547046508789065,0.7607118164062501,0.0
,4254,,,,,-54.6478271484375,49.9603271484375,-0.4594931396484375,0.7382343566894531,0.0
,4255,,,,,-59.2529296875,44.0826416015625,-0.5447417541503906,0.6858214782714844,0.0
,4256,,,,,-60.076904296875,44.0826416015625,-0.6009871948242188,0.6598222045898438,0.0
,4257,,,,,-65.020751953125,35.99853515625,-0.6565075561523438,0.6135207092285156,0.0
,4258,,,,,-64.78271484375,35.99853515625,-0.7188643798828125,0.5563430236816407,0.0
,4259,,,,,-66.6961669921875,31.3018798828125,-0.7585365783691407,0.5223678771972656,0.0
,4260,,,,,-66.0919189453125,31.3018798828125,-0.7843286865234376,0.5036193969726562,0.0
,4261,,,,,-69.2230224609375,23.9044189453125,-0.8208934020996094,0.44323064575195315,0.0
,4262,,,,,-67.0806884765625,23.9044189453125,-0.851035986328125,0.4087375854492188,0.0
,4263,,,,,-71.0540771484375,13.2568359375,-0.887497119140625,0.3701012145996094,0.0
,4264,,,,,-83.7890625,-13.2843017578125,-0.8963016540527344,0.3582927795410156,0.0
,4265,,,,,-74.5880126953125,-2.45361328125,-0.9070742614746095,0.31323427734375003,0.0
,4266,,,,,-71.3836669921875,-2.45361328125,-0.904070361328125,0.28733858642578125,0.0
,4267,,,,,-73.5992431640625,-11.114501953125,-0.9283087280273438,0.19691083374023438,0.0
,4268,,,,,-66.6046142578125,-11.114501953125,-0.9212651000976563,0.18261641235351564,0.0
,4269,,,,,-72.8302001953125,-21.9085693359375,-0.9351451904296876,0.09892153930664063,0.0
,4270,,,,,-66.5771484375,-21.9085693359375,-0.910699658203125,0.0708506103515625,0.0
,4271,,,,,-71.44775390625,-30.340576171875,-0.9167074584960938,-0.02548135986328125,0.0
,4272,,,,,-63.6474609375,-30.340576171875,-0.9104924926757813,-0.09249940795898438,0.0
,4273,,,,,-69.012451171875,-39.642333984375,-0.9105960754394532,-0.15692788696289062,0.0
,4274,,,,,-61.23046875,-39.642333984375,-0.8890508605957032,-0.20571536865234374,0.0
,4275,,,,,-63.1256103515625,-42.919921875,-0.8726847839355469,-0.30991962890625,0.0
,4276,,,,,-57.5592041015625,-42.919921875,-0.8320803405761719,-0.36409341430664066,0.0
,4277,,,,,-60.6536865234375,-48.2666015625,-0.8053559875488282,-0.43204370727539065,0.0
,4278,,,,,-53.21044921875,-48.2666015625,-0.8105351257324219,-0.45856089477539064,0.0
,4279,,,,,-53.5858154296875,-48.907470703125,-0.8014198425292969,-0.5200890563964844,0.0
,4280,,,,,-41.7205810546875,-52.130126953125,-0.7812212036132813,-0.5321046569824219,0.0
,4281,,,,,-43.9361572265625,-55.95703125,-0.7591580749511719,-0.5602791687011719,0.0
,4282,,,,,-31.45751953125,-59.6649169921875,-0.7257008422851563,-0.5738485107421876,0.0
,4283,,,,,-33.5540771484375,-63.299560546875,-0.6900683715820313,-0.6224288269042969,0.0
,4284,,,,,-22.833251953125,-66.595458984375,-0.6396235656738282,-0.658786376953125,0.0
,4285,,,,,-24.6551513671875,-69.744873046875,-0.5881429321289062,-0.6883074645996093,0.0
,4286,,,,,-15.7379150390625,-72.381591796875,-0.5283756774902344,-0.6907934509277344,0.0
,4287,,,,,-16.6900634765625,-74.0386962890625,-0.4728553161621094,-0.7390630187988282,0.0
,4288,,,,,-7.6812744140625,-75.3753662109375,-0.3950646606445313,-0.7610225646972657,0.0
,4289,,,,,-8.3038330078125,-76.446533203125,-0.29966493530273436,-0.7768707275390625,0.0
,4290,,,,,-1.812744140625,-76.6754150390625,-0.2506702880859375,-0.8475141723632813,0.0
,4291,,,,,-1.46484375,-76.0711669921875,-0.1728796325683594,-0.8662626525878907,0.0
,4292,,,,,3.84521484375,-75.0457763671875,-0.11052280883789063,-0.8890508605957032,0.0
,4293,,,,,4.412841796875,-74.0570068359375,-0.05821351318359375,-0.8986840576171875,0.0
,4294,,,,,11.0595703125,-72.39990234375,0.01015111083984375,-0.8989948059082031,0.0
,4295,,,,,12.1307373046875,-70.5413818359375,0.023927618408203125,-0.9260299072265625,0.0
,4296,,,,,15.435791015625,-68.6187744140625,0.06815745849609375,-0.9200221069335938,0.0
,4297,,,,,21.6339111328125,-66.1285400390625,0.08390203857421875,-0.918986279296875,0.0
,4298,,,,,27.64892578125,-64.031982421875,0.14532661743164063,-0.8915368469238282,0.0
,4299,,,,,32.7850341796875,-62.8509521484375,0.14563736572265626,-0.8809714050292969,0.0
,4300,,,,,38.470458984375,-60.845947265625,0.21959545898437502,-0.8498965759277344,0.0
,4301,,,,,43.4326171875,-58.3648681640625,0.25346702270507815,-0.8203754882812501,0.0
,4302,,,,,50.079345703125,-52.6153564453125,0.32587137451171877,-0.7948941284179688,0.0
,4303,,,,,52.8167724609375,-52.6153564453125,0.3529064758300781,-0.7825677795410156,0.0
,4304,,,,,58.0078125,-46.636962890625,0.4088411682128906,-0.7697235168457032,0.0
,4305,,,,,59.2437744140625,-46.636962890625,0.4682976745605469,-0.7378200256347657,0.0
,4306,,,,,64.7552490234375,-39.1387939453125,0.5474349060058594,-0.6835426574707032,0.0
,4307,,,,,65.1123046875,-39.1387939453125,0.6010907775878906,-0.632269189453125,0.0
,4308,,,,,68.994140625,-31.7596435546875,0.6762918640136719,-0.5823422973632812,0.0
,4309,,,,,68.2342529296875,-31.7596435546875,0.7153425659179687,-0.5602791687011719,0.0
,4310,,,,,70.6695556640625,-25.7537841796875,0.7662017028808594,-0.5203998046875,0.0
,4311,,,,,69.122314453125,-25.7537841796875,0.8001768493652344,-0.4956435241699219,0.0
,4312,,,,,71.7681884765625,-18.0267333984375,0.8466855102539063,-0.4366013488769531,0.0
,4313,,,,,69.3878173828125,-18.0267333984375,0.877553173828125,-0.3920607604980469,0.0
,4314,,,,,73.7548828125,-5.2276611328125,0.8900866882324219,-0.37445169067382816,0.0
,4315,,,,,70.49560546875,-5.2276611328125,0.8938156677246094,-0.35021332397460936,0.0
,4316,,,,,74.4232177734375,5.9783935546875,0.9151537170410157,-0.2869242553710938,0.0
,4317,,,,,67.950439453125,5.9783935546875,0.9267549865722656,-0.2287107421875,0.0
,4318,,,,,75.128173828125,18.4112548828125,0.9048990234375001,-0.1702900634765625,0.0
,4319,,,,,69.32373046875,18.4112548828125,0.9253048278808594,-0.08928834228515625,0.0
,4320,,,,,74.3865966796875,27.1820068359375,0.9013772094726563,-0.02216671142578125,0.0
,4321,,,,,66.8243408203125,27.1820068359375,0.9190898620605469,0.04961614379882812,0.0
,4322,,,,,71.88720703125,35.943603515625,0.9045882751464844,0.11870584716796875,0.0
,4323,,,,,64.5263671875,35.943603515625,0.9070742614746095,0.19504634399414064,0.0
,4324,,,,,66.83349609375,39.9444580078125,0.8683343078613281,0.2548135986328125,0.0
,4325,,,,,60.8184814453125,39.9444580078125,0.8678163940429687,0.33498665771484376,0.0
,4326,,,,,63.8946533203125,45.281982421875,0.8589082763671875,0.41122357177734375,0.0
,4327,,,,,57.952880859375,45.281982421875,0.85683662109375,0.47420189208984376,0.0
,4328,,,,,60.3240966796875,49.383544921875,0.8509324035644531,0.5208141357421875,0.0
,4329,,,,,48.8067626953125,49.383544921875,0.8287656921386719,0.5410127746582032,0.0
,4330,,,,,10.1348876953125,52.7252197265625,0.8138497741699219,0.574262841796875,0.0
,4331,,,,,27.6580810546875,56.8450927734375,0.741652587890625,0.5551000305175782,0.0
,4332,,,,,29.736328125,60.4522705078125,0.740927508544922,0.6242933166503907,0.0
,4333,,,,,29.425048828125,63.6932373046875,0.6802280090332031,0.6378626586914062,0.0
,4334,,,,,31.146240234375,66.668701171875,0.6628261047363282,0.6901719543457031,0.0
,4335,,,,,19.9676513671875,69.3695068359375,0.5719840209960938,0.665415673828125,0.0
,4336,,,,,21.368408203125,71.795654296875,0.5470205749511718,0.7323301391601563,0.0
,4337,,,,,12.6983642578125,73.13232421875,0.46291137084960937,0.7793567138671875,0.0
,4338,,,,,13.1378173828125,73.8922119140625,0.4283147277832031,0.8400562133789062,0.0
,4339,,,,,3.5888671875,74.70703125,0.38128815307617187,0.8689558044433594,0.0
,4340,,,,,3.80859375,75.091552734375,0.33001468505859377,0.9109068237304688,0.0
,4341,,,,,-1.226806640625,74.5880126953125,0.22632833862304688,0.9115283203125,0.0
,4342,,,,,-1.336669921875,74.395751953125,0.17256888427734376,0.9310018798828126,0.0
,4343,,,,,-8.9080810546875,73.7548828125,0.12419573364257813,0.9481966186523437,0.0
,4344,,,,,-9.4024658203125,72.8851318359375,0.07727274169921876,0.9576226501464844,0.0
,4345,,,,,-15.087890625,71.22802734375,0.029106756591796876,0.9629053710937501,0.0
,4346,,,,,-16.11328125,69.4427490234375,-0.004868389892578125,0.967980926513672,0.0
,4347,,,,,-22.1099853515625,67.291259765625,-0.07613333129882813,0.930691131591797,0.0
,4348,,,,,-28.30810546875,65.130615234375,-0.1155983642578125,0.9204364379882812,0.0
,4349,,,,,-33.7738037109375,62.860107421875,-0.1476054382324219,0.9075921752929688,0.0
,4350,,,,,-39.111328125,60.223388671875,-0.20354013061523438,0.8783818359375001,0.0
,4351,,,,,-46.5179443359375,54.0252685546875,-0.23451137695312502,0.8611870971679688,0.0
,4352,,,,,-49.658203125,54.0252685546875,-0.3003900146484375,0.8149891845703126,0.0
,4353,,,,,-55.096435546875,48.687744140625,-0.37186212158203125,0.7835000244140625,0.0
,4354,,,,,-56.9091796875,48.687744140625,-0.4347368591308594,0.7489033813476563,0.0
,4355,,,,,-62.6220703125,41.363525390625,-0.49626502075195317,0.7114064208984375,0.0
,4356,,,,,-63.8397216796875,41.363525390625,-0.5487814819335938,0.6831283264160156,0.0
,4357,,,,,-68.5821533203125,34.1217041015625,-0.6142457885742187,0.6257434753417969,0.0
,4358,,,,,-68.280029296875,34.1217041015625,-0.6789850158691406,0.57011953125,0.0
,4359,,,,,-71.246337890625,28.9947509765625,-0.7355412048339844,0.5044480590820313,0.0
,4360,,,,,-70.440673828125,28.9947509765625,-0.7530466918945313,0.48456016845703126,0.0
,4361,,,,,-72.4273681640625,23.14453125,-0.8086706359863282,0.44022674560546876,0.0
,4362,,,,,-70.5596923828125,23.14453125,-0.8423350341796876,0.43711926269531254,0.0
,4363,,,,,-74.81689453125,11.865234375,-0.8716489562988281,0.391957177734375,0.0
,4364,,,,,-85.3729248046875,-11.8927001953125,-0.8818000671386719,0.3676152282714844,0.0
,4365,,,,,-77.1697998046875,-3.057861328125,-0.9194006103515625,0.29966493530273436,0.0
,4366,,,,,-73.974609375,-3.057861328125,-0.930691131591797,0.25678167114257816,0.0
,4367,,,,,-76.2542724609375,-12.2406005859375,-0.9543080017089844,0.17754085693359375,0.0
,4368,,,,,-69.3511962890625,-12.2406005859375,-0.9352487731933594,0.15516697998046874,0.0
,4369,,,,,-75.2197265625,-22.412109375,-0.9536865051269532,0.05365587158203125,0.0
,4370,,,,,-70.1019287109375,-22.412109375,-0.9326592041015626,0.012119183349609375,0.0
,4371,,,,,-74.6337890625,-30.2581787109375,-0.9132892272949219,-0.0696076171875,0.0
,4372,,,,,-67.3736572265625,-30.2581787109375,-0.8909153503417969,-0.1073117431640625,0.0
,4373,,,,,-72.10693359375,-38.4521484375,-0.9093530822753907,-0.18303074340820313,0.0
,4374,,,,,-64.764404296875,-38.4521484375,-0.8793140808105468,-0.24497323608398439,0.0
,4375,,,,,-66.4947509765625,-41.4459228515625,-0.8913296813964844,-0.35124915161132814,0.0
,4376,,,,,-59.9761962890625,-41.4459228515625,-0.8754815185546875,-0.3923715087890625,0.0
,4377,,,,,-63.5833740234375,-47.698974609375,-0.8639838317871094,-0.4645686950683594,0.0
,4378,,,,,-54.9407958984375,-47.698974609375,-0.8478249206542969,-0.4985438415527344,0.0
,4379,,,,,-55.3619384765625,-48.4222412109375,-0.8534183898925781,-0.5644224792480469,0.0
,4380,,,,,-44.4854736328125,-51.89208984375,-0.8334269165039063,-0.5823422973632812,0.0
,4381,,,,,-46.527099609375,-55.426025390625,-0.8146784362792969,-0.6292652893066406,0.0
,4382,,,,,-32.391357421875,-59.80224609375,-0.7798746276855469,-0.6472886901855469,0.0
,4383,,,,,-34.53369140625,-63.5101318359375,-0.7206252868652344,-0.6651049255371094,0.0
,4384,,,,,-24.3896484375,-66.24755859375,-0.6965940856933593,-0.703637713623047,0.0
,4385,,,,,-25.8544921875,-68.7744140625,-0.628954541015625,-0.7356447875976563,0.0
,4386,,,,,-15.179443359375,-71.2188720703125,-0.5807885559082031,-0.7682733581542969,0.0
,4387,,,,,-16.36962890625,-73.27880859375,-0.5233001220703125,-0.8016270080566407,0.0
,4388,,,,,-7.4432373046875,-74.1668701171875,-0.4414697387695313,-0.8214113159179688,0.0
,4389,,,,,-8.02001953125,-75.164794921875,-0.3745552734375,-0.842024285888672,0.0
,4390,,,,,1.995849609375,-75.933837890625,-0.3046369079589844,-0.8561115417480469,0.0
,4391,,,,,1.8402099609375,-76.20849609375,-0.2432123291015625,-0.8824215637207031,0.0
,4392,,,,,6.353759765625,-75.7598876953125,-0.15734221801757814,-0.9084208374023438,0.0
,4393,,,,,6.866455078125,-74.871826171875,-0.09063491821289063,-0.9238546691894531,0.0
,4394,,,,,14.3829345703125,-73.3795166015625,-0.0111869384765625,-0.9168110412597656,0.0
,4395,,,,,15.3350830078125,-71.74072265625,0.0136729248046875,-0.9432246459960938,0.0
,4396,,,,,17.724609375,-69.818115234375,0.0816232177734375,-0.9353523559570313,0.0
,4397,,,,,22.8057861328125,-67.6300048828125,0.07385451049804688,-0.9688095886230469,0.0
,4398,,,,,28.326416015625,-65.0665283203125,0.11031564331054688,-0.9582441467285157,0.0
,4399,,,,,34.9273681640625,-62.3291015625,0.1454302001953125,-0.9441568908691407,0.0
,4400,,,,,41.2078857421875,-59.527587890625,0.19369976806640626,-0.9232331726074219,0.0
,4401,,,,,46.0418701171875,-57.0648193359375,0.23067881469726564,-0.8965088195800781,0.0
,4402,,,,,52.6519775390625,-51.0955810546875,0.30722647705078127,-0.8582867797851563,0.0
,4403,,,,,55.6549072265625,-51.0955810546875,0.33881921997070313,-0.8224471435546875,0.0
,4404,,,,,61.2762451171875,-45.37353515625,0.4036620300292969,-0.7889899108886719,0.0
,4405,,,,,62.3748779296875,-45.37353515625,0.4694370849609375,-0.7425848327636719,0.0
,4406,,,,,67.4468994140625,-37.774658203125,0.5467098266601562,-0.6958690063476562,0.0
,4407,,,,,67.6300048828125,-37.774658203125,0.6166281921386719,-0.6177676025390625,0.0
,4408,,,,,71.1090087890625,-32.025146484375,0.6713198913574219,-0.5771631591796875,0.0
,4409,,,,,70.367431640625,-32.025146484375,0.7495248779296875,-0.5283756774902344,0.0
,4410,,,,,71.795654296875,-27.6031494140625,0.7951012939453125,-0.5041373107910156,0.0
,4411,,,,,70.01953125,-27.6031494140625,0.8426457824707031,-0.45058502197265626,0.0
,4412,,,,,73.4619140625,-17.156982421875,0.8850111328125,-0.42924697265625,0.0
,4413,,,,,70.6878662109375,-17.156982421875,0.9108032409667969,-0.38978193969726566,0.0
,4414,,,,,74.6795654296875,-5.987548828125,0.9054169372558594,-0.3465879272460938,0.0
,4415,,,,,71.59423828125,-5.987548828125,0.9257191589355469,-0.3003900146484375,0.0
,4416,,,,,75.5218505859375,6.7108154296875,0.9016879577636719,-0.2789483825683594,0.0
,4417,,,,,72.36328125,6.7108154296875,0.9266514038085938,-0.21773096923828125,0.0
,4418,,,,,75.5126953125,16.0400390625,0.9197113586425781,-0.14636244506835938,0.0
,4419,,,,,70.2392578125,16.0400390625,0.9359738525390625,-0.06473922729492188,0.0
,4420,,,,,75.3387451171875,24.8748779296875,0.9383562561035157,0.002589569091796875,0.0
,4421,,,,,67.8131103515625,24.8748779296875,0.945503466796875,0.07240435180664062,0.0
,4422,,,,,72.308349609375,32.6568603515625,0.9317269592285157,0.14936634521484377,0.0
,4423,,,,,64.727783203125,32.6568603515625,0.9459177978515625,0.23637586669921876,0.0
,4424,,,,,67.8497314453125,38.0584716796875,0.9187791137695313,0.2855776794433594,0.0
,4425,,,,,60.4888916015625,38.0584716796875,0.9215758483886719,0.35435663452148436,0.0
,4426,,,,,63.2537841796875,42.8558349609375,0.9230260070800782,0.4334938659667969,0.0
,4427,,,,,56.57958984375,42.8558349609375,0.9093530822753907,0.48052044067382815,0.0
,4428,,,,,59.307861328125,47.5799560546875,0.9171217895507813,0.549402978515625,0.0
,4429,,,,,46.4447021484375,47.5799560546875,0.879210498046875,0.57177685546875,0.0
,4430,,,,,10.2996826171875,50.72021484375,0.8683343078613281,0.6118633850097657,0.0
,4431,,,,,25.2044677734375,54.16259765625,0.8116745361328125,0.5914575805664063,0.0
,4432,,,,,27.3468017578125,57.8704833984375,0.7866075073242188,0.6299903686523438,0.0
,4433,,,,,27.099609375,61.7340087890625,0.7173106384277343,0.6374483276367188,0.0
,4434,,,,,29.022216796875,65.07568359375,0.6956618408203126,0.6900683715820313,0.0
,4435,,,,,18.8232421875,67.913818359375,0.6084451538085938,0.6752560363769532,0.0
,4436,,,,,20.306396484375,70.477294921875,0.5923898254394532,0.7055022033691406,0.0
,4437,,,,,9.576416015625,72.2625732421875,0.491396630859375,0.7371985290527344,0.0
,4438,,,,,10.418701171875,73.71826171875,0.45887164306640627,0.8077383911132813,0.0
,4439,,,,,1.959228515625,74.3408203125,0.4007617126464844,0.8438887756347656,0.0
,4440,,,,,2.1331787109375,74.652099609375,0.34078729248046874,0.8771388427734376,0.0
,4441,,,,,-5.3466796875,74.688720703125,0.2620643920898438,0.8987876403808595,0.0
,4442,,,,,-5.767822265625,73.9654541015625,0.20985867919921875,0.922300927734375,0.0
,4443,,,,,-11.5264892578125,72.821044921875,0.14480870361328124,0.9360774353027344,0.0
,4444,,,,,-12.451171875,71.209716796875,0.087009521484375,0.9522363464355469,0.0
,4445,,,,,-17.6055908203125,69.0765380859375,0.029003173828125,0.9410494079589844,0.0
,4446,,,,,-18.4295654296875,67.63916015625,-0.0023824035644531253,0.9375275939941407,0.0
,4447,,,,,-23.3917236328125,65.80810546875,-0.0807945556640625,0.9072814270019531,0.0
,4448,,,,,-29.3701171875,63.2720947265625,-0.11653060913085937,0.8924690917968751,0.0
,4449,,,,,-35.4949951171875,60.7086181640625,-0.14770902099609376,0.8662626525878907,0.0
,4450,,,,,-40.2557373046875,58.7677001953125,-0.19908607177734375,0.8447174377441407,0.0
,4451,,,,,-46.8475341796875,53.4576416015625,-0.25346702270507815,0.8149891845703126,0.0
,4452,,,,,-50.244140625,53.4576416015625,-0.3191384948730469,0.776456396484375,0.0
,4453,,,,,-55.8929443359375,48.6602783203125,-0.3684438903808594,0.75076787109375,0.0
,4454,,,,,-57.6324462890625,48.6602783203125,-0.44333422851562504,0.7011517272949219,0.0
,4455,,,,,-62.36572265625,43.304443359375,-0.5252681945800781,0.6453206176757813,0.0
,4456,,,,,-63.3453369140625,43.304443359375,-0.59166474609375,0.5997442016601563,0.0
,4457,,,,,-68.2891845703125,35.55908203125,-0.6368268310546875,0.57840615234375,0.0
,4458,,,,,-68.2708740234375,35.55908203125,-0.6671765808105469,0.5613149963378906,0.0
,4459,,,,,-69.9371337890625,32.3089599609375,-0.7186572143554688,0.5086949523925781,0.0
,4460,,,,,-69.195556640625,32.3089599609375,-0.7750062377929687,0.457421484375,0.0
,4461,,,,,-72.2259521484375,24.6002197265625,-0.8315624267578126,0.41246656494140627,0.0
,4462,,,,,-70.01953125,24.6002197265625,-0.8617050109863281,0.4023154541015625,0.0
,4463,,,,,-73.956298828125,13.9434814453125,-0.9083172546386719,0.3437911926269531,0.0
,4464,,,,,-87.3321533203125,-13.970947265625,-0.9112175720214845,0.34493060302734374,0.0
,4465,,,,,-78.4149169921875,-3.40576171875,-0.93307353515625,0.28412752075195313,0.0
,4466,,,,,-74.9359130859375,-3.40576171875,-0.9279979797363281,0.25502076416015623,0.0
,4467,,,,,-75.640869140625,-9.7320556640625,-0.9441568908691407,0.17184380493164064,0.0
,4468,,,,,-70.0836181640625,-9.7320556640625,-0.9351451904296876,0.139215234375,0.0
,4469,,,,,-75.7781982421875,-19.5831298828125,-0.9491288635253906,0.047958819580078124,0.0
,4470,,,,,-68.0694580078125,-19.5831298828125,-0.9450891357421876,0.005904217529296875,0.0
,4471,,,,,-72.821044921875,-27.813720703125,-0.9667379333496094,-0.0890811767578125,0.0
,4472,,,,,-65.4052734375,-27.813720703125,-0.9360774353027344,-0.13807582397460938,0.0
,4473,,,,,-69.873046875,-35.55908203125,-0.955550994873047,-0.19670366821289062,0.0
,4474,,,,,-60.589599609375,-35.55908203125,-0.9237510864257813,-0.24549114990234375,0.0
,4475,,,,,-62.896728515625,-39.5416259765625,-0.9258227416992187,-0.3610895141601563,0.0
,4476,,,,,-57.75146484375,-39.5416259765625,-0.9076957580566406,-0.4115343200683594,0.0
,4477,,,,,-61.083984375,-45.3094482421875,-0.8659519042968751,-0.4498599426269531,0.0
,4478,,,,,-52.1026611328125,-45.3094482421875,-0.8396418823242188,-0.4746162231445313,0.0
,4479,,,,,-54.766845703125,-49.91455078125,-0.8217220642089844,-0.5157385803222656,0.0
,4480,,,,,-42.4072265625,-49.91455078125,-0.8152999328613282,-0.5537534545898438,0.0
,4481,,,,,-44.6502685546875,-53.814697265625,-0.7836036071777344,-0.5804778076171875,0.0
,4482,,,,,-25.7171630859375,-58.0718994140625,-0.7792531311035157,-0.6145565368652344,0.0
,4483,,,,,-28.0517578125,-62.127685546875,-0.7493177124023438,-0.6398307312011718,0.0
,4484,,,,,-21.8902587890625,-65.58837890625,-0.7239399353027344,-0.6832319091796876,0.0
,4485,,,,,-23.73046875,-68.7744140625,-0.6573362182617187,-0.7086096862792969,0.0
,4486,,,,,-12.322998046875,-71.1822509765625,-0.5846211181640625,-0.7279796630859375,0.0
,4487,,,,,-13.5040283203125,-73.223876953125,-0.5315867431640625,-0.7589509094238281,0.0
,4488,,,,,-4.5867919921875,-74.3316650390625,-0.4656045227050781,-0.7879540832519532,0.0
,4489,,,,,-4.9072265625,-74.89013671875,-0.3757982666015625,-0.7928224731445312,0.0
,4490,,,,,4.486083984375,-75.3204345703125,-0.31416652221679686,-0.8221363952636719,0.0
,4491,,,,,4.449462890625,-75.3936767578125,-0.23813677368164063,-0.8387096374511719,0.0
,4492,,,,,8.60595703125,-75.0457763671875,-0.18448090209960938,-0.8675056457519531,0.0
,4493,,,,,8.9996337890625,-74.3682861328125,-0.10099319458007813,-0.8716489562988281,0.0
,4494,,,,,15.6646728515625,-73.27880859375,-0.031281994628906254,-0.8867720397949219,0.0
,4495,,,,,16.424560546875,-71.96044921875,-0.000725079345703125,-0.9112175720214845,0.0
,4496,,,,,19.024658203125,-69.9920654296875,0.07975872802734375,-0.8934013366699219,0.0
,4497,,,,,24.0234375,-67.913818359375,0.09084208374023438,-0.9068670959472657,0.0
,4498,,,,,30.0933837890625,-64.7735595703125,0.1351755065917969,-0.8939192504882812,0.0
,4499,,,,,36.0443115234375,-61.9903564453125,0.1578601318359375,-0.8918475952148438,0.0
,4500,,,,,40.869140625,-59.7381591796875,0.2358579528808594,-0.8655375732421875,0.0
,4501,,,,,45.556640625,-57.952880859375,0.26682919921875003,-0.8293871887207032,0.0
,4502,,,,,51.89208984375,-52.166748046875,0.3278394470214844,-0.7865039245605469,0.0
,4503,,,,,54.5928955078125,-52.166748046875,0.35570321044921877,-0.768169775390625,0.0
,4504,,,,,60.003662109375,-46.8841552734375,0.40221187133789066,-0.7497320434570313,0.0
,4505,,,,,61.2030029296875,-46.8841552734375,0.4695406677246094,-0.6875823852539062,0.0
,4506,,,,,66.1376953125,-40.6951904296875,0.5539606201171875,-0.6417988037109376,0.0
,4507,,,,,66.778564453125,-40.6951904296875,0.6175604370117188,-0.6023337707519532,0.0
,4508,,,,,69.0673828125,-36.6668701171875,0.6716306396484375,-0.5699123657226562,0.0
,4509,,,,,68.5272216796875,-36.6668701171875,0.7354376220703125,-0.5081770385742188,0.0
,4510,,,,,71.136474609375,-30.2764892578125,0.793029638671875,-0.4788631164550781,0.0
,4511,,,,,68.8751220703125,-30.2764892578125,0.846167596435547,-0.44861694946289066,0.0
,4512,,,,,72.0794677734375,-20.2606201171875,0.8679199768066407,-0.4094626647949219,0.0
,4513,,,,,69.61669921875,-20.2606201171875,0.9058312683105469,-0.378698583984375,0.0
,4514,,,,,74.3682861328125,-8.1207275390625,0.9092494995117187,-0.34524135131835937,0.0
,4515,,,,,71.1456298828125,-8.1207275390625,0.9331771179199219,-0.30971246337890623,0.0
,4516,,,,,74.7161865234375,3.607177734375,0.9188826965332032,-0.269315185546875,0.0
,4517,,,,,71.9329833984375,3.607177734375,0.9316233764648438,-0.20084697875976562,0.0
,4518,,,,,75.0823974609375,13.604736328125,0.922404510498047,-0.14946992797851563,0.0
,4519,,,,,68.609619140625,13.604736328125,0.9384598388671875,-0.0828662109375,0.0
,4520,,,,,74.4781494140625,23.76708984375,0.93638818359375,-0.009218865966796875,0.0
,4521,,,,,67.694091796875,23.76708984375,0.9424995666503907,0.04277968139648437,0.0
,4522,,,,,72.47314453125,32.04345703125,0.9343165283203125,0.1081404052734375,0.0
,4523,,,,,63.336181640625,32.04345703125,0.9307947143554688,0.16811482543945314,0.0
,4524,,,,,68.206787109375,40.484619140625,0.9269621520996094,0.24393740844726564,0.0
,4525,,,,,59.5458984375,40.484619140625,0.9186755310058594,0.3056727355957031,0.0
,4526,,,,,61.8621826171875,44.5037841796875,0.9066599304199219,0.38563862915039065,0.0
,4527,,,,,54.8858642578125,44.5037841796875,0.9111139892578125,0.44954919433593754,0.0
,4528,,,,,58.2366943359375,50.299072265625,0.8978553955078126,0.5092128662109375,0.0
,4529,,,,,48.211669921875,50.299072265625,0.8611870971679688,0.5249574462890625,0.0
,4530,,,,,10.7666015625,51.8829345703125,0.8657447387695313,0.574262841796875,0.0
,4531,,,,,27.57568359375,55.426025390625,0.7869182556152344,0.5514746337890625,0.0
,4532,,,,,29.8736572265625,59.4085693359375,0.7807032897949219,0.5968438842773438,0.0
,4533,,,,,26.6143798828125,63.189697265625,0.7238363525390625,0.5989155395507813,0.0
,4534,,,,,28.4088134765625,66.2933349609375,0.709334765625,0.6655192565917969,0.0
,4535,,,,,16.2322998046875,69.287109375,0.6319584411621094,0.6668658325195312,0.0
,4536,,,,,17.7520751953125,71.9146728515625,0.6271936340332032,0.7109920898437501,0.0
,4537,,,,,8.0657958984375,73.8372802734375,0.5243359497070312,0.7376128601074219,0.0
,4538,,,,,8.807373046875,75.1190185546875,0.45648923950195314,0.779771044921875,0.0
,4539,,,,,0.5859375,76.025390625,0.3870887878417969,0.8086706359863282,0.0
,4540,,,,,0.970458984375,76.6845703125,0.3319827575683594,0.8565258728027344,0.0
,4541,,,,,-5.8319091796875,76.611328125,0.22228861083984375,0.8573545349121094,0.0
,4542,,,,,-5.9967041015625,76.336669921875,0.1843773193359375,0.9008592956542969,0.0
,4543,,,,,-10.9222412109375,75.384521484375,0.13237877197265627,0.9273764831542969,0.0
,4544,,,,,-11.517333984375,74.359130859375,0.08193396606445313,0.9345236938476563,0.0
,4545,,,,,-17.724609375,72.6470947265625,-0.00165732421875,0.9286194763183594,0.0
,4546,,,,,-18.8140869140625,70.7611083984375,-0.03760054321289063,0.943846142578125,0.0
,4547,,,,,-23.6572265625,68.8201904296875,-0.0807945556640625,0.9326592041015626,0.0
,4548,,,,,-28.96728515625,66.68701171875,-0.11694494018554688,0.9121498168945312,0.0
,4549,,,,,-35.1470947265625,63.9495849609375,-0.16013895263671876,0.8806606567382813,0.0
,4550,,,,,-40.9515380859375,61.4044189453125,-0.21814530029296875,0.8456496826171875,0.0
,4551,,,,,-47.0306396484375,56.8359375,-0.26372171630859376,0.8349806579589844,0.0
,4552,,,,,-49.969482421875,56.8359375,-0.32421405029296874,0.7796674621582032,0.0
,4553,,,,,-56.1126708984375,51.1871337890625,-0.39154284667968753,0.7394773498535157,0.0
,4554,,,,,-58.0352783203125,51.1871337890625,-0.4717159057617188,0.6861322265625001,0.0
,4555,,,,,-62.1917724609375,45.6390380859375,-0.5495065612792969,0.6599257873535156,0.0
,4556,,,,,-62.95166015625,45.6390380859375,-0.6122777160644531,0.6182855163574219,0.0
,4557,,,,,-67.78564453125,38.214111328125,-0.6861322265625001,0.5697052001953126,0.0
,4558,,,,,-67.41943359375,38.214111328125,-0.7509750366210938,0.51874248046875,0.0
,4559,,,,,-68.9117431640625,34.31396484375,-0.7918902282714844,0.48052044067382815,0.0
,4560,,,,,-67.7764892578125,34.31396484375,-0.8316660095214844,0.4558677429199219,0.0
,4561,,,,,-70.49560546875,26.7608642578125,-0.85683662109375,0.43401177978515626,0.0
,4562,,,,,-68.170166015625,26.7608642578125,-0.9064527648925782,0.4089447509765625,0.0
,4563,,,,,-72.6104736328125,15.087890625,-0.937216845703125,0.37724842529296876,0.0
,4564,,,,,-87.432861328125,-15.1153564453125,-0.9285158935546876,0.3638862487792969,0.0
,4565,,,,,-78.1402587890625,-3.533935546875,-0.9351451904296876,0.310748291015625,0.0
,4566,,,,,-74.725341796875,-3.533935546875,-0.948818115234375,0.2642396301269531,0.0
,4567,,,,,-75.2197265625,-9.942626953125,-0.9755424682617188,0.18831346435546875,0.0
,4568,,,,,-69.9005126953125,-9.942626953125,-0.9674630126953125,0.1691506530761719,0.0
,4569,,,,,-75.4302978515625,-19.51904296875,-0.9624910400390625,0.098610791015625,0.0
,4570,,,,,-67.6116943359375,-19.51904296875,-0.9594871398925782,0.032214239501953124,0.0
,4571,,,,,-73.5443115234375,-29.791259765625,-0.9651841918945313,-0.056866937255859375,0.0
,4572,,,,,-65.4876708984375,-29.791259765625,-0.9408422424316406,-0.08669877319335938,0.0
,4573,,,,,-70.01953125,-37.6556396484375,-0.9530650085449219,-0.16676824951171876,0.0
,4574,,,,,-60.0860595703125,-37.6556396484375,-0.9304839660644532,-0.19784307861328126,0.0
,4575,,,,,-63.5009765625,-43.5791015625,-0.9564832397460937,-0.30795155639648436,0.0
,4576,,,,,-56.57958984375,-43.5791015625,-0.9237510864257813,-0.34834883422851565,0.0
,4577,,,,,-58.941650390625,-47.662353515625,-0.8967159851074219,-0.4238606689453125,0.0
,4578,,,,,-50.7659912109375,-47.662353515625,-0.8710274597167968,-0.44747753906250004,0.0
,4579,,,,,-51.5533447265625,-49.0264892578125,-0.837880975341797,-0.5093164489746094,0.0
,4580,,,,,-40.75927734375,-52.166748046875,-0.8222399780273437,-0.5296186706542969,0.0
,4581,,,,,-42.5994873046875,-55.352783203125,-0.8119852844238281,-0.5821351318359376,0.0
,4582,,,,,-26.1749267578125,-58.831787109375,-0.7765599792480469,-0.5970510498046875,0.0
,4583,,,,,-28.143310546875,-62.2467041015625,-0.75408251953125,-0.6348587585449219,0.0
,4584,,,,,-20.7733154296875,-65.7257080078125,-0.7067451965332031,-0.6741166259765625,0.0
,4585,,,,,-22.5494384765625,-68.81103515625,-0.6466671936035157,-0.7080917724609376,0.0
,4586,,,,,-12.0391845703125,-71.356201171875,-0.565976220703125,-0.725079345703125,0.0
,4587,,,,,-13.2476806640625,-73.4344482421875,-0.49502202758789066,-0.7542896850585937,0.0
,4588,,,,,-5.6671142578125,-74.652099609375,-0.43535835571289067,-0.8078419738769531,0.0
,4589,,,,,-6.1065673828125,-75.4119873046875,-0.3487631652832031,-0.8235865539550782,0.0
,4590,,,,,1.373291015625,-76.0345458984375,-0.2930356384277344,-0.8508288208007813,0.0
,4591,,,,,1.4007568359375,-75.9979248046875,-0.2084085205078125,-0.84689267578125,0.0
,4592,,,,,5.5938720703125,-75.3021240234375,-0.12108825073242188,-0.8525897277832032,0.0
,4593,,,,,5.987548828125,-74.6337890625,-0.05779918212890625,-0.8687486389160156,0.0
,4594,,,,,12.872314453125,-73.4344482421875,-0.0020716552734375,-0.8859433776855469,0.0
,4595,,,,,13.9434814453125,-71.5850830078125,0.037289794921875,-0.8909153503417969,0.0
,4596,,,,,17.5323486328125,-69.6624755859375,0.08835609741210938,-0.8855290466308594,0.0
,4597,,,,,22.265625,-68.0511474609375,0.0998537841796875,-0.9062455993652344,0.0
,4598,,,,,27.850341796875,-66.2841796875,0.145015869140625,-0.8984768920898438,0.0
,4599,,,,,34.0301513671875,-63.958740234375,0.16262493896484376,-0.9043811096191406,0.0
,4600,,,,,39.55078125,-61.04736328125,0.2456983154296875,-0.8611870971679688,0.0
,4601,,,,,43.68896484375,-58.7677001953125,0.2921033935546875,-0.8324946716308594,0.0
,4602,,,,,49.1729736328125,-54.2449951171875,0.34700225830078124,-0.8042165771484375,0.0
,4603,,,,,51.397705078125,-54.2449951171875,0.370411962890625,-0.7929260559082032,0.0
,4604,,,,,57.0831298828125,-47.6806640625,0.4600110534667969,-0.7544968505859375,0.0
,4605,,,,,58.0902099609375,-47.6806640625,0.5156349975585938,-0.7221790283203126,0.0
,4606,,,,,62.0086669921875,-41.6839599609375,0.6004692810058594,-0.672044970703125,0.0
,4607,,,,,62.2100830078125,-41.6839599609375,0.6569218872070313,-0.615695947265625,0.0
,4608,,,,,67.144775390625,-33.197021484375,0.708506103515625,-0.5795455627441406,0.0
,4609,,,,,66.8060302734375,-33.197021484375,0.768169775390625,-0.5390447021484375,0.0
,4610,,,,,68.6004638671875,-28.7109375,0.8150927673339844,-0.4871497375488281,0.0
,4611,,,,,67.1173095703125,-28.7109375,0.8353949890136719,-0.4538996704101563,0.0
,4612,,,,,70.5322265625,-19.500732421875,0.8511395690917969,-0.42883264160156254,0.0
,4613,,,,,68.1976318359375,-19.500732421875,0.8776567565917969,-0.4005545471191406,0.0
,4614,,,,,72.32666015625,-8.3587646484375,0.8836645568847656,-0.35860352783203125,0.0
,4615,,,,,69.5892333984375,-8.3587646484375,0.9266514038085938,-0.311576953125,0.0
,4616,,,,,74.102783203125,5.0811767578125,0.914117889404297,-0.2818486999511719,0.0
,4617,,,,,70.7061767578125,5.0811767578125,0.9075921752929688,-0.2561601745605469,0.0
,4618,,,,,74.0570068359375,15.8660888671875,0.8967159851074219,-0.19784307861328126,0.0
,4619,,,,,66.8975830078125,15.8660888671875,0.9101817443847656,-0.14190838623046875,0.0
,4620,,,,,72.9766845703125,26.40380859375,0.9172253723144531,-0.06888253784179688,0.0
,4621,,,,,65.4144287109375,26.40380859375,0.9311054626464844,0.013362176513671876,0.0
,4622,,,,,69.8638916015625,34.1033935546875,0.902413037109375,0.07509750366210938,0.0
,4623,,,,,61.8621826171875,34.1033935546875,0.9023094543457032,0.159931787109375,0.0
,4624,,,,,66.3116455078125,41.8121337890625,0.8806606567382813,0.21224108276367187,0.0
,4625,,,,,58.2550048828125,41.8121337890625,0.8832502258300782,0.29686820068359376,0.0
,4626,,,,,60.16845703125,45.1263427734375,0.8916404296875,0.3734158630371094,0.0
,4627,,,,,54.0618896484375,45.1263427734375,0.8680235595703125,0.4115343200683594,0.0
,4628,,,,,57.7880859375,51.5625,0.8665734008789063,0.4829028442382813,0.0
,4629,,,,,48.065185546875,51.5625,0.8353949890136719,0.5139776733398438,0.0
,4630,,,,,12.2589111328125,52.935791015625,0.8165429260253907,0.5614185791015626,0.0
,4631,,,,,20.6817626953125,56.14013671875,0.7638192993164062,0.5617293273925782,0.0
,4632,,,,,23.0438232421875,60.223388671875,0.7476603881835938,0.6124848815917969,0.0
,4633,,,,,27.4658203125,63.8946533203125,0.7022911376953125,0.6299903686523438,0.0
,4634,,,,,29.04052734375,66.61376953125,0.6891361267089844,0.6921400268554688,0.0
,4635,,,,,18.109130859375,69.3695068359375,0.5794419799804688,0.6642762634277344,0.0
,4636,,,,,19.7021484375,72.1435546875,0.5473313232421875,0.7053986206054688,0.0
,4637,,,,,11.16943359375,74.0478515625,0.4685048400878906,0.7249757629394531,0.0
,4638,,,,,11.7645263671875,75.091552734375,0.41940661010742186,0.7850537658691407,0.0
,4639,,,,,2.67333984375,76.1444091796875,0.3580856140136719,0.8115709533691406,0.0
,4640,,,,,3.1951904296875,77.0416259765625,0.29769686279296875,0.8484464172363282,0.0
,4641,,,,,-1.1077880859375,76.7669677734375,0.18323790893554687,0.8397454650878906,0.0
,4642,,,,,-1.3824462890625,76.28173828125,0.13527908935546876,0.8724776184082031,0.0
,4643,,,,,-6.8756103515625,75.5035400390625,0.06183890991210938,0.8867720397949219,0.0
,4644,,,,,-7.415771484375,74.5697021484375,0.029728253173828125,0.9202292724609376,0.0
,4645,,,,,-14.7491455078125,72.8668212890625,-0.027656597900390625,0.9283087280273438,0.0
,4646,,,,,-15.966796875,70.7794189453125,-0.06370339965820312,0.9361810180664063,0.0
,4647,,,,,-21.1669921875,68.353271484375,-0.10979772949218751,0.9288266418457032,0.0
,4648,,,,,-26.5045166015625,65.9912109375,-0.14480870361328124,0.9132892272949219,0.0
,4649,,,,,-32.55615234375,63.2720947265625,-0.17577994995117188,0.8903974365234375,0.0
,4650,,,,,-38.2232666015625,60.8367919921875,-0.2307823974609375,0.8772424255371094,0.0
,4651,,,,,-42.8375244140625,58.4930419921875,-0.3084694702148438,0.8417135375976563,0.0
,4652,,,,,-46.8017578125,56.195068359375,-0.3612966796875,0.7890934936523438,0.0
,4653,,,,,-52.77099609375,50.4913330078125,-0.42054602050781253,0.7578114990234375,0.0
,4654,,,,,-54.9957275390625,50.4913330078125,-0.48259209594726565,0.70767744140625,0.0
,4655,,,,,-59.87548828125,44.53125,-0.5571716857910156,0.66790166015625,0.0
,4656,,,,,-60.75439453125,44.53125,-0.61155263671875,0.6189070129394532,0.0
,4657,,,,,-65.899658203125,36.346435546875,-0.6482209350585938,0.590007421875,0.0
,4658,,,,,-65.9454345703125,36.346435546875,-0.7021875549316406,0.5672192138671875,0.0
,4659,,,,,-68.3074951171875,31.9061279296875,-0.7686876892089844,0.5065197143554687,0.0
,4660,,,,,-67.4468994140625,31.9061279296875,-0.8141605224609375,0.47016216430664065,0.0
,4661,,,,,-70.2301025390625,24.2340087890625,-0.8530040588378907,0.42914338989257816,0.0
,4662,,,,,-68.133544921875,24.2340087890625,-0.8689558044433594,0.42085676879882816,0.0
,4663,,,,,-72.2808837890625,13.5498046875,-0.8828358947753907,0.3818060668945313,0.0
,4664,,,,,-85.162353515625,-13.5772705078125,-0.9004449645996094,0.37206928710937504,0.0
,4665,,,,,-75.274658203125,-2.1240234375,-0.9339021972656251,0.30815872192382815,0.0
,4666,,,,,-71.9512939453125,-2.1240234375,-0.9314162109375,0.2838167724609375,0.0
,4667,,,,,-74.359130859375,-11.224365234375,-0.9448819702148438,0.204679541015625,0.0
,4668,,,,,-67.2821044921875,-11.224365234375,-0.9308982971191406,0.18075192260742187,0.0
,4669,,,,,-74.029541015625,-22.9156494140625,-0.9237510864257813,0.09736779785156251,0.0
,4670,,,,,-67.05322265625,-22.9156494140625,-0.9115283203125,0.06080308227539063,0.0
,4671,,,,,-71.77734375,-31.0821533203125,-0.92312958984375,-0.041122357177734374,0.0
,4672,,,,,-63.9495849609375,-31.0821533203125,-0.8860469604492188,-0.08348770751953125,0.0
,4673,,,,,-69.0399169921875,-39.898681640625,-0.8786925842285157,-0.14035464477539064,0.0
,4674,,,,,-61.8621826171875,-39.898681640625,-0.8728919494628906,-0.19235319213867189,0.0
,4675,,,,,-63.592529296875,-42.901611328125,-0.8596333557128907,-0.2851633483886719,0.0
,4676,,,,,-58.2366943359375,-42.901611328125,-0.836120068359375,-0.3374726440429688,0.0
,4677,,,,,-61.48681640625,-48.5321044921875,-0.8074276428222656,-0.40708026123046875,0.0
,4678,,,,,-53.7872314453125,-48.5321044921875,-0.8184074157714843,-0.4470632080078125,0.0
,4679,,,,,-54.2266845703125,-49.2919921875,-0.8092921325683594,-0.5151170837402343,0.0
,4680,,,,,-42.00439453125,-52.40478515625,-0.7776993896484375,-0.5440166748046875,0.0
,4681,,,,,-44.42138671875,-56.597900390625,-0.7558434265136719,-0.5809957214355469,0.0
,4682,,,,,-32.33642578125,-60.8734130859375,-0.7237327697753907,-0.5722947692871094,0.0
,4683,,,,,-34.405517578125,-64.4622802734375,-0.6834390747070312,-0.6180783508300781,0.0
,4684,,,,,-23.4832763671875,-67.6849365234375,-0.6584756286621094,-0.672044970703125,0.0
,4685,,,,,-25.1678466796875,-70.5963134765625,-0.5866927734375,-0.6925543579101563,0.0
,4686,,,,,-16.0125732421875,-72.967529296875,-0.5366622985839844,-0.7417561706542969,0.0
,4687,,,,,-17.0379638671875,-74.7344970703125,-0.488081982421875,-0.7835000244140625,0.0
,4688,,,,,-7.763671875,-75.897216796875,-0.40200470581054687,-0.8109494567871094,0.0
,4689,,,,,-8.184814453125,-76.6204833984375,-0.3199671569824219,-0.8225507263183593,0.0
,4690,,,,,-1.3916015625,-76.5380859375,-0.2663112854003906,-0.859322607421875,0.0
,4691,,,,,-1.2176513671875,-76.226806640625,-0.17919818115234376,-0.8633623352050781,0.0
,4692,,,,,4.266357421875,-75.76904296875,-0.10244335327148438,-0.8559043762207031,0.0
,4693,,,,,4.87060546875,-74.7344970703125,-0.05935292358398438,-0.8826287292480469,0.0
,4694,,,,,11.1785888671875,-73.4344482421875,-0.0074579589843750006,-0.901584375,0.0
,4695,,,,,12.26806640625,-71.5484619140625,0.037393377685546875,-0.9168110412597656,0.0
,4696,,,,,15.8294677734375,-69.195556640625,0.07716915893554688,-0.92644423828125,0.0
,4697,,,,,21.917724609375,-67.0257568359375,0.07426884155273437,-0.9391849182128906,0.0
,4698,,,,,27.6763916015625,-65.020751953125,0.1305142822265625,-0.9166038757324219,0.0
,4699,,,,,32.940673828125,-63.043212890625,0.1296856201171875,-0.9145322204589844,0.0
,4700,,,,,38.63525390625,-60.7177734375,0.22622475585937502,-0.8738241943359375,0.0
,4701,,,,,43.5333251953125,-58.7493896484375,0.24953087768554688,-0.8487571655273438,0.0
,4702,,,,,50.4638671875,-52.734375,0.3170668395996094,-0.8126067810058594,0.0
,4703,,,,,53.28369140625,-52.734375,0.3526993103027344,-0.7964478698730469,0.0
,4704,,,,,58.48388671875,-46.8475341796875,0.4209603515625,-0.7651658752441407,0.0
,4705,,,,,59.58251953125,-46.8475341796875,0.4995796691894531,-0.7251829284667969,0.0
,4706,,,,,65.2587890625,-38.9007568359375,0.56846220703125,-0.6740130432128907,0.0
,4707,,,,,65.496826171875,-38.9007568359375,0.6203571716308593,-0.6204607543945313,0.0
,4708,,,,,69.049072265625,-32.4737548828125,0.6688339050292968,-0.5672192138671875,0.0
,4709,,,,,68.66455078125,-32.4737548828125,0.7132709106445313,-0.5402876953125,0.0
,4710,,,,,71.337890625,-26.0467529296875,0.7607118164062501,-0.49657576904296874,0.0
,4711,,,,,69.83642578125,-26.0467529296875,0.8229650573730469,-0.44602738037109374,0.0
,4712,,,,,72.308349609375,-17.9901123046875,0.8474105895996094,-0.42707173461914066,0.0
,4713,,,,,69.708251953125,-17.9901123046875,0.8666769836425782,-0.39599690551757816,0.0
,4714,,,,,74.468994140625,-5.2825927734375,0.8741349426269531,-0.3608823486328125,0.0
,4715,,,,,71.4019775390625,-5.2825927734375,0.9130820617675781,-0.3077443908691406,0.0
,4716,,,,,75.25634765625,6.097412109375,0.8898795227050782,-0.2713868408203125,0.0
,4717,,,,,68.8934326171875,6.097412109375,0.9008592956542969,-0.22487817993164064,0.0
,4718,,,,,75.970458984375,18.34716796875,0.8900866882324219,-0.1802340087890625,0.0
,4719,,,,,69.7906494140625,18.34716796875,0.9077993408203126,-0.12160616455078126,0.0
,4720,,,,,74.7894287109375,27.008056640625,0.8811785705566406,-0.05023764038085938,0.0
,4721,,,,,67.5018310546875,27.008056640625,0.8925726745605469,0.034700225830078125,0.0
,4722,,,,,72.7752685546875,36.1358642578125,0.9033452819824219,0.12864979248046876,0.0
,4723,,,,,65.3778076171875,36.1358642578125,0.8996163024902344,0.19753233032226564,0.0
,4724,,,,,67.5933837890625,39.9810791015625,0.8824215637207031,0.26165006103515626,0.0
,4725,,,,,61.212158203125,39.9810791015625,0.8727883666992188,0.33281141967773437,0.0
,4726,,,,,64.6636962890625,45.9503173828125,0.8742385253906251,0.40832325439453127,0.0
,4727,,,,,58.48388671875,45.9503173828125,0.8622229248046875,0.4438521423339844,0.0
,4728,,,,,61.029052734375,50.35400390625,0.8284549438476563,0.4933647033691406,0.0
,4729,,,,,48.5504150390625,50.35400390625,0.8092921325683594,0.5200890563964844,0.0
,4730,,,,,11.6546630859375,53.94287109375,0.8305265991210937,0.5892823425292969,0.0
,4731,,,,,27.35595703125,57.403564453125,0.7701378479003906,0.5891787597656251,0.0
,4732,,,,,29.278564453125,60.7269287109375,0.744967236328125,0.6238789855957031,0.0
,4733,,,,,30.0933837890625,64.19677734375,0.7007373962402343,0.6419023864746094,0.0
,4734,,,,,31.8695068359375,67.254638671875,0.6673837463378907,0.6777420227050781,0.0
,4735,,,,,20.452880859375,70.147705078125,0.5682550415039063,0.6577505493164063,0.0
,4736,,,,,21.5972900390625,72.125244140625,0.5555143615722656,0.7315014770507813,0.0
,4737,,,,,12.63427734375,73.406982421875,0.48124552001953125,0.7704485961914063,0.0
,4738,,,,,13.14697265625,74.2950439453125,0.4428163146972656,0.8304230163574219,0.0
,4739,,,,,3.1219482421875,74.8443603515625,0.3705155456542969,0.8550757141113281,0.0
,4740,,,,,3.3599853515625,75.2471923828125,0.30815872192382815,0.8896723571777344,0.0
,4741,,,,,-1.13525390625,75.1922607421875,0.20126130981445314,0.9103889099121094,0.0
,4742,,,,,-1.4739990234375,74.6063232421875,0.15309532470703124,0.9437425598144532,0.0
,4743,,,,,-8.7982177734375,73.773193359375,0.08721668701171875,0.9468500427246094,0.0
,4744,,,,,-9.356689453125,72.802734375,0.042883264160156254,0.9500611083984375,0.0
,4745,,,,,-14.813232421875,70.86181640625,-0.019991473388671875,0.9634232849121094,0.0
,4746,,,,,-15.9027099609375,68.975830078125,-0.056245440673828126,0.9553438293457032,0.0
,4747,,,,,-21.7437744140625,66.5496826171875,-0.09467464599609375,0.9408422424316406,0.0
,4748,,,,,-27.8411865234375,63.6016845703125,-0.11735927124023438,0.9242690002441406,0.0
,4749,,,,,-33.4259033203125,60.7269287109375,-0.15454548339843752,0.912356982421875,0.0
,4750,,,,,-38.763427734375,58.2366943359375,-0.21659155883789064,0.8837681396484375,0.0
,4751,,,,,-45.95947265625,52.862548828125,-0.275944482421875,0.8657447387695313,0.0
,4752,,,,,-49.3194580078125,52.862548828125,-0.3257677917480469,0.8211005676269532,0.0
,4753,,,,,-54.5928955078125,47.8912353515625,-0.3900926879882813,0.7731417480468751,0.0
,4754,,,,,-56.7352294921875,47.8912353515625,-0.44126257324218754,0.7363698669433594,0.0
,4755,,,,,-62.36572265625,40.777587890625,-0.48632107543945313,0.708506103515625,0.0
,4756,,,,,-63.3453369140625,40.777587890625,-0.5574824340820312,0.6520534973144532,0.0
,4757,,,,,-67.34619140625,34.1583251953125,-0.6271936340332032,0.6113454711914063,0.0
,4758,,,,,-66.8060302734375,34.1583251953125,-0.6646905944824218,0.595808056640625,0.0
,4759,,,,,-69.43359375,28.6376953125,-0.7411346740722656,0.5354193054199219,0.0
,4760,,,,,-68.3349609375,28.6376953125,-0.7796674621582032,0.49585068969726565,0.0
,4761,,,,,-70.367431640625,22.796630859375,-0.8253474609375,0.444991552734375,0.0
,4762,,,,,-68.3441162109375,22.796630859375,-0.8552828796386719,0.4227212585449219,0.0
,4763,,,,,-72.894287109375,11.517333984375,-0.8591154418945313,0.383670556640625,0.0
,4764,,,,,-83.6334228515625,-11.5447998046875,-0.8782782531738281,0.35870711059570315,0.0
,4765,,,,,-76.0162353515625,-2.783203125,-0.8821108154296875,0.315720263671875,0.0
,4766,,,,,-73.35205078125,-2.783203125,-0.8940228332519532,0.27822330322265626,0.0
,4767,,,,,-75.8331298828125,-12.2039794921875,-0.9232331726074219,0.1910066162109375,0.0
,4768,,,,,-69.3328857421875,-12.2039794921875,-0.9243725830078126,0.1583780456542969,0.0
,4769,,,,,-74.652099609375,-21.42333984375,-0.9359738525390625,0.06463564453125001,0.0
,4770,,,,,-68.9117431640625,-21.42333984375,-0.9025166198730469,0.02672435302734375,0.0
,4771,,,,,-74.267578125,-30.6884765625,-0.9278943969726563,-0.08214113159179688,0.0
,4772,,,,,-66.24755859375,-30.6884765625,-0.9184683654785156,-0.136729248046875,0.0
,4773,,,,,-70.2667236328125,-37.6556396484375,-0.9235439208984375,-0.1823056640625,0.0
,4774,,,,,-63.3819580078125,-37.6556396484375,-0.8890508605957032,-0.244455322265625,0.0
,4775,,,,,-65.130615234375,-40.68603515625,-0.8841824707031251,-0.34120162353515626,0.0
,4776,,,,,-59.1522216796875,-40.68603515625,-0.8752743530273438,-0.39786139526367187,0.0
,4777,,,,,-62.8326416015625,-47.05810546875,-0.8515539001464844,-0.44416289062500003,0.0
,4778,,,,,-54.6112060546875,-47.05810546875,-0.8400562133789062,-0.48010610961914063,0.0
,4779,,,,,-56.9091796875,-51.0406494140625,-0.83529140625,-0.5381124572753906,0.0
,4780,,,,,-42.1966552734375,-51.0406494140625,-0.8257617919921876,-0.5795455627441406,0.0
,4781,,,,,-44.53125,-55.096435546875,-0.8102243774414063,-0.6270900512695313,0.0
,4782,,,,,-31.201171875,-59.124755859375,-0.7757313171386719,-0.6120705505371093,0.0
,4783,,,,,-33.10546875,-62.420654296875,-0.7356447875976563,-0.6677980773925781,0.0
,4784,,,,,-23.2818603515625,-65.22216796875,-0.6955582580566406,-0.7140995727539062,0.0
,4785,,,,,-24.8748779296875,-67.9779052734375,-0.6218073303222657,-0.7316050598144531,0.0
,4786,,,,,-15.49072265625,-70.477294921875,-0.5632830688476562,-0.7612297302246094,0.0
,4787,,,,,-16.40625,-72.052001953125,-0.5153242492675781,-0.8074276428222656,0.0
,4788,,,,,-6.8023681640625,-73.333740234375,-0.43525477294921877,-0.8330125854492187,0.0
,4789,,,,,-7.4981689453125,-74.52392578125,-0.3434804443359375,-0.8323910888671875,0.0
,4790,,,,,0.8697509765625,-74.9725341796875,-0.2981111938476563,-0.8655375732421875,0.0
,4791,,,,,0.9429931640625,-74.835205078125,-0.23192180786132813,-0.8804534912109375,0.0
,4792,,,,,6.0150146484375,-73.919677734375,-0.18406657104492188,-0.9113211547851563,0.0
,4793,,,,,6.4178466796875,-73.223876953125,-0.11912017822265625,-0.9179504516601563,0.0
,4794,,,,,14.0899658203125,-72.0703125,-0.032628570556640625,-0.9053133544921875,0.0
,4795,,,,,14.8773193359375,-70.697021484375,0.0030039001464843753,-0.9292409729003906,0.0
,4796,,,,,17.376708984375,-69.2779541015625,0.07178285522460938,-0.923958251953125,0.0
,4797,,,,,22.613525390625,-67.0257568359375,0.0791372314453125,-0.943121063232422,0.0
,4798,,,,,28.7841796875,-63.922119140625,0.10772607421875001,-0.9458142150878907,0.0
,4799,,,,,34.86328125,-61.358642578125,0.126785302734375,-0.9477822875976563,0.0
,4800,,,,,40.3106689453125,-58.905029296875,0.1959785888671875,-0.9125641479492188,0.0
,4801,,,,,45.465087890625,-56.378173828125,0.21555573120117189,-0.8834573913574219,0.0
,4802,,,,,52.8167724609375,-49.7406005859375,0.29769686279296875,-0.8345663269042969,0.0
,4803,,,,,55.3985595703125,-49.7406005859375,0.3365403991699219,-0.813021112060547,0.0
,4804,,,,,60.2783203125,-44.71435546875,0.4069766784667969,-0.7600903198242188,0.0
,4805,,,,,61.798095703125,-44.71435546875,0.48424942016601563,-0.7203145385742188,0.0
,4806,,,,,66.54052734375,-37.8936767578125,0.5417378540039063,-0.6835426574707032,0.0
,4807,,,,,66.851806640625,-37.8936767578125,0.6044054260253906,-0.625639892578125,0.0
,4808,,,,,70.367431640625,-31.951904296875,0.6623081909179688,-0.5882465148925782,0.0
,4809,,,,,69.8455810546875,-31.951904296875,0.7370949462890625,-0.5277541809082031,0.0
,4810,,,,,71.868896484375,-27.0721435546875,0.7860895935058594,-0.48134910278320314,0.0
,4811,,,,,70.2850341796875,-27.0721435546875,0.81706083984375,-0.46601885375976565,0.0
,4812,,,,,73.2147216796875,-18.3563232421875,0.8491714965820313,-0.4376371765136719,0.0
,4813,,,,,70.751953125,-18.3563232421875,0.9053133544921875,-0.385327880859375,0.0
,4814,,,,,75.03662109375,-6.92138671875,0.9143250549316406,-0.3643005798339844,0.0
,4815,,,,,72.271728515625,-6.92138671875,0.9240618347167969,-0.3249391296386719,0.0
,4816,,,,,76.483154296875,6.5643310546875,0.9192970275878907,-0.2942786315917969,0.0
,4817,,,,,73.2879638671875,6.5643310546875,0.9256155761718751,-0.23098956298828124,0.0
,4818,,,,,76.593017578125,16.00341796875,0.9076957580566406,-0.16438584594726563,0.0
,4819,,,,,70.1934814453125,16.00341796875,0.928930224609375,-0.08390203857421875,0.0
,4820,,,,,75.98876953125,26.03759765625,0.9167074584960938,-0.011912017822265626,0.0
,4821,,,,,69.32373046875,26.03759765625,0.9377347595214844,0.06183890991210938,0.0
,4822,,,,,73.3428955078125,32.99560546875,0.9097674133300782,0.13279310302734376,0.0
,4823,,,,,65.8447265625,32.99560546875,0.9358702697753907,0.22145994873046876,0.0
,4824,,,,,68.9300537109375,38.3331298828125,0.9278943969726563,0.30474049072265624,0.0
,4825,,,,,61.541748046875,38.3331298828125,0.9317269592285157,0.36979046630859375,0.0
,4826,,,,,64.48974609375,43.4234619140625,0.94136015625,0.43618701782226565,0.0
,4827,,,,,57.0648193359375,43.4234619140625,0.9168110412597656,0.47347681274414066,0.0
,4828,,,,,60.113525390625,48.7060546875,0.9178468688964844,0.5318974914550781,0.0
,4829,,,,,47.479248046875,48.7060546875,0.8995127197265625,0.5601755859375,0.0
,4830,,,,,10.272216796875,51.3427734375,0.8747564392089844,0.6126920471191406,0.0
,4831,,,,,25.689697265625,54.6844482421875,0.8272119506835938,0.6113454711914063,0.0
,4832,,,,,27.79541015625,58.33740234375,0.7978980285644531,0.63806982421875,0.0
,4833,,,,,26.9622802734375,62.237548828125,0.7461066467285157,0.6569218872070313,0.0
,4834,,,,,29.00390625,65.771484375,0.7090240173339843,0.6905862854003907,0.0
,4835,,,,,19.097900390625,68.3807373046875,0.6266757202148437,0.6839569885253907,0.0
,4836,,,,,20.452880859375,70.7427978515625,0.6070985778808594,0.7221790283203126,0.0
,4837,,,,,9.4757080078125,72.711181640625,0.5113881042480469,0.7360591186523437,0.0
,4838,,,,,10.43701171875,74.37744140625,0.4624970397949219,0.7954120422363281,0.0
,4839,,,,,0.7965087890625,75.1373291015625,0.39371808471679687,0.8158178466796875,0.0
,4840,,,,,1.0345458984375,75.5584716796875,0.3315684265136719,0.8536255554199219,0.0
,4841,,,,,-4.9896240234375,75.5401611328125,0.23679019775390625,0.8542470520019532,0.0
,4842,,,,,-5.2276611328125,75.1373291015625,0.2067511962890625,0.9034488647460938,0.0
,4843,,,,,-11.370849609375,74.2584228515625,0.13828298950195314,0.9339021972656251,0.0
,4844,,,,,-12.2955322265625,72.6654052734375,0.09436389770507812,0.9557581604003906,0.0
,4845,,,,,-17.2119140625,70.623779296875,0.043919091796875004,0.9707776611328125,0.0
,4846,,,,,-18.56689453125,68.280029296875,-0.01160126953125,0.9548259155273437,0.0
,4847,,,,,-23.54736328125,65.8538818359375,-0.06018158569335938,0.935559521484375,0.0
,4848,,,,,-29.754638671875,63.3087158203125,-0.11197296752929688,0.9110104064941407,0.0
,4849,,,,,-35.8795166015625,60.6903076171875,-0.16086403198242188,0.8985804748535157,0.0
,4850,,,,,-41.05224609375,58.8043212890625,-0.1976359130859375,0.8674020629882813,0.0
,4851,,,,,-47.8363037109375,53.6773681640625,-0.24673414306640626,0.8175787536621094,0.0
,4852,,,,,-51.1322021484375,53.6773681640625,-0.3149951843261719,0.7680661926269532,0.0
,4853,,,,,-56.9000244140625,49.3011474609375,-0.38356697387695315,0.7386486877441406,0.0
,4854,,,,,-58.740234375,49.3011474609375,-0.44188406982421874,0.700219482421875,0.0
,4855,,,,,-62.9791259765625,44.1009521484375,-0.5137705078125,0.6468743591308594,0.0
,4856,,,,,-63.922119140625,44.1009521484375,-0.5682550415039063,0.6137278747558594,0.0
,4857,,,,,-68.865966796875,36.3739013671875,-0.6406593933105469,0.567633544921875,0.0
,4858,,,,,-68.8201904296875,36.3739013671875,-0.691932861328125,0.5417378540039063,0.0
,4859,,,,,-70.60546875,32.3272705078125,-0.7659945373535156,0.4890142272949219,0.0
,4860,,,,,-69.6624755859375,32.3272705078125,-0.8128139465332032,0.45887164306640627,0.0
,4861,,,,,-72.7752685546875,24.79248046875,-0.8462711791992188,0.41919944458007813,0.0
,4862,,,,,-70.6512451171875,24.79248046875,-0.8797284118652344,0.3945467468261719,0.0
,4863,,,,,-74.4873046875,14.3096923828125,-0.9253048278808594,0.3404765441894531,0.0
,4864,,,,,-88.5040283203125,-14.337158203125,-0.914117889404297,0.33187917480468754,0.0
,4865,,,,,-79.522705078125,-3.6712646484375,-0.9292409729003906,0.2669327819824219,0.0
,4866,,,,,-75.6591796875,-3.6712646484375,-0.926547821044922,0.2518096984863281,0.0
,4867,,,,,-76.1444091796875,-9.6221923828125,-0.9361810180664063,0.1790945983886719,0.0
,4868,,,,,-70.843505859375,-9.6221923828125,-0.9325556213378906,0.13092861328125,0.0
,4869,,,,,-76.6845703125,-19.73876953125,-0.9466428771972657,0.033664398193359375,0.0
,4870,,,,,-68.5455322265625,-19.73876953125,-0.9380455078125001,0.01470875244140625,0.0
,4871,,,,,-73.2879638671875,-27.9510498046875,-0.95627607421875,-0.07779065551757813,0.0
,4872,,,,,-66.119384765625,-27.9510498046875,-0.9321412902832031,-0.12347065429687501,0.0
,4873,,,,,-70.9259033203125,-36.2640380859375,-0.9429138977050782,-0.18085550537109377,0.0
,4874,,,,,-61.0015869140625,-36.2640380859375,-0.9152572998046875,-0.19701441650390625,0.0
,4875,,,,,-63.24462890625,-40.1458740234375,-0.9150501342773438,-0.31302711181640624,0.0
,4876,,,,,-58.3465576171875,-40.1458740234375,-0.9022058715820312,-0.3817024841308594,0.0
,4877,,,,,-61.81640625,-46.1517333984375,-0.8828358947753907,-0.4593895568847656,0.0
,4878,,,,,-52.8350830078125,-46.1517333984375,-0.8421278686523438,-0.4711979919433594,0.0
,4879,,,,,-55.5450439453125,-50.848388671875,-0.8380881408691406,-0.526200439453125,0.0
,4880,,,,,-42.626953125,-50.848388671875,-0.8168536743164063,-0.5157385803222656,0.0
,4881,,,,,-45.0164794921875,-54.986572265625,-0.8032843322753906,-0.5596576721191406,0.0
,4882,,,,,-31.402587890625,-59.2987060546875,-0.7732453308105469,-0.5810993041992187,0.0
,4883,,,,,-33.58154296875,-63.079833984375,-0.73087998046875,-0.6321656066894531,0.0
,4884,,,,,-22.412109375,-66.0736083984375,-0.700219482421875,-0.66790166015625,0.0
,4885,,,,,-24.0142822265625,-68.84765625,-0.6622046081542969,-0.7108885070800781,0.0
,4886,,,,,-12.3046875,-71.5301513671875,-0.6063734985351563,-0.7414454223632813,0.0
,4887,,,,,-13.4857177734375,-73.57177734375,-0.5233001220703125,-0.7548075988769531,0.0
,4888,,,,,-4.9346923828125,-74.59716796875,-0.4385694213867188,-0.7794602966308594,0.0
,4889,,,,,-5.3009033203125,-75.238037109375,-0.37683409423828124,-0.7968622009277344,0.0
,4890,,,,,4.4586181640625,-75.47607421875,-0.32628570556640624,-0.831148095703125,0.0
,4891,,,,,4.4769287109375,-75.4486083984375,-0.23958693237304687,-0.8373630615234375,0.0
,4892,,,,,8.8623046875,-75.146484375,-0.15547772827148437,-0.8582867797851563,0.0
,4893,,,,,9.04541015625,-74.835205078125,-0.07893006591796875,-0.8650196594238282,0.0
,4894,,,,,15.78369140625,-73.6907958984375,-0.007561541748046875,-0.8648124938964844,0.0
,4895,,,,,16.6900634765625,-72.1343994140625,0.013569342041015625,-0.8931941711425782,0.0
,4896,,,,,19.207763671875,-70.3033447265625,0.0633926513671875,-0.9090423339843751,0.0
,4897,,,,,24.13330078125,-68.44482421875,0.07033269653320312,-0.9105960754394532,0.0
,4898,,,,,30.1849365234375,-65.972900390625,0.12098466796875,-0.9048990234375001,0.0
,4899,,,,,36.2548828125,-63.31787109375,0.1528881591796875,-0.9019987060546876,0.0
,4900,,,,,41.4093017578125,-60.845947265625,0.21317332763671876,-0.8573545349121094,0.0
,4901,,,,,46.1334228515625,-58.7127685546875,0.27283699951171875,-0.8067025634765626,0.0
,4902,,,,,52.716064453125,-52.40478515625,0.33084334716796876,-0.7789423828125001,0.0
,4903,,,,,55.2520751953125,-52.40478515625,0.35249214477539065,-0.7666160339355469,0.0
,4904,,,,,60.1959228515625,-47.1038818359375,0.4172313720703125,-0.7335731323242187,0.0
,4905,,,,,61.6607666015625,-47.1038818359375,0.4802096923828125,-0.6912077819824219,0.0
,4906,,,,,66.448974609375,-40.8233642578125,0.5691872863769531,-0.6387949035644531,0.0
,4907,,,,,66.8426513671875,-40.8233642578125,0.6246040649414063,-0.5980868774414063,0.0
,4908,,,,,69.17724609375,-36.8499755859375,0.6771205261230469,-0.5641117309570313,0.0
,4909,,,,,68.4539794921875,-36.8499755859375,0.7564649230957031,-0.5022728210449219,0.0
,4910,,,,,71.15478515625,-30.1666259765625,0.794686962890625,-0.48652824096679687,0.0
,4911,,,,,68.939208984375,-30.1666259765625,0.8405741271972657,-0.4560749084472656,0.0
,4912,,,,,72.3724365234375,-19.775390625,0.8785890014648438,-0.4296613037109375,0.0
,4913,,,,,69.3328857421875,-19.775390625,0.9120462341308594,-0.4077017578125,0.0
,4914,,,,,73.370361328125,-7.2235107421875,0.9404279113769531,-0.34213386840820315,0.0
,4915,,,,,69.7265625,-7.2235107421875,0.947989453125,-0.30329033203125,0.0
,4916,,,,,73.05908203125,3.7811279296875,0.9387705871582032,-0.25678167114257816,0.0
,4917,,,,,70.3582763671875,3.7811279296875,0.9522363464355469,-0.199707568359375,0.0
,4918,,,,,73.3978271484375,13.275146484375,0.9243725830078126,-0.158274462890625,0.0
,4919,,,,,67.236328125,13.275146484375,0.9354559387207032,-0.07975872802734375,0.0
,4920,,,,,73.0682373046875,23.3734130859375,0.9026202026367188,-0.0319034912109375,0.0
,4921,,,,,66.265869140625,23.3734130859375,0.9366989318847656,0.033975146484375,0.0
,4922,,,,,70.989990234375,31.5399169921875,0.9379419250488281,0.11342312622070314,0.0
,4923,,,,,62.40234375,31.5399169921875,0.9174325378417969,0.1835486572265625,0.0
,4924,,,,,67.05322265625,39.5965576171875,0.8986840576171875,0.24683772583007813,0.0
,4925,,,,,58.6761474609375,39.5965576171875,0.9204364379882812,0.3208994018554688,0.0
,4926,,,,,60.8734130859375,43.4051513671875,0.9217830139160157,0.3890568603515625,0.0
,4927,,,,,53.9520263671875,43.4051513671875,0.8892580261230469,0.413502392578125,0.0
,4928,,,,,57.568359375,49.658203125,0.8735134460449219,0.47710220947265625,0.0
,4929,,,,,47.4884033203125,49.658203125,0.8771388427734376,0.5249574462890625,0.0
,4930,,,,,10.8673095703125,51.4251708984375,0.8574581176757813,0.564318896484375,0.0
,4931,,,,,27.24609375,54.6844482421875,0.7958263732910157,0.5496101440429688,0.0
,4932,,,,,29.4158935546875,58.447265625,0.8128139465332032,0.6028516845703126,0.0
,4933,,,,,26.1749267578125,62.29248046875,0.7369913635253906,0.5962223876953126,0.0
,4934,,,,,27.9052734375,65.2862548828125,0.7211432006835937,0.6490495971679687,0.0
,4935,,,,,15.948486328125,68.37158203125,0.6364125,0.6500854248046876,0.0
,4936,,,,,17.6605224609375,71.3287353515625,0.5828602111816407,0.6693518188476563,0.0
,4937,,,,,8.2305908203125,73.2879638671875,0.48673540649414065,0.6949367614746094,0.0
,4938,,,,,8.8897705078125,74.432373046875,0.4448879699707031,0.7555326782226562,0.0
,4939,,,,,-0.2197265625,75.1007080078125,0.3974470642089844,0.8039058288574219,0.0
,4940,,,,,0.0823974609375,75.640869140625,0.328978857421875,0.8369487304687501,0.0
,4941,,,,,-4.7149658203125,75.604248046875,0.21907754516601563,0.8600476867675781,0.0
,4942,,,,,-4.9346923828125,75.2288818359375,0.1520594970703125,0.8945407470703125,0.0
,4943,,,,,-10.821533203125,74.6246337890625,0.1023397705078125,0.9128748962402344,0.0
,4944,,,,,-11.553955078125,73.35205078125,0.055934692382812505,0.9228188415527344,0.0
,4945,,,,,-16.8365478515625,71.4202880859375,-0.014812335205078126,0.9111139892578125,0.0
,4946,,,,,-17.83447265625,69.6807861328125,-0.061010247802734376,0.9117354858398438,0.0
,4947,,,,,-22.906494140625,67.4835205078125,-0.09778212890625,0.9000306335449219,0.0
,4948,,,,,-29.1595458984375,65.020751953125,-0.1310321960449219,0.87672451171875,0.0
,4949,,,,,-35.2203369140625,62.603759765625,-0.183134326171875,0.8507252380371094,0.0
,4950,,,,,-40.0543212890625,60.4705810546875,-0.22114920043945313,0.8423350341796876,0.0
,4951,,,,,-46.17919921875,56.2225341796875,-0.2808128723144531,0.8012126770019532,0.0
,4952,,,,,-49.1455078125,56.2225341796875,-0.3480380859375,0.7543932678222657,0.0
,4953,,,,,-55.133056640625,50.93994140625,-0.4089447509765625,0.73087998046875,0.0
,4954,,,,,-57.330322265625,50.93994140625,-0.49595427246093754,0.6669694152832032,0.0
,4955,,,,,-61.7523193359375,45.30029296875,-0.5624544067382813,0.6287473754882813,0.0
,4956,,,,,-62.255859375,45.30029296875,-0.6064770812988282,0.6075129089355469,0.0
,4957,,,,,-66.61376953125,37.7471923828125,-0.6699733154296875,0.5913539978027343,0.0
,4958,,,,,-66.375732421875,37.7471923828125,-0.7321229736328125,0.554374951171875,0.0
,4959,,,,,-68.1243896484375,33.3984375,-0.7861931762695312,0.5039301452636719,0.0
,4960,,,,,-66.6229248046875,33.3984375,-0.8383988891601563,0.4529674255371094,0.0
,4961,,,,,-69.32373046875,26.1199951171875,-0.875895849609375,0.41826719970703125,0.0
,4962,,,,,-66.925048828125,26.1199951171875,-0.9079029235839844,0.3986900573730469,0.0
,4963,,,,,-71.136474609375,14.6026611328125,-0.9258227416992187,0.35777486572265627,0.0
,4964,,,,,-85.5926513671875,-14.630126953125,-0.9520291809082032,0.3360224853515625,0.0
,4965,,,,,-76.8310546875,-3.3416748046875,-0.9522363464355469,0.28868516235351566,0.0
,4966,,,,,-73.8739013671875,-3.3416748046875,-0.9423959838867187,0.2537777709960938,0.0
,4967,,,,,-74.8077392578125,-9.521484375,-0.9456070495605469,0.1827199951171875,0.0
,4968,,,,,-68.9849853515625,-9.521484375,-0.9538936706542969,0.15899954223632812,0.0
,4969,,,,,-75.2105712890625,-20.3155517578125,-0.9635268676757813,0.07147210693359375,0.0
,4970,,,,,-66.9342041015625,-20.3155517578125,-0.9436389770507813,0.04754448852539063,0.0
,4971,,,,,-72.1893310546875,-29.425048828125,-0.9815502685546875,-0.06328906860351563,0.0
,4972,,,,,-64.85595703125,-29.425048828125,-0.9802036926269532,-0.11870584716796875,0.0
,4973,,,,,-69.6441650390625,-37.7197265625,-0.9729528991699219,-0.18489523315429687,0.0
,4974,,,,,-60.0677490234375,-37.7197265625,-0.9345236938476563,-0.19939682006835938,0.0
,4975,,,,,-62.677001953125,-42.242431640625,-0.9343165283203125,-0.30111509399414066,0.0
,4976,,,,,-56.414794921875,-42.242431640625,-0.9087315856933594,-0.34834883422851565,0.0
,4977,,,,,-59.600830078125,-47.7630615234375,-0.8754815185546875,-0.41878511352539066,0.0
,4978,,,,,-51.0223388671875,-47.7630615234375,-0.8523825622558594,-0.45472833251953126,0.0
,4979,,,,,-51.7547607421875,-49.0264892578125,-0.8454425170898437,-0.5189496459960937,0.0
,4980,,,,,-41.4093017578125,-52.0111083984375,-0.8169572570800782,-0.5350049743652344,0.0
,4981,,,,,-43.4051513671875,-55.4534912109375,-0.7792531311035157,-0.5700159484863282,0.0
,4982,,,,,-30.0567626953125,-59.3536376953125,-0.774799072265625,-0.58172080078125,0.0
,4983,,,,,-32.373046875,-63.372802734375,-0.7548075988769531,-0.6309226135253907,0.0
,4984,,,,,-21.826171875,-66.6778564453125,-0.7099562622070312,-0.6641726806640625,0.0
,4985,,,,,-23.583984375,-69.7265625,-0.6498782592773438,-0.6978370788574219,0.0
,4986,,,,,-12.4969482421875,-72.344970703125,-0.5770595764160157,-0.7272545837402344,0.0
,4987,,,,,-13.6871337890625,-74.4049072265625,-0.5144955871582031,-0.763197802734375,0.0
,4988,,,,,-5.6671142578125,-75.7232666015625,-0.4404339111328125,-0.7842251037597656,0.0
,4989,,,,,-6.1248779296875,-76.519775390625,-0.3612966796875,-0.7989338562011719,0.0
,4990,,,,,1.922607421875,-76.6021728515625,-0.2980076110839844,-0.8393311340332031,0.0
,4991,,,,,2.08740234375,-76.3275146484375,-0.22922865600585937,-0.8703023803710938,0.0
,4992,,,,,6.0150146484375,-75.6866455078125,-0.139215234375,-0.8770352600097656,0.0
,4993,,,,,6.3995361328125,-75.0274658203125,-0.07209360351562501,-0.8869792053222657,0.0
,4994,,,,,13.2843017578125,-74.0753173828125,-0.019059228515625002,-0.8987876403808595,0.0
,4995,,,,,13.9801025390625,-72.8851318359375,0.027449432373046877,-0.8936085021972656,0.0
,4996,,,,,17.852783203125,-71.319580078125,0.08120888671875,-0.9160859619140626,0.0
,4997,,,,,22.8240966796875,-69.2596435546875,0.090324169921875,-0.9226116760253906,0.0
,4998,,,,,28.2989501953125,-66.925048828125,0.15247382812500002,-0.9034488647460938,0.0
,4999,,,,,34.5428466796875,-64.5172119140625,0.16231419067382813,-0.9076957580566406,0.0
,5000,,,,,41.0888671875,-60.3973388671875,0.20447237548828126,-0.8815929016113282,0.0
,5001,,,,,45.648193359375,-57.8338623046875,0.2465269775390625,-0.8474105895996094,0.0
,5002,,,,,51.873779296875,-52.40478515625,0.328978857421875,-0.8081527221679687,0.0
,5003,,,,,55.0140380859375,-52.40478515625,0.35870711059570315,-0.7836036071777344,0.0
,5004,,,,,60.498046875,-47.076416015625,0.41049849243164066,-0.7601939025878907,0.0
,5005,,,,,61.6973876953125,-47.076416015625,0.48248851318359376,-0.7001158996582032,0.0
,5006,,,,,66.229248046875,-40.960693359375,0.5515782165527344,-0.6506033386230469,0.0
,5007,,,,,66.668701171875,-40.960693359375,0.6087559020996094,-0.6037839294433593,0.0
,5008,,,,,69.232177734375,-36.43798828125,0.6817817504882813,-0.5647332275390625,0.0
,5009,,,,,68.4173583984375,-36.43798828125,0.7357483703613281,-0.524543115234375,0.0
,5010,,,,,70.60546875,-30.4595947265625,0.7919938110351563,-0.47762012329101566,0.0
,5011,,,,,68.7103271484375,-30.4595947265625,0.8351878234863281,-0.4344261108398438,0.0
,5012,,,,,72.5921630859375,-19.8760986328125,0.8744456909179688,-0.4088411682128906,0.0
,5013,,,,,69.9737548828125,-19.8760986328125,0.881696484375,-0.3890568603515625,0.0
,5014,,,,,73.8006591796875,-8.4503173828125,0.88998310546875,-0.3518706481933594,0.0
,5015,,,,,70.8160400390625,-8.4503173828125,0.9037596130371094,-0.3082623046875,0.0
,5016,,,,,75.238037109375,4.0557861328125,0.904070361328125,-0.2549171813964844,0.0
,5017,,,,,72.25341796875,4.0557861328125,0.9169146240234375,-0.21607364501953125,0.0
,5018,,,,,75.164794921875,13.80615234375,0.9160859619140626,-0.15817088012695313,0.0
,5019,,,,,68.66455078125,13.80615234375,0.9530650085449219,-0.08587011108398437,0.0
,5020,,,,,74.5330810546875,23.9776611328125,0.9427067321777344,-0.003625396728515625,0.0
,5021,,,,,67.63916015625,23.9776611328125,0.9402207458496094,0.047958819580078124,0.0
,5022,,,,,72.1527099609375,31.805419921875,0.9295517211914063,0.1106263916015625,0.0
,5023,,,,,64.4805908203125,31.805419921875,0.9421888183593751,0.1951499267578125,0.0
,5024,,,,,69.140625,39.8712158203125,0.9187791137695313,0.24714847412109375,0.0
,5025,,,,,58.6578369140625,39.8712158203125,0.9227152587890626,0.30691572875976564,0.0
,5026,,,,,60.9100341796875,43.7713623046875,0.9062455993652344,0.3715513732910156,0.0
,5027,,,,,55.0689697265625,43.7713623046875,0.9021022888183594,0.43318311767578127,0.0
,5028,,,,,56.7352294921875,46.6644287109375,0.9137035583496094,0.499683251953125,0.0
,5029,,,,,48.01025390625,50.5645751953125,0.8704059631347657,0.5147027526855469,0.0
,5030,,,,,11.444091796875,52.4322509765625,0.8700952148437501,0.5763344970703125,0.0
,5031,,,,,26.9622802734375,55.828857421875,0.8248295471191407,0.5789240661621093,0.0
,5032,,,,,28.9947509765625,59.344482421875,0.8182002502441407,0.62481123046875,0.0
,5033,,,,,25.982666015625,63.3087158203125,0.7431027465820312,0.6237754028320313,0.0
,5034,,,,,27.83203125,66.5130615234375,0.7346089599609376,0.6689374877929688,0.0
,5035,,,,,16.827392578125,69.1314697265625,0.6498782592773438,0.6718378051757813,0.0
,5036,,,,,18.2647705078125,71.6217041015625,0.6067878295898438,0.6885146301269531,0.0
,5037,,,,,7.5164794921875,73.5809326171875,0.5049659729003907,0.7228005249023438,0.0
,5038,,,,,8.5784912109375,75.421142578125,0.47005858154296876,0.7860895935058594,0.0
,5039,,,,,0.32958984375,76.336669921875,0.40014021606445316,0.8093957153320313,0.0
,5040,,,,,0.6866455078125,76.959228515625,0.32462838134765626,0.8388132202148437,0.0
,5041,,,,,-5.6121826171875,76.885986328125,0.23388988037109376,0.8454425170898437,0.0
,5042,,,,,-5.74951171875,76.64794921875,0.19235319213867189,0.8888436950683594,0.0
,5043,,,,,-10.6475830078125,75.7598876953125,0.10088961181640625,0.9070742614746095,0.0
,5044,,,,,-11.4715576171875,74.322509765625,0.06277115478515626,0.9300696350097657,0.0
,5045,,,,,-14.080810546875,72.39990234375,-0.001968072509765625,0.9307947143554688,0.0
,5046,,,,,-19.0704345703125,70.587158203125,-0.028692425537109375,0.9362846008300781,0.0
,5047,,,,,-23.675537109375,68.29833984375,-0.09633197021484376,0.9124605651855469,0.0
,5048,,,,,-29.150390625,66.082763671875,-0.14201196899414062,0.8715453735351563,0.0
,5049,,,,,-35.5133056640625,63.446044921875,-0.1889349609375,0.8475141723632813,0.0
,5050,,,,,-41.3726806640625,61.3037109375,-0.2432123291015625,0.8229650573730469,0.0
,5051,,,,,-46.10595703125,59.4085693359375,-0.287545751953125,0.8103279602050781,0.0
,5052,,,,,-50.1251220703125,57.1929931640625,-0.358810693359375,0.7669267822265625,0.0
,5053,,,,,-55.517578125,52.0477294921875,-0.41547046508789065,0.7498356262207031,0.0
,5054,,,,,-57.5958251953125,52.0477294921875,-0.4786559509277344,0.7157568969726563,0.0
,5055,,,,,-62.4755859375,45.7489013671875,-0.5547892822265625,0.6782599365234375,0.0
,5056,,,,,-62.7960205078125,45.7489013671875,-0.5978797119140625,0.6434561279296875,0.0
,5057,,,,,-67.2454833984375,38.525390625,-0.6632404357910157,0.6046125915527344,0.0
,5058,,,,,-67.0257568359375,38.525390625,-0.73087998046875,0.5569645202636719,0.0
,5059,,,,,-69.0399169921875,33.709716796875,-0.7935475524902345,0.5092128662109375,0.0
,5060,,,,,-67.5018310546875,33.709716796875,-0.836120068359375,0.46995499877929686,0.0
,5061,,,,,-69.7998046875,27.64892578125,-0.8864612915039063,0.4408482421875,0.0
,5062,,,,,-67.8863525390625,27.64892578125,-0.9117354858398438,0.43297595214843754,0.0
,5063,,,,,-72.802734375,14.3463134765625,-0.9243725830078126,0.3920607604980469,0.0
,5064,,,,,-86.5814208984375,-14.373779296875,-0.9374240112304688,0.3717585388183594,0.0
,5065,,,,,-77.4993896484375,-2.9022216796875,-0.9464357116699219,0.32421405029296874,0.0
,5066,,,,,-74.6246337890625,-2.9022216796875,-0.9249940795898438,0.3067085632324219,0.0
,5067,,,,,-75.714111328125,-10.0250244140625,-0.9477822875976563,0.222910107421875,0.0
,5068,,,,,-72.94921875,-10.0250244140625,-0.9557581604003906,0.17174022216796875,0.0
,5069,,,,,-75.7598876953125,-19.9493408203125,-0.9639411987304688,0.08255546264648438,0.0
,5070,,,,,-68.060302734375,-19.9493408203125,-0.963837615966797,0.03511455688476563,0.0
,5071,,,,,-73.9654541015625,-30.1666259765625,-0.9795821960449219,-0.046301495361328125,0.0
,5072,,,,,-65.3411865234375,-30.1666259765625,-0.9445712219238281,-0.07426884155273437,0.0
,5073,,,,,-69.4976806640625,-37.353515625,-0.9657021057128906,-0.16376434936523437,0.0
,5074,,,,,-59.3536376953125,-37.353515625,-0.9484037841796875,-0.20281505126953125,0.0
,5075,,,,,-62.530517578125,-42.864990234375,-0.9415673217773438,-0.29666103515625003,0.0
,5076,,,,,-56.195068359375,-42.864990234375,-0.910699658203125,-0.3456556823730469,0.0
,5077,,,,,-58.6669921875,-47.1405029296875,-0.8996163024902344,-0.4296613037109375,0.0
,5078,,,,,-50.50048828125,-47.1405029296875,-0.8675056457519531,-0.459907470703125,0.0
,5079,,,,,-51.397705078125,-48.687744140625,-0.8639838317871094,-0.53200107421875,0.0
,5080,,,,,-40.9881591796875,-51.89208984375,-0.831148095703125,-0.5596576721191406,0.0
,5081,,,,,-42.681884765625,-54.8309326171875,-0.7952048767089844,-0.5967403015136719,0.0
,5082,,,,,-25.5340576171875,-58.48388671875,-0.7817391174316406,-0.6265721374511719,0.0
,5083,,,,,-28.0059814453125,-62.7685546875,-0.7530466918945313,-0.6548502319335938,0.0
,5084,,,,,-21.13037109375,-66.0736083984375,-0.6953510925292969,-0.6747381225585938,0.0
,5085,,,,,-22.4395751953125,-68.3441162109375,-0.6255363098144532,-0.7014624755859376,0.0
,5086,,,,,-12.5244140625,-70.9075927734375,-0.5677371276855468,-0.7327444702148438,0.0
,5087,,,,,-13.9068603515625,-73.297119140625,-0.47927744750976564,-0.7357483703613281,0.0
,5088,,,,,-5.584716796875,-74.7161865234375,-0.446648876953125,-0.7902329040527344,0.0
,5089,,,,,-6.0333251953125,-75.494384765625,-0.35166348266601566,-0.7949977111816406,0.0
,5090,,,,,1.86767578125,-75.91552734375,-0.284231103515625,-0.8433708618164063,0.0
,5091,,,,,1.7852783203125,-76.0528564453125,-0.21493423461914063,-0.8696808837890625,0.0
,5092,,,,,5.8685302734375,-75.457763671875,-0.146673193359375,-0.8956801574707032,0.0
,5093,,,,,6.463623046875,-74.4232177734375,-0.06940045166015625,-0.8771388427734376,0.0
,5094,,,,,13.0645751953125,-73.4161376953125,0.0069400451660156254,-0.8886365295410157,0.0
,5095,,,,,13.7603759765625,-72.2259521484375,0.027967346191406253,-0.9158787963867188,0.0
,5096,,,,,17.669677734375,-70.1934814453125,0.0683646240234375,-0.9208507690429688,0.0
,5097,,,,,22.576904296875,-68.3807373046875,0.09063491821289063,-0.914117889404297,0.0
,5098,,,,,27.850341796875,-66.1468505859375,0.15485623168945312,-0.8947479125976563,0.0
,5099,,,,,32.8125,-63.8397216796875,0.17588353271484375,-0.8944371643066407,0.0
,5100,,,,,38.836669921875,-61.065673828125,0.2518096984863281,-0.8665734008789063,0.0
,5101,,,,,43.9178466796875,-58.538818359375,0.2683829406738281,-0.8478249206542969,0.0
,5102,,,,,49.2645263671875,-54.01611328125,0.3395442993164063,-0.8080491394042969,0.0
,5103,,,,,51.74560546875,-54.01611328125,0.3767305114746094,-0.7815319519042969,0.0
,5104,,,,,57.38525390625,-47.6806640625,0.4496527770996094,-0.7481783020019531,0.0
,5105,,,,,58.5479736328125,-47.6806640625,0.5249574462890625,-0.7007373962402343,0.0
,5106,,,,,62.457275390625,-41.4276123046875,0.6093773986816406,-0.6568183044433594,0.0
,5107,,,,,62.5762939453125,-41.4276123046875,0.6482209350585938,-0.6373447448730469,0.0
,5108,,,,,66.815185546875,-33.4625244140625,0.7045699584960937,-0.6065806640625,0.0
,5109,,,,,66.0552978515625,-33.4625244140625,0.7591580749511719,-0.5569645202636719,0.0
,5110,,,,,67.877197265625,-29.1961669921875,0.8050452392578126,-0.5151170837402343,0.0
,5111,,,,,66.54052734375,-29.1961669921875,0.8258653747558594,-0.47751654052734377,0.0
,5112,,,,,70.4132080078125,-20.2972412109375,0.85020732421875,-0.4313186279296875,0.0
,5113,,,,,68.133544921875,-20.2972412109375,0.8744456909179688,-0.40718384399414065,0.0
,5114,,,,,72.6104736328125,-7.87353515625,0.8815929016113282,-0.39340733642578124,0.0
,5115,,,,,69.90966796875,-7.87353515625,0.91650029296875,-0.3417195373535156,0.0
,5116,,,,,74.5697021484375,4.9713134765625,0.9161895446777344,-0.2954180419921875,0.0
,5117,,,,,70.8892822265625,4.9713134765625,0.9360774353027344,-0.22674266967773438,0.0
,5118,,,,,74.0753173828125,16.3238525390625,0.9291373901367188,-0.16894348754882813,0.0
,5119,,,,,67.67578125,16.3238525390625,0.9236475036621095,-0.13486475830078126,0.0
,5120,,,,,73.3154296875,26.092529296875,0.9228188415527344,-0.05407020263671875,0.0
,5121,,,,,64.7003173828125,26.092529296875,0.9274800659179688,0.027345849609375,0.0
,5122,,,,,69.5159912109375,34.4329833984375,0.9055205200195313,0.07457958984375,0.0
,5123,,,,,62.1368408203125,34.4329833984375,0.9168110412597656,0.15796371459960937,0.0
,5124,,,,,66.3848876953125,41.7938232421875,0.8851147155761719,0.20944434814453125,0.0
,5125,,,,,57.7056884765625,41.7938232421875,0.8946443298339845,0.2807092895507813,0.0
,5126,,,,,59.6832275390625,45.22705078125,0.8749636047363282,0.36160742797851564,0.0
,5127,,,,,54.9224853515625,45.22705078125,0.8454425170898437,0.4075981750488281,0.0
,5128,,,,,55.84716796875,46.820068359375,0.854454217529297,0.48145268554687504,0.0
,5129,,,,,47.0306396484375,50.42724609375,0.8300086853027344,0.5276505981445313,0.0
,5130,,,,,12.6434326171875,52.9541015625,0.8169572570800782,0.5707410278320313,0.0
,5131,,,,,27.6763916015625,56.50634765625,0.7683769409179688,0.5632830688476562,0.0
,5132,,,,,29.864501953125,60.296630859375,0.7649587097167969,0.610723974609375,0.0
,5133,,,,,27.0538330078125,64.398193359375,0.6939009338378906,0.6258470581054688,0.0
,5134,,,,,28.912353515625,67.620849609375,0.6730807983398438,0.6842677368164063,0.0
,5135,,,,,18.9239501953125,69.818115234375,0.5907325012207032,0.6685231567382812,0.0
,5136,,,,,20.2239990234375,72.0703125,0.5614185791015626,0.6820924987792969,0.0
,5137,,,,,9.9700927734375,74.01123046875,0.47213023681640626,0.7235256042480469,0.0
,5138,,,,,10.8489990234375,75.5401611328125,0.4407446594238281,0.7988302734375,0.0
,5139,,,,,3.47900390625,76.2451171875,0.3791129150390625,0.8374666442871094,0.0
,5140,,,,,3.6346435546875,76.5289306640625,0.29655745239257814,0.8597369384765625,0.0
,5141,,,,,-1.5472412109375,76.4190673828125,0.17868026733398437,0.8606691833496094,0.0
,5142,,,,,-1.6845703125,76.1810302734375,0.13248235473632813,0.8969231506347657,0.0
,5143,,,,,-7.03125,75.5767822265625,0.07033269653320312,0.9009628784179687,0.0
,5144,,,,,-7.745361328125,74.3408203125,0.0352181396484375,0.9220937622070313,0.0
,5145,,,,,-10.7025146484375,72.2259521484375,-0.01823056640625,0.935559521484375,0.0
,5146,,,,,-16.0400390625,70.147705078125,-0.06028516845703125,0.9359738525390625,0.0
,5147,,,,,-20.8831787109375,67.8680419921875,-0.09446748046875,0.9302768005371094,0.0
,5148,,,,,-26.3671875,65.753173828125,-0.12088108520507813,0.9410494079589844,0.0
,5149,,,,,-32.70263671875,63.226318359375,-0.16645750122070313,0.9142214721679688,0.0
,5150,,,,,-38.214111328125,61.1297607421875,-0.20654403076171876,0.8825251464843751,0.0
,5151,,,,,-42.8009033203125,58.92333984375,-0.2766695617675781,0.8317695922851562,0.0
,5152,,,,,-46.9757080078125,56.3507080078125,-0.3384048889160156,0.7964478698730469,0.0
,5153,,,,,-53.0731201171875,50.28076171875,-0.40718384399414065,0.7674446960449219,0.0
,5154,,,,,-55.0323486328125,50.28076171875,-0.4768950439453125,0.7194858764648437,0.0
,5155,,,,,-59.4635009765625,44.622802734375,-0.5400805297851563,0.6732879638671875,0.0
,5156,,,,,-60.406494140625,44.622802734375,-0.5844139526367188,0.6382769897460938,0.0
,5157,,,,,-65.753173828125,36.7401123046875,-0.6443883728027344,0.6062699157714844,0.0
,5158,,,,,-65.95458984375,36.7401123046875,-0.6956618408203126,0.5633866516113282,0.0
,5159,,,,,-68.59130859375,31.6864013671875,-0.7539789367675781,0.5007190795898437,0.0
,5160,,,,,-67.6116943359375,31.6864013671875,-0.7912687316894531,0.496368603515625,0.0
,5161,,,,,-70.5413818359375,24.42626953125,-0.8466855102539063,0.45017069091796874,0.0
,5162,,,,,-68.426513671875,24.42626953125,-0.8739277770996094,0.44115899047851564,0.0
,5163,,,,,-72.3358154296875,13.2568359375,-0.8870827880859375,0.405215771484375,0.0
,5164,,,,,-84.85107421875,-13.2843017578125,-0.9079029235839844,0.3776627563476563,0.0
,5165,,,,,-76.6571044921875,-3.826904296875,-0.9382526733398437,0.30070076293945314,0.0
,5166,,,,,-73.0133056640625,-3.826904296875,-0.9145322204589844,0.30080434570312503,0.0
,5167,,,,,-73.9837646484375,-11.114501953125,-0.9409458251953126,0.21804171752929688,0.0
,5168,,,,,-67.4652099609375,-11.114501953125,-0.9364917663574219,0.1836522399902344,0.0
,5169,,,,,-74.029541015625,-22.4945068359375,-0.9428103149414063,0.09187791137695313,0.0
,5170,,,,,-66.650390625,-22.4945068359375,-0.9137035583496094,0.054795281982421874,0.0
,5171,,,,,-71.7041015625,-31.2469482421875,-0.918261199951172,-0.022684625244140624,0.0
,5172,,,,,-64.8834228515625,-31.2469482421875,-0.9050026062011719,-0.078722900390625,0.0
,5173,,,,,-69.671630859375,-39.5416259765625,-0.9062455993652344,-0.14936634521484377,0.0
,5174,,,,,-61.3311767578125,-39.5416259765625,-0.8946443298339845,-0.18665614013671875,0.0
,5175,,,,,-63.3819580078125,-43.0938720703125,-0.8985804748535157,-0.3174811706542969,0.0
,5176,,,,,-58.502197265625,-43.0938720703125,-0.8649160766601562,-0.34638076171875,0.0
,5177,,,,,-61.669921875,-48.577880859375,-0.8323910888671875,-0.42500007934570316,0.0
,5178,,,,,-52.734375,-48.577880859375,-0.7941690490722656,-0.4603218017578125,0.0
,5179,,,,,-53.6224365234375,-50.1251220703125,-0.7968622009277344,-0.5132525939941407,0.0
,5180,,,,,-43.32275390625,-53.13720703125,-0.7687912719726563,-0.5368694641113282,0.0
,5181,,,,,-45.15380859375,-56.304931640625,-0.7567756713867188,-0.5737449279785156,0.0
,5182,,,,,-32.1533203125,-60.223388671875,-0.7420669189453125,-0.5956008911132813,0.0
,5183,,,,,-34.3963623046875,-64.0960693359375,-0.6879967163085938,-0.6263649719238281,0.0
,5184,,,,,-24.0325927734375,-67.144775390625,-0.658786376953125,-0.6494639282226563,0.0
,5185,,,,,-25.689697265625,-70.01953125,-0.6001585327148438,-0.6838534057617188,0.0
,5186,,,,,-15.234375,-72.4456787109375,-0.5178102355957032,-0.7086096862792969,0.0
,5187,,,,,-16.6168212890625,-74.835205078125,-0.458250146484375,-0.746624560546875,0.0
,5188,,,,,-8.4869384765625,-76.2451171875,-0.4094626647949219,-0.7710700927734375,0.0
,5189,,,,,-8.67919921875,-76.5838623046875,-0.3377833923339844,-0.8061846496582031,0.0
,5190,,,,,-0.7965087890625,-76.57470703125,-0.25243119506835937,-0.8500001586914063,0.0
,5191,,,,,-0.7965087890625,-76.57470703125,-0.17961251220703126,-0.8621193420410157,0.0
,5192,,,,,3.7628173828125,-76.0528564453125,-0.13434684448242187,-0.8986840576171875,0.0
,5193,,,,,4.3487548828125,-75.0457763671875,-0.07095419311523438,-0.9097674133300782,0.0
,5194,,,,,11.700439453125,-73.333740234375,0.004246893310546875,-0.9094566650390625,0.0
,5195,,,,,12.689208984375,-71.612548828125,0.03625396728515625,-0.9249940795898438,0.0
,5196,,,,,15.6829833984375,-69.9554443359375,0.08690593872070312,-0.9242690002441406,0.0
,5197,,,,,21.3134765625,-67.584228515625,0.08514503173828125,-0.9460213806152344,0.0
,5198,,,,,27.6397705078125,-64.8468017578125,0.14149405517578126,-0.9159823791503906,0.0
,5199,,,,,33.4991455078125,-62.9425048828125,0.1470875244140625,-0.9086280029296875,0.0
,5200,,,,,38.836669921875,-60.75439453125,0.22612117309570312,-0.8741349426269531,0.0
,5201,,,,,43.83544921875,-58.575439453125,0.25294910888671873,-0.8660554870605469,0.0
,5202,,,,,50.7476806640625,-52.532958984375,0.31323427734375003,-0.82700478515625,0.0
,5203,,,,,53.1646728515625,-52.532958984375,0.3500061584472656,-0.7762492309570312,0.0
,5204,,,,,58.1268310546875,-47.1221923828125,0.3986900573730469,-0.7399952636718751,0.0
,5205,,,,,59.4635009765625,-47.1221923828125,0.48031327514648436,-0.6893432922363282,0.0
,5206,,,,,64.6270751953125,-39.8529052734375,0.5737449279785156,-0.6406593933105469,0.0
,5207,,,,,65.3045654296875,-39.8529052734375,0.6179747680664063,-0.6253291442871094,0.0
,5208,,,,,69.8822021484375,-32.33642578125,0.6780527709960937,-0.6017122741699219,0.0
,5209,,,,,69.305419921875,-32.33642578125,0.7342982116699219,-0.5558251098632813,0.0
,5210,,,,,71.795654296875,-26.0101318359375,0.7663052856445313,-0.5176030700683594,0.0
,5211,,,,,69.6533203125,-26.0101318359375,0.8157142639160156,-0.4641543640136719,0.0
,5212,,,,,72.3724365234375,-17.596435546875,0.8400562133789062,-0.43162937622070313,0.0
,5213,,,,,69.9371337890625,-17.596435546875,0.8674020629882813,-0.38563862915039065,0.0
,5214,,,,,74.267578125,-5.7952880859375,0.9021022888183594,-0.3481416687011719,0.0
,5215,,,,,71.0906982421875,-5.7952880859375,0.9145322204589844,-0.3344687438964844,0.0
,5216,,,,,74.7161865234375,6.0699462890625,0.8836645568847656,-0.29469296264648437,0.0
,5217,,,,,71.759033203125,6.0699462890625,0.8913296813964844,-0.24217650146484376,0.0
,5218,,,,,76.007080078125,18.072509765625,0.8909153503417969,-0.18064833984375,0.0
,5219,,,,,69.049072265625,18.072509765625,0.9014807922363282,-0.11052280883789063,0.0
,5220,,,,,74.30419921875,27.1820068359375,0.9112175720214845,-0.032007073974609376,0.0
,5221,,,,,68.206787109375,27.1820068359375,0.9034488647460938,0.03211065673828125,0.0
,5222,,,,,73.187255859375,35.8062744140625,0.8659519042968751,0.08069097290039062,0.0
,5223,,,,,64.764404296875,35.8062744140625,0.8841824707031251,0.16262493896484376,0.0
,5224,,,,,67.584228515625,40.68603515625,0.8701987976074219,0.23637586669921876,0.0
,5225,,,,,62.58544921875,40.68603515625,0.8763101806640625,0.30805513916015625,0.0
,5226,,,,,65.7440185546875,46.160888671875,0.8761030151367187,0.391128515625,0.0
,5227,,,,,58.282470703125,46.160888671875,0.8579760314941407,0.43939808349609377,0.0
,5228,,,,,60.3424072265625,49.7314453125,0.8553864624023437,0.5058982177734375,0.0
,5229,,,,,48.687744140625,49.7314453125,0.8073240600585938,0.5241287841796876,0.0
,5230,,,,,10.748291015625,53.228759765625,0.8075312255859375,0.5838960388183594,0.0
,5231,,,,,28.2440185546875,57.38525390625,0.7701378479003906,0.6021266052246094,0.0
,5232,,,,,30.2581787109375,60.8642578125,0.7628870544433594,0.6435597106933594,0.0
,5233,,,,,29.736328125,64.16015625,0.6633440185546875,0.620667919921875,0.0
,5234,,,,,31.585693359375,67.364501953125,0.6510176696777344,0.6652085083007813,0.0
,5235,,,,,20.4345703125,70.0836181640625,0.5429808471679688,0.6420059692382812,0.0
,5236,,,,,21.734619140625,72.3358154296875,0.5307580810546875,0.7157568969726563,0.0
,5237,,,,,13.165283203125,73.5626220703125,0.46260062255859374,0.7688948547363281,0.0
,5238,,,,,13.51318359375,74.1668701171875,0.4114307373046875,0.8209969848632813,0.0
,5239,,,,,3.3050537109375,74.2584228515625,0.34503418579101564,0.8542470520019532,0.0
,5240,,,,,3.5980224609375,74.761962890625,0.2868206726074219,0.8872899536132812,0.0
,5241,,,,,-1.4739990234375,74.5330810546875,0.20208997192382813,0.8969231506347657,0.0
,5242,,,,,-1.7120361328125,74.12109375,0.14781260375976563,0.9216794311523437,0.0
,5243,,,,,-8.4228515625,73.71826171875,0.10555083618164063,0.9542044189453125,0.0
,5244,,,,,-9.063720703125,72.6104736328125,0.061735327148437505,0.9660128540039062,0.0
,5245,,,,,-11.4532470703125,70.587158203125,0.019887890625,0.9792714477539063,0.0
,5246,,,,,-15.8477783203125,68.5546875,-0.023098956298828126,0.9740923095703126,0.0
,5247,,,,,-21.0845947265625,66.1651611328125,-0.07934439697265626,0.9376311767578125,0.0
,5248,,,,,-27.3834228515625,63.46435546875,-0.11735927124023438,0.9207471862792969,0.0
,5249,,,,,-33.5906982421875,60.992431640625,-0.15899954223632812,0.9115283203125,0.0
,5250,,,,,-38.7176513671875,58.740234375,-0.20499028930664062,0.8838717224121094,0.0
,5251,,,,,-45.52001953125,53.28369140625,-0.2669327819824219,0.8509324035644531,0.0
,5252,,,,,-48.96240234375,53.28369140625,-0.3078479736328125,0.8189253295898438,0.0
,5253,,,,,-55.078125,47.515869140625,-0.36896180419921876,0.7814283691406251,0.0
,5254,,,,,-56.7169189453125,47.515869140625,-0.44022674560546876,0.741652587890625,0.0
,5255,,,,,-61.7706298828125,41.1712646484375,-0.4935718688964844,0.7140995727539062,0.0
,5256,,,,,-62.8509521484375,41.1712646484375,-0.5528212097167969,0.6441812072753906,0.0
,5257,,,,,-67.41943359375,34.295654296875,-0.619010595703125,0.6116562194824219,0.0
,5258,,,,,-67.2271728515625,34.295654296875,-0.693590185546875,0.5633866516113282,0.0
,5259,,,,,-70.0103759765625,27.86865234375,-0.7312943115234375,0.5239216186523438,0.0
,5260,,,,,-68.6737060546875,27.86865234375,-0.7653730407714844,0.4951256103515625,0.0
,5261,,,,,-70.3216552734375,22.5860595703125,-0.8183038330078125,0.43597985229492187,0.0
,5262,,,,,-68.44482421875,22.5860595703125,-0.8582867797851563,0.39568615722656253,0.0
,5263,,,,,-72.9217529296875,11.6455078125,-0.8928834228515625,0.3570497863769531,0.0
,5264,,,,,-83.60595703125,-11.6729736328125,-0.8888436950683594,0.35155989990234376,0.0
,5265,,,,,-75.787353515625,-2.6275634765625,-0.9143250549316406,0.2859920104980469,0.0
,5266,,,,,-73.2879638671875,-2.6275634765625,-0.928930224609375,0.2597855712890625,0.0
,5267,,,,,-75.3204345703125,-11.151123046875,-0.9378383422851563,0.17671219482421877,0.0
,5268,,,,,-69.10400390625,-11.151123046875,-0.9110104064941407,0.14418720703125001,0.0
,5269,,,,,-75.494384765625,-22.2198486328125,-0.9146358032226563,0.06670729980468751,0.0
,5270,,,,,-69.17724609375,-22.2198486328125,-0.905727685546875,0.033146484375,0.0
,5271,,,,,-73.5992431640625,-29.8919677734375,-0.9073850097656251,-0.0493053955078125,0.0
,5272,,,,,-66.1468505859375,-29.8919677734375,-0.8913296813964844,-0.10140752563476563,0.0
,5273,,,,,-70.9808349609375,-38.2781982421875,-0.9145322204589844,-0.168218408203125,0.0
,5274,,,,,-63.5009765625,-38.2781982421875,-0.8866684570312501,-0.231196728515625,0.0
,5275,,,,,-65.130615234375,-41.0980224609375,-0.8867720397949219,-0.3476237548828125,0.0
,5276,,,,,-60.4339599609375,-41.0980224609375,-0.8463747619628906,-0.3725872009277344,0.0
,5277,,,,,-63.4918212890625,-46.39892578125,-0.8385024719238281,-0.45255309448242187,0.0
,5278,,,,,-53.4759521484375,-46.39892578125,-0.8327018371582031,-0.4798989440917969,0.0
,5279,,,,,-54.4647216796875,-48.1109619140625,-0.8205826538085937,-0.5345906433105468,0.0
,5280,,,,,-43.011474609375,-51.251220703125,-0.8246223815917969,-0.5578967651367188,0.0
,5281,,,,,-45.025634765625,-54.730224609375,-0.8076348083496094,-0.6023337707519532,0.0
,5282,,,,,-31.60400390625,-58.9874267578125,-0.7900257385253906,-0.6395199829101562,0.0
,5283,,,,,-33.6181640625,-62.4755859375,-0.7346089599609376,-0.6716306396484375,0.0
,5284,,,,,-24.1241455078125,-65.3961181640625,-0.6898612060546875,-0.6944188476562501,0.0
,5285,,,,,-25.5706787109375,-67.913818359375,-0.6265721374511719,-0.7259080078125,0.0
,5286,,,,,-14.9322509765625,-70.1934814453125,-0.5548928649902344,-0.7551183471679688,0.0
,5287,,,,,-16.22314453125,-72.4273681640625,-0.5107666076660157,-0.8043201599121094,0.0
,5288,,,,,-8.001708984375,-73.5076904296875,-0.44644171142578126,-0.8332197509765625,0.0
,5289,,,,,-8.45947265625,-74.30419921875,-0.37196570434570314,-0.841920703125,0.0
,5290,,,,,1.226806640625,-74.4873046875,-0.3177919189453125,-0.8618085937500001,0.0
,5291,,,,,1.2451171875,-74.4598388671875,-0.23461495971679688,-0.8740313598632813,0.0
,5292,,,,,6.280517578125,-73.992919921875,-0.17008289794921874,-0.8902938537597657,0.0
,5293,,,,,6.73828125,-73.1964111328125,-0.10990131225585938,-0.9038631958007812,0.0
,5294,,,,,14.208984375,-72.0977783203125,-0.06132099609375,-0.93307353515625,0.0
,5295,,,,,14.8956298828125,-70.9075927734375,-0.004661224365234375,-0.9287230590820312,0.0
,5296,,,,,17.6605224609375,-69.2413330078125,0.07240435180664062,-0.9235439208984375,0.0
,5297,,,,,22.8973388671875,-67.0623779296875,0.06815745849609375,-0.9380455078125001,0.0
,5298,,,,,28.30810546875,-64.5538330078125,0.12916770629882812,-0.9269621520996094,0.0
,5299,,,,,34.7625732421875,-61.7431640625,0.14770902099609376,-0.9201256896972656,0.0
,5300,,,,,40.869140625,-58.9691162109375,0.206336865234375,-0.9009628784179687,0.0
,5301,,,,,45.66650390625,-56.341552734375,0.24590548095703127,-0.8640874145507813,0.0
,5302,,,,,51.9378662109375,-50.299072265625,0.30070076293945314,-0.842024285888672,0.0
,5303,,,,,54.656982421875,-50.299072265625,0.3302218505859375,-0.8026628356933594,0.0
,5304,,,,,60.2142333984375,-44.9249267578125,0.3910249328613281,-0.7800817932128906,0.0
,5305,,,,,61.5142822265625,-44.9249267578125,0.46974783325195313,-0.7340910461425781,0.0
,5306,,,,,66.815185546875,-37.1978759765625,0.5211248840332031,-0.6999087341308594,0.0
,5307,,,,,67.218017578125,-37.1978759765625,0.5886608459472656,-0.6491531799316407,0.0
,5308,,,,,70.3948974609375,-31.97021484375,0.6652085083007813,-0.5974653808593751,0.0
,5309,,,,,70.037841796875,-31.97021484375,0.7305692321777344,-0.5370766296386719,0.0
,5310,,,,,71.6400146484375,-27.813720703125,0.7723130859375,-0.49678293457031253,0.0
,5311,,,,,70.0927734375,-27.813720703125,0.8338412475585938,-0.43753359375,0.0
,5312,,,,,73.7274169921875,-17.9534912109375,0.8671948974609375,-0.4094626647949219,0.0
,5313,,,,,71.1273193359375,-17.9534912109375,0.9047954406738281,-0.38056307373046877,0.0
,5314,,,,,75.0732421875,-6.8206787109375,0.9035524475097656,-0.36440416259765623,0.0
,5315,,,,,72.0977783203125,-6.8206787109375,0.9137035583496094,-0.31820625,0.0
,5316,,,,,76.153564453125,6.207275390625,0.909974578857422,-0.2589569091796875,0.0
,5317,,,,,73.2330322265625,6.207275390625,0.9194006103515625,-0.2042652099609375,0.0
,5318,,,,,76.666259765625,15.9942626953125,0.9127713134765625,-0.13610775146484375,0.0
,5319,,,,,71.1822509765625,15.9942626953125,0.94136015625,-0.06805387573242187,0.0
,5320,,,,,76.6387939453125,25.433349609375,0.9126677307128906,-0.0070436279296875,0.0
,5321,,,,,68.6004638671875,25.433349609375,0.9255119934082031,0.0708506103515625,0.0
,5322,,,,,73.187255859375,33.380126953125,0.9221973449707032,0.14087255859375,0.0
,5323,,,,,65.5242919921875,33.380126953125,0.9317269592285157,0.21493423461914063,0.0
,5324,,,,,68.7469482421875,38.9556884765625,0.9258227416992187,0.2752194030761719,0.0
,5325,,,,,61.5692138671875,38.9556884765625,0.9328663696289062,0.3506276550292969,0.0
,5326,,,,,63.9678955078125,43.1121826171875,0.9255119934082031,0.4268645690917969,0.0
,5327,,,,,56.8817138671875,43.1121826171875,0.9085244201660156,0.46974783325195313,0.0
,5328,,,,,60.1226806640625,48.724365234375,0.9094566650390625,0.5431880126953125,0.0
,5329,,,,,47.442626953125,48.724365234375,0.8733062805175782,0.5405984436035156,0.0
,5330,,,,,10.3363037109375,51.37939453125,0.8807642395019532,0.6020230224609375,0.0
,5331,,,,,25.469970703125,54.6478271484375,0.8091885498046876,0.5967403015136719,0.0
,5332,,,,,27.5665283203125,58.2916259765625,0.7791495483398437,0.625639892578125,0.0
,5333,,,,,26.9805908203125,62.3199462890625,0.6934866027832032,0.6304046997070313,0.0
,5334,,,,,28.82080078125,65.5059814453125,0.6693518188476563,0.6822996643066407,0.0
,5335,,,,,19.0155029296875,67.93212890625,0.604094677734375,0.6812638366699219,0.0
,5336,,,,,20.7183837890625,70.880126953125,0.5993298706054687,0.7538753540039063,0.0
,5337,,,,,9.9151611328125,73.1964111328125,0.4976115966796875,0.766512451171875,0.0
,5338,,,,,10.693359375,74.5513916015625,0.46726184692382816,0.8235865539550782,0.0
,5339,,,,,2.08740234375,75.018310546875,0.40635518188476566,0.8433708618164063,0.0
,5340,,,,,2.178955078125,75.1739501953125,0.35963935546875003,0.8777603393554688,0.0
,5341,,,,,-5.6854248046875,74.8992919921875,0.25926765747070313,0.8888436950683594,0.0
,5342,,,,,-5.9051513671875,74.5147705078125,0.18800271606445312,0.9074885925292969,0.0
,5343,,,,,-11.0870361328125,73.480224609375,0.1230563232421875,0.9329699523925782,0.0
,5344,,,,,-11.7462158203125,72.3358154296875,0.09467464599609375,0.9590728088378907,0.0
,5345,,,,,-14.6575927734375,70.623779296875,0.043608343505859376,0.9709848266601563,0.0
,5346,,,,,-19.427490234375,68.6279296875,-0.006629296875,0.9548259155273437,0.0
,5347,,,,,-23.6846923828125,66.61376953125,-0.05945650634765625,0.9303803833007813,0.0
,5348,,,,,-29.00390625,64.6087646484375,-0.1031684326171875,0.9102853271484376,0.0
,5349,,,,,-35.1837158203125,62.0086669921875,-0.15609922485351563,0.8848039672851563,0.0
,5350,,,,,-40.8233642578125,59.4818115234375,-0.1835486572265625,0.8590118591308594,0.0
,5351,,,,,-47.222900390625,54.3548583984375,-0.22808924560546875,0.8410920410156251,0.0
,5352,,,,,-50.482177734375,54.3548583984375,-0.29355355224609375,0.8010055114746094,0.0
,5353,,,,,-56.964111328125,48.6053466796875,-0.3653364074707031,0.7648551269531251,0.0
,5354,,,,,-59.14306640625,48.6053466796875,-0.42292842407226566,0.7189679626464844,0.0
,5355,,,,,-63.7664794921875,43.02978515625,-0.5095236145019532,0.668730322265625,0.0
,5356,,,,,-64.4622802734375,43.02978515625,-0.5845175354003906,0.6101024780273437,0.0
,5357,,,,,-69.0673828125,36.236572265625,-0.6590971252441407,0.5546856994628906,0.0
,5358,,,,,-69.342041015625,36.236572265625,-0.7088168518066407,0.5221607116699218,0.0
,5359,,,,,-70.623779296875,32.9132080078125,-0.7531502746582032,0.4843530029296875,0.0
,5360,,,,,-69.561767578125,32.9132080078125,-0.8012126770019532,0.4641543640136719,0.0
,5361,,,,,-72.5555419921875,25.9368896484375,-0.8542470520019532,0.4127773132324219,0.0
,5362,,,,,-70.27587890625,25.9368896484375,-0.864294580078125,0.38563862915039065,0.0
,5363,,,,,-74.505615234375,13.861083984375,-0.8754815185546875,0.36357550048828124,0.0
,5364,,,,,-87.762451171875,-13.8885498046875,-0.8783818359375001,0.36699373168945315,0.0
,5365,,,,,-78.9093017578125,-3.5430908203125,-0.9112175720214845,0.31116262207031253,0.0
,5366,,,,,-75.238037109375,-3.5430908203125,-0.9144286376953126,0.27501223754882814,0.0
,5367,,,,,-75.823974609375,-9.9700927734375,-0.9441568908691407,0.1794053466796875,0.0
,5368,,,,,-73.2421875,-9.9700927734375,-0.9610408813476563,0.13279310302734376,0.0
,5369,,,,,-76.3275146484375,-19.9127197265625,-0.9611444641113281,0.04785523681640625,0.0
,5370,,,,,-68.8201904296875,-19.9127197265625,-0.9451927185058594,0.008390203857421875,0.0
,5371,,,,,-73.5260009765625,-28.0517578125,-0.9701561645507812,-0.09001342163085937,0.0
,5372,,,,,-66.1834716796875,-28.0517578125,-0.9462285461425781,-0.12616380615234377,0.0
,5373,,,,,-70.770263671875,-36.0076904296875,-0.9688095886230469,-0.19618575439453126,0.0
,5374,,,,,-60.9375,-36.0076904296875,-0.9321412902832031,-0.23337196655273437,0.0
,5375,,,,,-63.153076171875,-39.8529052734375,-0.9303803833007813,-0.3456556823730469,0.0
,5376,,,,,-58.2733154296875,-39.8529052734375,-0.9009628784179687,-0.3986900573730469,0.0
,5377,,,,,-61.761474609375,-45.8953857421875,-0.8823179809570313,-0.4572143188476563,0.0
,5378,,,,,-52.5421142578125,-45.8953857421875,-0.8534183898925781,-0.47938103027343754,0.0
,5379,,,,,-53.485107421875,-47.5250244140625,-0.8397454650878906,-0.5308616638183594,0.0
,5380,,,,,-42.73681640625,-50.6561279296875,-0.8323910888671875,-0.5680478759765625,0.0
,5381,,,,,-44.970703125,-54.5379638671875,-0.8237937194824219,-0.6057520019531251,0.0
,5382,,,,,-26.11083984375,-58.9691162109375,-0.7903364868164062,-0.6004692810058594,0.0
,5383,,,,,-28.45458984375,-63.02490234375,-0.7384415222167969,-0.6178711853027344,0.0
,5384,,,,,-22.3663330078125,-66.4398193359375,-0.7303620666503906,-0.6826104125976563,0.0
,5385,,,,,-23.9410400390625,-69.17724609375,-0.6725628845214844,-0.7163783935546876,0.0
,5386,,,,,-12.5244140625,-71.356201171875,-0.5823422973632812,-0.7275653320312501,0.0
,5387,,,,,-13.494873046875,-73.040771484375,-0.5156349975585938,-0.7541861022949219,0.0
,5388,,,,,-4.302978515625,-74.4415283203125,-0.4757556335449219,-0.8009019287109376,0.0
,5389,,,,,-5.0628662109375,-75.7598876953125,-0.408530419921875,-0.8182002502441407,0.0
,5390,,,,,4.5135498046875,-75.9613037109375,-0.3481416687011719,-0.8531076416015625,0.0
,5391,,,,,4.6142578125,-75.787353515625,-0.24922012939453125,-0.8596333557128907,0.0
,5392,,,,,8.7066650390625,-75.2197265625,-0.18137341918945313,-0.8869792053222657,0.0
,5393,,,,,8.9630126953125,-74.7711181640625,-0.11922376098632813,-0.8878078674316406,0.0
,5394,,,,,15.618896484375,-73.53515625,-0.038947119140625,-0.8893616088867188,0.0
,5395,,,,,16.5069580078125,-71.9970703125,0.0020716552734375,-0.8973374816894532,0.0
,5396,,,,,18.93310546875,-70.3216552734375,0.07975872802734375,-0.8696808837890625,0.0
,5397,,,,,24.1058349609375,-68.499755859375,0.08110530395507813,-0.8943335815429688,0.0
,5398,,,,,29.4525146484375,-66.3665771484375,0.12191691284179688,-0.9068670959472657,0.0
,5399,,,,,35.8795166015625,-63.5284423828125,0.1563063903808594,-0.88003916015625,0.0
,5400,,,,,41.6290283203125,-60.5621337890625,0.22208144531250001,-0.8466855102539063,0.0
,5401,,,,,46.0784912109375,-58.2275390625,0.23958693237304687,-0.8143676879882813,0.0
,5402,,,,,52.6336669921875,-52.3773193359375,0.31344144287109377,-0.7995553527832031,0.0
,5403,,,,,55.1971435546875,-52.3773193359375,0.35446021728515625,-0.7668231994628907,0.0
,5404,,,,,60.3607177734375,-47.1038818359375,0.44012316284179687,-0.72093603515625,0.0
,5405,,,,,61.6607666015625,-47.1038818359375,0.4974044311523438,-0.6822996643066407,0.0
,5406,,,,,66.4947509765625,-40.4571533203125,0.5628687377929688,-0.63806982421875,0.0
,5407,,,,,66.76025390625,-40.4571533203125,0.6412808898925781,-0.5723983520507813,0.0
,5408,,,,,69.012451171875,-36.474609375,0.718450048828125,-0.5207105529785157,0.0
,5409,,,,,67.9962158203125,-36.474609375,0.7655802062988282,-0.4769986267089844,0.0
,5410,,,,,70.2484130859375,-30.084228515625,0.7988302734375,-0.47503055419921875,0.0
,5411,,,,,68.0419921875,-30.084228515625,0.8487571655273438,-0.4379479248046875,0.0
,5412,,,,,71.392822265625,-19.73876953125,0.8859433776855469,-0.41339880981445315,0.0
,5413,,,,,68.6920166015625,-19.73876953125,0.9064527648925782,-0.3692725524902344,0.0
,5414,,,,,72.9583740234375,-7.6171875,0.9113211547851563,-0.3460700134277344,0.0
,5415,,,,,69.6807861328125,-7.6171875,0.943846142578125,-0.2952108764648438,0.0
,5416,,,,,73.2421875,3.4881591796875,0.9258227416992187,-0.2744943237304688,0.0
,5417,,,,,70.6695556640625,3.4881591796875,0.9459177978515625,-0.19794666137695313,0.0
,5418,,,,,73.828125,13.3575439453125,0.9491288635253906,-0.11818793334960938,0.0
,5419,,,,,67.0623779296875,13.3575439453125,0.9531685913085938,-0.05189496459960938,0.0
,5420,,,,,73.187255859375,23.9593505859375,0.9296553039550781,-0.000310748291015625,0.0
,5421,,,,,66.650390625,23.9593505859375,0.9456070495605469,0.07364734497070313,0.0
,5422,,,,,70.9716796875,31.45751953125,0.9508897705078125,0.14439437255859375,0.0
,5423,,,,,62.713623046875,31.45751953125,0.9436389770507813,0.20923718261718752,0.0
,5424,,,,,67.4102783203125,39.5782470703125,0.9087315856933594,0.2440409912109375,0.0
,5425,,,,,58.685302734375,39.5782470703125,0.9021022888183594,0.3096088806152344,0.0
,5426,,,,,60.9832763671875,43.560791015625,0.8864612915039063,0.3806666564941406,0.0
,5427,,,,,53.86962890625,43.560791015625,0.8871863708496094,0.4376371765136719,0.0
,5428,,,,,57.293701171875,49.5025634765625,0.9028273681640625,0.5068304626464843,0.0
,5429,,,,,46.9940185546875,49.5025634765625,0.8618085937500001,0.5385267883300782,0.0
,5430,,,,,11.1236572265625,51.1871337890625,0.859322607421875,0.58835009765625,0.0
,5431,,,,,19.921875,54.9224853515625,0.7977944458007813,0.5769559936523437,0.0
,5432,,,,,22.283935546875,59.014892578125,0.7841215209960938,0.6213929992675782,0.0
,5433,,,,,26.1566162109375,62.7410888671875,0.7296369873046875,0.6300939514160157,0.0
,5434,,,,,27.6397705078125,65.3045654296875,0.7064344482421875,0.6727700500488282,0.0
,5435,,,,,16.2872314453125,67.7764892578125,0.614970867919922,0.6659335876464844,0.0
,5436,,,,,17.7337646484375,70.294189453125,0.5757130004882812,0.6881002990722657,0.0
,5437,,,,,8.294677734375,72.2625732421875,0.48424942016601563,0.7162748107910156,0.0
,5438,,,,,9.063720703125,73.5992431640625,0.46063255004882814,0.7858824279785156,0.0
,5439,,,,,-0.2197265625,74.688720703125,0.3944431640625,0.7972765319824219,0.0
,5440,,,,,0.3387451171875,75.6591796875,0.3465879272460938,0.8525897277832032,0.0
,5441,,,,,-4.6051025390625,76.1077880859375,0.2530526916503906,0.8680235595703125,0.0
,5442,,,,,-4.8065185546875,75.7598876953125,0.2068547790527344,0.8920547607421875,0.0
,5443,,,,,-10.821533203125,74.8260498046875,0.13113577880859376,0.9050026062011719,0.0
,5444,,,,,-11.590576171875,73.49853515625,0.0849378662109375,0.9271693176269532,0.0
,5445,,,,,-13.916015625,71.5576171875,0.006732879638671876,0.9225080932617188,0.0
,5446,,,,,-18.255615234375,69.6533203125,-0.031178411865234377,0.9236475036621095,0.0
,5447,,,,,-23.32763671875,67.584228515625,-0.07944797973632813,0.9194006103515625,0.0
,5448,,,,,-29.2510986328125,65.2130126953125,-0.13134294433593752,0.8942299987792969,0.0
,5449,,,,,-35.028076171875,62.7044677734375,-0.17567636718750002,0.8592190246582031,0.0
,5450,,,,,-39.88037109375,60.662841796875,-0.23150747680664063,0.8531076416015625,0.0
,5451,,,,,-44.8974609375,58.2550048828125,-0.3116805358886719,0.8134354431152344,0.0
,5452,,,,,-49.127197265625,56.3323974609375,-0.36616506958007816,0.7813247863769531,0.0
,5453,,,,,-55.389404296875,50.628662109375,-0.42531082763671874,0.7386486877441406,0.0
,5454,,,,,-57.31201171875,50.628662109375,-0.4893249755859375,0.6782599365234375,0.0
,5455,,,,,-61.614990234375,45.3277587890625,-0.552717626953125,0.6506033386230469,0.0
,5456,,,,,-62.274169921875,45.3277587890625,-0.615695947265625,0.6237754028320313,0.0
,5457,,,,,-66.5313720703125,38.0950927734375,-0.6732879638671875,0.5872106872558593,0.0
,5458,,,,,-66.2567138671875,38.0950927734375,-0.73419462890625,0.5368694641113282,0.0
,5459,,,,,-68.206787109375,33.8104248046875,-0.7761456481933594,0.4923288757324219,0.0
,5460,,,,,-66.8609619140625,33.8104248046875,-0.8077383911132813,0.48052044067382815,0.0
,5461,,,,,-69.90966796875,26.0009765625,-0.8535219726562501,0.45369250488281254,0.0
,5462,,,,,-67.437744140625,26.0009765625,-0.8882221984863281,0.43577268676757813,0.0
,5463,,,,,-71.52099609375,14.410400390625,-0.9257191589355469,0.385327880859375,0.0
,5464,,,,,-85.7025146484375,-14.4378662109375,-0.9294481384277344,0.36606148681640627,0.0
,5465,,,,,-77.0599365234375,-3.5614013671875,-0.9456070495605469,0.30691572875976564,0.0
,5466,,,,,-73.8006591796875,-3.5614013671875,-0.9524435119628907,0.28195228271484374,0.0
,5467,,,,,-74.4232177734375,-9.48486328125,-0.9572083190917969,0.1976359130859375,0.0
,5468,,,,,-71.942138671875,-9.48486328125,-0.938977752685547,0.176505029296875,0.0
,5469,,,,,-75.0732421875,-20.1416015625,-0.9652877746582031,0.08835609741210938,0.0
,5470,,,,,-66.9891357421875,-20.1416015625,-0.9578298156738282,0.055209613037109376,0.0
,5471,,,,,-72.418212890625,-29.5257568359375,-0.9718134887695313,-0.038947119140625,0.0
,5472,,,,,-65.0299072265625,-29.5257568359375,-0.9486109497070313,-0.093638818359375,0.0
,5473,,,,,-69.4244384765625,-37.1337890625,-0.9448819702148438,-0.16790765991210937,0.0
,5474,,,,,-59.967041015625,-37.1337890625,-0.9383562561035157,-0.20167564086914064,0.0
,5475,,,,,-63.262939453125,-42.8466796875,-0.9286194763183594,-0.30080434570312503,0.0
,5476,,,,,-56.707763671875,-42.8466796875,-0.9067635131835938,-0.3601572692871094,0.0
,5477,,,,,-59.1705322265625,-47.1221923828125,-0.902413037109375,-0.4386730041503906,0.0
,5478,,,,,-51.251220703125,-47.1221923828125,-0.8698880493164063,-0.46726184692382816,0.0
,5479,,,,,-52.001953125,-48.4222412109375,-0.8582867797851563,-0.5254753601074219,0.0
,5480,,,,,-40.8966064453125,-51.873779296875,-0.8227578918457031,-0.5184317321777344,0.0
,5481,,,,,-42.864990234375,-55.279541015625,-0.7934439697265625,-0.5678407104492188,0.0
,5482,,,,,-26.3397216796875,-58.9874267578125,-0.79054365234375,-0.6080308227539063,0.0
,5483,,,,,-28.74755859375,-63.1439208984375,-0.7494212951660156,-0.6344444274902344,0.0
,5484,,,,,-21.624755859375,-66.888427734375,-0.6926579406738281,-0.6492567626953125,0.0
,5485,,,,,-23.3734130859375,-69.9188232421875,-0.6409701416015625,-0.6976299133300782,0.0
,5486,,,,,-12.542724609375,-72.5372314453125,-0.5921826599121094,-0.7451744018554688,0.0
,5487,,,,,-13.6505126953125,-74.4598388671875,-0.5189496459960937,-0.7786316345214844,0.0
,5488,,,,,-5.511474609375,-75.7415771484375,-0.4181636169433594,-0.7833964416503907,0.0
,5489,,,,,-6.005859375,-76.5838623046875,-0.3332257507324219,-0.7991410217285156,0.0
,5490,,,,,1.666259765625,-76.739501953125,-0.2871314208984375,-0.8536255554199219,0.0
,5491,,,,,1.7303466796875,-76.6387939453125,-0.21731663818359376,-0.8726847839355469,0.0
,5492,,,,,6.280517578125,-76.409912109375,-0.12523156127929688,-0.8706131286621094,0.0
,5493,,,,,6.6192626953125,-75.823974609375,-0.07178285522460938,-0.8860469604492188,0.0
,5494,,,,,13.4033203125,-74.4232177734375,-0.0232025390625,-0.9061420166015626,0.0
,5495,,,,,14.2730712890625,-72.91259765625,0.02154521484375,-0.9021022888183594,0.0
,5496,,,,,17.816162109375,-71.00830078125,0.07157568969726563,-0.8952658264160156,0.0
,5497,,,,,22.576904296875,-69.2047119140625,0.08069097290039062,-0.9149465515136719,0.0
,5498,,,,,27.996826171875,-67.0623779296875,0.1496770935058594,-0.9027237854003907,0.0
,5499,,,,,33.123779296875,-64.617919921875,0.17474412231445313,-0.9034488647460938,0.0
,5500,,,,,39.239501953125,-61.6241455078125,0.22850357666015625,-0.8784854187011719,0.0
,5501,,,,,44.4671630859375,-59.1796875,0.2807092895507813,-0.8371558959960937,0.0
,5502,,,,,49.9786376953125,-54.656982421875,0.34316969604492187,-0.8156106811523438,0.0
,5503,,,,,52.3406982421875,-54.656982421875,0.3610895141601563,-0.8246223815917969,0.0
,5504,,,,,58.062744140625,-47.8546142578125,0.44426647338867187,-0.76734111328125,0.0
,5505,,,,,59.1705322265625,-47.8546142578125,0.5080734558105469,-0.7270474182128907,0.0
,5506,,,,,63.3819580078125,-41.30859375,0.6000549499511719,-0.6936937683105469,0.0
,5507,,,,,63.3819580078125,-41.30859375,0.6453206176757813,-0.6492567626953125,0.0
,5508,,,,,67.5201416015625,-34.0484619140625,0.6985621582031251,-0.5969474670410156,0.0
,5509,,,,,66.9342041015625,-34.0484619140625,0.7749026550292969,-0.5526140441894531,0.0
,5510,,,,,69.0948486328125,-29.33349609375,0.8180966674804688,-0.5043444763183594,0.0
,5511,,,,,67.7398681640625,-29.33349609375,0.8371558959960937,-0.4851816650390625,0.0
,5512,,,,,71.2738037109375,-20.2972412109375,0.8693701354980469,-0.45472833251953126,0.0
,5513,,,,,68.8385009765625,-20.2972412109375,0.8879114501953125,-0.40179754028320314,0.0
,5514,,,,,73.077392578125,-8.4869384765625,0.8868756225585938,-0.37393377685546875,0.0
,5515,,,,,70.4132080078125,-8.4869384765625,0.9252012451171875,-0.3272179504394531,0.0
,5516,,,,,75.4119873046875,5.3009033203125,0.9259263244628907,-0.2911711486816406,0.0
,5517,,,,,71.4202880859375,5.3009033203125,0.9313126281738282,-0.24051917724609376,0.0
,5518,,,,,74.1119384765625,15.8660888671875,0.930691131591797,-0.18603464355468752,0.0
,5519,,,,,67.8131103515625,15.8660888671875,0.9298624694824219,-0.13227518920898437,0.0
,5520,,,,,73.9288330078125,26.4495849609375,0.922300927734375,-0.07716915893554688,0.0
,5521,,,,,65.6890869140625,26.4495849609375,0.9360774353027344,0.014087255859375,0.0
,5522,,,,,70.587158203125,34.9365234375,0.9235439208984375,0.08006947631835938,0.0
,5523,,,,,62.80517578125,34.9365234375,0.9461249633789063,0.16770049438476564,0.0
,5524,,,,,67.254638671875,42.645263671875,0.9130820617675781,0.23482212524414064,0.0
,5525,,,,,58.0169677734375,42.645263671875,0.9093530822753907,0.31209486694335936,0.0
,5526,,,,,60.1226806640625,46.2982177734375,0.9081100891113282,0.38957477416992187,0.0
,5527,,,,,55.7830810546875,46.2982177734375,0.8630515869140625,0.42997205200195315,0.0
,5528,,,,,56.634521484375,47.772216796875,0.8596333557128907,0.4944005310058594,0.0
,5529,,,,,47.8363037109375,51.4068603515625,0.8349806579589844,0.5172923217773437,0.0
,5530,,,,,12.890625,53.7872314453125,0.8179930847167969,0.5587254272460938,0.0
,5531,,,,,27.996826171875,57.01904296875,0.7672375305175781,0.5652511413574219,0.0
,5532,,,,,29.9835205078125,60.4705810546875,0.7668231994628907,0.6238789855957031,0.0
,5533,,,,,27.0538330078125,64.3707275390625,0.6926579406738281,0.6225324096679687,0.0
,5534,,,,,28.985595703125,67.71240234375,0.6893432922363282,0.6820924987792969,0.0
,5535,,,,,18.7957763671875,70.0103759765625,0.5993298706054687,0.6683159912109375,0.0
,5536,,,,,20.1141357421875,72.2991943359375,0.5503352233886719,0.6995979858398438,0.0
,5537,,,,,10.3729248046875,74.6246337890625,0.4541068359375,0.7304656494140626,0.0
,5538,,,,,11.2152099609375,76.0711669921875,0.4140203063964844,0.7840179382324219,0.0
,5539,,,,,3.2501220703125,76.64794921875,0.34627717895507815,0.7799782104492188,0.0
,5540,,,,,3.5888671875,77.23388671875,0.2932428039550781,0.8321839233398438,0.0
,5541,,,,,-1.9134521484375,77.197265625,0.19463201293945312,0.8373630615234375,0.0
,5542,,,,,-1.9500732421875,77.1331787109375,0.15692788696289062,0.8820072326660157,0.0
,5543,,,,,-7.28759765625,76.4556884765625,0.08576652832031251,0.8998234680175782,0.0
,5544,,,,,-8.09326171875,75.054931640625,0.052723626708984374,0.9307947143554688,0.0
,5545,,,,,-15.1702880859375,73.4619140625,-0.0227882080078125,0.926547821044922,0.0
,5546,,,,,-16.0308837890625,71.9696044921875,-0.04454058837890625,0.9432246459960938,0.0
,5547,,,,,-21.002197265625,69.4610595703125,-0.08628444213867188,0.9379419250488281,0.0
,5548,,,,,-26.605224609375,66.961669921875,-0.13538267211914062,0.915671630859375,0.0
,5549,,,,,-32.757568359375,64.068603515625,-0.2042652099609375,0.8671948974609375,0.0
,5550,,,,,-38.397216796875,61.4410400390625,-0.2374116943359375,0.8581831970214844,0.0
,5551,,,,,-43.0938720703125,58.8409423828125,-0.27418357543945315,0.8484464172363282,0.0
,5552,,,,,-47.332763671875,56.2774658203125,-0.33705831298828126,0.8077383911132813,0.0
,5553,,,,,-53.2745361328125,50.9124755859375,-0.4172313720703125,0.7676518615722656,0.0
,5554,,,,,-55.4534912109375,50.9124755859375,-0.48663182373046876,0.7138924072265626,0.0
,5555,,,,,-60.1959228515625,45.0164794921875,-0.5437059265136719,0.6697661499023437,0.0
,5556,,,,,-61.0931396484375,45.0164794921875,-0.6050269226074219,0.6309226135253907,0.0
,5557,,,,,-66.4398193359375,36.822509765625,-0.6524678283691406,0.5838960388183594,0.0
,5558,,,,,-66.46728515625,36.822509765625,-0.7096455139160156,0.5469169921875,0.0
,5559,,,,,-68.9666748046875,31.8695068359375,-0.7558434265136719,0.5126310974121094,0.0
,5560,,,,,-68.060302734375,31.8695068359375,-0.8023520874023438,0.49036080322265624,0.0
,5561,,,,,-71.0357666015625,24.71923828125,-0.8443031066894532,0.45690357055664066,0.0
,5562,,,,,-68.73779296875,24.71923828125,-0.8488607482910157,0.440019580078125,0.0
,5563,,,,,-72.711181640625,13.568115234375,-0.8843896362304687,0.3849135498046875,0.0
,5564,,,,,-85.7940673828125,-13.5955810546875,-0.8944371643066407,0.37900933227539063,0.0
,5565,,,,,-77.142333984375,-3.7353515625,-0.9179504516601563,0.33622965087890627,0.0
,5566,,,,,-73.223876953125,-3.7353515625,-0.9376311767578125,0.30795155639648436,0.0
,5567,,,,,-74.3865966796875,-11.4990234375,-0.9437425598144532,0.21358765869140625,0.0
,5568,,,,,-68.1427001953125,-11.4990234375,-0.9258227416992187,0.1795089294433594,0.0
,5569,,,,,-74.45068359375,-22.430419921875,-0.9601086364746094,0.08017305908203125,0.0
,5570,,,,,-66.6778564453125,-22.430419921875,-0.9448819702148438,0.05293079223632813,0.0
,5571,,,,,-72.3175048828125,-32.1990966796875,-0.9469536254882813,-0.030660498046875,0.0
,5572,,,,,-65.4144287109375,-32.1990966796875,-0.9292409729003906,-0.0932244873046875,0.0
,5573,,,,,-69.8455810546875,-39.8712158203125,-0.9400135803222657,-0.17163663940429688,0.0
,5574,,,,,-61.1663818359375,-39.8712158203125,-0.8983733093261719,-0.21980262451171875,0.0
,5575,,,,,-62.9425048828125,-42.9473876953125,-0.8821108154296875,-0.31592742919921873,0.0
,5576,,,,,-58.48388671875,-42.9473876953125,-0.8425421997070313,-0.3539423034667969,0.0
,5577,,,,,-61.26708984375,-47.7630615234375,-0.8462711791992188,-0.4363941833496094,0.0
,5578,,,,,-52.020263671875,-47.7630615234375,-0.8374666442871094,-0.4785523681640625,0.0
,5579,,,,,-52.7618408203125,-49.0447998046875,-0.8078419738769531,-0.5292043395996094,0.0
,5580,,,,,-41.9769287109375,-51.6998291015625,-0.8081527221679687,-0.5438095092773437,0.0
,5581,,,,,-43.817138671875,-54.8858642578125,-0.7674446960449219,-0.5633866516113282,0.0
,5582,,,,,-31.219482421875,-58.88671875,-0.7468317260742188,-0.5766452453613281,0.0
,5583,,,,,-33.709716796875,-63.1988525390625,-0.7087132690429687,-0.6169389404296876,0.0
,5584,,,,,-22.320556640625,-66.4398193359375,-0.6479101867675782,-0.6557824768066406,0.0
,5585,,,,,-24.224853515625,-69.7265625,-0.5961188049316406,-0.7084025207519532,0.0
,5586,,,,,-15.4541015625,-72.4822998046875,-0.5274434326171875,-0.7391666015625,0.0
,5587,,,,,-16.2872314453125,-73.919677734375,-0.4497563598632813,-0.7589509094238281,0.0
,5588,,,,,-7.6812744140625,-74.81689453125,-0.396929150390625,-0.7882648315429688,0.0
,5589,,,,,-8.09326171875,-75.531005859375,-0.3229710571289063,-0.8085670532226563,0.0
,5590,,,,,-1.922607421875,-75.6500244140625,-0.246112646484375,-0.819546826171875,0.0
,5591,,,,,-1.702880859375,-75.274658203125,-0.19090303344726564,-0.86678056640625,0.0
,5592,,,,,2.947998046875,-74.176025390625,-0.1421155517578125,-0.9084208374023438,0.0
,5593,,,,,3.69873046875,-72.8851318359375,-0.09042775268554688,-0.9143250549316406,0.0
,5594,,,,,11.68212890625,-71.30126953125,-0.014087255859375,-0.9226116760253906,0.0
,5595,,,,,12.5152587890625,-69.8638916015625,0.009633197021484375,-0.9373204284667969,0.0
,5596,,,,,15.41748046875,-68.2708740234375,0.07033269653320312,-0.9103889099121094,0.0
,5597,,,,,20.7366943359375,-66.5771484375,0.06266757202148437,-0.9340057800292969,0.0
,5598,,,,,26.9805908203125,-64.361572265625,0.13403609619140625,-0.8984768920898438,0.0
,5599,,,,,33.10546875,-62.017822265625,0.14563736572265626,-0.8947479125976563,0.0
,5600,,,,,38.433837890625,-59.893798828125,0.21141242065429688,-0.8664698181152344,0.0
,5601,,,,,43.359375,-57.8155517578125,0.25346702270507815,-0.83529140625,0.0
,5602,,,,,49.9053955078125,-52.459716796875,0.3098160461425781,-0.8000732666015625,0.0
,5603,,,,,52.4871826171875,-52.459716796875,0.34752017211914066,-0.7875397521972657,0.0
,5604,,,,,57.5592041015625,-46.8658447265625,0.424275,-0.7455887329101563,0.0
,5605,,,,,58.740234375,-46.8658447265625,0.4819705993652344,-0.7174142211914063,0.0
,5606,,,,,64.1876220703125,-38.5345458984375,0.5596576721191406,-0.6566111389160156,0.0
,5607,,,,,64.4622802734375,-38.5345458984375,0.615695947265625,-0.6228431579589844,0.0
,5608,,,,,68.5272216796875,-31.1920166015625,0.6668658325195312,-0.5852426147460937,0.0
,5609,,,,,67.6849365234375,-31.1920166015625,0.7200037902832032,-0.5354193054199219,0.0
,5610,,,,,69.9371337890625,-25.286865234375,0.7768707275390625,-0.49688651733398437,0.0
,5611,,,,,68.51806640625,-25.286865234375,0.8185109985351563,-0.4347368591308594,0.0
,5612,,,,,71.246337890625,-17.9901123046875,0.842749365234375,-0.4005545471191406,0.0
,5613,,,,,68.7469482421875,-17.9901123046875,0.8671948974609375,-0.3767305114746094,0.0
,5614,,,,,73.1964111328125,-5.0537109375,0.8850111328125,-0.3651292419433594,0.0
,5615,,,,,70.3125,-5.0537109375,0.894126416015625,-0.33187917480468754,0.0
,5616,,,,,74.3499755859375,6.18896484375,0.8925726745605469,-0.2796734619140625,0.0
,5617,,,,,71.2646484375,6.18896484375,0.9050026062011719,-0.2398976806640625,0.0
,5618,,,,,74.4140625,18.05419921875,0.8778639221191407,-0.18717405395507813,0.0
,5619,,,,,68.316650390625,18.05419921875,0.9062455993652344,-0.09788571166992188,0.0
,5620,,,,,73.187255859375,26.4862060546875,0.8780710876464844,-0.0368754638671875,0.0
,5621,,,,,66.24755859375,26.4862060546875,0.8793140808105468,0.052723626708984374,0.0
,5622,,,,,71.649169921875,35.8428955078125,0.8814893188476562,0.12450648193359376,0.0
,5623,,,,,64.56298828125,35.8428955078125,0.8865648742675781,0.19079945068359375,0.0
,5624,,,,,66.778564453125,39.6697998046875,0.8633623352050781,0.265171875,0.0
,5625,,,,,60.8367919921875,39.6697998046875,0.8632587524414063,0.34420552368164065,0.0
,5626,,,,,63.958740234375,45.0714111328125,0.8668841491699218,0.41236298217773437,0.0
,5627,,,,,58.172607421875,45.0714111328125,0.8501037414550782,0.4479954528808594,0.0
,5628,,,,,60.479736328125,49.053955078125,0.8469962585449219,0.5094200317382813,0.0
,5629,,,,,47.8546142578125,49.053955078125,0.8246223815917969,0.5372837951660157,0.0
,5630,,,,,10.87646484375,52.6885986328125,0.8169572570800782,0.5847247009277344,0.0
,5631,,,,,27.1728515625,56.6436767578125,0.7677554443359376,0.5819279663085938,0.0
,5632,,,,,29.04052734375,59.8663330078125,0.763197802734375,0.6358945861816406,0.0
,5633,,,,,29.443359375,63.09814453125,0.6783635192871094,0.629783203125,0.0
,5634,,,,,30.853271484375,65.5426025390625,0.6642762634277344,0.6798136779785157,0.0
,5635,,,,,19.4183349609375,68.4906005859375,0.5796491455078125,0.6661407531738281,0.0
,5636,,,,,21.1578369140625,71.502685546875,0.5439130920410157,0.7245614318847656,0.0
,5637,,,,,12.835693359375,72.857666015625,0.45151726684570315,0.7460030639648437,0.0
,5638,,,,,13.3758544921875,73.79150390625,0.41433105468750003,0.8034914978027344,0.0
,5639,,,,,3.5797119140625,74.4781494140625,0.3779735046386719,0.8595297729492187,0.0
,5640,,,,,3.8726806640625,75.0,0.3147880187988281,0.9006521301269531,0.0
,5641,,,,,-1.1627197265625,74.7894287109375,0.20457595825195313,0.8994091369628906,0.0
,5642,,,,,-1.46484375,74.2767333984375,0.17505487060546876,0.9387705871582032,0.0
,5643,,,,,-8.8531494140625,73.6358642578125,0.12139899902343751,0.9513041015625,0.0
,5644,,,,,-9.6038818359375,72.3358154296875,0.07230076904296875,0.9558617431640626,0.0
,5645,,,,,-15.032958984375,70.550537109375,-0.0169875732421875,0.9303803833007813,0.0
,5646,,,,,-15.8203125,69.17724609375,-0.03293931884765625,0.938874169921875,0.0
,5647,,,,,-21.8536376953125,67.08984375,-0.06608580322265625,0.9315197937011719,0.0
,5648,,,,,-28.0609130859375,64.5355224609375,-0.10927981567382813,0.9195041931152345,0.0
,5649,,,,,-33.2977294921875,61.85302734375,-0.16076044921875002,0.8983733093261719,0.0
,5650,,,,,-38.63525390625,59.600830078125,-0.217938134765625,0.8748600219726563,0.0
,5651,,,,,-46.3897705078125,53.57666015625,-0.26962593383789063,0.8565258728027344,0.0
,5652,,,,,-49.6124267578125,53.57666015625,-0.3145808532714844,0.8133318603515626,0.0
,5653,,,,,-55.1422119140625,48.046875,-0.386985205078125,0.7581222473144531,0.0
,5654,,,,,-57.147216796875,48.046875,-0.4530710083007813,0.707781024169922,0.0
,5655,,,,,-62.4847412109375,41.5740966796875,-0.5167744079589844,0.6694554016113281,0.0
,5656,,,,,-63.5467529296875,41.5740966796875,-0.5564466064453125,0.6541251525878906,0.0
,5657,,,,,-67.9229736328125,34.7442626953125,-0.6233610717773438,0.6037839294433593,0.0
,5658,,,,,-67.8863525390625,34.7442626953125,-0.6851999816894532,0.5679442932128906,0.0
,5659,,,,,-71.1181640625,28.4637451171875,-0.7325373046875,0.5298258361816407,0.0
,5660,,,,,-69.818115234375,28.4637451171875,-0.7874361694335937,0.48797839965820317,0.0
,5661,,,,,-71.795654296875,22.7783203125,-0.8262797058105469,0.4437485595703125,0.0
,5662,,,,,-69.818115234375,22.7783203125,-0.846167596435547,0.430075634765625,0.0
,5663,,,,,-74.0936279296875,11.8011474609375,-0.8797284118652344,0.37393377685546875,0.0
,5664,,,,,-84.99755859375,-11.82861328125,-0.8882221984863281,0.3612966796875,0.0
,5665,,,,,-76.7578125,-2.3345947265625,-0.9325556213378906,0.2818486999511719,0.0
,5666,,,,,-73.9105224609375,-2.3345947265625,-0.9366989318847656,0.24310874633789062,0.0
,5667,,,,,-75.897216796875,-11.2060546875,-0.9609372985839844,0.1785766845703125,0.0
,5668,,,,,-68.9300537109375,-11.2060546875,-0.94136015625,0.15858521118164062,0.0
,5669,,,,,-75.421142578125,-22.4395751953125,-0.957104736328125,0.05614185791015625,0.0
,5670,,,,,-69.580078125,-22.4395751953125,-0.930691131591797,0.02216671142578125,0.0
,5671,,,,,-74.1943359375,-30.43212890625,-0.9428103149414063,-0.07406167602539063,0.0
,5672,,,,,-66.9525146484375,-30.43212890625,-0.9195041931152345,-0.12958203735351562,0.0
,5673,,,,,-71.8597412109375,-38.9373779296875,-0.9080065063476562,-0.17992326049804688,0.0
,5674,,,,,-64.8651123046875,-38.9373779296875,-0.8882221984863281,-0.24176217041015627,0.0
,5675,,,,,-66.4764404296875,-41.7205810546875,-0.8984768920898438,-0.34741658935546876,0.0
,5676,,,,,-61.23046875,-41.7205810546875,-0.8683343078613281,-0.3800451599121094,0.0
,5677,,,,,-64.251708984375,-46.9482421875,-0.8729955322265626,-0.46073613281250003,0.0
,5678,,,,,-53.9154052734375,-46.9482421875,-0.8548685485839844,-0.4826956787109375,0.0
,5679,,,,,-54.766845703125,-48.4222412109375,-0.8456496826171875,-0.5481599853515625,0.0
,5680,,,,,-43.0938720703125,-51.3153076171875,-0.8617050109863281,-0.6002621154785156,0.0
,5681,,,,,-44.9981689453125,-54.6112060546875,-0.8372594787597657,-0.6348587585449219,0.0
,5682,,,,,-32.1807861328125,-59.161376953125,-0.7886791625976562,-0.64138447265625,0.0
,5683,,,,,-34.552001953125,-63.2720947265625,-0.7412382568359375,-0.6665550842285156,0.0
,5684,,,,,-24.5269775390625,-66.3665771484375,-0.6841641540527343,-0.6981478271484375,0.0
,5685,,,,,-26.1016845703125,-69.10400390625,-0.6335121826171876,-0.733365966796875,0.0
,5686,,,,,-15.142822265625,-71.429443359375,-0.5653547241210938,-0.7624727233886719,0.0
,5687,,,,,-16.2872314453125,-73.3978271484375,-0.5198818908691406,-0.8010055114746094,0.0
,5688,,,,,-7.965087890625,-74.4781494140625,-0.4489276977539063,-0.8310445129394531,0.0
,5689,,,,,-8.441162109375,-75.3021240234375,-0.3776627563476563,-0.8514503173828125,0.0
,5690,,,,,1.86767578125,-75.7415771484375,-0.3427553649902344,-0.9118390686035156,0.0
,5691,,,,,1.8218994140625,-75.8056640625,-0.25947482299804686,-0.9174325378417969,0.0
,5692,,,,,6.1431884765625,-75.18310546875,-0.19732516479492188,-0.9587620605468751,0.0
,5693,,,,,6.6925048828125,-74.23095703125,-0.11342312622070314,-0.95627607421875,0.0
,5694,,,,,13.9984130859375,-72.98583984375,-0.04174385375976562,-0.9611444641113281,0.0
,5695,,,,,15.0146484375,-71.2188720703125,0.015640997314453127,-0.9533757568359376,0.0
,5696,,,,,18.2464599609375,-68.88427734375,0.051480633544921876,-0.9553438293457032,0.0
,5697,,,,,22.88818359375,-67.0806884765625,0.05904217529296875,-0.9699489990234376,0.0
,5698,,,,,28.2257080078125,-64.9658203125,0.12481723022460937,-0.9445712219238281,0.0
,5699,,,,,34.9822998046875,-62.091064453125,0.13123936157226562,-0.9250976623535156,0.0
,5700,,,,,41.3818359375,-59.21630859375,0.19577142333984376,-0.9142214721679688,0.0
,5701,,,,,46.0784912109375,-56.5338134765625,0.24290158081054689,-0.8610835144042969,0.0
,5702,,,,,52.752685546875,-50.50048828125,0.2993541870117188,-0.841920703125,0.0
,5703,,,,,55.755615234375,-50.50048828125,0.33208634033203127,-0.8219292297363282,0.0
,5704,,,,,61.1480712890625,-44.9066162109375,0.3829454772949219,-0.7918902282714844,0.0
,5705,,,,,62.2650146484375,-44.9066162109375,0.44851336669921876,-0.735023291015625,0.0
,5706,,,,,66.6229248046875,-39.29443359375,0.5341763122558594,-0.6835426574707032,0.0
,5707,,,,,67.364501953125,-39.29443359375,0.6050269226074219,-0.6462528625488282,0.0
,5708,,,,,71.575927734375,-32.0709228515625,0.6647941772460938,-0.5913539978027343,0.0
,5709,,,,,70.8526611328125,-32.0709228515625,0.7391666015625,-0.52868642578125,0.0
,5710,,,,,72.32666015625,-27.557373046875,0.7931332214355469,-0.47596279907226563,0.0
,5711,,,,,70.5047607421875,-27.557373046875,0.8399526306152344,-0.43608343505859376,0.0
,5712,,,,,74.0020751953125,-17.9534912109375,0.8631551696777344,-0.4107056579589844,0.0
,5713,,,,,71.7681884765625,-17.9534912109375,0.9064527648925782,-0.36160742797851564,0.0
,5714,,,,,75.750732421875,-6.8023681640625,0.9089387512207031,-0.3302218505859375,0.0
,5715,,,,,72.9217529296875,-6.8023681640625,0.935559521484375,-0.29044606933593753,0.0
,5716,,,,,77.45361328125,5.7220458984375,0.9310018798828126,-0.25688525390625,0.0
,5717,,,,,74.0753173828125,5.7220458984375,0.9398064147949219,-0.21866321411132814,0.0
,5718,,,,,77.45361328125,16.424560546875,0.9278943969726563,-0.15868879394531252,0.0
,5719,,,,,71.6949462890625,16.424560546875,0.922404510498047,-0.09457106323242188,0.0
,5720,,,,,77.38037109375,26.25732421875,0.9225080932617188,-0.01180843505859375,0.0
,5721,,,,,68.994140625,26.25732421875,0.938874169921875,0.07634049682617187,0.0
,5722,,,,,73.5076904296875,34.075927734375,0.8992019714355469,0.12833904418945313,0.0
,5723,,,,,66.3299560546875,34.075927734375,0.9175361206054687,0.20250430297851563,0.0
,5724,,,,,69.140625,38.9373779296875,0.9242690002441406,0.2827809448242188,0.0
,5725,,,,,62.054443359375,38.9373779296875,0.9161895446777344,0.35953577270507814,0.0
,5726,,,,,64.8284912109375,43.7347412109375,0.9246833312988282,0.43691209716796875,0.0
,5727,,,,,58.1451416015625,43.7347412109375,0.9172253723144531,0.48549241333007814,0.0
,5728,,,,,60.5621337890625,47.9278564453125,0.9227152587890626,0.5465026611328125,0.0
,5729,,,,,47.86376953125,47.9278564453125,0.8835609741210938,0.5528212097167969,0.0
,5730,,,,,9.5489501953125,51.5350341796875,0.8658483215332031,0.6008836120605469,0.0
,5731,,,,,26.3031005859375,55.4443359375,0.8203754882812501,0.6084451538085938,0.0
,5732,,,,,28.289794921875,58.8775634765625,0.8165429260253907,0.6481173522949218,0.0
,5733,,,,,27.4566650390625,63.0157470703125,0.740927508544922,0.6493603454589844,0.0
,5734,,,,,29.4891357421875,66.5313720703125,0.6991836547851563,0.6850963989257812,0.0
,5735,,,,,19.5098876953125,69.268798828125,0.6184926818847657,0.680331591796875,0.0
,5736,,,,,20.7275390625,71.3836669921875,0.5928041564941406,0.7149282348632813,0.0
,5737,,,,,9.6038818359375,73.35205078125,0.4931575378417969,0.7415490051269531,0.0
,5738,,,,,10.308837890625,74.5697021484375,0.47596279907226563,0.8146784362792969,0.0
,5739,,,,,1.7120361328125,74.8626708984375,0.40821967163085937,0.8604620178222656,0.0
,5740,,,,,1.8402099609375,75.0732421875,0.36202175903320316,0.9035524475097656,0.0
,5741,,,,,-5.5206298828125,74.96337890625,0.25336343994140625,0.895783740234375,0.0
,5742,,,,,-5.767822265625,74.5513916015625,0.20923718261718752,0.9244761657714844,0.0
,5743,,,,,-10.72998046875,73.388671875,0.13061786499023437,0.9407386596679688,0.0
,5744,,,,,-11.6455078125,71.81396484375,0.0849378662109375,0.9549294982910157,0.0
,5745,,,,,-14.2822265625,69.561767578125,0.012119183349609375,0.9473679565429688,0.0
,5746,,,,,-19.0521240234375,67.71240234375,-0.018955645751953125,0.9619731262207032,0.0
,5747,,,,,-23.73046875,65.496826171875,-0.07105777587890626,0.9395992492675782,0.0
,5748,,,,,-29.1961669921875,62.9974365234375,-0.10907265014648437,0.9062455993652344,0.0
,5749,,,,,-35.3118896484375,60.1593017578125,-0.16956498413085938,0.8848039672851563,0.0
,5750,,,,,-40.83251953125,57.769775390625,-0.22187427978515625,0.8569402038574219,0.0
,5751,,,,,-46.4447021484375,53.6590576171875,-0.27915554809570314,0.8191324951171876,0.0
,5752,,,,,-49.5391845703125,53.6590576171875,-0.32752869873046875,0.7796674621582032,0.0
,5753,,,,,-55.8837890625,47.735595703125,-0.36626865234375,0.7601939025878907,0.0
,5754,,,,,-57.9803466796875,47.735595703125,-0.4345296936035156,0.7137888244628906,0.0
,5755,,,,,-62.347412109375,42.95654296875,-0.4843530029296875,0.685303564453125,0.0
,5756,,,,,-63.24462890625,42.95654296875,-0.5707410278320313,0.6114490539550781,0.0
,5757,,,,,-67.8497314453125,35.595703125,-0.6545394836425782,0.5629723205566406,0.0
,5758,,,,,-67.7581787109375,35.595703125,-0.6942116821289063,0.5324154052734376,0.0
,5759,,,,,-69.5709228515625,31.82373046875,-0.7490069641113282,0.48891064453125,0.0
,5760,,,,,-68.7103271484375,31.82373046875,-0.8020413391113281,0.4438521423339844,0.0
,5761,,,,,-71.173095703125,25.5157470703125,-0.8366379821777344,0.403558447265625,0.0
,5762,,,,,-68.975830078125,25.5157470703125,-0.86015126953125,0.3879174499511719,0.0
,5763,,,,,-73.42529296875,13.824462890625,-0.8799355773925781,0.36285042114257815,0.0
,5764,,,,,-86.7279052734375,-13.8519287109375,-0.8806606567382813,0.348866748046875,0.0
,5765,,,,,-78.204345703125,-3.69873046875,-0.9124605651855469,0.28205586547851563,0.0
,5766,,,,,-74.8626708984375,-3.69873046875,-0.9159823791503906,0.25740316772460936,0.0
,5767,,,,,-75.0,-9.3841552734375,-0.9439497253417969,0.1645930114746094,0.0
,5768,,,,,-72.2259521484375,-9.3841552734375,-0.9475751220703126,0.12440289916992188,0.0
,5769,,,,,-75.2197265625,-19.81201171875,-0.9698454162597656,0.0203022216796875,0.0
,5770,,,,,-67.9229736328125,-19.81201171875,-0.9507861877441407,0.002796734619140625,0.0
,5771,,,,,-72.5921630859375,-27.8961181640625,-0.9422924011230469,-0.07136852416992187,0.0
,5772,,,,,-65.057373046875,-27.8961181640625,-0.9510969360351563,-0.12077750244140625,0.0
,5773,,,,,-68.9117431640625,-34.588623046875,-0.9757496337890625,-0.20043264770507813,0.0
,5774,,,,,-60.2691650390625,-34.588623046875,-0.9434318115234376,-0.25688525390625,0.0
,5775,,,,,-62.9791259765625,-39.276123046875,-0.9076957580566406,-0.337265478515625,0.0
,5776,,,,,-57.5042724609375,-39.276123046875,-0.8791069152832032,-0.37528035278320315,0.0
,5777,,,,,-61.2579345703125,-45.7763671875,-0.8744456909179688,-0.45276026000976566,0.0
,5778,,,,,-52.056884765625,-45.7763671875,-0.8411956237792969,-0.46809050903320315,0.0
,5779,,,,,-52.862548828125,-47.1771240234375,-0.8284549438476563,-0.5158421630859376,0.0
,5780,,,,,-42.022705078125,-50.4364013671875,-0.8090849670410156,-0.5355228881835937,0.0
,5781,,,,,-44.110107421875,-54.052734375,-0.776456396484375,-0.5715696899414062,0.0
,5782,,,,,-30.7525634765625,-57.89794921875,-0.7535646057128906,-0.5697052001953126,0.0
,5783,,,,,-32.99560546875,-61.77978515625,-0.7120279174804688,-0.60823798828125,0.0
,5784,,,,,-22.1466064453125,-65.22216796875,-0.691932861328125,-0.6534000732421875,0.0
,5785,,,,,-23.6297607421875,-67.803955078125,-0.6535036560058594,-0.6892397094726562,0.0
,5786,,,,,-12.286376953125,-70.2484130859375,-0.5778882385253906,-0.6982514099121094,0.0
,5787,,,,,-13.421630859375,-72.2259521484375,-0.5105594421386719,-0.7376128601074219,0.0
,5788,,,,,-4.72412109375,-73.333740234375,-0.4621862915039063,-0.7845358520507812,0.0
,5789,,,,,-5.3375244140625,-74.3865966796875,-0.3920607604980469,-0.8010055114746094,0.0
,5790,,,,,4.1839599609375,-74.835205078125,-0.32866810913085936,-0.8316660095214844,0.0
,5791,,,,,4.1473388671875,-74.908447265625,-0.2498416259765625,-0.8335304992675782,0.0
,5792,,,,,8.3038330078125,-74.4232177734375,-0.19059228515625,-0.8677128112792969,0.0
,5793,,,,,8.7249755859375,-73.6907958984375,-0.1238849853515625,-0.8732026977539062,0.0
,5794,,,,,15.435791015625,-72.36328125,-0.0592493408203125,-0.885839794921875,0.0
,5795,,,,,16.2689208984375,-70.9259033203125,0.003211065673828125,-0.8851147155761719,0.0
,5796,,,,,18.5028076171875,-69.43359375,0.08390203857421875,-0.8695773010253907,0.0
,5797,,,,,23.5198974609375,-67.584228515625,0.09912870483398438,-0.8829394775390625,0.0
,5798,,,,,29.6905517578125,-64.7918701171875,0.13683283081054687,-0.8737206115722657,0.0
,5799,,,,,35.595703125,-62.384033203125,0.15609922485351563,-0.8819036499023438,0.0
,5800,,,,,40.75927734375,-59.9212646484375,0.21866321411132814,-0.8467890930175781,0.0
,5801,,,,,45.59326171875,-57.3944091796875,0.24228008422851563,-0.8466855102539063,0.0
,5802,,,,,51.6357421875,-51.9927978515625,0.3106447082519531,-0.8144712707519531,0.0
,5803,,,,,54.620361328125,-51.9927978515625,0.33685114746093753,-0.7789423828125001,0.0
,5804,,,,,59.8297119140625,-46.98486328125,0.39682556762695315,-0.7278760803222657,0.0
,5805,,,,,60.9283447265625,-46.98486328125,0.45887164306640627,-0.7014624755859376,0.0
,5806,,,,,65.643310546875,-41.0247802734375,0.5419450195312501,-0.6523642456054688,0.0
,5807,,,,,66.1102294921875,-41.0247802734375,0.6174568542480469,-0.6004692810058594,0.0
,5808,,,,,68.609619140625,-36.1083984375,0.6762918640136719,-0.5633866516113282,0.0
,5809,,,,,68.0419921875,-36.1083984375,0.7234220214843751,-0.5126310974121094,0.0
,5810,,,,,70.733642578125,-30.1666259765625,0.7929260559082032,-0.4666403503417969,0.0
,5811,,,,,69.0399169921875,-30.1666259765625,0.8474105895996094,-0.42997205200195315,0.0
,5812,,,,,72.564697265625,-20.2789306640625,0.8688522216796876,-0.41319164428710936,0.0
,5813,,,,,69.744873046875,-20.2789306640625,0.8972338989257813,-0.3798379943847656,0.0
,5814,,,,,73.6083984375,-8.8165283203125,0.90987099609375,-0.3479345031738281,0.0
,5815,,,,,70.550537109375,-8.8165283203125,0.9374240112304688,-0.31178411865234373,0.0
,5816,,,,,74.3865966796875,3.936767578125,0.9358702697753907,-0.27584089965820313,0.0
,5817,,,,,71.44775390625,3.936767578125,0.9578298156738282,-0.21151600341796875,0.0
,5818,,,,,74.7802734375,13.7237548828125,0.96622001953125,-0.12606022338867187,0.0
,5819,,,,,68.2342529296875,13.7237548828125,0.9505790222167969,-0.073750927734375,0.0
,5820,,,,,74.1485595703125,23.9593505859375,0.9151537170410157,-0.026827935791015625,0.0
,5821,,,,,67.56591796875,23.9593505859375,0.94301748046875,0.05873142700195313,0.0
,5822,,,,,71.8963623046875,31.45751953125,0.9319341247558593,0.1305142822265625,0.0
,5823,,,,,63.2537841796875,31.45751953125,0.930587548828125,0.1934926025390625,0.0
,5824,,,,,68.353271484375,40.2923583984375,0.9153608825683595,0.25035953979492187,0.0
,5825,,,,,59.1796875,40.2923583984375,0.9187791137695313,0.31851699829101565,0.0
,5826,,,,,61.4227294921875,44.1925048828125,0.9112175720214845,0.38553504638671876,0.0
,5827,,,,,54.327392578125,44.1925048828125,0.9135999755859375,0.4436449768066406,0.0
,5828,,,,,57.769775390625,50.1434326171875,0.9138071411132813,0.5036193969726562,0.0
,5829,,,,,47.79052734375,50.1434326171875,0.8897759399414062,0.5321046569824219,0.0
,5830,,,,,11.1419677734375,51.947021484375,0.8579760314941407,0.5741592590332032,0.0
,5831,,,,,26.806640625,55.6182861328125,0.8061846496582031,0.577577490234375,0.0
,5832,,,,,28.564453125,58.6669921875,0.8101207946777343,0.6330978515625,0.0
,5833,,,,,25.286865234375,62.4114990234375,0.7511822021484376,0.6427310485839844,0.0
,5834,,,,,27.337646484375,65.9637451171875,0.7385451049804688,0.6854071472167969,0.0
,5835,,,,,16.6351318359375,68.4539794921875,0.642213134765625,0.6730807983398438,0.0
,5836,,,,,18.2281494140625,71.209716796875,0.5910432495117187,0.6792957641601562,0.0
,5837,,,,,7.6904296875,73.6358642578125,0.493053955078125,0.6651049255371094,0.0
,5838,,,,,8.5968017578125,75.2105712890625,0.44416289062500003,0.7357483703613281,0.0
,5839,,,,,0.7232666015625,75.8880615234375,0.3966184020996094,0.7786316345214844,0.0
,5840,,,,,1.043701171875,76.4373779296875,0.3549781311035156,0.8436816101074219,0.0
,5841,,,,,-5.3924560546875,76.5472412109375,0.24217650146484376,0.8620157592773438,0.0
,5842,,,,,-5.694580078125,76.025390625,0.18966004028320313,0.8935049194335938,0.0
,5843,,,,,-10.6475830078125,75.0732421875,0.1404582275390625,0.934834442138672,0.0
,5844,,,,,-11.224365234375,74.066162109375,0.06681088256835938,0.934730859375,0.0
,5845,,,,,-13.8153076171875,72.3175048828125,-0.0047648071289062505,0.9320377075195313,0.0
,5846,,,,,-18.9239501953125,70.6329345703125,-0.05458811645507813,0.9260299072265625,0.0
,5847,,,,,-23.5107421875,68.5089111328125,-0.09892153930664063,0.9055205200195313,0.0
,5848,,,,,-28.7567138671875,66.2200927734375,-0.13341459960937502,0.8960944885253906,0.0
,5849,,,,,-35.0921630859375,63.6566162109375,-0.18862421264648438,0.8655375732421875,0.0
,5850,,,,,-40.83251953125,61.3037109375,-0.224567431640625,0.8570437866210938,0.0
,5851,,,,,-45.5108642578125,59.014892578125,-0.28847799682617187,0.817889501953125,0.0
,5852,,,,,-49.7222900390625,56.781005859375,-0.3526993103027344,0.774799072265625,0.0
,5853,,,,,-55.499267578125,51.1322021484375,-0.413502392578125,0.7373021118164063,0.0
,5854,,,,,-57.6873779296875,51.1322021484375,-0.48632107543945313,0.6897576232910156,0.0
,5855,,,,,-62.6129150390625,45.30029296875,-0.5470205749511718,0.6567147216796875,0.0
,5856,,,,,-63.2354736328125,45.30029296875,-0.6125884643554688,0.6083415710449219,0.0
,5857,,,,,-67.529296875,37.921142578125,-0.680331591796875,0.5806849731445313,0.0
,5858,,,,,-67.218017578125,37.921142578125,-0.7359555358886719,0.5449489196777344,0.0
,5859,,,,,-68.9117431640625,34.1033935546875,-0.8011090942382812,0.5127346801757813,0.0
,5860,,,,,-67.4560546875,34.1033935546875,-0.8445102722167969,0.46726184692382816,0.0
,5861,,,,,-70.20263671875,26.7425537109375,-0.868437890625,0.441676904296875,0.0
,5862,,,,,-68.00537109375,26.7425537109375,-0.8966124023437501,0.4296613037109375,0.0
,5863,,,,,-72.344970703125,14.794921875,-0.9185719482421876,0.3889532775878906,0.0
,5864,,,,,-86.627197265625,-14.8223876953125,-0.934730859375,0.3779735046386719,0.0
,5865,,,,,-76.776123046875,-2.74658203125,-0.9583477294921875,0.3056727355957031,0.0
,5866,,,,,-74.176025390625,-2.74658203125,-0.9664271850585938,0.27532298583984377,0.0
,5867,,,,,-75.5035400390625,-10.4278564453125,-0.9730564819335937,0.21016942749023437,0.0
,5868,,,,,-72.161865234375,-10.4278564453125,-0.9535829223632812,0.18489523315429687,0.0
,5869,,,,,-75.0457763671875,-19.8486328125,-0.9780284545898438,0.09011700439453126,0.0
,5870,,,,,-67.822265625,-19.8486328125,-0.9586584777832031,0.06328906860351563,0.0
,5871,,,,,-73.79150390625,-30.1849365234375,-0.9649770263671875,-0.037807708740234376,0.0
,5872,,,,,-65.753173828125,-30.1849365234375,-0.9564832397460937,-0.10420426025390625,0.0
,5873,,,,,-70.2392578125,-37.9669189453125,-0.9464357116699219,-0.16946140136718751,0.0
,5874,,,,,-60.845947265625,-37.9669189453125,-0.9248904968261719,-0.18862421264648438,0.0
,5875,,,,,-63.7481689453125,-42.9840087890625,-0.9440533081054687,-0.314062939453125,0.0
,5876,,,,,-57.16552734375,-42.9840087890625,-0.9129784790039063,-0.3477273376464844,0.0
,5877,,,,,-59.912109375,-47.7447509765625,-0.8783818359375001,-0.41826719970703125,0.0
,5878,,,,,-51.8096923828125,-47.7447509765625,-0.8482392517089844,-0.45648923950195314,0.0
,5879,,,,,-52.734375,-49.346923828125,-0.8280406127929688,-0.5130454284667969,0.0
,5880,,,,,-41.729736328125,-52.6336669921875,-0.826176123046875,-0.546088330078125,0.0
,5881,,,,,-43.560791015625,-55.8013916015625,-0.811260205078125,-0.5953937255859375,0.0
,5882,,,,,-30.2032470703125,-59.7198486328125,-0.7788388000488281,-0.5912504150390625,0.0
,5883,,,,,-32.8216552734375,-64.251708984375,-0.736680615234375,-0.6274007995605468,0.0
,5884,,,,,-22.0916748046875,-67.9412841796875,-0.6706983947753906,-0.6486352661132813,0.0
,5885,,,,,-23.4466552734375,-70.2850341796875,-0.6277115478515625,-0.6980442443847656,0.0
,5886,,,,,-12.70751953125,-72.4273681640625,-0.5700159484863282,-0.7368877807617188,0.0
,5887,,,,,-13.916015625,-74.52392578125,-0.5012369934082032,-0.7498356262207031,0.0
,5888,,,,,-5.2734375,-75.9429931640625,-0.4521387634277344,-0.7995553527832031,0.0
,5889,,,,,-5.7769775390625,-76.812744140625,-0.3542530517578125,-0.7909579833984375,0.0
,5890,,,,,1.9866943359375,-77.435302734375,-0.2897209899902344,-0.8245187988281251,0.0
,5891,,,,,2.105712890625,-77.2247314453125,-0.20664761352539063,-0.8410920410156251,0.0
,5892,,,,,6.3995361328125,-76.6204833984375,-0.12823546142578127,-0.8563187072753906,0.0
,5893,,,,,6.62841796875,-76.226806640625,-0.06473922729492188,-0.8711310424804688,0.0
,5894,,,,,12.41455078125,-74.89013671875,-0.01595174560546875,-0.8996163024902344,0.0
,5895,,,,,13.3026123046875,-73.35205078125,0.032317822265625004,-0.9143250549316406,0.0
,5896,,,,,17.578125,-71.6033935546875,0.09084208374023438,-0.9023094543457032,0.0
,5897,,,,,23.03466796875,-69.8638916015625,0.07685841064453125,-0.9162931274414062,0.0
,5898,,,,,28.253173828125,-67.822265625,0.13859373779296874,-0.9026202026367188,0.0
,5899,,,,,33.87451171875,-65.5059814453125,0.15972462158203127,-0.8900866882324219,0.0
,5900,,,,,39.8162841796875,-62.6312255859375,0.24300516357421875,-0.8600476867675781,0.0
,5901,,,,,44.915771484375,-59.9945068359375,0.26776144409179686,-0.8486535827636719,0.0
,5902,,,,,50.2899169921875,-55.096435546875,0.33912996826171876,-0.8162321777343751,0.0
,5903,,,,,52.3681640625,-55.096435546875,0.39765422973632814,-0.7867110900878906,0.0
,5904,,,,,58.2733154296875,-48.046875,0.4788631164550781,-0.7407203430175782,0.0
,5905,,,,,59.3719482421875,-48.046875,0.5368694641113282,-0.7007373962402343,0.0
,5906,,,,,63.7481689453125,-41.0980224609375,0.6085487365722656,-0.6762918640136719,0.0
,5907,,,,,63.46435546875,-41.0980224609375,0.6700768981933594,-0.6375519104003906,0.0
,5908,,,,,67.34619140625,-33.6822509765625,0.7313978942871094,-0.6053376708984375,0.0
,5909,,,,,66.68701171875,-33.6822509765625,0.7597795715332032,-0.5689801208496094,0.0
,5910,,,,,68.5089111328125,-28.6651611328125,0.8075312255859375,-0.5331404846191407,0.0
,5911,,,,,66.925048828125,-28.6651611328125,0.8475141723632813,-0.4872533203125,0.0
,5912,,,,,70.60546875,-19.757080078125,0.8798319946289063,-0.43743001098632817,0.0
,5913,,,,,68.0877685546875,-19.757080078125,0.9261334899902344,-0.3839813049316406,0.0
,5914,,,,,72.125244140625,-8.02001953125,0.918986279296875,-0.37828425292968754,0.0
,5915,,,,,69.2230224609375,-8.02001953125,0.9415673217773438,-0.32224597778320313,0.0
,5916,,,,,73.6083984375,4.9713134765625,0.9290338073730469,-0.3054655700683594,0.0
,5917,,,,,69.964599609375,4.9713134765625,0.92644423828125,-0.2669327819824219,0.0
,5918,,,,,73.095703125,15.8660888671875,0.9256155761718751,-0.20571536865234374,0.0
,5919,,,,,67.0989990234375,15.8660888671875,0.9108032409667969,-0.14304779663085937,0.0
,5920,,,,,73.095703125,26.25732421875,0.9155680480957031,-0.08296979370117188,0.0
,5921,,,,,64.5172119140625,26.25732421875,0.9291373901367188,0.002175238037109375,0.0
,5922,,,,,69.2596435546875,34.4696044921875,0.9323484558105469,0.09405314941406251,0.0
,5923,,,,,62.237548828125,34.4696044921875,0.9522363464355469,0.16407509765625,0.0
,5924,,,,,66.4398193359375,41.748046875,0.9074885925292969,0.20944434814453125,0.0
,5925,,,,,57.23876953125,41.748046875,0.8985804748535157,0.2932428039550781,0.0
,5926,,,,,59.3536376953125,45.4193115234375,0.8918475952148438,0.3742445251464844,0.0
,5927,,,,,54.7393798828125,45.4193115234375,0.8720632873535157,0.4289362243652344,0.0
,5928,,,,,57.5225830078125,50.2532958984375,0.8742385253906251,0.49999400024414065,0.0
,5929,,,,,46.307373046875,50.2532958984375,0.8445102722167969,0.5167744079589844,0.0
,5930,,,,,13.1561279296875,52.7618408203125,0.8480320861816406,0.5783025695800782,0.0
,5931,,,,,27.374267578125,55.6732177734375,0.7796674621582032,0.5658726379394532,0.0
,5932,,,,,29.3060302734375,59.014892578125,0.7610225646972657,0.6164210266113281,0.0
,5933,,,,,26.4129638671875,63.226318359375,0.7073666931152344,0.6337193481445312,0.0
,5934,,,,,28.582763671875,66.97998046875,0.6728736328125,0.6652085083007813,0.0
,5935,,,,,18.804931640625,69.5068359375,0.5728126831054687,0.6482209350585938,0.0
,5936,,,,,20.1873779296875,71.905517578125,0.5382160400390625,0.6830247436523438,0.0
,5937,,,,,10.1165771484375,73.79150390625,0.44229840087890626,0.7086096862792969,0.0
,5938,,,,,10.9954833984375,75.311279296875,0.40210828857421876,0.7720023376464844,0.0
,5939,,,,,3.8543701171875,76.043701171875,0.3170668395996094,0.7827749450683594,0.0
,5940,,,,,4.0008544921875,76.28173828125,0.2664148681640625,0.8290764404296875,0.0
,5941,,,,,-1.3092041015625,76.263427734375,0.20157205810546874,0.8548685485839844,0.0
,5942,,,,,-1.611328125,75.7415771484375,0.15340607299804687,0.9051061889648437,0.0
,5943,,,,,-7.049560546875,74.6063232421875,0.06515355834960938,0.905727685546875,0.0
,5944,,,,,-7.6263427734375,73.6175537109375,0.037082629394531254,0.9304839660644532,0.0
,5945,,,,,-14.7674560546875,71.74072265625,-0.005697052001953125,0.9329699523925782,0.0
,5946,,,,,-15.911865234375,69.7540283203125,-0.039465032958984375,0.9380455078125001,0.0
,5947,,,,,-20.83740234375,67.63916015625,-0.09436389770507812,0.9157752136230469,0.0
,5948,,,,,-26.2664794921875,65.167236328125,-0.13538267211914062,0.9038631958007812,0.0
,5949,,,,,-32.611083984375,62.548828125,-0.19836099243164063,0.8720632873535157,0.0
,5950,,,,,-38.2415771484375,60.24169921875,-0.2530526916503906,0.8529004760742188,0.0
,5951,,,,,-42.6361083984375,58.04443359375,-0.30318674926757816,0.8141605224609375,0.0
,5952,,,,,-46.6094970703125,56.2408447265625,-0.3395442993164063,0.8015234252929688,0.0
,5953,,,,,-52.5604248046875,50.372314453125,-0.40500860595703125,0.758225830078125,0.0
,5954,,,,,-54.400634765625,50.372314453125,-0.4753413024902344,0.7099562622070312,0.0
,5955,,,,,-59.0423583984375,44.6868896484375,-0.5349013916015625,0.6849928161621094,0.0
,5956,,,,,-59.783935546875,44.6868896484375,-0.5821351318359376,0.6449062866210937,0.0
,5957,,,,,-64.9932861328125,36.529541015625,-0.6354802551269532,0.6053376708984375,0.0
,5958,,,,,-65.2313232421875,36.529541015625,-0.7123386657714844,0.5417378540039063,0.0
,5959,,,,,-68.1060791015625,30.9722900390625,-0.76734111328125,0.49667935180664063,0.0
,5960,,,,,-67.144775390625,30.9722900390625,-0.7882648315429688,0.470680078125,0.0
,5961,,,,,-69.90966796875,24.06005859375,-0.8315624267578126,0.4230320068359375,0.0
,5962,,,,,-67.913818359375,24.06005859375,-0.8590118591308594,0.40511218872070315,0.0
,5963,,,,,-71.7864990234375,13.6871337890625,-0.9042775268554688,0.35984652099609377,0.0
,5964,,,,,-85.0799560546875,-13.714599609375,-0.9086280029296875,0.34928107910156253,0.0
,5965,,,,,-76.5380859375,-3.5797119140625,-0.923958251953125,0.3021509216308594,0.0
,5966,,,,,-72.7569580078125,-3.5797119140625,-0.9159823791503906,0.2992506042480469,0.0
,5967,,,,,-73.7274169921875,-11.187744140625,-0.9290338073730469,0.2224957763671875,0.0
,5968,,,,,-67.2637939453125,-11.187744140625,-0.9324520385742188,0.19546067504882814,0.0
,5969,,,,,-73.64501953125,-22.2381591796875,-0.9258227416992187,0.12005242309570313,0.0
,5970,,,,,-66.2017822265625,-22.2381591796875,-0.9179504516601563,0.0563490234375,0.0
,5971,,,,,-71.1456298828125,-30.7891845703125,-0.9051061889648437,-0.02258104248046875,0.0
,5972,,,,,-64.2059326171875,-30.7891845703125,-0.8850111328125,-0.06795029296875,0.0
,5973,,,,,-68.9849853515625,-39.07470703125,-0.8894651916503906,-0.14097614135742187,0.0
,5974,,,,,-60.7635498046875,-39.07470703125,-0.8561115417480469,-0.18126983642578126,0.0
,5975,,,,,-62.8692626953125,-42.7276611328125,-0.8579760314941407,-0.28816724853515624,0.0
,5976,,,,,-58.4747314453125,-42.7276611328125,-0.8255546264648438,-0.3219352294921875,0.0
,5977,,,,,-61.688232421875,-48.284912109375,-0.8120888671875001,-0.40635518188476566,0.0
,5978,,,,,-52.7618408203125,-48.284912109375,-0.8086706359863282,-0.4396052490234375,0.0
,5979,,,,,-53.485107421875,-49.530029296875,-0.7923045593261719,-0.4872533203125,0.0
,5980,,,,,-43.1396484375,-52.6885986328125,-0.8011090942382812,-0.5192603942871094,0.0
,5981,,,,,-45.062255859375,-56.011962890625,-0.7652694580078125,-0.5557215270996094,0.0
,5982,,,,,-26.898193359375,-59.9395751953125,-0.7291190734863281,-0.5562394409179687,0.0
,5983,,,,,-29.3792724609375,-64.251708984375,-0.6885146301269531,-0.6087559020996094,0.0
,5984,,,,,-24.0509033203125,-67.2821044921875,-0.6718378051757813,-0.6693518188476563,0.0
,5985,,,,,-25.653076171875,-70.05615234375,-0.6226359924316407,-0.7105777587890625,0.0
,5986,,,,,-15.05126953125,-72.65625,-0.5708446105957031,-0.7437242431640625,0.0
,5987,,,,,-16.1407470703125,-74.542236328125,-0.4732696472167969,-0.7638192993164062,0.0
,5988,,,,,-8.3770751953125,-75.4302978515625,-0.40169395751953124,-0.8005911804199219,0.0
,5989,,,,,-8.75244140625,-76.0894775390625,-0.34337686157226566,-0.8245187988281251,0.0
,5990,,,,,-0.9613037109375,-76.446533203125,-0.287545751953125,-0.8572509521484375,0.0
,5991,,,,,-0.6866455078125,-75.9613037109375,-0.1985681579589844,-0.8614978454589844,0.0
,5992,,,,,3.9642333984375,-75.0823974609375,-0.11798076782226563,-0.8795212463378906,0.0
,5993,,,,,4.39453125,-74.3316650390625,-0.05189496459960938,-0.885839794921875,0.0
,5994,,,,,11.7095947265625,-73.040771484375,-0.0033146484375,-0.8927798400878907,0.0
,5995,,,,,12.63427734375,-71.429443359375,0.02258104248046875,-0.9084208374023438,0.0
,5996,,,,,15.673828125,-69.3511962890625,0.08110530395507813,-0.9256155761718751,0.0
,5997,,,,,21.002197265625,-67.3553466796875,0.07302584838867188,-0.9416709045410157,0.0
,5998,,,,,27.2369384765625,-64.8834228515625,0.11621986083984376,-0.9199185241699219,0.0
,5999,,,,,32.9864501953125,-62.713623046875,0.13030711669921877,-0.9179504516601563,0.0
,6000,,,,,38.323974609375,-60.736083984375,0.216280810546875,-0.8630515869140625,0.0
,6001,,,,,43.7255859375,-58.6578369140625,0.25678167114257816,-0.8548685485839844,0.0
,6002,,,,,50.7843017578125,-52.77099609375,0.30971246337890623,-0.8216184814453126,0.0
,6003,,,,,53.4027099609375,-52.77099609375,0.33892280273437503,-0.7952048767089844,0.0
,6004,,,,,58.48388671875,-47.021484375,0.4011760437011719,-0.7664088684082031,0.0
,6005,,,,,59.564208984375,-47.021484375,0.4705764953613281,-0.7138924072265626,0.0
,6006,,,,,64.9200439453125,-38.726806640625,0.5674263793945312,-0.6630332702636719,0.0
,6007,,,,,64.9932861328125,-38.726806640625,0.6261578063964844,-0.6079272399902343,0.0
,6008,,,,,69.049072265625,-31.7138671875,0.6627225219726562,-0.5764380798339844,0.0
,6009,,,,,68.389892578125,-31.7138671875,0.6914149475097656,-0.5644224792480469,0.0
,6010,,,,,70.78857421875,-25.96435546875,0.7428955810546876,-0.5230929565429687,0.0
,6011,,,,,69.049072265625,-25.96435546875,0.8139533569335938,-0.45638565673828124,0.0
,6012,,,,,71.685791015625,-18.0999755859375,0.8389168029785157,-0.4364977661132813,0.0
,6013,,,,,69.3695068359375,-18.0999755859375,0.8698880493164063,-0.40386919555664064,0.0
,6014,,,,,73.9105224609375,-5.694580078125,0.868437890625,-0.3827383117675781,0.0
,6015,,,,,70.806884765625,-5.694580078125,0.8811785705566406,-0.36357550048828124,0.0
,6016,,,,,74.9176025390625,6.3446044921875,0.8878078674316406,-0.30391182861328125,0.0
,6017,,,,,71.9329833984375,6.3446044921875,0.9067635131835938,-0.2509810363769531,0.0
,6018,,,,,75.5584716796875,17.7703857421875,0.9036560302734375,-0.19784307861328126,0.0
,6019,,,,,68.73779296875,17.7703857421875,0.909974578857422,-0.1263709716796875,0.0
,6020,,,,,74.30419921875,27.4200439453125,0.8943335815429688,-0.057177685546875,0.0
,6021,,,,,68.1427001953125,27.4200439453125,0.9075921752929688,0.040500860595703125,0.0
,6022,,,,,73.0499267578125,35.906982421875,0.8666769836425782,0.10016453247070313,0.0
,6023,,,,,64.48974609375,35.906982421875,0.8894651916503906,0.18168416748046876,0.0
,6024,,,,,67.034912109375,40.3289794921875,0.8584939453125,0.2419693359375,0.0
,6025,,,,,62.1734619140625,40.3289794921875,0.8473070068359375,0.31820625,0.0
,6026,,,,,65.36865234375,45.849609375,0.8625336730957032,0.4089447509765625,0.0
,6027,,,,,58.0902099609375,45.849609375,0.8639838317871094,0.44934202880859375,0.0
,6028,,,,,60.16845703125,49.456787109375,0.8616014282226563,0.5094200317382813,0.0
,6029,,,,,48.4222412109375,49.456787109375,0.8122960327148437,0.5254753601074219,0.0
,6030,,,,,10.601806640625,52.8167724609375,0.81043154296875,0.5848282836914063,0.0
,6031,,,,,28.2623291015625,57.073974609375,0.7512857849121094,0.5894895080566407,0.0
,6032,,,,,30.6793212890625,61.248779296875,0.7558434265136719,0.6309226135253907,0.0
,6033,,,,,29.9102783203125,64.5538330078125,0.6946260131835937,0.6458385314941406,0.0
,6034,,,,,31.494140625,67.3095703125,0.6553681457519531,0.6837498229980469,0.0
,6035,,,,,20.2606201171875,69.873046875,0.5662869689941407,0.6766026123046875,0.0
,6036,,,,,21.533203125,72.088623046875,0.5408056091308594,0.7551183471679688,0.0
,6037,,,,,12.59765625,73.1689453125,0.430075634765625,0.7619548095703125,0.0
,6038,,,,,13.1378173828125,74.102783203125,0.4031441162109375,0.8292836059570313,0.0
,6039,,,,,3.55224609375,74.8260498046875,0.3754875183105469,0.8661590698242188,0.0
,6040,,,,,3.47900390625,74.688720703125,0.3106447082519531,0.8944371643066407,0.0
,6041,,,,,-1.3458251953125,74.2767333984375,0.20416162719726563,0.8906046020507813,0.0
,6042,,,,,-1.4923095703125,74.01123046875,0.168218408203125,0.927272900390625,0.0
,6043,,,,,-9.0362548828125,73.4619140625,0.12450648193359376,0.9466428771972657,0.0
,6044,,,,,-9.2926025390625,73.0133056640625,0.07820498657226563,0.9568975708007813,0.0
,6045,,,,,-14.886474609375,71.7132568359375,0.021234466552734376,0.9547223327636719,0.0
,6046,,,,,-15.6646728515625,70.3582763671875,-0.016469659423828126,0.9536865051269532,0.0
,6047,,,,,-20.8465576171875,68.5272216796875,-0.07613333129882813,0.9282051452636719,0.0
,6048,,,,,-27.6031494140625,65.716552734375,-0.1006824462890625,0.9256155761718751,0.0
,6049,,,,,-34.1400146484375,62.9150390625,-0.1379722412109375,0.9052097717285157,0.0
,6050,,,,,-39.58740234375,60.1043701171875,-0.18033759155273438,0.8855290466308594,0.0
,6051,,,,,-46.746826171875,54.0802001953125,-0.264343212890625,0.8411956237792969,0.0
,6052,,,,,-50.006103515625,54.0802001953125,-0.33892280273437503,0.8031807495117188,0.0
,6053,,,,,-55.99365234375,48.4130859375,-0.4025226196289063,0.7696199340820312,0.0
,6054,,,,,-57.7972412109375,48.4130859375,-0.43732642822265627,0.7334695495605469,0.0
,6055,,,,,-63.134765625,41.8670654296875,-0.5048623901367187,0.6929686889648438,0.0
,6056,,,,,-64.19677734375,41.8670654296875,-0.5629723205566406,0.6532964904785157,0.0
,6057,,,,,-68.6737060546875,35.1837158203125,-0.6295760375976562,0.5996406188964843,0.0
,6058,,,,,-68.51806640625,35.1837158203125,-0.6798136779785157,0.584206787109375,0.0
,6059,,,,,-71.4935302734375,28.912353515625,-0.7470388916015626,0.5209177185058594,0.0
,6060,,,,,-70.1568603515625,28.912353515625,-0.7728309997558594,0.5038265625,0.0
,6061,,,,,-72.0428466796875,23.2086181640625,-0.7902329040527344,0.48766765136718754,0.0
,6062,,,,,-70.0836181640625,23.2086181640625,-0.82700478515625,0.4477882873535156,0.0
,6063,,,,,-73.9654541015625,12.890625,-0.8782782531738281,0.3774555908203125,0.0
,6064,,,,,-86.3433837890625,-12.9180908203125,-0.8929870056152344,0.34617359619140625,0.0
,6065,,,,,-77.2247314453125,-2.5634765625,-0.8890508605957032,0.31002321166992186,0.0
,6066,,,,,-74.0203857421875,-2.5634765625,-0.9062455993652344,0.2896174072265625,0.0
,6067,,,,,-76.5380859375,-11.3067626953125,-0.9142214721679688,0.20385087890625,0.0
,6068,,,,,-70.0103759765625,-11.3067626953125,-0.9254084106445313,0.14853768310546875,0.0
,6069,,,,,-76.6845703125,-22.8607177734375,-0.930691131591797,0.06536072387695313,0.0
,6070,,,,,-70.2392578125,-22.8607177734375,-0.9307947143554688,0.02755301513671875,0.0
,6071,,,,,-74.5513916015625,-30.322265625,-0.9460213806152344,-0.061010247802734376,0.0
,6072,,,,,-66.796875,-30.322265625,-0.9111139892578125,-0.11300879516601563,0.0
,6073,,,,,-71.6400146484375,-38.726806640625,-0.9243725830078126,-0.1760906982421875,0.0
,6074,,,,,-64.4256591796875,-38.726806640625,-0.8945407470703125,-0.22104561767578126,0.0
,6075,,,,,-65.9271240234375,-41.326904296875,-0.8903974365234375,-0.3466915100097656,0.0
,6076,,,,,-60.46142578125,-41.326904296875,-0.8661590698242188,-0.39371808471679687,0.0
,6077,,,,,-63.6016845703125,-46.76513671875,-0.8520718139648438,-0.4572143188476563,0.0
,6078,,,,,-53.466796875,-46.76513671875,-0.8529004760742188,-0.4964721862792969,0.0
,6079,,,,,-54.345703125,-48.284912109375,-0.8425421997070313,-0.5549964477539062,0.0
,6080,,,,,-43.2037353515625,-51.3702392578125,-0.8370523132324219,-0.5719840209960938,0.0
,6081,,,,,-45.0347900390625,-54.5379638671875,-0.8243116333007813,-0.6150744506835938,0.0
,6082,,,,,-26.1016845703125,-58.612060546875,-0.7927188903808594,-0.6428346313476563,0.0
,6083,,,,,-28.30810546875,-62.420654296875,-0.7450708190917968,-0.6817817504882813,0.0
,6084,,,,,-23.4832763671875,-65.0848388671875,-0.7027054687500001,-0.7152389831542969,0.0
,6085,,,,,-25.01220703125,-67.7398681640625,-0.6277115478515625,-0.7329516357421875,0.0
,6086,,,,,-14.849853515625,-69.8822021484375,-0.57840615234375,-0.7595724060058594,0.0
,6087,,,,,-15.8843994140625,-71.66748046875,-0.5158421630859376,-0.8020413391113281,0.0
,6088,,,,,-7.8369140625,-72.930908203125,-0.4271753173828125,-0.8281441955566406,0.0
,6089,,,,,-8.331298828125,-73.8006591796875,-0.3457592651367188,-0.8441995239257812,0.0
,6090,,,,,1.263427734375,-74.1119384765625,-0.3125091979980469,-0.8924690917968751,0.0
,6091,,,,,1.2451171875,-74.1485595703125,-0.24093350830078125,-0.8958873229980469,0.0
,6092,,,,,6.2164306640625,-73.883056640625,-0.1774372741699219,-0.9366989318847656,0.0
,6093,,,,,6.5185546875,-73.370361328125,-0.12782113037109374,-0.9574154846191406,0.0
,6094,,,,,13.604736328125,-72.0703125,-0.058627844238281254,-0.9541008361816407,0.0
,6095,,,,,14.6026611328125,-70.330810546875,-0.019162811279296876,-0.9541008361816407,0.0
,6096,,,,,17.8253173828125,-68.499755859375,0.06463564453125001,-0.9298624694824219,0.0
,6097,,,,,22.6593017578125,-66.4398193359375,0.07219718627929687,-0.9475751220703126,0.0
,6098,,,,,28.3355712890625,-63.702392578125,0.11653060913085937,-0.927272900390625,0.0
,6099,,,,,34.588623046875,-61.12060546875,0.1425298828125,-0.9297588867187501,0.0
,6100,,,,,40.704345703125,-58.48388671875,0.1959785888671875,-0.9005485473632813,0.0
,6101,,,,,45.66650390625,-55.8929443359375,0.23368271484375,-0.8876007019042969,0.0
,6102,,,,,51.837158203125,-50.1251220703125,0.3125091979980469,-0.8291800231933594,0.0
,6103,,,,,54.7393798828125,-50.1251220703125,0.3393371337890625,-0.8051488220214844,0.0
,6104,,,,,60.1593017578125,-44.6868896484375,0.39361450195312503,-0.779771044921875,0.0
,6105,,,,,61.138916015625,-44.6868896484375,0.4579393981933594,-0.7402024291992187,0.0
,6106,,,,,66.1468505859375,-37.738037109375,0.5308616638183594,-0.6891361267089844,0.0
,6107,,,,,66.668701171875,-37.738037109375,0.6117598022460937,-0.6386913208007813,0.0
,6108,,,,,70.1202392578125,-32.1075439453125,0.6826104125976563,-0.5770595764160157,0.0
,6109,,,,,69.4793701171875,-32.1075439453125,0.7223861938476562,-0.5284792602539062,0.0
,6110,,,,,71.4019775390625,-27.099609375,0.7743847412109375,-0.48880706176757815,0.0
,6111,,,,,69.76318359375,-27.099609375,0.8190289123535156,-0.4552462463378906,0.0
,6112,,,,,72.98583984375,-17.816162109375,0.8454425170898437,-0.4313186279296875,0.0
,6113,,,,,70.404052734375,-17.816162109375,0.8772424255371094,-0.38646729125976564,0.0
,6114,,,,,74.3682861328125,-6.5643310546875,0.8936085021972656,-0.35559962768554687,0.0
,6115,,,,,71.7864990234375,-6.5643310546875,0.9317269592285157,-0.31520234985351564,0.0
,6116,,,,,76.116943359375,6.0333251953125,0.914014306640625,-0.2738728271484375,0.0
,6117,,,,,73.3154296875,6.0333251953125,0.9284123107910156,-0.20509387207031252,0.0
,6118,,,,,76.8768310546875,16.00341796875,0.9051061889648437,-0.14936634521484377,0.0
,6119,,,,,70.733642578125,16.00341796875,0.9226116760253906,-0.07696199340820313,0.0
,6120,,,,,76.2451171875,25.5523681640625,0.9253048278808594,0.01512308349609375,0.0
,6121,,,,,67.8680419921875,25.5523681640625,0.9340057800292969,0.06691446533203126,0.0
,6122,,,,,72.2991943359375,33.2244873046875,0.9263406555175782,0.13237877197265627,0.0
,6123,,,,,65.07568359375,33.2244873046875,0.934730859375,0.19981115112304687,0.0
,6124,,,,,68.0328369140625,38.3514404296875,0.9252012451171875,0.28951382446289065,0.0
,6125,,,,,60.8917236328125,38.3514404296875,0.9233367553710938,0.36979046630859375,0.0
,6126,,,,,63.482666015625,42.8375244140625,0.926547821044922,0.44623454589843753,0.0
,6127,,,,,56.964111328125,42.8375244140625,0.8993055541992188,0.4800025268554688,0.0
,6128,,,,,59.8480224609375,47.8271484375,0.9003413818359375,0.5407020263671876,0.0
,6129,,,,,47.3236083984375,47.8271484375,0.8583903625488282,0.5304473327636718,0.0
,6130,,,,,9.246826171875,50.1800537109375,0.8682307250976563,0.5898002563476563,0.0
,6131,,,,,24.8565673828125,53.631591796875,0.8152999328613282,0.5845175354003906,0.0
,6132,,,,,27.2186279296875,57.71484375,0.8079455566406251,0.6334085998535156,0.0
,6133,,,,,26.824951171875,61.962890625,0.7395809326171875,0.6444919555664063,0.0
,6134,,,,,29.0771484375,65.8538818359375,0.7127529968261719,0.6792957641601562,0.0
,6135,,,,,19.4549560546875,68.66455078125,0.6222216613769531,0.6581648803710938,0.0
,6136,,,,,20.9564208984375,71.2646484375,0.5824458801269532,0.6819889160156251,0.0
,6137,,,,,10.052490234375,73.3062744140625,0.4802096923828125,0.721764697265625,0.0
,6138,,,,,10.638427734375,74.30419921875,0.44115899047851564,0.7912687316894531,0.0
,6139,,,,,2.1331787109375,74.96337890625,0.3904034362792969,0.8222399780273437,0.0
,6140,,,,,2.4261474609375,75.4669189453125,0.35332080688476564,0.8689558044433594,0.0
,6141,,,,,-5.74951171875,74.945068359375,0.2590604919433594,0.8741349426269531,0.0
,6142,,,,,-6.243896484375,74.102783203125,0.21151600341796875,0.910699658203125,0.0
,6143,,,,,-11.2060546875,72.9583740234375,0.12212407836914063,0.9070742614746095,0.0
,6144,,,,,-11.9476318359375,71.6766357421875,0.07209360351562501,0.9310018798828126,0.0
,6145,,,,,-14.4744873046875,69.7174072265625,0.0070436279296875,0.9497503601074219,0.0
,6146,,,,,-19.1619873046875,67.694091796875,-0.005904217529296875,0.96622001953125,0.0
,6147,,,,,-23.4466552734375,65.8538818359375,-0.06473922729492188,0.9313126281738282,0.0
,6148,,,,,-28.6468505859375,64.05029296875,-0.11953450927734376,0.8984768920898438,0.0
,6149,,,,,-34.881591796875,61.6973876953125,-0.1620034423828125,0.8782782531738281,0.0
,6150,,,,,-40.8233642578125,59.4085693359375,-0.21887037963867187,0.8309409301757813,0.0
,6151,,,,,-47.3968505859375,54.3365478515625,-0.2755301513671875,0.801316259765625,0.0
,6152,,,,,-50.537109375,54.3365478515625,-0.3146844360351563,0.7707593444824219,0.0
,6153,,,,,-56.982421875,48.2940673828125,-0.3745552734375,0.7421705017089844,0.0
,6154,,,,,-58.9874267578125,48.2940673828125,-0.4385694213867188,0.7214539489746093,0.0
,6155,,,,,-63.189697265625,43.2861328125,-0.5214356323242187,0.6498782592773438,0.0
,6156,,,,,-63.97705078125,43.2861328125,-0.5835852905273438,0.6063734985351563,0.0
,6157,,,,,-68.7835693359375,35.650634765625,-0.6429382141113281,0.5698087829589844,0.0
,6158,,,,,-68.66455078125,35.650634765625,-0.6984585754394531,0.5417378540039063,0.0
,6159,,,,,-70.294189453125,32.061767578125,-0.7578114990234375,0.48953214111328125,0.0
,6160,,,,,-69.195556640625,32.061767578125,-0.7883684143066406,0.4594931396484375,0.0
,6161,,,,,-71.8963623046875,24.79248046875,-0.8385024719238281,0.4055265197753906,0.0
,6162,,,,,-70.0927734375,24.79248046875,-0.8721668701171875,0.38843536376953125,0.0
,6163,,,,,-74.249267578125,14.4287109375,-0.90987099609375,0.33167200927734375,0.0
,6164,,,,,-88.494873046875,-14.4561767578125,-0.9380455078125001,0.32058865356445315,0.0
,6165,,,,,-79.3121337890625,-3.6163330078125,-0.9427067321777344,0.25916407470703123,0.0
,6166,,,,,-75.531005859375,-3.6163330078125,-0.9333842834472657,0.24269441528320312,0.0
,6167,,,,,-75.9613037109375,-9.832763671875,-0.9493360290527344,0.17588353271484375,0.0
,6168,,,,,-73.223876953125,-9.832763671875,-0.947989453125,0.13206802368164064,0.0
,6169,,,,,-76.226806640625,-19.7113037109375,-0.959694305419922,0.03459664306640625,0.0
,6170,,,,,-68.408203125,-19.7113037109375,-0.9446748046875,0.009115283203125,0.0
,6171,,,,,-73.297119140625,-28.179931640625,-0.9534793395996094,-0.07861931762695312,0.0
,6172,,,,,-65.6341552734375,-28.179931640625,-0.9581405639648438,-0.13424326171875,0.0
,6173,,,,,-70.3399658203125,-36.3372802734375,-0.9599014709472656,-0.19939682006835938,0.0
,6174,,,,,-61.1663818359375,-36.3372802734375,-0.9403243286132813,-0.26455037841796875,0.0
,6175,,,,,-63.31787109375,-40.0543212890625,-0.9342129455566407,-0.371240625,0.0
,6176,,,,,-58.19091796875,-40.0543212890625,-0.8944371643066407,-0.39786139526367187,0.0
,6177,,,,,-61.4959716796875,-45.7763671875,-0.8877042846679688,-0.4691263366699219,0.0
,6178,,,,,-52.716064453125,-45.7763671875,-0.8583903625488282,-0.48756406860351564,0.0
,6179,,,,,-53.57666015625,-47.259521484375,-0.8529004760742188,-0.5529247924804688,0.0
,6180,,,,,-42.1142578125,-50.482177734375,-0.8340484130859376,-0.5594505065917968,0.0
,6181,,,,,-44.329833984375,-54.327392578125,-0.79054365234375,-0.5795455627441406,0.0
,6182,,,,,-25.9735107421875,-58.4197998046875,-0.794686962890625,-0.5974653808593751,0.0
,6183,,,,,-28.2257080078125,-62.3199462890625,-0.7528395263671875,-0.62812587890625,0.0
,6184,,,,,-21.8170166015625,-65.4510498046875,-0.7015660583496094,-0.6556788940429688,0.0
,6185,,,,,-23.4375,-68.2525634765625,-0.6555753112792969,-0.7015660583496094,0.0
,6186,,,,,-12.249755859375,-71.2005615234375,-0.5667013000488281,-0.6958690063476562,0.0
,6187,,,,,-13.5498046875,-73.4527587890625,-0.5061053833007813,-0.7340910461425781,0.0
,6188,,,,,-4.8797607421875,-74.652099609375,-0.4492384460449219,-0.7699306823730468,0.0
,6189,,,,,-5.31005859375,-75.3936767578125,-0.3653364074707031,-0.7842251037597656,0.0
,6190,,,,,4.06494140625,-75.567626953125,-0.3133378601074219,-0.826176123046875,0.0
,6191,,,,,4.046630859375,-75.604248046875,-0.2424872497558594,-0.8524861450195312,0.0
,6192,,,,,8.4869384765625,-74.908447265625,-0.17060081176757813,-0.8613942626953125,0.0
,6193,,,,,8.8531494140625,-74.267578125,-0.11549478149414062,-0.8811785705566406,0.0
,6194,,,,,15.3167724609375,-73.1231689453125,-0.03801487426757812,-0.8839753051757813,0.0
,6195,,,,,16.36962890625,-71.30126953125,0.0070436279296875,-0.8884293640136719,0.0
,6196,,,,,18.9971923828125,-69.6258544921875,0.07022911376953125,-0.8949550781250001,0.0
,6197,,,,,24.27978515625,-67.9595947265625,0.07271510009765625,-0.89992705078125,0.0
,6198,,,,,30.3955078125,-65.3961181640625,0.12512797851562502,-0.8826287292480469,0.0
,6199,,,,,36.1175537109375,-62.969970703125,0.14946992797851563,-0.8711310424804688,0.0
,6200,,,,,41.1529541015625,-60.75439453125,0.2067511962890625,-0.8501037414550782,0.0
,6201,,,,,45.9228515625,-58.63037109375,0.24228008422851563,-0.8246223815917969,0.0
,6202,,,,,52.276611328125,-52.9266357421875,0.30277241821289064,-0.789714990234375,0.0
,6203,,,,,54.9407958984375,-52.9266357421875,0.3439983581542969,-0.7572935852050782,0.0
,6204,,,,,60.16845703125,-47.5433349609375,0.398586474609375,-0.7399952636718751,0.0
,6205,,,,,61.4227294921875,-47.5433349609375,0.478138037109375,-0.6841641540527343,0.0
,6206,,,,,66.229248046875,-41.0247802734375,0.5623508239746093,-0.6267793029785157,0.0
,6207,,,,,66.90673828125,-41.0247802734375,0.6252255615234376,-0.5757130004882812,0.0
,6208,,,,,69.5068359375,-36.456298828125,0.6879967163085938,-0.5438095092773437,0.0
,6209,,,,,68.5455322265625,-36.456298828125,0.7552219299316406,-0.4766878784179688,0.0
,6210,,,,,71.136474609375,-30.303955078125,0.8033879150390625,-0.46684751586914064,0.0
,6211,,,,,69.415283203125,-30.303955078125,0.8376738098144532,-0.4362906005859375,0.0
,6212,,,,,72.747802734375,-20.9747314453125,0.8683343078613281,-0.41008416137695314,0.0
,6213,,,,,70.2301025390625,-20.9747314453125,0.8966124023437501,-0.36792597656250003,0.0
,6214,,,,,74.505615234375,-9.0179443359375,0.8993055541992188,-0.33923355102539066,0.0
,6215,,,,,71.7681884765625,-9.0179443359375,0.9332807006835938,-0.3016330078125,0.0
,6216,,,,,75.8697509765625,4.248046875,0.9139107238769532,-0.2780161376953125,0.0
,6217,,,,,72.344970703125,4.248046875,0.9259263244628907,-0.21327691040039062,0.0
,6218,,,,,75.3387451171875,14.0350341796875,0.9237510864257813,-0.14988425903320313,0.0
,6219,,,,,68.6187744140625,14.0350341796875,0.9269621520996094,-0.0990251220703125,0.0
,6220,,,,,74.74365234375,24.6551513671875,0.923958251953125,-0.03791129150390625,0.0
,6221,,,,,68.3074951171875,24.6551513671875,0.9400135803222657,0.046922991943359374,0.0
,6222,,,,,72.8118896484375,32.464599609375,0.9137035583496094,0.09881795654296875,0.0
,6223,,,,,63.9404296875,32.464599609375,0.9259263244628907,0.18323790893554687,0.0
,6224,,,,,68.3807373046875,40.155029296875,0.9246833312988282,0.25709241943359373,0.0
,6225,,,,,59.9578857421875,40.155029296875,0.9116319030761719,0.319034912109375,0.0
,6226,,,,,62.0819091796875,43.8446044921875,0.914014306640625,0.3928894226074219,0.0
,6227,,,,,54.6478271484375,43.8446044921875,0.8898795227050782,0.42862547607421875,0.0
,6228,,,,,58.6029052734375,50.701904296875,0.8822143981933595,0.4790702819824219,0.0
,6229,,,,,48.248291015625,50.701904296875,0.8752743530273438,0.5301365844726562,0.0
,6230,,,,,11.187744140625,52.25830078125,0.8605656005859376,0.5820315490722656,0.0
,6231,,,,,28.125,56.0394287109375,0.7977944458007813,0.5486778991699219,0.0
,6232,,,,,30.487060546875,60.1226806640625,0.7900257385253906,0.6046125915527344,0.0
,6233,,,,,26.8798828125,63.6749267578125,0.74745322265625,0.6243968994140625,0.0
,6234,,,,,28.4820556640625,66.4581298828125,0.7346089599609376,0.6768097778320312,0.0
,6235,,,,,16.3604736328125,69.25048828125,0.6351695068359375,0.668730322265625,0.0
,6236,,,,,17.9534912109375,72.0245361328125,0.6088594848632812,0.688618212890625,0.0
,6237,,,,,8.09326171875,74.102783203125,0.49087871704101566,0.7084025207519532,0.0
,6238,,,,,8.8531494140625,75.421142578125,0.4518280151367188,0.7735560791015625,0.0
,6239,,,,,0.8056640625,76.06201171875,0.4007617126464844,0.8136426086425782,0.0
,6240,,,,,1.025390625,76.4373779296875,0.345552099609375,0.8540398864746094,0.0
,6241,,,,,-5.3924560546875,76.06201171875,0.24942729492187501,0.8778639221191407,0.0
,6242,,,,,-5.5938720703125,75.714111328125,0.19711799926757814,0.9132892272949219,0.0
,6243,,,,,-10.546875,74.8992919921875,0.10472217407226563,0.9307947143554688,0.0
,6244,,,,,-11.38916015625,73.42529296875,0.062356823730468754,0.9343165283203125,0.0
,6245,,,,,-13.9251708984375,71.575927734375,0.0040397277832031255,0.938977752685547,0.0
,6246,,,,,-18.896484375,69.7540283203125,-0.04246893310546875,0.9331771179199219,0.0
,6247,,,,,-23.6480712890625,67.3828125,-0.10265051879882812,0.923958251953125,0.0
,6248,,,,,-29.0863037109375,64.9200439453125,-0.13413967895507814,0.9025166198730469,0.0
,6249,,,,,-35.064697265625,62.3565673828125,-0.17101514282226563,0.8823179809570313,0.0
,6250,,,,,-40.283203125,60.2783203125,-0.22394593505859375,0.8451317687988281,0.0
,6251,,,,,-44.78759765625,58.30078125,-0.30525840454101566,0.8042165771484375,0.0
,6252,,,,,-49.0264892578125,55.9478759765625,-0.38439563598632814,0.7593652404785156,0.0
,6253,,,,,-55.04150390625,49.8138427734375,-0.43825867309570316,0.7509750366210938,0.0
,6254,,,,,-56.927490234375,49.8138427734375,-0.49036080322265624,0.7142031555175782,0.0
,6255,,,,,-61.083984375,44.622802734375,-0.5397697814941407,0.6807459228515625,0.0
,6256,,,,,-61.541748046875,44.622802734375,-0.5821351318359376,0.6524678283691406,0.0
,6257,,,,,-66.1651611328125,36.932373046875,-0.6730807983398438,0.5870035217285157,0.0
,6258,,,,,-65.80810546875,36.932373046875,-0.7389594360351562,0.5503352233886719,0.0
,6259,,,,,-67.12646484375,33.3251953125,-0.7929260559082032,0.49864742431640624,0.0
,6260,,,,,-65.9820556640625,33.3251953125,-0.8156106811523438,0.47616996459960936,0.0
,6261,,,,,-68.682861328125,26.2939453125,-0.8637766662597657,0.42448216552734375,0.0
,6262,,,,,-66.5863037109375,26.2939453125,-0.8956801574707032,0.3974470642089844,0.0
,6263,,,,,-71.30126953125,14.410400390625,-0.9086280029296875,0.35653187255859375,0.0
,6264,,,,,-85.4278564453125,-14.4378662109375,-0.9066599304199219,0.34928107910156253,0.0
,6265,,,,,-76.776123046875,-3.717041015625,-0.9297588867187501,0.2953144592285156,0.0
,6266,,,,,-73.590087890625,-3.717041015625,-0.9284123107910156,0.27190475463867186,0.0
,6267,,,,,-74.066162109375,-9.5947265625,-0.9474715393066406,0.19152453002929687,0.0
,6268,,,,,-71.3470458984375,-9.5947265625,-0.9484037841796875,0.1563063903808594,0.0
,6269,,,,,-74.30419921875,-19.8486328125,-0.9437425598144532,0.070436279296875,0.0
,6270,,,,,-66.6046142578125,-19.8486328125,-0.9245797485351562,0.045887164306640624,0.0
,6271,,,,,-71.8597412109375,-28.9581298828125,-0.9606265502929687,-0.05500244750976563,0.0
,6272,,,,,-64.3798828125,-28.9581298828125,-0.9524435119628907,-0.10120036010742188,0.0
,6273,,,,,-69.3603515625,-37.5823974609375,-0.9517184326171876,-0.16428226318359376,0.0
,6274,,,,,-59.527587890625,-37.5823974609375,-0.945503466796875,-0.18945287475585937,0.0
,6275,,,,,-62.0452880859375,-41.949462890625,-0.9401171630859375,-0.2828845275878906,0.0
,6276,,,,,-56.2408447265625,-41.949462890625,-0.9104924926757813,-0.3499025756835938,0.0
,6277,,,,,-59.47265625,-47.5433349609375,-0.8757922668457031,-0.4285218933105469,0.0
,6278,,,,,-50.830078125,-47.5433349609375,-0.8527968933105469,-0.4496527770996094,0.0
,6279,,,,,-51.544189453125,-48.7701416015625,-0.8206862365722657,-0.49295037231445316,0.0
,6280,,,,,-41.2445068359375,-51.7822265625,-0.8159214294433594,-0.5432915954589844,0.0
,6281,,,,,-43.212890625,-55.1971435546875,-0.7898185729980469,-0.5820315490722656,0.0
,6282,,,,,-30.084228515625,-59.43603515625,-0.7680661926269532,-0.5918719116210938,0.0
,6283,,,,,-32.3455810546875,-63.3544921875,-0.7413418395996094,-0.6274007995605468,0.0
,6284,,,,,-21.7437744140625,-66.1651611328125,-0.6943152648925781,-0.6603401184082032,0.0
,6285,,,,,-23.272705078125,-68.81103515625,-0.6364125,-0.6868573059082032,0.0
,6286,,,,,-12.2955322265625,-71.2738037109375,-0.5633866516113282,-0.7188643798828125,0.0
,6287,,,,,-13.5955810546875,-73.5260009765625,-0.5077627075195312,-0.7594688232421876,0.0
,6288,,,,,-5.511474609375,-74.871826171875,-0.428418310546875,-0.7853645141601563,0.0
,6289,,,,,-6.0333251953125,-75.76904296875,-0.35435663452148436,-0.8025592529296875,0.0
,6290,,,,,1.9775390625,-76.0345458984375,-0.2917926452636719,-0.8522789794921876,0.0
,6291,,,,,1.7852783203125,-76.3641357421875,-0.20291863403320312,-0.8579760314941407,0.0
,6292,,,,,5.82275390625,-75.91552734375,-0.13973314819335939,-0.8790033325195312,0.0
,6293,,,,,6.2896728515625,-75.1190185546875,-0.08234829711914063,-0.9002377990722656,0.0
,6294,,,,,13.4124755859375,-73.7457275390625,0.00103582763671875,-0.90655634765625,0.0
,6295,,,,,14.337158203125,-72.1527099609375,0.02817451171875,-0.9088351684570313,0.0
,6296,,,,,17.156982421875,-70.6329345703125,0.0874238525390625,-0.8922619262695313,0.0
,6297,,,,,22.210693359375,-68.9849853515625,0.09508897705078126,-0.9112175720214845,0.0
,6298,,,,,27.447509765625,-67.144775390625,0.14356571044921876,-0.9085244201660156,0.0
,6299,,,,,33.8836669921875,-64.4073486328125,0.16480017700195312,-0.9081100891113282,0.0
,6300,,,,,39.678955078125,-61.5142822265625,0.23306121826171874,-0.8664698181152344,0.0
,6301,,,,,43.90869140625,-59.3536376953125,0.27418357543945315,-0.8457532653808594,0.0
,6302,,,,,50.0518798828125,-53.6224365234375,0.3383013061523438,-0.8245187988281251,0.0
,6303,,,,,52.3956298828125,-53.6224365234375,0.3653364074707031,-0.7972765319824219,0.0
,6304,,,,,57.8155517578125,-47.2137451171875,0.4682976745605469,-0.7502499572753907,0.0
,6305,,,,,58.2733154296875,-47.2137451171875,0.5265111877441406,-0.7234220214843751,0.0
,6306,,,,,62.1826171875,-41.4093017578125,0.6029552673339844,-0.6771205261230469,0.0
,6307,,,,,62.6678466796875,-41.4093017578125,0.653814404296875,-0.6523642456054688,0.0
,6308,,,,,66.9158935546875,-34.222412109375,0.7178285522460938,-0.5798563110351562,0.0
,6309,,,,,66.375732421875,-34.222412109375,0.7552219299316406,-0.5201926391601562,0.0
,6310,,,,,68.5638427734375,-29.3243408203125,0.8068061462402344,-0.4860103271484375,0.0
,6311,,,,,67.7032470703125,-29.3243408203125,0.8629480041503906,-0.4447843872070313,0.0
,6312,,,,,71.3287353515625,-20.0042724609375,0.8898795227050782,-0.41660987548828127,0.0
,6313,,,,,68.88427734375,-20.0042724609375,0.9005485473632813,-0.40086529541015625,0.0
,6314,,,,,73.05908203125,-8.514404296875,0.9121498168945312,-0.3800451599121094,0.0
,6315,,,,,70.01953125,-8.514404296875,0.9315197937011719,-0.3572569519042969,0.0
,6316,,,,,74.3865966796875,5.145263671875,0.9422924011230469,-0.29562520751953125,0.0
,6317,,,,,70.806884765625,5.145263671875,0.9407386596679688,-0.2470448913574219,0.0
,6318,,,,,74.08447265625,16.36962890625,0.9202292724609376,-0.2034365478515625,0.0
,6319,,,,,67.1905517578125,16.36962890625,0.9468500427246094,-0.12833904418945313,0.0
,6320,,,,,73.0133056640625,26.4678955078125,0.9210579345703125,-0.06763954467773438,0.0
,6321,,,,,65.8538818359375,26.4678955078125,0.91981494140625,-0.0030039001464843753,0.0
,6322,,,,,70.3399658203125,34.2315673828125,0.9129784790039063,0.07779065551757813,0.0
,6323,,,,,61.8804931640625,34.2315673828125,0.9335914489746094,0.16946140136718751,0.0
,6324,,,,,66.4947509765625,42.2332763671875,0.910699658203125,0.23057523193359375,0.0
,6325,,,,,58.978271484375,42.2332763671875,0.9017915405273438,0.2921033935546875,0.0
,6326,,,,,61.083984375,45.88623046875,0.8963016540527344,0.3742445251464844,0.0
,6327,,,,,54.583740234375,45.88623046875,0.8703023803710938,0.43183654174804686,0.0
,6328,,,,,57.6690673828125,51.2237548828125,0.8787961669921875,0.502997900390625,0.0
,6329,,,,,47.57080078125,51.2237548828125,0.8547649658203125,0.5176030700683594,0.0
,6330,,,,,12.7899169921875,53.3294677734375,0.8186145812988281,0.5492993957519532,0.0
,6331,,,,,21.1761474609375,56.9183349609375,0.7743847412109375,0.5738485107421876,0.0
,6332,,,,,23.3367919921875,60.662841796875,0.7590544921875,0.6175604370117188,0.0
,6333,,,,,27.703857421875,64.141845703125,0.7068487792968751,0.6290581237792969,0.0
,6334,,,,,29.2327880859375,66.7877197265625,0.6887217956542969,0.6758775329589845,0.0
,6335,,,,,18.3837890625,69.7174072265625,0.5970510498046875,0.6675909118652344,0.0
,6336,,,,,19.9859619140625,72.491455078125,0.5500244750976563,0.707781024169922,0.0
,6337,,,,,11.0687255859375,74.359130859375,0.44582021484375,0.720107373046875,0.0
,6338,,,,,11.810302734375,75.640869140625,0.40614801635742187,0.7828785278320313,0.0
,6339,,,,,3.69873046875,76.5289306640625,0.3481416687011719,0.817164422607422,0.0
,6340,,,,,4.156494140625,77.325439453125,0.30701931152343753,0.8531076416015625,0.0
,6341,,,,,-1.8035888671875,77.4627685546875,0.19794666137695313,0.8437851928710938,0.0
,6342,,,,,-2.0233154296875,77.0782470703125,0.13186085815429688,0.8785890014648438,0.0
,6343,,,,,-7.177734375,76.0894775390625,0.07426884155273437,0.9190898620605469,0.0
,6344,,,,,-7.891845703125,74.8443603515625,0.04412625732421875,0.9409458251953126,0.0
,6345,,,,,-15.069580078125,72.7294921875,-0.01325859375,0.9507861877441407,0.0
,6346,,,,,-16.0858154296875,70.9808349609375,-0.04340117797851563,0.9605229675292969,0.0
,6347,,,,,-21.1029052734375,68.66455078125,-0.09053133544921875,0.9464357116699219,0.0
,6348,,,,,-26.7425537109375,65.8538818359375,-0.1372471618652344,0.9316233764648438,0.0
,6349,,,,,-33.123779296875,62.9150390625,-0.18334149169921876,0.91650029296875,0.0
,6350,,,,,-38.616943359375,60.5712890625,-0.21866321411132814,0.8900866882324219,0.0
,6351,,,,,-42.8558349609375,58.4930419921875,-0.28236661376953126,0.8478249206542969,0.0
,6352,,,,,-46.966552734375,56.2957763671875,-0.3351938232421875,0.8079455566406251,0.0
,6353,,,,,-52.99072265625,51.0772705078125,-0.4031441162109375,0.75739716796875,0.0
,6354,,,,,-55.2703857421875,51.0772705078125,-0.48559599609375004,0.7109920898437501,0.0
,6355,,,,,-60.113525390625,44.989013671875,-0.5380088745117187,0.6874788024902344,0.0
,6356,,,,,-61.0382080078125,44.989013671875,-0.5894895080566407,0.6550573974609375,0.0
,6357,,,,,-66.2933349609375,36.8133544921875,-0.6540215698242188,0.5939435668945313,0.0
,6358,,,,,-66.2567138671875,36.8133544921875,-0.7037412963867188,0.5718804382324219,0.0
,6359,,,,,-68.6279296875,31.53076171875,-0.7579150817871094,0.5249574462890625,0.0
,6360,,,,,-67.5201416015625,31.53076171875,-0.7937547180175781,0.4826956787109375,0.0
,6361,,,,,-70.3765869140625,24.3072509765625,-0.8275226989746094,0.4519315979003906,0.0
,6362,,,,,-68.3349609375,24.3072509765625,-0.8656411560058594,0.4261394897460938,0.0
,6363,,,,,-72.381591796875,13.51318359375,-0.9129784790039063,0.38315264282226563,0.0
,6364,,,,,-85.400390625,-13.5406494140625,-0.9197113586425781,0.37227645263671877,0.0
,6365,,,,,-75.823974609375,-2.3162841796875,-0.9242690002441406,0.3177919189453125,0.0
,6366,,,,,-72.344970703125,-2.3162841796875,-0.9087315856933594,0.30308316650390627,0.0
,6367,,,,,-74.4598388671875,-11.2518310546875,-0.9298624694824219,0.217938134765625,0.0
,6368,,,,,-67.6025390625,-11.2518310546875,-0.9135999755859375,0.209651513671875,0.0
,6369,,,,,-74.176025390625,-22.6318359375,-0.9356631042480469,0.11280162963867188,0.0
,6370,,,,,-67.4102783203125,-22.6318359375,-0.9254084106445313,0.059974420166015625,0.0
,6371,,,,,-72.418212890625,-31.292724609375,-0.9204364379882812,-0.025170611572265626,0.0
,6372,,,,,-64.7918701171875,-31.292724609375,-0.9023094543457032,-0.07530466918945312,0.0
,6373,,,,,-69.7998046875,-39.971923828125,-0.9056241027832032,-0.1487448486328125,0.0
,6374,,,,,-61.907958984375,-39.971923828125,-0.8617050109863281,-0.1653180908203125,0.0
,6375,,,,,-63.7847900390625,-43.231201171875,-0.8555936279296875,-0.2821594482421875,0.0
,6376,,,,,-59.124755859375,-43.231201171875,-0.8448210205078125,-0.3406837097167969,0.0
,6377,,,,,-62.1734619140625,-48.5137939453125,-0.8339448303222656,-0.41101640625,0.0
,6378,,,,,-53.3935546875,-48.5137939453125,-0.8059774841308593,-0.43276878662109375,0.0
,6379,,,,,-54.16259765625,-49.84130859375,-0.79717294921875,-0.49999400024414065,0.0
,6380,,,,,-41.9952392578125,-52.8717041015625,-0.7792531311035157,-0.5268219360351563,0.0
,6381,,,,,-44.5404052734375,-57.293701171875,-0.7457958984375,-0.5577931823730469,0.0
,6382,,,,,-32.427978515625,-61.138916015625,-0.7098526794433594,-0.5559286926269531,0.0
,6383,,,,,-34.2864990234375,-64.361572265625,-0.6895504577636719,-0.6247076477050781,0.0
,6384,,,,,-23.455810546875,-67.9412841796875,-0.6715270568847657,-0.6775348571777344,0.0
,6385,,,,,-25.2410888671875,-71.044921875,-0.6034731811523437,-0.7038448791503906,0.0
,6386,,,,,-16.0308837890625,-72.894287109375,-0.5363515502929688,-0.7193822937011719,0.0
,6387,,,,,-16.9647216796875,-74.505615234375,-0.47130157470703127,-0.7571900024414063,0.0
,6388,,,,,-7.8643798828125,-76.13525390625,-0.3933037536621094,-0.7935475524902345,0.0
,6389,,,,,-8.3221435546875,-76.9317626953125,-0.3299111022949219,-0.8127103637695313,0.0
,6390,,,,,-1.4556884765625,-77.0233154296875,-0.27004026489257815,-0.869266552734375,0.0
,6391,,,,,-1.3092041015625,-76.776123046875,-0.19173169555664063,-0.8770352600097656,0.0
,6392,,,,,3.5980224609375,-76.2451171875,-0.1205703369140625,-0.885839794921875,0.0
,6393,,,,,4.083251953125,-75.3936767578125,-0.067121630859375,-0.9091459167480469,0.0
,6394,,,,,11.993408203125,-73.883056640625,-0.013880090332031251,-0.9345236938476563,0.0
,6395,,,,,12.945556640625,-72.2442626953125,0.03293931884765625,-0.9313126281738282,0.0
,6396,,,,,15.93017578125,-70.01953125,0.09343165283203125,-0.9254084106445313,0.0
,6397,,,,,21.1029052734375,-67.9412841796875,0.08483428344726562,-0.9414637390136719,0.0
,6398,,,,,27.392578125,-65.2587890625,0.13859373779296874,-0.920643603515625,0.0
,6399,,,,,33.599853515625,-62.8326416015625,0.15433831787109376,-0.8989948059082031,0.0
,6400,,,,,38.8641357421875,-60.772705078125,0.2089264343261719,-0.8732026977539062,0.0
,6401,,,,,43.98193359375,-58.4564208984375,0.25709241943359373,-0.833737664794922,0.0
,6402,,,,,50.9307861328125,-53.045654296875,0.3319827575683594,-0.7937547180175781,0.0
,6403,,,,,53.521728515625,-53.045654296875,0.3593286071777344,-0.7726238342285157,0.0
,6404,,,,,58.465576171875,-47.259521484375,0.431732958984375,-0.7386486877441406,0.0
,6405,,,,,60.003662109375,-47.259521484375,0.470680078125,-0.7361627014160157,0.0
,6406,,,,,65.6890869140625,-39.1571044921875,0.5613149963378906,-0.6978370788574219,0.0
,6407,,,,,65.606689453125,-39.1571044921875,0.6217037475585938,-0.6502925903320312,0.0
,6408,,,,,69.451904296875,-31.7962646484375,0.6822996643066407,-0.6087559020996094,0.0
,6409,,,,,68.3807373046875,-31.7962646484375,0.7377164428710937,-0.5599684204101563,0.0
,6410,,,,,70.477294921875,-25.4608154296875,0.7755241516113281,-0.5293079223632813,0.0
,6411,,,,,68.6737060546875,-25.4608154296875,0.8260725402832032,-0.4807276062011719,0.0
,6412,,,,,70.9625244140625,-17.7154541015625,0.8635695007324219,-0.43939808349609377,0.0
,6413,,,,,68.1243896484375,-17.7154541015625,0.8867720397949219,-0.4065623474121094,0.0
,6414,,,,,72.7935791015625,-4.742431640625,0.8934013366699219,-0.36885822143554686,0.0
,6415,,,,,69.854736328125,-4.742431640625,0.9102853271484376,-0.3333293334960938,0.0
,6416,,,,,73.553466796875,6.4453125,0.8943335815429688,-0.2910675659179688,0.0
,6417,,,,,70.751953125,6.4453125,0.920643603515625,-0.21410557250976564,0.0
,6418,,,,,74.5147705078125,18.56689453125,0.9228188415527344,-0.151645166015625,0.0
,6419,,,,,68.2159423828125,18.56689453125,0.9254084106445313,-0.08939192504882813,0.0
,6420,,,,,72.8302001953125,26.5594482421875,0.8812821533203126,-0.0526200439453125,0.0
,6421,,,,,66.1285400390625,26.5594482421875,0.8930905883789063,0.04205460205078125,0.0
,6422,,,,,71.2188720703125,35.3759765625,0.8659519042968751,0.11725568847656251,0.0
,6423,,,,,63.8946533203125,35.3759765625,0.8714417907714844,0.17930176391601563,0.0
,6424,,,,,66.0736083984375,39.14794921875,0.8797284118652344,0.26247872314453125,0.0
,6425,,,,,60.4339599609375,39.14794921875,0.8714417907714844,0.32835736083984374,0.0
,6426,,,,,63.4918212890625,44.4488525390625,0.854350634765625,0.4011760437011719,0.0
,6427,,,,,57.1929931640625,44.4488525390625,0.8580796142578125,0.46280778808593753,0.0
,6428,,,,,59.747314453125,48.8616943359375,0.8482392517089844,0.51874248046875,0.0
,6429,,,,,47.5067138671875,48.8616943359375,0.7944797973632812,0.5120096008300782,0.0
,6430,,,,,10.9954833984375,52.4871826171875,0.793029638671875,0.5612114135742188,0.0
,6431,,,,,26.953125,56.396484375,0.7583294128417969,0.5657690551757812,0.0
,6432,,,,,28.985595703125,59.912109375,0.7373021118164063,0.609066650390625,0.0
,6433,,,,,28.509521484375,63.2080078125,0.6656228393554687,0.6185962646484375,0.0
,6434,,,,,30.2398681640625,66.2017822265625,0.6535036560058594,0.6792957641601562,0.0
,6435,,,,,20.4437255859375,68.8201904296875,0.5760237487792969,0.6671765808105469,0.0
,6436,,,,,21.514892578125,70.6695556640625,0.53200107421875,0.7203145385742188,0.0
,6437,,,,,13.037109375,72.2625732421875,0.431732958984375,0.7380271911621094,0.0
,6438,,,,,13.494873046875,73.05908203125,0.42282484130859377,0.8125031982421875,0.0
,6439,,,,,3.6346435546875,73.7548828125,0.3757982666015625,0.842024285888672,0.0
,6440,,,,,4.0191650390625,74.4140625,0.30971246337890623,0.872581201171875,0.0
,6441,,,,,-1.226806640625,74.2034912109375,0.20778702392578124,0.8861505432128907,0.0
,6442,,,,,-1.4556884765625,73.809814453125,0.17412262573242188,0.9173289550781251,0.0
,6443,,,,,-8.9630126953125,73.1964111328125,0.11404462280273438,0.9315197937011719,0.0
,6444,,,,,-9.521484375,72.2259521484375,0.08607727661132812,0.9506826049804687,0.0
,6445,,,,,-14.94140625,70.6329345703125,0.018748480224609374,0.9404279113769531,0.0
,6446,,,,,-15.9393310546875,68.902587890625,-0.00766512451171875,0.9484037841796875,0.0
,6447,,,,,-21.7620849609375,66.68701171875,-0.07178285522460938,0.9214722656250001,0.0
,6448,,,,,-27.667236328125,64.3341064453125,-0.11383745727539063,0.905727685546875,0.0
,6449,,,,,-33.2061767578125,61.5966796875,-0.15392398681640626,0.8998234680175782,0.0
,6450,,,,,-38.690185546875,59.2529296875,-0.20146847534179688,0.8743421081542969,0.0
,6451,,,,,-46.32568359375,53.0731201171875,-0.2618572265625,0.8376738098144532,0.0
,6452,,,,,-49.566650390625,53.0731201171875,-0.31385577392578123,0.8053559875488282,0.0
,6453,,,,,-54.8309326171875,47.9644775390625,-0.3583963623046875,0.7728309997558594,0.0
,6454,,,,,-56.8359375,47.9644775390625,-0.4223069274902344,0.7279796630859375,0.0
,6455,,,,,-62.4481201171875,41.473388671875,-0.5014441589355468,0.6796065124511719,0.0
,6456,,,,,-63.299560546875,41.473388671875,-0.5624544067382813,0.653814404296875,0.0
,6457,,,,,-67.8131103515625,34.27734375,-0.6154887817382813,0.6197356750488281,0.0
,6458,,,,,-67.657470703125,34.27734375,-0.6726664672851562,0.5819279663085938,0.0
,6459,,,,,-70.42236328125,28.582763671875,-0.7288083251953125,0.5260968566894532,0.0
,6460,,,,,-69.525146484375,28.582763671875,-0.7860895935058594,0.49885458984375003,0.0
,6461,,,,,-71.4111328125,22.88818359375,-0.8277298645019532,0.4434378112792969,0.0
,6462,,,,,-69.1497802734375,22.88818359375,-0.8321839233398438,0.4355655212402344,0.0
,6463,,,,,-73.5443115234375,11.5081787109375,-0.8756886840820313,0.39465032958984375,0.0
,6464,,,,,-83.9080810546875,-11.53564453125,-0.9034488647460938,0.35746411743164064,0.0
,6465,,,,,-75.9063720703125,-2.52685546875,-0.9269621520996094,0.28008779296875,0.0
,6466,,,,,-73.223876953125,-2.52685546875,-0.908213671875,0.2551243469238281,0.0
,6467,,,,,-76.0528564453125,-12.2039794921875,-0.9138071411132813,0.18251282958984374,0.0
,6468,,,,,-69.5526123046875,-12.2039794921875,-0.9103889099121094,0.16055328369140626,0.0
,6469,,,,,-75.0823974609375,-21.78955078125,-0.926547821044922,0.059663671875000004,0.0
,6470,,,,,-69.4610595703125,-21.78955078125,-0.9052097717285157,0.021855963134765625,0.0
,6471,,,,,-74.1851806640625,-29.9652099609375,-0.9129784790039063,-0.0551060302734375,0.0
,6472,,,,,-66.6412353515625,-29.9652099609375,-0.8968195678710937,-0.10710457763671875,0.0
,6473,,,,,-71.37451171875,-38.1500244140625,-0.9183647827148438,-0.17505487060546876,0.0
,6474,,,,,-64.0777587890625,-38.1500244140625,-0.9127713134765625,-0.2487022155761719,0.0
,6475,,,,,-65.9271240234375,-41.3543701171875,-0.8848039672851563,-0.337265478515625,0.0
,6476,,,,,-59.7015380859375,-41.3543701171875,-0.8687486389160156,-0.3932001708984375,0.0
,6477,,,,,-63.1805419921875,-47.3876953125,-0.85020732421875,-0.4496527770996094,0.0
,6478,,,,,-54.5013427734375,-47.3876953125,-0.8441995239257812,-0.4871497375488281,0.0
,6479,,,,,-55.1055908203125,-48.4222412109375,-0.8385024719238281,-0.5449489196777344,0.0
,6480,,,,,-44.073486328125,-51.6265869140625,-0.8345663269042969,-0.5816172180175782,0.0
,6481,,,,,-45.8953857421875,-54.78515625,-0.8235865539550782,-0.6292652893066406,0.0
,6482,,,,,-31.75048828125,-59.0057373046875,-0.80048759765625,-0.6570254699707031,0.0
,6483,,,,,-33.8104248046875,-62.5762939453125,-0.7594688232421876,-0.6913113647460938,0.0
,6484,,,,,-24.0509033203125,-65.4144287109375,-0.7045699584960937,-0.7211432006835937,0.0
,6485,,,,,-25.5157470703125,-67.9412841796875,-0.6330978515625,-0.7396845153808594,0.0
,6486,,,,,-14.6575927734375,-70.367431640625,-0.5673227966308594,-0.7604010681152344,0.0
,6487,,,,,-15.966796875,-72.637939453125,-0.49792234497070315,-0.7904400695800782,0.0
,6488,,,,,-7.58056640625,-73.992919921875,-0.45762864990234375,-0.8240008850097656,0.0
,6489,,,,,-8.148193359375,-74.96337890625,-0.37507318725585936,-0.8350842407226563,0.0
,6490,,,,,1.7120361328125,-75.4119873046875,-0.29987210083007815,-0.8559043762207031,0.0
,6491,,,,,1.6571044921875,-75.5126953125,-0.22808924560546875,-0.8773460083007812,0.0
,6492,,,,,6.2255859375,-75.0091552734375,-0.17795518798828125,-0.918261199951172,0.0
,6493,,,,,6.683349609375,-74.212646484375,-0.088666845703125,-0.9199185241699219,0.0
,6494,,,,,14.154052734375,-72.8851318359375,-0.006318548583984375,-0.9162931274414062,0.0
,6495,,,,,14.9871826171875,-71.44775390625,0.0211308837890625,-0.9283087280273438,0.0
,6496,,,,,17.303466796875,-69.5709228515625,0.0691932861328125,-0.9357666870117188,0.0
,6497,,,,,22.412109375,-67.474365234375,0.070436279296875,-0.9528578430175781,0.0
,6498,,,,,28.0426025390625,-64.892578125,0.10720816040039063,-0.9440533081054687,0.0
,6499,,,,,34.7259521484375,-61.9171142578125,0.1310321960449219,-0.9299660522460937,0.0
,6500,,,,,41.015625,-58.7127685546875,0.1926639404296875,-0.8982697265625,0.0
,6501,,,,,46.0235595703125,-56.0302734375,0.2382403564453125,-0.8799355773925781,0.0
,6502,,,,,52.8076171875,-50.20751953125,0.3012186767578125,-0.8538327209472657,0.0
,6503,,,,,55.682373046875,-50.20751953125,0.3375762268066406,-0.8117781188964844,0.0
,6504,,,,,61.19384765625,-44.6502685546875,0.40179754028320314,-0.7570864196777344,0.0
,6505,,,,,62.420654296875,-44.6502685546875,0.46280778808593753,-0.7144103210449219,0.0
,6506,,,,,67.1722412109375,-38.34228515625,0.5490922302246094,-0.657129052734375,0.0
,6507,,,,,67.5201416015625,-38.34228515625,0.6186998474121094,-0.6217037475585938,0.0
,6508,,,,,70.623779296875,-32.537841796875,0.6667622497558594,-0.5987083740234376,0.0
,6509,,,,,69.9462890625,-32.537841796875,0.7349197082519532,-0.5379052917480469,0.0
,6510,,,,,71.8963623046875,-27.6397705078125,0.7774922241210938,-0.4975080139160156,0.0
,6511,,,,,70.1568603515625,-27.6397705078125,0.8126067810058594,-0.4687120056152344,0.0
,6512,,,,,73.8739013671875,-17.24853515625,0.8505180725097656,-0.42665740356445314,0.0
,6513,,,,,71.2738037109375,-17.24853515625,0.8888436950683594,-0.39465032958984375,0.0
,6514,,,,,75.18310546875,-6.317138671875,0.8988912231445313,-0.3507312377929688,0.0
,6515,,,,,72.6654052734375,-6.317138671875,0.9296553039550781,-0.2876493347167969,0.0
,6516,,,,,76.7486572265625,5.804443359375,0.9097674133300782,-0.26061423339843753,0.0
,6517,,,,,73.7457275390625,5.804443359375,0.9324520385742188,-0.19535709228515627,0.0
,6518,,,,,77.1331787109375,15.9393310546875,0.9154644653320313,-0.13735074462890626,0.0
,6519,,,,,71.5576171875,15.9393310546875,0.9386670043945313,-0.06453206176757813,0.0
,6520,,,,,76.995849609375,25.360107421875,0.9158787963867188,-0.017712652587890624,0.0
,6521,,,,,68.975830078125,25.360107421875,0.9375275939941407,0.06639655151367188,0.0
,6522,,,,,73.736572265625,33.6090087890625,0.9268585693359376,0.1425298828125,0.0
,6523,,,,,65.91796875,33.6090087890625,0.9575190673828126,0.21524498291015626,0.0
,6524,,,,,69.10400390625,39.129638671875,0.932244873046875,0.2805021240234375,0.0
,6525,,,,,61.48681640625,39.129638671875,0.9317269592285157,0.33788697509765625,0.0
,6526,,,,,63.995361328125,43.4783935546875,0.9477822875976563,0.4283147277832031,0.0
,6527,,,,,57.3944091796875,43.4783935546875,0.9498539428710938,0.5057946350097656,0.0
,6528,,,,,60.4888916015625,48.834228515625,0.9321412902832031,0.5650439758300781,0.0
,6529,,,,,47.6898193359375,48.834228515625,0.8750671875,0.5574824340820312,0.0
,6530,,,,,10.2081298828125,51.4617919921875,0.8868756225585938,0.6138314575195313,0.0
,6531,,,,,25.08544921875,54.6478271484375,0.83363408203125,0.6216001647949219,0.0
,6532,,,,,27.3193359375,58.5113525390625,0.7956192077636719,0.6456313659667969,0.0
,6533,,,,,27.3834228515625,62.6495361328125,0.7255972595214844,0.6395199829101562,0.0
,6534,,,,,29.388427734375,66.119384765625,0.7037412963867188,0.6826104125976563,0.0
,6535,,,,,19.207763671875,68.7835693359375,0.607409326171875,0.6660371704101563,0.0
,6536,,,,,20.6268310546875,71.246337890625,0.5681514587402344,0.6917256958007812,0.0
,6537,,,,,9.7686767578125,72.9400634765625,0.4818670166015625,0.7089204345703125,0.0
,6538,,,,,10.565185546875,74.322509765625,0.4663296020507813,0.7867110900878906,0.0
,6539,,,,,1.9775390625,75.03662109375,0.4053193542480469,0.8262797058105469,0.0
,6540,,,,,2.215576171875,75.4486083984375,0.37030838012695316,0.8836645568847656,0.0
,6541,,,,,-5.7037353515625,75.4486083984375,0.2614428955078125,0.8696808837890625,0.0
,6542,,,,,-5.877685546875,75.1556396484375,0.20903001708984376,0.9112175720214845,0.0
,6543,,,,,-11.9476318359375,74.30419921875,0.14750185546875,0.9383562561035157,0.0
,6544,,,,,-12.762451171875,72.8851318359375,0.093638818359375,0.9464357116699219,0.0
,6545,,,,,-14.8223876953125,71.15478515625,0.022995373535156252,0.9507861877441407,0.0
,6546,,,,,-18.75,69.268798828125,-0.021441632080078127,0.9314162109375,0.0
,6547,,,,,-23.7396240234375,66.8609619140625,-0.06328906860351563,0.9200221069335938,0.0
,6548,,,,,-30.0018310546875,64.2242431640625,-0.1139410400390625,0.8908117675781251,0.0
,6549,,,,,-35.8612060546875,61.56005859375,-0.15247382812500002,0.8655375732421875,0.0
,6550,,,,,-40.887451171875,59.4451904296875,-0.18738121948242187,0.83529140625,0.0
,6551,,,,,-47.8271484375,54.2816162109375,-0.2672435302734375,0.7935475524902345,0.0
,6552,,,,,-50.9674072265625,54.2816162109375,-0.335608154296875,0.7542896850585937,0.0
,6553,,,,,-56.7169189453125,49.2462158203125,-0.39340733642578124,0.7194858764648437,0.0
,6554,,,,,-58.8775634765625,49.2462158203125,-0.43691209716796875,0.7056057861328126,0.0
,6555,,,,,-63.6199951171875,44.0643310546875,-0.4984402587890625,0.6710091430664062,0.0
,6556,,,,,-64.5263671875,44.0643310546875,-0.5541677856445313,0.6468743591308594,0.0
,6557,,,,,-69.3695068359375,36.328125,-0.6247076477050781,0.5812028869628907,0.0
,6558,,,,,-69.0948486328125,36.328125,-0.6944188476562501,0.5329333190917969,0.0
,6559,,,,,-70.6878662109375,32.6019287109375,-0.7482818847656251,0.48445658569335937,0.0
,6560,,,,,-69.7998046875,32.6019287109375,-0.8011090942382812,0.4467524597167969,0.0
,6561,,,,,-72.94921875,24.8565673828125,-0.8554900451660157,0.4005545471191406,0.0
,6562,,,,,-70.8892822265625,24.8565673828125,-0.8704059631347657,0.39143926391601563,0.0
,6563,,,,,-74.81689453125,14.2913818359375,-0.9000306335449219,0.337265478515625,0.0
,6564,,,,,-88.73291015625,-14.31884765625,-0.9088351684570313,0.32348897094726564,0.0
,6565,,,,,-80.0994873046875,-3.9093017578125,-0.9194006103515625,0.27905196533203125,0.0
,6566,,,,,-76.46484375,-3.9093017578125,-0.91484296875,0.27014384765625,0.0
,6567,,,,,-76.4923095703125,-10.0616455078125,-0.9375275939941407,0.19504634399414064,0.0
,6568,,,,,-73.553466796875,-10.0616455078125,-0.9324520385742188,0.14584453125,0.0
,6569,,,,,-76.4739990234375,-19.720458984375,-0.9534793395996094,0.053034375,0.0
,6570,,,,,-68.975830078125,-19.720458984375,-0.9418780700683594,0.01843773193359375,0.0
,6571,,,,,-73.4893798828125,-27.557373046875,-0.9732636474609375,-0.0948818115234375,0.0
,6572,,,,,-65.5517578125,-27.557373046875,-0.9519255981445313,-0.14180480346679689,0.0
,6573,,,,,-70.5230712890625,-36.163330078125,-0.9628017883300781,-0.19918965454101564,0.0
,6574,,,,,-60.7635498046875,-36.163330078125,-0.9191934448242188,-0.2296429870605469,0.0
,6575,,,,,-63.28125,-40.5303955078125,-0.9246833312988282,-0.3414087890625,0.0
,6576,,,,,-58.0078125,-40.5303955078125,-0.8872899536132812,-0.39061060180664064,0.0
,6577,,,,,-61.083984375,-45.8587646484375,-0.8602548522949219,-0.46063255004882814,0.0
,6578,,,,,-51.96533203125,-45.8587646484375,-0.854350634765625,-0.483938671875,0.0
,6579,,,,,-52.880859375,-47.4517822265625,-0.8409884582519531,-0.5364551330566406,0.0
,6580,,,,,-41.9219970703125,-50.225830078125,-0.8452353515625001,-0.5788204833984375,0.0
,6581,,,,,-43.7896728515625,-53.466796875,-0.8253474609375,-0.6072021606445313,0.0
,6582,,,,,-25.3509521484375,-57.513427734375,-0.78059970703125,-0.6135207092285156,0.0
,6583,,,,,-27.7130126953125,-61.6058349609375,-0.7370949462890625,-0.6481173522949218,0.0
,6584,,,,,-21.405029296875,-64.7369384765625,-0.7174142211914063,-0.6896540405273438,0.0
,6585,,,,,-22.906494140625,-67.3370361328125,-0.6551609802246094,-0.7046735412597657,0.0
,6586,,,,,-11.6180419921875,-69.5068359375,-0.5934256530761719,-0.7272545837402344,0.0
,6587,,,,,-12.835693359375,-71.612548828125,-0.5246466979980469,-0.7528395263671875,0.0
,6588,,,,,-4.632568359375,-73.0682373046875,-0.46301495361328127,-0.7859860107421875,0.0
,6589,,,,,-5.0811767578125,-73.846435546875,-0.3888496948242188,-0.8016270080566407,0.0
,6590,,,,,4.3853759765625,-74.1485595703125,-0.3083658874511719,-0.8235865539550782,0.0
,6591,,,,,4.2938232421875,-74.30419921875,-0.24259083251953126,-0.8358093200683594,0.0
,6592,,,,,8.074951171875,-73.956298828125,-0.17785160522460938,-0.8752743530273438,0.0
,6593,,,,,8.514404296875,-73.1964111328125,-0.11280162963867188,-0.8883257812500001,0.0
,6594,,,,,15.765380859375,-71.8231201171875,-0.037393377685546875,-0.9023094543457032,0.0
,6595,,,,,16.44287109375,-70.6512451171875,0.0087009521484375,-0.9000306335449219,0.0
,6596,,,,,18.768310546875,-69.085693359375,0.07437242431640625,-0.8835609741210938,0.0
,6597,,,,,23.565673828125,-66.943359375,0.06867537231445313,-0.9025166198730469,0.0
,6598,,,,,29.62646484375,-64.4805908203125,0.13828298950195314,-0.8697844665527344,0.0
,6599,,,,,35.650634765625,-62.2283935546875,0.15402756958007813,-0.8765173461914063,0.0
,6600,,,,,40.5487060546875,-60.0128173828125,0.19432126464843752,-0.8611870971679688,0.0
,6601,,,,,45.1995849609375,-57.60498046875,0.23751527709960937,-0.8387096374511719,0.0
,6602,,,,,51.96533203125,-51.2786865234375,0.3053619873046875,-0.8012126770019532,0.0
,6603,,,,,54.4647216796875,-51.2786865234375,0.34306611328125003,-0.7635085510253906,0.0
,6604,,,,,58.9691162109375,-46.6094970703125,0.4200281066894531,-0.7186572143554688,0.0
,6605,,,,,60.443115234375,-46.6094970703125,0.4747198059082031,-0.6644834289550782,0.0
,6606,,,,,65.1397705078125,-40.557861328125,0.5582075134277344,-0.6317512756347656,0.0
,6607,,,,,65.533447265625,-40.557861328125,0.6218073303222657,-0.5948758117675781,0.0
,6608,,,,,68.26171875,-36.181640625,0.6875823852539062,-0.5447417541503906,0.0
,6609,,,,,67.8497314453125,-36.181640625,0.7373021118164063,-0.4872533203125,0.0
,6610,,,,,70.4132080078125,-29.8553466796875,0.7955156250000001,-0.4580429809570313,0.0
,6611,,,,,68.536376953125,-29.8553466796875,0.8390203857421875,-0.4303863830566406,0.0
,6612,,,,,71.8231201171875,-20.3521728515625,0.8763101806640625,-0.3966184020996094,0.0
,6613,,,,,69.03076171875,-20.3521728515625,0.9034488647460938,-0.36067518310546876,0.0
,6614,,,,,73.8189697265625,-7.379150390625,0.9119426513671876,-0.3506276550292969,0.0
,6615,,,,,70.477294921875,-7.379150390625,0.9199185241699219,-0.30329033203125,0.0
,6616,,,,,73.919677734375,4.0191650390625,0.918986279296875,-0.2506702880859375,0.0
,6617,,,,,71.1181640625,4.0191650390625,0.9460213806152344,-0.17308679809570313,0.0
,6618,,,,,74.6429443359375,14.3280029296875,0.9143250549316406,-0.12875337524414063,0.0
,6619,,,,,67.8497314453125,14.3280029296875,0.9352487731933594,-0.051687799072265624,0.0
,6620,,,,,72.54638671875,22.467041015625,0.9292409729003906,-0.00165732421875,0.0
,6621,,,,,66.668701171875,22.467041015625,0.9334878662109375,0.035736053466796876,0.0
,6622,,,,,71.6400146484375,31.072998046875,0.9166038757324219,0.10223618774414063,0.0
,6623,,,,,62.7777099609375,31.072998046875,0.9210579345703125,0.1774372741699219,0.0
,6624,,,,,67.7398681640625,39.6697998046875,0.9118390686035156,0.2424872497558594,0.0
,6625,,,,,58.4381103515625,39.6697998046875,0.9147393859863282,0.3103339599609375,0.0
,6626,,,,,60.7818603515625,43.7347412109375,0.908213671875,0.3839813049316406,0.0
,6627,,,,,54.0618896484375,43.7347412109375,0.8968195678710937,0.42883264160156254,0.0
,6628,,,,,57.659912109375,49.9603271484375,0.89329775390625,0.4851816650390625,0.0
,6629,,,,,47.4334716796875,49.9603271484375,0.8655375732421875,0.5135633422851563,0.0
,6630,,,,,11.3067626953125,51.8096923828125,0.8524861450195312,0.5747807556152343,0.0
,6631,,,,,27.5482177734375,55.3802490234375,0.8075312255859375,0.5936328186035157,0.0
,6632,,,,,29.5806884765625,58.8958740234375,0.8083598876953125,0.6307154479980469,0.0
,6633,,,,,26.4862060546875,62.7227783203125,0.7192787109375001,0.5971546325683594,0.0
,6634,,,,,28.3172607421875,65.8905029296875,0.7096455139160156,0.6557824768066406,0.0
,6635,,,,,16.51611328125,68.8018798828125,0.6334085998535156,0.6673837463378907,0.0
,6636,,,,,17.9534912109375,71.2921142578125,0.6065806640625,0.7052950378417969,0.0
,6637,,,,,8.349609375,73.187255859375,0.5142884216308594,0.7153425659179687,0.0
,6638,,,,,9.1278076171875,74.5330810546875,0.4620827087402344,0.7807032897949219,0.0
,6639,,,,,-0.439453125,75.347900390625,0.4026262023925781,0.8090849670410156,0.0
,6640,,,,,0.0,76.1077880859375,0.3568426208496094,0.8640874145507813,0.0
,6641,,,,,-4.6234130859375,76.28173828125,0.24424815673828126,0.8576652832031251,0.0
,6642,,,,,-4.8980712890625,75.8148193359375,0.18883137817382814,0.8995127197265625,0.0
,6643,,,,,-11.3800048828125,74.8260498046875,0.10503292236328125,0.89992705078125,0.0
,6644,,,,,-12.2039794921875,73.406982421875,0.0542773681640625,0.9213686828613281,0.0
,6645,,,,,-17.17529296875,71.5850830078125,-0.0023824035644531253,0.9343165283203125,0.0
,6646,,,,,-18.20068359375,69.8089599609375,-0.04547283325195313,0.9258227416992187,0.0
,6647,,,,,-23.3367919921875,67.8863525390625,-0.07841215209960938,0.9124605651855469,0.0
,6648,,,,,-28.8116455078125,65.80810546875,-0.1289605407714844,0.8992019714355469,0.0
,6649,,,,,-35.1104736328125,63.2080078125,-0.18385940551757812,0.881696484375,0.0
,6650,,,,,-40.850830078125,61.0931396484375,-0.20820135498046877,0.8504144897460938,0.0
,6651,,,,,-45.6573486328125,58.941650390625,-0.25543509521484375,0.8183038330078125,0.0
,6652,,,,,-49.713134765625,56.8634033203125,-0.3342615783691406,0.7869182556152344,0.0
,6653,,,,,-55.535888671875,51.251220703125,-0.4220997619628906,0.7363698669433594,0.0
,6654,,,,,-57.3760986328125,51.251220703125,-0.47088724365234375,0.7207288696289063,0.0
,6655,,,,,-61.7340087890625,45.22705078125,-0.5475384887695313,0.6887217956542969,0.0
,6656,,,,,-62.2100830078125,45.22705078125,-0.6096881469726563,0.6424203002929688,0.0
,6657,,,,,-67.0623779296875,37.3077392578125,-0.6822996643066407,0.5920790771484375,0.0
,6658,,,,,-66.6229248046875,37.3077392578125,-0.7282904113769532,0.5517853820800781,0.0
,6659,,,,,-68.22509765625,33.36181640625,-0.7809104553222657,0.5084877868652344,0.0
,6660,,,,,-67.12646484375,33.36181640625,-0.8302158508300782,0.4573179016113281,0.0
,6661,,,,,-70.12939453125,26.07421875,-0.8721668701171875,0.423446337890625,0.0
,6662,,,,,-67.8131103515625,26.07421875,-0.8940228332519532,0.41598837890625,0.0
,6663,,,,,-71.8963623046875,14.849853515625,-0.9260299072265625,0.36999763183593753,0.0
,6664,,,,,-86.6912841796875,-14.8773193359375,-0.9450891357421876,0.34544851684570316,0.0
,6665,,,,,-77.6641845703125,-3.84521484375,-0.9434318115234376,0.29655745239257814,0.0
,6666,,,,,-74.139404296875,-3.84521484375,-0.9503718566894531,0.2690044372558594,0.0
,6667,,,,,-74.6795654296875,-9.7686767578125,-0.9654949401855469,0.19680725097656251,0.0
,6668,,,,,-71.96044921875,-9.7686767578125,-0.9412565734863282,0.17018648071289064,0.0
,6669,,,,,-75.0823974609375,-20.159912109375,-0.9660128540039062,0.08048380737304688,0.0
,6670,,,,,-67.364501953125,-20.159912109375,-0.9457106323242188,0.051791381835937504,0.0
,6671,,,,,-72.47314453125,-29.00390625,-0.9669450988769531,-0.046301495361328125,0.0
,6672,,,,,-64.910888671875,-29.00390625,-0.9536865051269532,-0.11218013305664062,0.0
,6673,,,,,-70.0836181640625,-37.9669189453125,-0.9589692260742188,-0.18385940551757812,0.0
,6674,,,,,-60.1226806640625,-37.9669189453125,-0.9478858703613282,-0.236168701171875,0.0
,6675,,,,,-62.896728515625,-42.7642822265625,-0.9403243286132813,-0.3227638916015625,0.0
,6676,,,,,-57.0098876953125,-42.7642822265625,-0.9086280029296875,-0.36626865234375,0.0
,6677,,,,,-60.2874755859375,-48.4222412109375,-0.8740313598632813,-0.42738248291015624,0.0
,6678,,,,,-51.6448974609375,-48.4222412109375,-0.8637766662597657,-0.4696442504882813,0.0
,6679,,,,,-52.2125244140625,-49.4110107421875,-0.8388132202148437,-0.522885791015625,0.0
,6680,,,,,-41.5191650390625,-52.130126953125,-0.8273155334472656,-0.5350049743652344,0.0
,6681,,,,,-43.450927734375,-55.4718017578125,-0.8032843322753906,-0.5727091003417969,0.0
,6682,,,,,-29.77294921875,-59.6649169921875,-0.7820498657226562,-0.5993298706054687,0.0
,6683,,,,,-32.3455810546875,-64.1143798828125,-0.7316050598144531,-0.6295760375976562,0.0
,6684,,,,,-21.78955078125,-67.254638671875,-0.686960888671875,-0.6559896423339844,0.0
,6685,,,,,-23.40087890625,-70.037841796875,-0.6347551757812501,-0.6958690063476562,0.0
,6686,,,,,-12.5244140625,-72.5372314453125,-0.5655618896484376,-0.7211432006835937,0.0
,6687,,,,,-13.58642578125,-74.3682861328125,-0.5094200317382813,-0.7592616577148438,0.0
,6688,,,,,-5.438232421875,-75.567626953125,-0.4190958618164063,-0.7843286865234376,0.0
,6689,,,,,-5.950927734375,-76.46484375,-0.3528028930664063,-0.8133318603515626,0.0
,6690,,,,,1.8402099609375,-77.0416259765625,-0.3178955017089844,-0.8726847839355469,0.0
,6691,,,,,1.7120361328125,-77.2430419921875,-0.22487817993164064,-0.8779675048828125,0.0
,6692,,,,,5.767822265625,-76.849365234375,-0.11735927124023438,-0.8628444213867188,0.0
,6693,,,,,6.2255859375,-76.0528564453125,-0.0642213134765625,-0.8773460083007812,0.0
,6694,,,,,13.3758544921875,-74.4781494140625,-0.00393614501953125,-0.8919511779785156,0.0
,6695,,,,,14.3829345703125,-72.7294921875,0.02465269775390625,-0.908213671875,0.0
,6696,,,,,18.0908203125,-70.78857421875,0.07841215209960938,-0.9043811096191406,0.0
,6697,,,,,22.8973388671875,-69.0673828125,0.08856326293945313,-0.9150501342773438,0.0
,6698,,,,,28.30810546875,-66.90673828125,0.14853768310546875,-0.9025166198730469,0.0
,6699,,,,,34.24072265625,-64.2242431640625,0.17557278442382812,-0.8861505432128907,0.0
,6700,,,,,39.7979736328125,-61.8988037109375,0.23502929077148438,-0.8590118591308594,0.0
,6701,,,,,44.036865234375,-60.0677490234375,0.2681757751464844,-0.8451317687988281,0.0
,6702,,,,,49.658203125,-55.04150390625,0.3347794921875,-0.8105351257324219,0.0
,6703,,,,,51.6357421875,-55.04150390625,0.37724842529296876,-0.7844322692871094,0.0
,6704,,,,,57.71484375,-47.9736328125,0.4717159057617188,-0.7482818847656251,0.0
,6705,,,,,59.1156005859375,-47.9736328125,0.522885791015625,-0.7190715454101563,0.0
,6706,,,,,63.4368896484375,-41.5283203125,0.592493408203125,-0.6861322265625001,0.0
,6707,,,,,63.6566162109375,-41.5283203125,0.6523642456054688,-0.6485316833496094,0.0
,6708,,,,,67.8955078125,-34.185791015625,0.7163783935546876,-0.5913539978027343,0.0
,6709,,,,,67.474365234375,-34.185791015625,0.7768707275390625,-0.5397697814941407,0.0
,6710,,,,,69.5892333984375,-29.3243408203125,0.8005911804199219,-0.501340576171875,0.0
,6711,,,,,68.170166015625,-29.3243408203125,0.8333233337402344,-0.4641543640136719,0.0
,6712,,,,,71.8231201171875,-19.51904296875,0.8753779357910156,-0.42044243774414064,0.0
,6713,,,,,69.3878173828125,-19.51904296875,0.8869792053222657,-0.39143926391601563,0.0
,6714,,,,,73.6724853515625,-8.4503173828125,0.9063491821289062,-0.36295400390625,0.0
,6715,,,,,70.9991455078125,-8.4503173828125,0.9334878662109375,-0.32763228149414064,0.0
,6716,,,,,75.384521484375,5.0445556640625,0.9037596130371094,-0.30505123901367187,0.0
,6717,,,,,71.9696044921875,5.0445556640625,0.9308982971191406,-0.26061423339843753,0.0
,6718,,,,,74.8992919921875,15.802001953125,0.9096638305664063,-0.19670366821289062,0.0
,6719,,,,,67.1539306640625,15.802001953125,0.9464357116699219,-0.1006824462890625,0.0
,6720,,,,,73.5076904296875,26.7974853515625,0.9235439208984375,-0.0451620849609375,0.0
,6721,,,,,66.302490234375,26.7974853515625,0.9407386596679688,0.010876190185546876,0.0
,6722,,,,,70.8892822265625,34.735107421875,0.9129784790039063,0.0795515625,0.0
,6723,,,,,62.530517578125,34.735107421875,0.9244761657714844,0.16428226318359376,0.0
,6724,,,,,66.9525146484375,42.4072265625,0.9026202026367188,0.23306121826171874,0.0
,6725,,,,,59.197998046875,42.4072265625,0.8973374816894532,0.28609559326171874,0.0
,6726,,,,,61.3494873046875,46.124267578125,0.8788997497558594,0.3567390380859375,0.0
,6727,,,,,54.9224853515625,46.124267578125,0.8776567565917969,0.42572515869140626,0.0
,6728,,,,,58.355712890625,52.0660400390625,0.85683662109375,0.48663182373046876,0.0
,6729,,,,,48.2574462890625,52.0660400390625,0.8305265991210937,0.5259932739257812,0.0
,6730,,,,,12.8265380859375,53.7506103515625,0.8249331298828125,0.5732270141601563,0.0
,6731,,,,,21.35009765625,57.1746826171875,0.7608153991699219,0.5631794860839844,0.0
,6732,,,,,23.73046875,61.3037109375,0.7689984375000001,0.6210822509765626,0.0
,6733,,,,,28.2440185546875,64.837646484375,0.7175178039550781,0.6184926818847657,0.0
,6734,,,,,29.736328125,67.41943359375,0.69110419921875,0.6684195739746094,0.0
,6735,,,,,18.49365234375,70.3582763671875,0.5885572631835938,0.6578541320800781,0.0
,6736,,,,,20.1141357421875,73.1689453125,0.5573788513183594,0.696904833984375,0.0
,6737,,,,,11.09619140625,75.1007080078125,0.46695109863281253,0.735023291015625,0.0
,6738,,,,,11.7919921875,76.318359375,0.4303863830566406,0.8028700012207032,0.0
,6739,,,,,2.581787109375,76.885986328125,0.3602608520507813,0.8202719055175781,0.0
,6740,,,,,2.8472900390625,77.34375,0.30805513916015625,0.8599441040039063,0.0
,6741,,,,,-1.2542724609375,77.30712890625,0.18872779541015625,0.8687486389160156,0.0
,6742,,,,,-1.4556884765625,76.959228515625,0.13082503051757813,0.8954729919433594,0.0
,6743,,,,,-6.84814453125,75.8697509765625,0.08669877319335938,0.9357666870117188,0.0
,6744,,,,,-7.8460693359375,74.139404296875,0.0430904296875,0.9539972534179688,0.0
,6745,,,,,-14.7491455078125,72.0062255859375,-0.009011700439453126,0.9446748046875,0.0
,6746,,,,,-16.00341796875,69.83642578125,-0.04858031616210938,0.9469536254882813,0.0
,6747,,,,,-20.8465576171875,67.1356201171875,-0.09115283203125,0.9343165283203125,0.0
,6748,,,,,-26.18408203125,64.78271484375,-0.13703999633789063,0.9195041931152345,0.0
,6749,,,,,-32.574462890625,61.9903564453125,-0.19887890625000001,0.8964052368164063,0.0
,6750,,,,,-38.3056640625,59.381103515625,-0.24414457397460937,0.8646053283691406,0.0
,6751,,,,,-42.7642822265625,57.366943359375,-0.29552162475585936,0.8515539001464844,0.0
,6752,,,,,-46.7559814453125,55.5816650390625,-0.36689014892578126,0.7895078247070313,0.0
,6753,,,,,-52.84423828125,49.9603271484375,-0.41547046508789065,0.7607118164062501,0.0
,6754,,,,,-54.6478271484375,49.9603271484375,-0.4594931396484375,0.7382343566894531,0.0
,6755,,,,,-59.2529296875,44.0826416015625,-0.5447417541503906,0.6858214782714844,0.0
,6756,,,,,-60.076904296875,44.0826416015625,-0.6009871948242188,0.6598222045898438,0.0
,6757,,,,,-65.020751953125,35.99853515625,-0.6565075561523438,0.6135207092285156,0.0
,6758,,,,,-64.78271484375,35.99853515625,-0.7188643798828125,0.5563430236816407,0.0
,6759,,,,,-66.6961669921875,31.3018798828125,-0.7585365783691407,0.5223678771972656,0.0
,6760,,,,,-66.0919189453125,31.3018798828125,-0.7843286865234376,0.5036193969726562,0.0
,6761,,,,,-69.2230224609375,23.9044189453125,-0.8208934020996094,0.44323064575195315,0.0
,6762,,,,,-67.0806884765625,23.9044189453125,-0.851035986328125,0.4087375854492188,0.0
,6763,,,,,-71.0540771484375,13.2568359375,-0.887497119140625,0.3701012145996094,0.0
,6764,,,,,-83.7890625,-13.2843017578125,-0.8963016540527344,0.3582927795410156,0.0
,6765,,,,,-74.5880126953125,-2.45361328125,-0.9070742614746095,0.31323427734375003,0.0
,6766,,,,,-71.3836669921875,-2.45361328125,-0.904070361328125,0.28733858642578125,0.0
,6767,,,,,-73.5992431640625,-11.114501953125,-0.9283087280273438,0.19691083374023438,0.0
,6768,,,,,-66.6046142578125,-11.114501953125,-0.9212651000976563,0.18261641235351564,0.0
,6769,,,,,-72.8302001953125,-21.9085693359375,-0.9351451904296876,0.09892153930664063,0.0
,6770,,,,,-66.5771484375,-21.9085693359375,-0.910699658203125,0.0708506103515625,0.0
,6771,,,,,-71.44775390625,-30.340576171875,-0.9167074584960938,-0.02548135986328125,0.0
,6772,,,,,-63.6474609375,-30.340576171875,-0.9104924926757813,-0.09249940795898438,0.0
,6773,,,,,-69.012451171875,-39.642333984375,-0.9105960754394532,-0.15692788696289062,0.0
,6774,,,,,-61.23046875,-39.642333984375,-0.8890508605957032,-0.20571536865234374,0.0
,6775,,,,,-63.1256103515625,-42.919921875,-0.8726847839355469,-0.30991962890625,0.0
,6776,,,,,-57.5592041015625,-42.919921875,-0.8320803405761719,-0.36409341430664066,0.0
,6777,,,,,-60.6536865234375,-48.2666015625,-0.8053559875488282,-0.43204370727539065,0.0
,6778,,,,,-53.21044921875,-48.2666015625,-0.8105351257324219,-0.45856089477539064,0.0
,6779,,,,,-53.5858154296875,-48.907470703125,-0.8014198425292969,-0.5200890563964844,0.0
,6780,,,,,-41.7205810546875,-52.130126953125,-0.7812212036132813,-0.5321046569824219,0.0
,6781,,,,,-43.9361572265625,-55.95703125,-0.7591580749511719,-0.5602791687011719,0.0
,6782,,,,,-31.45751953125,-59.6649169921875,-0.7257008422851563,-0.5738485107421876,0.0
,6783,,,,,-33.5540771484375,-63.299560546875,-0.6900683715820313,-0.6224288269042969,0.0
,6784,,,,,-22.833251953125,-66.595458984375,-0.6396235656738282,-0.658786376953125,0.0
,6785,,,,,-24.6551513671875,-69.744873046875,-0.5881429321289062,-0.6883074645996093,0.0
,6786,,,,,-15.7379150390625,-72.381591796875,-0.5283756774902344,-0.6907934509277344,0.0
,6787,,,,,-16.6900634765625,-74.0386962890625,-0.4728553161621094,-0.7390630187988282,0.0
,6788,,,,,-7.6812744140625,-75.3753662109375,-0.3950646606445313,-0.7610225646972657,0.0
,6789,,,,,-8.3038330078125,-76.446533203125,-0.29966493530273436,-0.7768707275390625,0.0
,6790,,,,,-1.812744140625,-76.6754150390625,-0.2506702880859375,-0.8475141723632813,0.0
,6791,,,,,-1.46484375,-76.0711669921875,-0.1728796325683594,-0.8662626525878907,0.0
,6792,,,,,3.84521484375,-75.0457763671875,-0.11052280883789063,-0.8890508605957032,0.0
,6793,,,,,4.412841796875,-74.0570068359375,-0.05821351318359375,-0.8986840576171875,0.0
,6794,,,,,11.0595703125,-72.39990234375,0.01015111083984375,-0.8989948059082031,0.0
,6795,,,,,12.1307373046875,-70.5413818359375,0.023927618408203125,-0.9260299072265625,0.0
,6796,,,,,15.435791015625,-68.6187744140625,0.06815745849609375,-0.9200221069335938,0.0
,6797,,,,,21.6339111328125,-66.1285400390625,0.08390203857421875,-0.918986279296875,0.0
,6798,,,,,27.64892578125,-64.031982421875,0.14532661743164063,-0.8915368469238282,0.0
,6799,,,,,32.7850341796875,-62.8509521484375,0.14563736572265626,-0.8809714050292969,0.0
,6800,,,,,38.470458984375,-60.845947265625,0.21959545898437502,-0.8498965759277344,0.0
,6801,,,,,43.4326171875,-58.3648681640625,0.25346702270507815,-0.8203754882812501,0.0
,6802,,,,,50.079345703125,-52.6153564453125,0.32587137451171877,-0.7948941284179688,0.0
,6803,,,,,52.8167724609375,-52.6153564453125,0.3529064758300781,-0.7825677795410156,0.0
,6804,,,,,58.0078125,-46.636962890625,0.4088411682128906,-0.7697235168457032,0.0
,6805,,,,,59.2437744140625,-46.636962890625,0.4682976745605469,-0.7378200256347657,0.0
,6806,,,,,64.7552490234375,-39.1387939453125,0.5474349060058594,-0.6835426574707032,0.0
,6807,,,,,65.1123046875,-39.1387939453125,0.6010907775878906,-0.632269189453125,0.0
,6808,,,,,68.994140625,-31.7596435546875,0.6762918640136719,-0.5823422973632812,0.0
,6809,,,,,68.2342529296875,-31.7596435546875,0.7153425659179687,-0.5602791687011719,0.0
,6810,,,,,70.6695556640625,-25.7537841796875,0.7662017028808594,-0.5203998046875,0.0
,6811,,,,,69.122314453125,-25.7537841796875,0.8001768493652344,-0.4956435241699219,0.0
,6812,,,,,71.7681884765625,-18.0267333984375,0.8466855102539063,-0.4366013488769531,0.0
,6813,,,,,69.3878173828125,-18.0267333984375,0.877553173828125,-0.3920607604980469,0.0
,6814,,,,,73.7548828125,-5.2276611328125,0.8900866882324219,-0.37445169067382816,0.0
,6815,,,,,70.49560546875,-5.2276611328125,0.8938156677246094,-0.35021332397460936,0.0
,6816,,,,,74.4232177734375,5.9783935546875,0.9151537170410157,-0.2869242553710938,0.0
,6817,,,,,67.950439453125,5.9783935546875,0.9267549865722656,-0.2287107421875,0.0
,6818,,,,,75.128173828125,18.4112548828125,0.9048990234375001,-0.1702900634765625,0.0
,6819,,,,,69.32373046875,18.4112548828125,0.9253048278808594,-0.08928834228515625,0.0
,6820,,,,,74.3865966796875,27.1820068359375,0.9013772094726563,-0.02216671142578125,0.0
,6821,,,,,66.8243408203125,27.1820068359375,0.9190898620605469,0.04961614379882812,0.0
,6822,,,,,71.88720703125,35.943603515625,0.9045882751464844,0.11870584716796875,0.0
,6823,,,,,64.5263671875,35.943603515625,0.9070742614746095,0.19504634399414064,0.0
,6824,,,,,66.83349609375,39.9444580078125,0.8683343078613281,0.2548135986328125,0.0
,6825,,,,,60.8184814453125,39.9444580078125,0.8678163940429687,0.33498665771484376,0.0
,6826,,,,,63.8946533203125,45.281982421875,0.8589082763671875,0.41122357177734375,0.0
,6827,,,,,57.952880859375,45.281982421875,0.85683662109375,0.47420189208984376,0.0
,6828,,,,,60.3240966796875,49.383544921875,0.8509324035644531,0.5208141357421875,0.0
,6829,,,,,48.8067626953125,49.383544921875,0.8287656921386719,0.5410127746582032,0.0
,6830,,,,,10.1348876953125,52.7252197265625,0.8138497741699219,0.574262841796875,0.0
,6831,,,,,27.6580810546875,56.8450927734375,0.741652587890625,0.5551000305175782,0.0
,6832,,,,,29.736328125,60.4522705078125,0.740927508544922,0.6242933166503907,0.0
,6833,,,,,29.425048828125,63.6932373046875,0.6802280090332031,0.6378626586914062,0.0
,6834,,,,,31.146240234375,66.668701171875,0.6628261047363282,0.6901719543457031,0.0
,6835,,,,,19.9676513671875,69.3695068359375,0.5719840209960938,0.665415673828125,0.0
,6836,,,,,21.368408203125,71.795654296875,0.5470205749511718,0.7323301391601563,0.0
,6837,,,,,12.6983642578125,73.13232421875,0.46291137084960937,0.7793567138671875,0.0
,6838,,,,,13.1378173828125,73.8922119140625,0.4283147277832031,0.8400562133789062,0.0
,6839,,,,,3.5888671875,74.70703125,0.38128815307617187,0.8689558044433594,0.0
,6840,,,,,3.80859375,75.091552734375,0.33001468505859377,0.9109068237304688,0.0
,6841,,,,,-1.226806640625,74.5880126953125,0.22632833862304688,0.9115283203125,0.0
,6842,,,,,-1.336669921875,74.395751953125,0.17256888427734376,0.9310018798828126,0.0
,6843,,,,,-8.9080810546875,73.7548828125,0.12419573364257813,0.9481966186523437,0.0
,6844,,,,,-9.4024658203125,72.8851318359375,0.07727274169921876,0.9576226501464844,0.0
,6845,,,,,-15.087890625,71.22802734375,0.029106756591796876,0.9629053710937501,0.0
,6846,,,,,-16.11328125,69.4427490234375,-0.004868389892578125,0.967980926513672,0.0
,6847,,,,,-22.1099853515625,67.291259765625,-0.07613333129882813,0.930691131591797,0.0
,6848,,,,,-28.30810546875,65.130615234375,-0.1155983642578125,0.9204364379882812,0.0
,6849,,,,,-33.7738037109375,62.860107421875,-0.1476054382324219,0.9075921752929688,0.0
,6850,,,,,-39.111328125,60.223388671875,-0.20354013061523438,0.8783818359375001,0.0
,6851,,,,,-46.5179443359375,54.0252685546875,-0.23451137695312502,0.8611870971679688,0.0
,6852,,,,,-49.658203125,54.0252685546875,-0.3003900146484375,0.8149891845703126,0.0
,6853,,,,,-55.096435546875,48.687744140625,-0.37186212158203125,0.7835000244140625,0.0
,6854,,,,,-56.9091796875,48.687744140625,-0.4347368591308594,0.7489033813476563,0.0
,6855,,,,,-62.6220703125,41.363525390625,-0.49626502075195317,0.7114064208984375,0.0
,6856,,,,,-63.8397216796875,41.363525390625,-0.5487814819335938,0.6831283264160156,0.0
,6857,,,,,-68.5821533203125,34.1217041015625,-0.6142457885742187,0.6257434753417969,0.0
,6858,,,,,-68.280029296875,34.1217041015625,-0.6789850158691406,0.57011953125,0.0
,6859,,,,,-71.246337890625,28.9947509765625,-0.7355412048339844,0.5044480590820313,0.0
,6860,,,,,-70.440673828125,28.9947509765625,-0.7530466918945313,0.48456016845703126,0.0
,6861,,,,,-72.4273681640625,23.14453125,-0.8086706359863282,0.44022674560546876,0.0
,6862,,,,,-70.5596923828125,23.14453125,-0.8423350341796876,0.43711926269531254,0.0
,6863,,,,,-74.81689453125,11.865234375,-0.8716489562988281,0.391957177734375,0.0
,6864,,,,,-85.3729248046875,-11.8927001953125,-0.8818000671386719,0.3676152282714844,0.0
,6865,,,,,-77.1697998046875,-3.057861328125,-0.9194006103515625,0.29966493530273436,0.0
,6866,,,,,-73.974609375,-3.057861328125,-0.930691131591797,0.25678167114257816,0.0
,6867,,,,,-76.2542724609375,-12.2406005859375,-0.9543080017089844,0.17754085693359375,0.0
,6868,,,,,-69.3511962890625,-12.2406005859375,-0.9352487731933594,0.15516697998046874,0.0
,6869,,,,,-75.2197265625,-22.412109375,-0.9536865051269532,0.05365587158203125,0.0
,6870,,,,,-70.1019287109375,-22.412109375,-0.9326592041015626,0.012119183349609375,0.0
,6871,,,,,-74.6337890625,-30.2581787109375,-0.9132892272949219,-0.0696076171875,0.0
,6872,,,,,-67.3736572265625,-30.2581787109375,-0.8909153503417969,-0.1073117431640625,0.0
,6873,,,,,-72.10693359375,-38.4521484375,-0.9093530822753907,-0.18303074340820313,0.0
,6874,,,,,-64.764404296875,-38.4521484375,-0.8793140808105468,-0.24497323608398439,0.0
,6875,,,,,-66.4947509765625,-41.4459228515625,-0.8913296813964844,-0.35124915161132814,0.0
,6876,,,,,-59.9761962890625,-41.4459228515625,-0.8754815185546875,-0.3923715087890625,0.0
,6877,,,,,-63.5833740234375,-47.698974609375,-0.8639838317871094,-0.4645686950683594,0.0
,6878,,,,,-54.9407958984375,-47.698974609375,-0.8478249206542969,-0.4985438415527344,0.0
,6879,,,,,-55.3619384765625,-48.4222412109375,-0.8534183898925781,-0.5644224792480469,0.0
,6880,,,,,-44.4854736328125,-51.89208984375,-0.8334269165039063,-0.5823422973632812,0.0
,6881,,,,,-46.527099609375,-55.426025390625,-0.8146784362792969,-0.6292652893066406,0.0
,6882,,,,,-32.391357421875,-59.80224609375,-0.7798746276855469,-0.6472886901855469,0.0
,6883,,,,,-34.53369140625,-63.5101318359375,-0.7206252868652344,-0.6651049255371094,0.0
,6884,,,,,-24.3896484375,-66.24755859375,-0.6965940856933593,-0.703637713623047,0.0
,6885,,,,,-25.8544921875,-68.7744140625,-0.628954541015625,-0.7356447875976563,0.0
,6886,,,,,-15.179443359375,-71.2188720703125,-0.5807885559082031,-0.7682733581542969,0.0
,6887,,,,,-16.36962890625,-73.27880859375,-0.5233001220703125,-0.8016270080566407,0.0
,6888,,,,,-7.4432373046875,-74.1668701171875,-0.4414697387695313,-0.8214113159179688,0.0
,6889,,,,,-8.02001953125,-75.164794921875,-0.3745552734375,-0.842024285888672,0.0
,6890,,,,,1.995849609375,-75.933837890625,-0.3046369079589844,-0.8561115417480469,0.0
,6891,,,,,1.8402099609375,-76.20849609375,-0.2432123291015625,-0.8824215637207031,0.0
,6892,,,,,6.353759765625,-75.7598876953125,-0.15734221801757814,-0.9084208374023438,0.0
,6893,,,,,6.866455078125,-74.871826171875,-0.09063491821289063,-0.9238546691894531,0.0
,6894,,,,,14.3829345703125,-73.3795166015625,-0.0111869384765625,-0.9168110412597656,0.0
,6895,,,,,15.3350830078125,-71.74072265625,0.0136729248046875,-0.9432246459960938,0.0
,6896,,,,,17.724609375,-69.818115234375,0.0816232177734375,-0.9353523559570313,0.0
,6897,,,,,22.8057861328125,-67.6300048828125,0.07385451049804688,-0.9688095886230469,0.0
,6898,,,,,28.326416015625,-65.0665283203125,0.11031564331054688,-0.9582441467285157,0.0
,6899,,,,,34.9273681640625,-62.3291015625,0.1454302001953125,-0.9441568908691407,0.0
,6900,,,,,41.2078857421875,-59.527587890625,0.19369976806640626,-0.9232331726074219,0.0
,6901,,,,,46.0418701171875,-57.0648193359375,0.23067881469726564,-0.8965088195800781,0.0
,6902,,,,,52.6519775390625,-51.0955810546875,0.30722647705078127,-0.8582867797851563,0.0
,6903,,,,,55.6549072265625,-51.0955810546875,0.33881921997070313,-0.8224471435546875,0.0
,6904,,,,,61.2762451171875,-45.37353515625,0.4036620300292969,-0.7889899108886719,0.0
,6905,,,,,62.3748779296875,-45.37353515625,0.4694370849609375,-0.7425848327636719,0.0
,6906,,,,,67.4468994140625,-37.774658203125,0.5467098266601562,-0.6958690063476562,0.0
,6907,,,,,67.6300048828125,-37.774658203125,0.6166281921386719,-0.6177676025390625,0.0
,6908,,,,,71.1090087890625,-32.025146484375,0.6713198913574219,-0.5771631591796875,0.0
,6909,,,,,70.367431640625,-32.025146484375,0.7495248779296875,-0.5283756774902344,0.0
,6910,,,,,71.795654296875,-27.6031494140625,0.7951012939453125,-0.5041373107910156,0.0
,6911,,,,,70.01953125,-27.6031494140625,0.8426457824707031,-0.45058502197265626,0.0
,6912,,,,,73.4619140625,-17.156982421875,0.8850111328125,-0.42924697265625,0.0
,6913,,,,,70.6878662109375,-17.156982421875,0.9108032409667969,-0.38978193969726566,0.0
,6914,,,,,74.6795654296875,-5.987548828125,0.9054169372558594,-0.3465879272460938,0.0
,6915,,,,,71.59423828125,-5.987548828125,0.9257191589355469,-0.3003900146484375,0.0
,6916,,,,,75.5218505859375,6.7108154296875,0.9016879577636719,-0.2789483825683594,0.0
,6917,,,,,72.36328125,6.7108154296875,0.9266514038085938,-0.21773096923828125,0.0
,6918,,,,,75.5126953125,16.0400390625,0.9197113586425781,-0.14636244506835938,0.0
,6919,,,,,70.2392578125,16.0400390625,0.9359738525390625,-0.06473922729492188,0.0
,6920,,,,,75.3387451171875,24.8748779296875,0.9383562561035157,0.002589569091796875,0.0
,6921,,,,,67.8131103515625,24.8748779296875,0.945503466796875,0.07240435180664062,0.0
,6922,,,,,72.308349609375,32.6568603515625,0.9317269592285157,0.14936634521484377,0.0
,6923,,,,,64.727783203125,32.6568603515625,0.9459177978515625,0.23637586669921876,0.0
,6924,,,,,67.8497314453125,38.0584716796875,0.9187791137695313,0.2855776794433594,0.0
,6925,,,,,60.4888916015625,38.0584716796875,0.9215758483886719,0.35435663452148436,0.0
,6926,,,,,63.2537841796875,42.8558349609375,0.9230260070800782,0.4334938659667969,0.0
,6927,,,,,56.57958984375,42.8558349609375,0.9093530822753907,0.48052044067382815,0.0
,6928,,,,,59.307861328125,47.5799560546875,0.9171217895507813,0.549402978515625,0.0
,6929,,,,,46.4447021484375,47.5799560546875,0.879210498046875,0.57177685546875,0.0
,6930,,,,,10.2996826171875,50.72021484375,0.8683343078613281,0.6118633850097657,0.0
,6931,,,,,25.2044677734375,54.16259765625,0.8116745361328125,0.5914575805664063,0.0
,6932,,,,,27.3468017578125,57.8704833984375,0.7866075073242188,0.6299903686523438,0.0
,6933,,,,,27.099609375,61.7340087890625,0.7173106384277343,0.6374483276367188,0.0
,6934,,,,,29.022216796875,65.07568359375,0.6956618408203126,0.6900683715820313,0.0
,6935,,,,,18.8232421875,67.913818359375,0.6084451538085938,0.6752560363769532,0.0
,6936,,,,,20.306396484375,70.477294921875,0.5923898254394532,0.7055022033691406,0.0
,6937,,,,,9.576416015625,72.2625732421875,0.491396630859375,0.7371985290527344,0.0
,6938,,,,,10.418701171875,73.71826171875,0.45887164306640627,0.8077383911132813,0.0
,6939,,,,,1.959228515625,74.3408203125,0.4007617126464844,0.8438887756347656,0.0
,6940,,,,,2.1331787109375,74.652099609375,0.34078729248046874,0.8771388427734376,0.0
,6941,,,,,-5.3466796875,74.688720703125,0.2620643920898438,0.8987876403808595,0.0
,6942,,,,,-5.767822265625,73.9654541015625,0.20985867919921875,0.922300927734375,0.0
,6943,,,,,-11.5264892578125,72.821044921875,0.14480870361328124,0.9360774353027344,0.0
,6944,,,,,-12.451171875,71.209716796875,0.087009521484375,0.9522363464355469,0.0
,6945,,,,,-17.6055908203125,69.0765380859375,0.029003173828125,0.9410494079589844,0.0
,6946,,,,,-18.4295654296875,67.63916015625,-0.0023824035644531253,0.9375275939941407,0.0
,6947,,,,,-23.3917236328125,65.80810546875,-0.0807945556640625,0.9072814270019531,0.0
,6948,,,,,-29.3701171875,63.2720947265625,-0.11653060913085937,0.8924690917968751,0.0
,6949,,,,,-35.4949951171875,60.7086181640625,-0.14770902099609376,0.8662626525878907,0.0
,6950,,,,,-40.2557373046875,58.7677001953125,-0.19908607177734375,0.8447174377441407,0.0
,6951,,,,,-46.8475341796875,53.4576416015625,-0.25346702270507815,0.8149891845703126,0.0
,6952,,,,,-50.244140625,53.4576416015625,-0.3191384948730469,0.776456396484375,0.0
,6953,,,,,-55.8929443359375,48.6602783203125,-0.3684438903808594,0.75076787109375,0.0
,6954,,,,,-57.6324462890625,48.6602783203125,-0.44333422851562504,0.7011517272949219,0.0
,6955,,,,,-62.36572265625,43.304443359375,-0.5252681945800781,0.6453206176757813,0.0
,6956,,,,,-63.3453369140625,43.304443359375,-0.59166474609375,0.5997442016601563,0.0
,6957,,,,,-68.2891845703125,35.55908203125,-0.6368268310546875,0.57840615234375,0.0
,6958,,,,,-68.2708740234375,35.55908203125,-0.6671765808105469,0.5613149963378906,0.0
,6959,,,,,-69.9371337890625,32.3089599609375,-0.7186572143554688,0.5086949523925781,0.0
,6960,,,,,-69.195556640625,32.3089599609375,-0.7750062377929687,0.457421484375,0.0
,6961,,,,,-72.2259521484375,24.6002197265625,-0.8315624267578126,0.41246656494140627,0.0
,6962,,,,,-70.01953125,24.6002197265625,-0.8617050109863281,0.4023154541015625,0.0
,6963,,,,,-73.956298828125,13.9434814453125,-0.9083172546386719,0.3437911926269531,0.0
,6964,,,,,-87.3321533203125,-13.970947265625,-0.9112175720214845,0.34493060302734374,0.0
,6965,,,,,-78.4149169921875,-3.40576171875,-0.93307353515625,0.28412752075195313,0.0
,6966,,,,,-74.9359130859375,-3.40576171875,-0.9279979797363281,0.25502076416015623,0.0
,6967,,,,,-75.640869140625,-9.7320556640625,-0.9441568908691407,0.17184380493164064,0.0
,6968,,,,,-70.0836181640625,-9.7320556640625,-0.9351451904296876,0.139215234375,0.0
,6969,,,,,-75.7781982421875,-19.5831298828125,-0.9491288635253906,0.047958819580078124,0.0
,6970,,,,,-68.0694580078125,-19.5831298828125,-0.9450891357421876,0.005904217529296875,0.0
,6971,,,,,-72.821044921875,-27.813720703125,-0.9667379333496094,-0.0890811767578125,0.0
,6972,,,,,-65.4052734375,-27.813720703125,-0.9360774353027344,-0.13807582397460938,0.0
,6973,,,,,-69.873046875,-35.55908203125,-0.955550994873047,-0.19670366821289062,0.0
,6974,,,,,-60.589599609375,-35.55908203125,-0.9237510864257813,-0.24549114990234375,0.0
,6975,,,,,-62.896728515625,-39.5416259765625,-0.9258227416992187,-0.3610895141601563,0.0
,6976,,,,,-57.75146484375,-39.5416259765625,-0.9076957580566406,-0.4115343200683594,0.0
,6977,,,,,-61.083984375,-45.3094482421875,-0.8659519042968751,-0.4498599426269531,0.0
,6978,,,,,-52.1026611328125,-45.3094482421875,-0.8396418823242188,-0.4746162231445313,0.0
,6979,,,,,-54.766845703125,-49.91455078125,-0.8217220642089844,-0.5157385803222656,0.0
,6980,,,,,-42.4072265625,-49.91455078125,-0.8152999328613282,-0.5537534545898438,0.0
,6981,,,,,-44.6502685546875,-53.814697265625,-0.7836036071777344,-0.5804778076171875,0.0
,6982,,,,,-25.7171630859375,-58.0718994140625,-0.7792531311035157,-0.6145565368652344,0.0
,6983,,,,,-28.0517578125,-62.127685546875,-0.7493177124023438,-0.6398307312011718,0.0
,6984,,,,,-21.8902587890625,-65.58837890625,-0.7239399353027344,-0.6832319091796876,0.0
,6985,,,,,-23.73046875,-68.7744140625,-0.6573362182617187,-0.7086096862792969,0.0
,6986,,,,,-12.322998046875,-71.1822509765625,-0.5846211181640625,-0.7279796630859375,0.0
,6987,,,,,-13.5040283203125,-73.223876953125,-0.5315867431640625,-0.7589509094238281,0.0
,6988,,,,,-4.5867919921875,-74.3316650390625,-0.4656045227050781,-0.7879540832519532,0.0
,6989,,,,,-4.9072265625,-74.89013671875,-0.3757982666015625,-0.7928224731445312,0.0
,6990,,,,,4.486083984375,-75.3204345703125,-0.31416652221679686,-0.8221363952636719,0.0
,6991,,,,,4.449462890625,-75.3936767578125,-0.23813677368164063,-0.8387096374511719,0.0
,6992,,,,,8.60595703125,-75.0457763671875,-0.18448090209960938,-0.8675056457519531,0.0
,6993,,,,,8.9996337890625,-74.3682861328125,-0.10099319458007813,-0.8716489562988281,0.0
,6994,,,,,15.6646728515625,-73.27880859375,-0.031281994628906254,-0.8867720397949219,0.0
,6995,,,,,16.424560546875,-71.96044921875,-0.000725079345703125,-0.9112175720214845,0.0
,6996,,,,,19.024658203125,-69.9920654296875,0.07975872802734375,-0.8934013366699219,0.0
,6997,,,,,24.0234375,-67.913818359375,0.09084208374023438,-0.9068670959472657,0.0
,6998,,,,,30.0933837890625,-64.7735595703125,0.1351755065917969,-0.8939192504882812,0.0
,6999,,,,,36.0443115234375,-61.9903564453125,0.1578601318359375,-0.8918475952148438,0.0
,7000,,,,,40.869140625,-59.7381591796875,0.2358579528808594,-0.8655375732421875,0.0
,7001,,,,,45.556640625,-57.952880859375,0.26682919921875003,-0.8293871887207032,0.0
,7002,,,,,51.89208984375,-52.166748046875,0.3278394470214844,-0.7865039245605469,0.0
,7003,,,,,54.5928955078125,-52.166748046875,0.35570321044921877,-0.768169775390625,0.0
,7004,,,,,60.003662109375,-46.8841552734375,0.40221187133789066,-0.7497320434570313,0.0
,7005,,,,,61.2030029296875,-46.8841552734375,0.4695406677246094,-0.6875823852539062,0.0
,7006,,,,,66.1376953125,-40.6951904296875,0.5539606201171875,-0.6417988037109376,0.0
,7007,,,,,66.778564453125,-40.6951904296875,0.6175604370117188,-0.6023337707519532,0.0
,7008,,,,,69.0673828125,-36.6668701171875,0.6716306396484375,-0.5699123657226562,0.0
,7009,,,,,68.5272216796875,-36.6668701171875,0.7354376220703125,-0.5081770385742188,0.0
,7010,,,,,71.136474609375,-30.2764892578125,0.793029638671875,-0.4788631164550781,0.0
,7011,,,,,68.8751220703125,-30.2764892578125,0.846167596435547,-0.44861694946289066,0.0
,7012,,,,,72.0794677734375,-20.2606201171875,0.8679199768066407,-0.4094626647949219,0.0
,7013,,,,,69.61669921875,-20.2606201171875,0.9058312683105469,-0.378698583984375,0.0
,7014,,,,,74.3682861328125,-8.1207275390625,0.9092494995117187,-0.34524135131835937,0.0
,7015,,,,,71.1456298828125,-8.1207275390625,0.9331771179199219,-0.30971246337890623,0.0
,7016,,,,,74.7161865234375,3.607177734375,0.9188826965332032,-0.269315185546875,0.0
,7017,,,,,71.9329833984375,3.607177734375,0.9316233764648438,-0.20084697875976562,0.0
,7018,,,,,75.0823974609375,13.604736328125,0.922404510498047,-0.14946992797851563,0.0
,7019,,,,,68.609619140625,13.604736328125,0.9384598388671875,-0.0828662109375,0.0
,7020,,,,,74.4781494140625,23.76708984375,0.93638818359375,-0.009218865966796875,0.0
,7021,,,,,67.694091796875,23.76708984375,0.9424995666503907,0.04277968139648437,0.0
,7022,,,,,72.47314453125,32.04345703125,0.9343165283203125,0.1081404052734375,0.0
,7023,,,,,63.336181640625,32.04345703125,0.9307947143554688,0.16811482543945314,0.0
,7024,,,,,68.206787109375,40.484619140625,0.9269621520996094,0.24393740844726564,0.0
,7025,,,,,59.5458984375,40.484619140625,0.9186755310058594,0.3056727355957031,0.0
,7026,,,,,61.8621826171875,44.5037841796875,0.9066599304199219,0.38563862915039065,0.0
,7027,,,,,54.8858642578125,44.5037841796875,0.9111139892578125,0.44954919433593754,0.0
,7028,,,,,58.2366943359375,50.299072265625,0.8978553955078126,0.5092128662109375,0.0
,7029,,,,,48.211669921875,50.299072265625,0.8611870971679688,0.5249574462890625,0.0
,7030,,,,,10.7666015625,51.8829345703125,0.8657447387695313,0.574262841796875,0.0
,7031,,,,,27.57568359375,55.426025390625,0.7869182556152344,0.5514746337890625,0.0
,7032,,,,,29.8736572265625,59.4085693359375,0.7807032897949219,0.5968438842773438,0.0
,7033,,,,,26.6143798828125,63.189697265625,0.7238363525390625,0.5989155395507813,0.0
,7034,,,,,28.4088134765625,66.2933349609375,0.709334765625,0.6655192565917969,0.0
,7035,,,,,16.2322998046875,69.287109375,0.6319584411621094,0.6668658325195312,0.0
,7036,,,,,17.7520751953125,71.9146728515625,0.6271936340332032,0.7109920898437501,0.0
,7037,,,,,8.0657958984375,73.8372802734375,0.5243359497070312,0.7376128601074219,0.0
,7038,,,,,8.807373046875,75.1190185546875,0.45648923950195314,0.779771044921875,0.0
,7039,,,,,0.5859375,76.025390625,0.3870887878417969,0.8086706359863282,0.0
,7040,,,,,0.970458984375,76.6845703125,0.3319827575683594,0.8565258728027344,0.0
,7041,,,,,-5.8319091796875,76.611328125,0.22228861083984375,0.8573545349121094,0.0
,7042,,,,,-5.9967041015625,76.336669921875,0.1843773193359375,0.9008592956542969,0.0
,7043,,,,,-10.9222412109375,75.384521484375,0.13237877197265627,0.9273764831542969,0.0
,7044,,,,,-11.517333984375,74.359130859375,0.08193396606445313,0.9345236938476563,0.0
,7045,,,,,-17.724609375,72.6470947265625,-0.00165732421875,0.9286194763183594,0.0
,7046,,,,,-18.8140869140625,70.7611083984375,-0.03760054321289063,0.943846142578125,0.0
,7047,,,,,-23.6572265625,68.8201904296875,-0.0807945556640625,0.9326592041015626,0.0
,7048,,,,,-28.96728515625,66.68701171875,-0.11694494018554688,0.9121498168945312,0.0
,7049,,,,,-35.1470947265625,63.9495849609375,-0.16013895263671876,0.8806606567382813,0.0
,7050,,,,,-40.9515380859375,61.4044189453125,-0.21814530029296875,0.8456496826171875,0.0
,7051,,,,,-47.0306396484375,56.8359375,-0.26372171630859376,0.8349806579589844,0.0
,7052,,,,,-49.969482421875,56.8359375,-0.32421405029296874,0.7796674621582032,0.0
,7053,,,,,-56.1126708984375,51.1871337890625,-0.39154284667968753,0.7394773498535157,0.0
,7054,,,,,-58.0352783203125,51.1871337890625,-0.4717159057617188,0.6861322265625001,0.0
,7055,,,,,-62.1917724609375,45.6390380859375,-0.5495065612792969,0.6599257873535156,0.0
,7056,,,,,-62.95166015625,45.6390380859375,-0.6122777160644531,0.6182855163574219,0.0
,7057,,,,,-67.78564453125,38.214111328125,-0.6861322265625001,0.5697052001953126,0.0
,7058,,,,,-67.41943359375,38.214111328125,-0.7509750366210938,0.51874248046875,0.0
,7059,,,,,-68.9117431640625,34.31396484375,-0.7918902282714844,0.48052044067382815,0.0
,7060,,,,,-67.7764892578125,34.31396484375,-0.8316660095214844,0.4558677429199219,0.0
,7061,,,,,-70.49560546875,26.7608642578125,-0.85683662109375,0.43401177978515626,0.0
,7062,,,,,-68.170166015625,26.7608642578125,-0.9064527648925782,0.4089447509765625,0.0
,7063,,,,,-72.6104736328125,15.087890625,-0.937216845703125,0.37724842529296876,0.0
,7064,,,,,-87.432861328125,-15.1153564453125,-0.9285158935546876,0.3638862487792969,0.0
,7065,,,,,-78.1402587890625,-3.533935546875,-0.9351451904296876,0.310748291015625,0.0
,7066,,,,,-74.725341796875,-3.533935546875,-0.948818115234375,0.2642396301269531,0.0
,7067,,,,,-75.2197265625,-9.942626953125,-0.9755424682617188,0.18831346435546875,0.0
,7068,,,,,-69.9005126953125,-9.942626953125,-0.9674630126953125,0.1691506530761719,0.0
,7069,,,,,-75.4302978515625,-19.51904296875,-0.9624910400390625,0.098610791015625,0.0
,7070,,,,,-67.6116943359375,-19.51904296875,-0.9594871398925782,0.032214239501953124,0.0
,7071,,,,,-73.5443115234375,-29.791259765625,-0.9651841918945313,-0.056866937255859375,0.0
,7072,,,,,-65.4876708984375,-29.791259765625,-0.9408422424316406,-0.08669877319335938,0.0
,7073,,,,,-70.01953125,-37.6556396484375,-0.9530650085449219,-0.16676824951171876,0.0
,7074,,,,,-60.0860595703125,-37.6556396484375,-0.9304839660644532,-0.19784307861328126,0.0
,7075,,,,,-63.5009765625,-43.5791015625,-0.9564832397460937,-0.30795155639648436,0.0
,7076,,,,,-56.57958984375,-43.5791015625,-0.9237510864257813,-0.34834883422851565,0.0
,7077,,,,,-58.941650390625,-47.662353515625,-0.8967159851074219,-0.4238606689453125,0.0
,7078,,,,,-50.7659912109375,-47.662353515625,-0.8710274597167968,-0.44747753906250004,0.0
,7079,,,,,-51.5533447265625,-49.0264892578125,-0.837880975341797,-0.5093164489746094,0.0
,7080,,,,,-40.75927734375,-52.166748046875,-0.8222399780273437,-0.5296186706542969,0.0
,7081,,,,,-42.5994873046875,-55.352783203125,-0.8119852844238281,-0.5821351318359376,0.0
,7082,,,,,-26.1749267578125,-58.831787109375,-0.7765599792480469,-0.5970510498046875,0.0
,7083,,,,,-28.143310546875,-62.2467041015625,-0.75408251953125,-0.6348587585449219,0.0
,7084,,,,,-20.7733154296875,-65.7257080078125,-0.7067451965332031,-0.6741166259765625,0.0
,7085,,,,,-22.5494384765625,-68.81103515625,-0.6466671936035157,-0.7080917724609376,0.0
,7086,,,,,-12.0391845703125,-71.356201171875,-0.565976220703125,-0.725079345703125,0.0
,7087,,,,,-13.2476806640625,-73.4344482421875,-0.49502202758789066,-0.7542896850585937,0.0
,7088,,,,,-5.6671142578125,-74.652099609375,-0.43535835571289067,-0.8078419738769531,0.0
,7089,,,,,-6.1065673828125,-75.4119873046875,-0.3487631652832031,-0.8235865539550782,0.0
,7090,,,,,1.373291015625,-76.0345458984375,-0.2930356384277344,-0.8508288208007813,0.0
,7091,,,,,1.4007568359375,-75.9979248046875,-0.2084085205078125,-0.84689267578125,0.0
,7092,,,,,5.5938720703125,-75.3021240234375,-0.12108825073242188,-0.8525897277832032,0.0
,7093,,,,,5.987548828125,-74.6337890625,-0.05779918212890625,-0.8687486389160156,0.0
,7094,,,,,12.872314453125,-73.4344482421875,-0.0020716552734375,-0.8859433776855469,0.0
,7095,,,,,13.9434814453125,-71.5850830078125,0.037289794921875,-0.8909153503417969,0.0
,7096,,,,,17.5323486328125,-69.6624755859375,0.08835609741210938,-0.8855290466308594,0.0
,7097,,,,,22.265625,-68.0511474609375,0.0998537841796875,-0.9062455993652344,0.0
,7098,,,,,27.850341796875,-66.2841796875,0.145015869140625,-0.8984768920898438,0.0
,7099,,,,,34.0301513671875,-63.958740234375,0.16262493896484376,-0.9043811096191406,0.0
,7100,,,,,39.55078125,-61.04736328125,0.2456983154296875,-0.8611870971679688,0.0
,7101,,,,,43.68896484375,-58.7677001953125,0.2921033935546875,-0.8324946716308594,0.0
,7102,,,,,49.1729736328125,-54.2449951171875,0.34700225830078124,-0.8042165771484375,0.0
,7103,,,,,51.397705078125,-54.2449951171875,0.370411962890625,-0.7929260559082032,0.0
,7104,,,,,57.0831298828125,-47.6806640625,0.4600110534667969,-0.7544968505859375,0.0
,7105,,,,,58.0902099609375,-47.6806640625,0.5156349975585938,-0.7221790283203126,0.0
,7106,,,,,62.0086669921875,-41.6839599609375,0.6004692810058594,-0.672044970703125,0.0
,7107,,,,,62.2100830078125,-41.6839599609375,0.6569218872070313,-0.615695947265625,0.0
,7108,,,,,67.144775390625,-33.197021484375,0.708506103515625,-0.5795455627441406,0.0
,7109,,,,,66.8060302734375,-33.197021484375,0.768169775390625,-0.5390447021484375,0.0
,7110,,,,,68.6004638671875,-28.7109375,0.8150927673339844,-0.4871497375488281,0.0
,7111,,,,,67.1173095703125,-28.7109375,0.8353949890136719,-0.4538996704101563,0.0
,7112,,,,,70.5322265625,-19.500732421875,0.8511395690917969,-0.42883264160156254,0.0
,7113,,,,,68.1976318359375,-19.500732421875,0.8776567565917969,-0.4005545471191406,0.0
,7114,,,,,72.32666015625,-8.3587646484375,0.8836645568847656,-0.35860352783203125,0.0
,7115,,,,,69.5892333984375,-8.3587646484375,0.9266514038085938,-0.311576953125,0.0
,7116,,,,,74.102783203125,5.0811767578125,0.914117889404297,-0.2818486999511719,0.0
,7117,,,,,70.7061767578125,5.0811767578125,0.9075921752929688,-0.2561601745605469,0.0
,7118,,,,,74.0570068359375,15.8660888671875,0.8967159851074219,-0.19784307861328126,0.0
,7119,,,,,66.8975830078125,15.8660888671875,0.9101817443847656,-0.14190838623046875,0.0
,7120,,,,,72.9766845703125,26.40380859375,0.9172253723144531,-0.06888253784179688,0.0
,7121,,,,,65.4144287109375,26.40380859375,0.9311054626464844,0.013362176513671876,0.0
,7122,,,,,69.8638916015625,34.1033935546875,0.902413037109375,0.07509750366210938,0.0
,7123,,,,,61.8621826171875,34.1033935546875,0.9023094543457032,0.159931787109375,0.0
,7124,,,,,66.3116455078125,41.8121337890625,0.8806606567382813,0.21224108276367187,0.0
,7125,,,,,58.2550048828125,41.8121337890625,0.8832502258300782,0.29686820068359376,0.0
,7126,,,,,60.16845703125,45.1263427734375,0.8916404296875,0.3734158630371094,0.0
,7127,,,,,54.0618896484375,45.1263427734375,0.8680235595703125,0.4115343200683594,0.0
,7128,,,,,57.7880859375,51.5625,0.8665734008789063,0.4829028442382813,0.0
,7129,,,,,48.065185546875,51.5625,0.8353949890136719,0.5139776733398438,0.0
,7130,,,,,12.2589111328125,52.935791015625,0.8165429260253907,0.5614185791015626,0.0
,7131,,,,,20.6817626953125,56.14013671875,0.7638192993164062,0.5617293273925782,0.0
,7132,,,,,23.0438232421875,60.223388671875,0.7476603881835938,0.6124848815917969,0.0
,7133,,,,,27.4658203125,63.8946533203125,0.7022911376953125,0.6299903686523438,0.0
,7134,,,,,29.04052734375,66.61376953125,0.6891361267089844,0.6921400268554688,0.0
,7135,,,,,18.109130859375,69.3695068359375,0.5794419799804688,0.6642762634277344,0.0
,7136,,,,,19.7021484375,72.1435546875,0.5473313232421875,0.7053986206054688,0.0
,7137,,,,,11.16943359375,74.0478515625,0.4685048400878906,0.7249757629394531,0.0
,7138,,,,,11.7645263671875,75.091552734375,0.41940661010742186,0.7850537658691407,0.0
,7139,,,,,2.67333984375,76.1444091796875,0.3580856140136719,0.8115709533691406,0.0
,7140,,,,,3.1951904296875,77.0416259765625,0.29769686279296875,0.8484464172363282,0.0
,7141,,,,,-1.1077880859375,76.7669677734375,0.18323790893554687,0.8397454650878906,0.0
,7142,,,,,-1.3824462890625,76.28173828125,0.13527908935546876,0.8724776184082031,0.0
,7143,,,,,-6.8756103515625,75.5035400390625,0.06183890991210938,0.8867720397949219,0.0
,7144,,,,,-7.415771484375,74.5697021484375,0.029728253173828125,0.9202292724609376,0.0
,7145,,,,,-14.7491455078125,72.8668212890625,-0.027656597900390625,0.9283087280273438,0.0
,7146,,,,,-15.966796875,70.7794189453125,-0.06370339965820312,0.9361810180664063,0.0
,7147,,,,,-21.1669921875,68.353271484375,-0.10979772949218751,0.9288266418457032,0.0
,7148,,,,,-26.5045166015625,65.9912109375,-0.14480870361328124,0.9132892272949219,0.0
,7149,,,,,-32.55615234375,63.2720947265625,-0.17577994995117188,0.8903974365234375,0.0
,7150,,,,,-38.2232666015625,60.8367919921875,-0.2307823974609375,0.8772424255371094,0.0
,7151,,,,,-42.8375244140625,58.4930419921875,-0.3084694702148438,0.8417135375976563,0.0
,7152,,,,,-46.8017578125,56.195068359375,-0.3612966796875,0.7890934936523438,0.0
,7153,,,,,-52.77099609375,50.4913330078125,-0.42054602050781253,0.7578114990234375,0.0
,7154,,,,,-54.9957275390625,50.4913330078125,-0.48259209594726565,0.70767744140625,0.0
,7155,,,,,-59.87548828125,44.53125,-0.5571716857910156,0.66790166015625,0.0
,7156,,,,,-60.75439453125,44.53125,-0.61155263671875,0.6189070129394532,0.0
,7157,,,,,-65.899658203125,36.346435546875,-0.6482209350585938,0.590007421875,0.0
,7158,,,,,-65.9454345703125,36.346435546875,-0.7021875549316406,0.5672192138671875,0.0
,7159,,,,,-68.3074951171875,31.9061279296875,-0.7686876892089844,0.5065197143554687,0.0
,7160,,,,,-67.4468994140625,31.9061279296875,-0.8141605224609375,0.47016216430664065,0.0
,7161,,,,,-70.2301025390625,24.2340087890625,-0.8530040588378907,0.42914338989257816,0.0
,7162,,,,,-68.133544921875,24.2340087890625,-0.8689558044433594,0.42085676879882816,0.0
,7163,,,,,-72.2808837890625,13.5498046875,-0.8828358947753907,0.3818060668945313,0.0
,7164,,,,,-85.162353515625,-13.5772705078125,-0.9004449645996094,0.37206928710937504,0.0
,7165,,,,,-75.274658203125,-2.1240234375,-0.9339021972656251,0.30815872192382815,0.0
,7166,,,,,-71.9512939453125,-2.1240234375,-0.9314162109375,0.2838167724609375,0.0
,7167,,,,,-74.359130859375,-11.224365234375,-0.9448819702148438,0.204679541015625,0.0
,7168,,,,,-67.2821044921875,-11.224365234375,-0.9308982971191406,0.18075192260742187,0.0
,7169,,,,,-74.029541015625,-22.9156494140625,-0.9237510864257813,0.09736779785156251,0.0
,7170,,,,,-67.05322265625,-22.9156494140625,-0.9115283203125,0.06080308227539063,0.0
,7171,,,,,-71.77734375,-31.0821533203125,-0.92312958984375,-0.041122357177734374,0.0
,7172,,,,,-63.9495849609375,-31.0821533203125,-0.8860469604492188,-0.08348770751953125,0.0
,7173,,,,,-69.0399169921875,-39.898681640625,-0.8786925842285157,-0.14035464477539064,0.0
,7174,,,,,-61.8621826171875,-39.898681640625,-0.8728919494628906,-0.19235319213867189,0.0
,7175,,,,,-63.592529296875,-42.901611328125,-0.8596333557128907,-0.2851633483886719,0.0
,7176,,,,,-58.2366943359375,-42.901611328125,-0.836120068359375,-0.3374726440429688,0.0
,7177,,,,,-61.48681640625,-48.5321044921875,-0.8074276428222656,-0.40708026123046875,0.0
,7178,,,,,-53.7872314453125,-48.5321044921875,-0.8184074157714843,-0.4470632080078125,0.0
,7179,,,,,-54.2266845703125,-49.2919921875,-0.8092921325683594,-0.5151170837402343,0.0
,7180,,,,,-42.00439453125,-52.40478515625,-0.7776993896484375,-0.5440166748046875,0.0
,7181,,,,,-44.42138671875,-56.597900390625,-0.7558434265136719,-0.5809957214355469,0.0
,7182,,,,,-32.33642578125,-60.8734130859375,-0.7237327697753907,-0.5722947692871094,0.0
,7183,,,,,-34.405517578125,-64.4622802734375,-0.6834390747070312,-0.6180783508300781,0.0
,7184,,,,,-23.4832763671875,-67.6849365234375,-0.6584756286621094,-0.672044970703125,0.0
,7185,,,,,-25.1678466796875,-70.5963134765625,-0.5866927734375,-0.6925543579101563,0.0
,7186,,,,,-16.0125732421875,-72.967529296875,-0.5366622985839844,-0.7417561706542969,0.0
,7187,,,,,-17.0379638671875,-74.7344970703125,-0.488081982421875,-0.7835000244140625,0.0
,7188,,,,,-7.763671875,-75.897216796875,-0.40200470581054687,-0.8109494567871094,0.0
,7189,,,,,-8.184814453125,-76.6204833984375,-0.3199671569824219,-0.8225507263183593,0.0
,7190,,,,,-1.3916015625,-76.5380859375,-0.2663112854003906,-0.859322607421875,0.0
,7191,,,,,-1.2176513671875,-76.226806640625,-0.17919818115234376,-0.8633623352050781,0.0
,7192,,,,,4.266357421875,-75.76904296875,-0.10244335327148438,-0.8559043762207031,0.0
,7193,,,,,4.87060546875,-74.7344970703125,-0.05935292358398438,-0.8826287292480469,0.0
,7194,,,,,11.1785888671875,-73.4344482421875,-0.0074579589843750006,-0.901584375,0.0
,7195,,,,,12.26806640625,-71.5484619140625,0.037393377685546875,-0.9168110412597656,0.0
,7196,,,,,15.8294677734375,-69.195556640625,0.07716915893554688,-0.92644423828125,0.0
,7197,,,,,21.917724609375,-67.0257568359375,0.07426884155273437,-0.9391849182128906,0.0
,7198,,,,,27.6763916015625,-65.020751953125,0.1305142822265625,-0.9166038757324219,0.0
,7199,,,,,32.940673828125,-63.043212890625,0.1296856201171875,-0.9145322204589844,0.0
,7200,,,,,38.63525390625,-60.7177734375,0.22622475585937502,-0.8738241943359375,0.0
,7201,,,,,43.5333251953125,-58.7493896484375,0.24953087768554688,-0.8487571655273438,0.0
,7202,,,,,50.4638671875,-52.734375,0.3170668395996094,-0.8126067810058594,0.0
,7203,,,,,53.28369140625,-52.734375,0.3526993103027344,-0.7964478698730469,0.0
,7204,,,,,58.48388671875,-46.8475341796875,0.4209603515625,-0.7651658752441407,0.0
,7205,,,,,59.58251953125,-46.8475341796875,0.4995796691894531,-0.7251829284667969,0.0
,7206,,,,,65.2587890625,-38.9007568359375,0.56846220703125,-0.6740130432128907,0.0
,7207,,,,,65.496826171875,-38.9007568359375,0.6203571716308593,-0.6204607543945313,0.0
,7208,,,,,69.049072265625,-32.4737548828125,0.6688339050292968,-0.5672192138671875,0.0
,7209,,,,,68.66455078125,-32.4737548828125,0.7132709106445313,-0.5402876953125,0.0
,7210,,,,,71.337890625,-26.0467529296875,0.7607118164062501,-0.49657576904296874,0.0
,7211,,,,,69.83642578125,-26.0467529296875,0.8229650573730469,-0.44602738037109374,0.0
,7212,,,,,72.308349609375,-17.9901123046875,0.8474105895996094,-0.42707173461914066,0.0
,7213,,,,,69.708251953125,-17.9901123046875,0.8666769836425782,-0.39599690551757816,0.0
,7214,,,,,74.468994140625,-5.2825927734375,0.8741349426269531,-0.3608823486328125,0.0
,7215,,,,,71.4019775390625,-5.2825927734375,0.9130820617675781,-0.3077443908691406,0.0
,7216,,,,,75.25634765625,6.097412109375,0.8898795227050782,-0.2713868408203125,0.0
,7217,,,,,68.8934326171875,6.097412109375,0.9008592956542969,-0.22487817993164064,0.0
,7218,,,,,75.970458984375,18.34716796875,0.8900866882324219,-0.1802340087890625,0.0
,7219,,,,,69.7906494140625,18.34716796875,0.9077993408203126,-0.12160616455078126,0.0
,7220,,,,,74.7894287109375,27.008056640625,0.8811785705566406,-0.05023764038085938,0.0
,7221,,,,,67.5018310546875,27.008056640625,0.8925726745605469,0.034700225830078125,0.0
,7222,,,,,72.7752685546875,36.1358642578125,0.9033452819824219,0.12864979248046876,0.0
,7223,,,,,65.3778076171875,36.1358642578125,0.8996163024902344,0.19753233032226564,0.0
,7224,,,,,67.5933837890625,39.9810791015625,0.8824215637207031,0.26165006103515626,0.0
,7225,,,,,61.212158203125,39.9810791015625,0.8727883666992188,0.33281141967773437,0.0
,7226,,,,,64.6636962890625,45.9503173828125,0.8742385253906251,0.40832325439453127,0.0
,7227,,,,,58.48388671875,45.9503173828125,0.8622229248046875,0.4438521423339844,0.0
,7228,,,,,61.029052734375,50.35400390625,0.8284549438476563,0.4933647033691406,0.0
,7229,,,,,48.5504150390625,50.35400390625,0.8092921325683594,0.5200890563964844,0.0
,7230,,,,,11.6546630859375,53.94287109375,0.8305265991210937,0.5892823425292969,0.0
,7231,,,,,27.35595703125,57.403564453125,0.7701378479003906,0.5891787597656251,0.0
,7232,,,,,29.278564453125,60.7269287109375,0.744967236328125,0.6238789855957031,0.0
,7233,,,,,30.0933837890625,64.19677734375,0.7007373962402343,0.6419023864746094,0.0
,7234,,,,,31.8695068359375,67.254638671875,0.6673837463378907,0.6777420227050781,0.0
,7235,,,,,20.452880859375,70.147705078125,0.5682550415039063,0.6577505493164063,0.0
,7236,,,,,21.5972900390625,72.125244140625,0.5555143615722656,0.7315014770507813,0.0
,7237,,,,,12.63427734375,73.406982421875,0.48124552001953125,0.7704485961914063,0.0
,7238,,,,,13.14697265625,74.2950439453125,0.4428163146972656,0.8304230163574219,0.0
,7239,,,,,3.1219482421875,74.8443603515625,0.3705155456542969,0.8550757141113281,0.0
,7240,,,,,3.3599853515625,75.2471923828125,0.30815872192382815,0.8896723571777344,0.0
,7241,,,,,-1.13525390625,75.1922607421875,0.20126130981445314,0.9103889099121094,0.0
,7242,,,,,-1.4739990234375,74.6063232421875,0.15309532470703124,0.9437425598144532,0.0
,7243,,,,,-8.7982177734375,73.773193359375,0.08721668701171875,0.9468500427246094,0.0
,7244,,,,,-9.356689453125,72.802734375,0.042883264160156254,0.9500611083984375,0.0
,7245,,,,,-14.813232421875,70.86181640625,-0.019991473388671875,0.9634232849121094,0.0
,7246,,,,,-15.9027099609375,68.975830078125,-0.056245440673828126,0.9553438293457032,0.0
,7247,,,,,-21.7437744140625,66.5496826171875,-0.09467464599609375,0.9408422424316406,0.0
,7248,,,,,-27.8411865234375,63.6016845703125,-0.11735927124023438,0.9242690002441406,0.0
,7249,,,,,-33.4259033203125,60.7269287109375,-0.15454548339843752,0.912356982421875,0.0
,7250,,,,,-38.763427734375,58.2366943359375,-0.21659155883789064,0.8837681396484375,0.0
,7251,,,,,-45.95947265625,52.862548828125,-0.275944482421875,0.8657447387695313,0.0
,7252,,,,,-49.3194580078125,52.862548828125,-0.3257677917480469,0.8211005676269532,0.0
,7253,,,,,-54.5928955078125,47.8912353515625,-0.3900926879882813,0.7731417480468751,0.0
,7254,,,,,-56.7352294921875,47.8912353515625,-0.44126257324218754,0.7363698669433594,0.0
,7255,,,,,-62.36572265625,40.777587890625,-0.48632107543945313,0.708506103515625,0.0
,7256,,,,,-63.3453369140625,40.777587890625,-0.5574824340820312,0.6520534973144532,0.0
,7257,,,,,-67.34619140625,34.1583251953125,-0.6271936340332032,0.6113454711914063,0.0
,7258,,,,,-66.8060302734375,34.1583251953125,-0.6646905944824218,0.595808056640625,0.0
,7259,,,,,-69.43359375,28.6376953125,-0.7411346740722656,0.5354193054199219,0.0
,7260,,,,,-68.3349609375,28.6376953125,-0.7796674621582032,0.49585068969726565,0.0
,7261,,,,,-70.367431640625,22.796630859375,-0.8253474609375,0.444991552734375,0.0
,7262,,,,,-68.3441162109375,22.796630859375,-0.8552828796386719,0.4227212585449219,0.0
,7263,,,,,-72.894287109375,11.517333984375,-0.8591154418945313,0.383670556640625,0.0
,7264,,,,,-83.6334228515625,-11.5447998046875,-0.8782782531738281,0.35870711059570315,0.0
,7265,,,,,-76.0162353515625,-2.783203125,-0.8821108154296875,0.315720263671875,0.0
,7266,,,,,-73.35205078125,-2.783203125,-0.8940228332519532,0.27822330322265626,0.0
,7267,,,,,-75.8331298828125,-12.2039794921875,-0.9232331726074219,0.1910066162109375,0.0
,7268,,,,,-69.3328857421875,-12.2039794921875,-0.9243725830078126,0.1583780456542969,0.0
,7269,,,,,-74.652099609375,-21.42333984375,-0.9359738525390625,0.06463564453125001,0.0
,7270,,,,,-68.9117431640625,-21.42333984375,-0.9025166198730469,0.02672435302734375,0.0
,7271,,,,,-74.267578125,-30.6884765625,-0.9278943969726563,-0.08214113159179688,0.0
,7272,,,,,-66.24755859375,-30.6884765625,-0.9184683654785156,-0.136729248046875,0.0
,7273,,,,,-70.2667236328125,-37.6556396484375,-0.9235439208984375,-0.1823056640625,0.0
,7274,,,,,-63.3819580078125,-37.6556396484375,-0.8890508605957032,-0.244455322265625,0.0
,7275,,,,,-65.130615234375,-40.68603515625,-0.8841824707031251,-0.34120162353515626,0.0
,7276,,,,,-59.1522216796875,-40.68603515625,-0.8752743530273438,-0.39786139526367187,0.0
,7277,,,,,-62.8326416015625,-47.05810546875,-0.8515539001464844,-0.44416289062500003,0.0
,7278,,,,,-54.6112060546875,-47.05810546875,-0.8400562133789062,-0.48010610961914063,0.0
,7279,,,,,-56.9091796875,-51.0406494140625,-0.83529140625,-0.5381124572753906,0.0
,7280,,,,,-42.1966552734375,-51.0406494140625,-0.8257617919921876,-0.5795455627441406,0.0
,7281,,,,,-44.53125,-55.096435546875,-0.8102243774414063,-0.6270900512695313,0.0
,7282,,,,,-31.201171875,-59.124755859375,-0.7757313171386719,-0.6120705505371093,0.0
,7283,,,,,-33.10546875,-62.420654296875,-0.7356447875976563,-0.6677980773925781,0.0
,7284,,,,,-23.2818603515625,-65.22216796875,-0.6955582580566406,-0.7140995727539062,0.0
,7285,,,,,-24.8748779296875,-67.9779052734375,-0.6218073303222657,-0.7316050598144531,0.0
,7286,,,,,-15.49072265625,-70.477294921875,-0.5632830688476562,-0.7612297302246094,0.0
,7287,,,,,-16.40625,-72.052001953125,-0.5153242492675781,-0.8074276428222656,0.0
,7288,,,,,-6.8023681640625,-73.333740234375,-0.43525477294921877,-0.8330125854492187,0.0
,7289,,,,,-7.4981689453125,-74.52392578125,-0.3434804443359375,-0.8323910888671875,0.0
,7290,,,,,0.8697509765625,-74.9725341796875,-0.2981111938476563,-0.8655375732421875,0.0
,7291,,,,,0.9429931640625,-74.835205078125,-0.23192180786132813,-0.8804534912109375,0.0
,7292,,,,,6.0150146484375,-73.919677734375,-0.18406657104492188,-0.9113211547851563,0.0
,7293,,,,,6.4178466796875,-73.223876953125,-0.11912017822265625,-0.9179504516601563,0.0
,7294,,,,,14.0899658203125,-72.0703125,-0.032628570556640625,-0.9053133544921875,0.0
,7295,,,,,14.8773193359375,-70.697021484375,0.0030039001464843753,-0.9292409729003906,0.0
,7296,,,,,17.376708984375,-69.2779541015625,0.07178285522460938,-0.923958251953125,0.0
,7297,,,,,22.613525390625,-67.0257568359375,0.0791372314453125,-0.943121063232422,0.0
,7298,,,,,28.7841796875,-63.922119140625,0.10772607421875001,-0.9458142150878907,0.0
,7299,,,,,34.86328125,-61.358642578125,0.126785302734375,-0.9477822875976563,0.0
,7300,,,,,40.3106689453125,-58.905029296875,0.1959785888671875,-0.9125641479492188,0.0
,7301,,,,,45.465087890625,-56.378173828125,0.21555573120117189,-0.8834573913574219,0.0
,7302,,,,,52.8167724609375,-49.7406005859375,0.29769686279296875,-0.8345663269042969,0.0
,7303,,,,,55.3985595703125,-49.7406005859375,0.3365403991699219,-0.813021112060547,0.0
,7304,,,,,60.2783203125,-44.71435546875,0.4069766784667969,-0.7600903198242188,0.0
,7305,,,,,61.798095703125,-44.71435546875,0.48424942016601563,-0.7203145385742188,0.0
,7306,,,,,66.54052734375,-37.8936767578125,0.5417378540039063,-0.6835426574707032,0.0
,7307,,,,,66.851806640625,-37.8936767578125,0.6044054260253906,-0.625639892578125,0.0
,7308,,,,,70.367431640625,-31.951904296875,0.6623081909179688,-0.5882465148925782,0.0
,7309,,,,,69.8455810546875,-31.951904296875,0.7370949462890625,-0.5277541809082031,0.0
,7310,,,,,71.868896484375,-27.0721435546875,0.7860895935058594,-0.48134910278320314,0.0
,7311,,,,,70.2850341796875,-27.0721435546875,0.81706083984375,-0.46601885375976565,0.0
,7312,,,,,73.2147216796875,-18.3563232421875,0.8491714965820313,-0.4376371765136719,0.0
,7313,,,,,70.751953125,-18.3563232421875,0.9053133544921875,-0.385327880859375,0.0
,7314,,,,,75.03662109375,-6.92138671875,0.9143250549316406,-0.3643005798339844,0.0
,7315,,,,,72.271728515625,-6.92138671875,0.9240618347167969,-0.3249391296386719,0.0
,7316,,,,,76.483154296875,6.5643310546875,0.9192970275878907,-0.2942786315917969,0.0
,7317,,,,,73.2879638671875,6.5643310546875,0.9256155761718751,-0.23098956298828124,0.0
,7318,,,,,76.593017578125,16.00341796875,0.9076957580566406,-0.16438584594726563,0.0
,7319,,,,,70.1934814453125,16.00341796875,0.928930224609375,-0.08390203857421875,0.0
,7320,,,,,75.98876953125,26.03759765625,0.9167074584960938,-0.011912017822265626,0.0
,7321,,,,,69.32373046875,26.03759765625,0.9377347595214844,0.06183890991210938,0.0
,7322,,,,,73.3428955078125,32.99560546875,0.9097674133300782,0.13279310302734376,0.0
,7323,,,,,65.8447265625,32.99560546875,0.9358702697753907,0.22145994873046876,0.0
,7324,,,,,68.9300537109375,38.3331298828125,0.9278943969726563,0.30474049072265624,0.0
,7325,,,,,61.541748046875,38.3331298828125,0.9317269592285157,0.36979046630859375,0.0
,7326,,,,,64.48974609375,43.4234619140625,0.94136015625,0.43618701782226565,0.0
,7327,,,,,57.0648193359375,43.4234619140625,0.9168110412597656,0.47347681274414066,0.0
,7328,,,,,60.113525390625,48.7060546875,0.9178468688964844,0.5318974914550781,0.0
,7329,,,,,47.479248046875,48.7060546875,0.8995127197265625,0.5601755859375,0.0
,7330,,,,,10.272216796875,51.3427734375,0.8747564392089844,0.6126920471191406,0.0
,7331,,,,,25.689697265625,54.6844482421875,0.8272119506835938,0.6113454711914063,0.0
,7332,,,,,27.79541015625,58.33740234375,0.7978980285644531,0.63806982421875,0.0
,7333,,,,,26.9622802734375,62.237548828125,0.7461066467285157,0.6569218872070313,0.0
,7334,,,,,29.00390625,65.771484375,0.7090240173339843,0.6905862854003907,0.0
,7335,,,,,19.097900390625,68.3807373046875,0.6266757202148437,0.6839569885253907,0.0
,7336,,,,,20.452880859375,70.7427978515625,0.6070985778808594,0.7221790283203126,0.0
,7337,,,,,9.4757080078125,72.711181640625,0.5113881042480469,0.7360591186523437,0.0
,7338,,,,,10.43701171875,74.37744140625,0.4624970397949219,0.7954120422363281,0.0
,7339,,,,,0.7965087890625,75.1373291015625,0.39371808471679687,0.8158178466796875,0.0
,7340,,,,,1.0345458984375,75.5584716796875,0.3315684265136719,0.8536255554199219,0.0
,7341,,,,,-4.9896240234375,75.5401611328125,0.23679019775390625,0.8542470520019532,0.0
,7342,,,,,-5.2276611328125,75.1373291015625,0.2067511962890625,0.9034488647460938,0.0
,7343,,,,,-11.370849609375,74.2584228515625,0.13828298950195314,0.9339021972656251,0.0
,7344,,,,,-12.2955322265625,72.6654052734375,0.09436389770507812,0.9557581604003906,0.0
,7345,,,,,-17.2119140625,70.623779296875,0.043919091796875004,0.9707776611328125,0.0
,7346,,,,,-18.56689453125,68.280029296875,-0.01160126953125,0.9548259155273437,0.0
,7347,,,,,-23.54736328125,65.8538818359375,-0.06018158569335938,0.935559521484375,0.0
,7348,,,,,-29.754638671875,63.3087158203125,-0.11197296752929688,0.9110104064941407,0.0
,7349,,,,,-35.8795166015625,60.6903076171875,-0.16086403198242188,0.8985804748535157,0.0
,7350,,,,,-41.05224609375,58.8043212890625,-0.1976359130859375,0.8674020629882813,0.0
,7351,,,,,-47.8363037109375,53.6773681640625,-0.24673414306640626,0.8175787536621094,0.0
,7352,,,,,-51.1322021484375,53.6773681640625,-0.3149951843261719,0.7680661926269532,0.0
,7353,,,,,-56.9000244140625,49.3011474609375,-0.38356697387695315,0.7386486877441406,0.0
,7354,,,,,-58.740234375,49.3011474609375,-0.44188406982421874,0.700219482421875,0.0
,7355,,,,,-62.9791259765625,44.1009521484375,-0.5137705078125,0.6468743591308594,0.0
,7356,,,,,-63.922119140625,44.1009521484375,-0.5682550415039063,0.6137278747558594,0.0
,7357,,,,,-68.865966796875,36.3739013671875,-0.6406593933105469,0.567633544921875,0.0
,7358,,,,,-68.8201904296875,36.3739013671875,-0.691932861328125,0.5417378540039063,0.0
,7359,,,,,-70.60546875,32.3272705078125,-0.7659945373535156,0.4890142272949219,0.0
,7360,,,,,-69.6624755859375,32.3272705078125,-0.8128139465332032,0.45887164306640627,0.0
,7361,,,,,-72.7752685546875,24.79248046875,-0.8462711791992188,0.41919944458007813,0.0
,7362,,,,,-70.6512451171875,24.79248046875,-0.8797284118652344,0.3945467468261719,0.0
,7363,,,,,-74.4873046875,14.3096923828125,-0.9253048278808594,0.3404765441894531,0.0
,7364,,,,,-88.5040283203125,-14.337158203125,-0.914117889404297,0.33187917480468754,0.0
,7365,,,,,-79.522705078125,-3.6712646484375,-0.9292409729003906,0.2669327819824219,0.0
,7366,,,,,-75.6591796875,-3.6712646484375,-0.926547821044922,0.2518096984863281,0.0
,7367,,,,,-76.1444091796875,-9.6221923828125,-0.9361810180664063,0.1790945983886719,0.0
,7368,,,,,-70.843505859375,-9.6221923828125,-0.9325556213378906,0.13092861328125,0.0
,7369,,,,,-76.6845703125,-19.73876953125,-0.9466428771972657,0.033664398193359375,0.0
,7370,,,,,-68.5455322265625,-19.73876953125,-0.9380455078125001,0.01470875244140625,0.0
,7371,,,,,-73.2879638671875,-27.9510498046875,-0.95627607421875,-0.07779065551757813,0.0
,7372,,,,,-66.119384765625,-27.9510498046875,-0.9321412902832031,-0.12347065429687501,0.0
,7373,,,,,-70.9259033203125,-36.2640380859375,-0.9429138977050782,-0.18085550537109377,0.0
,7374,,,,,-61.0015869140625,-36.2640380859375,-0.9152572998046875,-0.19701441650390625,0.0
,7375,,,,,-63.24462890625,-40.1458740234375,-0.9150501342773438,-0.31302711181640624,0.0
,7376,,,,,-58.3465576171875,-40.1458740234375,-0.9022058715820312,-0.3817024841308594,0.0
,7377,,,,,-61.81640625,-46.1517333984375,-0.8828358947753907,-0.4593895568847656,0.0
,7378,,,,,-52.8350830078125,-46.1517333984375,-0.8421278686523438,-0.4711979919433594,0.0
,7379,,,,,-55.5450439453125,-50.848388671875,-0.8380881408691406,-0.526200439453125,0.0
,7380,,,,,-42.626953125,-50.848388671875,-0.8168536743164063,-0.5157385803222656,0.0
,7381,,,,,-45.0164794921875,-54.986572265625,-0.8032843322753906,-0.5596576721191406,0.0
,7382,,,,,-31.402587890625,-59.2987060546875,-0.7732453308105469,-0.5810993041992187,0.0
,7383,,,,,-33.58154296875,-63.079833984375,-0.73087998046875,-0.6321656066894531,0.0
,7384,,,,,-22.412109375,-66.0736083984375,-0.700219482421875,-0.66790166015625,0.0
,7385,,,,,-24.0142822265625,-68.84765625,-0.6622046081542969,-0.7108885070800781,0.0
,7386,,,,,-12.3046875,-71.5301513671875,-0.6063734985351563,-0.7414454223632813,0.0
,7387,,,,,-13.4857177734375,-73.57177734375,-0.5233001220703125,-0.7548075988769531,0.0
,7388,,,,,-4.9346923828125,-74.59716796875,-0.4385694213867188,-0.7794602966308594,0.0
,7389,,,,,-5.3009033203125,-75.238037109375,-0.37683409423828124,-0.7968622009277344,0.0
,7390,,,,,4.4586181640625,-75.47607421875,-0.32628570556640624,-0.831148095703125,0.0
,7391,,,,,4.4769287109375,-75.4486083984375,-0.23958693237304687,-0.8373630615234375,0.0
,7392,,,,,8.8623046875,-75.146484375,-0.15547772827148437,-0.8582867797851563,0.0
,7393,,,,,9.04541015625,-74.835205078125,-0.07893006591796875,-0.8650196594238282,0.0
,7394,,,,,15.78369140625,-73.6907958984375,-0.007561541748046875,-0.8648124938964844,0.0
,7395,,,,,16.6900634765625,-72.1343994140625,0.013569342041015625,-0.8931941711425782,0.0
,7396,,,,,19.207763671875,-70.3033447265625,0.0633926513671875,-0.9090423339843751,0.0
,7397,,,,,24.13330078125,-68.44482421875,0.07033269653320312,-0.9105960754394532,0.0
,7398,,,,,30.1849365234375,-65.972900390625,0.12098466796875,-0.9048990234375001,0.0
,7399,,,,,36.2548828125,-63.31787109375,0.1528881591796875,-0.9019987060546876,0.0
,7400,,,,,41.4093017578125,-60.845947265625,0.21317332763671876,-0.8573545349121094,0.0
,7401,,,,,46.1334228515625,-58.7127685546875,0.27283699951171875,-0.8067025634765626,0.0
,7402,,,,,52.716064453125,-52.40478515625,0.33084334716796876,-0.7789423828125001,0.0
,7403,,,,,55.2520751953125,-52.40478515625,0.35249214477539065,-0.7666160339355469,0.0
,7404,,,,,60.1959228515625,-47.1038818359375,0.4172313720703125,-0.7335731323242187,0.0
,7405,,,,,61.6607666015625,-47.1038818359375,0.4802096923828125,-0.6912077819824219,0.0
,7406,,,,,66.448974609375,-40.8233642578125,0.5691872863769531,-0.6387949035644531,0.0
,7407,,,,,66.8426513671875,-40.8233642578125,0.6246040649414063,-0.5980868774414063,0.0
,7408,,,,,69.17724609375,-36.8499755859375,0.6771205261230469,-0.5641117309570313,0.0
,7409,,,,,68.4539794921875,-36.8499755859375,0.7564649230957031,-0.5022728210449219,0.0
,7410,,,,,71.15478515625,-30.1666259765625,0.794686962890625,-0.48652824096679687,0.0
,7411,,,,,68.939208984375,-30.1666259765625,0.8405741271972657,-0.4560749084472656,0.0
,7412,,,,,72.3724365234375,-19.775390625,0.8785890014648438,-0.4296613037109375,0.0
,7413,,,,,69.3328857421875,-19.775390625,0.9120462341308594,-0.4077017578125,0.0
,7414,,,,,73.370361328125,-7.2235107421875,0.9404279113769531,-0.34213386840820315,0.0
,7415,,,,,69.7265625,-7.2235107421875,0.947989453125,-0.30329033203125,0.0
,7416,,,,,73.05908203125,3.7811279296875,0.9387705871582032,-0.25678167114257816,0.0
,7417,,,,,70.3582763671875,3.7811279296875,0.9522363464355469,-0.199707568359375,0.0
,7418,,,,,73.3978271484375,13.275146484375,0.9243725830078126,-0.158274462890625,0.0
,7419,,,,,67.236328125,13.275146484375,0.9354559387207032,-0.07975872802734375,0.0
,7420,,,,,73.0682373046875,23.3734130859375,0.9026202026367188,-0.0319034912109375,0.0
,7421,,,,,66.265869140625,23.3734130859375,0.9366989318847656,0.033975146484375,0.0
,7422,,,,,70.989990234375,31.5399169921875,0.9379419250488281,0.11342312622070314,0.0
,7423,,,,,62.40234375,31.5399169921875,0.9174325378417969,0.1835486572265625,0.0
,7424,,,,,67.05322265625,39.5965576171875,0.8986840576171875,0.24683772583007813,0.0
,7425,,,,,58.6761474609375,39.5965576171875,0.9204364379882812,0.3208994018554688,0.0
,7426,,,,,60.8734130859375,43.4051513671875,0.9217830139160157,0.3890568603515625,0.0
,7427,,,,,53.9520263671875,43.4051513671875,0.8892580261230469,0.413502392578125,0.0
,7428,,,,,57.568359375,49.658203125,0.8735134460449219,0.47710220947265625,0.0
,7429,,,,,47.4884033203125,49.658203125,0.8771388427734376,0.5249574462890625,0.0
,7430,,,,,10.8673095703125,51.4251708984375,0.8574581176757813,0.564318896484375,0.0
,7431,,,,,27.24609375,54.6844482421875,0.7958263732910157,0.5496101440429688,0.0
,7432,,,,,29.4158935546875,58.447265625,0.8128139465332032,0.6028516845703126,0.0
,7433,,,,,26.1749267578125,62.29248046875,0.7369913635253906,0.5962223876953126,0.0
,7434,,,,,27.9052734375,65.2862548828125,0.7211432006835937,0.6490495971679687,0.0
,7435,,,,,15.948486328125,68.37158203125,0.6364125,0.6500854248046876,0.0
,7436,,,,,17.6605224609375,71.3287353515625,0.5828602111816407,0.6693518188476563,0.0
,7437,,,,,8.2305908203125,73.2879638671875,0.48673540649414065,0.6949367614746094,0.0
,7438,,,,,8.8897705078125,74.432373046875,0.4448879699707031,0.7555326782226562,0.0
,7439,,,,,-0.2197265625,75.1007080078125,0.3974470642089844,0.8039058288574219,0.0
,7440,,,,,0.0823974609375,75.640869140625,0.328978857421875,0.8369487304687501,0.0
,7441,,,,,-4.7149658203125,75.604248046875,0.21907754516601563,0.8600476867675781,0.0
,7442,,,,,-4.9346923828125,75.2288818359375,0.1520594970703125,0.8945407470703125,0.0
,7443,,,,,-10.821533203125,74.6246337890625,0.1023397705078125,0.9128748962402344,0.0
,7444,,,,,-11.553955078125,73.35205078125,0.055934692382812505,0.9228188415527344,0.0
,7445,,,,,-16.8365478515625,71.4202880859375,-0.014812335205078126,0.9111139892578125,0.0
,7446,,,,,-17.83447265625,69.6807861328125,-0.061010247802734376,0.9117354858398438,0.0
,7447,,,,,-22.906494140625,67.4835205078125,-0.09778212890625,0.9000306335449219,0.0
,7448,,,,,-29.1595458984375,65.020751953125,-0.1310321960449219,0.87672451171875,0.0
,7449,,,,,-35.2203369140625,62.603759765625,-0.183134326171875,0.8507252380371094,0.0
,7450,,,,,-40.0543212890625,60.4705810546875,-0.22114920043945313,0.8423350341796876,0.0
,7451,,,,,-46.17919921875,56.2225341796875,-0.2808128723144531,0.8012126770019532,0.0
,7452,,,,,-49.1455078125,56.2225341796875,-0.3480380859375,0.7543932678222657,0.0
,7453,,,,,-55.133056640625,50.93994140625,-0.4089447509765625,0.73087998046875,0.0
,7454,,,,,-57.330322265625,50.93994140625,-0.49595427246093754,0.6669694152832032,0.0
,7455,,,,,-61.7523193359375,45.30029296875,-0.5624544067382813,0.6287473754882813,0.0
,7456,,,,,-62.255859375,45.30029296875,-0.6064770812988282,0.6075129089355469,0.0
,7457,,,,,-66.61376953125,37.7471923828125,-0.6699733154296875,0.5913539978027343,0.0
,7458,,,,,-66.375732421875,37.7471923828125,-0.7321229736328125,0.554374951171875,0.0
,7459,,,,,-68.1243896484375,33.3984375,-0.7861931762695312,0.5039301452636719,0.0
,7460,,,,,-66.6229248046875,33.3984375,-0.8383988891601563,0.4529674255371094,0.0
,7461,,,,,-69.32373046875,26.1199951171875,-0.875895849609375,0.41826719970703125,0.0
,7462,,,,,-66.925048828125,26.1199951171875,-0.9079029235839844,0.3986900573730469,0.0
,7463,,,,,-71.136474609375,14.6026611328125,-0.9258227416992187,0.35777486572265627,0.0
,7464,,,,,-85.5926513671875,-14.630126953125,-0.9520291809082032,0.3360224853515625,0.0
,7465,,,,,-76.8310546875,-3.3416748046875,-0.9522363464355469,0.28868516235351566,0.0
,7466,,,,,-73.8739013671875,-3.3416748046875,-0.9423959838867187,0.2537777709960938,0.0
,7467,,,,,-74.8077392578125,-9.521484375,-0.9456070495605469,0.1827199951171875,0.0
,7468,,,,,-68.9849853515625,-9.521484375,-0.9538936706542969,0.15899954223632812,0.0
,7469,,,,,-75.2105712890625,-20.3155517578125,-0.9635268676757813,0.07147210693359375,0.0
,7470,,,,,-66.9342041015625,-20.3155517578125,-0.9436389770507813,0.04754448852539063,0.0
,7471,,,,,-72.1893310546875,-29.425048828125,-0.9815502685546875,-0.06328906860351563,0.0
,7472,,,,,-64.85595703125,-29.425048828125,-0.9802036926269532,-0.11870584716796875,0.0
,7473,,,,,-69.6441650390625,-37.7197265625,-0.9729528991699219,-0.18489523315429687,0.0
,7474,,,,,-60.0677490234375,-37.7197265625,-0.9345236938476563,-0.19939682006835938,0.0
,7475,,,,,-62.677001953125,-42.242431640625,-0.9343165283203125,-0.30111509399414066,0.0
,7476,,,,,-56.414794921875,-42.242431640625,-0.9087315856933594,-0.34834883422851565,0.0
,7477,,,,,-59.600830078125,-47.7630615234375,-0.8754815185546875,-0.41878511352539066,0.0
,7478,,,,,-51.0223388671875,-47.7630615234375,-0.8523825622558594,-0.45472833251953126,0.0
,7479,,,,,-51.7547607421875,-49.0264892578125,-0.8454425170898437,-0.5189496459960937,0.0
,7480,,,,,-41.4093017578125,-52.0111083984375,-0.8169572570800782,-0.5350049743652344,0.0
,7481,,,,,-43.4051513671875,-55.4534912109375,-0.7792531311035157,-0.5700159484863282,0.0
,7482,,,,,-30.0567626953125,-59.3536376953125,-0.774799072265625,-0.58172080078125,0.0
,7483,,,,,-32.373046875,-63.372802734375,-0.7548075988769531,-0.6309226135253907,0.0
,7484,,,,,-21.826171875,-66.6778564453125,-0.7099562622070312,-0.6641726806640625,0.0
,7485,,,,,-23.583984375,-69.7265625,-0.6498782592773438,-0.6978370788574219,0.0
,7486,,,,,-12.4969482421875,-72.344970703125,-0.5770595764160157,-0.7272545837402344,0.0
,7487,,,,,-13.6871337890625,-74.4049072265625,-0.5144955871582031,-0.763197802734375,0.0
,7488,,,,,-5.6671142578125,-75.7232666015625,-0.4404339111328125,-0.7842251037597656,0.0
,7489,,,,,-6.1248779296875,-76.519775390625,-0.3612966796875,-0.7989338562011719,0.0
,7490,,,,,1.922607421875,-76.6021728515625,-0.2980076110839844,-0.8393311340332031,0.0
,7491,,,,,2.08740234375,-76.3275146484375,-0.22922865600585937,-0.8703023803710938,0.0
,7492,,,,,6.0150146484375,-75.6866455078125,-0.139215234375,-0.8770352600097656,0.0
,7493,,,,,6.3995361328125,-75.0274658203125,-0.07209360351562501,-0.8869792053222657,0.0
,7494,,,,,13.2843017578125,-74.0753173828125,-0.019059228515625002,-0.8987876403808595,0.0
,7495,,,,,13.9801025390625,-72.8851318359375,0.027449432373046877,-0.8936085021972656,0.0
,7496,,,,,17.852783203125,-71.319580078125,0.08120888671875,-0.9160859619140626,0.0
,7497,,,,,22.8240966796875,-69.2596435546875,0.090324169921875,-0.9226116760253906,0.0
,7498,,,,,28.2989501953125,-66.925048828125,0.15247382812500002,-0.9034488647460938,0.0
,7499,,,,,34.5428466796875,-64.5172119140625,0.16231419067382813,-0.9076957580566406,0.0
,7500,,,,,41.0888671875,-60.3973388671875,0.20447237548828126,-0.8815929016113282,0.0
,7501,,,,,45.648193359375,-57.8338623046875,0.2465269775390625,-0.8474105895996094,0.0
,7502,,,,,51.873779296875,-52.40478515625,0.328978857421875,-0.8081527221679687,0.0
,7503,,,,,55.0140380859375,-52.40478515625,0.35870711059570315,-0.7836036071777344,0.0
,7504,,,,,60.498046875,-47.076416015625,0.41049849243164066,-0.7601939025878907,0.0
,7505,,,,,61.6973876953125,-47.076416015625,0.48248851318359376,-0.7001158996582032,0.0
,7506,,,,,66.229248046875,-40.960693359375,0.5515782165527344,-0.6506033386230469,0.0
,7507,,,,,66.668701171875,-40.960693359375,0.6087559020996094,-0.6037839294433593,0.0
,7508,,,,,69.232177734375,-36.43798828125,0.6817817504882813,-0.5647332275390625,0.0
,7509,,,,,68.4173583984375,-36.43798828125,0.7357483703613281,-0.524543115234375,0.0
,7510,,,,,70.60546875,-30.4595947265625,0.7919938110351563,-0.47762012329101566,0.0
,7511,,,,,68.7103271484375,-30.4595947265625,0.8351878234863281,-0.4344261108398438,0.0
,7512,,,,,72.5921630859375,-19.8760986328125,0.8744456909179688,-0.4088411682128906,0.0
,7513,,,,,69.9737548828125,-19.8760986328125,0.881696484375,-0.3890568603515625,0.0
,7514,,,,,73.8006591796875,-8.4503173828125,0.88998310546875,-0.3518706481933594,0.0
,7515,,,,,70.8160400390625,-8.4503173828125,0.9037596130371094,-0.3082623046875,0.0
,7516,,,,,75.238037109375,4.0557861328125,0.904070361328125,-0.2549171813964844,0.0
,7517,,,,,72.25341796875,4.0557861328125,0.9169146240234375,-0.21607364501953125,0.0
,7518,,,,,75.164794921875,13.80615234375,0.9160859619140626,-0.15817088012695313,0.0
,7519,,,,,68.66455078125,13.80615234375,0.9530650085449219,-0.08587011108398437,0.0
,7520,,,,,74.5330810546875,23.9776611328125,0.9427067321777344,-0.003625396728515625,0.0
,7521,,,,,67.63916015625,23.9776611328125,0.9402207458496094,0.047958819580078124,0.0
,7522,,,,,72.1527099609375,31.805419921875,0.9295517211914063,0.1106263916015625,0.0
,7523,,,,,64.4805908203125,31.805419921875,0.9421888183593751,0.1951499267578125,0.0
,7524,,,,,69.140625,39.8712158203125,0.9187791137695313,0.24714847412109375,0.0
,7525,,,,,58.6578369140625,39.8712158203125,0.9227152587890626,0.30691572875976564,0.0
,7526,,,,,60.9100341796875,43.7713623046875,0.9062455993652344,0.3715513732910156,0.0
,7527,,,,,55.0689697265625,43.7713623046875,0.9021022888183594,0.43318311767578127,0.0
,7528,,,,,56.7352294921875,46.6644287109375,0.9137035583496094,0.499683251953125,0.0
,7529,,,,,48.01025390625,50.5645751953125,0.8704059631347657,0.5147027526855469,0.0
,7530,,,,,11.444091796875,52.4322509765625,0.8700952148437501,0.5763344970703125,0.0
,7531,,,,,26.9622802734375,55.828857421875,0.8248295471191407,0.5789240661621093,0.0
,7532,,,,,28.9947509765625,59.344482421875,0.8182002502441407,0.62481123046875,0.0
,7533,,,,,25.982666015625,63.3087158203125,0.7431027465820312,0.6237754028320313,0.0
,7534,,,,,27.83203125,66.5130615234375,0.7346089599609376,0.6689374877929688,0.0
,7535,,,,,16.827392578125,69.1314697265625,0.6498782592773438,0.6718378051757813,0.0
,7536,,,,,18.2647705078125,71.6217041015625,0.6067878295898438,0.6885146301269531,0.0
,7537,,,,,7.5164794921875,73.5809326171875,0.5049659729003907,0.7228005249023438,0.0
,7538,,,,,8.5784912109375,75.421142578125,0.47005858154296876,0.7860895935058594,0.0
,7539,,,,,0.32958984375,76.336669921875,0.40014021606445316,0.8093957153320313,0.0
,7540,,,,,0.6866455078125,76.959228515625,0.32462838134765626,0.8388132202148437,0.0
,7541,,,,,-5.6121826171875,76.885986328125,0.23388988037109376,0.8454425170898437,0.0
,7542,,,,,-5.74951171875,76.64794921875,0.19235319213867189,0.8888436950683594,0.0
,7543,,,,,-10.6475830078125,75.7598876953125,0.10088961181640625,0.9070742614746095,0.0
,7544,,,,,-11.4715576171875,74.322509765625,0.06277115478515626,0.9300696350097657,0.0
,7545,,,,,-14.080810546875,72.39990234375,-0.001968072509765625,0.9307947143554688,0.0
,7546,,,,,-19.0704345703125,70.587158203125,-0.028692425537109375,0.9362846008300781,0.0
,7547,,,,,-23.675537109375,68.29833984375,-0.09633197021484376,0.9124605651855469,0.0
,7548,,,,,-29.150390625,66.082763671875,-0.14201196899414062,0.8715453735351563,0.0
,7549,,,,,-35.5133056640625,63.446044921875,-0.1889349609375,0.8475141723632813,0.0
,7550,,,,,-41.3726806640625,61.3037109375,-0.2432123291015625,0.8229650573730469,0.0
,7551,,,,,-46.10595703125,59.4085693359375,-0.287545751953125,0.8103279602050781,0.0
,7552,,,,,-50.1251220703125,57.1929931640625,-0.358810693359375,0.7669267822265625,0.0
,7553,,,,,-55.517578125,52.0477294921875,-0.41547046508789065,0.7498356262207031,0.0
,7554,,,,,-57.5958251953125,52.0477294921875,-0.4786559509277344,0.7157568969726563,0.0
,7555,,,,,-62.4755859375,45.7489013671875,-0.5547892822265625,0.6782599365234375,0.0
,7556,,,,,-62.7960205078125,45.7489013671875,-0.5978797119140625,0.6434561279296875,0.0
,7557,,,,,-67.2454833984375,38.525390625,-0.6632404357910157,0.6046125915527344,0.0
,7558,,,,,-67.0257568359375,38.525390625,-0.73087998046875,0.5569645202636719,0.0
,7559,,,,,-69.0399169921875,33.709716796875,-0.7935475524902345,0.5092128662109375,0.0
,7560,,,,,-67.5018310546875,33.709716796875,-0.836120068359375,0.46995499877929686,0.0
,7561,,,,,-69.7998046875,27.64892578125,-0.8864612915039063,0.4408482421875,0.0
,7562,,,,,-67.8863525390625,27.64892578125,-0.9117354858398438,0.43297595214843754,0.0
,7563,,,,,-72.802734375,14.3463134765625,-0.9243725830078126,0.3920607604980469,0.0
,7564,,,,,-86.5814208984375,-14.373779296875,-0.9374240112304688,0.3717585388183594,0.0
,7565,,,,,-77.4993896484375,-2.9022216796875,-0.9464357116699219,0.32421405029296874,0.0
,7566,,,,,-74.6246337890625,-2.9022216796875,-0.9249940795898438,0.3067085632324219,0.0
,7567,,,,,-75.714111328125,-10.0250244140625,-0.9477822875976563,0.222910107421875,0.0
,7568,,,,,-72.94921875,-10.0250244140625,-0.9557581604003906,0.17174022216796875,0.0
,7569,,,,,-75.7598876953125,-19.9493408203125,-0.9639411987304688,0.08255546264648438,0.0
,7570,,,,,-68.060302734375,-19.9493408203125,-0.963837615966797,0.03511455688476563,0.0
,7571,,,,,-73.9654541015625,-30.1666259765625,-0.9795821960449219,-0.046301495361328125,0.0
,7572,,,,,-65.3411865234375,-30.1666259765625,-0.9445712219238281,-0.07426884155273437,0.0
,7573,,,,,-69.4976806640625,-37.353515625,-0.9657021057128906,-0.16376434936523437,0.0
,7574,,,,,-59.3536376953125,-37.353515625,-0.9484037841796875,-0.20281505126953125,0.0
,7575,,,,,-62.530517578125,-42.864990234375,-0.9415673217773438,-0.29666103515625003,0.0
,7576,,,,,-56.195068359375,-42.864990234375,-0.910699658203125,-0.3456556823730469,0.0
,7577,,,,,-58.6669921875,-47.1405029296875,-0.8996163024902344,-0.4296613037109375,0.0
,7578,,,,,-50.50048828125,-47.1405029296875,-0.8675056457519531,-0.459907470703125,0.0
,7579,,,,,-51.397705078125,-48.687744140625,-0.8639838317871094,-0.53200107421875,0.0
,7580,,,,,-40.9881591796875,-51.89208984375,-0.831148095703125,-0.5596576721191406,0.0
,7581,,,,,-42.681884765625,-54.8309326171875,-0.7952048767089844,-0.5967403015136719,0.0
,7582,,,,,-25.5340576171875,-58.48388671875,-0.7817391174316406,-0.6265721374511719,0.0
,7583,,,,,-28.0059814453125,-62.7685546875,-0.7530466918945313,-0.6548502319335938,0.0
,7584,,,,,-21.13037109375,-66.0736083984375,-0.6953510925292969,-0.6747381225585938,0.0
,7585,,,,,-22.4395751953125,-68.3441162109375,-0.6255363098144532,-0.7014624755859376,0.0
,7586,,,,,-12.5244140625,-70.9075927734375,-0.5677371276855468,-0.7327444702148438,0.0
,7587,,,,,-13.9068603515625,-73.297119140625,-0.47927744750976564,-0.7357483703613281,0.0
,7588,,,,,-5.584716796875,-74.7161865234375,-0.446648876953125,-0.7902329040527344,0.0
,7589,,,,,-6.0333251953125,-75.494384765625,-0.35166348266601566,-0.7949977111816406,0.0
,7590,,,,,1.86767578125,-75.91552734375,-0.284231103515625,-0.8433708618164063,0.0
,7591,,,,,1.7852783203125,-76.0528564453125,-0.21493423461914063,-0.8696808837890625,0.0
,7592,,,,,5.8685302734375,-75.457763671875,-0.146673193359375,-0.8956801574707032,0.0
,7593,,,,,6.463623046875,-74.4232177734375,-0.06940045166015625,-0.8771388427734376,0.0
,7594,,,,,13.0645751953125,-73.4161376953125,0.0069400451660156254,-0.8886365295410157,0.0
,7595,,,,,13.7603759765625,-72.2259521484375,0.027967346191406253,-0.9158787963867188,0.0
,7596,,,,,17.669677734375,-70.1934814453125,0.0683646240234375,-0.9208507690429688,0.0
,7597,,,,,22.576904296875,-68.3807373046875,0.09063491821289063,-0.914117889404297,0.0
,7598,,,,,27.850341796875,-66.1468505859375,0.15485623168945312,-0.8947479125976563,0.0
,7599,,,,,32.8125,-63.8397216796875,0.17588353271484375,-0.8944371643066407,0.0
,7600,,,,,38.836669921875,-61.065673828125,0.2518096984863281,-0.8665734008789063,0.0
,7601,,,,,43.9178466796875,-58.538818359375,0.2683829406738281,-0.8478249206542969,0.0
,7602,,,,,49.2645263671875,-54.01611328125,0.3395442993164063,-0.8080491394042969,0.0
,7603,,,,,51.74560546875,-54.01611328125,0.3767305114746094,-0.7815319519042969,0.0
,7604,,,,,57.38525390625,-47.6806640625,0.4496527770996094,-0.7481783020019531,0.0
,7605,,,,,58.5479736328125,-47.6806640625,0.5249574462890625,-0.7007373962402343,0.0
,7606,,,,,62.457275390625,-41.4276123046875,0.6093773986816406,-0.6568183044433594,0.0
,7607,,,,,62.5762939453125,-41.4276123046875,0.6482209350585938,-0.6373447448730469,0.0
,7608,,,,,66.815185546875,-33.4625244140625,0.7045699584960937,-0.6065806640625,0.0
,7609,,,,,66.0552978515625,-33.4625244140625,0.7591580749511719,-0.5569645202636719,0.0
,7610,,,,,67.877197265625,-29.1961669921875,0.8050452392578126,-0.5151170837402343,0.0
,7611,,,,,66.54052734375,-29.1961669921875,0.8258653747558594,-0.47751654052734377,0.0
,7612,,,,,70.4132080078125,-20.2972412109375,0.85020732421875,-0.4313186279296875,0.0
,7613,,,,,68.133544921875,-20.2972412109375,0.8744456909179688,-0.40718384399414065,0.0
,7614,,,,,72.6104736328125,-7.87353515625,0.8815929016113282,-0.39340733642578124,0.0
,7615,,,,,69.90966796875,-7.87353515625,0.91650029296875,-0.3417195373535156,0.0
,7616,,,,,74.5697021484375,4.9713134765625,0.9161895446777344,-0.2954180419921875,0.0
,7617,,,,,70.8892822265625,4.9713134765625,0.9360774353027344,-0.22674266967773438,0.0
,7618,,,,,74.0753173828125,16.3238525390625,0.9291373901367188,-0.16894348754882813,0.0
,7619,,,,,67.67578125,16.3238525390625,0.9236475036621095,-0.13486475830078126,0.0
,7620,,,,,73.3154296875,26.092529296875,0.9228188415527344,-0.05407020263671875,0.0
,7621,,,,,64.7003173828125,26.092529296875,0.9274800659179688,0.027345849609375,0.0
,7622,,,,,69.5159912109375,34.4329833984375,0.9055205200195313,0.07457958984375,0.0
,7623,,,,,62.1368408203125,34.4329833984375,0.9168110412597656,0.15796371459960937,0.0
,7624,,,,,66.3848876953125,41.7938232421875,0.8851147155761719,0.20944434814453125,0.0
,7625,,,,,57.7056884765625,41.7938232421875,0.8946443298339845,0.2807092895507813,0.0
,7626,,,,,59.6832275390625,45.22705078125,0.8749636047363282,0.36160742797851564,0.0
,7627,,,,,54.9224853515625,45.22705078125,0.8454425170898437,0.4075981750488281,0.0
,7628,,,,,55.84716796875,46.820068359375,0.854454217529297,0.48145268554687504,0.0
,7629,,,,,47.0306396484375,50.42724609375,0.8300086853027344,0.5276505981445313,0.0
,7630,,,,,12.6434326171875,52.9541015625,0.8169572570800782,0.5707410278320313,0.0
,7631,,,,,27.6763916015625,56.50634765625,0.7683769409179688,0.5632830688476562,0.0
,7632,,,,,29.864501953125,60.296630859375,0.7649587097167969,0.610723974609375,0.0
,7633,,,,,27.0538330078125,64.398193359375,0.6939009338378906,0.6258470581054688,0.0
,7634,,,,,28.912353515625,67.620849609375,0.6730807983398438,0.6842677368164063,0.0
,7635,,,,,18.9239501953125,69.818115234375,0.5907325012207032,0.6685231567382812,0.0
,7636,,,,,20.2239990234375,72.0703125,0.5614185791015626,0.6820924987792969,0.0
,7637,,,,,9.9700927734375,74.01123046875,0.47213023681640626,0.7235256042480469,0.0
,7638,,,,,10.8489990234375,75.5401611328125,0.4407446594238281,0.7988302734375,0.0
,7639,,,,,3.47900390625,76.2451171875,0.3791129150390625,0.8374666442871094,0.0
,7640,,,,,3.6346435546875,76.5289306640625,0.29655745239257814,0.8597369384765625,0.0
,7641,,,,,-1.5472412109375,76.4190673828125,0.17868026733398437,0.8606691833496094,0.0
,7642,,,,,-1.6845703125,76.1810302734375,0.13248235473632813,0.8969231506347657,0.0
,7643,,,,,-7.03125,75.5767822265625,0.07033269653320312,0.9009628784179687,0.0
,7644,,,,,-7.745361328125,74.3408203125,0.0352181396484375,0.9220937622070313,0.0
,7645,,,,,-10.7025146484375,72.2259521484375,-0.01823056640625,0.935559521484375,0.0
,7646,,,,,-16.0400390625,70.147705078125,-0.06028516845703125,0.9359738525390625,0.0
,7647,,,,,-20.8831787109375,67.8680419921875,-0.09446748046875,0.9302768005371094,0.0
,7648,,,,,-26.3671875,65.753173828125,-0.12088108520507813,0.9410494079589844,0.0
,7649,,,,,-32.70263671875,63.226318359375,-0.16645750122070313,0.9142214721679688,0.0
,7650,,,,,-38.214111328125,61.1297607421875,-0.20654403076171876,0.8825251464843751,0.0
,7651,,,,,-42.8009033203125,58.92333984375,-0.2766695617675781,0.8317695922851562,0.0
,7652,,,,,-46.9757080078125,56.3507080078125,-0.3384048889160156,0.7964478698730469,0.0
,7653,,,,,-53.0731201171875,50.28076171875,-0.40718384399414065,0.7674446960449219,0.0
,7654,,,,,-55.0323486328125,50.28076171875,-0.4768950439453125,0.7194858764648437,0.0
,7655,,,,,-59.4635009765625,44.622802734375,-0.5400805297851563,0.6732879638671875,0.0
,7656,,,,,-60.406494140625,44.622802734375,-0.5844139526367188,0.6382769897460938,0.0
,7657,,,,,-65.753173828125,36.7401123046875,-0.6443883728027344,0.6062699157714844,0.0
,7658,,,,,-65.95458984375,36.7401123046875,-0.6956618408203126,0.5633866516113282,0.0
,7659,,,,,-68.59130859375,31.6864013671875,-0.7539789367675781,0.5007190795898437,0.0
,7660,,,,,-67.6116943359375,31.6864013671875,-0.7912687316894531,0.496368603515625,0.0
,7661,,,,,-70.5413818359375,24.42626953125,-0.8466855102539063,0.45017069091796874,0.0
,7662,,,,,-68.426513671875,24.42626953125,-0.8739277770996094,0.44115899047851564,0.0
,7663,,,,,-72.3358154296875,13.2568359375,-0.8870827880859375,0.405215771484375,0.0
,7664,,,,,-84.85107421875,-13.2843017578125,-0.9079029235839844,0.3776627563476563,0.0
,7665,,,,,-76.6571044921875,-3.826904296875,-0.9382526733398437,0.30070076293945314,0.0
,7666,,,,,-73.0133056640625,-3.826904296875,-0.9145322204589844,0.30080434570312503,0.0
,7667,,,,,-73.9837646484375,-11.114501953125,-0.9409458251953126,0.21804171752929688,0.0
,7668,,,,,-67.4652099609375,-11.114501953125,-0.9364917663574219,0.1836522399902344,0.0
,7669,,,,,-74.029541015625,-22.4945068359375,-0.9428103149414063,0.09187791137695313,0.0
,7670,,,,,-66.650390625,-22.4945068359375,-0.9137035583496094,0.054795281982421874,0.0
,7671,,,,,-71.7041015625,-31.2469482421875,-0.918261199951172,-0.022684625244140624,0.0
,7672,,,,,-64.8834228515625,-31.2469482421875,-0.9050026062011719,-0.078722900390625,0.0
,7673,,,,,-69.671630859375,-39.5416259765625,-0.9062455993652344,-0.14936634521484377,0.0
,7674,,,,,-61.3311767578125,-39.5416259765625,-0.8946443298339845,-0.18665614013671875,0.0
,7675,,,,,-63.3819580078125,-43.0938720703125,-0.8985804748535157,-0.3174811706542969,0.0
,7676,,,,,-58.502197265625,-43.0938720703125,-0.8649160766601562,-0.34638076171875,0.0
,7677,,,,,-61.669921875,-48.577880859375,-0.8323910888671875,-0.42500007934570316,0.0
,7678,,,,,-52.734375,-48.577880859375,-0.7941690490722656,-0.4603218017578125,0.0
,7679,,,,,-53.6224365234375,-50.1251220703125,-0.7968622009277344,-0.5132525939941407,0.0
,7680,,,,,-43.32275390625,-53.13720703125,-0.7687912719726563,-0.5368694641113282,0.0
,7681,,,,,-45.15380859375,-56.304931640625,-0.7567756713867188,-0.5737449279785156,0.0
,7682,,,,,-32.1533203125,-60.223388671875,-0.7420669189453125,-0.5956008911132813,0.0
,7683,,,,,-34.3963623046875,-64.0960693359375,-0.6879967163085938,-0.6263649719238281,0.0
,7684,,,,,-24.0325927734375,-67.144775390625,-0.658786376953125,-0.6494639282226563,0.0
,7685,,,,,-25.689697265625,-70.01953125,-0.6001585327148438,-0.6838534057617188,0.0
,7686,,,,,-15.234375,-72.4456787109375,-0.5178102355957032,-0.7086096862792969,0.0
,7687,,,,,-16.6168212890625,-74.835205078125,-0.458250146484375,-0.746624560546875,0.0
,7688,,,,,-8.4869384765625,-76.2451171875,-0.4094626647949219,-0.7710700927734375,0.0
,7689,,,,,-8.67919921875,-76.5838623046875,-0.3377833923339844,-0.8061846496582031,0.0
,7690,,,,,-0.7965087890625,-76.57470703125,-0.25243119506835937,-0.8500001586914063,0.0
,7691,,,,,-0.7965087890625,-76.57470703125,-0.17961251220703126,-0.8621193420410157,0.0
,7692,,,,,3.7628173828125,-76.0528564453125,-0.13434684448242187,-0.8986840576171875,0.0
,7693,,,,,4.3487548828125,-75.0457763671875,-0.07095419311523438,-0.9097674133300782,0.0
,7694,,,,,11.700439453125,-73.333740234375,0.004246893310546875,-0.9094566650390625,0.0
,7695,,,,,12.689208984375,-71.612548828125,0.03625396728515625,-0.9249940795898438,0.0
,7696,,,,,15.6829833984375,-69.9554443359375,0.08690593872070312,-0.9242690002441406,0.0
,7697,,,,,21.3134765625,-67.584228515625,0.08514503173828125,-0.9460213806152344,0.0
,7698,,,,,27.6397705078125,-64.8468017578125,0.14149405517578126,-0.9159823791503906,0.0
,7699,,,,,33.4991455078125,-62.9425048828125,0.1470875244140625,-0.9086280029296875,0.0
,7700,,,,,38.836669921875,-60.75439453125,0.22612117309570312,-0.8741349426269531,0.0
,7701,,,,,43.83544921875,-58.575439453125,0.25294910888671873,-0.8660554870605469,0.0
,7702,,,,,50.7476806640625,-52.532958984375,0.31323427734375003,-0.82700478515625,0.0
,7703,,,,,53.1646728515625,-52.532958984375,0.3500061584472656,-0.7762492309570312,0.0
,7704,,,,,58.1268310546875,-47.1221923828125,0.3986900573730469,-0.7399952636718751,0.0
,7705,,,,,59.4635009765625,-47.1221923828125,0.48031327514648436,-0.6893432922363282,0.0
,7706,,,,,64.6270751953125,-39.8529052734375,0.5737449279785156,-0.6406593933105469,0.0
,7707,,,,,65.3045654296875,-39.8529052734375,0.6179747680664063,-0.6253291442871094,0.0
,7708,,,,,69.8822021484375,-32.33642578125,0.6780527709960937,-0.6017122741699219,0.0
,7709,,,,,69.305419921875,-32.33642578125,0.7342982116699219,-0.5558251098632813,0.0
,7710,,,,,71.795654296875,-26.0101318359375,0.7663052856445313,-0.5176030700683594,0.0
,7711,,,,,69.6533203125,-26.0101318359375,0.8157142639160156,-0.4641543640136719,0.0
,7712,,,,,72.3724365234375,-17.596435546875,0.8400562133789062,-0.43162937622070313,0.0
,7713,,,,,69.9371337890625,-17.596435546875,0.8674020629882813,-0.38563862915039065,0.0
,7714,,,,,74.267578125,-5.7952880859375,0.9021022888183594,-0.3481416687011719,0.0
,7715,,,,,71.0906982421875,-5.7952880859375,0.9145322204589844,-0.3344687438964844,0.0
,7716,,,,,74.7161865234375,6.0699462890625,0.8836645568847656,-0.29469296264648437,0.0
,7717,,,,,71.759033203125,6.0699462890625,0.8913296813964844,-0.24217650146484376,0.0
,7718,,,,,76.007080078125,18.072509765625,0.8909153503417969,-0.18064833984375,0.0
,7719,,,,,69.049072265625,18.072509765625,0.9014807922363282,-0.11052280883789063,0.0
,7720,,,,,74.30419921875,27.1820068359375,0.9112175720214845,-0.032007073974609376,0.0
,7721,,,,,68.206787109375,27.1820068359375,0.9034488647460938,0.03211065673828125,0.0
,7722,,,,,73.187255859375,35.8062744140625,0.8659519042968751,0.08069097290039062,0.0
,7723,,,,,64.764404296875,35.8062744140625,0.8841824707031251,0.16262493896484376,0.0
,7724,,,,,67.584228515625,40.68603515625,0.8701987976074219,0.23637586669921876,0.0
,7725,,,,,62.58544921875,40.68603515625,0.8763101806640625,0.30805513916015625,0.0
,7726,,,,,65.7440185546875,46.160888671875,0.8761030151367187,0.391128515625,0.0
,7727,,,,,58.282470703125,46.160888671875,0.8579760314941407,0.43939808349609377,0.0
,7728,,,,,60.3424072265625,49.7314453125,0.8553864624023437,0.5058982177734375,0.0
,7729,,,,,48.687744140625,49.7314453125,0.8073240600585938,0.5241287841796876,0.0
,7730,,,,,10.748291015625,53.228759765625,0.8075312255859375,0.5838960388183594,0.0
,7731,,,,,28.2440185546875,57.38525390625,0.7701378479003906,0.6021266052246094,0.0
,7732,,,,,30.2581787109375,60.8642578125,0.7628870544433594,0.6435597106933594,0.0
,7733,,,,,29.736328125,64.16015625,0.6633440185546875,0.620667919921875,0.0
,7734,,,,,31.585693359375,67.364501953125,0.6510176696777344,0.6652085083007813,0.0
,7735,,,,,20.4345703125,70.0836181640625,0.5429808471679688,0.6420059692382812,0.0
,7736,,,,,21.734619140625,72.3358154296875,0.5307580810546875,0.7157568969726563,0.0
,7737,,,,,13.165283203125,73.5626220703125,0.46260062255859374,0.7688948547363281,0.0
,7738,,,,,13.51318359375,74.1668701171875,0.4114307373046875,0.8209969848632813,0.0
,7739,,,,,3.3050537109375,74.2584228515625,0.34503418579101564,0.8542470520019532,0.0
,7740,,,,,3.5980224609375,74.761962890625,0.2868206726074219,0.8872899536132812,0.0
,7741,,,,,-1.4739990234375,74.5330810546875,0.20208997192382813,0.8969231506347657,0.0
,7742,,,,,-1.7120361328125,74.12109375,0.14781260375976563,0.9216794311523437,0.0
,7743,,,,,-8.4228515625,73.71826171875,0.10555083618164063,0.9542044189453125,0.0
,7744,,,,,-9.063720703125,72.6104736328125,0.061735327148437505,0.9660128540039062,0.0
,7745,,,,,-11.4532470703125,70.587158203125,0.019887890625,0.9792714477539063,0.0
,7746,,,,,-15.8477783203125,68.5546875,-0.023098956298828126,0.9740923095703126,0.0
,7747,,,,,-21.0845947265625,66.1651611328125,-0.07934439697265626,0.9376311767578125,0.0
,7748,,,,,-27.3834228515625,63.46435546875,-0.11735927124023438,0.9207471862792969,0.0
,7749,,,,,-33.5906982421875,60.992431640625,-0.15899954223632812,0.9115283203125,0.0
,7750,,,,,-38.7176513671875,58.740234375,-0.20499028930664062,0.8838717224121094,0.0
,7751,,,,,-45.52001953125,53.28369140625,-0.2669327819824219,0.8509324035644531,0.0
,7752,,,,,-48.96240234375,53.28369140625,-0.3078479736328125,0.8189253295898438,0.0
,7753,,,,,-55.078125,47.515869140625,-0.36896180419921876,0.7814283691406251,0.0
,7754,,,,,-56.7169189453125,47.515869140625,-0.44022674560546876,0.741652587890625,0.0
,7755,,,,,-61.7706298828125,41.1712646484375,-0.4935718688964844,0.7140995727539062,0.0
,7756,,,,,-62.8509521484375,41.1712646484375,-0.5528212097167969,0.6441812072753906,0.0
,7757,,,,,-67.41943359375,34.295654296875,-0.619010595703125,0.6116562194824219,0.0
,7758,,,,,-67.2271728515625,34.295654296875,-0.693590185546875,0.5633866516113282,0.0
,7759,,,,,-70.0103759765625,27.86865234375,-0.7312943115234375,0.5239216186523438,0.0
,7760,,,,,-68.6737060546875,27.86865234375,-0.7653730407714844,0.4951256103515625,0.0
,7761,,,,,-70.3216552734375,22.5860595703125,-0.8183038330078125,0.43597985229492187,0.0
,7762,,,,,-68.44482421875,22.5860595703125,-0.8582867797851563,0.39568615722656253,0.0
,7763,,,,,-72.9217529296875,11.6455078125,-0.8928834228515625,0.3570497863769531,0.0
,7764,,,,,-83.60595703125,-11.6729736328125,-0.8888436950683594,0.35155989990234376,0.0
,7765,,,,,-75.787353515625,-2.6275634765625,-0.9143250549316406,0.2859920104980469,0.0
,7766,,,,,-73.2879638671875,-2.6275634765625,-0.928930224609375,0.2597855712890625,0.0
,7767,,,,,-75.3204345703125,-11.151123046875,-0.9378383422851563,0.17671219482421877,0.0
,7768,,,,,-69.10400390625,-11.151123046875,-0.9110104064941407,0.14418720703125001,0.0
,7769,,,,,-75.494384765625,-22.2198486328125,-0.9146358032226563,0.06670729980468751,0.0
,7770,,,,,-69.17724609375,-22.2198486328125,-0.905727685546875,0.033146484375,0.0
,7771,,,,,-73.5992431640625,-29.8919677734375,-0.9073850097656251,-0.0493053955078125,0.0
,7772,,,,,-66.1468505859375,-29.8919677734375,-0.8913296813964844,-0.10140752563476563,0.0
,7773,,,,,-70.9808349609375,-38.2781982421875,-0.9145322204589844,-0.168218408203125,0.0
,7774,,,,,-63.5009765625,-38.2781982421875,-0.8866684570312501,-0.231196728515625,0.0
,7775,,,,,-65.130615234375,-41.0980224609375,-0.8867720397949219,-0.3476237548828125,0.0
,7776,,,,,-60.4339599609375,-41.0980224609375,-0.8463747619628906,-0.3725872009277344,0.0
,7777,,,,,-63.4918212890625,-46.39892578125,-0.8385024719238281,-0.45255309448242187,0.0
,7778,,,,,-53.4759521484375,-46.39892578125,-0.8327018371582031,-0.4798989440917969,0.0
,7779,,,,,-54.4647216796875,-48.1109619140625,-0.8205826538085937,-0.5345906433105468,0.0
,7780,,,,,-43.011474609375,-51.251220703125,-0.8246223815917969,-0.5578967651367188,0.0
,7781,,,,,-45.025634765625,-54.730224609375,-0.8076348083496094,-0.6023337707519532,0.0
,7782,,,,,-31.60400390625,-58.9874267578125,-0.7900257385253906,-0.6395199829101562,0.0
,7783,,,,,-33.6181640625,-62.4755859375,-0.7346089599609376,-0.6716306396484375,0.0
,7784,,,,,-24.1241455078125,-65.3961181640625,-0.6898612060546875,-0.6944188476562501,0.0
,7785,,,,,-25.5706787109375,-67.913818359375,-0.6265721374511719,-0.7259080078125,0.0
,7786,,,,,-14.9322509765625,-70.1934814453125,-0.5548928649902344,-0.7551183471679688,0.0
,7787,,,,,-16.22314453125,-72.4273681640625,-0.5107666076660157,-0.8043201599121094,0.0
,7788,,,,,-8.001708984375,-73.5076904296875,-0.44644171142578126,-0.8332197509765625,0.0
,7789,,,,,-8.45947265625,-74.30419921875,-0.37196570434570314,-0.841920703125,0.0
,7790,,,,,1.226806640625,-74.4873046875,-0.3177919189453125,-0.8618085937500001,0.0
,7791,,,,,1.2451171875,-74.4598388671875,-0.23461495971679688,-0.8740313598632813,0.0
,7792,,,,,6.280517578125,-73.992919921875,-0.17008289794921874,-0.8902938537597657,0.0
,7793,,,,,6.73828125,-73.1964111328125,-0.10990131225585938,-0.9038631958007812,0.0
,7794,,,,,14.208984375,-72.0977783203125,-0.06132099609375,-0.93307353515625,0.0
,7795,,,,,14.8956298828125,-70.9075927734375,-0.004661224365234375,-0.9287230590820312,0.0
,7796,,,,,17.6605224609375,-69.2413330078125,0.07240435180664062,-0.9235439208984375,0.0
,7797,,,,,22.8973388671875,-67.0623779296875,0.06815745849609375,-0.9380455078125001,0.0
,7798,,,,,28.30810546875,-64.5538330078125,0.12916770629882812,-0.9269621520996094,0.0
,7799,,,,,34.7625732421875,-61.7431640625,0.14770902099609376,-0.9201256896972656,0.0
,7800,,,,,40.869140625,-58.9691162109375,0.206336865234375,-0.9009628784179687,0.0
,7801,,,,,45.66650390625,-56.341552734375,0.24590548095703127,-0.8640874145507813,0.0
,7802,,,,,51.9378662109375,-50.299072265625,0.30070076293945314,-0.842024285888672,0.0
,7803,,,,,54.656982421875,-50.299072265625,0.3302218505859375,-0.8026628356933594,0.0
,7804,,,,,60.2142333984375,-44.9249267578125,0.3910249328613281,-0.7800817932128906,0.0
,7805,,,,,61.5142822265625,-44.9249267578125,0.46974783325195313,-0.7340910461425781,0.0
,7806,,,,,66.815185546875,-37.1978759765625,0.5211248840332031,-0.6999087341308594,0.0
,7807,,,,,67.218017578125,-37.1978759765625,0.5886608459472656,-0.6491531799316407,0.0
,7808,,,,,70.3948974609375,-31.97021484375,0.6652085083007813,-0.5974653808593751,0.0
,7809,,,,,70.037841796875,-31.97021484375,0.7305692321777344,-0.5370766296386719,0.0
,7810,,,,,71.6400146484375,-27.813720703125,0.7723130859375,-0.49678293457031253,0.0
,7811,,,,,70.0927734375,-27.813720703125,0.8338412475585938,-0.43753359375,0.0
,7812,,,,,73.7274169921875,-17.9534912109375,0.8671948974609375,-0.4094626647949219,0.0
,7813,,,,,71.1273193359375,-17.9534912109375,0.9047954406738281,-0.38056307373046877,0.0
,7814,,,,,75.0732421875,-6.8206787109375,0.9035524475097656,-0.36440416259765623,0.0
,7815,,,,,72.0977783203125,-6.8206787109375,0.9137035583496094,-0.31820625,0.0
,7816,,,,,76.153564453125,6.207275390625,0.909974578857422,-0.2589569091796875,0.0
,7817,,,,,73.2330322265625,6.207275390625,0.9194006103515625,-0.2042652099609375,0.0
,7818,,,,,76.666259765625,15.9942626953125,0.9127713134765625,-0.13610775146484375,0.0
,7819,,,,,71.1822509765625,15.9942626953125,0.94136015625,-0.06805387573242187,0.0
,7820,,,,,76.6387939453125,25.433349609375,0.9126677307128906,-0.0070436279296875,0.0
,7821,,,,,68.6004638671875,25.433349609375,0.9255119934082031,0.0708506103515625,0.0
,7822,,,,,73.187255859375,33.380126953125,0.9221973449707032,0.14087255859375,0.0
,7823,,,,,65.5242919921875,33.380126953125,0.9317269592285157,0.21493423461914063,0.0
,7824,,,,,68.7469482421875,38.9556884765625,0.9258227416992187,0.2752194030761719,0.0
,7825,,,,,61.5692138671875,38.9556884765625,0.9328663696289062,0.3506276550292969,0.0
,7826,,,,,63.9678955078125,43.1121826171875,0.9255119934082031,0.4268645690917969,0.0
,7827,,,,,56.8817138671875,43.1121826171875,0.9085244201660156,0.46974783325195313,0.0
,7828,,,,,60.1226806640625,48.724365234375,0.9094566650390625,0.5431880126953125,0.0
,7829,,,,,47.442626953125,48.724365234375,0.8733062805175782,0.5405984436035156,0.0
,7830,,,,,10.3363037109375,51.37939453125,0.8807642395019532,0.6020230224609375,0.0
,7831,,,,,25.469970703125,54.6478271484375,0.8091885498046876,0.5967403015136719,0.0
,7832,,,,,27.5665283203125,58.2916259765625,0.7791495483398437,0.625639892578125,0.0
,7833,,,,,26.9805908203125,62.3199462890625,0.6934866027832032,0.6304046997070313,0.0
,7834,,,,,28.82080078125,65.5059814453125,0.6693518188476563,0.6822996643066407,0.0
,7835,,,,,19.0155029296875,67.93212890625,0.604094677734375,0.6812638366699219,0.0
,7836,,,,,20.7183837890625,70.880126953125,0.5993298706054687,0.7538753540039063,0.0
,7837,,,,,9.9151611328125,73.1964111328125,0.4976115966796875,0.766512451171875,0.0
,7838,,,,,10.693359375,74.5513916015625,0.46726184692382816,0.8235865539550782,0.0
,7839,,,,,2.08740234375,75.018310546875,0.40635518188476566,0.8433708618164063,0.0
,7840,,,,,2.178955078125,75.1739501953125,0.35963935546875003,0.8777603393554688,0.0
,7841,,,,,-5.6854248046875,74.8992919921875,0.25926765747070313,0.8888436950683594,0.0
,7842,,,,,-5.9051513671875,74.5147705078125,0.18800271606445312,0.9074885925292969,0.0
,7843,,,,,-11.0870361328125,73.480224609375,0.1230563232421875,0.9329699523925782,0.0
,7844,,,,,-11.7462158203125,72.3358154296875,0.09467464599609375,0.9590728088378907,0.0
,7845,,,,,-14.6575927734375,70.623779296875,0.043608343505859376,0.9709848266601563,0.0
,7846,,,,,-19.427490234375,68.6279296875,-0.006629296875,0.9548259155273437,0.0
,7847,,,,,-23.6846923828125,66.61376953125,-0.05945650634765625,0.9303803833007813,0.0
,7848,,,,,-29.00390625,64.6087646484375,-0.1031684326171875,0.9102853271484376,0.0
,7849,,,,,-35.1837158203125,62.0086669921875,-0.15609922485351563,0.8848039672851563,0.0
,7850,,,,,-40.8233642578125,59.4818115234375,-0.1835486572265625,0.8590118591308594,0.0
,7851,,,,,-47.222900390625,54.3548583984375,-0.22808924560546875,0.8410920410156251,0.0
,7852,,,,,-50.482177734375,54.3548583984375,-0.29355355224609375,0.8010055114746094,0.0
,7853,,,,,-56.964111328125,48.6053466796875,-0.3653364074707031,0.7648551269531251,0.0
,7854,,,,,-59.14306640625,48.6053466796875,-0.42292842407226566,0.7189679626464844,0.0
,7855,,,,,-63.7664794921875,43.02978515625,-0.5095236145019532,0.668730322265625,0.0
,7856,,,,,-64.4622802734375,43.02978515625,-0.5845175354003906,0.6101024780273437,0.0
,7857,,,,,-69.0673828125,36.236572265625,-0.6590971252441407,0.5546856994628906,0.0
,7858,,,,,-69.342041015625,36.236572265625,-0.7088168518066407,0.5221607116699218,0.0
,7859,,,,,-70.623779296875,32.9132080078125,-0.7531502746582032,0.4843530029296875,0.0
,7860,,,,,-69.561767578125,32.9132080078125,-0.8012126770019532,0.4641543640136719,0.0
,7861,,,,,-72.5555419921875,25.9368896484375,-0.8542470520019532,0.4127773132324219,0.0
,7862,,,,,-70.27587890625,25.9368896484375,-0.864294580078125,0.38563862915039065,0.0
,7863,,,,,-74.505615234375,13.861083984375,-0.8754815185546875,0.36357550048828124,0.0
,7864,,,,,-87.762451171875,-13.8885498046875,-0.8783818359375001,0.36699373168945315,0.0
,7865,,,,,-78.9093017578125,-3.5430908203125,-0.9112175720214845,0.31116262207031253,0.0
,7866,,,,,-75.238037109375,-3.5430908203125,-0.9144286376953126,0.27501223754882814,0.0
,7867,,,,,-75.823974609375,-9.9700927734375,-0.9441568908691407,0.1794053466796875,0.0
,7868,,,,,-73.2421875,-9.9700927734375,-0.9610408813476563,0.13279310302734376,0.0
,7869,,,,,-76.3275146484375,-19.9127197265625,-0.9611444641113281,0.04785523681640625,0.0
,7870,,,,,-68.8201904296875,-19.9127197265625,-0.9451927185058594,0.008390203857421875,0.0
,7871,,,,,-73.5260009765625,-28.0517578125,-0.9701561645507812,-0.09001342163085937,0.0
,7872,,,,,-66.1834716796875,-28.0517578125,-0.9462285461425781,-0.12616380615234377,0.0
,7873,,,,,-70.770263671875,-36.0076904296875,-0.9688095886230469,-0.19618575439453126,0.0
,7874,,,,,-60.9375,-36.0076904296875,-0.9321412902832031,-0.23337196655273437,0.0
,7875,,,,,-63.153076171875,-39.8529052734375,-0.9303803833007813,-0.3456556823730469,0.0
,7876,,,,,-58.2733154296875,-39.8529052734375,-0.9009628784179687,-0.3986900573730469,0.0
,7877,,,,,-61.761474609375,-45.8953857421875,-0.8823179809570313,-0.4572143188476563,0.0
,7878,,,,,-52.5421142578125,-45.8953857421875,-0.8534183898925781,-0.47938103027343754,0.0
,7879,,,,,-53.485107421875,-47.5250244140625,-0.8397454650878906,-0.5308616638183594,0.0
,7880,,,,,-42.73681640625,-50.6561279296875,-0.8323910888671875,-0.5680478759765625,0.0
,7881,,,,,-44.970703125,-54.5379638671875,-0.8237937194824219,-0.6057520019531251,0.0
,7882,,,,,-26.11083984375,-58.9691162109375,-0.7903364868164062,-0.6004692810058594,0.0
,7883,,,,,-28.45458984375,-63.02490234375,-0.7384415222167969,-0.6178711853027344,0.0
,7884,,,,,-22.3663330078125,-66.4398193359375,-0.7303620666503906,-0.6826104125976563,0.0
,7885,,,,,-23.9410400390625,-69.17724609375,-0.6725628845214844,-0.7163783935546876,0.0
,7886,,,,,-12.5244140625,-71.356201171875,-0.5823422973632812,-0.7275653320312501,0.0
,7887,,,,,-13.494873046875,-73.040771484375,-0.5156349975585938,-0.7541861022949219,0.0
,7888,,,,,-4.302978515625,-74.4415283203125,-0.4757556335449219,-0.8009019287109376,0.0
,7889,,,,,-5.0628662109375,-75.7598876953125,-0.408530419921875,-0.8182002502441407,0.0
,7890,,,,,4.5135498046875,-75.9613037109375,-0.3481416687011719,-0.8531076416015625,0.0
,7891,,,,,4.6142578125,-75.787353515625,-0.24922012939453125,-0.8596333557128907,0.0
,7892,,,,,8.7066650390625,-75.2197265625,-0.18137341918945313,-0.8869792053222657,0.0
,7893,,,,,8.9630126953125,-74.7711181640625,-0.11922376098632813,-0.8878078674316406,0.0
,7894,,,,,15.618896484375,-73.53515625,-0.038947119140625,-0.8893616088867188,0.0
,7895,,,,,16.5069580078125,-71.9970703125,0.0020716552734375,-0.8973374816894532,0.0
,7896,,,,,18.93310546875,-70.3216552734375,0.07975872802734375,-0.8696808837890625,0.0
,7897,,,,,24.1058349609375,-68.499755859375,0.08110530395507813,-0.8943335815429688,0.0
,7898,,,,,29.4525146484375,-66.3665771484375,0.12191691284179688,-0.9068670959472657,0.0
,7899,,,,,35.8795166015625,-63.5284423828125,0.1563063903808594,-0.88003916015625,0.0
,7900,,,,,41.6290283203125,-60.5621337890625,0.22208144531250001,-0.8466855102539063,0.0
,7901,,,,,46.0784912109375,-58.2275390625,0.23958693237304687,-0.8143676879882813,0.0
,7902,,,,,52.6336669921875,-52.3773193359375,0.31344144287109377,-0.7995553527832031,0.0
,7903,,,,,55.1971435546875,-52.3773193359375,0.35446021728515625,-0.7668231994628907,0.0
,7904,,,,,60.3607177734375,-47.1038818359375,0.44012316284179687,-0.72093603515625,0.0
,7905,,,,,61.6607666015625,-47.1038818359375,0.4974044311523438,-0.6822996643066407,0.0
,7906,,,,,66.4947509765625,-40.4571533203125,0.5628687377929688,-0.63806982421875,0.0
,7907,,,,,66.76025390625,-40.4571533203125,0.6412808898925781,-0.5723983520507813,0.0
,7908,,,,,69.012451171875,-36.474609375,0.718450048828125,-0.5207105529785157,0.0
,7909,,,,,67.9962158203125,-36.474609375,0.7655802062988282,-0.4769986267089844,0.0
,7910,,,,,70.2484130859375,-30.084228515625,0.7988302734375,-0.47503055419921875,0.0
,7911,,,,,68.0419921875,-30.084228515625,0.8487571655273438,-0.4379479248046875,0.0
,7912,,,,,71.392822265625,-19.73876953125,0.8859433776855469,-0.41339880981445315,0.0
,7913,,,,,68.6920166015625,-19.73876953125,0.9064527648925782,-0.3692725524902344,0.0
,7914,,,,,72.9583740234375,-7.6171875,0.9113211547851563,-0.3460700134277344,0.0
,7915,,,,,69.6807861328125,-7.6171875,0.943846142578125,-0.2952108764648438,0.0
,7916,,,,,73.2421875,3.4881591796875,0.9258227416992187,-0.2744943237304688,0.0
,7917,,,,,70.6695556640625,3.4881591796875,0.9459177978515625,-0.19794666137695313,0.0
,7918,,,,,73.828125,13.3575439453125,0.9491288635253906,-0.11818793334960938,0.0
,7919,,,,,67.0623779296875,13.3575439453125,0.9531685913085938,-0.05189496459960938,0.0
,7920,,,,,73.187255859375,23.9593505859375,0.9296553039550781,-0.000310748291015625,0.0
,7921,,,,,66.650390625,23.9593505859375,0.9456070495605469,0.07364734497070313,0.0
,7922,,,,,70.9716796875,31.45751953125,0.9508897705078125,0.14439437255859375,0.0
,7923,,,,,62.713623046875,31.45751953125,0.9436389770507813,0.20923718261718752,0.0
,7924,,,,,67.4102783203125,39.5782470703125,0.9087315856933594,0.2440409912109375,0.0
,7925,,,,,58.685302734375,39.5782470703125,0.9021022888183594,0.3096088806152344,0.0
,7926,,,,,60.9832763671875,43.560791015625,0.8864612915039063,0.3806666564941406,0.0
,7927,,,,,53.86962890625,43.560791015625,0.8871863708496094,0.4376371765136719,0.0
,7928,,,,,57.293701171875,49.5025634765625,0.9028273681640625,0.5068304626464843,0.0
,7929,,,,,46.9940185546875,49.5025634765625,0.8618085937500001,0.5385267883300782,0.0
,7930,,,,,11.1236572265625,51.1871337890625,0.859322607421875,0.58835009765625,0.0
,7931,,,,,19.921875,54.9224853515625,0.7977944458007813,0.5769559936523437,0.0
,7932,,,,,22.283935546875,59.014892578125,0.7841215209960938,0.6213929992675782,0.0
,7933,,,,,26.1566162109375,62.7410888671875,0.7296369873046875,0.6300939514160157,0.0
,7934,,,,,27.6397705078125,65.3045654296875,0.7064344482421875,0.6727700500488282,0.0
,7935,,,,,16.2872314453125,67.7764892578125,0.614970867919922,0.6659335876464844,0.0
,7936,,,,,17.7337646484375,70.294189453125,0.5757130004882812,0.6881002990722657,0.0
,7937,,,,,8.294677734375,72.2625732421875,0.48424942016601563,0.7162748107910156,0.0
,7938,,,,,9.063720703125,73.5992431640625,0.46063255004882814,0.7858824279785156,0.0
,7939,,,,,-0.2197265625,74.688720703125,0.3944431640625,0.7972765319824219,0.0
,7940,,,,,0.3387451171875,75.6591796875,0.3465879272460938,0.8525897277832032,0.0
,7941,,,,,-4.6051025390625,76.1077880859375,0.2530526916503906,0.8680235595703125,0.0
,7942,,,,,-4.8065185546875,75.7598876953125,0.2068547790527344,0.8920547607421875,0.0
,7943,,,,,-10.821533203125,74.8260498046875,0.13113577880859376,0.9050026062011719,0.0
,7944,,,,,-11.590576171875,73.49853515625,0.0849378662109375,0.9271693176269532,0.0
,7945,,,,,-13.916015625,71.5576171875,0.006732879638671876,0.9225080932617188,0.0
,7946,,,,,-18.255615234375,69.6533203125,-0.031178411865234377,0.9236475036621095,0.0
,7947,,,,,-23.32763671875,67.584228515625,-0.07944797973632813,0.9194006103515625,0.0
,7948,,,,,-29.2510986328125,65.2130126953125,-0.13134294433593752,0.8942299987792969,0.0
,7949,,,,,-35.028076171875,62.7044677734375,-0.17567636718750002,0.8592190246582031,0.0
,7950,,,,,-39.88037109375,60.662841796875,-0.23150747680664063,0.8531076416015625,0.0
,7951,,,,,-44.8974609375,58.2550048828125,-0.3116805358886719,0.8134354431152344,0.0
,7952,,,,,-49.127197265625,56.3323974609375,-0.36616506958007816,0.7813247863769531,0.0
,7953,,,,,-55.389404296875,50.628662109375,-0.42531082763671874,0.7386486877441406,0.0
,7954,,,,,-57.31201171875,50.628662109375,-0.4893249755859375,0.6782599365234375,0.0
,7955,,,,,-61.614990234375,45.3277587890625,-0.552717626953125,0.6506033386230469,0.0
,7956,,,,,-62.274169921875,45.3277587890625,-0.615695947265625,0.6237754028320313,0.0
,7957,,,,,-66.5313720703125,38.0950927734375,-0.6732879638671875,0.5872106872558593,0.0
,7958,,,,,-66.2567138671875,38.0950927734375,-0.73419462890625,0.5368694641113282,0.0
,7959,,,,,-68.206787109375,33.8104248046875,-0.7761456481933594,0.4923288757324219,0.0
,7960,,,,,-66.8609619140625,33.8104248046875,-0.8077383911132813,0.48052044067382815,0.0
,7961,,,,,-69.90966796875,26.0009765625,-0.8535219726562501,0.45369250488281254,0.0
,7962,,,,,-67.437744140625,26.0009765625,-0.8882221984863281,0.43577268676757813,0.0
,7963,,,,,-71.52099609375,14.410400390625,-0.9257191589355469,0.385327880859375,0.0
,7964,,,,,-85.7025146484375,-14.4378662109375,-0.9294481384277344,0.36606148681640627,0.0
,7965,,,,,-77.0599365234375,-3.5614013671875,-0.9456070495605469,0.30691572875976564,0.0
,7966,,,,,-73.8006591796875,-3.5614013671875,-0.9524435119628907,0.28195228271484374,0.0
,7967,,,,,-74.4232177734375,-9.48486328125,-0.9572083190917969,0.1976359130859375,0.0
,7968,,,,,-71.942138671875,-9.48486328125,-0.938977752685547,0.176505029296875,0.0
,7969,,,,,-75.0732421875,-20.1416015625,-0.9652877746582031,0.08835609741210938,0.0
,7970,,,,,-66.9891357421875,-20.1416015625,-0.9578298156738282,0.055209613037109376,0.0
,7971,,,,,-72.418212890625,-29.5257568359375,-0.9718134887695313,-0.038947119140625,0.0
,7972,,,,,-65.0299072265625,-29.5257568359375,-0.9486109497070313,-0.093638818359375,0.0
,7973,,,,,-69.4244384765625,-37.1337890625,-0.9448819702148438,-0.16790765991210937,0.0
,7974,,,,,-59.967041015625,-37.1337890625,-0.9383562561035157,-0.20167564086914064,0.0
,7975,,,,,-63.262939453125,-42.8466796875,-0.9286194763183594,-0.30080434570312503,0.0
,7976,,,,,-56.707763671875,-42.8466796875,-0.9067635131835938,-0.3601572692871094,0.0
,7977,,,,,-59.1705322265625,-47.1221923828125,-0.902413037109375,-0.4386730041503906,0.0
,7978,,,,,-51.251220703125,-47.1221923828125,-0.8698880493164063,-0.46726184692382816,0.0
,7979,,,,,-52.001953125,-48.4222412109375,-0.8582867797851563,-0.5254753601074219,0.0
,7980,,,,,-40.8966064453125,-51.873779296875,-0.8227578918457031,-0.5184317321777344,0.0
,7981,,,,,-42.864990234375,-55.279541015625,-0.7934439697265625,-0.5678407104492188,0.0
,7982,,,,,-26.3397216796875,-58.9874267578125,-0.79054365234375,-0.6080308227539063,0.0
,7983,,,,,-28.74755859375,-63.1439208984375,-0.7494212951660156,-0.6344444274902344,0.0
,7984,,,,,-21.624755859375,-66.888427734375,-0.6926579406738281,-0.6492567626953125,0.0
,7985,,,,,-23.3734130859375,-69.9188232421875,-0.6409701416015625,-0.6976299133300782,0.0
,7986,,,,,-12.542724609375,-72.5372314453125,-0.5921826599121094,-0.7451744018554688,0.0
,7987,,,,,-13.6505126953125,-74.4598388671875,-0.5189496459960937,-0.7786316345214844,0.0
,7988,,,,,-5.511474609375,-75.7415771484375,-0.4181636169433594,-0.7833964416503907,0.0
,7989,,,,,-6.005859375,-76.5838623046875,-0.3332257507324219,-0.7991410217285156,0.0
,7990,,,,,1.666259765625,-76.739501953125,-0.2871314208984375,-0.8536255554199219,0.0
,7991,,,,,1.7303466796875,-76.6387939453125,-0.21731663818359376,-0.8726847839355469,0.0
,7992,,,,,6.280517578125,-76.409912109375,-0.12523156127929688,-0.8706131286621094,0.0
,7993,,,,,6.6192626953125,-75.823974609375,-0.07178285522460938,-0.8860469604492188,0.0
,7994,,,,,13.4033203125,-74.4232177734375,-0.0232025390625,-0.9061420166015626,0.0
,7995,,,,,14.2730712890625,-72.91259765625,0.02154521484375,-0.9021022888183594,0.0
,7996,,,,,17.816162109375,-71.00830078125,0.07157568969726563,-0.8952658264160156,0.0
,7997,,,,,22.576904296875,-69.2047119140625,0.08069097290039062,-0.9149465515136719,0.0
,7998,,,,,27.996826171875,-67.0623779296875,0.1496770935058594,-0.9027237854003907,0.0
,7999,,,,,33.123779296875,-64.617919921875,0.17474412231445313,-0.9034488647460938,0.0
,8000,,,,,39.239501953125,-61.6241455078125,0.22850357666015625,-0.8784854187011719,0.0
,8001,,,,,44.4671630859375,-59.1796875,0.2807092895507813,-0.8371558959960937,0.0
,8002,,,,,49.9786376953125,-54.656982421875,0.34316969604492187,-0.8156106811523438,0.0
,8003,,,,,52.3406982421875,-54.656982421875,0.3610895141601563,-0.8246223815917969,0.0
,8004,,,,,58.062744140625,-47.8546142578125,0.44426647338867187,-0.76734111328125,0.0
,8005,,,,,59.1705322265625,-47.8546142578125,0.5080734558105469,-0.7270474182128907,0.0
,8006,,,,,63.3819580078125,-41.30859375,0.6000549499511719,-0.6936937683105469,0.0
,8007,,,,,63.3819580078125,-41.30859375,0.6453206176757813,-0.6492567626953125,0.0
,8008,,,,,67.5201416015625,-34.0484619140625,0.6985621582031251,-0.5969474670410156,0.0
,8009,,,,,66.9342041015625,-34.0484619140625,0.7749026550292969,-0.5526140441894531,0.0
,8010,,,,,69.0948486328125,-29.33349609375,0.8180966674804688,-0.5043444763183594,0.0
,8011,,,,,67.7398681640625,-29.33349609375,0.8371558959960937,-0.4851816650390625,0.0
,8012,,,,,71.2738037109375,-20.2972412109375,0.8693701354980469,-0.45472833251953126,0.0
,8013,,,,,68.8385009765625,-20.2972412109375,0.8879114501953125,-0.40179754028320314,0.0
,8014,,,,,73.077392578125,-8.4869384765625,0.8868756225585938,-0.37393377685546875,0.0
,8015,,,,,70.4132080078125,-8.4869384765625,0.9252012451171875,-0.3272179504394531,0.0
,8016,,,,,75.4119873046875,5.3009033203125,0.9259263244628907,-0.2911711486816406,0.0
,8017,,,,,71.4202880859375,5.3009033203125,0.9313126281738282,-0.24051917724609376,0.0
,8018,,,,,74.1119384765625,15.8660888671875,0.930691131591797,-0.18603464355468752,0.0
,8019,,,,,67.8131103515625,15.8660888671875,0.9298624694824219,-0.13227518920898437,0.0
,8020,,,,,73.9288330078125,26.4495849609375,0.922300927734375,-0.07716915893554688,0.0
,8021,,,,,65.6890869140625,26.4495849609375,0.9360774353027344,0.014087255859375,0.0
,8022,,,,,70.587158203125,34.9365234375,0.9235439208984375,0.08006947631835938,0.0
,8023,,,,,62.80517578125,34.9365234375,0.9461249633789063,0.16770049438476564,0.0
,8024,,,,,67.254638671875,42.645263671875,0.9130820617675781,0.23482212524414064,0.0
,8025,,,,,58.0169677734375,42.645263671875,0.9093530822753907,0.31209486694335936,0.0
,8026,,,,,60.1226806640625,46.2982177734375,0.9081100891113282,0.38957477416992187,0.0
,8027,,,,,55.7830810546875,46.2982177734375,0.8630515869140625,0.42997205200195315,0.0
,8028,,,,,56.634521484375,47.772216796875,0.8596333557128907,0.4944005310058594,0.0
,8029,,,,,47.8363037109375,51.4068603515625,0.8349806579589844,0.5172923217773437,0.0
,8030,,,,,12.890625,53.7872314453125,0.8179930847167969,0.5587254272460938,0.0
,8031,,,,,27.996826171875,57.01904296875,0.7672375305175781,0.5652511413574219,0.0
,8032,,,,,29.9835205078125,60.4705810546875,0.7668231994628907,0.6238789855957031,0.0
,8033,,,,,27.0538330078125,64.3707275390625,0.6926579406738281,0.6225324096679687,0.0
,8034,,,,,28.985595703125,67.71240234375,0.6893432922363282,0.6820924987792969,0.0
,8035,,,,,18.7957763671875,70.0103759765625,0.5993298706054687,0.6683159912109375,0.0
,8036,,,,,20.1141357421875,72.2991943359375,0.5503352233886719,0.6995979858398438,0.0
,8037,,,,,10.3729248046875,74.6246337890625,0.4541068359375,0.7304656494140626,0.0
,8038,,,,,11.2152099609375,76.0711669921875,0.4140203063964844,0.7840179382324219,0.0
,8039,,,,,3.2501220703125,76.64794921875,0.34627717895507815,0.7799782104492188,0.0
,8040,,,,,3.5888671875,77.23388671875,0.2932428039550781,0.8321839233398438,0.0
,8041,,,,,-1.9134521484375,77.197265625,0.19463201293945312,0.8373630615234375,0.0
,8042,,,,,-1.9500732421875,77.1331787109375,0.15692788696289062,0.8820072326660157,0.0
,8043,,,,,-7.28759765625,76.4556884765625,0.08576652832031251,0.8998234680175782,0.0
,8044,,,,,-8.09326171875,75.054931640625,0.052723626708984374,0.9307947143554688,0.0
,8045,,,,,-15.1702880859375,73.4619140625,-0.0227882080078125,0.926547821044922,0.0
,8046,,,,,-16.0308837890625,71.9696044921875,-0.04454058837890625,0.9432246459960938,0.0
,8047,,,,,-21.002197265625,69.4610595703125,-0.08628444213867188,0.9379419250488281,0.0
,8048,,,,,-26.605224609375,66.961669921875,-0.13538267211914062,0.915671630859375,0.0
,8049,,,,,-32.757568359375,64.068603515625,-0.2042652099609375,0.8671948974609375,0.0
,8050,,,,,-38.397216796875,61.4410400390625,-0.2374116943359375,0.8581831970214844,0.0
,8051,,,,,-43.0938720703125,58.8409423828125,-0.27418357543945315,0.8484464172363282,0.0
,8052,,,,,-47.332763671875,56.2774658203125,-0.33705831298828126,0.8077383911132813,0.0
,8053,,,,,-53.2745361328125,50.9124755859375,-0.4172313720703125,0.7676518615722656,0.0
,8054,,,,,-55.4534912109375,50.9124755859375,-0.48663182373046876,0.7138924072265626,0.0
,8055,,,,,-60.1959228515625,45.0164794921875,-0.5437059265136719,0.6697661499023437,0.0
,8056,,,,,-61.0931396484375,45.0164794921875,-0.6050269226074219,0.6309226135253907,0.0
,8057,,,,,-66.4398193359375,36.822509765625,-0.6524678283691406,0.5838960388183594,0.0
,8058,,,,,-66.46728515625,36.822509765625,-0.7096455139160156,0.5469169921875,0.0
,8059,,,,,-68.9666748046875,31.8695068359375,-0.7558434265136719,0.5126310974121094,0.0
,8060,,,,,-68.060302734375,31.8695068359375,-0.8023520874023438,0.49036080322265624,0.0
,8061,,,,,-71.0357666015625,24.71923828125,-0.8443031066894532,0.45690357055664066,0.0
,8062,,,,,-68.73779296875,24.71923828125,-0.8488607482910157,0.440019580078125,0.0
,8063,,,,,-72.711181640625,13.568115234375,-0.8843896362304687,0.3849135498046875,0.0
,8064,,,,,-85.7940673828125,-13.5955810546875,-0.8944371643066407,0.37900933227539063,0.0
,8065,,,,,-77.142333984375,-3.7353515625,-0.9179504516601563,0.33622965087890627,0.0
,8066,,,,,-73.223876953125,-3.7353515625,-0.9376311767578125,0.30795155639648436,0.0
,8067,,,,,-74.3865966796875,-11.4990234375,-0.9437425598144532,0.21358765869140625,0.0
,8068,,,,,-68.1427001953125,-11.4990234375,-0.9258227416992187,0.1795089294433594,0.0
,8069,,,,,-74.45068359375,-22.430419921875,-0.9601086364746094,0.08017305908203125,0.0
,8070,,,,,-66.6778564453125,-22.430419921875,-0.9448819702148438,0.05293079223632813,0.0
,8071,,,,,-72.3175048828125,-32.1990966796875,-0.9469536254882813,-0.030660498046875,0.0
,8072,,,,,-65.4144287109375,-32.1990966796875,-0.9292409729003906,-0.0932244873046875,0.0
,8073,,,,,-69.8455810546875,-39.8712158203125,-0.9400135803222657,-0.17163663940429688,0.0
,8074,,,,,-61.1663818359375,-39.8712158203125,-0.8983733093261719,-0.21980262451171875,0.0
,8075,,,,,-62.9425048828125,-42.9473876953125,-0.8821108154296875,-0.31592742919921873,0.0
,8076,,,,,-58.48388671875,-42.9473876953125,-0.8425421997070313,-0.3539423034667969,0.0
,8077,,,,,-61.26708984375,-47.7630615234375,-0.8462711791992188,-0.4363941833496094,0.0
,8078,,,,,-52.020263671875,-47.7630615234375,-0.8374666442871094,-0.4785523681640625,0.0
,8079,,,,,-52.7618408203125,-49.0447998046875,-0.8078419738769531,-0.5292043395996094,0.0
,8080,,,,,-41.9769287109375,-51.6998291015625,-0.8081527221679687,-0.5438095092773437,0.0
,8081,,,,,-43.817138671875,-54.8858642578125,-0.7674446960449219,-0.5633866516113282,0.0
,8082,,,,,-31.219482421875,-58.88671875,-0.7468317260742188,-0.5766452453613281,0.0
,8083,,,,,-33.709716796875,-63.1988525390625,-0.7087132690429687,-0.6169389404296876,0.0
,8084,,,,,-22.320556640625,-66.4398193359375,-0.6479101867675782,-0.6557824768066406,0.0
,8085,,,,,-24.224853515625,-69.7265625,-0.5961188049316406,-0.7084025207519532,0.0
,8086,,,,,-15.4541015625,-72.4822998046875,-0.5274434326171875,-0.7391666015625,0.0
,8087,,,,,-16.2872314453125,-73.919677734375,-0.4497563598632813,-0.7589509094238281,0.0
,8088,,,,,-7.6812744140625,-74.81689453125,-0.396929150390625,-0.7882648315429688,0.0
,8089,,,,,-8.09326171875,-75.531005859375,-0.3229710571289063,-0.8085670532226563,0.0
,8090,,,,,-1.922607421875,-75.6500244140625,-0.246112646484375,-0.819546826171875,0.0
,8091,,,,,-1.702880859375,-75.274658203125,-0.19090303344726564,-0.86678056640625,0.0
,8092,,,,,2.947998046875,-74.176025390625,-0.1421155517578125,-0.9084208374023438,0.0
,8093,,,,,3.69873046875,-72.8851318359375,-0.09042775268554688,-0.9143250549316406,0.0
,8094,,,,,11.68212890625,-71.30126953125,-0.014087255859375,-0.9226116760253906,0.0
,8095,,,,,12.5152587890625,-69.8638916015625,0.009633197021484375,-0.9373204284667969,0.0
,8096,,,,,15.41748046875,-68.2708740234375,0.07033269653320312,-0.9103889099121094,0.0
,8097,,,,,20.7366943359375,-66.5771484375,0.06266757202148437,-0.9340057800292969,0.0
,8098,,,,,26.9805908203125,-64.361572265625,0.13403609619140625,-0.8984768920898438,0.0
,8099,,,,,33.10546875,-62.017822265625,0.14563736572265626,-0.8947479125976563,0.0
,8100,,,,,38.433837890625,-59.893798828125,0.21141242065429688,-0.8664698181152344,0.0
,8101,,,,,43.359375,-57.8155517578125,0.25346702270507815,-0.83529140625,0.0
,8102,,,,,49.9053955078125,-52.459716796875,0.3098160461425781,-0.8000732666015625,0.0
,8103,,,,,52.4871826171875,-52.459716796875,0.34752017211914066,-0.7875397521972657,0.0
,8104,,,,,57.5592041015625,-46.8658447265625,0.424275,-0.7455887329101563,0.0
,8105,,,,,58.740234375,-46.8658447265625,0.4819705993652344,-0.7174142211914063,0.0
,8106,,,,,64.1876220703125,-38.5345458984375,0.5596576721191406,-0.6566111389160156,0.0
,8107,,,,,64.4622802734375,-38.5345458984375,0.615695947265625,-0.6228431579589844,0.0
,8108,,,,,68.5272216796875,-31.1920166015625,0.6668658325195312,-0.5852426147460937,0.0
,8109,,,,,67.6849365234375,-31.1920166015625,0.7200037902832032,-0.5354193054199219,0.0
,8110,,,,,69.9371337890625,-25.286865234375,0.7768707275390625,-0.49688651733398437,0.0
,8111,,,,,68.51806640625,-25.286865234375,0.8185109985351563,-0.4347368591308594,0.0
,8112,,,,,71.246337890625,-17.9901123046875,0.842749365234375,-0.4005545471191406,0.0
,8113,,,,,68.7469482421875,-17.9901123046875,0.8671948974609375,-0.3767305114746094,0.0
,8114,,,,,73.1964111328125,-5.0537109375,0.8850111328125,-0.3651292419433594,0.0
,8115,,,,,70.3125,-5.0537109375,0.894126416015625,-0.33187917480468754,0.0
,8116,,,,,74.3499755859375,6.18896484375,0.8925726745605469,-0.2796734619140625,0.0
,8117,,,,,71.2646484375,6.18896484375,0.9050026062011719,-0.2398976806640625,0.0
,8118,,,,,74.4140625,18.05419921875,0.8778639221191407,-0.18717405395507813,0.0
,8119,,,,,68.316650390625,18.05419921875,0.9062455993652344,-0.09788571166992188,0.0
,8120,,,,,73.187255859375,26.4862060546875,0.8780710876464844,-0.0368754638671875,0.0
,8121,,,,,66.24755859375,26.4862060546875,0.8793140808105468,0.052723626708984374,0.0
,8122,,,,,71.649169921875,35.8428955078125,0.8814893188476562,0.12450648193359376,0.0
,8123,,,,,64.56298828125,35.8428955078125,0.8865648742675781,0.19079945068359375,0.0
,8124,,,,,66.778564453125,39.6697998046875,0.8633623352050781,0.265171875,0.0
,8125,,,,,60.8367919921875,39.6697998046875,0.8632587524414063,0.34420552368164065,0.0
,8126,,,,,63.958740234375,45.0714111328125,0.8668841491699218,0.41236298217773437,0.0
,8127,,,,,58.172607421875,45.0714111328125,0.8501037414550782,0.4479954528808594,0.0
,8128,,,,,60.479736328125,49.053955078125,0.8469962585449219,0.5094200317382813,0.0
,8129,,,,,47.8546142578125,49.053955078125,0.8246223815917969,0.5372837951660157,0.0
,8130,,,,,10.87646484375,52.6885986328125,0.8169572570800782,0.5847247009277344,0.0
,8131,,,,,27.1728515625,56.6436767578125,0.7677554443359376,0.5819279663085938,0.0
,8132,,,,,29.04052734375,59.8663330078125,0.763197802734375,0.6358945861816406,0.0
,8133,,,,,29.443359375,63.09814453125,0.6783635192871094,0.629783203125,0.0
,8134,,,,,30.853271484375,65.5426025390625,0.6642762634277344,0.6798136779785157,0.0
,8135,,,,,19.4183349609375,68.4906005859375,0.5796491455078125,0.6661407531738281,0.0
,8136,,,,,21.1578369140625,71.502685546875,0.5439130920410157,0.7245614318847656,0.0
,8137,,,,,12.835693359375,72.857666015625,0.45151726684570315,0.7460030639648437,0.0
,8138,,,,,13.3758544921875,73.79150390625,0.41433105468750003,0.8034914978027344,0.0
,8139,,,,,3.5797119140625,74.4781494140625,0.3779735046386719,0.8595297729492187,0.0
,8140,,,,,3.8726806640625,75.0,0.3147880187988281,0.9006521301269531,0.0
,8141,,,,,-1.1627197265625,74.7894287109375,0.20457595825195313,0.8994091369628906,0.0
,8142,,,,,-1.46484375,74.2767333984375,0.17505487060546876,0.9387705871582032,0.0
,8143,,,,,-8.8531494140625,73.6358642578125,0.12139899902343751,0.9513041015625,0.0
,8144,,,,,-9.6038818359375,72.3358154296875,0.07230076904296875,0.9558617431640626,0.0
,8145,,,,,-15.032958984375,70.550537109375,-0.0169875732421875,0.9303803833007813,0.0
,8146,,,,,-15.8203125,69.17724609375,-0.03293931884765625,0.938874169921875,0.0
,8147,,,,,-21.8536376953125,67.08984375,-0.06608580322265625,0.9315197937011719,0.0
,8148,,,,,-28.0609130859375,64.5355224609375,-0.10927981567382813,0.9195041931152345,0.0
,8149,,,,,-33.2977294921875,61.85302734375,-0.16076044921875002,0.8983733093261719,0.0
,8150,,,,,-38.63525390625,59.600830078125,-0.217938134765625,0.8748600219726563,0.0
,8151,,,,,-46.3897705078125,53.57666015625,-0.26962593383789063,0.8565258728027344,0.0
,8152,,,,,-49.6124267578125,53.57666015625,-0.3145808532714844,0.8133318603515626,0.0
,8153,,,,,-55.1422119140625,48.046875,-0.386985205078125,0.7581222473144531,0.0
,8154,,,,,-57.147216796875,48.046875,-0.4530710083007813,0.707781024169922,0.0
,8155,,,,,-62.4847412109375,41.5740966796875,-0.5167744079589844,0.6694554016113281,0.0
,8156,,,,,-63.5467529296875,41.5740966796875,-0.5564466064453125,0.6541251525878906,0.0
,8157,,,,,-67.9229736328125,34.7442626953125,-0.6233610717773438,0.6037839294433593,0.0
,8158,,,,,-67.8863525390625,34.7442626953125,-0.6851999816894532,0.5679442932128906,0.0
,8159,,,,,-71.1181640625,28.4637451171875,-0.7325373046875,0.5298258361816407,0.0
,8160,,,,,-69.818115234375,28.4637451171875,-0.7874361694335937,0.48797839965820317,0.0
,8161,,,,,-71.795654296875,22.7783203125,-0.8262797058105469,0.4437485595703125,0.0
,8162,,,,,-69.818115234375,22.7783203125,-0.846167596435547,0.430075634765625,0.0
,8163,,,,,-74.0936279296875,11.8011474609375,-0.8797284118652344,0.37393377685546875,0.0
,8164,,,,,-84.99755859375,-11.82861328125,-0.8882221984863281,0.3612966796875,0.0
,8165,,,,,-76.7578125,-2.3345947265625,-0.9325556213378906,0.2818486999511719,0.0
,8166,,,,,-73.9105224609375,-2.3345947265625,-0.9366989318847656,0.24310874633789062,0.0
,8167,,,,,-75.897216796875,-11.2060546875,-0.9609372985839844,0.1785766845703125,0.0
,8168,,,,,-68.9300537109375,-11.2060546875,-0.94136015625,0.15858521118164062,0.0
,8169,,,,,-75.421142578125,-22.4395751953125,-0.957104736328125,0.05614185791015625,0.0
,8170,,,,,-69.580078125,-22.4395751953125,-0.930691131591797,0.02216671142578125,0.0
,8171,,,,,-74.1943359375,-30.43212890625,-0.9428103149414063,-0.07406167602539063,0.0
,8172,,,,,-66.9525146484375,-30.43212890625,-0.9195041931152345,-0.12958203735351562,0.0
,8173,,,,,-71.8597412109375,-38.9373779296875,-0.9080065063476562,-0.17992326049804688,0.0
,8174,,,,,-64.8651123046875,-38.9373779296875,-0.8882221984863281,-0.24176217041015627,0.0
,8175,,,,,-66.4764404296875,-41.7205810546875,-0.8984768920898438,-0.34741658935546876,0.0
,8176,,,,,-61.23046875,-41.7205810546875,-0.8683343078613281,-0.3800451599121094,0.0
,8177,,,,,-64.251708984375,-46.9482421875,-0.8729955322265626,-0.46073613281250003,0.0
,8178,,,,,-53.9154052734375,-46.9482421875,-0.8548685485839844,-0.4826956787109375,0.0
,8179,,,,,-54.766845703125,-48.4222412109375,-0.8456496826171875,-0.5481599853515625,0.0
,8180,,,,,-43.0938720703125,-51.3153076171875,-0.8617050109863281,-0.6002621154785156,0.0
,8181,,,,,-44.9981689453125,-54.6112060546875,-0.8372594787597657,-0.6348587585449219,0.0
,8182,,,,,-32.1807861328125,-59.161376953125,-0.7886791625976562,-0.64138447265625,0.0
,8183,,,,,-34.552001953125,-63.2720947265625,-0.7412382568359375,-0.6665550842285156,0.0
,8184,,,,,-24.5269775390625,-66.3665771484375,-0.6841641540527343,-0.6981478271484375,0.0
,8185,,,,,-26.1016845703125,-69.10400390625,-0.6335121826171876,-0.733365966796875,0.0
,8186,,,,,-15.142822265625,-71.429443359375,-0.5653547241210938,-0.7624727233886719,0.0
,8187,,,,,-16.2872314453125,-73.3978271484375,-0.5198818908691406,-0.8010055114746094,0.0
,8188,,,,,-7.965087890625,-74.4781494140625,-0.4489276977539063,-0.8310445129394531,0.0
,8189,,,,,-8.441162109375,-75.3021240234375,-0.3776627563476563,-0.8514503173828125,0.0
,8190,,,,,1.86767578125,-75.7415771484375,-0.3427553649902344,-0.9118390686035156,0.0
,8191,,,,,1.8218994140625,-75.8056640625,-0.25947482299804686,-0.9174325378417969,0.0
,8192,,,,,6.1431884765625,-75.18310546875,-0.19732516479492188,-0.9587620605468751,0.0
,8193,,,,,6.6925048828125,-74.23095703125,-0.11342312622070314,-0.95627607421875,0.0
,8194,,,,,13.9984130859375,-72.98583984375,-0.04174385375976562,-0.9611444641113281,0.0
,8195,,,,,15.0146484375,-71.2188720703125,0.015640997314453127,-0.9533757568359376,0.0
,8196,,,,,18.2464599609375,-68.88427734375,0.051480633544921876,-0.9553438293457032,0.0
,8197,,,,,22.88818359375,-67.0806884765625,0.05904217529296875,-0.9699489990234376,0.0
,8198,,,,,28.2257080078125,-64.9658203125,0.12481723022460937,-0.9445712219238281,0.0
,8199,,,,,34.9822998046875,-62.091064453125,0.13123936157226562,-0.9250976623535156,0.0
,8200,,,,,41.3818359375,-59.21630859375,0.19577142333984376,-0.9142214721679688,0.0
,8201,,,,,46.0784912109375,-56.5338134765625,0.24290158081054689,-0.8610835144042969,0.0
,8202,,,,,52.752685546875,-50.50048828125,0.2993541870117188,-0.841920703125,0.0
,8203,,,,,55.755615234375,-50.50048828125,0.33208634033203127,-0.8219292297363282,0.0
,8204,,,,,61.1480712890625,-44.9066162109375,0.3829454772949219,-0.7918902282714844,0.0
,8205,,,,,62.2650146484375,-44.9066162109375,0.44851336669921876,-0.735023291015625,0.0
,8206,,,,,66.6229248046875,-39.29443359375,0.5341763122558594,-0.6835426574707032,0.0
,8207,,,,,67.364501953125,-39.29443359375,0.6050269226074219,-0.6462528625488282,0.0
,8208,,,,,71.575927734375,-32.0709228515625,0.6647941772460938,-0.5913539978027343,0.0
,8209,,,,,70.8526611328125,-32.0709228515625,0.7391666015625,-0.52868642578125,0.0
,8210,,,,,72.32666015625,-27.557373046875,0.7931332214355469,-0.47596279907226563,0.0
,8211,,,,,70.5047607421875,-27.557373046875,0.8399526306152344,-0.43608343505859376,0.0
,8212,,,,,74.0020751953125,-17.9534912109375,0.8631551696777344,-0.4107056579589844,0.0
,8213,,,,,71.7681884765625,-17.9534912109375,0.9064527648925782,-0.36160742797851564,0.0
,8214,,,,,75.750732421875,-6.8023681640625,0.9089387512207031,-0.3302218505859375,0.0
,8215,,,,,72.9217529296875,-6.8023681640625,0.935559521484375,-0.29044606933593753,0.0
,8216,,,,,77.45361328125,5.7220458984375,0.9310018798828126,-0.25688525390625,0.0
,8217,,,,,74.0753173828125,5.7220458984375,0.9398064147949219,-0.21866321411132814,0.0
,8218,,,,,77.45361328125,16.424560546875,0.9278943969726563,-0.15868879394531252,0.0
,8219,,,,,71.6949462890625,16.424560546875,0.922404510498047,-0.09457106323242188,0.0
,8220,,,,,77.38037109375,26.25732421875,0.9225080932617188,-0.01180843505859375,0.0
,8221,,,,,68.994140625,26.25732421875,0.938874169921875,0.07634049682617187,0.0
,8222,,,,,73.5076904296875,34.075927734375,0.8992019714355469,0.12833904418945313,0.0
,8223,,,,,66.3299560546875,34.075927734375,0.9175361206054687,0.20250430297851563,0.0
,8224,,,,,69.140625,38.9373779296875,0.9242690002441406,0.2827809448242188,0.0
,8225,,,,,62.054443359375,38.9373779296875,0.9161895446777344,0.35953577270507814,0.0
,8226,,,,,64.8284912109375,43.7347412109375,0.9246833312988282,0.43691209716796875,0.0
,8227,,,,,58.1451416015625,43.7347412109375,0.9172253723144531,0.48549241333007814,0.0
,8228,,,,,60.5621337890625,47.9278564453125,0.9227152587890626,0.5465026611328125,0.0
,8229,,,,,47.86376953125,47.9278564453125,0.8835609741210938,0.5528212097167969,0.0
,8230,,,,,9.5489501953125,51.5350341796875,0.8658483215332031,0.6008836120605469,0.0
,8231,,,,,26.3031005859375,55.4443359375,0.8203754882812501,0.6084451538085938,0.0
,8232,,,,,28.289794921875,58.8775634765625,0.8165429260253907,0.6481173522949218,0.0
,8233,,,,,27.4566650390625,63.0157470703125,0.740927508544922,0.6493603454589844,0.0
,8234,,,,,29.4891357421875,66.5313720703125,0.6991836547851563,0.6850963989257812,0.0
,8235,,,,,19.5098876953125,69.268798828125,0.6184926818847657,0.680331591796875,0.0
,8236,,,,,20.7275390625,71.3836669921875,0.5928041564941406,0.7149282348632813,0.0
,8237,,,,,9.6038818359375,73.35205078125,0.4931575378417969,0.7415490051269531,0.0
,8238,,,,,10.308837890625,74.5697021484375,0.47596279907226563,0.8146784362792969,0.0
,8239,,,,,1.7120361328125,74.8626708984375,0.40821967163085937,0.8604620178222656,0.0
,8240,,,,,1.8402099609375,75.0732421875,0.36202175903320316,0.9035524475097656,0.0
,8241,,,,,-5.5206298828125,74.96337890625,0.25336343994140625,0.895783740234375,0.0
,8242,,,,,-5.767822265625,74.5513916015625,0.20923718261718752,0.9244761657714844,0.0
,8243,,,,,-10.72998046875,73.388671875,0.13061786499023437,0.9407386596679688,0.0
,8244,,,,,-11.6455078125,71.81396484375,0.0849378662109375,0.9549294982910157,0.0
,8245,,,,,-14.2822265625,69.561767578125,0.012119183349609375,0.9473679565429688,0.0
,8246,,,,,-19.0521240234375,67.71240234375,-0.018955645751953125,0.9619731262207032,0.0
,8247,,,,,-23.73046875,65.496826171875,-0.07105777587890626,0.9395992492675782,0.0
,8248,,,,,-29.1961669921875,62.9974365234375,-0.10907265014648437,0.9062455993652344,0.0
,8249,,,,,-35.3118896484375,60.1593017578125,-0.16956498413085938,0.8848039672851563,0.0
,8250,,,,,-40.83251953125,57.769775390625,-0.22187427978515625,0.8569402038574219,0.0
,8251,,,,,-46.4447021484375,53.6590576171875,-0.27915554809570314,0.8191324951171876,0.0
,8252,,,,,-49.5391845703125,53.6590576171875,-0.32752869873046875,0.7796674621582032,0.0
,8253,,,,,-55.8837890625,47.735595703125,-0.36626865234375,0.7601939025878907,0.0
,8254,,,,,-57.9803466796875,47.735595703125,-0.4345296936035156,0.7137888244628906,0.0
,8255,,,,,-62.347412109375,42.95654296875,-0.4843530029296875,0.685303564453125,0.0
,8256,,,,,-63.24462890625,42.95654296875,-0.5707410278320313,0.6114490539550781,0.0
,8257,,,,,-67.8497314453125,35.595703125,-0.6545394836425782,0.5629723205566406,0.0
,8258,,,,,-67.7581787109375,35.595703125,-0.6942116821289063,0.5324154052734376,0.0
,8259,,,,,-69.5709228515625,31.82373046875,-0.7490069641113282,0.48891064453125,0.0
,8260,,,,,-68.7103271484375,31.82373046875,-0.8020413391113281,0.4438521423339844,0.0
,8261,,,,,-71.173095703125,25.5157470703125,-0.8366379821777344,0.403558447265625,0.0
,8262,,,,,-68.975830078125,25.5157470703125,-0.86015126953125,0.3879174499511719,0.0
,8263,,,,,-73.42529296875,13.824462890625,-0.8799355773925781,0.36285042114257815,0.0
,8264,,,,,-86.7279052734375,-13.8519287109375,-0.8806606567382813,0.348866748046875,0.0
,8265,,,,,-78.204345703125,-3.69873046875,-0.9124605651855469,0.28205586547851563,0.0
,8266,,,,,-74.8626708984375,-3.69873046875,-0.9159823791503906,0.25740316772460936,0.0
,8267,,,,,-75.0,-9.3841552734375,-0.9439497253417969,0.1645930114746094,0.0
,8268,,,,,-72.2259521484375,-9.3841552734375,-0.9475751220703126,0.12440289916992188,0.0
,8269,,,,,-75.2197265625,-19.81201171875,-0.9698454162597656,0.0203022216796875,0.0
,8270,,,,,-67.9229736328125,-19.81201171875,-0.9507861877441407,0.002796734619140625,0.0
,8271,,,,,-72.5921630859375,-27.8961181640625,-0.9422924011230469,-0.07136852416992187,0.0
,8272,,,,,-65.057373046875,-27.8961181640625,-0.9510969360351563,-0.12077750244140625,0.0
,8273,,,,,-68.9117431640625,-34.588623046875,-0.9757496337890625,-0.20043264770507813,0.0
,8274,,,,,-60.2691650390625,-34.588623046875,-0.9434318115234376,-0.25688525390625,0.0
,8275,,,,,-62.9791259765625,-39.276123046875,-0.9076957580566406,-0.337265478515625,0.0
,8276,,,,,-57.5042724609375,-39.276123046875,-0.8791069152832032,-0.37528035278320315,0.0
,8277,,,,,-61.2579345703125,-45.7763671875,-0.8744456909179688,-0.45276026000976566,0.0
,8278,,,,,-52.056884765625,-45.7763671875,-0.8411956237792969,-0.46809050903320315,0.0
,8279,,,,,-52.862548828125,-47.1771240234375,-0.8284549438476563,-0.5158421630859376,0.0
,8280,,,,,-42.022705078125,-50.4364013671875,-0.8090849670410156,-0.5355228881835937,0.0
,8281,,,,,-44.110107421875,-54.052734375,-0.776456396484375,-0.5715696899414062,0.0
,8282,,,,,-30.7525634765625,-57.89794921875,-0.7535646057128906,-0.5697052001953126,0.0
,8283,,,,,-32.99560546875,-61.77978515625,-0.7120279174804688,-0.60823798828125,0.0
,8284,,,,,-22.1466064453125,-65.22216796875,-0.691932861328125,-0.6534000732421875,0.0
,8285,,,,,-23.6297607421875,-67.803955078125,-0.6535036560058594,-0.6892397094726562,0.0
,8286,,,,,-12.286376953125,-70.2484130859375,-0.5778882385253906,-0.6982514099121094,0.0
,8287,,,,,-13.421630859375,-72.2259521484375,-0.5105594421386719,-0.7376128601074219,0.0
,8288,,,,,-4.72412109375,-73.333740234375,-0.4621862915039063,-0.7845358520507812,0.0
,8289,,,,,-5.3375244140625,-74.3865966796875,-0.3920607604980469,-0.8010055114746094,0.0
,8290,,,,,4.1839599609375,-74.835205078125,-0.32866810913085936,-0.8316660095214844,0.0
,8291,,,,,4.1473388671875,-74.908447265625,-0.2498416259765625,-0.8335304992675782,0.0
,8292,,,,,8.3038330078125,-74.4232177734375,-0.19059228515625,-0.8677128112792969,0.0
,8293,,,,,8.7249755859375,-73.6907958984375,-0.1238849853515625,-0.8732026977539062,0.0
,8294,,,,,15.435791015625,-72.36328125,-0.0592493408203125,-0.885839794921875,0.0
,8295,,,,,16.2689208984375,-70.9259033203125,0.003211065673828125,-0.8851147155761719,0.0
,8296,,,,,18.5028076171875,-69.43359375,0.08390203857421875,-0.8695773010253907,0.0
,8297,,,,,23.5198974609375,-67.584228515625,0.09912870483398438,-0.8829394775390625,0.0
,8298,,,,,29.6905517578125,-64.7918701171875,0.13683283081054687,-0.8737206115722657,0.0
,8299,,,,,35.595703125,-62.384033203125,0.15609922485351563,-0.8819036499023438,0.0
,8300,,,,,40.75927734375,-59.9212646484375,0.21866321411132814,-0.8467890930175781,0.0
,8301,,,,,45.59326171875,-57.3944091796875,0.24228008422851563,-0.8466855102539063,0.0
,8302,,,,,51.6357421875,-51.9927978515625,0.3106447082519531,-0.8144712707519531,0.0
,8303,,,,,54.620361328125,-51.9927978515625,0.33685114746093753,-0.7789423828125001,0.0
,8304,,,,,59.8297119140625,-46.98486328125,0.39682556762695315,-0.7278760803222657,0.0
,8305,,,,,60.9283447265625,-46.98486328125,0.45887164306640627,-0.7014624755859376,0.0
,8306,,,,,65.643310546875,-41.0247802734375,0.5419450195312501,-0.6523642456054688,0.0
,8307,,,,,66.1102294921875,-41.0247802734375,0.6174568542480469,-0.6004692810058594,0.0
,8308,,,,,68.609619140625,-36.1083984375,0.6762918640136719,-0.5633866516113282,0.0
,8309,,,,,68.0419921875,-36.1083984375,0.7234220214843751,-0.5126310974121094,0.0
,8310,,,,,70.733642578125,-30.1666259765625,0.7929260559082032,-0.4666403503417969,0.0
,8311,,,,,69.0399169921875,-30.1666259765625,0.8474105895996094,-0.42997205200195315,0.0
,8312,,,,,72.564697265625,-20.2789306640625,0.8688522216796876,-0.41319164428710936,0.0
,8313,,,,,69.744873046875,-20.2789306640625,0.8972338989257813,-0.3798379943847656,0.0
,8314,,,,,73.6083984375,-8.8165283203125,0.90987099609375,-0.3479345031738281,0.0
,8315,,,,,70.550537109375,-8.8165283203125,0.9374240112304688,-0.31178411865234373,0.0
,8316,,,,,74.3865966796875,3.936767578125,0.9358702697753907,-0.27584089965820313,0.0
,8317,,,,,71.44775390625,3.936767578125,0.9578298156738282,-0.21151600341796875,0.0
,8318,,,,,74.7802734375,13.7237548828125,0.96622001953125,-0.12606022338867187,0.0
,8319,,,,,68.2342529296875,13.7237548828125,0.9505790222167969,-0.073750927734375,0.0
,8320,,,,,74.1485595703125,23.9593505859375,0.9151537170410157,-0.026827935791015625,0.0
,8321,,,,,67.56591796875,23.9593505859375,0.94301748046875,0.05873142700195313,0.0
,8322,,,,,71.8963623046875,31.45751953125,0.9319341247558593,0.1305142822265625,0.0
,8323,,,,,63.2537841796875,31.45751953125,0.930587548828125,0.1934926025390625,0.0
,8324,,,,,68.353271484375,40.2923583984375,0.9153608825683595,0.25035953979492187,0.0
,8325,,,,,59.1796875,40.2923583984375,0.9187791137695313,0.31851699829101565,0.0
,8326,,,,,61.4227294921875,44.1925048828125,0.9112175720214845,0.38553504638671876,0.0
,8327,,,,,54.327392578125,44.1925048828125,0.9135999755859375,0.4436449768066406,0.0
,8328,,,,,57.769775390625,50.1434326171875,0.9138071411132813,0.5036193969726562,0.0
,8329,,,,,47.79052734375,50.1434326171875,0.8897759399414062,0.5321046569824219,0.0
,8330,,,,,11.1419677734375,51.947021484375,0.8579760314941407,0.5741592590332032,0.0
,8331,,,,,26.806640625,55.6182861328125,0.8061846496582031,0.577577490234375,0.0
,8332,,,,,28.564453125,58.6669921875,0.8101207946777343,0.6330978515625,0.0
,8333,,,,,25.286865234375,62.4114990234375,0.7511822021484376,0.6427310485839844,0.0
,8334,,,,,27.337646484375,65.9637451171875,0.7385451049804688,0.6854071472167969,0.0
,8335,,,,,16.6351318359375,68.4539794921875,0.642213134765625,0.6730807983398438,0.0
,8336,,,,,18.2281494140625,71.209716796875,0.5910432495117187,0.6792957641601562,0.0
,8337,,,,,7.6904296875,73.6358642578125,0.493053955078125,0.6651049255371094,0.0
,8338,,,,,8.5968017578125,75.2105712890625,0.44416289062500003,0.7357483703613281,0.0
,8339,,,,,0.7232666015625,75.8880615234375,0.3966184020996094,0.7786316345214844,0.0
,8340,,,,,1.043701171875,76.4373779296875,0.3549781311035156,0.8436816101074219,0.0
,8341,,,,,-5.3924560546875,76.5472412109375,0.24217650146484376,0.8620157592773438,0.0
,8342,,,,,-5.694580078125,76.025390625,0.18966004028320313,0.8935049194335938,0.0
,8343,,,,,-10.6475830078125,75.0732421875,0.1404582275390625,0.934834442138672,0.0
,8344,,,,,-11.224365234375,74.066162109375,0.06681088256835938,0.934730859375,0.0
,8345,,,,,-13.8153076171875,72.3175048828125,-0.0047648071289062505,0.9320377075195313,0.0
,8346,,,,,-18.9239501953125,70.6329345703125,-0.05458811645507813,0.9260299072265625,0.0
,8347,,,,,-23.5107421875,68.5089111328125,-0.09892153930664063,0.9055205200195313,0.0
,8348,,,,,-28.7567138671875,66.2200927734375,-0.13341459960937502,0.8960944885253906,0.0
,8349,,,,,-35.0921630859375,63.6566162109375,-0.18862421264648438,0.8655375732421875,0.0
,8350,,,,,-40.83251953125,61.3037109375,-0.224567431640625,0.8570437866210938,0.0
,8351,,,,,-45.5108642578125,59.014892578125,-0.28847799682617187,0.817889501953125,0.0
,8352,,,,,-49.7222900390625,56.781005859375,-0.3526993103027344,0.774799072265625,0.0
,8353,,,,,-55.499267578125,51.1322021484375,-0.413502392578125,0.7373021118164063,0.0
,8354,,,,,-57.6873779296875,51.1322021484375,-0.48632107543945313,0.6897576232910156,0.0
,8355,,,,,-62.6129150390625,45.30029296875,-0.5470205749511718,0.6567147216796875,0.0
,8356,,,,,-63.2354736328125,45.30029296875,-0.6125884643554688,0.6083415710449219,0.0
,8357,,,,,-67.529296875,37.921142578125,-0.680331591796875,0.5806849731445313,0.0
,8358,,,,,-67.218017578125,37.921142578125,-0.7359555358886719,0.5449489196777344,0.0
,8359,,,,,-68.9117431640625,34.1033935546875,-0.8011090942382812,0.5127346801757813,0.0
,8360,,,,,-67.4560546875,34.1033935546875,-0.8445102722167969,0.46726184692382816,0.0
,8361,,,,,-70.20263671875,26.7425537109375,-0.868437890625,0.441676904296875,0.0
,8362,,,,,-68.00537109375,26.7425537109375,-0.8966124023437501,0.4296613037109375,0.0
,8363,,,,,-72.344970703125,14.794921875,-0.9185719482421876,0.3889532775878906,0.0
,8364,,,,,-86.627197265625,-14.8223876953125,-0.934730859375,0.3779735046386719,0.0
,8365,,,,,-76.776123046875,-2.74658203125,-0.9583477294921875,0.3056727355957031,0.0
,8366,,,,,-74.176025390625,-2.74658203125,-0.9664271850585938,0.27532298583984377,0.0
,8367,,,,,-75.5035400390625,-10.4278564453125,-0.9730564819335937,0.21016942749023437,0.0
,8368,,,,,-72.161865234375,-10.4278564453125,-0.9535829223632812,0.18489523315429687,0.0
,8369,,,,,-75.0457763671875,-19.8486328125,-0.9780284545898438,0.09011700439453126,0.0
,8370,,,,,-67.822265625,-19.8486328125,-0.9586584777832031,0.06328906860351563,0.0
,8371,,,,,-73.79150390625,-30.1849365234375,-0.9649770263671875,-0.037807708740234376,0.0
,8372,,,,,-65.753173828125,-30.1849365234375,-0.9564832397460937,-0.10420426025390625,0.0
,8373,,,,,-70.2392578125,-37.9669189453125,-0.9464357116699219,-0.16946140136718751,0.0
,8374,,,,,-60.845947265625,-37.9669189453125,-0.9248904968261719,-0.18862421264648438,0.0
,8375,,,,,-63.7481689453125,-42.9840087890625,-0.9440533081054687,-0.314062939453125,0.0
,8376,,,,,-57.16552734375,-42.9840087890625,-0.9129784790039063,-0.3477273376464844,0.0
,8377,,,,,-59.912109375,-47.7447509765625,-0.8783818359375001,-0.41826719970703125,0.0
,8378,,,,,-51.8096923828125,-47.7447509765625,-0.8482392517089844,-0.45648923950195314,0.0
,8379,,,,,-52.734375,-49.346923828125,-0.8280406127929688,-0.5130454284667969,0.0
,8380,,,,,-41.729736328125,-52.6336669921875,-0.826176123046875,-0.546088330078125,0.0
,8381,,,,,-43.560791015625,-55.8013916015625,-0.811260205078125,-0.5953937255859375,0.0
,8382,,,,,-30.2032470703125,-59.7198486328125,-0.7788388000488281,-0.5912504150390625,0.0
,8383,,,,,-32.8216552734375,-64.251708984375,-0.736680615234375,-0.6274007995605468,0.0
,8384,,,,,-22.0916748046875,-67.9412841796875,-0.6706983947753906,-0.6486352661132813,0.0
,8385,,,,,-23.4466552734375,-70.2850341796875,-0.6277115478515625,-0.6980442443847656,0.0
,8386,,,,,-12.70751953125,-72.4273681640625,-0.5700159484863282,-0.7368877807617188,0.0
,8387,,,,,-13.916015625,-74.52392578125,-0.5012369934082032,-0.7498356262207031,0.0
,8388,,,,,-5.2734375,-75.9429931640625,-0.4521387634277344,-0.7995553527832031,0.0
,8389,,,,,-5.7769775390625,-76.812744140625,-0.3542530517578125,-0.7909579833984375,0.0
,8390,,,,,1.9866943359375,-77.435302734375,-0.2897209899902344,-0.8245187988281251,0.0
,8391,,,,,2.105712890625,-77.2247314453125,-0.20664761352539063,-0.8410920410156251,0.0
,8392,,,,,6.3995361328125,-76.6204833984375,-0.12823546142578127,-0.8563187072753906,0.0
,8393,,,,,6.62841796875,-76.226806640625,-0.06473922729492188,-0.8711310424804688,0.0
,8394,,,,,12.41455078125,-74.89013671875,-0.01595174560546875,-0.8996163024902344,0.0
,8395,,,,,13.3026123046875,-73.35205078125,0.032317822265625004,-0.9143250549316406,0.0
,8396,,,,,17.578125,-71.6033935546875,0.09084208374023438,-0.9023094543457032,0.0
,8397,,,,,23.03466796875,-69.8638916015625,0.07685841064453125,-0.9162931274414062,0.0
,8398,,,,,28.253173828125,-67.822265625,0.13859373779296874,-0.9026202026367188,0.0
,8399,,,,,33.87451171875,-65.5059814453125,0.15972462158203127,-0.8900866882324219,0.0
,8400,,,,,39.8162841796875,-62.6312255859375,0.24300516357421875,-0.8600476867675781,0.0
,8401,,,,,44.915771484375,-59.9945068359375,0.26776144409179686,-0.8486535827636719,0.0
,8402,,,,,50.2899169921875,-55.096435546875,0.33912996826171876,-0.8162321777343751,0.0
,8403,,,,,52.3681640625,-55.096435546875,0.39765422973632814,-0.7867110900878906,0.0
,8404,,,,,58.2733154296875,-48.046875,0.4788631164550781,-0.7407203430175782,0.0
,8405,,,,,59.3719482421875,-48.046875,0.5368694641113282,-0.7007373962402343,0.0
,8406,,,,,63.7481689453125,-41.0980224609375,0.6085487365722656,-0.6762918640136719,0.0
,8407,,,,,63.46435546875,-41.0980224609375,0.6700768981933594,-0.6375519104003906,0.0
,8408,,,,,67.34619140625,-33.6822509765625,0.7313978942871094,-0.6053376708984375,0.0
,8409,,,,,66.68701171875,-33.6822509765625,0.7597795715332032,-0.5689801208496094,0.0
,8410,,,,,68.5089111328125,-28.6651611328125,0.8075312255859375,-0.5331404846191407,0.0
,8411,,,,,66.925048828125,-28.6651611328125,0.8475141723632813,-0.4872533203125,0.0
,8412,,,,,70.60546875,-19.757080078125,0.8798319946289063,-0.43743001098632817,0.0
,8413,,,,,68.0877685546875,-19.757080078125,0.9261334899902344,-0.3839813049316406,0.0
,8414,,,,,72.125244140625,-8.02001953125,0.918986279296875,-0.37828425292968754,0.0
,8415,,,,,69.2230224609375,-8.02001953125,0.9415673217773438,-0.32224597778320313,0.0
,8416,,,,,73.6083984375,4.9713134765625,0.9290338073730469,-0.3054655700683594,0.0
,8417,,,,,69.964599609375,4.9713134765625,0.92644423828125,-0.2669327819824219,0.0
,8418,,,,,73.095703125,15.8660888671875,0.9256155761718751,-0.20571536865234374,0.0
,8419,,,,,67.0989990234375,15.8660888671875,0.9108032409667969,-0.14304779663085937,0.0
,8420,,,,,73.095703125,26.25732421875,0.9155680480957031,-0.08296979370117188,0.0
,8421,,,,,64.5172119140625,26.25732421875,0.9291373901367188,0.002175238037109375,0.0
,8422,,,,,69.2596435546875,34.4696044921875,0.9323484558105469,0.09405314941406251,0.0
,8423,,,,,62.237548828125,34.4696044921875,0.9522363464355469,0.16407509765625,0.0
,8424,,,,,66.4398193359375,41.748046875,0.9074885925292969,0.20944434814453125,0.0
,8425,,,,,57.23876953125,41.748046875,0.8985804748535157,0.2932428039550781,0.0
,8426,,,,,59.3536376953125,45.4193115234375,0.8918475952148438,0.3742445251464844,0.0
,8427,,,,,54.7393798828125,45.4193115234375,0.8720632873535157,0.4289362243652344,0.0
,8428,,,,,57.5225830078125,50.2532958984375,0.8742385253906251,0.49999400024414065,0.0
,8429,,,,,46.307373046875,50.2532958984375,0.8445102722167969,0.5167744079589844,0.0
,8430,,,,,13.1561279296875,52.7618408203125,0.8480320861816406,0.5783025695800782,0.0
,8431,,,,,27.374267578125,55.6732177734375,0.7796674621582032,0.5658726379394532,0.0
,8432,,,,,29.3060302734375,59.014892578125,0.7610225646972657,0.6164210266113281,0.0
,8433,,,,,26.4129638671875,63.226318359375,0.7073666931152344,0.6337193481445312,0.0
,8434,,,,,28.582763671875,66.97998046875,0.6728736328125,0.6652085083007813,0.0
,8435,,,,,18.804931640625,69.5068359375,0.5728126831054687,0.6482209350585938,0.0
,8436,,,,,20.1873779296875,71.905517578125,0.5382160400390625,0.6830247436523438,0.0
,8437,,,,,10.1165771484375,73.79150390625,0.44229840087890626,0.7086096862792969,0.0
,8438,,,,,10.9954833984375,75.311279296875,0.40210828857421876,0.7720023376464844,0.0
,8439,,,,,3.8543701171875,76.043701171875,0.3170668395996094,0.7827749450683594,0.0
,8440,,,,,4.0008544921875,76.28173828125,0.2664148681640625,0.8290764404296875,0.0
,8441,,,,,-1.3092041015625,76.263427734375,0.20157205810546874,0.8548685485839844,0.0
,8442,,,,,-1.611328125,75.7415771484375,0.15340607299804687,0.9051061889648437,0.0
,8443,,,,,-7.049560546875,74.6063232421875,0.06515355834960938,0.905727685546875,0.0
,8444,,,,,-7.6263427734375,73.6175537109375,0.037082629394531254,0.9304839660644532,0.0
,8445,,,,,-14.7674560546875,71.74072265625,-0.005697052001953125,0.9329699523925782,0.0
,8446,,,,,-15.911865234375,69.7540283203125,-0.039465032958984375,0.9380455078125001,0.0
,8447,,,,,-20.83740234375,67.63916015625,-0.09436389770507812,0.9157752136230469,0.0
,8448,,,,,-26.2664794921875,65.167236328125,-0.13538267211914062,0.9038631958007812,0.0
,8449,,,,,-32.611083984375,62.548828125,-0.19836099243164063,0.8720632873535157,0.0
,8450,,,,,-38.2415771484375,60.24169921875,-0.2530526916503906,0.8529004760742188,0.0
,8451,,,,,-42.6361083984375,58.04443359375,-0.30318674926757816,0.8141605224609375,0.0
,8452,,,,,-46.6094970703125,56.2408447265625,-0.3395442993164063,0.8015234252929688,0.0
,8453,,,,,-52.5604248046875,50.372314453125,-0.40500860595703125,0.758225830078125,0.0
,8454,,,,,-54.400634765625,50.372314453125,-0.4753413024902344,0.7099562622070312,0.0
,8455,,,,,-59.0423583984375,44.6868896484375,-0.5349013916015625,0.6849928161621094,0.0
,8456,,,,,-59.783935546875,44.6868896484375,-0.5821351318359376,0.6449062866210937,0.0
,8457,,,,,-64.9932861328125,36.529541015625,-0.6354802551269532,0.6053376708984375,0.0
,8458,,,,,-65.2313232421875,36.529541015625,-0.7123386657714844,0.5417378540039063,0.0
,8459,,,,,-68.1060791015625,30.9722900390625,-0.76734111328125,0.49667935180664063,0.0
,8460,,,,,-67.144775390625,30.9722900390625,-0.7882648315429688,0.470680078125,0.0
,8461,,,,,-69.90966796875,24.06005859375,-0.8315624267578126,0.4230320068359375,0.0
,8462,,,,,-67.913818359375,24.06005859375,-0.8590118591308594,0.40511218872070315,0.0
,8463,,,,,-71.7864990234375,13.6871337890625,-0.9042775268554688,0.35984652099609377,0.0
,8464,,,,,-85.0799560546875,-13.714599609375,-0.9086280029296875,0.34928107910156253,0.0
,8465,,,,,-76.5380859375,-3.5797119140625,-0.923958251953125,0.3021509216308594,0.0
,8466,,,,,-72.7569580078125,-3.5797119140625,-0.9159823791503906,0.2992506042480469,0.0
,8467,,,,,-73.7274169921875,-11.187744140625,-0.9290338073730469,0.2224957763671875,0.0
,8468,,,,,-67.2637939453125,-11.187744140625,-0.9324520385742188,0.19546067504882814,0.0
,8469,,,,,-73.64501953125,-22.2381591796875,-0.9258227416992187,0.12005242309570313,0.0
,8470,,,,,-66.2017822265625,-22.2381591796875,-0.9179504516601563,0.0563490234375,0.0
,8471,,,,,-71.1456298828125,-30.7891845703125,-0.9051061889648437,-0.02258104248046875,0.0
,8472,,,,,-64.2059326171875,-30.7891845703125,-0.8850111328125,-0.06795029296875,0.0
,8473,,,,,-68.9849853515625,-39.07470703125,-0.8894651916503906,-0.14097614135742187,0.0
,8474,,,,,-60.7635498046875,-39.07470703125,-0.8561115417480469,-0.18126983642578126,0.0
,8475,,,,,-62.8692626953125,-42.7276611328125,-0.8579760314941407,-0.28816724853515624,0.0
,8476,,,,,-58.4747314453125,-42.7276611328125,-0.8255546264648438,-0.3219352294921875,0.0
,8477,,,,,-61.688232421875,-48.284912109375,-0.8120888671875001,-0.40635518188476566,0.0
,8478,,,,,-52.7618408203125,-48.284912109375,-0.8086706359863282,-0.4396052490234375,0.0
,8479,,,,,-53.485107421875,-49.530029296875,-0.7923045593261719,-0.4872533203125,0.0
,8480,,,,,-43.1396484375,-52.6885986328125,-0.8011090942382812,-0.5192603942871094,0.0
,8481,,,,,-45.062255859375,-56.011962890625,-0.7652694580078125,-0.5557215270996094,0.0
,8482,,,,,-26.898193359375,-59.9395751953125,-0.7291190734863281,-0.5562394409179687,0.0
,8483,,,,,-29.3792724609375,-64.251708984375,-0.6885146301269531,-0.6087559020996094,0.0
,8484,,,,,-24.0509033203125,-67.2821044921875,-0.6718378051757813,-0.6693518188476563,0.0
,8485,,,,,-25.653076171875,-70.05615234375,-0.6226359924316407,-0.7105777587890625,0.0
,8486,,,,,-15.05126953125,-72.65625,-0.5708446105957031,-0.7437242431640625,0.0
,8487,,,,,-16.1407470703125,-74.542236328125,-0.4732696472167969,-0.7638192993164062,0.0
,8488,,,,,-8.3770751953125,-75.4302978515625,-0.40169395751953124,-0.8005911804199219,0.0
,8489,,,,,-8.75244140625,-76.0894775390625,-0.34337686157226566,-0.8245187988281251,0.0
,8490,,,,,-0.9613037109375,-76.446533203125,-0.287545751953125,-0.8572509521484375,0.0
,8491,,,,,-0.6866455078125,-75.9613037109375,-0.1985681579589844,-0.8614978454589844,0.0
,8492,,,,,3.9642333984375,-75.0823974609375,-0.11798076782226563,-0.8795212463378906,0.0
,8493,,,,,4.39453125,-74.3316650390625,-0.05189496459960938,-0.885839794921875,0.0
,8494,,,,,11.7095947265625,-73.040771484375,-0.0033146484375,-0.8927798400878907,0.0
,8495,,,,,12.63427734375,-71.429443359375,0.02258104248046875,-0.9084208374023438,0.0
,8496,,,,,15.673828125,-69.3511962890625,0.08110530395507813,-0.9256155761718751,0.0
,8497,,,,,21.002197265625,-67.3553466796875,0.07302584838867188,-0.9416709045410157,0.0
,8498,,,,,27.2369384765625,-64.8834228515625,0.11621986083984376,-0.9199185241699219,0.0
,8499,,,,,32.9864501953125,-62.713623046875,0.13030711669921877,-0.9179504516601563,0.0
,8500,,,,,38.323974609375,-60.736083984375,0.216280810546875,-0.8630515869140625,0.0
,8501,,,,,43.7255859375,-58.6578369140625,0.25678167114257816,-0.8548685485839844,0.0
,8502,,,,,50.7843017578125,-52.77099609375,0.30971246337890623,-0.8216184814453126,0.0
,8503,,,,,53.4027099609375,-52.77099609375,0.33892280273437503,-0.7952048767089844,0.0
,8504,,,,,58.48388671875,-47.021484375,0.4011760437011719,-0.7664088684082031,0.0
,8505,,,,,59.564208984375,-47.021484375,0.4705764953613281,-0.7138924072265626,0.0
,8506,,,,,64.9200439453125,-38.726806640625,0.5674263793945312,-0.6630332702636719,0.0
,8507,,,,,64.9932861328125,-38.726806640625,0.6261578063964844,-0.6079272399902343,0.0
,8508,,,,,69.049072265625,-31.7138671875,0.6627225219726562,-0.5764380798339844,0.0
,8509,,,,,68.389892578125,-31.7138671875,0.6914149475097656,-0.5644224792480469,0.0
,8510,,,,,70.78857421875,-25.96435546875,0.7428955810546876,-0.5230929565429687,0.0
,8511,,,,,69.049072265625,-25.96435546875,0.8139533569335938,-0.45638565673828124,0.0
,8512,,,,,71.685791015625,-18.0999755859375,0.8389168029785157,-0.4364977661132813,0.0
,8513,,,,,69.3695068359375,-18.0999755859375,0.8698880493164063,-0.40386919555664064,0.0
,8514,,,,,73.9105224609375,-5.694580078125,0.868437890625,-0.3827383117675781,0.0
,8515,,,,,70.806884765625,-5.694580078125,0.8811785705566406,-0.36357550048828124,0.0
,8516,,,,,74.9176025390625,6.3446044921875,0.8878078674316406,-0.30391182861328125,0.0
,8517,,,,,71.9329833984375,6.3446044921875,0.9067635131835938,-0.2509810363769531,0.0
,8518,,,,,75.5584716796875,17.7703857421875,0.9036560302734375,-0.19784307861328126,0.0
,8519,,,,,68.73779296875,17.7703857421875,0.909974578857422,-0.1263709716796875,0.0
,8520,,,,,74.30419921875,27.4200439453125,0.8943335815429688,-0.057177685546875,0.0
,8521,,,,,68.1427001953125,27.4200439453125,0.9075921752929688,0.040500860595703125,0.0
,8522,,,,,73.0499267578125,35.906982421875,0.8666769836425782,0.10016453247070313,0.0
,8523,,,,,64.48974609375,35.906982421875,0.8894651916503906,0.18168416748046876,0.0
,8524,,,,,67.034912109375,40.3289794921875,0.8584939453125,0.2419693359375,0.0
,8525,,,,,62.1734619140625,40.3289794921875,0.8473070068359375,0.31820625,0.0
,8526,,,,,65.36865234375,45.849609375,0.8625336730957032,0.4089447509765625,0.0
,8527,,,,,58.0902099609375,45.849609375,0.8639838317871094,0.44934202880859375,0.0
,8528,,,,,60.16845703125,49.456787109375,0.8616014282226563,0.5094200317382813,0.0
,8529,,,,,48.4222412109375,49.456787109375,0.8122960327148437,0.5254753601074219,0.0
,8530,,,,,10.601806640625,52.8167724609375,0.81043154296875,0.5848282836914063,0.0
,8531,,,,,28.2623291015625,57.073974609375,0.7512857849121094,0.5894895080566407,0.0
,8532,,,,,30.6793212890625,61.248779296875,0.7558434265136719,0.6309226135253907,0.0
,8533,,,,,29.9102783203125,64.5538330078125,0.6946260131835937,0.6458385314941406,0.0
,8534,,,,,31.494140625,67.3095703125,0.6553681457519531,0.6837498229980469,0.0
,8535,,,,,20.2606201171875,69.873046875,0.5662869689941407,0.6766026123046875,0.0
,8536,,,,,21.533203125,72.088623046875,0.5408056091308594,0.7551183471679688,0.0
,8537,,,,,12.59765625,73.1689453125,0.430075634765625,0.7619548095703125,0.0
,8538,,,,,13.1378173828125,74.102783203125,0.4031441162109375,0.8292836059570313,0.0
,8539,,,,,3.55224609375,74.8260498046875,0.3754875183105469,0.8661590698242188,0.0
,8540,,,,,3.47900390625,74.688720703125,0.3106447082519531,0.8944371643066407,0.0
,8541,,,,,-1.3458251953125,74.2767333984375,0.20416162719726563,0.8906046020507813,0.0
,8542,,,,,-1.4923095703125,74.01123046875,0.168218408203125,0.927272900390625,0.0
,8543,,,,,-9.0362548828125,73.4619140625,0.12450648193359376,0.9466428771972657,0.0
,8544,,,,,-9.2926025390625,73.0133056640625,0.07820498657226563,0.9568975708007813,0.0
,8545,,,,,-14.886474609375,71.7132568359375,0.021234466552734376,0.9547223327636719,0.0
,8546,,,,,-15.6646728515625,70.3582763671875,-0.016469659423828126,0.9536865051269532,0.0
,8547,,,,,-20.8465576171875,68.5272216796875,-0.07613333129882813,0.9282051452636719,0.0
,8548,,,,,-27.6031494140625,65.716552734375,-0.1006824462890625,0.9256155761718751,0.0
,8549,,,,,-34.1400146484375,62.9150390625,-0.1379722412109375,0.9052097717285157,0.0
,8550,,,,,-39.58740234375,60.1043701171875,-0.18033759155273438,0.8855290466308594,0.0
,8551,,,,,-46.746826171875,54.0802001953125,-0.264343212890625,0.8411956237792969,0.0
,8552,,,,,-50.006103515625,54.0802001953125,-0.33892280273437503,0.8031807495117188,0.0
,8553,,,,,-55.99365234375,48.4130859375,-0.4025226196289063,0.7696199340820312,0.0
,8554,,,,,-57.7972412109375,48.4130859375,-0.43732642822265627,0.7334695495605469,0.0
,8555,,,,,-63.134765625,41.8670654296875,-0.5048623901367187,0.6929686889648438,0.0
,8556,,,,,-64.19677734375,41.8670654296875,-0.5629723205566406,0.6532964904785157,0.0
,8557,,,,,-68.6737060546875,35.1837158203125,-0.6295760375976562,0.5996406188964843,0.0
,8558,,,,,-68.51806640625,35.1837158203125,-0.6798136779785157,0.584206787109375,0.0
,8559,,,,,-71.4935302734375,28.912353515625,-0.7470388916015626,0.5209177185058594,0.0
,8560,,,,,-70.1568603515625,28.912353515625,-0.7728309997558594,0.5038265625,0.0
,8561,,,,,-72.0428466796875,23.2086181640625,-0.7902329040527344,0.48766765136718754,0.0
,8562,,,,,-70.0836181640625,23.2086181640625,-0.82700478515625,0.4477882873535156,0.0
,8563,,,,,-73.9654541015625,12.890625,-0.8782782531738281,0.3774555908203125,0.0
,8564,,,,,-86.3433837890625,-12.9180908203125,-0.8929870056152344,0.34617359619140625,0.0
,8565,,,,,-77.2247314453125,-2.5634765625,-0.8890508605957032,0.31002321166992186,0.0
,8566,,,,,-74.0203857421875,-2.5634765625,-0.9062455993652344,0.2896174072265625,0.0
,8567,,,,,-76.5380859375,-11.3067626953125,-0.9142214721679688,0.20385087890625,0.0
,8568,,,,,-70.0103759765625,-11.3067626953125,-0.9254084106445313,0.14853768310546875,0.0
,8569,,,,,-76.6845703125,-22.8607177734375,-0.930691131591797,0.06536072387695313,0.0
,8570,,,,,-70.2392578125,-22.8607177734375,-0.9307947143554688,0.02755301513671875,0.0
,8571,,,,,-74.5513916015625,-30.322265625,-0.9460213806152344,-0.061010247802734376,0.0
,8572,,,,,-66.796875,-30.322265625,-0.9111139892578125,-0.11300879516601563,0.0
,8573,,,,,-71.6400146484375,-38.726806640625,-0.9243725830078126,-0.1760906982421875,0.0
,8574,,,,,-64.4256591796875,-38.726806640625,-0.8945407470703125,-0.22104561767578126,0.0
,8575,,,,,-65.9271240234375,-41.326904296875,-0.8903974365234375,-0.3466915100097656,0.0
,8576,,,,,-60.46142578125,-41.326904296875,-0.8661590698242188,-0.39371808471679687,0.0
,8577,,,,,-63.6016845703125,-46.76513671875,-0.8520718139648438,-0.4572143188476563,0.0
,8578,,,,,-53.466796875,-46.76513671875,-0.8529004760742188,-0.4964721862792969,0.0
,8579,,,,,-54.345703125,-48.284912109375,-0.8425421997070313,-0.5549964477539062,0.0
,8580,,,,,-43.2037353515625,-51.3702392578125,-0.8370523132324219,-0.5719840209960938,0.0
,8581,,,,,-45.0347900390625,-54.5379638671875,-0.8243116333007813,-0.6150744506835938,0.0
,8582,,,,,-26.1016845703125,-58.612060546875,-0.7927188903808594,-0.6428346313476563,0.0
,8583,,,,,-28.30810546875,-62.420654296875,-0.7450708190917968,-0.6817817504882813,0.0
,8584,,,,,-23.4832763671875,-65.0848388671875,-0.7027054687500001,-0.7152389831542969,0.0
,8585,,,,,-25.01220703125,-67.7398681640625,-0.6277115478515625,-0.7329516357421875,0.0
,8586,,,,,-14.849853515625,-69.8822021484375,-0.57840615234375,-0.7595724060058594,0.0
,8587,,,,,-15.8843994140625,-71.66748046875,-0.5158421630859376,-0.8020413391113281,0.0
,8588,,,,,-7.8369140625,-72.930908203125,-0.4271753173828125,-0.8281441955566406,0.0
,8589,,,,,-8.331298828125,-73.8006591796875,-0.3457592651367188,-0.8441995239257812,0.0
,8590,,,,,1.263427734375,-74.1119384765625,-0.3125091979980469,-0.8924690917968751,0.0
,8591,,,,,1.2451171875,-74.1485595703125,-0.24093350830078125,-0.8958873229980469,0.0
,8592,,,,,6.2164306640625,-73.883056640625,-0.1774372741699219,-0.9366989318847656,0.0
,8593,,,,,6.5185546875,-73.370361328125,-0.12782113037109374,-0.9574154846191406,0.0
,8594,,,,,13.604736328125,-72.0703125,-0.058627844238281254,-0.9541008361816407,0.0
,8595,,,,,14.6026611328125,-70.330810546875,-0.019162811279296876,-0.9541008361816407,0.0
,8596,,,,,17.8253173828125,-68.499755859375,0.06463564453125001,-0.9298624694824219,0.0
,8597,,,,,22.6593017578125,-66.4398193359375,0.07219718627929687,-0.9475751220703126,0.0
,8598,,,,,28.3355712890625,-63.702392578125,0.11653060913085937,-0.927272900390625,0.0
,8599,,,,,34.588623046875,-61.12060546875,0.1425298828125,-0.9297588867187501,0.0
,8600,,,,,40.704345703125,-58.48388671875,0.1959785888671875,-0.9005485473632813,0.0
,8601,,,,,45.66650390625,-55.8929443359375,0.23368271484375,-0.8876007019042969,0.0
,8602,,,,,51.837158203125,-50.1251220703125,0.3125091979980469,-0.8291800231933594,0.0
,8603,,,,,54.7393798828125,-50.1251220703125,0.3393371337890625,-0.8051488220214844,0.0
,8604,,,,,60.1593017578125,-44.6868896484375,0.39361450195312503,-0.779771044921875,0.0
,8605,,,,,61.138916015625,-44.6868896484375,0.4579393981933594,-0.7402024291992187,0.0
,8606,,,,,66.1468505859375,-37.738037109375,0.5308616638183594,-0.6891361267089844,0.0
,8607,,,,,66.668701171875,-37.738037109375,0.6117598022460937,-0.6386913208007813,0.0
,8608,,,,,70.1202392578125,-32.1075439453125,0.6826104125976563,-0.5770595764160157,0.0
,8609,,,,,69.4793701171875,-32.1075439453125,0.7223861938476562,-0.5284792602539062,0.0
,8610,,,,,71.4019775390625,-27.099609375,0.7743847412109375,-0.48880706176757815,0.0
,8611,,,,,69.76318359375,-27.099609375,0.8190289123535156,-0.4552462463378906,0.0
,8612,,,,,72.98583984375,-17.816162109375,0.8454425170898437,-0.4313186279296875,0.0
,8613,,,,,70.404052734375,-17.816162109375,0.8772424255371094,-0.38646729125976564,0.0
,8614,,,,,74.3682861328125,-6.5643310546875,0.8936085021972656,-0.35559962768554687,0.0
,8615,,,,,71.7864990234375,-6.5643310546875,0.9317269592285157,-0.31520234985351564,0.0
,8616,,,,,76.116943359375,6.0333251953125,0.914014306640625,-0.2738728271484375,0.0
,8617,,,,,73.3154296875,6.0333251953125,0.9284123107910156,-0.20509387207031252,0.0
,8618,,,,,76.8768310546875,16.00341796875,0.9051061889648437,-0.14936634521484377,0.0
,8619,,,,,70.733642578125,16.00341796875,0.9226116760253906,-0.07696199340820313,0.0
,8620,,,,,76.2451171875,25.5523681640625,0.9253048278808594,0.01512308349609375,0.0
,8621,,,,,67.8680419921875,25.5523681640625,0.9340057800292969,0.06691446533203126,0.0
,8622,,,,,72.2991943359375,33.2244873046875,0.9263406555175782,0.13237877197265627,0.0
,8623,,,,,65.07568359375,33.2244873046875,0.934730859375,0.19981115112304687,0.0
,8624,,,,,68.0328369140625,38.3514404296875,0.9252012451171875,0.28951382446289065,0.0
,8625,,,,,60.8917236328125,38.3514404296875,0.9233367553710938,0.36979046630859375,0.0
,8626,,,,,63.482666015625,42.8375244140625,0.926547821044922,0.44623454589843753,0.0
,8627,,,,,56.964111328125,42.8375244140625,0.8993055541992188,0.4800025268554688,0.0
,8628,,,,,59.8480224609375,47.8271484375,0.9003413818359375,0.5407020263671876,0.0
,8629,,,,,47.3236083984375,47.8271484375,0.8583903625488282,0.5304473327636718,0.0
,8630,,,,,9.246826171875,50.1800537109375,0.8682307250976563,0.5898002563476563,0.0
,8631,,,,,24.8565673828125,53.631591796875,0.8152999328613282,0.5845175354003906,0.0
,8632,,,,,27.2186279296875,57.71484375,0.8079455566406251,0.6334085998535156,0.0
,8633,,,,,26.824951171875,61.962890625,0.7395809326171875,0.6444919555664063,0.0
,8634,,,,,29.0771484375,65.8538818359375,0.7127529968261719,0.6792957641601562,0.0
,8635,,,,,19.4549560546875,68.66455078125,0.6222216613769531,0.6581648803710938,0.0
,8636,,,,,20.9564208984375,71.2646484375,0.5824458801269532,0.6819889160156251,0.0
,8637,,,,,10.052490234375,73.3062744140625,0.4802096923828125,0.721764697265625,0.0
,8638,,,,,10.638427734375,74.30419921875,0.44115899047851564,0.7912687316894531,0.0
,8639,,,,,2.1331787109375,74.96337890625,0.3904034362792969,0.8222399780273437,0.0
,8640,,,,,2.4261474609375,75.4669189453125,0.35332080688476564,0.8689558044433594,0.0
,8641,,,,,-5.74951171875,74.945068359375,0.2590604919433594,0.8741349426269531,0.0
,8642,,,,,-6.243896484375,74.102783203125,0.21151600341796875,0.910699658203125,0.0
,8643,,,,,-11.2060546875,72.9583740234375,0.12212407836914063,0.9070742614746095,0.0
,8644,,,,,-11.9476318359375,71.6766357421875,0.07209360351562501,0.9310018798828126,0.0
,8645,,,,,-14.4744873046875,69.7174072265625,0.0070436279296875,0.9497503601074219,0.0
,8646,,,,,-19.1619873046875,67.694091796875,-0.005904217529296875,0.96622001953125,0.0
,8647,,,,,-23.4466552734375,65.8538818359375,-0.06473922729492188,0.9313126281738282,0.0
,8648,,,,,-28.6468505859375,64.05029296875,-0.11953450927734376,0.8984768920898438,0.0
,8649,,,,,-34.881591796875,61.6973876953125,-0.1620034423828125,0.8782782531738281,0.0
,8650,,,,,-40.8233642578125,59.4085693359375,-0.21887037963867187,0.8309409301757813,0.0
,8651,,,,,-47.3968505859375,54.3365478515625,-0.2755301513671875,0.801316259765625,0.0
,8652,,,,,-50.537109375,54.3365478515625,-0.3146844360351563,0.7707593444824219,0.0
,8653,,,,,-56.982421875,48.2940673828125,-0.3745552734375,0.7421705017089844,0.0
,8654,,,,,-58.9874267578125,48.2940673828125,-0.4385694213867188,0.7214539489746093,0.0
,8655,,,,,-63.189697265625,43.2861328125,-0.5214356323242187,0.6498782592773438,0.0
,8656,,,,,-63.97705078125,43.2861328125,-0.5835852905273438,0.6063734985351563,0.0
,8657,,,,,-68.7835693359375,35.650634765625,-0.6429382141113281,0.5698087829589844,0.0
,8658,,,,,-68.66455078125,35.650634765625,-0.6984585754394531,0.5417378540039063,0.0
,8659,,,,,-70.294189453125,32.061767578125,-0.7578114990234375,0.48953214111328125,0.0
,8660,,,,,-69.195556640625,32.061767578125,-0.7883684143066406,0.4594931396484375,0.0
,8661,,,,,-71.8963623046875,24.79248046875,-0.8385024719238281,0.4055265197753906,0.0
,8662,,,,,-70.0927734375,24.79248046875,-0.8721668701171875,0.38843536376953125,0.0
,8663,,,,,-74.249267578125,14.4287109375,-0.90987099609375,0.33167200927734375,0.0
,8664,,,,,-88.494873046875,-14.4561767578125,-0.9380455078125001,0.32058865356445315,0.0
,8665,,,,,-79.3121337890625,-3.6163330078125,-0.9427067321777344,0.25916407470703123,0.0
,8666,,,,,-75.531005859375,-3.6163330078125,-0.9333842834472657,0.24269441528320312,0.0
,8667,,,,,-75.9613037109375,-9.832763671875,-0.9493360290527344,0.17588353271484375,0.0
,8668,,,,,-73.223876953125,-9.832763671875,-0.947989453125,0.13206802368164064,0.0
,8669,,,,,-76.226806640625,-19.7113037109375,-0.959694305419922,0.03459664306640625,0.0
,8670,,,,,-68.408203125,-19.7113037109375,-0.9446748046875,0.009115283203125,0.0
,8671,,,,,-73.297119140625,-28.179931640625,-0.9534793395996094,-0.07861931762695312,0.0
,8672,,,,,-65.6341552734375,-28.179931640625,-0.9581405639648438,-0.13424326171875,0.0
,8673,,,,,-70.3399658203125,-36.3372802734375,-0.9599014709472656,-0.19939682006835938,0.0
,8674,,,,,-61.1663818359375,-36.3372802734375,-0.9403243286132813,-0.26455037841796875,0.0
,8675,,,,,-63.31787109375,-40.0543212890625,-0.9342129455566407,-0.371240625,0.0
,8676,,,,,-58.19091796875,-40.0543212890625,-0.8944371643066407,-0.39786139526367187,0.0
,8677,,,,,-61.4959716796875,-45.7763671875,-0.8877042846679688,-0.4691263366699219,0.0
,8678,,,,,-52.716064453125,-45.7763671875,-0.8583903625488282,-0.48756406860351564,0.0
,8679,,,,,-53.57666015625,-47.259521484375,-0.8529004760742188,-0.5529247924804688,0.0
,8680,,,,,-42.1142578125,-50.482177734375,-0.8340484130859376,-0.5594505065917968,0.0
,8681,,,,,-44.329833984375,-54.327392578125,-0.79054365234375,-0.5795455627441406,0.0
,8682,,,,,-25.9735107421875,-58.4197998046875,-0.794686962890625,-0.5974653808593751,0.0
,8683,,,,,-28.2257080078125,-62.3199462890625,-0.7528395263671875,-0.62812587890625,0.0
,8684,,,,,-21.8170166015625,-65.4510498046875,-0.7015660583496094,-0.6556788940429688,0.0
,8685,,,,,-23.4375,-68.2525634765625,-0.6555753112792969,-0.7015660583496094,0.0
,8686,,,,,-12.249755859375,-71.2005615234375,-0.5667013000488281,-0.6958690063476562,0.0
,8687,,,,,-13.5498046875,-73.4527587890625,-0.5061053833007813,-0.7340910461425781,0.0
,8688,,,,,-4.8797607421875,-74.652099609375,-0.4492384460449219,-0.7699306823730468,0.0
,8689,,,,,-5.31005859375,-75.3936767578125,-0.3653364074707031,-0.7842251037597656,0.0
,8690,,,,,4.06494140625,-75.567626953125,-0.3133378601074219,-0.826176123046875,0.0
,8691,,,,,4.046630859375,-75.604248046875,-0.2424872497558594,-0.8524861450195312,0.0
,8692,,,,,8.4869384765625,-74.908447265625,-0.17060081176757813,-0.8613942626953125,0.0
,8693,,,,,8.8531494140625,-74.267578125,-0.11549478149414062,-0.8811785705566406,0.0
,8694,,,,,15.3167724609375,-73.1231689453125,-0.03801487426757812,-0.8839753051757813,0.0
,8695,,,,,16.36962890625,-71.30126953125,0.0070436279296875,-0.8884293640136719,0.0
,8696,,,,,18.9971923828125,-69.6258544921875,0.07022911376953125,-0.8949550781250001,0.0
,8697,,,,,24.27978515625,-67.9595947265625,0.07271510009765625,-0.89992705078125,0.0
,8698,,,,,30.3955078125,-65.3961181640625,0.12512797851562502,-0.8826287292480469,0.0
,8699,,,,,36.1175537109375,-62.969970703125,0.14946992797851563,-0.8711310424804688,0.0
,8700,,,,,41.1529541015625,-60.75439453125,0.2067511962890625,-0.8501037414550782,0.0
,8701,,,,,45.9228515625,-58.63037109375,0.24228008422851563,-0.8246223815917969,0.0
,8702,,,,,52.276611328125,-52.9266357421875,0.30277241821289064,-0.789714990234375,0.0
,8703,,,,,54.9407958984375,-52.9266357421875,0.3439983581542969,-0.7572935852050782,0.0
,8704,,,,,60.16845703125,-47.5433349609375,0.398586474609375,-0.7399952636718751,0.0
,8705,,,,,61.4227294921875,-47.5433349609375,0.478138037109375,-0.6841641540527343,0.0
,8706,,,,,66.229248046875,-41.0247802734375,0.5623508239746093,-0.6267793029785157,0.0
,8707,,,,,66.90673828125,-41.0247802734375,0.6252255615234376,-0.5757130004882812,0.0
,8708,,,,,69.5068359375,-36.456298828125,0.6879967163085938,-0.5438095092773437,0.0
,8709,,,,,68.5455322265625,-36.456298828125,0.7552219299316406,-0.4766878784179688,0.0
,8710,,,,,71.136474609375,-30.303955078125,0.8033879150390625,-0.46684751586914064,0.0
,8711,,,,,69.415283203125,-30.303955078125,0.8376738098144532,-0.4362906005859375,0.0
,8712,,,,,72.747802734375,-20.9747314453125,0.8683343078613281,-0.41008416137695314,0.0
,8713,,,,,70.2301025390625,-20.9747314453125,0.8966124023437501,-0.36792597656250003,0.0
,8714,,,,,74.505615234375,-9.0179443359375,0.8993055541992188,-0.33923355102539066,0.0
,8715,,,,,71.7681884765625,-9.0179443359375,0.9332807006835938,-0.3016330078125,0.0
,8716,,,,,75.8697509765625,4.248046875,0.9139107238769532,-0.2780161376953125,0.0
,8717,,,,,72.344970703125,4.248046875,0.9259263244628907,-0.21327691040039062,0.0
,8718,,,,,75.3387451171875,14.0350341796875,0.9237510864257813,-0.14988425903320313,0.0
,8719,,,,,68.6187744140625,14.0350341796875,0.9269621520996094,-0.0990251220703125,0.0
,8720,,,,,74.74365234375,24.6551513671875,0.923958251953125,-0.03791129150390625,0.0
,8721,,,,,68.3074951171875,24.6551513671875,0.9400135803222657,0.046922991943359374,0.0
,8722,,,,,72.8118896484375,32.464599609375,0.9137035583496094,0.09881795654296875,0.0
,8723,,,,,63.9404296875,32.464599609375,0.9259263244628907,0.18323790893554687,0.0
,8724,,,,,68.3807373046875,40.155029296875,0.9246833312988282,0.25709241943359373,0.0
,8725,,,,,59.9578857421875,40.155029296875,0.9116319030761719,0.319034912109375,0.0
,8726,,,,,62.0819091796875,43.8446044921875,0.914014306640625,0.3928894226074219,0.0
,8727,,,,,54.6478271484375,43.8446044921875,0.8898795227050782,0.42862547607421875,0.0
,8728,,,,,58.6029052734375,50.701904296875,0.8822143981933595,0.4790702819824219,0.0
,8729,,,,,48.248291015625,50.701904296875,0.8752743530273438,0.5301365844726562,0.0
,8730,,,,,11.187744140625,52.25830078125,0.8605656005859376,0.5820315490722656,0.0
,8731,,,,,28.125,56.0394287109375,0.7977944458007813,0.5486778991699219,0.0
,8732,,,,,30.487060546875,60.1226806640625,0.7900257385253906,0.6046125915527344,0.0
,8733,,,,,26.8798828125,63.6749267578125,0.74745322265625,0.6243968994140625,0.0
,8734,,,,,28.4820556640625,66.4581298828125,0.7346089599609376,0.6768097778320312,0.0
,8735,,,,,16.3604736328125,69.25048828125,0.6351695068359375,0.668730322265625,0.0
,8736,,,,,17.9534912109375,72.0245361328125,0.6088594848632812,0.688618212890625,0.0
,8737,,,,,8.09326171875,74.102783203125,0.49087871704101566,0.7084025207519532,0.0
,8738,,,,,8.8531494140625,75.421142578125,0.4518280151367188,0.7735560791015625,0.0
,8739,,,,,0.8056640625,76.06201171875,0.4007617126464844,0.8136426086425782,0.0
,8740,,,,,1.025390625,76.4373779296875,0.345552099609375,0.8540398864746094,0.0
,8741,,,,,-5.3924560546875,76.06201171875,0.24942729492187501,0.8778639221191407,0.0
,8742,,,,,-5.5938720703125,75.714111328125,0.19711799926757814,0.9132892272949219,0.0
,8743,,,,,-10.546875,74.8992919921875,0.10472217407226563,0.9307947143554688,0.0
,8744,,,,,-11.38916015625,73.42529296875,0.062356823730468754,0.9343165283203125,0.0
,8745,,,,,-13.9251708984375,71.575927734375,0.0040397277832031255,0.938977752685547,0.0
,8746,,,,,-18.896484375,69.7540283203125,-0.04246893310546875,0.9331771179199219,0.0
,8747,,,,,-23.6480712890625,67.3828125,-0.10265051879882812,0.923958251953125,0.0
,8748,,,,,-29.0863037109375,64.9200439453125,-0.13413967895507814,0.9025166198730469,0.0
,8749,,,,,-35.064697265625,62.3565673828125,-0.17101514282226563,0.8823179809570313,0.0
,8750,,,,,-40.283203125,60.2783203125,-0.22394593505859375,0.8451317687988281,0.0
,8751,,,,,-44.78759765625,58.30078125,-0.30525840454101566,0.8042165771484375,0.0
,8752,,,,,-49.0264892578125,55.9478759765625,-0.38439563598632814,0.7593652404785156,0.0
,8753,,,,,-55.04150390625,49.8138427734375,-0.43825867309570316,0.7509750366210938,0.0
,8754,,,,,-56.927490234375,49.8138427734375,-0.49036080322265624,0.7142031555175782,0.0
,8755,,,,,-61.083984375,44.622802734375,-0.5397697814941407,0.6807459228515625,0.0
,8756,,,,,-61.541748046875,44.622802734375,-0.5821351318359376,0.6524678283691406,0.0
,8757,,,,,-66.1651611328125,36.932373046875,-0.6730807983398438,0.5870035217285157,0.0
,8758,,,,,-65.80810546875,36.932373046875,-0.7389594360351562,0.5503352233886719,0.0
,8759,,,,,-67.12646484375,33.3251953125,-0.7929260559082032,0.49864742431640624,0.0
,8760,,,,,-65.9820556640625,33.3251953125,-0.8156106811523438,0.47616996459960936,0.0
,8761,,,,,-68.682861328125,26.2939453125,-0.8637766662597657,0.42448216552734375,0.0
,8762,,,,,-66.5863037109375,26.2939453125,-0.8956801574707032,0.3974470642089844,0.0
,8763,,,,,-71.30126953125,14.410400390625,-0.9086280029296875,0.35653187255859375,0.0
,8764,,,,,-85.4278564453125,-14.4378662109375,-0.9066599304199219,0.34928107910156253,0.0
,8765,,,,,-76.776123046875,-3.717041015625,-0.9297588867187501,0.2953144592285156,0.0
,8766,,,,,-73.590087890625,-3.717041015625,-0.9284123107910156,0.27190475463867186,0.0
,8767,,,,,-74.066162109375,-9.5947265625,-0.9474715393066406,0.19152453002929687,0.0
,8768,,,,,-71.3470458984375,-9.5947265625,-0.9484037841796875,0.1563063903808594,0.0
,8769,,,,,-74.30419921875,-19.8486328125,-0.9437425598144532,0.070436279296875,0.0
,8770,,,,,-66.6046142578125,-19.8486328125,-0.9245797485351562,0.045887164306640624,0.0
,8771,,,,,-71.8597412109375,-28.9581298828125,-0.9606265502929687,-0.05500244750976563,0.0
,8772,,,,,-64.3798828125,-28.9581298828125,-0.9524435119628907,-0.10120036010742188,0.0
,8773,,,,,-69.3603515625,-37.5823974609375,-0.9517184326171876,-0.16428226318359376,0.0
,8774,,,,,-59.527587890625,-37.5823974609375,-0.945503466796875,-0.18945287475585937,0.0
,8775,,,,,-62.0452880859375,-41.949462890625,-0.9401171630859375,-0.2828845275878906,0.0
,8776,,,,,-56.2408447265625,-41.949462890625,-0.9104924926757813,-0.3499025756835938,0.0
,8777,,,,,-59.47265625,-47.5433349609375,-0.8757922668457031,-0.4285218933105469,0.0
,8778,,,,,-50.830078125,-47.5433349609375,-0.8527968933105469,-0.4496527770996094,0.0
,8779,,,,,-51.544189453125,-48.7701416015625,-0.8206862365722657,-0.49295037231445316,0.0
,8780,,,,,-41.2445068359375,-51.7822265625,-0.8159214294433594,-0.5432915954589844,0.0
,8781,,,,,-43.212890625,-55.1971435546875,-0.7898185729980469,-0.5820315490722656,0.0
,8782,,,,,-30.084228515625,-59.43603515625,-0.7680661926269532,-0.5918719116210938,0.0
,8783,,,,,-32.3455810546875,-63.3544921875,-0.7413418395996094,-0.6274007995605468,0.0
,8784,,,,,-21.7437744140625,-66.1651611328125,-0.6943152648925781,-0.6603401184082032,0.0
,8785,,,,,-23.272705078125,-68.81103515625,-0.6364125,-0.6868573059082032,0.0
,8786,,,,,-12.2955322265625,-71.2738037109375,-0.5633866516113282,-0.7188643798828125,0.0
,8787,,,,,-13.5955810546875,-73.5260009765625,-0.5077627075195312,-0.7594688232421876,0.0
,8788,,,,,-5.511474609375,-74.871826171875,-0.428418310546875,-0.7853645141601563,0.0
,8789,,,,,-6.0333251953125,-75.76904296875,-0.35435663452148436,-0.8025592529296875,0.0
,8790,,,,,1.9775390625,-76.0345458984375,-0.2917926452636719,-0.8522789794921876,0.0
,8791,,,,,1.7852783203125,-76.3641357421875,-0.20291863403320312,-0.8579760314941407,0.0
,8792,,,,,5.82275390625,-75.91552734375,-0.13973314819335939,-0.8790033325195312,0.0
,8793,,,,,6.2896728515625,-75.1190185546875,-0.08234829711914063,-0.9002377990722656,0.0
,8794,,,,,13.4124755859375,-73.7457275390625,0.00103582763671875,-0.90655634765625,0.0
,8795,,,,,14.337158203125,-72.1527099609375,0.02817451171875,-0.9088351684570313,0.0
,8796,,,,,17.156982421875,-70.6329345703125,0.0874238525390625,-0.8922619262695313,0.0
,8797,,,,,22.210693359375,-68.9849853515625,0.09508897705078126,-0.9112175720214845,0.0
,8798,,,,,27.447509765625,-67.144775390625,0.14356571044921876,-0.9085244201660156,0.0
,8799,,,,,33.8836669921875,-64.4073486328125,0.16480017700195312,-0.9081100891113282,0.0
,8800,,,,,39.678955078125,-61.5142822265625,0.23306121826171874,-0.8664698181152344,0.0
,8801,,,,,43.90869140625,-59.3536376953125,0.27418357543945315,-0.8457532653808594,0.0
,8802,,,,,50.0518798828125,-53.6224365234375,0.3383013061523438,-0.8245187988281251,0.0
,8803,,,,,52.3956298828125,-53.6224365234375,0.3653364074707031,-0.7972765319824219,0.0
,8804,,,,,57.8155517578125,-47.2137451171875,0.4682976745605469,-0.7502499572753907,0.0
,8805,,,,,58.2733154296875,-47.2137451171875,0.5265111877441406,-0.7234220214843751,0.0
,8806,,,,,62.1826171875,-41.4093017578125,0.6029552673339844,-0.6771205261230469,0.0
,8807,,,,,62.6678466796875,-41.4093017578125,0.653814404296875,-0.6523642456054688,0.0
,8808,,,,,66.9158935546875,-34.222412109375,0.7178285522460938,-0.5798563110351562,0.0
,8809,,,,,66.375732421875,-34.222412109375,0.7552219299316406,-0.5201926391601562,0.0
,8810,,,,,68.5638427734375,-29.3243408203125,0.8068061462402344,-0.4860103271484375,0.0
,8811,,,,,67.7032470703125,-29.3243408203125,0.8629480041503906,-0.4447843872070313,0.0
,8812,,,,,71.3287353515625,-20.0042724609375,0.8898795227050782,-0.41660987548828127,0.0
,8813,,,,,68.88427734375,-20.0042724609375,0.9005485473632813,-0.40086529541015625,0.0
,8814,,,,,73.05908203125,-8.514404296875,0.9121498168945312,-0.3800451599121094,0.0
,8815,,,,,70.01953125,-8.514404296875,0.9315197937011719,-0.3572569519042969,0.0
,8816,,,,,74.3865966796875,5.145263671875,0.9422924011230469,-0.29562520751953125,0.0
,8817,,,,,70.806884765625,5.145263671875,0.9407386596679688,-0.2470448913574219,0.0
,8818,,,,,74.08447265625,16.36962890625,0.9202292724609376,-0.2034365478515625,0.0
,8819,,,,,67.1905517578125,16.36962890625,0.9468500427246094,-0.12833904418945313,0.0
,8820,,,,,73.0133056640625,26.4678955078125,0.9210579345703125,-0.06763954467773438,0.0
,8821,,,,,65.8538818359375,26.4678955078125,0.91981494140625,-0.0030039001464843753,0.0
,8822,,,,,70.3399658203125,34.2315673828125,0.9129784790039063,0.07779065551757813,0.0
,8823,,,,,61.8804931640625,34.2315673828125,0.9335914489746094,0.16946140136718751,0.0
,8824,,,,,66.4947509765625,42.2332763671875,0.910699658203125,0.23057523193359375,0.0
,8825,,,,,58.978271484375,42.2332763671875,0.9017915405273438,0.2921033935546875,0.0
,8826,,,,,61.083984375,45.88623046875,0.8963016540527344,0.3742445251464844,0.0
,8827,,,,,54.583740234375,45.88623046875,0.8703023803710938,0.43183654174804686,0.0
,8828,,,,,57.6690673828125,51.2237548828125,0.8787961669921875,0.502997900390625,0.0
,8829,,,,,47.57080078125,51.2237548828125,0.8547649658203125,0.5176030700683594,0.0
,8830,,,,,12.7899169921875,53.3294677734375,0.8186145812988281,0.5492993957519532,0.0
,8831,,,,,21.1761474609375,56.9183349609375,0.7743847412109375,0.5738485107421876,0.0
,8832,,,,,23.3367919921875,60.662841796875,0.7590544921875,0.6175604370117188,0.0
,8833,,,,,27.703857421875,64.141845703125,0.7068487792968751,0.6290581237792969,0.0
,8834,,,,,29.2327880859375,66.7877197265625,0.6887217956542969,0.6758775329589845,0.0
,8835,,,,,18.3837890625,69.7174072265625,0.5970510498046875,0.6675909118652344,0.0
,8836,,,,,19.9859619140625,72.491455078125,0.5500244750976563,0.707781024169922,0.0
,8837,,,,,11.0687255859375,74.359130859375,0.44582021484375,0.720107373046875,0.0
,8838,,,,,11.810302734375,75.640869140625,0.40614801635742187,0.7828785278320313,0.0
,8839,,,,,3.69873046875,76.5289306640625,0.3481416687011719,0.817164422607422,0.0
,8840,,,,,4.156494140625,77.325439453125,0.30701931152343753,0.8531076416015625,0.0
,8841,,,,,-1.8035888671875,77.4627685546875,0.19794666137695313,0.8437851928710938,0.0
,8842,,,,,-2.0233154296875,77.0782470703125,0.13186085815429688,0.8785890014648438,0.0
,8843,,,,,-7.177734375,76.0894775390625,0.07426884155273437,0.9190898620605469,0.0
,8844,,,,,-7.891845703125,74.8443603515625,0.04412625732421875,0.9409458251953126,0.0
,8845,,,,,-15.069580078125,72.7294921875,-0.01325859375,0.9507861877441407,0.0
,8846,,,,,-16.0858154296875,70.9808349609375,-0.04340117797851563,0.9605229675292969,0.0
,8847,,,,,-21.1029052734375,68.66455078125,-0.09053133544921875,0.9464357116699219,0.0
,8848,,,,,-26.7425537109375,65.8538818359375,-0.1372471618652344,0.9316233764648438,0.0
,8849,,,,,-33.123779296875,62.9150390625,-0.18334149169921876,0.91650029296875,0.0
,8850,,,,,-38.616943359375,60.5712890625,-0.21866321411132814,0.8900866882324219,0.0
,8851,,,,,-42.8558349609375,58.4930419921875,-0.28236661376953126,0.8478249206542969,0.0
,8852,,,,,-46.966552734375,56.2957763671875,-0.3351938232421875,0.8079455566406251,0.0
,8853,,,,,-52.99072265625,51.0772705078125,-0.4031441162109375,0.75739716796875,0.0
,8854,,,,,-55.2703857421875,51.0772705078125,-0.48559599609375004,0.7109920898437501,0.0
,8855,,,,,-60.113525390625,44.989013671875,-0.5380088745117187,0.6874788024902344,0.0
,8856,,,,,-61.0382080078125,44.989013671875,-0.5894895080566407,0.6550573974609375,0.0
,8857,,,,,-66.2933349609375,36.8133544921875,-0.6540215698242188,0.5939435668945313,0.0
,8858,,,,,-66.2567138671875,36.8133544921875,-0.7037412963867188,0.5718804382324219,0.0
,8859,,,,,-68.6279296875,31.53076171875,-0.7579150817871094,0.5249574462890625,0.0
,8860,,,,,-67.5201416015625,31.53076171875,-0.7937547180175781,0.4826956787109375,0.0
,8861,,,,,-70.3765869140625,24.3072509765625,-0.8275226989746094,0.4519315979003906,0.0
,8862,,,,,-68.3349609375,24.3072509765625,-0.8656411560058594,0.4261394897460938,0.0
,8863,,,,,-72.381591796875,13.51318359375,-0.9129784790039063,0.38315264282226563,0.0
,8864,,,,,-85.400390625,-13.5406494140625,-0.9197113586425781,0.37227645263671877,0.0
,8865,,,,,-75.823974609375,-2.3162841796875,-0.9242690002441406,0.3177919189453125,0.0
,8866,,,,,-72.344970703125,-2.3162841796875,-0.9087315856933594,0.30308316650390627,0.0
,8867,,,,,-74.4598388671875,-11.2518310546875,-0.9298624694824219,0.217938134765625,0.0
,8868,,,,,-67.6025390625,-11.2518310546875,-0.9135999755859375,0.209651513671875,0.0
,8869,,,,,-74.176025390625,-22.6318359375,-0.9356631042480469,0.11280162963867188,0.0
,8870,,,,,-67.4102783203125,-22.6318359375,-0.9254084106445313,0.059974420166015625,0.0
,8871,,,,,-72.418212890625,-31.292724609375,-0.9204364379882812,-0.025170611572265626,0.0
,8872,,,,,-64.7918701171875,-31.292724609375,-0.9023094543457032,-0.07530466918945312,0.0
,8873,,,,,-69.7998046875,-39.971923828125,-0.9056241027832032,-0.1487448486328125,0.0
,8874,,,,,-61.907958984375,-39.971923828125,-0.8617050109863281,-0.1653180908203125,0.0
,8875,,,,,-63.7847900390625,-43.231201171875,-0.8555936279296875,-0.2821594482421875,0.0
,8876,,,,,-59.124755859375,-43.231201171875,-0.8448210205078125,-0.3406837097167969,0.0
,8877,,,,,-62.1734619140625,-48.5137939453125,-0.8339448303222656,-0.41101640625,0.0
,8878,,,,,-53.3935546875,-48.5137939453125,-0.8059774841308593,-0.43276878662109375,0.0
,8879,,,,,-54.16259765625,-49.84130859375,-0.79717294921875,-0.49999400024414065,0.0
,8880,,,,,-41.9952392578125,-52.8717041015625,-0.7792531311035157,-0.5268219360351563,0.0
,8881,,,,,-44.5404052734375,-57.293701171875,-0.7457958984375,-0.5577931823730469,0.0
,8882,,,,,-32.427978515625,-61.138916015625,-0.7098526794433594,-0.5559286926269531,0.0
,8883,,,,,-34.2864990234375,-64.361572265625,-0.6895504577636719,-0.6247076477050781,0.0
,8884,,,,,-23.455810546875,-67.9412841796875,-0.6715270568847657,-0.6775348571777344,0.0
,8885,,,,,-25.2410888671875,-71.044921875,-0.6034731811523437,-0.7038448791503906,0.0
,8886,,,,,-16.0308837890625,-72.894287109375,-0.5363515502929688,-0.7193822937011719,0.0
,8887,,,,,-16.9647216796875,-74.505615234375,-0.47130157470703127,-0.7571900024414063,0.0
,8888,,,,,-7.8643798828125,-76.13525390625,-0.3933037536621094,-0.7935475524902345,0.0
,8889,,,,,-8.3221435546875,-76.9317626953125,-0.3299111022949219,-0.8127103637695313,0.0
,8890,,,,,-1.4556884765625,-77.0233154296875,-0.27004026489257815,-0.869266552734375,0.0
,8891,,,,,-1.3092041015625,-76.776123046875,-0.19173169555664063,-0.8770352600097656,0.0
,8892,,,,,3.5980224609375,-76.2451171875,-0.1205703369140625,-0.885839794921875,0.0
,8893,,,,,4.083251953125,-75.3936767578125,-0.067121630859375,-0.9091459167480469,0.0
,8894,,,,,11.993408203125,-73.883056640625,-0.013880090332031251,-0.9345236938476563,0.0
,8895,,,,,12.945556640625,-72.2442626953125,0.03293931884765625,-0.9313126281738282,0.0
,8896,,,,,15.93017578125,-70.01953125,0.09343165283203125,-0.9254084106445313,0.0
,8897,,,,,21.1029052734375,-67.9412841796875,0.08483428344726562,-0.9414637390136719,0.0
,8898,,,,,27.392578125,-65.2587890625,0.13859373779296874,-0.920643603515625,0.0
,8899,,,,,33.599853515625,-62.8326416015625,0.15433831787109376,-0.8989948059082031,0.0
,8900,,,,,38.8641357421875,-60.772705078125,0.2089264343261719,-0.8732026977539062,0.0
,8901,,,,,43.98193359375,-58.4564208984375,0.25709241943359373,-0.833737664794922,0.0
,8902,,,,,50.9307861328125,-53.045654296875,0.3319827575683594,-0.7937547180175781,0.0
,8903,,,,,53.521728515625,-53.045654296875,0.3593286071777344,-0.7726238342285157,0.0
,8904,,,,,58.465576171875,-47.259521484375,0.431732958984375,-0.7386486877441406,0.0
,8905,,,,,60.003662109375,-47.259521484375,0.470680078125,-0.7361627014160157,0.0
,8906,,,,,65.6890869140625,-39.1571044921875,0.5613149963378906,-0.6978370788574219,0.0
,8907,,,,,65.606689453125,-39.1571044921875,0.6217037475585938,-0.6502925903320312,0.0
,8908,,,,,69.451904296875,-31.7962646484375,0.6822996643066407,-0.6087559020996094,0.0
,8909,,,,,68.3807373046875,-31.7962646484375,0.7377164428710937,-0.5599684204101563,0.0
,8910,,,,,70.477294921875,-25.4608154296875,0.7755241516113281,-0.5293079223632813,0.0
,8911,,,,,68.6737060546875,-25.4608154296875,0.8260725402832032,-0.4807276062011719,0.0
,8912,,,,,70.9625244140625,-17.7154541015625,0.8635695007324219,-0.43939808349609377,0.0
,8913,,,,,68.1243896484375,-17.7154541015625,0.8867720397949219,-0.4065623474121094,0.0
,8914,,,,,72.7935791015625,-4.742431640625,0.8934013366699219,-0.36885822143554686,0.0
,8915,,,,,69.854736328125,-4.742431640625,0.9102853271484376,-0.3333293334960938,0.0
,8916,,,,,73.553466796875,6.4453125,0.8943335815429688,-0.2910675659179688,0.0
,8917,,,,,70.751953125,6.4453125,0.920643603515625,-0.21410557250976564,0.0
,8918,,,,,74.5147705078125,18.56689453125,0.9228188415527344,-0.151645166015625,0.0
,8919,,,,,68.2159423828125,18.56689453125,0.9254084106445313,-0.08939192504882813,0.0
,8920,,,,,72.8302001953125,26.5594482421875,0.8812821533203126,-0.0526200439453125,0.0
,8921,,,,,66.1285400390625,26.5594482421875,0.8930905883789063,0.04205460205078125,0.0
,8922,,,,,71.2188720703125,35.3759765625,0.8659519042968751,0.11725568847656251,0.0
,8923,,,,,63.8946533203125,35.3759765625,0.8714417907714844,0.17930176391601563,0.0
,8924,,,,,66.0736083984375,39.14794921875,0.8797284118652344,0.26247872314453125,0.0
,8925,,,,,60.4339599609375,39.14794921875,0.8714417907714844,0.32835736083984374,0.0
,8926,,,,,63.4918212890625,44.4488525390625,0.854350634765625,0.4011760437011719,0.0
,8927,,,,,57.1929931640625,44.4488525390625,0.8580796142578125,0.46280778808593753,0.0
,8928,,,,,59.747314453125,48.8616943359375,0.8482392517089844,0.51874248046875,0.0
,8929,,,,,47.5067138671875,48.8616943359375,0.7944797973632812,0.5120096008300782,0.0
,8930,,,,,10.9954833984375,52.4871826171875,0.793029638671875,0.5612114135742188,0.0
,8931,,,,,26.953125,56.396484375,0.7583294128417969,0.5657690551757812,0.0
,8932,,,,,28.985595703125,59.912109375,0.7373021118164063,0.609066650390625,0.0
,8933,,,,,28.509521484375,63.2080078125,0.6656228393554687,0.6185962646484375,0.0
,8934,,,,,30.2398681640625,66.2017822265625,0.6535036560058594,0.6792957641601562,0.0
,8935,,,,,20.4437255859375,68.8201904296875,0.5760237487792969,0.6671765808105469,0.0
,8936,,,,,21.514892578125,70.6695556640625,0.53200107421875,0.7203145385742188,0.0
,8937,,,,,13.037109375,72.2625732421875,0.431732958984375,0.7380271911621094,0.0
,8938,,,,,13.494873046875,73.05908203125,0.42282484130859377,0.8125031982421875,0.0
,8939,,,,,3.6346435546875,73.7548828125,0.3757982666015625,0.842024285888672,0.0
,8940,,,,,4.0191650390625,74.4140625,0.30971246337890623,0.872581201171875,0.0
,8941,,,,,-1.226806640625,74.2034912109375,0.20778702392578124,0.8861505432128907,0.0
,8942,,,,,-1.4556884765625,73.809814453125,0.17412262573242188,0.9173289550781251,0.0
,8943,,,,,-8.9630126953125,73.1964111328125,0.11404462280273438,0.9315197937011719,0.0
,8944,,,,,-9.521484375,72.2259521484375,0.08607727661132812,0.9506826049804687,0.0
,8945,,,,,-14.94140625,70.6329345703125,0.018748480224609374,0.9404279113769531,0.0
,8946,,,,,-15.9393310546875,68.902587890625,-0.00766512451171875,0.9484037841796875,0.0
,8947,,,,,-21.7620849609375,66.68701171875,-0.07178285522460938,0.9214722656250001,0.0
,8948,,,,,-27.667236328125,64.3341064453125,-0.11383745727539063,0.905727685546875,0.0
,8949,,,,,-33.2061767578125,61.5966796875,-0.15392398681640626,0.8998234680175782,0.0
,8950,,,,,-38.690185546875,59.2529296875,-0.20146847534179688,0.8743421081542969,0.0
,8951,,,,,-46.32568359375,53.0731201171875,-0.2618572265625,0.8376738098144532,0.0
,8952,,,,,-49.566650390625,53.0731201171875,-0.31385577392578123,0.8053559875488282,0.0
,8953,,,,,-54.8309326171875,47.9644775390625,-0.3583963623046875,0.7728309997558594,0.0
,8954,,,,,-56.8359375,47.9644775390625,-0.4223069274902344,0.7279796630859375,0.0
,8955,,,,,-62.4481201171875,41.473388671875,-0.5014441589355468,0.6796065124511719,0.0
,8956,,,,,-63.299560546875,41.473388671875,-0.5624544067382813,0.653814404296875,0.0
,8957,,,,,-67.8131103515625,34.27734375,-0.6154887817382813,0.6197356750488281,0.0
,8958,,,,,-67.657470703125,34.27734375,-0.6726664672851562,0.5819279663085938,0.0
,8959,,,,,-70.42236328125,28.582763671875,-0.7288083251953125,0.5260968566894532,0.0
,8960,,,,,-69.525146484375,28.582763671875,-0.7860895935058594,0.49885458984375003,0.0
,8961,,,,,-71.4111328125,22.88818359375,-0.8277298645019532,0.4434378112792969,0.0
,8962,,,,,-69.1497802734375,22.88818359375,-0.8321839233398438,0.4355655212402344,0.0
,8963,,,,,-73.5443115234375,11.5081787109375,-0.8756886840820313,0.39465032958984375,0.0
,8964,,,,,-83.9080810546875,-11.53564453125,-0.9034488647460938,0.35746411743164064,0.0
,8965,,,,,-75.9063720703125,-2.52685546875,-0.9269621520996094,0.28008779296875,0.0
,8966,,,,,-73.223876953125,-2.52685546875,-0.908213671875,0.2551243469238281,0.0
,8967,,,,,-76.0528564453125,-12.2039794921875,-0.9138071411132813,0.18251282958984374,0.0
,8968,,,,,-69.5526123046875,-12.2039794921875,-0.9103889099121094,0.16055328369140626,0.0
,8969,,,,,-75.0823974609375,-21.78955078125,-0.926547821044922,0.059663671875000004,0.0
,8970,,,,,-69.4610595703125,-21.78955078125,-0.9052097717285157,0.021855963134765625,0.0
,8971,,,,,-74.1851806640625,-29.9652099609375,-0.9129784790039063,-0.0551060302734375,0.0
,8972,,,,,-66.6412353515625,-29.9652099609375,-0.8968195678710937,-0.10710457763671875,0.0
,8973,,,,,-71.37451171875,-38.1500244140625,-0.9183647827148438,-0.17505487060546876,0.0
,8974,,,,,-64.0777587890625,-38.1500244140625,-0.9127713134765625,-0.2487022155761719,0.0
,8975,,,,,-65.9271240234375,-41.3543701171875,-0.8848039672851563,-0.337265478515625,0.0
,8976,,,,,-59.7015380859375,-41.3543701171875,-0.8687486389160156,-0.3932001708984375,0.0
,8977,,,,,-63.1805419921875,-47.3876953125,-0.85020732421875,-0.4496527770996094,0.0
,8978,,,,,-54.5013427734375,-47.3876953125,-0.8441995239257812,-0.4871497375488281,0.0
,8979,,,,,-55.1055908203125,-48.4222412109375,-0.8385024719238281,-0.5449489196777344,0.0
,8980,,,,,-44.073486328125,-51.6265869140625,-0.8345663269042969,-0.5816172180175782,0.0
,8981,,,,,-45.8953857421875,-54.78515625,-0.8235865539550782,-0.6292652893066406,0.0
,8982,,,,,-31.75048828125,-59.0057373046875,-0.80048759765625,-0.6570254699707031,0.0
,8983,,,,,-33.8104248046875,-62.5762939453125,-0.7594688232421876,-0.6913113647460938,0.0
,8984,,,,,-24.0509033203125,-65.4144287109375,-0.7045699584960937,-0.7211432006835937,0.0
,8985,,,,,-25.5157470703125,-67.9412841796875,-0.6330978515625,-0.7396845153808594,0.0
,8986,,,,,-14.6575927734375,-70.367431640625,-0.5673227966308594,-0.7604010681152344,0.0
,8987,,,,,-15.966796875,-72.637939453125,-0.49792234497070315,-0.7904400695800782,0.0
,8988,,,,,-7.58056640625,-73.992919921875,-0.45762864990234375,-0.8240008850097656,0.0
,8989,,,,,-8.148193359375,-74.96337890625,-0.37507318725585936,-0.8350842407226563,0.0
,8990,,,,,1.7120361328125,-75.4119873046875,-0.29987210083007815,-0.8559043762207031,0.0
,8991,,,,,1.6571044921875,-75.5126953125,-0.22808924560546875,-0.8773460083007812,0.0
,8992,,,,,6.2255859375,-75.0091552734375,-0.17795518798828125,-0.918261199951172,0.0
,8993,,,,,6.683349609375,-74.212646484375,-0.088666845703125,-0.9199185241699219,0.0
,8994,,,,,14.154052734375,-72.8851318359375,-0.006318548583984375,-0.9162931274414062,0.0
,8995,,,,,14.9871826171875,-71.44775390625,0.0211308837890625,-0.9283087280273438,0.0
,8996,,,,,17.303466796875,-69.5709228515625,0.0691932861328125,-0.9357666870117188,0.0
,8997,,,,,22.412109375,-67.474365234375,0.070436279296875,-0.9528578430175781,0.0
,8998,,,,,28.0426025390625,-64.892578125,0.10720816040039063,-0.9440533081054687,0.0
,8999,,,,,34.7259521484375,-61.9171142578125,0.1310321960449219,-0.9299660522460937,0.0
,9000,,,,,41.015625,-58.7127685546875,0.1926639404296875,-0.8982697265625,0.0
,9001,,,,,46.0235595703125,-56.0302734375,0.2382403564453125,-0.8799355773925781,0.0
,9002,,,,,52.8076171875,-50.20751953125,0.3012186767578125,-0.8538327209472657,0.0
,9003,,,,,55.682373046875,-50.20751953125,0.3375762268066406,-0.8117781188964844,0.0
,9004,,,,,61.19384765625,-44.6502685546875,0.40179754028320314,-0.7570864196777344,0.0
,9005,,,,,62.420654296875,-44.6502685546875,0.46280778808593753,-0.7144103210449219,0.0
,9006,,,,,67.1722412109375,-38.34228515625,0.5490922302246094,-0.657129052734375,0.0
,9007,,,,,67.5201416015625,-38.34228515625,0.6186998474121094,-0.6217037475585938,0.0
,9008,,,,,70.623779296875,-32.537841796875,0.6667622497558594,-0.5987083740234376,0.0
,9009,,,,,69.9462890625,-32.537841796875,0.7349197082519532,-0.5379052917480469,0.0
,9010,,,,,71.8963623046875,-27.6397705078125,0.7774922241210938,-0.4975080139160156,0.0
,9011,,,,,70.1568603515625,-27.6397705078125,0.8126067810058594,-0.4687120056152344,0.0
,9012,,,,,73.8739013671875,-17.24853515625,0.8505180725097656,-0.42665740356445314,0.0
,9013,,,,,71.2738037109375,-17.24853515625,0.8888436950683594,-0.39465032958984375,0.0
,9014,,,,,75.18310546875,-6.317138671875,0.8988912231445313,-0.3507312377929688,0.0
,9015,,,,,72.6654052734375,-6.317138671875,0.9296553039550781,-0.2876493347167969,0.0
,9016,,,,,76.7486572265625,5.804443359375,0.9097674133300782,-0.26061423339843753,0.0
,9017,,,,,73.7457275390625,5.804443359375,0.9324520385742188,-0.19535709228515627,0.0
,9018,,,,,77.1331787109375,15.9393310546875,0.9154644653320313,-0.13735074462890626,0.0
,9019,,,,,71.5576171875,15.9393310546875,0.9386670043945313,-0.06453206176757813,0.0
,9020,,,,,76.995849609375,25.360107421875,0.9158787963867188,-0.017712652587890624,0.0
,9021,,,,,68.975830078125,25.360107421875,0.9375275939941407,0.06639655151367188,0.0
,9022,,,,,73.736572265625,33.6090087890625,0.9268585693359376,0.1425298828125,0.0
,9023,,,,,65.91796875,33.6090087890625,0.9575190673828126,0.21524498291015626,0.0
,9024,,,,,69.10400390625,39.129638671875,0.932244873046875,0.2805021240234375,0.0
,9025,,,,,61.48681640625,39.129638671875,0.9317269592285157,0.33788697509765625,0.0
,9026,,,,,63.995361328125,43.4783935546875,0.9477822875976563,0.4283147277832031,0.0
,9027,,,,,57.3944091796875,43.4783935546875,0.9498539428710938,0.5057946350097656,0.0
,9028,,,,,60.4888916015625,48.834228515625,0.9321412902832031,0.5650439758300781,0.0
,9029,,,,,47.6898193359375,48.834228515625,0.8750671875,0.5574824340820312,0.0
,9030,,,,,10.2081298828125,51.4617919921875,0.8868756225585938,0.6138314575195313,0.0
,9031,,,,,25.08544921875,54.6478271484375,0.83363408203125,0.6216001647949219,0.0
,9032,,,,,27.3193359375,58.5113525390625,0.7956192077636719,0.6456313659667969,0.0
,9033,,,,,27.3834228515625,62.6495361328125,0.7255972595214844,0.6395199829101562,0.0
,9034,,,,,29.388427734375,66.119384765625,0.7037412963867188,0.6826104125976563,0.0
,9035,,,,,19.207763671875,68.7835693359375,0.607409326171875,0.6660371704101563,0.0
,9036,,,,,20.6268310546875,71.246337890625,0.5681514587402344,0.6917256958007812,0.0
,9037,,,,,9.7686767578125,72.9400634765625,0.4818670166015625,0.7089204345703125,0.0
,9038,,,,,10.565185546875,74.322509765625,0.4663296020507813,0.7867110900878906,0.0
,9039,,,,,1.9775390625,75.03662109375,0.4053193542480469,0.8262797058105469,0.0
,9040,,,,,2.215576171875,75.4486083984375,0.37030838012695316,0.8836645568847656,0.0
,9041,,,,,-5.7037353515625,75.4486083984375,0.2614428955078125,0.8696808837890625,0.0
,9042,,,,,-5.877685546875,75.1556396484375,0.20903001708984376,0.9112175720214845,0.0
,9043,,,,,-11.9476318359375,74.30419921875,0.14750185546875,0.9383562561035157,0.0
,9044,,,,,-12.762451171875,72.8851318359375,0.093638818359375,0.9464357116699219,0.0
,9045,,,,,-14.8223876953125,71.15478515625,0.022995373535156252,0.9507861877441407,0.0
,9046,,,,,-18.75,69.268798828125,-0.021441632080078127,0.9314162109375,0.0
,9047,,,,,-23.7396240234375,66.8609619140625,-0.06328906860351563,0.9200221069335938,0.0
,9048,,,,,-30.0018310546875,64.2242431640625,-0.1139410400390625,0.8908117675781251,0.0
,9049,,,,,-35.8612060546875,61.56005859375,-0.15247382812500002,0.8655375732421875,0.0
,9050,,,,,-40.887451171875,59.4451904296875,-0.18738121948242187,0.83529140625,0.0
,9051,,,,,-47.8271484375,54.2816162109375,-0.2672435302734375,0.7935475524902345,0.0
,9052,,,,,-50.9674072265625,54.2816162109375,-0.335608154296875,0.7542896850585937,0.0
,9053,,,,,-56.7169189453125,49.2462158203125,-0.39340733642578124,0.7194858764648437,0.0
,9054,,,,,-58.8775634765625,49.2462158203125,-0.43691209716796875,0.7056057861328126,0.0
,9055,,,,,-63.6199951171875,44.0643310546875,-0.4984402587890625,0.6710091430664062,0.0
,9056,,,,,-64.5263671875,44.0643310546875,-0.5541677856445313,0.6468743591308594,0.0
,9057,,,,,-69.3695068359375,36.328125,-0.6247076477050781,0.5812028869628907,0.0
,9058,,,,,-69.0948486328125,36.328125,-0.6944188476562501,0.5329333190917969,0.0
,9059,,,,,-70.6878662109375,32.6019287109375,-0.7482818847656251,0.48445658569335937,0.0
,9060,,,,,-69.7998046875,32.6019287109375,-0.8011090942382812,0.4467524597167969,0.0
,9061,,,,,-72.94921875,24.8565673828125,-0.8554900451660157,0.4005545471191406,0.0
,9062,,,,,-70.8892822265625,24.8565673828125,-0.8704059631347657,0.39143926391601563,0.0
,9063,,,,,-74.81689453125,14.2913818359375,-0.9000306335449219,0.337265478515625,0.0
,9064,,,,,-88.73291015625,-14.31884765625,-0.9088351684570313,0.32348897094726564,0.0
,9065,,,,,-80.0994873046875,-3.9093017578125,-0.9194006103515625,0.27905196533203125,0.0
,9066,,,,,-76.46484375,-3.9093017578125,-0.91484296875,0.27014384765625,0.0
,9067,,,,,-76.4923095703125,-10.0616455078125,-0.9375275939941407,0.19504634399414064,0.0
,9068,,,,,-73.553466796875,-10.0616455078125,-0.9324520385742188,0.14584453125,0.0
,9069,,,,,-76.4739990234375,-19.720458984375,-0.9534793395996094,0.053034375,0.0
,9070,,,,,-68.975830078125,-19.720458984375,-0.9418780700683594,0.01843773193359375,0.0
,9071,,,,,-73.4893798828125,-27.557373046875,-0.9732636474609375,-0.0948818115234375,0.0
,9072,,,,,-65.5517578125,-27.557373046875,-0.9519255981445313,-0.14180480346679689,0.0
,9073,,,,,-70.5230712890625,-36.163330078125,-0.9628017883300781,-0.19918965454101564,0.0
,9074,,,,,-60.7635498046875,-36.163330078125,-0.9191934448242188,-0.2296429870605469,0.0
,9075,,,,,-63.28125,-40.5303955078125,-0.9246833312988282,-0.3414087890625,0.0
,9076,,,,,-58.0078125,-40.5303955078125,-0.8872899536132812,-0.39061060180664064,0.0
,9077,,,,,-61.083984375,-45.8587646484375,-0.8602548522949219,-0.46063255004882814,0.0
,9078,,,,,-51.96533203125,-45.8587646484375,-0.854350634765625,-0.483938671875,0.0
,9079,,,,,-52.880859375,-47.4517822265625,-0.8409884582519531,-0.5364551330566406,0.0
,9080,,,,,-41.9219970703125,-50.225830078125,-0.8452353515625001,-0.5788204833984375,0.0
,9081,,,,,-43.7896728515625,-53.466796875,-0.8253474609375,-0.6072021606445313,0.0
,9082,,,,,-25.3509521484375,-57.513427734375,-0.78059970703125,-0.6135207092285156,0.0
,9083,,,,,-27.7130126953125,-61.6058349609375,-0.7370949462890625,-0.6481173522949218,0.0
,9084,,,,,-21.405029296875,-64.7369384765625,-0.7174142211914063,-0.6896540405273438,0.0
,9085,,,,,-22.906494140625,-67.3370361328125,-0.6551609802246094,-0.7046735412597657,0.0
,9086,,,,,-11.6180419921875,-69.5068359375,-0.5934256530761719,-0.7272545837402344,0.0
,9087,,,,,-12.835693359375,-71.612548828125,-0.5246466979980469,-0.7528395263671875,0.0
,9088,,,,,-4.632568359375,-73.0682373046875,-0.46301495361328127,-0.7859860107421875,0.0
,9089,,,,,-5.0811767578125,-73.846435546875,-0.3888496948242188,-0.8016270080566407,0.0
,9090,,,,,4.3853759765625,-74.1485595703125,-0.3083658874511719,-0.8235865539550782,0.0
,9091,,,,,4.2938232421875,-74.30419921875,-0.24259083251953126,-0.8358093200683594,0.0
,9092,,,,,8.074951171875,-73.956298828125,-0.17785160522460938,-0.8752743530273438,0.0
,9093,,,,,8.514404296875,-73.1964111328125,-0.11280162963867188,-0.8883257812500001,0.0
,9094,,,,,15.765380859375,-71.8231201171875,-0.037393377685546875,-0.9023094543457032,0.0
,9095,,,,,16.44287109375,-70.6512451171875,0.0087009521484375,-0.9000306335449219,0.0
,9096,,,,,18.768310546875,-69.085693359375,0.07437242431640625,-0.8835609741210938,0.0
,9097,,,,,23.565673828125,-66.943359375,0.06867537231445313,-0.9025166198730469,0.0
,9098,,,,,29.62646484375,-64.4805908203125,0.13828298950195314,-0.8697844665527344,0.0
,9099,,,,,35.650634765625,-62.2283935546875,0.15402756958007813,-0.8765173461914063,0.0
,9100,,,,,40.5487060546875,-60.0128173828125,0.19432126464843752,-0.8611870971679688,0.0
,9101,,,,,45.1995849609375,-57.60498046875,0.23751527709960937,-0.8387096374511719,0.0
,9102,,,,,51.96533203125,-51.2786865234375,0.3053619873046875,-0.8012126770019532,0.0
,9103,,,,,54.4647216796875,-51.2786865234375,0.34306611328125003,-0.7635085510253906,0.0
,9104,,,,,58.9691162109375,-46.6094970703125,0.4200281066894531,-0.7186572143554688,0.0
,9105,,,,,60.443115234375,-46.6094970703125,0.4747198059082031,-0.6644834289550782,0.0
,9106,,,,,65.1397705078125,-40.557861328125,0.5582075134277344,-0.6317512756347656,0.0
,9107,,,,,65.533447265625,-40.557861328125,0.6218073303222657,-0.5948758117675781,0.0
,9108,,,,,68.26171875,-36.181640625,0.6875823852539062,-0.5447417541503906,0.0
,9109,,,,,67.8497314453125,-36.181640625,0.7373021118164063,-0.4872533203125,0.0
,9110,,,,,70.4132080078125,-29.8553466796875,0.7955156250000001,-0.4580429809570313,0.0
,9111,,,,,68.536376953125,-29.8553466796875,0.8390203857421875,-0.4303863830566406,0.0
,9112,,,,,71.8231201171875,-20.3521728515625,0.8763101806640625,-0.3966184020996094,0.0
,9113,,,,,69.03076171875,-20.3521728515625,0.9034488647460938,-0.36067518310546876,0.0
,9114,,,,,73.8189697265625,-7.379150390625,0.9119426513671876,-0.3506276550292969,0.0
,9115,,,,,70.477294921875,-7.379150390625,0.9199185241699219,-0.30329033203125,0.0
,9116,,,,,73.919677734375,4.0191650390625,0.918986279296875,-0.2506702880859375,0.0
,9117,,,,,71.1181640625,4.0191650390625,0.9460213806152344,-0.17308679809570313,0.0
,9118,,,,,74.6429443359375,14.3280029296875,0.9143250549316406,-0.12875337524414063,0.0
,9119,,,,,67.8497314453125,14.3280029296875,0.9352487731933594,-0.051687799072265624,0.0
,9120,,,,,72.54638671875,22.467041015625,0.9292409729003906,-0.00165732421875,0.0
,9121,,,,,66.668701171875,22.467041015625,0.9334878662109375,0.035736053466796876,0.0
,9122,,,,,71.6400146484375,31.072998046875,0.9166038757324219,0.10223618774414063,0.0
,9123,,,,,62.7777099609375,31.072998046875,0.9210579345703125,0.1774372741699219,0.0
,9124,,,,,67.7398681640625,39.6697998046875,0.9118390686035156,0.2424872497558594,0.0
,9125,,,,,58.4381103515625,39.6697998046875,0.9147393859863282,0.3103339599609375,0.0
,9126,,,,,60.7818603515625,43.7347412109375,0.908213671875,0.3839813049316406,0.0
,9127,,,,,54.0618896484375,43.7347412109375,0.8968195678710937,0.42883264160156254,0.0
,9128,,,,,57.659912109375,49.9603271484375,0.89329775390625,0.4851816650390625,0.0
,9129,,,,,47.4334716796875,49.9603271484375,0.8655375732421875,0.5135633422851563,0.0
,9130,,,,,11.3067626953125,51.8096923828125,0.8524861450195312,0.5747807556152343,0.0
,9131,,,,,27.5482177734375,55.3802490234375,0.8075312255859375,0.5936328186035157,0.0
,9132,,,,,29.5806884765625,58.8958740234375,0.8083598876953125,0.6307154479980469,0.0
,9133,,,,,26.4862060546875,62.7227783203125,0.7192787109375001,0.5971546325683594,0.0
,9134,,,,,28.3172607421875,65.8905029296875,0.7096455139160156,0.6557824768066406,0.0
,9135,,,,,16.51611328125,68.8018798828125,0.6334085998535156,0.6673837463378907,0.0
,9136,,,,,17.9534912109375,71.2921142578125,0.6065806640625,0.7052950378417969,0.0
,9137,,,,,8.349609375,73.187255859375,0.5142884216308594,0.7153425659179687,0.0
,9138,,,,,9.1278076171875,74.5330810546875,0.4620827087402344,0.7807032897949219,0.0
,9139,,,,,-0.439453125,75.347900390625,0.4026262023925781,0.8090849670410156,0.0
,9140,,,,,0.0,76.1077880859375,0.3568426208496094,0.8640874145507813,0.0
,9141,,,,,-4.6234130859375,76.28173828125,0.24424815673828126,0.8576652832031251,0.0
,9142,,,,,-4.8980712890625,75.8148193359375,0.18883137817382814,0.8995127197265625,0.0
,9143,,,,,-11.3800048828125,74.8260498046875,0.10503292236328125,0.89992705078125,0.0
,9144,,,,,-12.2039794921875,73.406982421875,0.0542773681640625,0.9213686828613281,0.0
,9145,,,,,-17.17529296875,71.5850830078125,-0.0023824035644531253,0.9343165283203125,0.0
,9146,,,,,-18.20068359375,69.8089599609375,-0.04547283325195313,0.9258227416992187,0.0
,9147,,,,,-23.3367919921875,67.8863525390625,-0.07841215209960938,0.9124605651855469,0.0
,9148,,,,,-28.8116455078125,65.80810546875,-0.1289605407714844,0.8992019714355469,0.0
,9149,,,,,-35.1104736328125,63.2080078125,-0.18385940551757812,0.881696484375,0.0
,9150,,,,,-40.850830078125,61.0931396484375,-0.20820135498046877,0.8504144897460938,0.0
,9151,,,,,-45.6573486328125,58.941650390625,-0.25543509521484375,0.8183038330078125,0.0
,9152,,,,,-49.713134765625,56.8634033203125,-0.3342615783691406,0.7869182556152344,0.0
,9153,,,,,-55.535888671875,51.251220703125,-0.4220997619628906,0.7363698669433594,0.0
,9154,,,,,-57.3760986328125,51.251220703125,-0.47088724365234375,0.7207288696289063,0.0
,9155,,,,,-61.7340087890625,45.22705078125,-0.5475384887695313,0.6887217956542969,0.0
,9156,,,,,-62.2100830078125,45.22705078125,-0.6096881469726563,0.6424203002929688,0.0
,9157,,,,,-67.0623779296875,37.3077392578125,-0.6822996643066407,0.5920790771484375,0.0
,9158,,,,,-66.6229248046875,37.3077392578125,-0.7282904113769532,0.5517853820800781,0.0
,9159,,,,,-68.22509765625,33.36181640625,-0.7809104553222657,0.5084877868652344,0.0
,9160,,,,,-67.12646484375,33.36181640625,-0.8302158508300782,0.4573179016113281,0.0
,9161,,,,,-70.12939453125,26.07421875,-0.8721668701171875,0.423446337890625,0.0
,9162,,,,,-67.8131103515625,26.07421875,-0.8940228332519532,0.41598837890625,0.0
,9163,,,,,-71.8963623046875,14.849853515625,-0.9260299072265625,0.36999763183593753,0.0
,9164,,,,,-86.6912841796875,-14.8773193359375,-0.9450891357421876,0.34544851684570316,0.0
,9165,,,,,-77.6641845703125,-3.84521484375,-0.9434318115234376,0.29655745239257814,0.0
,9166,,,,,-74.139404296875,-3.84521484375,-0.9503718566894531,0.2690044372558594,0.0
,9167,,,,,-74.6795654296875,-9.7686767578125,-0.9654949401855469,0.19680725097656251,0.0
,9168,,,,,-71.96044921875,-9.7686767578125,-0.9412565734863282,0.17018648071289064,0.0
,9169,,,,,-75.0823974609375,-20.159912109375,-0.9660128540039062,0.08048380737304688,0.0
,9170,,,,,-67.364501953125,-20.159912109375,-0.9457106323242188,0.051791381835937504,0.0
,9171,,,,,-72.47314453125,-29.00390625,-0.9669450988769531,-0.046301495361328125,0.0
,9172,,,,,-64.910888671875,-29.00390625,-0.9536865051269532,-0.11218013305664062,0.0
,9173,,,,,-70.0836181640625,-37.9669189453125,-0.9589692260742188,-0.18385940551757812,0.0
,9174,,,,,-60.1226806640625,-37.9669189453125,-0.9478858703613282,-0.236168701171875,0.0
,9175,,,,,-62.896728515625,-42.7642822265625,-0.9403243286132813,-0.3227638916015625,0.0
,9176,,,,,-57.0098876953125,-42.7642822265625,-0.9086280029296875,-0.36626865234375,0.0
,9177,,,,,-60.2874755859375,-48.4222412109375,-0.8740313598632813,-0.42738248291015624,0.0
,9178,,,,,-51.6448974609375,-48.4222412109375,-0.8637766662597657,-0.4696442504882813,0.0
,9179,,,,,-52.2125244140625,-49.4110107421875,-0.8388132202148437,-0.522885791015625,0.0
,9180,,,,,-41.5191650390625,-52.130126953125,-0.8273155334472656,-0.5350049743652344,0.0
,9181,,,,,-43.450927734375,-55.4718017578125,-0.8032843322753906,-0.5727091003417969,0.0
,9182,,,,,-29.77294921875,-59.6649169921875,-0.7820498657226562,-0.5993298706054687,0.0
,9183,,,,,-32.3455810546875,-64.1143798828125,-0.7316050598144531,-0.6295760375976562,0.0
,9184,,,,,-21.78955078125,-67.254638671875,-0.686960888671875,-0.6559896423339844,0.0
,9185,,,,,-23.40087890625,-70.037841796875,-0.6347551757812501,-0.6958690063476562,0.0
,9186,,,,,-12.5244140625,-72.5372314453125,-0.5655618896484376,-0.7211432006835937,0.0
,9187,,,,,-13.58642578125,-74.3682861328125,-0.5094200317382813,-0.7592616577148438,0.0
,9188,,,,,-5.438232421875,-75.567626953125,-0.4190958618164063,-0.7843286865234376,0.0
,9189,,,,,-5.950927734375,-76.46484375,-0.3528028930664063,-0.8133318603515626,0.0
,9190,,,,,1.8402099609375,-77.0416259765625,-0.3178955017089844,-0.8726847839355469,0.0
,9191,,,,,1.7120361328125,-77.2430419921875,-0.22487817993164064,-0.8779675048828125,0.0
,9192,,,,,5.767822265625,-76.849365234375,-0.11735927124023438,-0.8628444213867188,0.0
,9193,,,,,6.2255859375,-76.0528564453125,-0.0642213134765625,-0.8773460083007812,0.0
,9194,,,,,13.3758544921875,-74.4781494140625,-0.00393614501953125,-0.8919511779785156,0.0
,9195,,,,,14.3829345703125,-72.7294921875,0.02465269775390625,-0.908213671875,0.0
,9196,,,,,18.0908203125,-70.78857421875,0.07841215209960938,-0.9043811096191406,0.0
,9197,,,,,22.8973388671875,-69.0673828125,0.08856326293945313,-0.9150501342773438,0.0
,9198,,,,,28.30810546875,-66.90673828125,0.14853768310546875,-0.9025166198730469,0.0
,9199,,,,,34.24072265625,-64.2242431640625,0.17557278442382812,-0.8861505432128907,0.0
,9200,,,,,39.7979736328125,-61.8988037109375,0.23502929077148438,-0.8590118591308594,0.0
,9201,,,,,44.036865234375,-60.0677490234375,0.2681757751464844,-0.8451317687988281,0.0
,9202,,,,,49.658203125,-55.04150390625,0.3347794921875,-0.8105351257324219,0.0
,9203,,,,,51.6357421875,-55.04150390625,0.37724842529296876,-0.7844322692871094,0.0
,9204,,,,,57.71484375,-47.9736328125,0.4717159057617188,-0.7482818847656251,0.0
,9205,,,,,59.1156005859375,-47.9736328125,0.522885791015625,-0.7190715454101563,0.0
,9206,,,,,63.4368896484375,-41.5283203125,0.592493408203125,-0.6861322265625001,0.0
,9207,,,,,63.6566162109375,-41.5283203125,0.6523642456054688,-0.6485316833496094,0.0
,9208,,,,,67.8955078125,-34.185791015625,0.7163783935546876,-0.5913539978027343,0.0
,9209,,,,,67.474365234375,-34.185791015625,0.7768707275390625,-0.5397697814941407,0.0
,9210,,,,,69.5892333984375,-29.3243408203125,0.8005911804199219,-0.501340576171875,0.0
,9211,,,,,68.170166015625,-29.3243408203125,0.8333233337402344,-0.4641543640136719,0.0
,9212,,,,,71.8231201171875,-19.51904296875,0.8753779357910156,-0.42044243774414064,0.0
,9213,,,,,69.3878173828125,-19.51904296875,0.8869792053222657,-0.39143926391601563,0.0
,9214,,,,,73.6724853515625,-8.4503173828125,0.9063491821289062,-0.36295400390625,0.0
,9215,,,,,70.9991455078125,-8.4503173828125,0.9334878662109375,-0.32763228149414064,0.0
,9216,,,,,75.384521484375,5.0445556640625,0.9037596130371094,-0.30505123901367187,0.0
,9217,,,,,71.9696044921875,5.0445556640625,0.9308982971191406,-0.26061423339843753,0.0
,9218,,,,,74.8992919921875,15.802001953125,0.9096638305664063,-0.19670366821289062,0.0
,9219,,,,,67.1539306640625,15.802001953125,0.9464357116699219,-0.1006824462890625,0.0
,9220,,,,,73.5076904296875,26.7974853515625,0.9235439208984375,-0.0451620849609375,0.0
,9221,,,,,66.302490234375,26.7974853515625,0.9407386596679688,0.010876190185546876,0.0
,9222,,,,,70.8892822265625,34.735107421875,0.9129784790039063,0.0795515625,0.0
,9223,,,,,62.530517578125,34.735107421875,0.9244761657714844,0.16428226318359376,0.0
,9224,,,,,66.9525146484375,42.4072265625,0.9026202026367188,0.23306121826171874,0.0
,9225,,,,,59.197998046875,42.4072265625,0.8973374816894532,0.28609559326171874,0.0
,9226,,,,,61.3494873046875,46.124267578125,0.8788997497558594,0.3567390380859375,0.0
,9227,,,,,54.9224853515625,46.124267578125,0.8776567565917969,0.42572515869140626,0.0
,9228,,,,,58.355712890625,52.0660400390625,0.85683662109375,0.48663182373046876,0.0
,9229,,,,,48.2574462890625,52.0660400390625,0.8305265991210937,0.5259932739257812,0.0
,9230,,,,,12.8265380859375,53.7506103515625,0.8249331298828125,0.5732270141601563,0.0
,9231,,,,,21.35009765625,57.1746826171875,0.7608153991699219,0.5631794860839844,0.0
,9232,,,,,23.73046875,61.3037109375,0.7689984375000001,0.6210822509765626,0.0
,9233,,,,,28.2440185546875,64.837646484375,0.7175178039550781,0.6184926818847657,0.0
,9234,,,,,29.736328125,67.41943359375,0.69110419921875,0.6684195739746094,0.0
,9235,,,,,18.49365234375,70.3582763671875,0.5885572631835938,0.6578541320800781,0.0
,9236,,,,,20.1141357421875,73.1689453125,0.5573788513183594,0.696904833984375,0.0
,9237,,,,,11.09619140625,75.1007080078125,0.46695109863281253,0.735023291015625,0.0
,9238,,,,,11.7919921875,76.318359375,0.4303863830566406,0.8028700012207032,0.0
,9239,,,,,2.581787109375,76.885986328125,0.3602608520507813,0.8202719055175781,0.0
,9240,,,,,2.8472900390625,77.34375,0.30805513916015625,0.8599441040039063,0.0
,9241,,,,,-1.2542724609375,77.30712890625,0.18872779541015625,0.8687486389160156,0.0
,9242,,,,,-1.4556884765625,76.959228515625,0.13082503051757813,0.8954729919433594,0.0
,9243,,,,,-6.84814453125,75.8697509765625,0.08669877319335938,0.9357666870117188,0.0
,9244,,,,,-7.8460693359375,74.139404296875,0.0430904296875,0.9539972534179688,0.0
,9245,,,,,-14.7491455078125,72.0062255859375,-0.009011700439453126,0.9446748046875,0.0
,9246,,,,,-16.00341796875,69.83642578125,-0.04858031616210938,0.9469536254882813,0.0
,9247,,,,,-20.8465576171875,67.1356201171875,-0.09115283203125,0.9343165283203125,0.0
,9248,,,,,-26.18408203125,64.78271484375,-0.13703999633789063,0.9195041931152345,0.0
,9249,,,,,-32.574462890625,61.9903564453125,-0.19887890625000001,0.8964052368164063,0.0
,9250,,,,,-38.3056640625,59.381103515625,-0.24414457397460937,0.8646053283691406,0.0
,9251,,,,,-42.7642822265625,57.366943359375,-0.29552162475585936,0.8515539001464844,0.0
,9252,,,,,-46.7559814453125,55.5816650390625,-0.36689014892578126,0.7895078247070313,0.0
,9253,,,,,-52.84423828125,49.9603271484375,-0.41547046508789065,0.7607118164062501,0.0
,9254,,,,,-54.6478271484375,49.9603271484375,-0.4594931396484375,0.7382343566894531,0.0
,9255,,,,,-59.2529296875,44.0826416015625,-0.5447417541503906,0.6858214782714844,0.0
,9256,,,,,-60.076904296875,44.0826416015625,-0.6009871948242188,0.6598222045898438,0.0
,9257,,,,,-65.020751953125,35.99853515625,-0.6565075561523438,0.6135207092285156,0.0
,9258,,,,,-64.78271484375,35.99853515625,-0.7188643798828125,0.5563430236816407,0.0
,9259,,,,,-66.6961669921875,31.3018798828125,-0.7585365783691407,0.5223678771972656,0.0
,9260,,,,,-66.0919189453125,31.3018798828125,-0.7843286865234376,0.5036193969726562,0.0
,9261,,,,,-69.2230224609375,23.9044189453125,-0.8208934020996094,0.44323064575195315,0.0
,9262,,,,,-67.0806884765625,23.9044189453125,-0.851035986328125,0.4087375854492188,0.0
,9263,,,,,-71.0540771484375,13.2568359375,-0.887497119140625,0.3701012145996094,0.0
,9264,,,,,-83.7890625,-13.2843017578125,-0.8963016540527344,0.3582927795410156,0.0
,9265,,,,,-74.5880126953125,-2.45361328125,-0.9070742614746095,0.31323427734375003,0.0
,9266,,,,,-71.3836669921875,-2.45361328125,-0.904070361328125,0.28733858642578125,0.0
,9267,,,,,-73.5992431640625,-11.114501953125,-0.9283087280273438,0.19691083374023438,0.0
,9268,,,,,-66.6046142578125,-11.114501953125,-0.9212651000976563,0.18261641235351564,0.0
,9269,,,,,-72.8302001953125,-21.9085693359375,-0.9351451904296876,0.09892153930664063,0.0
,9270,,,,,-66.5771484375,-21.9085693359375,-0.910699658203125,0.0708506103515625,0.0
,9271,,,,,-71.44775390625,-30.340576171875,-0.9167074584960938,-0.02548135986328125,0.0
,9272,,,,,-63.6474609375,-30.340576171875,-0.9104924926757813,-0.09249940795898438,0.0
,9273,,,,,-69.012451171875,-39.642333984375,-0.9105960754394532,-0.15692788696289062,0.0
,9274,,,,,-61.23046875,-39.642333984375,-0.8890508605957032,-0.20571536865234374,0.0
,9275,,,,,-63.1256103515625,-42.919921875,-0.8726847839355469,-0.30991962890625,0.0
,9276,,,,,-57.5592041015625,-42.919921875,-0.8320803405761719,-0.36409341430664066,0.0
,9277,,,,,-60.6536865234375,-48.2666015625,-0.8053559875488282,-0.43204370727539065,0.0
,9278,,,,,-53.21044921875,-48.2666015625,-0.8105351257324219,-0.45856089477539064,0.0
,9279,,,,,-53.5858154296875,-48.907470703125,-0.8014198425292969,-0.5200890563964844,0.0
,9280,,,,,-41.7205810546875,-52.130126953125,-0.7812212036132813,-0.5321046569824219,0.0
,9281,,,,,-43.9361572265625,-55.95703125,-0.7591580749511719,-0.5602791687011719,0.0
,9282,,,,,-31.45751953125,-59.6649169921875,-0.7257008422851563,-0.5738485107421876,0.0
,9283,,,,,-33.5540771484375,-63.299560546875,-0.6900683715820313,-0.6224288269042969,0.0
,9284,,,,,-22.833251953125,-66.595458984375,-0.6396235656738282,-0.658786376953125,0.0
,9285,,,,,-24.6551513671875,-69.744873046875,-0.5881429321289062,-0.6883074645996093,0.0
,9286,,,,,-15.7379150390625,-72.381591796875,-0.5283756774902344,-0.6907934509277344,0.0
,9287,,,,,-16.6900634765625,-74.0386962890625,-0.4728553161621094,-0.7390630187988282,0.0
,9288,,,,,-7.6812744140625,-75.3753662109375,-0.3950646606445313,-0.7610225646972657,0.0
,9289,,,,,-8.3038330078125,-76.446533203125,-0.29966493530273436,-0.7768707275390625,0.0
,9290,,,,,-1.812744140625,-76.6754150390625,-0.2506702880859375,-0.8475141723632813,0.0
,9291,,,,,-1.46484375,-76.0711669921875,-0.1728796325683594,-0.8662626525878907,0.0
,9292,,,,,3.84521484375,-75.0457763671875,-0.11052280883789063,-0.8890508605957032,0.0
,9293,,,,,4.412841796875,-74.0570068359375,-0.05821351318359375,-0.8986840576171875,0.0
,9294,,,,,11.0595703125,-72.39990234375,0.01015111083984375,-0.8989948059082031,0.0
,9295,,,,,12.1307373046875,-70.5413818359375,0.023927618408203125,-0.9260299072265625,0.0
,9296,,,,,15.435791015625,-68.6187744140625,0.06815745849609375,-0.9200221069335938,0.0
,9297,,,,,21.6339111328125,-66.1285400390625,0.08390203857421875,-0.918986279296875,0.0
,9298,,,,,27.64892578125,-64.031982421875,0.14532661743164063,-0.8915368469238282,0.0
,9299,,,,,32.7850341796875,-62.8509521484375,0.14563736572265626,-0.8809714050292969,0.0
,9300,,,,,38.470458984375,-60.845947265625,0.21959545898437502,-0.8498965759277344,0.0
,9301,,,,,43.4326171875,-58.3648681640625,0.25346702270507815,-0.8203754882812501,0.0
,9302,,,,,50.079345703125,-52.6153564453125,0.32587137451171877,-0.7948941284179688,0.0
,9303,,,,,52.8167724609375,-52.6153564453125,0.3529064758300781,-0.7825677795410156,0.0
,9304,,,,,58.0078125,-46.636962890625,0.4088411682128906,-0.7697235168457032,0.0
,9305,,,,,59.2437744140625,-46.636962890625,0.4682976745605469,-0.7378200256347657,0.0
,9306,,,,,64.7552490234375,-39.1387939453125,0.5474349060058594,-0.6835426574707032,0.0
,9307,,,,,65.1123046875,-39.1387939453125,0.6010907775878906,-0.632269189453125,0.0
,9308,,,,,68.994140625,-31.7596435546875,0.6762918640136719,-0.5823422973632812,0.0
,9309,,,,,68.2342529296875,-31.7596435546875,0.7153425659179687,-0.5602791687011719,0.0
,9310,,,,,70.6695556640625,-25.7537841796875,0.7662017028808594,-0.5203998046875,0.0
,9311,,,,,69.122314453125,-25.7537841796875,0.8001768493652344,-0.4956435241699219,0.0
,9312,,,,,71.7681884765625,-18.0267333984375,0.8466855102539063,-0.4366013488769531,0.0
,9313,,,,,69.3878173828125,-18.0267333984375,0.877553173828125,-0.3920607604980469,0.0
,9314,,,,,73.7548828125,-5.2276611328125,0.8900866882324219,-0.37445169067382816,0.0
,9315,,,,,70.49560546875,-5.2276611328125,0.8938156677246094,-0.35021332397460936,0.0
,9316,,,,,74.4232177734375,5.9783935546875,0.9151537170410157,-0.2869242553710938,0.0
,9317,,,,,67.950439453125,5.9783935546875,0.9267549865722656,-0.2287107421875,0.0
,9318,,,,,75.128173828125,18.4112548828125,0.9048990234375001,-0.1702900634765625,0.0
,9319,,,,,69.32373046875,18.4112548828125,0.9253048278808594,-0.08928834228515625,0.0
,9320,,,,,74.3865966796875,27.1820068359375,0.9013772094726563,-0.02216671142578125,0.0
,9321,,,,,66.8243408203125,27.1820068359375,0.9190898620605469,0.04961614379882812,0.0
,9322,,,,,71.88720703125,35.943603515625,0.9045882751464844,0.11870584716796875,0.0
,9323,,,,,64.5263671875,35.943603515625,0.9070742614746095,0.19504634399414064,0.0
,9324,,,,,66.83349609375,39.9444580078125,0.8683343078613281,0.2548135986328125,0.0
,9325,,,,,60.8184814453125,39.9444580078125,0.8678163940429687,0.33498665771484376,0.0
,9326,,,,,63.8946533203125,45.281982421875,0.8589082763671875,0.41122357177734375,0.0
,9327,,,,,57.952880859375,45.281982421875,0.85683662109375,0.47420189208984376,0.0
,9328,,,,,60.3240966796875,49.383544921875,0.8509324035644531,0.5208141357421875,0.0
,9329,,,,,48.8067626953125,49.383544921875,0.8287656921386719,0.5410127746582032,0.0
,9330,,,,,10.1348876953125,52.7252197265625,0.8138497741699219,0.574262841796875,0.0
,9331,,,,,27.6580810546875,56.8450927734375,0.741652587890625,0.5551000305175782,0.0
,9332,,,,,29.736328125,60.4522705078125,0.740927508544922,0.6242933166503907,0.0
,9333,,,,,29.425048828125,63.6932373046875,0.6802280090332031,0.6378626586914062,0.0
,9334,,,,,31.146240234375,66.668701171875,0.6628261047363282,0.6901719543457031,0.0
,9335,,,,,19.9676513671875,69.3695068359375,0.5719840209960938,0.665415673828125,0.0
,9336,,,,,21.368408203125,71.795654296875,0.5470205749511718,0.7323301391601563,0.0
,9337,,,,,12.6983642578125,73.13232421875,0.46291137084960937,0.7793567138671875,0.0
,9338,,,,,13.1378173828125,73.8922119140625,0.4283147277832031,0.8400562133789062,0.0
,9339,,,,,3.5888671875,74.70703125,0.38128815307617187,0.8689558044433594,0.0
,9340,,,,,3.80859375,75.091552734375,0.33001468505859377,0.9109068237304688,0.0
,9341,,,,,-1.226806640625,74.5880126953125,0.22632833862304688,0.9115283203125,0.0
,9342,,,,,-1.336669921875,74.395751953125,0.17256888427734376,0.9310018798828126,0.0
,9343,,,,,-8.9080810546875,73.7548828125,0.12419573364257813,0.9481966186523437,0.0
,9344,,,,,-9.4024658203125,72.8851318359375,0.07727274169921876,0.9576226501464844,0.0
,9345,,,,,-15.087890625,71.22802734375,0.029106756591796876,0.9629053710937501,0.0
,9346,,,,,-16.11328125,69.4427490234375,-0.004868389892578125,0.967980926513672,0.0
,9347,,,,,-22.1099853515625,67.291259765625,-0.07613333129882813,0.930691131591797,0.0
,9348,,,,,-28.30810546875,65.130615234375,-0.1155983642578125,0.9204364379882812,0.0
,9349,,,,,-33.7738037109375,62.860107421875,-0.1476054382324219,0.9075921752929688,0.0
,9350,,,,,-39.111328125,60.223388671875,-0.20354013061523438,0.8783818359375001,0.0
,9351,,,,,-46.5179443359375,54.0252685546875,-0.23451137695312502,0.8611870971679688,0.0
,9352,,,,,-49.658203125,54.0252685546875,-0.3003900146484375,0.8149891845703126,0.0
,9353,,,,,-55.096435546875,48.687744140625,-0.37186212158203125,0.7835000244140625,0.0
,9354,,,,,-56.9091796875,48.687744140625,-0.4347368591308594,0.7489033813476563,0.0
,9355,,,,,-62.6220703125,41.363525390625,-0.49626502075195317,0.7114064208984375,0.0
,9356,,,,,-63.8397216796875,41.363525390625,-0.5487814819335938,0.6831283264160156,0.0
,9357,,,,,-68.5821533203125,34.1217041015625,-0.6142457885742187,0.6257434753417969,0.0
,9358,,,,,-68.280029296875,34.1217041015625,-0.6789850158691406,0.57011953125,0.0
,9359,,,,,-71.246337890625,28.9947509765625,-0.7355412048339844,0.5044480590820313,0.0
,9360,,,,,-70.440673828125,28.9947509765625,-0.7530466918945313,0.48456016845703126,0.0
,9361,,,,,-72.4273681640625,23.14453125,-0.8086706359863282,0.44022674560546876,0.0
,9362,,,,,-70.5596923828125,23.14453125,-0.8423350341796876,0.43711926269531254,0.0
,9363,,,,,-74.81689453125,11.865234375,-0.8716489562988281,0.391957177734375,0.0
,9364,,,,,-85.3729248046875,-11.8927001953125,-0.8818000671386719,0.3676152282714844,0.0
,9365,,,,,-77.1697998046875,-3.057861328125,-0.9194006103515625,0.29966493530273436,0.0
,9366,,,,,-73.974609375,-3.057861328125,-0.930691131591797,0.25678167114257816,0.0
,9367,,,,,-76.2542724609375,-12.2406005859375,-0.9543080017089844,0.17754085693359375,0.0
,9368,,,,,-69.3511962890625,-12.2406005859375,-0.9352487731933594,0.15516697998046874,0.0
,9369,,,,,-75.2197265625,-22.412109375,-0.9536865051269532,0.05365587158203125,0.0
,9370,,,,,-70.1019287109375,-22.412109375,-0.9326592041015626,0.012119183349609375,0.0
,9371,,,,,-74.6337890625,-30.2581787109375,-0.9132892272949219,-0.0696076171875,0.0
,9372,,,,,-67.3736572265625,-30.2581787109375,-0.8909153503417969,-0.1073117431640625,0.0
,9373,,,,,-72.10693359375,-38.4521484375,-0.9093530822753907,-0.18303074340820313,0.0
,9374,,,,,-64.764404296875,-38.4521484375,-0.8793140808105468,-0.24497323608398439,0.0
,9375,,,,,-66.4947509765625,-41.4459228515625,-0.8913296813964844,-0.35124915161132814,0.0
,9376,,,,,-59.9761962890625,-41.4459228515625,-0.8754815185546875,-0.3923715087890625,0.0
,9377,,,,,-63.5833740234375,-47.698974609375,-0.8639838317871094,-0.4645686950683594,0.0
,9378,,,,,-54.9407958984375,-47.698974609375,-0.8478249206542969,-0.4985438415527344,0.0
,9379,,,,,-55.3619384765625,-48.4222412109375,-0.8534183898925781,-0.5644224792480469,0.0
,9380,,,,,-44.4854736328125,-51.89208984375,-0.8334269165039063,-0.5823422973632812,0.0
,9381,,,,,-46.527099609375,-55.426025390625,-0.8146784362792969,-0.6292652893066406,0.0
,9382,,,,,-32.391357421875,-59.80224609375,-0.7798746276855469,-0.6472886901855469,0.0
,9383,,,,,-34.53369140625,-63.5101318359375,-0.7206252868652344,-0.6651049255371094,0.0
,9384,,,,,-24.3896484375,-66.24755859375,-0.6965940856933593,-0.703637713623047,0.0
,9385,,,,,-25.8544921875,-68.7744140625,-0.628954541015625,-0.7356447875976563,0.0
,9386,,,,,-15.179443359375,-71.2188720703125,-0.5807885559082031,-0.7682733581542969,0.0
,9387,,,,,-16.36962890625,-73.27880859375,-0.5233001220703125,-0.8016270080566407,0.0
,9388,,,,,-7.4432373046875,-74.1668701171875,-0.4414697387695313,-0.8214113159179688,0.0
,9389,,,,,-8.02001953125,-75.164794921875,-0.3745552734375,-0.842024285888672,0.0
,9390,,,,,1.995849609375,-75.933837890625,-0.3046369079589844,-0.8561115417480469,0.0
,9391,,,,,1.8402099609375,-76.20849609375,-0.2432123291015625,-0.8824215637207031,0.0
,9392,,,,,6.353759765625,-75.7598876953125,-0.15734221801757814,-0.9084208374023438,0.0
,9393,,,,,6.866455078125,-74.871826171875,-0.09063491821289063,-0.9238546691894531,0.0
,9394,,,,,14.3829345703125,-73.3795166015625,-0.0111869384765625,-0.9168110412597656,0.0
,9395,,,,,15.3350830078125,-71.74072265625,0.0136729248046875,-0.9432246459960938,0.0
,9396,,,,,17.724609375,-69.818115234375,0.0816232177734375,-0.9353523559570313,0.0
,9397,,,,,22.8057861328125,-67.6300048828125,0.07385451049804688,-0.9688095886230469,0.0
,9398,,,,,28.326416015625,-65.0665283203125,0.11031564331054688,-0.9582441467285157,0.0
,9399,,,,,34.9273681640625,-62.3291015625,0.1454302001953125,-0.9441568908691407,0.0
,9400,,,,,41.2078857421875,-59.527587890625,0.19369976806640626,-0.9232331726074219,0.0
,9401,,,,,46.0418701171875,-57.0648193359375,0.23067881469726564,-0.8965088195800781,0.0
,9402,,,,,52.6519775390625,-51.0955810546875,0.30722647705078127,-0.8582867797851563,0.0
,9403,,,,,55.6549072265625,-51.0955810546875,0.33881921997070313,-0.8224471435546875,0.0
,9404,,,,,61.2762451171875,-45.37353515625,0.4036620300292969,-0.7889899108886719,0.0
,9405,,,,,62.3748779296875,-45.37353515625,0.4694370849609375,-0.7425848327636719,0.0
,9406,,,,,67.4468994140625,-37.774658203125,0.5467098266601562,-0.6958690063476562,0.0
,9407,,,,,67.6300048828125,-37.774658203125,0.6166281921386719,-0.6177676025390625,0.0
,9408,,,,,71.1090087890625,-32.025146484375,0.6713198913574219,-0.5771631591796875,0.0
,9409,,,,,70.367431640625,-32.025146484375,0.7495248779296875,-0.5283756774902344,0.0
,9410,,,,,71.795654296875,-27.6031494140625,0.7951012939453125,-0.5041373107910156,0.0
,9411,,,,,70.01953125,-27.6031494140625,0.8426457824707031,-0.45058502197265626,0.0
,9412,,,,,73.4619140625,-17.156982421875,0.8850111328125,-0.42924697265625,0.0
,9413,,,,,70.6878662109375,-17.156982421875,0.9108032409667969,-0.38978193969726566,0.0
,9414,,,,,74.6795654296875,-5.987548828125,0.9054169372558594,-0.3465879272460938,0.0
,9415,,,,,71.59423828125,-5.987548828125,0.9257191589355469,-0.3003900146484375,0.0
,9416,,,,,75.5218505859375,6.7108154296875,0.9016879577636719,-0.2789483825683594,0.0
,9417,,,,,72.36328125,6.7108154296875,0.9266514038085938,-0.21773096923828125,0.0
,9418,,,,,75.5126953125,16.0400390625,0.9197113586425781,-0.14636244506835938,0.0
,9419,,,,,70.2392578125,16.0400390625,0.9359738525390625,-0.06473922729492188,0.0
,9420,,,,,75.3387451171875,24.8748779296875,0.9383562561035157,0.002589569091796875,0.0
,9421,,,,,67.8131103515625,24.8748779296875,0.945503466796875,0.07240435180664062,0.0
,9422,,,,,72.308349609375,32.6568603515625,0.9317269592285157,0.14936634521484377,0.0
,9423,,,,,64.727783203125,32.6568603515625,0.9459177978515625,0.23637586669921876,0.0
,9424,,,,,67.8497314453125,38.0584716796875,0.9187791137695313,0.2855776794433594,0.0
,9425,,,,,60.4888916015625,38.0584716796875,0.9215758483886719,0.35435663452148436,0.0
,9426,,,,,63.2537841796875,42.8558349609375,0.9230260070800782,0.4334938659667969,0.0
,9427,,,,,56.57958984375,42.8558349609375,0.9093530822753907,0.48052044067382815,0.0
,9428,,,,,59.307861328125,47.5799560546875,0.9171217895507813,0.549402978515625,0.0
,9429,,,,,46.4447021484375,47.5799560546875,0.879210498046875,0.57177685546875,0.0
,9430,,,,,10.2996826171875,50.72021484375,0.8683343078613281,0.6118633850097657,0.0
,9431,,,,,25.2044677734375,54.16259765625,0.8116745361328125,0.5914575805664063,0.0
,9432,,,,,27.3468017578125,57.8704833984375,0.7866075073242188,0.6299903686523438,0.0
,9433,,,,,27.099609375,61.7340087890625,0.7173106384277343,0.6374483276367188,0.0
,9434,,,,,29.022216796875,65.07568359375,0.6956618408203126,0.6900683715820313,0.0
,9435,,,,,18.8232421875,67.913818359375,0.6084451538085938,0.6752560363769532,0.0
,9436,,,,,20.306396484375,70.477294921875,0.5923898254394532,0.7055022033691406,0.0
,9437,,,,,9.576416015625,72.2625732421875,0.491396630859375,0.7371985290527344,0.0
,9438,,,,,10.418701171875,73.71826171875,0.45887164306640627,0.8077383911132813,0.0
,9439,,,,,1.959228515625,74.3408203125,0.4007617126464844,0.8438887756347656,0.0
,9440,,,,,2.1331787109375,74.652099609375,0.34078729248046874,0.8771388427734376,0.0
,9441,,,,,-5.3466796875,74.688720703125,0.2620643920898438,0.8987876403808595,0.0
,9442,,,,,-5.767822265625,73.9654541015625,0.20985867919921875,0.922300927734375,0.0
,9443,,,,,-11.5264892578125,72.821044921875,0.14480870361328124,0.9360774353027344,0.0
,9444,,,,,-12.451171875,71.209716796875,0.087009521484375,0.9522363464355469,0.0
,9445,,,,,-17.6055908203125,69.0765380859375,0.029003173828125,0.9410494079589844,0.0
,9446,,,,,-18.4295654296875,67.63916015625,-0.0023824035644531253,0.9375275939941407,0.0
,9447,,,,,-23.3917236328125,65.80810546875,-0.0807945556640625,0.9072814270019531,0.0
,9448,,,,,-29.3701171875,63.2720947265625,-0.11653060913085937,0.8924690917968751,0.0
,9449,,,,,-35.4949951171875,60.7086181640625,-0.14770902099609376,0.8662626525878907,0.0
,9450,,,,,-40.2557373046875,58.7677001953125,-0.19908607177734375,0.8447174377441407,0.0
,9451,,,,,-46.8475341796875,53.4576416015625,-0.25346702270507815,0.8149891845703126,0.0
,9452,,,,,-50.244140625,53.4576416015625,-0.3191384948730469,0.776456396484375,0.0
,9453,,,,,-55.8929443359375,48.6602783203125,-0.3684438903808594,0.75076787109375,0.0
,9454,,,,,-57.6324462890625,48.6602783203125,-0.44333422851562504,0.7011517272949219,0.0
,9455,,,,,-62.36572265625,43.304443359375,-0.5252681945800781,0.6453206176757813,0.0
,9456,,,,,-63.3453369140625,43.304443359375,-0.59166474609375,0.5997442016601563,0.0
,9457,,,,,-68.2891845703125,35.55908203125,-0.6368268310546875,0.57840615234375,0.0
,9458,,,,,-68.2708740234375,35.55908203125,-0.6671765808105469,0.5613149963378906,0.0
,9459,,,,,-69.9371337890625,32.3089599609375,-0.7186572143554688,0.5086949523925781,0.0
,9460,,,,,-69.195556640625,32.3089599609375,-0.7750062377929687,0.457421484375,0.0
,9461,,,,,-72.2259521484375,24.6002197265625,-0.8315624267578126,0.41246656494140627,0.0
,9462,,,,,-70.01953125,24.6002197265625,-0.8617050109863281,0.4023154541015625,0.0
,9463,,,,,-73.956298828125,13.9434814453125,-0.9083172546386719,0.3437911926269531,0.0
,9464,,,,,-87.3321533203125,-13.970947265625,-0.9112175720214845,0.34493060302734374,0.0
,9465,,,,,-78.4149169921875,-3.40576171875,-0.93307353515625,0.28412752075195313,0.0
,9466,,,,,-74.9359130859375,-3.40576171875,-0.9279979797363281,0.25502076416015623,0.0
,9467,,,,,-75.640869140625,-9.7320556640625,-0.9441568908691407,0.17184380493164064,0.0
,9468,,,,,-70.0836181640625,-9.7320556640625,-0.9351451904296876,0.139215234375,0.0
,9469,,,,,-75.7781982421875,-19.5831298828125,-0.9491288635253906,0.047958819580078124,0.0
,9470,,,,,-68.0694580078125,-19.5831298828125,-0.9450891357421876,0.005904217529296875,0.0
,9471,,,,,-72.821044921875,-27.813720703125,-0.9667379333496094,-0.0890811767578125,0.0
,9472,,,,,-65.4052734375,-27.813720703125,-0.9360774353027344,-0.13807582397460938,0.0
,9473,,,,,-69.873046875,-35.55908203125,-0.955550994873047,-0.19670366821289062,0.0
,9474,,,,,-60.589599609375,-35.55908203125,-0.9237510864257813,-0.24549114990234375,0.0
,9475,,,,,-62.896728515625,-39.5416259765625,-0.9258227416992187,-0.3610895141601563,0.0
,9476,,,,,-57.75146484375,-39.5416259765625,-0.9076957580566406,-0.4115343200683594,0.0
,9477,,,,,-61.083984375,-45.3094482421875,-0.8659519042968751,-0.4498599426269531,0.0
,9478,,,,,-52.1026611328125,-45.3094482421875,-0.8396418823242188,-0.4746162231445313,0.0
,9479,,,,,-54.766845703125,-49.91455078125,-0.8217220642089844,-0.5157385803222656,0.0
,9480,,,,,-42.4072265625,-49.91455078125,-0.8152999328613282,-0.5537534545898438,0.0
,9481,,,,,-44.6502685546875,-53.814697265625,-0.7836036071777344,-0.5804778076171875,0.0
,9482,,,,,-25.7171630859375,-58.0718994140625,-0.7792531311035157,-0.6145565368652344,0.0
,9483,,,,,-28.0517578125,-62.127685546875,-0.7493177124023438,-0.6398307312011718,0.0
,9484,,,,,-21.8902587890625,-65.58837890625,-0.7239399353027344,-0.6832319091796876,0.0
,9485,,,,,-23.73046875,-68.7744140625,-0.6573362182617187,-0.7086096862792969,0.0
,9486,,,,,-12.322998046875,-71.1822509765625,-0.5846211181640625,-0.7279796630859375,0.0
,9487,,,,,-13.5040283203125,-73.223876953125,-0.5315867431640625,-0.7589509094238281,0.0
,9488,,,,,-4.5867919921875,-74.3316650390625,-0.4656045227050781,-0.7879540832519532,0.0
,9489,,,,,-4.9072265625,-74.89013671875,-0.3757982666015625,-0.7928224731445312,0.0
,9490,,,,,4.486083984375,-75.3204345703125,-0.31416652221679686,-0.8221363952636719,0.0
,9491,,,,,4.449462890625,-75.3936767578125,-0.23813677368164063,-0.8387096374511719,0.0
,9492,,,,,8.60595703125,-75.0457763671875,-0.18448090209960938,-0.8675056457519531,0.0
,9493,,,,,8.9996337890625,-74.3682861328125,-0.10099319458007813,-0.8716489562988281,0.0
,9494,,,,,15.6646728515625,-73.27880859375,-0.031281994628906254,-0.8867720397949219,0.0
,9495,,,,,16.424560546875,-71.96044921875,-0.000725079345703125,-0.9112175720214845,0.0
,9496,,,,,19.024658203125,-69.9920654296875,0.07975872802734375,-0.8934013366699219,0.0
,9497,,,,,24.0234375,-67.913818359375,0.09084208374023438,-0.9068670959472657,0.0
,9498,,,,,30.0933837890625,-64.7735595703125,0.1351755065917969,-0.8939192504882812,0.0
,9499,,,,,36.0443115234375,-61.9903564453125,0.1578601318359375,-0.8918475952148438,0.0
,9500,,,,,40.869140625,-59.7381591796875,0.2358579528808594,-0.8655375732421875,0.0
,9501,,,,,45.556640625,-57.952880859375,0.26682919921875003,-0.8293871887207032,0.0
,9502,,,,,51.89208984375,-52.166748046875,0.3278394470214844,-0.7865039245605469,0.0
,9503,,,,,54.5928955078125,-52.166748046875,0.35570321044921877,-0.768169775390625,0.0
,9504,,,,,60.003662109375,-46.8841552734375,0.40221187133789066,-0.7497320434570313,0.0
,9505,,,,,61.2030029296875,-46.8841552734375,0.4695406677246094,-0.6875823852539062,0.0
,9506,,,,,66.1376953125,-40.6951904296875,0.5539606201171875,-0.6417988037109376,0.0
,9507,,,,,66.778564453125,-40.6951904296875,0.6175604370117188,-0.6023337707519532,0.0
,9508,,,,,69.0673828125,-36.6668701171875,0.6716306396484375,-0.5699123657226562,0.0
,9509,,,,,68.5272216796875,-36.6668701171875,0.7354376220703125,-0.5081770385742188,0.0
,9510,,,,,71.136474609375,-30.2764892578125,0.793029638671875,-0.4788631164550781,0.0
,9511,,,,,68.8751220703125,-30.2764892578125,0.846167596435547,-0.44861694946289066,0.0
,9512,,,,,72.0794677734375,-20.2606201171875,0.8679199768066407,-0.4094626647949219,0.0
,9513,,,,,69.61669921875,-20.2606201171875,0.9058312683105469,-0.378698583984375,0.0
,9514,,,,,74.3682861328125,-8.1207275390625,0.9092494995117187,-0.34524135131835937,0.0
,9515,,,,,71.1456298828125,-8.1207275390625,0.9331771179199219,-0.30971246337890623,0.0
,9516,,,,,74.7161865234375,3.607177734375,0.9188826965332032,-0.269315185546875,0.0
,9517,,,,,71.9329833984375,3.607177734375,0.9316233764648438,-0.20084697875976562,0.0
,9518,,,,,75.0823974609375,13.604736328125,0.922404510498047,-0.14946992797851563,0.0
,9519,,,,,68.609619140625,13.604736328125,0.9384598388671875,-0.0828662109375,0.0
,9520,,,,,74.4781494140625,23.76708984375,0.93638818359375,-0.009218865966796875,0.0
,9521,,,,,67.694091796875,23.76708984375,0.9424995666503907,0.04277968139648437,0.0
,9522,,,,,72.47314453125,32.04345703125,0.9343165283203125,0.1081404052734375,0.0
,9523,,,,,63.336181640625,32.04345703125,0.9307947143554688,0.16811482543945314,0.0
,9524,,,,,68.206787109375,40.484619140625,0.9269621520996094,0.24393740844726564,0.0
,9525,,,,,59.5458984375,40.484619140625,0.9186755310058594,0.3056727355957031,0.0
,9526,,,,,61.8621826171875,44.5037841796875,0.9066599304199219,0.38563862915039065,0.0
,9527,,,,,54.8858642578125,44.5037841796875,0.9111139892578125,0.44954919433593754,0.0
,9528,,,,,58.2366943359375,50.299072265625,0.8978553955078126,0.5092128662109375,0.0
,9529,,,,,48.211669921875,50.299072265625,0.8611870971679688,0.5249574462890625,0.0
,9530,,,,,10.7666015625,51.8829345703125,0.8657447387695313,0.574262841796875,0.0
,9531,,,,,27.57568359375,55.426025390625,0.7869182556152344,0.5514746337890625,0.0
,9532,,,,,29.8736572265625,59.4085693359375,0.7807032897949219,0.5968438842773438,0.0
,9533,,,,,26.6143798828125,63.189697265625,0.7238363525390625,0.5989155395507813,0.0
,9534,,,,,28.4088134765625,66.2933349609375,0.709334765625,0.6655192565917969,0.0
,9535,,,,,16.2322998046875,69.287109375,0.6319584411621094,0.6668658325195312,0.0
,9536,,,,,17.7520751953125,71.9146728515625,0.6271936340332032,0.7109920898437501,0.0
,9537,,,,,8.0657958984375,73.8372802734375,0.5243359497070312,0.7376128601074219,0.0
,9538,,,,,8.807373046875,75.1190185546875,0.45648923950195314,0.779771044921875,0.0
,9539,,,,,0.5859375,76.025390625,0.3870887878417969,0.8086706359863282,0.0
,9540,,,,,0.970458984375,76.6845703125,0.3319827575683594,0.8565258728027344,0.0
,9541,,,,,-5.8319091796875,76.611328125,0.22228861083984375,0.8573545349121094,0.0
,9542,,,,,-5.9967041015625,76.336669921875,0.1843773193359375,0.9008592956542969,0.0
,9543,,,,,-10.9222412109375,75.384521484375,0.13237877197265627,0.9273764831542969,0.0
,9544,,,,,-11.517333984375,74.359130859375,0.08193396606445313,0.9345236938476563,0.0
,9545,,,,,-17.724609375,72.6470947265625,-0.00165732421875,0.9286194763183594,0.0
,9546,,,,,-18.8140869140625,70.7611083984375,-0.03760054321289063,0.943846142578125,0.0
,9547,,,,,-23.6572265625,68.8201904296875,-0.0807945556640625,0.9326592041015626,0.0
,9548,,,,,-28.96728515625,66.68701171875,-0.11694494018554688,0.9121498168945312,0.0
,9549,,,,,-35.1470947265625,63.9495849609375,-0.16013895263671876,0.8806606567382813,0.0
,9550,,,,,-40.9515380859375,61.4044189453125,-0.21814530029296875,0.8456496826171875,0.0
,9551,,,,,-47.0306396484375,56.8359375,-0.26372171630859376,0.8349806579589844,0.0
,9552,,,,,-49.969482421875,56.8359375,-0.32421405029296874,0.7796674621582032,0.0
,9553,,,,,-56.1126708984375,51.1871337890625,-0.39154284667968753,0.7394773498535157,0.0
,9554,,,,,-58.0352783203125,51.1871337890625,-0.4717159057617188,0.6861322265625001,0.0
,9555,,,,,-62.1917724609375,45.6390380859375,-0.5495065612792969,0.6599257873535156,0.0
,9556,,,,,-62.95166015625,45.6390380859375,-0.6122777160644531,0.6182855163574219,0.0
,9557,,,,,-67.78564453125,38.214111328125,-0.6861322265625001,0.5697052001953126,0.0
,9558,,,,,-67.41943359375,38.214111328125,-0.7509750366210938,0.51874248046875,0.0
,9559,,,,,-68.9117431640625,34.31396484375,-0.7918902282714844,0.48052044067382815,0.0
,9560,,,,,-67.7764892578125,34.31396484375,-0.8316660095214844,0.4558677429199219,0.0
,9561,,,,,-70.49560546875,26.7608642578125,-0.85683662109375,0.43401177978515626,0.0
,9562,,,,,-68.170166015625,26.7608642578125,-0.9064527648925782,0.4089447509765625,0.0
,9563,,,,,-72.6104736328125,15.087890625,-0.937216845703125,0.37724842529296876,0.0
,9564,,,,,-87.432861328125,-15.1153564453125,-0.9285158935546876,0.3638862487792969,0.0
,9565,,,,,-78.1402587890625,-3.533935546875,-0.9351451904296876,0.310748291015625,0.0
,9566,,,,,-74.725341796875,-3.533935546875,-0.948818115234375,0.2642396301269531,0.0
,9567,,,,,-75.2197265625,-9.942626953125,-0.9755424682617188,0.18831346435546875,0.0
,9568,,,,,-69.9005126953125,-9.942626953125,-0.9674630126953125,0.1691506530761719,0.0
,9569,,,,,-75.4302978515625,-19.51904296875,-0.9624910400390625,0.098610791015625,0.0
,9570,,,,,-67.6116943359375,-19.51904296875,-0.9594871398925782,0.032214239501953124,0.0
,9571,,,,,-73.5443115234375,-29.791259765625,-0.9651841918945313,-0.056866937255859375,0.0
,9572,,,,,-65.4876708984375,-29.791259765625,-0.9408422424316406,-0.08669877319335938,0.0
,9573,,,,,-70.01953125,-37.6556396484375,-0.9530650085449219,-0.16676824951171876,0.0
,9574,,,,,-60.0860595703125,-37.6556396484375,-0.9304839660644532,-0.19784307861328126,0.0
,9575,,,,,-63.5009765625,-43.5791015625,-0.9564832397460937,-0.30795155639648436,0.0
,9576,,,,,-56.57958984375,-43.5791015625,-0.9237510864257813,-0.34834883422851565,0.0
,9577,,,,,-58.941650390625,-47.662353515625,-0.8967159851074219,-0.4238606689453125,0.0
,9578,,,,,-50.7659912109375,-47.662353515625,-0.8710274597167968,-0.44747753906250004,0.0
,9579,,,,,-51.5533447265625,-49.0264892578125,-0.837880975341797,-0.5093164489746094,0.0
,9580,,,,,-40.75927734375,-52.166748046875,-0.8222399780273437,-0.5296186706542969,0.0
,9581,,,,,-42.5994873046875,-55.352783203125,-0.8119852844238281,-0.5821351318359376,0.0
,9582,,,,,-26.1749267578125,-58.831787109375,-0.7765599792480469,-0.5970510498046875,0.0
,9583,,,,,-28.143310546875,-62.2467041015625,-0.75408251953125,-0.6348587585449219,0.0
,9584,,,,,-20.7733154296875,-65.7257080078125,-0.7067451965332031,-0.6741166259765625,0.0
,9585,,,,,-22.5494384765625,-68.81103515625,-0.6466671936035157,-0.7080917724609376,0.0
,9586,,,,,-12.0391845703125,-71.356201171875,-0.565976220703125,-0.725079345703125,0.0
,9587,,,,,-13.2476806640625,-73.4344482421875,-0.49502202758789066,-0.7542896850585937,0.0
,9588,,,,,-5.6671142578125,-74.652099609375,-0.43535835571289067,-0.8078419738769531,0.0
,9589,,,,,-6.1065673828125,-75.4119873046875,-0.3487631652832031,-0.8235865539550782,0.0
,9590,,,,,1.373291015625,-76.0345458984375,-0.2930356384277344,-0.8508288208007813,0.0
,9591,,,,,1.4007568359375,-75.9979248046875,-0.2084085205078125,-0.84689267578125,0.0
,9592,,,,,5.5938720703125,-75.3021240234375,-0.12108825073242188,-0.8525897277832032,0.0
,9593,,,,,5.987548828125,-74.6337890625,-0.05779918212890625,-0.8687486389160156,0.0
,9594,,,,,12.872314453125,-73.4344482421875,-0.0020716552734375,-0.8859433776855469,0.0
,9595,,,,,13.9434814453125,-71.5850830078125,0.037289794921875,-0.8909153503417969,0.0
,9596,,,,,17.5323486328125,-69.6624755859375,0.08835609741210938,-0.8855290466308594,0.0
,9597,,,,,22.265625,-68.0511474609375,0.0998537841796875,-0.9062455993652344,0.0
,9598,,,,,27.850341796875,-66.2841796875,0.145015869140625,-0.8984768920898438,0.0
,9599,,,,,34.0301513671875,-63.958740234375,0.16262493896484376,-0.9043811096191406,0.0
,9600,,,,,39.55078125,-61.04736328125,0.2456983154296875,-0.8611870971679688,0.0
,9601,,,,,43.68896484375,-58.7677001953125,0.2921033935546875,-0.8324946716308594,0.0
,9602,,,,,49.1729736328125,-54.2449951171875,0.34700225830078124,-0.8042165771484375,0.0
,9603,,,,,51.397705078125,-54.2449951171875,0.370411962890625,-0.7929260559082032,0.0
,9604,,,,,57.0831298828125,-47.6806640625,0.4600110534667969,-0.7544968505859375,0.0
,9605,,,,,58.0902099609375,-47.6806640625,0.5156349975585938,-0.7221790283203126,0.0
,9606,,,,,62.0086669921875,-41.6839599609375,0.6004692810058594,-0.672044970703125,0.0
,9607,,,,,62.2100830078125,-41.6839599609375,0.6569218872070313,-0.615695947265625,0.0
,9608,,,,,67.144775390625,-33.197021484375,0.708506103515625,-0.5795455627441406,0.0
,9609,,,,,66.8060302734375,-33.197021484375,0.768169775390625,-0.5390447021484375,0.0
,9610,,,,,68.6004638671875,-28.7109375,0.8150927673339844,-0.4871497375488281,0.0
,9611,,,,,67.1173095703125,-28.7109375,0.8353949890136719,-0.4538996704101563,0.0
,9612,,,,,70.5322265625,-19.500732421875,0.8511395690917969,-0.42883264160156254,0.0
,9613,,,,,68.1976318359375,-19.500732421875,0.8776567565917969,-0.4005545471191406,0.0
,9614,,,,,72.32666015625,-8.3587646484375,0.8836645568847656,-0.35860352783203125,0.0
,9615,,,,,69.5892333984375,-8.3587646484375,0.9266514038085938,-0.311576953125,0.0
,9616,,,,,74.102783203125,5.0811767578125,0.914117889404297,-0.2818486999511719,0.0
,9617,,,,,70.7061767578125,5.0811767578125,0.9075921752929688,-0.2561601745605469,0.0
,9618,,,,,74.0570068359375,15.8660888671875,0.8967159851074219,-0.19784307861328126,0.0
,9619,,,,,66.8975830078125,15.8660888671875,0.9101817443847656,-0.14190838623046875,0.0
,9620,,,,,72.9766845703125,26.40380859375,0.9172253723144531,-0.06888253784179688,0.0
,9621,,,,,65.4144287109375,26.40380859375,0.9311054626464844,0.013362176513671876,0.0
,9622,,,,,69.8638916015625,34.1033935546875,0.902413037109375,0.07509750366210938,0.0
,9623,,,,,61.8621826171875,34.1033935546875,0.9023094543457032,0.159931787109375,0.0
,9624,,,,,66.3116455078125,41.8121337890625,0.8806606567382813,0.21224108276367187,0.0
,9625,,,,,58.2550048828125,41.8121337890625,0.8832502258300782,0.29686820068359376,0.0
,9626,,,,,60.16845703125,45.1263427734375,0.8916404296875,0.3734158630371094,0.0
,9627,,,,,54.0618896484375,45.1263427734375,0.8680235595703125,0.4115343200683594,0.0
,9628,,,,,57.7880859375,51.5625,0.8665734008789063,0.4829028442382813,0.0
,9629,,,,,48.065185546875,51.5625,0.8353949890136719,0.5139776733398438,0.0
,9630,,,,,12.2589111328125,52.935791015625,0.8165429260253907,0.5614185791015626,0.0
,9631,,,,,20.6817626953125,56.14013671875,0.7638192993164062,0.5617293273925782,0.0
,9632,,,,,23.0438232421875,60.223388671875,0.7476603881835938,0.6124848815917969,0.0
,9633,,,,,27.4658203125,63.8946533203125,0.7022911376953125,0.6299903686523438,0.0
,9634,,,,,29.04052734375,66.61376953125,0.6891361267089844,0.6921400268554688,0.0
,9635,,,,,18.109130859375,69.3695068359375,0.5794419799804688,0.6642762634277344,0.0
,9636,,,,,19.7021484375,72.1435546875,0.5473313232421875,0.7053986206054688,0.0
,9637,,,,,11.16943359375,74.0478515625,0.4685048400878906,0.7249757629394531,0.0
,9638,,,,,11.7645263671875,75.091552734375,0.41940661010742186,0.7850537658691407,0.0
,9639,,,,,2.67333984375,76.1444091796875,0.3580856140136719,0.8115709533691406,0.0
,9640,,,,,3.1951904296875,77.0416259765625,0.29769686279296875,0.8484464172363282,0.0
,9641,,,,,-1.1077880859375,76.7669677734375,0.18323790893554687,0.8397454650878906,0.0
,9642,,,,,-1.3824462890625,76.28173828125,0.13527908935546876,0.8724776184082031,0.0
,9643,,,,,-6.8756103515625,75.5035400390625,0.06183890991210938,0.8867720397949219,0.0
,9644,,,,,-7.415771484375,74.5697021484375,0.029728253173828125,0.9202292724609376,0.0
,9645,,,,,-14.7491455078125,72.8668212890625,-0.027656597900390625,0.9283087280273438,0.0
,9646,,,,,-15.966796875,70.7794189453125,-0.06370339965820312,0.9361810180664063,0.0
,9647,,,,,-21.1669921875,68.353271484375,-0.10979772949218751,0.9288266418457032,0.0
,9648,,,,,-26.5045166015625,65.9912109375,-0.14480870361328124,0.9132892272949219,0.0
,9649,,,,,-32.55615234375,63.2720947265625,-0.17577994995117188,0.8903974365234375,0.0
,9650,,,,,-38.2232666015625,60.8367919921875,-0.2307823974609375,0.8772424255371094,0.0
,9651,,,,,-42.8375244140625,58.4930419921875,-0.3084694702148438,0.8417135375976563,0.0
,9652,,,,,-46.8017578125,56.195068359375,-0.3612966796875,0.7890934936523438,0.0
,9653,,,,,-52.77099609375,50.4913330078125,-0.42054602050781253,0.7578114990234375,0.0
,9654,,,,,-54.9957275390625,50.4913330078125,-0.48259209594726565,0.70767744140625,0.0
,9655,,,,,-59.87548828125,44.53125,-0.5571716857910156,0.66790166015625,0.0
,9656,,,,,-60.75439453125,44.53125,-0.61155263671875,0.6189070129394532,0.0
,9657,,,,,-65.899658203125,36.346435546875,-0.6482209350585938,0.590007421875,0.0
,9658,,,,,-65.9454345703125,36.346435546875,-0.7021875549316406,0.5672192138671875,0.0
,9659,,,,,-68.3074951171875,31.9061279296875,-0.7686876892089844,0.5065197143554687,0.0
,9660,,,,,-67.4468994140625,31.9061279296875,-0.8141605224609375,0.47016216430664065,0.0
,9661,,,,,-70.2301025390625,24.2340087890625,-0.8530040588378907,0.42914338989257816,0.0
,9662,,,,,-68.133544921875,24.2340087890625,-0.8689558044433594,0.42085676879882816,0.0
,9663,,,,,-72.2808837890625,13.5498046875,-0.8828358947753907,0.3818060668945313,0.0
,9664,,,,,-85.162353515625,-13.5772705078125,-0.9004449645996094,0.37206928710937504,0.0
,9665,,,,,-75.274658203125,-2.1240234375,-0.9339021972656251,0.30815872192382815,0.0
,9666,,,,,-71.9512939453125,-2.1240234375,-0.9314162109375,0.2838167724609375,0.0
,9667,,,,,-74.359130859375,-11.224365234375,-0.9448819702148438,0.204679541015625,0.0
,9668,,,,,-67.2821044921875,-11.224365234375,-0.9308982971191406,0.18075192260742187,0.0
,9669,,,,,-74.029541015625,-22.9156494140625,-0.9237510864257813,0.09736779785156251,0.0
,9670,,,,,-67.05322265625,-22.9156494140625,-0.9115283203125,0.06080308227539063,0.0
,9671,,,,,-71.77734375,-31.0821533203125,-0.92312958984375,-0.041122357177734374,0.0
,9672,,,,,-63.9495849609375,-31.0821533203125,-0.8860469604492188,-0.08348770751953125,0.0
,9673,,,,,-69.0399169921875,-39.898681640625,-0.8786925842285157,-0.14035464477539064,0.0
,9674,,,,,-61.8621826171875,-39.898681640625,-0.8728919494628906,-0.19235319213867189,0.0
,9675,,,,,-63.592529296875,-42.901611328125,-0.8596333557128907,-0.2851633483886719,0.0
,9676,,,,,-58.2366943359375,-42.901611328125,-0.836120068359375,-0.3374726440429688,0.0
,9677,,,,,-61.48681640625,-48.5321044921875,-0.8074276428222656,-0.40708026123046875,0.0
,9678,,,,,-53.7872314453125,-48.5321044921875,-0.8184074157714843,-0.4470632080078125,0.0
,9679,,,,,-54.2266845703125,-49.2919921875,-0.8092921325683594,-0.5151170837402343,0.0
,9680,,,,,-42.00439453125,-52.40478515625,-0.7776993896484375,-0.5440166748046875,0.0
,9681,,,,,-44.42138671875,-56.597900390625,-0.7558434265136719,-0.5809957214355469,0.0
,9682,,,,,-32.33642578125,-60.8734130859375,-0.7237327697753907,-0.5722947692871094,0.0
,9683,,,,,-34.405517578125,-64.4622802734375,-0.6834390747070312,-0.6180783508300781,0.0
,9684,,,,,-23.4832763671875,-67.6849365234375,-0.6584756286621094,-0.672044970703125,0.0
,9685,,,,,-25.1678466796875,-70.5963134765625,-0.5866927734375,-0.6925543579101563,0.0
,9686,,,,,-16.0125732421875,-72.967529296875,-0.5366622985839844,-0.7417561706542969,0.0
,9687,,,,,-17.0379638671875,-74.7344970703125,-0.488081982421875,-0.7835000244140625,0.0
,9688,,,,,-7.763671875,-75.897216796875,-0.40200470581054687,-0.8109494567871094,0.0
,9689,,,,,-8.184814453125,-76.6204833984375,-0.3199671569824219,-0.8225507263183593,0.0
,9690,,,,,-1.3916015625,-76.5380859375,-0.2663112854003906,-0.859322607421875,0.0
,9691,,,,,-1.2176513671875,-76.226806640625,-0.17919818115234376,-0.8633623352050781,0.0
,9692,,,,,4.266357421875,-75.76904296875,-0.10244335327148438,-0.8559043762207031,0.0
,9693,,,,,4.87060546875,-74.7344970703125,-0.05935292358398438,-0.8826287292480469,0.0
,9694,,,,,11.1785888671875,-73.4344482421875,-0.0074579589843750006,-0.901584375,0.0
,9695,,,,,12.26806640625,-71.5484619140625,0.037393377685546875,-0.9168110412597656,0.0
,9696,,,,,15.8294677734375,-69.195556640625,0.07716915893554688,-0.92644423828125,0.0
,9697,,,,,21.917724609375,-67.0257568359375,0.07426884155273437,-0.9391849182128906,0.0
,9698,,,,,27.6763916015625,-65.020751953125,0.1305142822265625,-0.9166038757324219,0.0
,9699,,,,,32.940673828125,-63.043212890625,0.1296856201171875,-0.9145322204589844,0.0
,9700,,,,,38.63525390625,-60.7177734375,0.22622475585937502,-0.8738241943359375,0.0
,9701,,,,,43.5333251953125,-58.7493896484375,0.24953087768554688,-0.8487571655273438,0.0
,9702,,,,,50.4638671875,-52.734375,0.3170668395996094,-0.8126067810058594,0.0
,9703,,,,,53.28369140625,-52.734375,0.3526993103027344,-0.7964478698730469,0.0
,9704,,,,,58.48388671875,-46.8475341796875,0.4209603515625,-0.7651658752441407,0.0
,9705,,,,,59.58251953125,-46.8475341796875,0.4995796691894531,-0.7251829284667969,0.0
,9706,,,,,65.2587890625,-38.9007568359375,0.56846220703125,-0.6740130432128907,0.0
,9707,,,,,65.496826171875,-38.9007568359375,0.6203571716308593,-0.6204607543945313,0.0
,9708,,,,,69.049072265625,-32.4737548828125,0.6688339050292968,-0.5672192138671875,0.0
,9709,,,,,68.66455078125,-32.4737548828125,0.7132709106445313,-0.5402876953125,0.0
,9710,,,,,71.337890625,-26.0467529296875,0.7607118164062501,-0.49657576904296874,0.0
,9711,,,,,69.83642578125,-26.0467529296875,0.8229650573730469,-0.44602738037109374,0.0
,9712,,,,,72.308349609375,-17.9901123046875,0.8474105895996094,-0.42707173461914066,0.0
,9713,,,,,69.708251953125,-17.9901123046875,0.8666769836425782,-0.39599690551757816,0.0
,9714,,,,,74.468994140625,-5.2825927734375,0.8741349426269531,-0.3608823486328125,0.0
,9715,,,,,71.4019775390625,-5.2825927734375,0.9130820617675781,-0.3077443908691406,0.0
,9716,,,,,75.25634765625,6.097412109375,0.8898795227050782,-0.2713868408203125,0.0
,9717,,,,,68.8934326171875,6.097412109375,0.9008592956542969,-0.22487817993164064,0.0
,9718,,,,,75.970458984375,18.34716796875,0.8900866882324219,-0.1802340087890625,0.0
,9719,,,,,69.7906494140625,18.34716796875,0.9077993408203126,-0.12160616455078126,0.0
,9720,,,,,74.7894287109375,27.008056640625,0.8811785705566406,-0.05023764038085938,0.0
,9721,,,,,67.5018310546875,27.008056640625,0.8925726745605469,0.034700225830078125,0.0
,9722,,,,,72.7752685546875,36.1358642578125,0.9033452819824219,0.12864979248046876,0.0
,9723,,,,,65.3778076171875,36.1358642578125,0.8996163024902344,0.19753233032226564,0.0
,9724,,,,,67.5933837890625,39.9810791015625,0.8824215637207031,0.26165006103515626,0.0
,9725,,,,,61.212158203125,39.9810791015625,0.8727883666992188,0.33281141967773437,0.0
,9726,,,,,64.6636962890625,45.9503173828125,0.8742385253906251,0.40832325439453127,0.0
,9727,,,,,58.48388671875,45.9503173828125,0.8622229248046875,0.4438521423339844,0.0
,9728,,,,,61.029052734375,50.35400390625,0.8284549438476563,0.4933647033691406,0.0
,9729,,,,,48.5504150390625,50.35400390625,0.8092921325683594,0.5200890563964844,0.0
,9730,,,,,11.6546630859375,53.94287109375,0.8305265991210937,0.5892823425292969,0.0
,9731,,,,,27.35595703125,57.403564453125,0.7701378479003906,0.5891787597656251,0.0
,9732,,,,,29.278564453125,60.7269287109375,0.744967236328125,0.6238789855957031,0.0
,9733,,,,,30.0933837890625,64.19677734375,0.7007373962402343,0.6419023864746094,0.0
,9734,,,,,31.8695068359375,67.254638671875,0.6673837463378907,0.6777420227050781,0.0
,9735,,,,,20.452880859375,70.147705078125,0.5682550415039063,0.6577505493164063,0.0
,9736,,,,,21.5972900390625,72.125244140625,0.5555143615722656,0.7315014770507813,0.0
,9737,,,,,12.63427734375,73.406982421875,0.48124552001953125,0.7704485961914063,0.0
,9738,,,,,13.14697265625,74.2950439453125,0.4428163146972656,0.8304230163574219,0.0
,9739,,,,,3.1219482421875,74.8443603515625,0.3705155456542969,0.8550757141113281,0.0
,9740,,,,,3.3599853515625,75.2471923828125,0.30815872192382815,0.8896723571777344,0.0
,9741,,,,,-1.13525390625,75.1922607421875,0.20126130981445314,0.9103889099121094,0.0
,9742,,,,,-1.4739990234375,74.6063232421875,0.15309532470703124,0.9437425598144532,0.0
,9743,,,,,-8.7982177734375,73.773193359375,0.08721668701171875,0.9468500427246094,0.0
,9744,,,,,-9.356689453125,72.802734375,0.042883264160156254,0.9500611083984375,0.0
,9745,,,,,-14.813232421875,70.86181640625,-0.019991473388671875,0.9634232849121094,0.0
,9746,,,,,-15.9027099609375,68.975830078125,-0.056245440673828126,0.9553438293457032,0.0
,9747,,,,,-21.7437744140625,66.5496826171875,-0.09467464599609375,0.9408422424316406,0.0
,9748,,,,,-27.8411865234375,63.6016845703125,-0.11735927124023438,0.9242690002441406,0.0
,9749,,,,,-33.4259033203125,60.7269287109375,-0.15454548339843752,0.912356982421875,0.0
,9750,,,,,-38.763427734375,58.2366943359375,-0.21659155883789064,0.8837681396484375,0.0
,9751,,,,,-45.95947265625,52.862548828125,-0.275944482421875,0.8657447387695313,0.0
,9752,,,,,-49.3194580078125,52.862548828125,-0.3257677917480469,0.8211005676269532,0.0
,9753,,,,,-54.5928955078125,47.8912353515625,-0.3900926879882813,0.7731417480468751,0.0
,9754,,,,,-56.7352294921875,47.8912353515625,-0.44126257324218754,0.7363698669433594,0.0
,9755,,,,,-62.36572265625,40.777587890625,-0.48632107543945313,0.708506103515625,0.0
,9756,,,,,-63.3453369140625,40.777587890625,-0.5574824340820312,0.6520534973144532,0.0
,9757,,,,,-67.34619140625,34.1583251953125,-0.6271936340332032,0.6113454711914063,0.0
,9758,,,,,-66.8060302734375,34.1583251953125,-0.6646905944824218,0.595808056640625,0.0
,9759,,,,,-69.43359375,28.6376953125,-0.7411346740722656,0.5354193054199219,0.0
,9760,,,,,-68.3349609375,28.6376953125,-0.7796674621582032,0.49585068969726565,0.0
,9761,,,,,-70.367431640625,22.796630859375,-0.8253474609375,0.444991552734375,0.0
,9762,,,,,-68.3441162109375,22.796630859375,-0.8552828796386719,0.4227212585449219,0.0
,9763,,,,,-72.894287109375,11.517333984375,-0.8591154418945313,0.383670556640625,0.0
,9764,,,,,-83.6334228515625,-11.5447998046875,-0.8782782531738281,0.35870711059570315,0.0
,9765,,,,,-76.0162353515625,-2.783203125,-0.8821108154296875,0.315720263671875,0.0
,9766,,,,,-73.35205078125,-2.783203125,-0.8940228332519532,0.27822330322265626,0.0
,9767,,,,,-75.8331298828125,-12.2039794921875,-0.9232331726074219,0.1910066162109375,0.0
,9768,,,,,-69.3328857421875,-12.2039794921875,-0.9243725830078126,0.1583780456542969,0.0
,9769,,,,,-74.652099609375,-21.42333984375,-0.9359738525390625,0.06463564453125001,0.0
,9770,,,,,-68.9117431640625,-21.42333984375,-0.9025166198730469,0.02672435302734375,0.0
,9771,,,,,-74.267578125,-30.6884765625,-0.9278943969726563,-0.08214113159179688,0.0
,9772,,,,,-66.24755859375,-30.6884765625,-0.9184683654785156,-0.136729248046875,0.0
,9773,,,,,-70.2667236328125,-37.6556396484375,-0.9235439208984375,-0.1823056640625,0.0
,9774,,,,,-63.3819580078125,-37.6556396484375,-0.8890508605957032,-0.244455322265625,0.0
,9775,,,,,-65.130615234375,-40.68603515625,-0.8841824707031251,-0.34120162353515626,0.0
,9776,,,,,-59.1522216796875,-40.68603515625,-0.8752743530273438,-0.39786139526367187,0.0
,9777,,,,,-62.8326416015625,-47.05810546875,-0.8515539001464844,-0.44416289062500003,0.0
,9778,,,,,-54.6112060546875,-47.05810546875,-0.8400562133789062,-0.48010610961914063,0.0
,9779,,,,,-56.9091796875,-51.0406494140625,-0.83529140625,-0.5381124572753906,0.0
,9780,,,,,-42.1966552734375,-51.0406494140625,-0.8257617919921876,-0.5795455627441406,0.0
,9781,,,,,-44.53125,-55.096435546875,-0.8102243774414063,-0.6270900512695313,0.0
,9782,,,,,-31.201171875,-59.124755859375,-0.7757313171386719,-0.6120705505371093,0.0
,9783,,,,,-33.10546875,-62.420654296875,-0.7356447875976563,-0.6677980773925781,0.0
,9784,,,,,-23.2818603515625,-65.22216796875,-0.6955582580566406,-0.7140995727539062,0.0
,9785,,,,,-24.8748779296875,-67.9779052734375,-0.6218073303222657,-0.7316050598144531,0.0
,9786,,,,,-15.49072265625,-70.477294921875,-0.5632830688476562,-0.7612297302246094,0.0
,9787,,,,,-16.40625,-72.052001953125,-0.5153242492675781,-0.8074276428222656,0.0
,9788,,,,,-6.8023681640625,-73.333740234375,-0.43525477294921877,-0.8330125854492187,0.0
,9789,,,,,-7.4981689453125,-74.52392578125,-0.3434804443359375,-0.8323910888671875,0.0
,9790,,,,,0.8697509765625,-74.9725341796875,-0.2981111938476563,-0.8655375732421875,0.0
,9791,,,,,0.9429931640625,-74.835205078125,-0.23192180786132813,-0.8804534912109375,0.0
,9792,,,,,6.0150146484375,-73.919677734375,-0.18406657104492188,-0.9113211547851563,0.0
,9793,,,,,6.4178466796875,-73.223876953125,-0.11912017822265625,-0.9179504516601563,0.0
,9794,,,,,14.0899658203125,-72.0703125,-0.032628570556640625,-0.9053133544921875,0.0
,9795,,,,,14.8773193359375,-70.697021484375,0.0030039001464843753,-0.9292409729003906,0.0
,9796,,,,,17.376708984375,-69.2779541015625,0.07178285522460938,-0.923958251953125,0.0
,9797,,,,,22.613525390625,-67.0257568359375,0.0791372314453125,-0.943121063232422,0.0
,9798,,,,,28.7841796875,-63.922119140625,0.10772607421875001,-0.9458142150878907,0.0
,9799,,,,,34.86328125,-61.358642578125,0.126785302734375,-0.9477822875976563,0.0
,9800,,,,,40.3106689453125,-58.905029296875,0.1959785888671875,-0.9125641479492188,0.0
,9801,,,,,45.465087890625,-56.378173828125,0.21555573120117189,-0.8834573913574219,0.0
,9802,,,,,52.8167724609375,-49.7406005859375,0.29769686279296875,-0.8345663269042969,0.0
,9803,,,,,55.3985595703125,-49.7406005859375,0.3365403991699219,-0.813021112060547,0.0
,9804,,,,,60.2783203125,-44.71435546875,0.4069766784667969,-0.7600903198242188,0.0
,9805,,,,,61.798095703125,-44.71435546875,0.48424942016601563,-0.7203145385742188,0.0
,9806,,,,,66.54052734375,-37.8936767578125,0.5417378540039063,-0.6835426574707032,0.0
,9807,,,,,66.851806640625,-37.8936767578125,0.6044054260253906,-0.625639892578125,0.0
,9808,,,,,70.367431640625,-31.951904296875,0.6623081909179688,-0.5882465148925782,0.0
,9809,,,,,69.8455810546875,-31.951904296875,0.7370949462890625,-0.5277541809082031,0.0
,9810,,,,,71.868896484375,-27.0721435546875,0.7860895935058594,-0.48134910278320314,0.0
,9811,,,,,70.2850341796875,-27.0721435546875,0.81706083984375,-0.46601885375976565,0.0
,9812,,,,,73.2147216796875,-18.3563232421875,0.8491714965820313,-0.4376371765136719,0.0
,9813,,,,,70.751953125,-18.3563232421875,0.9053133544921875,-0.385327880859375,0.0
,9814,,,,,75.03662109375,-6.92138671875,0.9143250549316406,-0.3643005798339844,0.0
,9815,,,,,72.271728515625,-6.92138671875,0.9240618347167969,-0.3249391296386719,0.0
,9816,,,,,76.483154296875,6.5643310546875,0.9192970275878907,-0.2942786315917969,0.0
,9817,,,,,73.2879638671875,6.5643310546875,0.9256155761718751,-0.23098956298828124,0.0
,9818,,,,,76.593017578125,16.00341796875,0.9076957580566406,-0.16438584594726563,0.0
,9819,,,,,70.1934814453125,16.00341796875,0.928930224609375,-0.08390203857421875,0.0
,9820,,,,,75.98876953125,26.03759765625,0.9167074584960938,-0.011912017822265626,0.0
,9821,,,,,69.32373046875,26.03759765625,0.9377347595214844,0.06183890991210938,0.0
,9822,,,,,73.3428955078125,32.99560546875,0.9097674133300782,0.13279310302734376,0.0
,9823,,,,,65.8447265625,32.99560546875,0.9358702697753907,0.22145994873046876,0.0
,9824,,,,,68.9300537109375,38.3331298828125,0.9278943969726563,0.30474049072265624,0.0
,9825,,,,,61.541748046875,38.3331298828125,0.9317269592285157,0.36979046630859375,0.0
,9826,,,,,64.48974609375,43.4234619140625,0.94136015625,0.43618701782226565,0.0
,9827,,,,,57.0648193359375,43.4234619140625,0.9168110412597656,0.47347681274414066,0.0
,9828,,,,,60.113525390625,48.7060546875,0.9178468688964844,0.5318974914550781,0.0
,9829,,,,,47.479248046875,48.7060546875,0.8995127197265625,0.5601755859375,0.0
,9830,,,,,10.272216796875,51.3427734375,0.8747564392089844,0.6126920471191406,0.0
,9831,,,,,25.689697265625,54.6844482421875,0.8272119506835938,0.6113454711914063,0.0
,9832,,,,,27.79541015625,58.33740234375,0.7978980285644531,0.63806982421875,0.0
,9833,,,,,26.9622802734375,62.237548828125,0.7461066467285157,0.6569218872070313,0.0
,9834,,,,,29.00390625,65.771484375,0.7090240173339843,0.6905862854003907,0.0
,9835,,,,,19.097900390625,68.3807373046875,0.6266757202148437,0.6839569885253907,0.0
,9836,,,,,20.452880859375,70.7427978515625,0.6070985778808594,0.7221790283203126,0.0
,9837,,,,,9.4757080078125,72.711181640625,0.5113881042480469,0.7360591186523437,0.0
,9838,,,,,10.43701171875,74.37744140625,0.4624970397949219,0.7954120422363281,0.0
,9839,,,,,0.7965087890625,75.1373291015625,0.39371808471679687,0.8158178466796875,0.0
,9840,,,,,1.0345458984375,75.5584716796875,0.3315684265136719,0.8536255554199219,0.0
,9841,,,,,-4.9896240234375,75.5401611328125,0.23679019775390625,0.8542470520019532,0.0
,9842,,,,,-5.2276611328125,75.1373291015625,0.2067511962890625,0.9034488647460938,0.0
,9843,,,,,-11.370849609375,74.2584228515625,0.13828298950195314,0.9339021972656251,0.0
,9844,,,,,-12.2955322265625,72.6654052734375,0.09436389770507812,0.9557581604003906,0.0
,9845,,,,,-17.2119140625,70.623779296875,0.043919091796875004,0.9707776611328125,0.0
,9846,,,,,-18.56689453125,68.280029296875,-0.01160126953125,0.9548259155273437,0.0
,9847,,,,,-23.54736328125,65.8538818359375,-0.06018158569335938,0.935559521484375,0.0
,9848,,,,,-29.754638671875,63.3087158203125,-0.11197296752929688,0.9110104064941407,0.0
,9849,,,,,-35.8795166015625,60.6903076171875,-0.16086403198242188,0.8985804748535157,0.0
,9850,,,,,-41.05224609375,58.8043212890625,-0.1976359130859375,0.8674020629882813,0.0
,9851,,,,,-47.8363037109375,53.6773681640625,-0.24673414306640626,0.8175787536621094,0.0
,9852,,,,,-51.1322021484375,53.6773681640625,-0.3149951843261719,0.7680661926269532,0.0
,9853,,,,,-56.9000244140625,49.3011474609375,-0.38356697387695315,0.7386486877441406,0.0
,9854,,,,,-58.740234375,49.3011474609375,-0.44188406982421874,0.700219482421875,0.0
,9855,,,,,-62.9791259765625,44.1009521484375,-0.5137705078125,0.6468743591308594,0.0
,9856,,,,,-63.922119140625,44.1009521484375,-0.5682550415039063,0.6137278747558594,0.0
,9857,,,,,-68.865966796875,36.3739013671875,-0.6406593933105469,0.567633544921875,0.0
,9858,,,,,-68.8201904296875,36.3739013671875,-0.691932861328125,0.5417378540039063,0.0
,9859,,,,,-70.60546875,32.3272705078125,-0.7659945373535156,0.4890142272949219,0.0
,9860,,,,,-69.6624755859375,32.3272705078125,-0.8128139465332032,0.45887164306640627,0.0
,9861,,,,,-72.7752685546875,24.79248046875,-0.8462711791992188,0.41919944458007813,0.0
,9862,,,,,-70.6512451171875,24.79248046875,-0.8797284118652344,0.3945467468261719,0.0
,9863,,,,,-74.4873046875,14.3096923828125,-0.9253048278808594,0.3404765441894531,0.0
,9864,,,,,-88.5040283203125,-14.337158203125,-0.914117889404297,0.33187917480468754,0.0
,9865,,,,,-79.522705078125,-3.6712646484375,-0.9292409729003906,0.2669327819824219,0.0
,9866,,,,,-75.6591796875,-3.6712646484375,-0.926547821044922,0.2518096984863281,0.0
,9867,,,,,-76.1444091796875,-9.6221923828125,-0.9361810180664063,0.1790945983886719,0.0
,9868,,,,,-70.843505859375,-9.6221923828125,-0.9325556213378906,0.13092861328125,0.0
,9869,,,,,-76.6845703125,-19.73876953125,-0.9466428771972657,0.033664398193359375,0.0
,9870,,,,,-68.5455322265625,-19.73876953125,-0.9380455078125001,0.01470875244140625,0.0
,9871,,,,,-73.2879638671875,-27.9510498046875,-0.95627607421875,-0.07779065551757813,0.0
,9872,,,,,-66.119384765625,-27.9510498046875,-0.9321412902832031,-0.12347065429687501,0.0
,9873,,,,,-70.9259033203125,-36.2640380859375,-0.9429138977050782,-0.18085550537109377,0.0
,9874,,,,,-61.0015869140625,-36.2640380859375,-0.9152572998046875,-0.19701441650390625,0.0
,9875,,,,,-63.24462890625,-40.1458740234375,-0.9150501342773438,-0.31302711181640624,0.0
,9876,,,,,-58.3465576171875,-40.1458740234375,-0.9022058715820312,-0.3817024841308594,0.0
,9877,,,,,-61.81640625,-46.1517333984375,-0.8828358947753907,-0.4593895568847656,0.0
,9878,,,,,-52.8350830078125,-46.1517333984375,-0.8421278686523438,-0.4711979919433594,0.0
,9879,,,,,-55.5450439453125,-50.848388671875,-0.8380881408691406,-0.526200439453125,0.0
,9880,,,,,-42.626953125,-50.848388671875,-0.8168536743164063,-0.5157385803222656,0.0
,9881,,,,,-45.0164794921875,-54.986572265625,-0.8032843322753906,-0.5596576721191406,0.0
,9882,,,,,-31.402587890625,-59.2987060546875,-0.7732453308105469,-0.5810993041992187,0.0
,9883,,,,,-33.58154296875,-63.079833984375,-0.73087998046875,-0.6321656066894531,0.0
,9884,,,,,-22.412109375,-66.0736083984375,-0.700219482421875,-0.66790166015625,0.0
,9885,,,,,-24.0142822265625,-68.84765625,-0.6622046081542969,-0.7108885070800781,0.0
,9886,,,,,-12.3046875,-71.5301513671875,-0.6063734985351563,-0.7414454223632813,0.0
,9887,,,,,-13.4857177734375,-73.57177734375,-0.5233001220703125,-0.7548075988769531,0.0
,9888,,,,,-4.9346923828125,-74.59716796875,-0.4385694213867188,-0.7794602966308594,0.0
,9889,,,,,-5.3009033203125,-75.238037109375,-0.37683409423828124,-0.7968622009277344,0.0
,9890,,,,,4.4586181640625,-75.47607421875,-0.32628570556640624,-0.831148095703125,0.0
,9891,,,,,4.4769287109375,-75.4486083984375,-0.23958693237304687,-0.8373630615234375,0.0
,9892,,,,,8.8623046875,-75.146484375,-0.15547772827148437,-0.8582867797851563,0.0
,9893,,,,,9.04541015625,-74.835205078125,-0.07893006591796875,-0.8650196594238282,0.0
,9894,,,,,15.78369140625,-73.6907958984375,-0.007561541748046875,-0.8648124938964844,0.0
,9895,,,,,16.6900634765625,-72.1343994140625,0.013569342041015625,-0.8931941711425782,0.0
,9896,,,,,19.207763671875,-70.3033447265625,0.0633926513671875,-0.9090423339843751,0.0
,9897,,,,,24.13330078125,-68.44482421875,0.07033269653320312,-0.9105960754394532,0.0
,9898,,,,,30.1849365234375,-65.972900390625,0.12098466796875,-0.9048990234375001,0.0
,9899,,,,,36.2548828125,-63.31787109375,0.1528881591796875,-0.9019987060546876,0.0
,9900,,,,,41.4093017578125,-60.845947265625,0.21317332763671876,-0.8573545349121094,0.0
,9901,,,,,46.1334228515625,-58.7127685546875,0.27283699951171875,-0.8067025634765626,0.0
,9902,,,,,52.716064453125,-52.40478515625,0.33084334716796876,-0.7789423828125001,0.0
,9903,,,,,55.2520751953125,-52.40478515625,0.35249214477539065,-0.7666160339355469,0.0
,9904,,,,,60.1959228515625,-47.1038818359375,0.4172313720703125,-0.7335731323242187,0.0
,9905,,,,,61.6607666015625,-47.1038818359375,0.4802096923828125,-0.6912077819824219,0.0
,9906,,,,,66.448974609375,-40.8233642578125,0.5691872863769531,-0.6387949035644531,0.0
,9907,,,,,66.8426513671875,-40.8233642578125,0.6246040649414063,-0.5980868774414063,0.0
,9908,,,,,69.17724609375,-36.8499755859375,0.6771205261230469,-0.5641117309570313,0.0
,9909,,,,,68.4539794921875,-36.8499755859375,0.7564649230957031,-0.5022728210449219,0.0
,9910,,,,,71.15478515625,-30.1666259765625,0.794686962890625,-0.48652824096679687,0.0
,9911,,,,,68.939208984375,-30.1666259765625,0.8405741271972657,-0.4560749084472656,0.0
,9912,,,,,72.3724365234375,-19.775390625,0.8785890014648438,-0.4296613037109375,0.0
,9913,,,,,69.3328857421875,-19.775390625,0.9120462341308594,-0.4077017578125,0.0
,9914,,,,,73.370361328125,-7.2235107421875,0.9404279113769531,-0.34213386840820315,0.0
,9915,,,,,69.7265625,-7.2235107421875,0.947989453125,-0.30329033203125,0.0
,9916,,,,,73.05908203125,3.7811279296875,0.9387705871582032,-0.25678167114257816,0.0
,9917,,,,,70.3582763671875,3.7811279296875,0.9522363464355469,-0.199707568359375,0.0
,9918,,,,,73.3978271484375,13.275146484375,0.9243725830078126,-0.158274462890625,0.0
,9919,,,,,67.236328125,13.275146484375,0.9354559387207032,-0.07975872802734375,0.0
,9920,,,,,73.0682373046875,23.3734130859375,0.9026202026367188,-0.0319034912109375,0.0
,9921,,,,,66.265869140625,23.3734130859375,0.9366989318847656,0.033975146484375,0.0
,9922,,,,,70.989990234375,31.5399169921875,0.9379419250488281,0.11342312622070314,0.0
,9923,,,,,62.40234375,31.5399169921875,0.9174325378417969,0.1835486572265625,0.0
,9924,,,,,67.05322265625,39.5965576171875,0.8986840576171875,0.24683772583007813,0.0
,9925,,,,,58.6761474609375,39.5965576171875,0.9204364379882812,0.3208994018554688,0.0
,9926,,,,,60.8734130859375,43.4051513671875,0.9217830139160157,0.3890568603515625,0.0
,9927,,,,,53.9520263671875,43.4051513671875,0.8892580261230469,0.413502392578125,0.0
,9928,,,,,57.568359375,49.658203125,0.8735134460449219,0.47710220947265625,0.0
,9929,,,,,47.4884033203125,49.658203125,0.8771388427734376,0.5249574462890625,0.0
,9930,,,,,10.8673095703125,51.4251708984375,0.8574581176757813,0.564318896484375,0.0
,9931,,,,,27.24609375,54.6844482421875,0.7958263732910157,0.5496101440429688,0.0
,9932,,,,,29.4158935546875,58.447265625,0.8128139465332032,0.6028516845703126,0.0
,9933,,,,,26.1749267578125,62.29248046875,0.7369913635253906,0.5962223876953126,0.0
,9934,,,,,27.9052734375,65.2862548828125,0.7211432006835937,0.6490495971679687,0.0
,9935,,,,,15.948486328125,68.37158203125,0.6364125,0.6500854248046876,0.0
,9936,,,,,17.6605224609375,71.3287353515625,0.5828602111816407,0.6693518188476563,0.0
,9937,,,,,8.2305908203125,73.2879638671875,0.48673540649414065,0.6949367614746094,0.0
,9938,,,,,8.8897705078125,74.432373046875,0.4448879699707031,0.7555326782226562,0.0
,9939,,,,,-0.2197265625,75.1007080078125,0.3974470642089844,0.8039058288574219,0.0
,9940,,,,,0.0823974609375,75.640869140625,0.328978857421875,0.8369487304687501,0.0
,9941,,,,,-4.7149658203125,75.604248046875,0.21907754516601563,0.8600476867675781,0.0
,9942,,,,,-4.9346923828125,75.2288818359375,0.1520594970703125,0.8945407470703125,0.0
,9943,,,,,-10.821533203125,74.6246337890625,0.1023397705078125,0.9128748962402344,0.0
,9944,,,,,-11.553955078125,73.35205078125,0.055934692382812505,0.9228188415527344,0.0
,9945,,,,,-16.8365478515625,71.4202880859375,-0.014812335205078126,0.9111139892578125,0.0
,9946,,,,,-17.83447265625,69.6807861328125,-0.061010247802734376,0.9117354858398438,0.0
,9947,,,,,-22.906494140625,67.4835205078125,-0.09778212890625,0.9000306335449219,0.0
,9948,,,,,-29.1595458984375,65.020751953125,-0.1310321960449219,0.87672451171875,0.0
,9949,,,,,-35.2203369140625,62.603759765625,-0.183134326171875,0.8507252380371094,0.0
,9950,,,,,-40.0543212890625,60.4705810546875,-0.22114920043945313,0.8423350341796876,0.0
,9951,,,,,-46.17919921875,56.2225341796875,-0.2808128723144531,0.8012126770019532,0.0
,9952,,,,,-49.1455078125,56.2225341796875,-0.3480380859375,0.7543932678222657,0.0
,9953,,,,,-55.133056640625,50.93994140625,-0.4089447509765625,0.73087998046875,0.0
,9954,,,,,-57.330322265625,50.93994140625,-0.49595427246093754,0.6669694152832032,0.0
,9955,,,,,-61.7523193359375,45.30029296875,-0.5624544067382813,0.6287473754882813,0.0
,9956,,,,,-62.255859375,45.30029296875,-0.6064770812988282,0.6075129089355469,0.0
,9957,,,,,-66.61376953125,37.7471923828125,-0.6699733154296875,0.5913539978027343,0.0
,9958,,,,,-66.375732421875,37.7471923828125,-0.7321229736328125,0.554374951171875,0.0
,9959,,,,,-68.1243896484375,33.3984375,-0.7861931762695312,0.5039301452636719,0.0
,9960,,,,,-66.6229248046875,33.3984375,-0.8383988891601563,0.4529674255371094,0.0
,9961,,,,,-69.32373046875,26.1199951171875,-0.875895849609375,0.41826719970703125,0.0
,9962,,,,,-66.925048828125,26.1199951171875,-0.9079029235839844,0.3986900573730469,0.0
,9963,,,,,-71.136474609375,14.6026611328125,-0.9258227416992187,0.35777486572265627,0.0
,9964,,,,,-85.5926513671875,-14.630126953125,-0.9520291809082032,0.3360224853515625,0.0
,9965,,,,,-76.8310546875,-3.3416748046875,-0.9522363464355469,0.28868516235351566,0.0
,9966,,,,,-73.8739013671875,-3.3416748046875,-0.9423959838867187,0.2537777709960938,0.0
,9967,,,,,-74.8077392578125,-9.521484375,-0.9456070495605469,0.1827199951171875,0.0
,9968,,,,,-68.9849853515625,-9.521484375,-0.9538936706542969,0.15899954223632812,0.0
,9969,,,,,-75.2105712890625,-20.3155517578125,-0.9635268676757813,0.07147210693359375,0.0
,9970,,,,,-66.9342041015625,-20.3155517578125,-0.9436389770507813,0.04754448852539063,0.0
,9971,,,,,-72.1893310546875,-29.425048828125,-0.9815502685546875,-0.06328906860351563,0.0
,9972,,,,,-64.85595703125,-29.425048828125,-0.9802036926269532,-0.11870584716796875,0.0
,9973,,,,,-69.6441650390625,-37.7197265625,-0.9729528991699219,-0.18489523315429687,0.0
,9974,,,,,-60.0677490234375,-37.7197265625,-0.9345236938476563,-0.19939682006835938,0.0
,9975,,,,,-62.677001953125,-42.242431640625,-0.9343165283203125,-0.30111509399414066,0.0
,9976,,,,,-56.414794921875,-42.242431640625,-0.9087315856933594,-0.34834883422851565,0.0
,9977,,,,,-59.600830078125,-47.7630615234375,-0.8754815185546875,-0.41878511352539066,0.0
,9978,,,,,-51.0223388671875,-47.7630615234375,-0.8523825622558594,-0.45472833251953126,0.0
,9979,,,,,-51.7547607421875,-49.0264892578125,-0.8454425170898437,-0.5189496459960937,0.0
,9980,,,,,-41.4093017578125,-52.0111083984375,-0.8169572570800782,-0.5350049743652344,0.0
,9981,,,,,-43.4051513671875,-55.4534912109375,-0.7792531311035157,-0.5700159484863282,0.0
,9982,,,,,-30.0567626953125,-59.3536376953125,-0.774799072265625,-0.58172080078125,0.0
,9983,,,,,-32.373046875,-63.372802734375,-0.7548075988769531,-0.6309226135253907,0.0
,9984,,,,,-21.826171875,-66.6778564453125,-0.7099562622070312,-0.6641726806640625,0.0
,9985,,,,,-23.583984375,-69.7265625,-0.6498782592773438,-0.6978370788574219,0.0
,9986,,,,,-12.4969482421875,-72.344970703125,-0.5770595764160157,-0.7272545837402344,0.0
,9987,,,,,-13.6871337890625,-74.4049072265625,-0.5144955871582031,-0.763197802734375,0.0
,9988,,,,,-5.6671142578125,-75.7232666015625,-0.4404339111328125,-0.7842251037597656,0.0
,9989,,,,,-6.1248779296875,-76.519775390625,-0.3612966796875,-0.7989338562011719,0.0
,9990,,,,,1.922607421875,-76.6021728515625,-0.2980076110839844,-0.8393311340332031,0.0
,9991,,,,,2.08740234375,-76.3275146484375,-0.22922865600585937,-0.8703023803710938,0.0
,9992,,,,,6.0150146484375,-75.6866455078125,-0.139215234375,-0.8770352600097656,0.0
,9993,,,,,6.3995361328125,-75.0274658203125,-0.07209360351562501,-0.8869792053222657,0.0
,9994,,,,,13.2843017578125,-74.0753173828125,-0.019059228515625002,-0.8987876403808595,0.0
,9995,,,,,13.9801025390625,-72.8851318359375,0.027449432373046877,-0.8936085021972656,0.0
,9996,,,,,17.852783203125,-71.319580078125,0.08120888671875,-0.9160859619140626,0.0
,9997,,,,,22.8240966796875,-69.2596435546875,0.090324169921875,-0.9226116760253906,0.0
,9998,,,,,28.2989501953125,-66.925048828125,0.15247382812500002,-0.9034488647460938,0.0
,9999,,,,,34.5428466796875,-64.5172119140625,0.16231419067382813,-0.9076957580566406,0.0
