Unix Time,Sample Index,Speed,Torque,Power,Efficiency,Voltage alpha,Voltage beta,Current alpha,Current beta,Error flags
1775463066,0,1500.0,0.5741679704215223,0.09768563394659491,92.32593062777408,-71.5850830078125,-10.565185546875,-0.9100781616210938,0.21431273803710937,0.0
,1,,,,,-71.37451171875,-16.3330078125,-0.9045882751464844,0.17049722900390626,0.0
,2,,,,,-70.843505859375,-21.1944580078125,-0.9018951232910156,0.10772607421875001,0.0
,3,,,,,-70.166015625,-25.9735107421875,-0.9105960754394532,0.0335608154296875,0.0
,4,,,,,-68.7835693359375,-31.072998046875,-0.8840788879394531,-0.038843536376953126,0.0
,5,,,,,-67.3828125,-35.2935791015625,-0.8727883666992188,-0.08990983886718751,0.0
,6,,,,,-66.009521484375,-38.983154296875,-0.8660554870605469,-0.13849015502929687,0.0
,7,,,,,-64.12353515625,-42.15087890625,-0.8443031066894532,-0.21638439331054687,0.0
,8,,,,,-63.519287109375,-42.6727294921875,-0.8488607482910157,-0.31354502563476566,0.0
,9,,,,,-60.5072021484375,-46.0693359375,-0.8319767578125,-0.3708262939453125,0.0
,10,,,,,-57.31201171875,-48.8616943359375,-0.817164422607422,-0.4430234802246094,0.0
,11,,,,,-54.8675537109375,-49.0814208984375,-0.7953084594726563,-0.4787595336914063,0.0
,12,,,,,-50.68359375,-51.89208984375,-0.8031807495117188,-0.5483671508789063,0.0
,13,,,,,-45.611572265625,-56.06689453125,-0.7508714538574219,-0.5453632507324219,0.0
,14,,,,,-40.704345703125,-60.7177734375,-0.7428955810546876,-0.5813064697265625,0.0
,15,,,,,-34.2132568359375,-64.1693115234375,-0.6992872375488282,-0.5890751770019531,0.0
,16,,,,,-30.816650390625,-67.7032470703125,-0.6774312744140625,-0.6510176696777344,0.0
,17,,,,,-26.07421875,-70.71533203125,-0.5942543151855469,-0.6463564453125,0.0
,18,,,,,-22.320556640625,-72.8851318359375,-0.570948193359375,-0.7206252868652344,0.0
,19,,,,,-17.999267578125,-74.615478515625,-0.47710220947265625,-0.7114064208984375,0.0
,20,,,,,-14.007568359375,-75.54931640625,-0.4414697387695313,-0.7652694580078125,0.0
,21,,,,,-8.8897705078125,-76.3641357421875,-0.3680295593261719,-0.7878505004882813,0.0
,22,,,,,-4.669189453125,-76.849365234375,-0.33177559204101564,-0.854454217529297,0.0
,23,,,,,-1.2176513671875,-76.9500732421875,-0.22239219360351564,-0.8393311340332031,0.0
,24,,,,,2.069091796875,-76.6754150390625,-0.15765296630859377,-0.8630515869140625,0.0
,25,,,,,3.936767578125,-75.9979248046875,-0.08576652832031251,-0.8611870971679688,0.0
,26,,,,,7.7545166015625,-74.7161865234375,-0.060492333984375,-0.8869792053222657,0.0
,27,,,,,11.7279052734375,-72.8302001953125,-0.001346575927734375,-0.8859433776855469,0.0
,28,,,,,14.8223876953125,-70.5413818359375,0.05085913696289063,-0.8924690917968751,0.0
,29,,,,,20.654296875,-68.3074951171875,0.08970267333984375,-0.8976482299804688,0.0
,30,,,,,26.5869140625,-65.7623291015625,0.13030711669921877,-0.8889472778320313,0.0
,31,,,,,32.061767578125,-63.372802734375,0.145015869140625,-0.8770352600097656,0.0
,32,,,,,37.82958984375,-61.1572265625,0.1843773193359375,-0.859322607421875,0.0
,33,,,,,43.39599609375,-58.7493896484375,0.245283984375,-0.8312516784667969,0.0
,34,,,,,48.3489990234375,-56.304931640625,0.2959359558105469,-0.8119852844238281,0.0
,35,,,,,52.2125244140625,-53.9337158203125,0.3375762268066406,-0.7841215209960938,0.0
,36,,,,,55.99365234375,-51.0589599609375,0.3767305114746094,-0.7634049682617188,0.0
,37,,,,,59.637451171875,-47.2503662109375,0.4430234802246094,-0.7173106384277343,0.0
,38,,,,,62.87841796875,-43.0938720703125,0.523714453125,-0.66790166015625,0.0
,39,,,,,64.8284912109375,-39.9169921875,0.5977761291503907,-0.6325799377441407,0.0
,40,,,,,66.8975830078125,-35.9893798828125,0.6656228393554687,-0.6018158569335937,0.0
,41,,,,,68.719482421875,-31.5582275390625,0.7008409790039063,-0.5700159484863282,0.0
,42,,,,,68.5638427734375,-29.5623779296875,0.7485926330566407,-0.523714453125,0.0
,43,,,,,68.243408203125,-26.6876220703125,0.7865039245605469,-0.48248851318359376,0.0
,44,,,,,68.6004638671875,-22.613525390625,0.8324946716308594,-0.4619791259765625,0.0
,45,,,,,68.4173583984375,-18.4295654296875,0.8646053283691406,-0.43204370727539065,0.0
,46,,,,,69.085693359375,-12.3779296875,0.9001342163085938,-0.3694797180175781,0.0
,47,,,,,69.76318359375,-6.4910888671875,0.9075921752929688,-0.32172806396484377,0.0
,48,,,,,72.65625,3.22265625,0.889154443359375,-0.31323427734375003,0.0
,49,,,,,70.8251953125,6.11572265625,0.8888436950683594,-0.27490865478515625,0.0
,50,,,,,71.4019775390625,12.0025634765625,0.9059348510742188,-0.1985681579589844,0.0
,51,,,,,71.5118408203125,16.8365478515625,0.8972338989257813,-0.12533514404296875,0.0
,52,,,,,70.989990234375,21.3592529296875,0.885839794921875,-0.0758225830078125,0.0
,53,,,,,70.037841796875,26.605224609375,0.9009628784179687,0.01263709716796875,0.0
,54,,,,,69.122314453125,30.9906005859375,0.8986840576171875,0.08141605224609376,0.0
,55,,,,,68.0419921875,34.5245361328125,0.8841824707031251,0.15382040405273437,0.0
,56,,,,,66.082763671875,37.225341796875,0.8594261901855469,0.2088228515625,0.0
,57,,,,,64.947509765625,38.2965087890625,0.8515539001464844,0.2952108764648438,0.0
,58,,,,,62.4664306640625,41.7938232421875,0.8783818359375001,0.37610901489257814,0.0
,59,,,,,60.333251953125,44.20166015625,0.8412992065429687,0.4034548645019531,0.0
,60,,,,,58.154296875,45.59326171875,0.8223435607910157,0.44737395629882815,0.0
,61,,,,,54.38232421875,48.760986328125,0.8094992980957032,0.49595427246093754,0.0
,62,,,,,50.20751953125,51.8463134765625,0.8160250122070313,0.5404948608398438,0.0
,63,,,,,45.703125,56.2408447265625,0.7643372131347657,0.5501280578613281,0.0
,64,,,,,41.1346435546875,59.5550537109375,0.7377164428710937,0.5735377624511719,0.0
,65,,,,,32.7392578125,62.6678466796875,0.6896540405273438,0.6103096435546875,0.0
,66,,,,,31.5032958984375,66.119384765625,0.6622046081542969,0.6545394836425782,0.0
,67,,,,,26.7974853515625,69.0765380859375,0.577577490234375,0.6622046081542969,0.0
,68,,,,,22.760009765625,70.880126953125,0.5461919128417969,0.6598222045898438,0.0
,69,,,,,18.6767578125,72.0611572265625,0.49087871704101566,0.710163427734375,0.0
,70,,,,,13.458251953125,73.406982421875,0.4624970397949219,0.7795638793945313,0.0
,71,,,,,8.7799072265625,74.029541015625,0.4066659301757813,0.8231722229003906,0.0
,72,,,,,4.852294921875,73.7548828125,0.35145631713867187,0.8680235595703125,0.0
,73,,,,,1.1627197265625,73.6358642578125,0.2640324645996094,0.8653304077148438,0.0
,74,,,,,-1.57470703125,73.5626220703125,0.2084085205078125,0.8880150329589844,0.0
,75,,,,,-5.584716796875,72.9949951171875,0.1421155517578125,0.9025166198730469,0.0
,76,,,,,-8.111572265625,72.18017578125,0.09550330810546875,0.9155680480957031,0.0
,77,,,,,-10.675048828125,70.78857421875,0.03407872924804688,0.9212651000976563,0.0
,78,,,,,-16.0400390625,69.525146484375,0.014398004150390626,0.9419816528320313,0.0
,79,,,,,-20.9564208984375,67.63916015625,-0.03283573608398438,0.9327627868652344,0.0
,80,,,,,-26.165771484375,65.1947021484375,-0.09591763916015625,0.9116319030761719,0.0
,81,,,,,-31.9610595703125,62.457275390625,-0.12616380615234377,0.9033452819824219,0.0
,82,,,,,-38.2049560546875,59.65576171875,-0.15817088012695313,0.8960944885253906,0.0
,83,,,,,-44.0277099609375,56.9915771484375,-0.21472706909179687,0.8566294555664062,0.0
,84,,,,,-48.4130859375,54.473876953125,-0.2821594482421875,0.8208934020996094,0.0
,85,,,,,-52.606201171875,51.30615234375,-0.32566420898437504,0.8040094116210937,0.0
,86,,,,,-56.5338134765625,47.5799560546875,-0.4094626647949219,0.7570864196777344,0.0
,87,,,,,-60.2508544921875,44.329833984375,-0.4616683776855469,0.72425068359375,0.0
,88,,,,,-62.530517578125,42.1142578125,-0.5082806213378906,0.6772241088867188,0.0
,89,,,,,-64.874267578125,39.0289306640625,-0.5575860168457032,0.6394164001464844,0.0
,90,,,,,-67.4102783203125,34.8724365234375,-0.6388984863281251,0.5703266967773438,0.0
,91,,,,,-68.463134765625,32.6385498046875,-0.7048807067871093,0.5225750427246094,0.0
,92,,,,,-69.3695068359375,29.84619140625,-0.75408251953125,0.47896669921875,0.0
,93,,,,,-69.8455810546875,26.8524169921875,-0.7940654663085938,0.4455094665527344,0.0
,94,,,,,-69.195556640625,24.2340087890625,-0.8358093200683594,0.41319164428710936,0.0
,95,,,,,-70.220947265625,18.4295654296875,-0.8636730834960937,0.38719237060546874,0.0
,96,,,,,-71.026611328125,12.542724609375,-0.8896723571777344,0.3424446166992188,0.0
,97,,,,,-71.6400146484375,7.03125,-0.8914332641601562,0.3241104675292969,0.0
,98,,,,,-74.2401123046875,-2.7374267578125,-0.9147393859863282,0.2826773620605469,0.0
,99,,,,,-72.3907470703125,-5.767822265625,-0.93970283203125,0.21855963134765627,0.0
,100,,,,,-72.65625,-11.9293212890625,-0.9332807006835938,0.17619428100585938,0.0
,101,,,,,-72.802734375,-16.351318359375,-0.9180540344238282,0.11725568847656251,0.0
,102,,,,,-72.76611328125,-20.8465576171875,-0.9171217895507813,0.03387156372070313,0.0
,103,,,,,-72.0062255859375,-25.6622314453125,-0.9042775268554688,-0.025792108154296875,0.0
,104,,,,,-70.7427978515625,-29.791259765625,-0.8824215637207031,-0.07841215209960938,0.0
,105,,,,,-69.4244384765625,-32.940673828125,-0.8708202941894532,-0.11321596069335937,0.0
,106,,,,,-67.9046630859375,-37.17041015625,-0.879210498046875,-0.1964965026855469,0.0
,107,,,,,-66.2200927734375,-40.3564453125,-0.8750671875,-0.28247019653320316,0.0
,108,,,,,-64.92919921875,-41.3726806640625,-0.8718561218261719,-0.3612966796875,0.0
,109,,,,,-62.1002197265625,-43.9178466796875,-0.8339448303222656,-0.40708026123046875,0.0
,110,,,,,-58.99658203125,-45.73974609375,-0.8234829711914062,-0.45369250488281254,0.0
,111,,,,,-55.8837890625,-46.69189453125,-0.8248295471191407,-0.49067155151367187,0.0
,112,,,,,-50.921630859375,-50.9857177734375,-0.83031943359375,-0.5590361755371094,0.0
,113,,,,,-45.7305908203125,-55.023193359375,-0.8057703186035157,-0.5787169006347657,0.0
,114,,,,,-41.0430908203125,-58.575439453125,-0.7885755798339844,-0.6182855163574219,0.0
,115,,,,,-33.4442138671875,-62.1734619140625,-0.7477639709472657,-0.6285402099609375,0.0
,116,,,,,-32.1075439453125,-65.679931640625,-0.73750927734375,-0.6988729064941407,0.0
,117,,,,,-26.5228271484375,-68.9666748046875,-0.6374483276367188,-0.69110419921875,0.0
,118,,,,,-21.6796875,-71.1822509765625,-0.6035767639160157,-0.7612297302246094,0.0
,119,,,,,-17.486572265625,-72.98583984375,-0.5273398498535157,-0.7605046508789063,0.0
,120,,,,,-13.531494140625,-74.176025390625,-0.5143920043945313,-0.8307337646484375,0.0
,121,,,,,-8.5418701171875,-75.0640869140625,-0.4219961791992188,-0.8389168029785157,0.0
,122,,,,,-3.8818359375,-75.7598876953125,-0.3540458862304688,-0.8776567565917969,0.0
,123,,,,,0.3204345703125,-75.3387451171875,-0.2672435302734375,-0.868437890625,0.0
,124,,,,,4.3121337890625,-74.615478515625,-0.232025390625,-0.9267549865722656,0.0
,125,,,,,6.6925048828125,-73.956298828125,-0.1500914245605469,-0.9200221069335938,0.0
,126,,,,,10.65673828125,-72.8485107421875,-0.07903364868164063,-0.92312958984375,0.0
,127,,,,,14.227294921875,-71.649169921875,-0.0047648071289062505,-0.9153608825683595,0.0
,128,,,,,16.80908203125,-69.6807861328125,0.0327321533203125,-0.9285158935546876,0.0
,129,,,,,21.6064453125,-67.6300048828125,0.07613333129882813,-0.9270657348632813,0.0
,130,,,,,27.8961181640625,-64.947509765625,0.10606875,-0.9401171630859375,0.0
,131,,,,,34.185791015625,-62.3291015625,0.11197296752929688,-0.9428103149414063,0.0
,132,,,,,39.6331787109375,-59.9578857421875,0.1553741455078125,-0.9056241027832032,0.0
,133,,,,,44.8974609375,-57.3577880859375,0.20322938232421875,-0.8777603393554688,0.0
,134,,,,,50.3997802734375,-54.034423828125,0.26175364379882815,-0.8513467346191407,0.0
,135,,,,,54.876708984375,-51.2969970703125,0.3249391296386719,-0.8203754882812501,0.0
,136,,,,,58.4197998046875,-48.7060546875,0.35756770019531253,-0.8122960327148437,0.0
,137,,,,,61.5142822265625,-45.8953857421875,0.4241714172363281,-0.763197802734375,0.0
,138,,,,,65.0482177734375,-42.0684814453125,0.5077627075195312,-0.6999087341308594,0.0
,139,,,,,67.584228515625,-38.323974609375,0.5621436584472657,-0.6549538146972657,0.0
,140,,,,,69.268798828125,-35.41259765625,0.6345480102539063,-0.6131063781738282,0.0
,141,,,,,70.49560546875,-32.244873046875,0.7131673278808593,-0.5572752685546876,0.0
,142,,,,,70.184326171875,-31.2286376953125,0.7837071899414063,-0.5120096008300782,0.0
,143,,,,,70.916748046875,-27.7130126953125,0.8296979370117188,-0.4637400329589844,0.0
,144,,,,,71.7681884765625,-22.8424072265625,0.86678056640625,-0.42738248291015624,0.0
,145,,,,,71.4569091796875,-19.15283203125,0.8992019714355469,-0.37942366333007815,0.0
,146,,,,,72.0703125,-13.5589599609375,0.9325556213378906,-0.3528028930664063,0.0
,147,,,,,72.5006103515625,-8.001708984375,0.9418780700683594,-0.3285645263671875,0.0
,148,,,,,76.6204833984375,4.193115234375,0.9497503601074219,-0.2879600830078125,0.0
,149,,,,,73.956298828125,4.6417236328125,0.9327627868652344,-0.24134783935546875,0.0
,150,,,,,74.5697021484375,9.613037109375,0.9429138977050782,-0.17236171875,0.0
,151,,,,,74.560546875,15.0054931640625,0.9349380249023438,-0.10410067749023438,0.0
,152,,,,,74.08447265625,20.8099365234375,0.9261334899902344,-0.045990747070312504,0.0
,153,,,,,73.443603515625,25.9002685546875,0.9328663696289062,0.024341949462890627,0.0
,154,,,,,72.25341796875,29.3792724609375,0.9439497253417969,0.11321596069335937,0.0
,155,,,,,70.3948974609375,33.1512451171875,0.9366989318847656,0.2125518310546875,0.0
,156,,,,,67.9595947265625,36.859130859375,0.9323484558105469,0.2620643920898438,0.0
,157,,,,,66.3299560546875,38.6810302734375,0.9408422424316406,0.33695473022460937,0.0
,158,,,,,64.0777587890625,41.1895751953125,0.9570011535644531,0.41712778930664063,0.0
,159,,,,,61.7340087890625,43.231201171875,0.9267549865722656,0.46311853637695316,0.0
,160,,,,,58.245849609375,44.879150390625,0.9030345336914063,0.510455859375,0.0
,161,,,,,53.8787841796875,48.046875,0.9013772094726563,0.5632830688476562,0.0
,162,,,,,50.225830078125,50.1800537109375,0.8919511779785156,0.5992262878417969,0.0
,163,,,,,45.7122802734375,53.86962890625,0.8127103637695313,0.5830673767089843,0.0
,164,,,,,40.1275634765625,57.8704833984375,0.80048759765625,0.606684246826172,0.0
,165,,,,,32.2357177734375,61.944580078125,0.7693091857910157,0.6383805725097657,0.0
,166,,,,,31.1553955078125,65.5792236328125,0.7156533142089844,0.6588899597167969,0.0
,167,,,,,26.824951171875,68.572998046875,0.6226359924316407,0.6576469665527344,0.0
,168,,,,,21.3226318359375,71.6217041015625,0.599122705078125,0.6730807983398438,0.0
,169,,,,,16.3421630859375,73.736572265625,0.5139776733398438,0.6859250610351563,0.0
,170,,,,,12.0849609375,74.67041015625,0.4652937744140625,0.7525287780761719,0.0
,171,,,,,7.818603515625,75.5218505859375,0.41930302734375,0.8163357604980469,0.0
,172,,,,,2.4993896484375,75.970458984375,0.38222039794921875,0.8605656005859376,0.0
,173,,,,,-2.2613525390625,75.6591796875,0.28619917602539063,0.8611870971679688,0.0
,174,,,,,-5.3192138671875,74.9359130859375,0.22529251098632813,0.8829394775390625,0.0
,175,,,,,-8.990478515625,73.699951171875,0.17557278442382812,0.9093530822753907,0.0
,176,,,,,-11.883544921875,72.509765625,0.11000489501953126,0.9256155761718751,0.0
,177,,,,,-14.61181640625,70.93505859375,0.057177685546875,0.9343165283203125,0.0
,178,,,,,-18.4844970703125,69.3511962890625,0.021648797607421874,0.9498539428710938,0.0
,179,,,,,-22.833251953125,67.4285888671875,-0.0236168701171875,0.935559521484375,0.0
,180,,,,,-28.9031982421875,65.2679443359375,-0.08783818359375001,0.9083172546386719,0.0
,181,,,,,-35.0372314453125,62.823486328125,-0.1255423095703125,0.9029309509277345,0.0
,182,,,,,-40.191650390625,60.64453125,-0.17660861206054687,0.8675056457519531,0.0
,183,,,,,-45.355224609375,58.5296630859375,-0.20768344116210938,0.8332197509765625,0.0
,184,,,,,-50.6195068359375,55.5999755859375,-0.2644467956542969,0.8020413391113281,0.0
,185,,,,,-55.279541015625,52.6885986328125,-0.3210029846191406,0.7778029724121094,0.0
,186,,,,,-58.3831787109375,50.335693359375,-0.3984828918457031,0.7524251953125001,0.0
,187,,,,,-61.6058349609375,47.149658203125,-0.48424942016601563,0.7039484619140626,0.0
,188,,,,,-64.0869140625,44.4122314453125,-0.5513710510253906,0.6525714111328125,0.0
,189,,,,,-66.796875,40.5853271484375,-0.5856569458007813,0.6168353576660156,0.0
,190,,,,,-69.10400390625,37.0697021484375,-0.6500854248046876,0.5639045654296875,0.0
,191,,,,,-69.3878173828125,36.1724853515625,-0.7331588012695313,0.5138740905761718,0.0
,192,,,,,-70.257568359375,32.8582763671875,-0.7771814758300781,0.4684012573242188,0.0
,193,,,,,-71.4569091796875,28.52783203125,-0.8038022460937501,0.4392945007324219,0.0
,194,,,,,-70.843505859375,25.8453369140625,-0.8432672790527344,0.40625159912109376,0.0
,195,,,,,-71.2646484375,21.27685546875,-0.8653304077148438,0.38035590820312504,0.0
,196,,,,,-71.7041015625,15.41748046875,-0.8677128112792969,0.3567390380859375,0.0
,197,,,,,-72.564697265625,8.349609375,-0.8829394775390625,0.32379971923828127,0.0
,198,,,,,-75.6317138671875,-2.0233154296875,-0.9254084106445313,0.2650682922363281,0.0
,199,,,,,-73.5260009765625,-3.11279296875,-0.934730859375,0.23016090087890625,0.0
,200,,,,,-73.681640625,-8.2763671875,-0.9279979797363281,0.18603464355468752,0.0
,201,,,,,-73.35205078125,-13.8336181640625,-0.9434318115234376,0.113526708984375,0.0
,202,,,,,-72.637939453125,-19.2352294921875,-0.9594871398925782,0.03449306030273438,0.0
,203,,,,,-71.795654296875,-23.1903076171875,-0.9486109497070313,-0.03045333251953125,0.0
,204,,,,,-70.2850341796875,-27.227783203125,-0.9175361206054687,-0.08504144897460937,0.0
,205,,,,,-67.9229736328125,-31.8695068359375,-0.9232331726074219,-0.13849015502929687,0.0
,206,,,,,-65.606689453125,-36.126708984375,-0.9327627868652344,-0.2192847106933594,0.0
,207,,,,,-63.4368896484375,-38.5345458984375,-0.9256155761718751,-0.3042225769042969,0.0
,208,,,,,-62.1826171875,-38.8641357421875,-0.8946443298339845,-0.36492207641601565,0.0
,209,,,,,-59.2437744140625,-41.8121337890625,-0.8712346252441406,-0.41132715454101565,0.0
,210,,,,,-56.2774658203125,-45.0164794921875,-0.8665734008789063,-0.45980388793945315,0.0
,211,,,,,-53.668212890625,-45.99609375,-0.8117781188964844,-0.4716123229980469,0.0
,212,,,,,-49.365234375,-49.1180419921875,-0.8169572570800782,-0.5282720947265626,0.0
,213,,,,,-44.0093994140625,-52.8717041015625,-0.7981051940917969,-0.5508531372070312,0.0
,214,,,,,-38.580322265625,-57.1563720703125,-0.7788388000488281,-0.5879357666015625,0.0
,215,,,,,-32.26318359375,-60.791015625,-0.7340910461425781,-0.5806849731445313,0.0
,216,,,,,-29.2327880859375,-64.031982421875,-0.7223861938476562,-0.6558860595703125,0.0
,217,,,,,-23.6572265625,-67.254638671875,-0.6420059692382812,-0.6576469665527344,0.0
,218,,,,,-18.914794921875,-69.8822021484375,-0.5961188049316406,-0.7009445617675781,0.0
,219,,,,,-14.9139404296875,-71.8231201171875,-0.5203998046875,-0.7081953552246094,0.0
,220,,,,,-10.65673828125,-73.1781005859375,-0.4653973571777344,-0.7500427917480469,0.0
,221,,,,,-5.2642822265625,-74.1302490234375,-0.37227645263671877,-0.7500427917480469,0.0
,222,,,,,-0.8514404296875,-74.59716796875,-0.37279436645507813,-0.8199611572265625,0.0
,223,,,,,2.7374267578125,-74.6795654296875,-0.2917926452636719,-0.8304230163574219,0.0
,224,,,,,6.33544921875,-74.30419921875,-0.2491165466308594,-0.8744456909179688,0.0
,225,,,,,8.404541015625,-73.5260009765625,-0.14284063110351564,-0.8625336730957032,0.0
,226,,,,,11.8743896484375,-72.1893310546875,-0.07219718627929687,-0.8683343078613281,0.0
,227,,,,,15.2801513671875,-70.806884765625,-0.024549114990234377,-0.8779675048828125,0.0
,228,,,,,17.9168701171875,-69.10400390625,0.018023400878906252,-0.9146358032226563,0.0
,229,,,,,23.3642578125,-67.0806884765625,0.07105777587890626,-0.9079029235839844,0.0
,230,,,,,28.9947509765625,-64.8101806640625,0.09881795654296875,-0.8912260986328125,0.0
,231,,,,,34.1766357421875,-62.9058837890625,0.13558983764648438,-0.8653304077148438,0.0
,232,,,,,39.4866943359375,-60.9100341796875,0.18282357788085937,-0.8451317687988281,0.0
,233,,,,,44.3023681640625,-58.7310791015625,0.2150378173828125,-0.8365343994140625,0.0
,234,,,,,49.76806640625,-55.5816650390625,0.2702474304199219,-0.8085670532226563,0.0
,235,,,,,54.0618896484375,-52.6702880859375,0.3335364990234375,-0.7818427001953125,0.0
,236,,,,,57.23876953125,-50.0885009765625,0.3860529602050781,-0.7548075988769531,0.0
,237,,,,,59.9029541015625,-47.6806640625,0.4407446594238281,-0.7178285522460938,0.0
,238,,,,,63.262939453125,-43.798828125,0.5193639770507813,-0.6657264221191407,0.0
,239,,,,,65.73486328125,-40.557861328125,0.603266015625,-0.6109311401367188,0.0
,240,,,,,66.375732421875,-39.5599365234375,0.6648977600097656,-0.565976220703125,0.0
,241,,,,,67.4835205078125,-36.456298828125,0.7194858764648437,-0.5236108703613281,0.0
,242,,,,,68.5089111328125,-33.0230712890625,0.7619548095703125,-0.4830064270019531,0.0
,243,,,,,68.3807373046875,-30.1025390625,0.8011090942382812,-0.4476847045898438,0.0
,244,,,,,68.6737060546875,-26.0467529296875,0.8475141723632813,-0.4089447509765625,0.0
,245,,,,,68.9849853515625,-21.38671875,0.8716489562988281,-0.3754875183105469,0.0
,246,,,,,69.7357177734375,-15.27099609375,0.9012736267089844,-0.3335364990234375,0.0
,247,,,,,70.5047607421875,-8.953857421875,0.9023094543457032,-0.3128199462890625,0.0
,248,,,,,67.56591796875,-8.953857421875,0.9011700439453125,-0.2839203552246094,0.0
,249,,,,,72.9766845703125,5.474853515625,0.9196077758789063,-0.23181822509765626,0.0
,250,,,,,71.74072265625,7.14111328125,0.9133928100585937,-0.17847310180664064,0.0
,251,,,,,71.5576171875,13.0645751953125,0.9137035583496094,-0.10627591552734375,0.0
,252,,,,,71.1181640625,18.05419921875,0.9270657348632813,-0.040604443359375,0.0
,253,,,,,70.5963134765625,22.44873046875,0.9293445556640625,0.019887890625,0.0
,254,,,,,69.3145751953125,26.8157958984375,0.9311054626464844,0.08224471435546875,0.0
,255,,,,,67.5750732421875,31.6314697265625,0.9138071411132813,0.13942239990234376,0.0
,256,,,,,65.679931640625,35.7147216796875,0.9155680480957031,0.20374729614257814,0.0
,257,,,,,63.482666015625,39.093017578125,0.9012736267089844,0.28744216918945314,0.0
,258,,,,,61.1663818359375,41.9677734375,0.9097674133300782,0.3609859313964844,0.0
,259,,,,,59.4451904296875,43.5333251953125,0.8849075500488282,0.40500860595703125,0.0
,260,,,,,56.4239501953125,46.0235595703125,0.8826287292480469,0.4641543640136719,0.0
,261,,,,,53.21044921875,48.6602783203125,0.8783818359375001,0.5098343627929688,0.0
,262,,,,,49.69482421875,50.8209228515625,0.854454217529297,0.5496101440429688,0.0
,263,,,,,44.6136474609375,54.913330078125,0.8205826538085937,0.5806849731445313,0.0
,264,,,,,39.2669677734375,58.7677001953125,0.8260725402832032,0.61486728515625,0.0
,265,,,,,31.915283203125,62.14599609375,0.7750062377929687,0.6353766723632813,0.0
,266,,,,,29.69970703125,65.8172607421875,0.7280832458496094,0.6477030212402344,0.0
,267,,,,,24.8382568359375,68.8385009765625,0.6519499145507812,0.6556788940429688,0.0
,268,,,,,19.2352294921875,71.0540771484375,0.6285402099609375,0.6819889160156251,0.0
,269,,,,,14.5477294921875,73.114013671875,0.5714661071777344,0.6968012512207031,0.0
,270,,,,,10.2630615234375,74.395751953125,0.5102486938476563,0.7482818847656251,0.0
,271,,,,,5.9600830078125,74.9359130859375,0.43256162109375,0.7852609313964845,0.0
,272,,,,,0.8148193359375,75.7965087890625,0.3858457946777344,0.8375702270507813,0.0
,273,,,,,-3.4881591796875,76.1444091796875,0.30722647705078127,0.8652268249511719,0.0
,274,,,,,-5.23681640625,75.8148193359375,0.24714847412109375,0.8905010192871095,0.0
,275,,,,,-8.331298828125,75.1556396484375,0.16811482543945314,0.9021022888183594,0.0
,276,,,,,-11.517333984375,74.0478515625,0.11155863647460938,0.9210579345703125,0.0
,277,,,,,-13.568115234375,72.198486328125,0.05034122314453125,0.9235439208984375,0.0
,278,,,,,-17.4407958984375,70.3216552734375,0.003418231201171875,0.9294481384277344,0.0
,279,,,,,-22.3663330078125,68.316650390625,-0.05603827514648438,0.9253048278808594,0.0
,280,,,,,-28.3355712890625,66.2200927734375,-0.10327201538085938,0.9027237854003907,0.0
,281,,,,,-34.27734375,64.0045166015625,-0.12326348876953125,0.905727685546875,0.0
,282,,,,,-39.3951416015625,61.7156982421875,-0.18634539184570312,0.8791069152832032,0.0
,283,,,,,-44.4305419921875,59.2529296875,-0.2287107421875,0.8530040588378907,0.0
,284,,,,,-49.2462158203125,56.707763671875,-0.3096088806152344,0.7978980285644531,0.0
,285,,,,,-53.61328125,54.19921875,-0.39351091918945313,0.7526323608398438,0.0
,286,,,,,-56.671142578125,52.2216796875,-0.4695406677246094,0.7047771240234375,0.0
,287,,,,,-59.490966796875,49.346923828125,-0.5321046569824219,0.6700768981933594,0.0
,288,,,,,-62.347412109375,45.7672119140625,-0.59497939453125,0.6368268310546875,0.0
,289,,,,,-64.8651123046875,42.095947265625,-0.6596150390625001,0.5951865600585937,0.0
,290,,,,,-66.1376953125,38.7451171875,-0.710163427734375,0.5577931823730469,0.0
,291,,,,,-66.339111328125,37.4176025390625,-0.7564649230957031,0.5207105529785157,0.0
,292,,,,,-66.97998046875,34.368896484375,-0.7842251037597656,0.48870347900390626,0.0
,293,,,,,-67.93212890625,29.77294921875,-0.8189253295898438,0.4572143188476563,0.0
,294,,,,,-67.67578125,26.69677734375,-0.8840788879394531,0.41547046508789065,0.0
,295,,,,,-68.26171875,22.0733642578125,-0.9245797485351562,0.38056307373046877,0.0
,296,,,,,-69.1864013671875,16.11328125,-0.9414637390136719,0.34078729248046874,0.0
,297,,,,,-70.4864501953125,8.9447021484375,-0.9483002014160157,0.3061906494140625,0.0
,298,,,,,-71.6217041015625,2.4627685546875,-0.9369060974121094,0.27604806518554686,0.0
,299,,,,,-72.418212890625,-3.131103515625,-0.922404510498047,0.24310874633789062,0.0
,300,,,,,-72.3541259765625,-8.258056640625,-0.9278943969726563,0.181477001953125,0.0
,301,,,,,-72.3724365234375,-13.00048828125,-0.9556545776367188,0.11870584716796875,0.0
,302,,,,,-71.9512939453125,-19.2352294921875,-0.9498539428710938,0.06867537231445313,0.0
,303,,,,,-70.989990234375,-24.4354248046875,-0.945503466796875,0.016055328369140625,0.0
,304,,,,,-69.561767578125,-28.5369873046875,-0.9688095886230469,-0.0700219482421875,0.0
,305,,,,,-67.7398681640625,-32.62939453125,-0.9578298156738282,-0.11860226440429687,0.0
,306,,,,,-65.2313232421875,-37.2161865234375,-0.9287230590820312,-0.1669754150390625,0.0
,307,,,,,-62.4847412109375,-40.8050537109375,-0.9227152587890626,-0.23430421142578126,0.0
,308,,,,,-61.1846923828125,-41.839599609375,-0.9085244201660156,-0.3148916015625,0.0
,309,,,,,-58.8043212890625,-44.71435546875,-0.88335380859375,-0.36813314208984377,0.0
,310,,,,,-55.8197021484375,-47.589111328125,-0.8625336730957032,-0.42976488647460936,0.0
,311,,,,,-53.0364990234375,-48.9990234375,-0.81706083984375,-0.45441758422851564,0.0
,312,,,,,-49.2645263671875,-52.0294189453125,-0.8216184814453126,-0.5128382629394531,0.0
,313,,,,,-44.53125,-55.2978515625,-0.8076348083496094,-0.5340727294921875,0.0
,314,,,,,-46.7559814453125,-59.14306640625,-0.8032843322753906,-0.5732270141601563,0.0
,315,,,,,-28.9306640625,-62.786865234375,-0.7511822021484376,-0.5772667419433594,0.0
,316,,,,,-29.461669921875,-66.3299560546875,-0.7656837890625,-0.6602365356445312,0.0
,317,,,,,-24.664306640625,-69.5892333984375,-0.683646240234375,-0.6558860595703125,0.0
,318,,,,,-19.4549560546875,-72.0977783203125,-0.6382769897460938,-0.7254936767578125,0.0
,319,,,,,-14.83154296875,-74.1485595703125,-0.5371802124023438,-0.7181393005371094,0.0
,320,,,,,-11.114501953125,-75.0823974609375,-0.479795361328125,-0.7619548095703125,0.0
,321,,,,,-6.756591796875,-76.0162353515625,-0.38449921875000004,-0.7587437438964844,0.0
,322,,,,,-2.1514892578125,-76.7120361328125,-0.35321722412109374,-0.8262797058105469,0.0
,323,,,,,1.9683837890625,-77.16064453125,-0.25263836059570316,-0.8229650573730469,0.0
,324,,,,,4.8431396484375,-76.885986328125,-0.16749332885742188,-0.8403669616699219,0.0
,325,,,,,5.6396484375,-76.3458251953125,-0.07437242431640625,-0.8330125854492187,0.0
,326,,,,,9.246826171875,-75.18310546875,-0.04174385375976562,-0.862740838623047,0.0
,327,,,,,13.934326171875,-73.7457275390625,0.021855963134765625,-0.858597528076172,0.0
,328,,,,,16.5618896484375,-72.1343994140625,0.07105777587890626,-0.869266552734375,0.0
,329,,,,,21.533203125,-70.2484130859375,0.09229224243164062,-0.8986840576171875,0.0
,330,,,,,26.7974853515625,-67.822265625,0.1093833984375,-0.9163967102050782,0.0
,331,,,,,33.0230712890625,-65.4510498046875,0.15931029052734375,-0.8911225158691407,0.0
,332,,,,,38.78173828125,-63.02490234375,0.2125518310546875,-0.8495858276367187,0.0
,333,,,,,43.267822265625,-60.46142578125,0.2415550048828125,-0.8373630615234375,0.0
,334,,,,,47.735595703125,-57.952880859375,0.294175048828125,-0.817889501953125,0.0
,335,,,,,52.11181640625,-54.730224609375,0.3506276550292969,-0.8005911804199219,0.0
,336,,,,,55.95703125,-51.81884765625,0.400243798828125,-0.7826713623046875,0.0
,337,,,,,58.538818359375,-49.5025634765625,0.4728553161621094,-0.740927508544922,0.0
,338,,,,,61.4044189453125,-46.124267578125,0.5575860168457032,-0.6867537231445313,0.0
,339,,,,,63.592529296875,-42.88330078125,0.6277115478515625,-0.6501890075683594,0.0
,340,,,,,65.9637451171875,-38.1500244140625,0.6964905029296875,-0.6141422058105469,0.0
,341,,,,,67.5018310546875,-34.3414306640625,0.7530466918945313,-0.5715696899414062,0.0
,342,,,,,67.254638671875,-33.4625244140625,0.8018341735839845,-0.5205033874511719,0.0
,343,,,,,68.1427001953125,-30.047607421875,0.8443031066894532,-0.48010610961914063,0.0
,344,,,,,69.3603515625,-25.0030517578125,0.8763101806640625,-0.44022674560546876,0.0
,345,,,,,69.3145751953125,-20.709228515625,0.8931941711425782,-0.4007617126464844,0.0
,346,,,,,70.05615234375,-15.380859375,0.8936085021972656,-0.38139173583984376,0.0
,347,,,,,70.7244873046875,-9.466552734375,0.8883257812500001,-0.3652328247070313,0.0
,348,,,,,75.54931640625,4.4219970703125,0.905727685546875,-0.32545704345703125,0.0
,349,,,,,72.1160888671875,4.0557861328125,0.9255119934082031,-0.2692116027832031,0.0
,350,,,,,72.3907470703125,9.4390869140625,0.9073850097656251,-0.229539404296875,0.0
,351,,,,,72.0794677734375,14.8681640625,0.9192970275878907,-0.1500914245605469,0.0
,352,,,,,71.282958984375,20.3521728515625,0.9400135803222657,-0.08069097290039062,0.0
,353,,,,,70.3948974609375,25.74462890625,0.937216845703125,-0.0004143310546875,0.0
,354,,,,,69.10400390625,29.8095703125,0.9247869140625,0.06080308227539063,0.0
,355,,,,,67.4285888671875,33.966064453125,0.920643603515625,0.13196444091796874,0.0
,356,,,,,65.22216796875,38.580322265625,0.92312958984375,0.18551672973632813,0.0
,357,,,,,62.933349609375,42.718505859375,0.9105960754394532,0.2589569091796875,0.0
,358,,,,,60.8001708984375,45.172119140625,0.8996163024902344,0.3311540954589844,0.0
,359,,,,,59.65576171875,45.59326171875,0.8873935363769532,0.4005545471191406,0.0
,360,,,,,56.8267822265625,47.9278564453125,0.8815929016113282,0.4652937744140625,0.0
,361,,,,,53.43017578125,51.361083984375,0.8363272338867188,0.5018584899902344,0.0
,362,,,,,50.0885009765625,52.880859375,0.8192360778808594,0.5338655639648437,0.0
,363,,,,,45.5841064453125,56.488037109375,0.7849501831054688,0.544431005859375,0.0
,364,,,,,40.46630859375,60.4339599609375,0.7565685058593751,0.5773703247070313,0.0
,365,,,,,33.526611328125,64.0045166015625,0.7261151733398438,0.6196320922851563,0.0
,366,,,,,30.9906005859375,66.97998046875,0.7064344482421875,0.6528821594238281,0.0
,367,,,,,26.4495849609375,69.9920654296875,0.6356874206542968,0.6722521362304688,0.0
,368,,,,,20.947265625,72.9400634765625,0.5798563110351562,0.6711127258300782,0.0
,369,,,,,16.3604736328125,74.8260498046875,0.48673540649414065,0.701876806640625,0.0
,370,,,,,12.6983642578125,76.1810302734375,0.4396052490234375,0.7592616577148438,0.0
,371,,,,,8.624267578125,76.922607421875,0.40635518188476566,0.8160250122070313,0.0
,372,,,,,4.5684814453125,77.4078369140625,0.3694797180175781,0.8666769836425782,0.0
,373,,,,,0.0274658203125,77.23388671875,0.261028564453125,0.870923876953125,0.0
,374,,,,,-1.8310546875,76.373291015625,0.18396298828125002,0.8976482299804688,0.0
,375,,,,,-4.50439453125,75.6591796875,0.13890448608398437,0.9282051452636719,0.0
,376,,,,,-7.4249267578125,74.4140625,0.07965514526367187,0.945503466796875,0.0
,377,,,,,-10.14404296875,71.9879150390625,0.017505487060546877,0.9487145324707031,0.0
,378,,,,,-15.19775390625,69.818115234375,-0.02838167724609375,0.9473679565429688,0.0
,379,,,,,-19.9493408203125,67.63916015625,-0.05945650634765625,0.9418780700683594,0.0
,380,,,,,-25.323486328125,65.679931640625,-0.12958203735351562,0.9190898620605469,0.0
,381,,,,,-31.475830078125,63.2080078125,-0.18800271606445312,0.9043811096191406,0.0
,382,,,,,-36.95068359375,60.882568359375,-0.24228008422851563,0.860979931640625,0.0
,383,,,,,-41.4825439453125,58.5113525390625,-0.2704545959472656,0.8313552612304688,0.0
,384,,,,,-45.8770751953125,56.2774658203125,-0.3347794921875,0.8076348083496094,0.0
,385,,,,,-50.4180908203125,53.4393310546875,-0.36699373168945315,0.7862967590332032,0.0
,386,,,,,-53.961181640625,50.68359375,-0.4322508728027344,0.7505607055664063,0.0
,387,,,,,-56.8634033203125,48.046875,-0.4788631164550781,0.7313978942871094,0.0
,388,,,,,-59.564208984375,44.93408203125,-0.5468134094238282,0.6763954467773438,0.0
,389,,,,,-62.5579833984375,40.72265625,-0.5977761291503907,0.6383805725097657,0.0
,390,,,,,-64.5904541015625,36.8408203125,-0.6465636108398438,0.5978797119140625,0.0
,391,,,,,-65.0482177734375,35.0921630859375,-0.6992872375488282,0.5524068786621094,0.0
,392,,,,,-66.2017822265625,31.4208984375,-0.7546004333496094,0.5099379455566406,0.0
,393,,,,,-67.1722412109375,27.593994140625,-0.7843286865234376,0.47751654052734377,0.0
,394,,,,,-67.2271728515625,24.4903564453125,-0.8259689575195313,0.436704931640625,0.0
,395,,,,,-68.0145263671875,19.6929931640625,-0.8708202941894532,0.39278583984375004,0.0
,396,,,,,-68.6004638671875,14.556884765625,-0.8849075500488282,0.3499025756835938,0.0
,397,,,,,-69.580078125,7.9010009765625,-0.88335380859375,0.3216244812011719,0.0
,398,,,,,-72.3724365234375,-2.2613525390625,-0.8771388427734376,0.3001828491210938,0.0
,399,,,,,-70.60546875,-4.156494140625,-0.9039667785644532,0.2516025329589844,0.0
,400,,,,,-70.8160400390625,-10.0250244140625,-0.9134963928222657,0.20146847534179688,0.0
,401,,,,,-70.5322265625,-15.948486328125,-0.909974578857422,0.141701220703125,0.0
,402,,,,,-70.0927734375,-21.5606689453125,-0.9187791137695313,0.07893006591796875,0.0
,403,,,,,-69.54345703125,-25.59814453125,-0.9080065063476562,0.025895690917968752,0.0
,404,,,,,-68.5272216796875,-29.8553466796875,-0.8977518127441406,-0.05230929565429688,0.0
,405,,,,,-66.796875,-34.4512939453125,-0.8986840576171875,-0.11135147094726563,0.0
,406,,,,,-64.874267578125,-38.8092041015625,-0.8985804748535157,-0.1611747802734375,0.0
,407,,,,,-63.1805419921875,-41.7388916015625,-0.8759994323730469,-0.2291250732421875,0.0
,408,,,,,-62.347412109375,-42.4346923828125,-0.8496894104003907,-0.31830983276367186,0.0
,409,,,,,-59.5458984375,-45.135498046875,-0.8231722229003906,-0.36481849365234376,0.0
,410,,,,,-56.6162109375,-47.607421875,-0.8238973022460938,-0.4264502380371094,0.0
,411,,,,,-54.217529296875,-48.30322265625,-0.7831892761230469,-0.446648876953125,0.0
,412,,,,,-50.06103515625,-51.26953125,-0.7667196166992187,-0.5056910522460938,0.0
,413,,,,,-44.7601318359375,-55.352783203125,-0.7456923156738281,-0.5257861083984375,0.0
,414,,,,,-39.6331787109375,-59.5916748046875,-0.751596533203125,-0.5765416625976563,0.0
,415,,,,,-33.636474609375,-62.9241943359375,-0.6702840637207031,-0.567633544921875,0.0
,416,,,,,-30.999755859375,-66.229248046875,-0.6568183044433594,-0.6450098693847657,0.0
,417,,,,,-25.78125,-69.2413330078125,-0.5990191223144531,-0.6450098693847657,0.0
,418,,,,,-21.240234375,-71.4935302734375,-0.5738485107421876,-0.7104741760253906,0.0
,419,,,,,-17.633056640625,-73.3795166015625,-0.4977151794433594,-0.7189679626464844,0.0
,420,,,,,-14.1448974609375,-74.89013671875,-0.4612540466308594,-0.7865039245605469,0.0
,421,,,,,-9.1827392578125,-75.933837890625,-0.3659579040527344,-0.7903364868164062,0.0
,422,,,,,-4.833984375,-76.2542724609375,-0.3105411254882813,-0.8319767578125,0.0
,423,,,,,-1.629638671875,-76.0528564453125,-0.22311727294921876,-0.8431636962890625,0.0
,424,,,,,1.9134521484375,-75.3753662109375,-0.1795089294433594,-0.8881186157226563,0.0
,425,,,,,4.0740966796875,-74.3316650390625,-0.1122837158203125,-0.8926762573242187,0.0
,426,,,,,7.6080322265625,-72.967529296875,-0.05873142700195313,-0.9185719482421876,0.0
,427,,,,,11.4349365234375,-71.319580078125,0.004868389892578125,-0.910699658203125,0.0
,428,,,,,14.4927978515625,-69.17724609375,0.027449432373046877,-0.918986279296875,0.0
,429,,,,,20.526123046875,-67.0440673828125,0.0658786376953125,-0.9177432861328125,0.0
,430,,,,,26.40380859375,-65.0390625,0.1081404052734375,-0.9050026062011719,0.0
,431,,,,,31.7138671875,-63.079833984375,0.15516697998046874,-0.8866684570312501,0.0
,432,,,,,37.408447265625,-61.12060546875,0.19152453002929687,-0.8701987976074219,0.0
,433,,,,,43.0755615234375,-58.7127685546875,0.24134783935546875,-0.8244152160644531,0.0
,434,,,,,48.2025146484375,-55.8563232421875,0.2828845275878906,-0.8100172119140625,0.0
,435,,,,,51.800537109375,-53.8970947265625,0.3354009887695313,-0.7760420654296876,0.0
,436,,,,,55.517578125,-51.4068603515625,0.3799415771484375,-0.7456923156738281,0.0
,437,,,,,59.1705322265625,-47.5067138671875,0.4414697387695313,-0.7188643798828125,0.0
,438,,,,,62.274169921875,-42.9473876953125,0.5000975830078125,-0.713478076171875,0.0
,439,,,,,64.1693115234375,-39.4683837890625,0.5790276489257813,-0.6637583496093751,0.0
,440,,,,,66.4306640625,-35.8978271484375,0.6345480102539063,-0.6251219787597656,0.0
,441,,,,,67.9779052734375,-32.354736328125,0.669558984375,-0.5903181701660156,0.0
,442,,,,,68.115234375,-30.2032470703125,0.72093603515625,-0.5372837951660157,0.0
,443,,,,,68.7103271484375,-26.6143798828125,0.7813247863769531,-0.48352434082031254,0.0
,444,,,,,69.2596435546875,-22.760009765625,0.8199611572265625,-0.4450951354980469,0.0
,445,,,,,69.140625,-19.2535400390625,0.8454425170898437,-0.4095662475585938,0.0
,446,,,,,70.1019287109375,-12.6251220703125,0.8770352600097656,-0.36678656616210936,0.0
,447,,,,,70.4864501953125,-6.353759765625,0.8842860534667969,-0.33042901611328124,0.0
,448,,,,,73.809814453125,3.6895751953125,0.8679199768066407,-0.31178411865234373,0.0
,449,,,,,71.8231201171875,5.181884765625,0.8685414733886719,-0.2673471130371094,0.0
,450,,,,,72.1160888671875,11.53564453125,0.8801427429199219,-0.21824888305664064,0.0
,451,,,,,72.161865234375,17.5140380859375,0.8834573913574219,-0.1620034423828125,0.0
,452,,,,,71.6033935546875,21.4599609375,0.8931941711425782,-0.08359129028320313,0.0
,453,,,,,70.843505859375,25.7904052734375,0.9043811096191406,0.015640997314453127,0.0
,454,,,,,69.98291015625,30.9173583984375,0.8949550781250001,0.08276262817382812,0.0
,455,,,,,68.5089111328125,35.3851318359375,0.8720632873535157,0.14843410034179688,0.0
,456,,,,,66.8243408203125,38.12255859375,0.8751707702636718,0.2213563659667969,0.0
,457,,,,,65.8905029296875,39.51416015625,0.8536255554199219,0.29686820068359376,0.0
,458,,,,,63.1072998046875,42.5628662109375,0.8424386169433594,0.35373513793945316,0.0
,459,,,,,60.7635498046875,44.842529296875,0.8363272338867188,0.41329522705078126,0.0
,460,,,,,58.88671875,46.3348388671875,0.8478249206542969,0.4840422546386719,0.0
,461,,,,,55.517578125,49.6124267578125,0.8240008850097656,0.5089021179199219,0.0
,462,,,,,50.9765625,52.6611328125,0.8053559875488282,0.53863037109375,0.0
,463,,,,,46.1334228515625,56.5338134765625,0.7612297302246094,0.5505423889160156,0.0
,464,,,,,41.63818359375,59.6923828125,0.7590544921875,0.5933220703125001,0.0
,465,,,,,32.6385498046875,63.2537841796875,0.7005302307128907,0.6266757202148437,0.0
,466,,,,,31.5948486328125,66.8609619140625,0.6810566711425782,0.6643798461914062,0.0
,467,,,,,26.77001953125,69.4793701171875,0.5921826599121094,0.6584756286621094,0.0
,468,,,,,22.6776123046875,71.1181640625,0.5349013916015625,0.6543323181152344,0.0
,469,,,,,18.71337890625,72.509765625,0.4939861999511719,0.7191751281738281,0.0
,470,,,,,13.76953125,73.809814453125,0.4561784912109375,0.7869182556152344,0.0
,471,,,,,9.210205078125,74.5697021484375,0.3965148193359375,0.8198575744628906,0.0
,472,,,,,5.2093505859375,75.054931640625,0.3363332336425781,0.8590118591308594,0.0
,473,,,,,1.3824462890625,74.8443603515625,0.2614428955078125,0.8795212463378906,0.0
,474,,,,,-0.69580078125,74.4964599609375,0.18717405395507813,0.8950586608886719,0.0
,475,,,,,-5.364990234375,73.9288330078125,0.13994031372070312,0.9103889099121094,0.0
,476,,,,,-8.770751953125,73.0133056640625,0.09270657348632813,0.923958251953125,0.0
,477,,,,,-11.114501953125,71.484375,0.0261028564453125,0.9229224243164063,0.0
,478,,,,,-15.7745361328125,69.927978515625,0.001346575927734375,0.9463321289062501,0.0
,479,,,,,-21.0845947265625,68.0419921875,-0.023513287353515627,0.94301748046875,0.0
,480,,,,,-27.3101806640625,65.8721923828125,-0.07654766235351562,0.9219901794433594,0.0
,481,,,,,-32.6019287109375,63.57421875,-0.12616380615234377,0.8955765747070312,0.0
,482,,,,,-38.2415771484375,60.90087890625,-0.17795518798828125,0.88335380859375,0.0
,483,,,,,-44.3023681640625,57.6141357421875,-0.21286257934570313,0.879210498046875,0.0
,484,,,,,-49.1363525390625,54.7576904296875,-0.27014384765625,0.8463747619628906,0.0
,485,,,,,-53.0364990234375,51.947021484375,-0.33467590942382813,0.8030771667480469,0.0
,486,,,,,-56.671142578125,49.346923828125,-0.4065623474121094,0.7393737670898438,0.0
,487,,,,,-60.516357421875,45.7489013671875,-0.4707836608886719,0.7228005249023438,0.0
,488,,,,,-63.4918212890625,42.1142578125,-0.5418414367675781,0.7057093688964844,0.0
,489,,,,,-65.899658203125,38.7359619140625,-0.6068914123535156,0.6584756286621094,0.0
,490,,,,,-67.7398681640625,35.3759765625,-0.6819889160156251,0.6048197570800782,0.0
,491,,,,,-68.975830078125,32.757568359375,-0.7278760803222657,0.5589325927734375,0.0
,492,,,,,-70.257568359375,29.0496826171875,-0.7483854675292969,0.5087985351562501,0.0
,493,,,,,-70.3948974609375,26.66015625,-0.7766635620117188,0.47213023681640626,0.0
,494,,,,,-69.873046875,24.2706298828125,-0.8188217468261719,0.4326652038574219,0.0
,495,,,,,-70.5780029296875,19.4915771484375,-0.8415063720703125,0.4024190368652344,0.0
,496,,,,,-71.392822265625,13.0462646484375,-0.8865648742675781,0.34420552368164065,0.0
,497,,,,,-72.54638671875,6.3812255859375,-0.9031381164550781,0.30070076293945314,0.0
,498,,,,,-75.18310546875,-2.6275634765625,-0.9217830139160157,0.2559530090332031,0.0
,499,,,,,-73.53515625,-4.5501708984375,-0.9110104064941407,0.21234466552734377,0.0
,500,,,,,-73.5443115234375,-10.9405517578125,-0.8998234680175782,0.1711187255859375,0.0
,501,,,,,-73.53515625,-16.534423828125,-0.9210579345703125,0.11166221923828125,0.0
,502,,,,,-73.370361328125,-20.9381103515625,-0.9185719482421876,0.04775165405273438,0.0
,503,,,,,-72.76611328125,-25.0762939453125,-0.9344201110839844,-0.022995373535156252,0.0
,504,,,,,-71.6033935546875,-30.4412841796875,-0.9115283203125,-0.0766512451171875,0.0
,505,,,,,-70.147705078125,-34.6710205078125,-0.9067635131835938,-0.12398856811523438,0.0
,506,,,,,-68.3441162109375,-37.8936767578125,-0.8975446472167969,-0.1893492919921875,0.0
,507,,,,,-66.357421875,-41.0247802734375,-0.8636730834960937,-0.256056591796875,0.0
,508,,,,,-65.6524658203125,-41.19873046875,-0.8650196594238282,-0.35746411743164064,0.0
,509,,,,,-62.640380859375,-44.12841796875,-0.8386060546875,-0.40790892333984374,0.0
,510,,,,,-59.197998046875,-46.783447265625,-0.8164393432617187,-0.45037785644531253,0.0
,511,,,,,-56.414794921875,-47.64404296875,-0.806288232421875,-0.4923288757324219,0.0
,512,,,,,-52.0111083984375,-51.4892578125,-0.8325982543945313,-0.55520361328125,0.0
,513,,,,,-46.2799072265625,-55.5908203125,-0.7942726318359375,-0.5547892822265625,0.0
,514,,,,,-40.9881591796875,-59.43603515625,-0.8060810668945313,-0.6369304138183594,0.0
,515,,,,,-33.1695556640625,-62.677001953125,-0.7599867370605469,-0.6593042907714844,0.0
,516,,,,,-31.7962646484375,-65.899658203125,-0.7390630187988282,-0.7158604797363282,0.0
,517,,,,,-26.5411376953125,-68.9666748046875,-0.6542287353515626,-0.6999087341308594,0.0
,518,,,,,-21.990966796875,-71.30126953125,-0.6238789855957031,-0.7670303649902344,0.0
,519,,,,,-18.1365966796875,-72.8302001953125,-0.5211248840332031,-0.7655802062988282,0.0
,520,,,,,-13.9068603515625,-74.0570068359375,-0.46591527099609376,-0.8167500915527344,0.0
,521,,,,,-9.649658203125,-74.871826171875,-0.3848099670410156,-0.8208934020996094,0.0
,522,,,,,-4.5867919921875,-75.3753662109375,-0.35228497924804686,-0.8617050109863281,0.0
,523,,,,,0.6317138671875,-75.5126953125,-0.2618572265625,-0.8519682312011719,0.0
,524,,,,,4.486083984375,-75.18310546875,-0.23689378051757815,-0.9132892272949219,0.0
,525,,,,,6.2530517578125,-74.6795654296875,-0.13703999633789063,-0.8960944885253906,0.0
,526,,,,,10.6292724609375,-73.7640380859375,-0.06473922729492188,-0.9028273681640625,0.0
,527,,,,,14.75830078125,-72.601318359375,-0.01056544189453125,-0.9016879577636719,0.0
,528,,,,,16.7724609375,-70.6329345703125,0.03169632568359375,-0.9101817443847656,0.0
,529,,,,,21.8719482421875,-68.51806640625,0.05707410278320313,-0.9196077758789063,0.0
,530,,,,,28.326416015625,-66.0003662109375,0.09343165283203125,-0.9343165283203125,0.0
,531,,,,,34.625244140625,-63.336181640625,0.12606022338867187,-0.9293445556640625,0.0
,532,,,,,39.825439453125,-60.6719970703125,0.1708079772949219,-0.9197113586425781,0.0
,533,,,,,45.00732421875,-58.172607421875,0.22829641113281252,-0.8840788879394531,0.0
,534,,,,,50.7659912109375,-54.364013671875,0.2789483825683594,-0.8566294555664062,0.0
,535,,,,,55.18798828125,-51.214599609375,0.32794302978515627,-0.8348770751953125,0.0
,536,,,,,58.6578369140625,-48.7335205078125,0.35787844848632816,-0.8141605224609375,0.0
,537,,,,,61.578369140625,-46.03271484375,0.4413661560058594,-0.7536681884765625,0.0
,538,,,,,64.3341064453125,-42.6361083984375,0.5263040222167968,-0.701876806640625,0.0
,539,,,,,67.218017578125,-38.41552734375,0.5847247009277344,-0.6671765808105469,0.0
,540,,,,,69.3878173828125,-34.4146728515625,0.6431453796386719,-0.6180783508300781,0.0
,541,,,,,70.3125,-31.4483642578125,0.695247509765625,-0.5700159484863282,0.0
,542,,,,,69.854736328125,-30.72509765625,0.7508714538574219,-0.5269255187988281,0.0
,543,,,,,69.9188232421875,-27.4658203125,0.8123996154785157,-0.4652937744140625,0.0
,544,,,,,70.3582763671875,-23.0987548828125,0.8449246032714844,-0.4445772216796875,0.0
,545,,,,,70.0286865234375,-19.3084716796875,0.8801427429199219,-0.3945467468261719,0.0
,546,,,,,70.660400390625,-13.6138916015625,0.901584375,-0.3622289245605469,0.0
,547,,,,,71.2554931640625,-7.7178955078125,0.9108032409667969,-0.33042901611328124,0.0
,548,,,,,74.9267578125,4.0740966796875,0.934730859375,-0.2855776794433594,0.0
,549,,,,,72.6470947265625,5.45654296875,0.9441568908691407,-0.2353400390625,0.0
,550,,,,,73.077392578125,10.400390625,0.9225080932617188,-0.18914212646484377,0.0
,551,,,,,73.3245849609375,15.2984619140625,0.9120462341308594,-0.12119183349609375,0.0
,552,,,,,72.94921875,20.32470703125,0.92312958984375,-0.04650866088867188,0.0
,553,,,,,71.942138671875,24.71923828125,0.9339021972656251,0.03418231201171875,0.0
,554,,,,,70.751953125,28.1982421875,0.9171217895507813,0.09208507690429688,0.0
,555,,,,,69.0032958984375,32.171630859375,0.8995127197265625,0.15102366943359374,0.0
,556,,,,,66.54052734375,35.92529296875,0.9063491821289062,0.23254330444335938,0.0
,557,,,,,64.9749755859375,37.79296875,0.8946443298339845,0.3146844360351563,0.0
,558,,,,,62.87841796875,40.2557373046875,0.910699658203125,0.39465032958984375,0.0
,559,,,,,60.7177734375,42.1234130859375,0.90987099609375,0.4600110534667969,0.0
,560,,,,,57.4493408203125,44.219970703125,0.9094566650390625,0.5149099182128907,0.0
,561,,,,,53.448486328125,47.5799560546875,0.869266552734375,0.5481599853515625,0.0
,562,,,,,49.859619140625,49.9237060546875,0.8649160766601562,0.5774739074707032,0.0
,563,,,,,45.355224609375,53.8055419921875,0.8078419738769531,0.5748843383789063,0.0
,564,,,,,39.9078369140625,57.6324462890625,0.7986231079101562,0.6180783508300781,0.0
,565,,,,,32.1533203125,61.48681640625,0.7361627014160157,0.6318548583984375,0.0
,566,,,,,30.5145263671875,64.5355224609375,0.7158604797363282,0.6648977600097656,0.0
,567,,,,,25.9552001953125,67.1356201171875,0.6311297790527344,0.6627225219726562,0.0
,568,,,,,20.5169677734375,69.7723388671875,0.6019194396972657,0.6749452880859376,0.0
,569,,,,,15.8294677734375,71.6949462890625,0.5291007568359375,0.7106813415527344,0.0
,570,,,,,11.810302734375,72.9034423828125,0.4612540466308594,0.7639228820800782,0.0
,571,,,,,7.72705078125,74.01123046875,0.4140203063964844,0.8094992980957032,0.0
,572,,,,,2.6824951171875,74.67041015625,0.36585432128906253,0.8506216552734375,0.0
,573,,,,,-1.9500732421875,74.5697021484375,0.27573731689453124,0.86015126953125,0.0
,574,,,,,-4.98046875,74.066162109375,0.23109314575195314,0.8920547607421875,0.0
,575,,,,,-8.75244140625,72.83935546875,0.15744580078125,0.9047954406738281,0.0
,576,,,,,-11.370849609375,71.52099609375,0.11300879516601563,0.934834442138672,0.0
,577,,,,,-14.080810546875,70.0469970703125,0.0476480712890625,0.9255119934082031,0.0
,578,,,,,-18.0633544921875,68.6279296875,0.00828662109375,0.9267549865722656,0.0
,579,,,,,-22.2381591796875,66.8792724609375,-0.04671582641601563,0.9079029235839844,0.0
,580,,,,,-28.2257080078125,64.508056640625,-0.090324169921875,0.8866684570312501,0.0
,581,,,,,-34.2498779296875,62.0635986328125,-0.11715210571289063,0.8786925842285157,0.0
,582,,,,,-39.495849609375,59.8846435546875,-0.16801124267578124,0.8614978454589844,0.0
,583,,,,,-44.8516845703125,57.037353515625,-0.214623486328125,0.8389168029785157,0.0
,584,,,,,-50.0152587890625,54.0618896484375,-0.2807092895507813,0.7967586181640626,0.0
,585,,,,,-54.4647216796875,51.5167236328125,-0.32255672607421876,0.7703450134277344,0.0
,586,,,,,-57.4676513671875,49.639892578125,-0.391957177734375,0.7338838806152344,0.0
,587,,,,,-60.6353759765625,47.0672607421875,-0.4634292846679688,0.6797100952148438,0.0
,588,,,,,-63.68408203125,43.5150146484375,-0.5181209838867188,0.6545394836425782,0.0
,589,,,,,-66.3848876953125,39.8712158203125,-0.5823422973632812,0.6118633850097657,0.0
,590,,,,,-67.8863525390625,36.932373046875,-0.6661407531738281,0.5453632507324219,0.0
,591,,,,,-68.096923828125,35.6689453125,-0.7001158996582032,0.5177066528320312,0.0
,592,,,,,-68.6004638671875,32.8125,-0.7638192993164062,0.4645686950683594,0.0
,593,,,,,-69.6624755859375,28.546142578125,-0.8111566223144532,0.42707173461914066,0.0
,594,,,,,-69.6807861328125,25.1861572265625,-0.8292836059570313,0.4109128234863281,0.0
,595,,,,,-70.27587890625,20.4620361328125,-0.8724776184082031,0.38242756347656254,0.0
,596,,,,,-71.1181640625,14.9139404296875,-0.8862541259765625,0.3459664306640625,0.0
,597,,,,,-71.9146728515625,8.2305908203125,-0.8801427429199219,0.30919454956054687,0.0
,598,,,,,-74.96337890625,-2.142333984375,-0.8868756225585938,0.2724226684570313,0.0
,599,,,,,-73.0499267578125,-3.094482421875,-0.909974578857422,0.21659155883789064,0.0
,600,,,,,-72.94921875,-8.3587646484375,-0.9113211547851563,0.15775654907226563,0.0
,601,,,,,-72.5006103515625,-13.714599609375,-0.9212651000976563,0.10544725341796875,0.0
,602,,,,,-71.7864990234375,-18.6309814453125,-0.9435353942871094,0.024341949462890627,0.0
,603,,,,,-70.843505859375,-22.4395751953125,-0.9419816528320313,-0.030764080810546875,0.0
,604,,,,,-69.6624755859375,-26.531982421875,-0.923958251953125,-0.09301732177734376,0.0
,605,,,,,-67.9779052734375,-31.292724609375,-0.9044846923828125,-0.12751038208007812,0.0
,606,,,,,-65.8721923828125,-35.760498046875,-0.909974578857422,-0.1918352783203125,0.0
,607,,,,,-63.75732421875,-38.397216796875,-0.8920547607421875,-0.26372171630859376,0.0
,608,,,,,-62.5762939453125,-39.056396484375,-0.8854254638671876,-0.357153369140625,0.0
,609,,,,,-59.637451171875,-42.0684814453125,-0.8519682312011719,-0.40003663330078126,0.0
,610,,,,,-56.707763671875,-45.172119140625,-0.8365343994140625,-0.44333422851562504,0.0
,611,,,,,-54.2816162109375,-45.99609375,-0.8237937194824219,-0.4745126403808594,0.0
,612,,,,,-50.189208984375,-49.237060546875,-0.8207898193359375,-0.5326225708007812,0.0
,613,,,,,-44.805908203125,-53.5858154296875,-0.7909579833984375,-0.5410127746582032,0.0
,614,,,,,-39.4500732421875,-57.9986572265625,-0.7962407043457032,-0.5766452453613281,0.0
,615,,,,,-32.720947265625,-61.688232421875,-0.746624560546875,-0.5803742248535156,0.0
,616,,,,,-30.010986328125,-65.0665283203125,-0.7454851501464844,-0.6575433837890625,0.0
,617,,,,,-24.1241455078125,-68.206787109375,-0.6531929077148437,-0.6481173522949218,0.0
,618,,,,,-19.171142578125,-70.8160400390625,-0.6200464233398437,-0.72093603515625,0.0
,619,,,,,-15.0604248046875,-72.4273681640625,-0.5298258361816407,-0.7190715454101563,0.0
,620,,,,,-10.6292724609375,-73.4161376953125,-0.5075555419921876,-0.7730381652832031,0.0
,621,,,,,-5.255126953125,-74.3499755859375,-0.4023154541015625,-0.7648551269531251,0.0
,622,,,,,-0.9246826171875,-74.9908447265625,-0.35559962768554687,-0.8165429260253907,0.0
,623,,,,,3.03955078125,-75.274658203125,-0.27946629638671877,-0.8280406127929688,0.0
,624,,,,,6.8756103515625,-74.7528076171875,-0.232025390625,-0.8769316772460938,0.0
,625,,,,,8.953857421875,-73.992919921875,-0.15319890747070314,-0.8746528564453125,0.0
,626,,,,,12.2222900390625,-73.1414794921875,-0.07903364868164063,-0.8804534912109375,0.0
,627,,,,,15.289306640625,-72.1343994140625,0.0054898864746093755,-0.8541434692382813,0.0
,628,,,,,17.7703857421875,-70.6512451171875,0.04132952270507813,-0.862740838623047,0.0
,629,,,,,22.5860595703125,-68.7744140625,0.05873142700195313,-0.8777603393554688,0.0
,630,,,,,28.74755859375,-66.24755859375,0.08234829711914063,-0.8938156677246094,0.0
,631,,,,,34.9365234375,-63.9129638671875,0.12616380615234377,-0.8927798400878907,0.0
,632,,,,,40.338134765625,-61.48681640625,0.18178775024414062,-0.8643981628417969,0.0
,633,,,,,45.245361328125,-58.905029296875,0.2067511962890625,-0.8666769836425782,0.0
,634,,,,,50.3631591796875,-55.5816650390625,0.24994520874023438,-0.8383988891601563,0.0
,635,,,,,54.4647216796875,-52.496337890625,0.32007073974609374,-0.7853645141601563,0.0
,636,,,,,57.7789306640625,-49.98779296875,0.3663722351074219,-0.7478675537109375,0.0
,637,,,,,60.7635498046875,-47.8179931640625,0.43608343505859376,-0.7144103210449219,0.0
,638,,,,,64.2425537109375,-44.3572998046875,0.5106630249023437,-0.6839569885253907,0.0
,639,,,,,66.5130615234375,-41.0797119140625,0.5781989868164062,-0.6387949035644531,0.0
,640,,,,,67.1356201171875,-39.8712158203125,0.6672801635742188,-0.574262841796875,0.0
,641,,,,,68.3624267578125,-36.73095703125,0.7129601623535157,-0.5274434326171875,0.0
,642,,,,,68.73779296875,-34.4970703125,0.7617476440429688,-0.49274320678710937,0.0
,643,,,,,69.268798828125,-30.8074951171875,0.8080491394042969,-0.4488241149902344,0.0
,644,,,,,70.05615234375,-25.59814453125,0.8470998413085937,-0.4271753173828125,0.0
,645,,,,,69.8822021484375,-21.35009765625,0.8900866882324219,-0.3965148193359375,0.0
,646,,,,,70.5596923828125,-15.4083251953125,0.9175361206054687,-0.3684438903808594,0.0
,647,,,,,70.9075927734375,-9.19189453125,0.938977752685547,-0.32266030883789065,0.0
,648,,,,,68.023681640625,-9.19189453125,0.9298624694824219,-0.27811972045898437,0.0
,649,,,,,73.7640380859375,5.3924560546875,0.9461249633789063,-0.20374729614257814,0.0
,650,,,,,72.3175048828125,7.489013671875,0.9518220153808594,-0.15382040405273437,0.0
,651,,,,,72.25341796875,13.6871337890625,0.9268585693359376,-0.09954303588867187,0.0
,652,,,,,71.905517578125,18.7225341796875,0.9234403381347657,-0.03801487426757812,0.0
,653,,,,,71.319580078125,22.796630859375,0.930691131591797,0.035632470703125,0.0
,654,,,,,70.49560546875,26.8890380859375,0.930587548828125,0.08296979370117188,0.0
,655,,,,,68.572998046875,31.8695068359375,0.9195041931152345,0.1454302001953125,0.0
,656,,,,,66.3116455078125,35.7513427734375,0.897441064453125,0.19701441650390625,0.0
,657,,,,,64.178466796875,38.909912109375,0.8843896362304687,0.25533151245117186,0.0
,658,,,,,61.81640625,42.4713134765625,0.9177432861328125,0.3541494689941406,0.0
,659,,,,,60.479736328125,43.5516357421875,0.9258227416992187,0.4429198974609375,0.0
,660,,,,,57.01904296875,46.7010498046875,0.9061420166015626,0.4806240234375,0.0
,661,,,,,53.192138671875,49.9237060546875,0.8645017456054688,0.49792234497070315,0.0
,662,,,,,50.189208984375,51.361083984375,0.8341519958496094,0.5314831604003907,0.0
,663,,,,,45.6298828125,55.2703857421875,0.7936511352539063,0.5359372192382813,0.0
,664,,,,,39.788818359375,59.014892578125,0.8069097290039062,0.5864856079101562,0.0
,665,,,,,32.4188232421875,62.80517578125,0.7700342651367188,0.6188034301757813,0.0
,666,,,,,29.3792724609375,65.753173828125,0.7393737670898438,0.6471851074218751,0.0
,667,,,,,24.64599609375,69.1314697265625,0.6600293701171875,0.645527783203125,0.0
,668,,,,,19.22607421875,72.216796875,0.6370339965820313,0.6806423400878906,0.0
,669,,,,,14.263916015625,73.9837646484375,0.564318896484375,0.6838534057617188,0.0
,670,,,,,10.2447509765625,75.2655029296875,0.5147027526855469,0.7525287780761719,0.0
,671,,,,,6.024169921875,75.7781982421875,0.43484044189453125,0.7818427001953125,0.0
,672,,,,,0.677490234375,76.593017578125,0.3633683349609375,0.8157142639160156,0.0
,673,,,,,-3.55224609375,76.64794921875,0.2962467041015625,0.8398490478515626,0.0
,674,,,,,-4.9530029296875,76.611328125,0.23699736328125,0.8797284118652344,0.0
,675,,,,,-8.111572265625,76.1627197265625,0.17225813598632814,0.8926762573242187,0.0
,676,,,,,-11.6912841796875,74.8809814453125,0.10057886352539062,0.9125641479492188,0.0
,677,,,,,-13.677978515625,73.2879638671875,0.031178411865234377,0.9179504516601563,0.0
,678,,,,,-17.559814453125,71.539306640625,-0.007975872802734376,0.926547821044922,0.0
,679,,,,,-22.5494384765625,69.5068359375,-0.059663671875000004,0.9278943969726563,0.0
,680,,,,,-28.656005859375,66.97998046875,-0.10834757080078125,0.9146358032226563,0.0
,681,,,,,-34.6343994140625,64.141845703125,-0.13445042724609377,0.9128748962402344,0.0
,682,,,,,-39.5782470703125,61.8896484375,-0.20354013061523438,0.8810749877929688,0.0
,683,,,,,-44.7601318359375,59.72900390625,-0.26019990234375,0.8467890930175781,0.0
,684,,,,,-49.639892578125,57.440185546875,-0.3285645263671875,0.80048759765625,0.0
,685,,,,,-53.759765625,54.6295166015625,-0.37403735961914064,0.7715880065917969,0.0
,686,,,,,-56.7352294921875,52.25830078125,-0.4130880615234375,0.759883154296875,0.0
,687,,,,,-60.0128173828125,49.3194580078125,-0.4670546813964844,0.7125458312988281,0.0
,688,,,,,-62.567138671875,46.25244140625,-0.5633866516113282,0.6433525451660157,0.0
,689,,,,,-65.3228759765625,42.4072265625,-0.6266757202148437,0.6087559020996094,0.0
,690,,,,,-67.1630859375,38.873291015625,-0.6757739501953125,0.5789240661621093,0.0
,691,,,,,-66.8975830078125,38.12255859375,-0.7358519531250001,0.5362479675292969,0.0
,692,,,,,-67.4560546875,34.7991943359375,-0.7955156250000001,0.49802592773437504,0.0
,693,,,,,-68.463134765625,30.3131103515625,-0.8322875061035157,0.47513413696289064,0.0
,694,,,,,-68.26171875,27.2003173828125,-0.8915368469238282,0.43318311767578127,0.0
,695,,,,,-68.829345703125,22.2930908203125,-0.9228188415527344,0.38843536376953125,0.0
,696,,,,,-69.580078125,16.4886474609375,-0.9332807006835938,0.3509384033203125,0.0
,697,,,,,-70.7061767578125,9.979248046875,-0.9128748962402344,0.3394407165527344,0.0
,698,,,,,-75.347900390625,-3.6346435546875,-0.9267549865722656,0.2995613525390625,0.0
,699,,,,,-72.601318359375,-3.5980224609375,-0.9508897705078125,0.24072634277343752,0.0
,700,,,,,-72.894287109375,-8.917236328125,-0.9601086364746094,0.1955642578125,0.0
,701,,,,,-72.8668212890625,-13.8153076171875,-0.9603158020019531,0.13610775146484375,0.0
,702,,,,,-72.0703125,-19.44580078125,-0.9673594299316407,0.05603827514648438,0.0
,703,,,,,-70.93505859375,-24.334716796875,-0.9481966186523437,0.01222276611328125,0.0
,704,,,,,-69.635009765625,-28.3538818359375,-0.9333842834472657,-0.0443334228515625,0.0
,705,,,,,-67.822265625,-32.318115234375,-0.9467464599609375,-0.113526708984375,0.0
,706,,,,,-65.44189453125,-37.02392578125,-0.9590728088378907,-0.184791650390625,0.0
,707,,,,,-62.9150390625,-40.960693359375,-0.9556545776367188,-0.2432123291015625,0.0
,708,,,,,-61.376953125,-42.0318603515625,-0.93307353515625,-0.32649287109375,0.0
,709,,,,,-58.4197998046875,-44.9249267578125,-0.8859433776855469,-0.36450774536132813,0.0
,710,,,,,-55.096435546875,-47.991943359375,-0.8697844665527344,-0.42738248291015624,0.0
,711,,,,,-52.0111083984375,-48.7518310546875,-0.852693310546875,-0.4686084228515625,0.0
,712,,,,,-47.991943359375,-51.177978515625,-0.8584939453125,-0.5325189880371094,0.0
,713,,,,,-43.4051513671875,-54.45556640625,-0.8052524047851563,-0.5365587158203126,0.0
,714,,,,,-28.765869140625,-58.1268310546875,-0.7923045593261719,-0.5887644287109375,0.0
,715,,,,,-33.0413818359375,-61.9720458984375,-0.7232148559570313,-0.5818243835449219,0.0
,716,,,,,-28.60107421875,-65.4693603515625,-0.7236291870117187,-0.6601329528808594,0.0
,717,,,,,-23.9410400390625,-68.6553955078125,-0.6610651977539063,-0.6580612976074219,0.0
,718,,,,,-18.9422607421875,-71.1822509765625,-0.6134171264648438,-0.7107849243164063,0.0
,719,,,,,-14.1082763671875,-72.94921875,-0.5113881042480469,-0.7003230651855469,0.0
,720,,,,,-10.83984375,-74.23095703125,-0.4760663818359375,-0.7581222473144531,0.0
,721,,,,,-7.0037841796875,-75.274658203125,-0.38014874267578125,-0.7736596618652344,0.0
,722,,,,,-2.3529052734375,-75.604248046875,-0.3251462951660156,-0.8162321777343751,0.0
,723,,,,,1.812744140625,-75.823974609375,-0.216280810546875,-0.8125031982421875,0.0
,724,,,,,4.57763671875,-75.54931640625,-0.1521630798339844,-0.851035986328125,0.0
,725,,,,,5.3192138671875,-74.81689453125,-0.06577505493164063,-0.8425421997070313,0.0
,726,,,,,9.0087890625,-73.4893798828125,-0.02258104248046875,-0.8710274597167968,0.0
,727,,,,,13.5406494140625,-72.1160888671875,0.01470875244140625,-0.8745492736816407,0.0
,728,,,,,16.2139892578125,-70.6329345703125,0.0385327880859375,-0.8959909057617188,0.0
,729,,,,,21.2860107421875,-68.73779296875,0.0600780029296875,-0.9088351684570313,0.0
,730,,,,,27.28271484375,-66.32080078125,0.10410067749023438,-0.8919511779785156,0.0
,731,,,,,33.06884765625,-64.2425537109375,0.14242630004882814,-0.8886365295410157,0.0
,732,,,,,38.067626953125,-62.40234375,0.20126130981445314,-0.8727883666992188,0.0
,733,,,,,42.645263671875,-60.3607177734375,0.24279799804687502,-0.8680235595703125,0.0
,734,,,,,46.746826171875,-57.89794921875,0.2911711486816406,-0.8465819274902344,0.0
,735,,,,,51.0498046875,-54.473876953125,0.35114556884765624,-0.813021112060547,0.0
,736,,,,,55.0048828125,-51.0772705078125,0.41329522705078126,-0.7911651489257813,0.0
,737,,,,,57.7056884765625,-48.37646484375,0.479795361328125,-0.7541861022949219,0.0
,738,,,,,60.16845703125,-45.0164794921875,0.5602791687011719,-0.6841641540527343,0.0
,739,,,,,62.6495361328125,-41.19873046875,0.6341336791992188,-0.6371375793457031,0.0
,740,,,,,64.9658203125,-37.4908447265625,0.6936937683105469,-0.5933220703125001,0.0
,741,,,,,66.2200927734375,-34.4970703125,0.7293262390136719,-0.5569645202636719,0.0
,742,,,,,66.2567138671875,-33.251953125,0.7732453308105469,-0.5191568115234375,0.0
,743,,,,,67.05322265625,-29.8553466796875,0.8229650573730469,-0.4678833435058594,0.0
,744,,,,,68.389892578125,-24.847412109375,0.8349806579589844,-0.46083971557617187,0.0
,745,,,,,68.3990478515625,-21.05712890625,0.850310906982422,-0.4355655212402344,0.0
,746,,,,,69.195556640625,-15.618896484375,0.8753779357910156,-0.3910249328613281,0.0
,747,,,,,69.7723388671875,-9.4573974609375,0.8910189331054688,-0.348866748046875,0.0
,748,,,,,74.285888671875,4.3853759765625,0.9093530822753907,-0.31437368774414065,0.0
,749,,,,,70.880126953125,4.156494140625,0.9328663696289062,-0.24766638793945314,0.0
,750,,,,,71.1090087890625,9.3017578125,0.9456070495605469,-0.1889349609375,0.0
,751,,,,,71.0357666015625,14.794921875,0.9527542602539063,-0.1379722412109375,0.0
,752,,,,,70.3582763671875,20.5810546875,0.932244873046875,-0.09778212890625,0.0
,753,,,,,69.2779541015625,25.634765625,0.9109068237304688,-0.03977578125,0.0
,754,,,,,68.0328369140625,29.3060302734375,0.91981494140625,0.03345723266601563,0.0
,755,,,,,66.54052734375,33.5723876953125,0.922404510498047,0.12440289916992188,0.0
,756,,,,,64.5355224609375,38.140869140625,0.9091459167480469,0.18789913330078126,0.0
,757,,,,,62.4298095703125,42.041015625,0.9102853271484376,0.28951382446289065,0.0
,758,,,,,60.333251953125,44.549560546875,0.887497119140625,0.3487631652832031,0.0
,759,,,,,59.14306640625,45.0897216796875,0.8479285034179688,0.3923715087890625,0.0
,760,,,,,56.1492919921875,47.3785400390625,0.85020732421875,0.4559713256835938,0.0
,761,,,,,52.7984619140625,50.64697265625,0.8421278686523438,0.5055874694824218,0.0
,762,,,,,49.7955322265625,52.4139404296875,0.8121924499511719,0.5336583984375001,0.0
,763,,,,,45.245361328125,55.755615234375,0.7605046508789063,0.531172412109375,0.0
,764,,,,,39.605712890625,59.5367431640625,0.732640887451172,0.5432915954589844,0.0
,765,,,,,33.2244873046875,63.482666015625,0.6895504577636719,0.5586218444824219,0.0
,766,,,,,30.1483154296875,66.4581298828125,0.6683159912109375,0.61155263671875,0.0
,767,,,,,25.8270263671875,69.195556640625,0.6132099609375,0.6481173522949218,0.0
,768,,,,,20.562744140625,71.905517578125,0.5831709594726563,0.6748417053222656,0.0
,769,,,,,16.2139892578125,74.066162109375,0.49916533813476566,0.7016696411132812,0.0
,770,,,,,12.70751953125,75.29296875,0.4305935485839844,0.7439314086914063,0.0
,771,,,,,8.9996337890625,76.1810302734375,0.400243798828125,0.7987266906738282,0.0
,772,,,,,4.0924072265625,76.94091796875,0.33374366455078125,0.8364308166503907,0.0
,773,,,,,-0.0823974609375,76.7669677734375,0.23969051513671877,0.8525897277832032,0.0
,774,,,,,-0.7598876953125,76.593017578125,0.18189133300781252,0.8900866882324219,0.0
,775,,,,,-3.8360595703125,75.91552734375,0.13030711669921877,0.9179504516601563,0.0
,776,,,,,-8.074951171875,74.4598388671875,0.083694873046875,0.9408422424316406,0.0
,777,,,,,-10.51025390625,72.491455078125,0.013776507568359376,0.9316233764648438,0.0
,778,,,,,-14.8406982421875,70.9442138671875,-0.025377777099609377,0.9319341247558593,0.0
,779,,,,,-19.8394775390625,69.0399169921875,-0.039465032958984375,0.9449855529785156,0.0
,780,,,,,-25.982666015625,66.5863037109375,-0.09467464599609375,0.9256155761718751,0.0
,781,,,,,-31.805419921875,64.05029296875,-0.13248235473632813,0.9233367553710938,0.0
,782,,,,,-36.6851806640625,61.6973876953125,-0.20706194458007812,0.8854254638671876,0.0
,783,,,,,-41.8853759765625,59.5184326171875,-0.2537777709960938,0.8490679138183594,0.0
,784,,,,,-46.9757080078125,56.689453125,-0.32794302978515627,0.7947905456542969,0.0
,785,,,,,-51.251220703125,53.7506103515625,-0.3763161804199219,0.7643372131347657,0.0
,786,,,,,-54.180908203125,51.4434814453125,-0.43597985229492187,0.7318122253417969,0.0
,787,,,,,-57.4859619140625,48.5687255859375,-0.49036080322265624,0.7151354003906251,0.0
,788,,,,,-59.9853515625,45.59326171875,-0.5422557678222656,0.68778955078125,0.0
,789,,,,,-63.09814453125,41.1712646484375,-0.6005728637695312,0.6466671936035157,0.0
,790,,,,,-65.4144287109375,37.4359130859375,-0.6756703674316407,0.5959116394042969,0.0
,791,,,,,-66.02783203125,35.614013671875,-0.7200037902832032,0.550231640625,0.0
,792,,,,,-67.2271728515625,31.9427490234375,-0.7542896850585937,0.5133561767578125,0.0
,793,,,,,-68.3349609375,28.0792236328125,-0.7899221557617188,0.48217776489257813,0.0
,794,,,,,-68.4539794921875,24.6551513671875,-0.8179930847167969,0.4409518249511719,0.0
,795,,,,,-69.0032958984375,19.8486328125,-0.8574581176757813,0.3908177673339844,0.0
,796,,,,,-69.5526123046875,14.6759033203125,-0.8801427429199219,0.36398983154296877,0.0
,797,,,,,-70.587158203125,7.80029296875,-0.8827323120117188,0.3415123718261719,0.0
,798,,,,,-72.9949951171875,-2.197265625,-0.9039667785644532,0.3042225769042969,0.0
,799,,,,,-71.2921142578125,-4.2388916015625,-0.9253048278808594,0.24600906372070314,0.0
,800,,,,,-71.3653564453125,-9.869384765625,-0.9310018798828126,0.1951499267578125,0.0
,801,,,,,-70.880126953125,-15.8294677734375,-0.918986279296875,0.15050575561523438,0.0
,802,,,,,-70.330810546875,-21.38671875,-0.9151537170410157,0.087009521484375,0.0
,803,,,,,-69.6807861328125,-25.4241943359375,-0.9296553039550781,0.012326348876953126,0.0
,804,,,,,-68.66455078125,-29.8919677734375,-0.9101817443847656,-0.06618938598632813,0.0
,805,,,,,-67.08984375,-34.86328125,-0.8788997497558594,-0.10627591552734375,0.0
,806,,,,,-65.3594970703125,-39.2486572265625,-0.8604620178222656,-0.15268099365234375,0.0
,807,,,,,-63.7481689453125,-42.0867919921875,-0.8473070068359375,-0.2342006286621094,0.0
,808,,,,,-62.95166015625,-42.59033203125,-0.8534183898925781,-0.32763228149414064,0.0
,809,,,,,-60.040283203125,-45.44677734375,-0.8227578918457031,-0.3754875183105469,0.0
,810,,,,,-57.220458984375,-48.358154296875,-0.8073240600585938,-0.430075634765625,0.0
,811,,,,,-54.949951171875,-49.1729736328125,-0.7915794799804687,-0.4726481506347656,0.0
,812,,,,,-50.9674072265625,-52.47802734375,-0.8000732666015625,-0.5379052917480469,0.0
,813,,,,,-45.81298828125,-56.304931640625,-0.7611261474609375,-0.5340727294921875,0.0
,814,,,,,-40.5670166015625,-60.3790283203125,-0.7388558532714844,-0.5602791687011719,0.0
,815,,,,,-33.837890625,-63.8214111328125,-0.6796065124511719,-0.5642153137207031,0.0
,816,,,,,-31.3568115234375,-67.0440673828125,-0.6601329528808594,-0.6336157653808594,0.0
,817,,,,,-26.18408203125,-70.111083984375,-0.5995370361328125,-0.6500854248046876,0.0
,818,,,,,-21.86279296875,-72.7752685546875,-0.5687729553222657,-0.707781024169922,0.0
,819,,,,,-17.9901123046875,-74.59716796875,-0.4861139099121094,-0.7137888244628906,0.0
,820,,,,,-13.9617919921875,-75.7232666015625,-0.44582021484375,-0.7815319519042969,0.0
,821,,,,,-9.173583984375,-76.46484375,-0.35549604492187503,-0.7975872802734375,0.0
,822,,,,,-4.98046875,-76.6937255859375,-0.304118994140625,-0.8356021545410156,0.0
,823,,,,,-1.3275146484375,-76.79443359375,-0.23430421142578126,-0.8474105895996094,0.0
,824,,,,,2.325439453125,-76.116943359375,-0.1749512878417969,-0.8859433776855469,0.0
,825,,,,,4.3853759765625,-75.0457763671875,-0.08576652832031251,-0.8768280944824219,0.0
,826,,,,,8.056640625,-73.7823486328125,-0.0426760986328125,-0.9059348510742188,0.0
,827,,,,,11.6455078125,-72.0703125,0.008079455566406251,-0.9122533996582032,0.0
,828,,,,,14.703369140625,-70.12939453125,0.05603827514648438,-0.9072814270019531,0.0
,829,,,,,20.7733154296875,-68.170166015625,0.09011700439453126,-0.905727685546875,0.0
,830,,,,,26.715087890625,-65.8447265625,0.1089690673828125,-0.9092494995117187,0.0
,831,,,,,32.061767578125,-63.5467529296875,0.15340607299804687,-0.8865648742675781,0.0
,832,,,,,37.7655029296875,-61.2213134765625,0.17785160522460938,-0.879210498046875,0.0
,833,,,,,42.73681640625,-59.271240234375,0.20861568603515626,-0.8752743530273438,0.0
,834,,,,,48.1842041015625,-56.341552734375,0.24714847412109375,-0.8661590698242188,0.0
,835,,,,,52.5787353515625,-53.448486328125,0.310748291015625,-0.8229650573730469,0.0
,836,,,,,55.9844970703125,-50.9033203125,0.35736053466796874,-0.7894042419433595,0.0
,837,,,,,59.124755859375,-47.7813720703125,0.4354619384765625,-0.7280832458496094,0.0
,838,,,,,62.493896484375,-43.7164306640625,0.5200890563964844,-0.6737022949218751,0.0
,839,,,,,65.0390625,-40.1092529296875,0.57011953125,-0.6373447448730469,0.0
,840,,,,,67.05322265625,-36.6119384765625,0.6477030212402344,-0.5747807556152343,0.0
,841,,,,,68.66455078125,-32.8216552734375,0.6839569885253907,-0.5562394409179687,0.0
,842,,,,,69.0673828125,-30.2581787109375,0.7280832458496094,-0.5210213012695313,0.0
,843,,,,,69.8272705078125,-26.513671875,0.7779065551757812,-0.47316606445312503,0.0
,844,,,,,70.3765869140625,-22.9248046875,0.8334269165039063,-0.4392945007324219,0.0
,845,,,,,70.0286865234375,-19.6563720703125,0.8524861450195312,-0.41039490966796877,0.0
,846,,,,,70.64208984375,-13.14697265625,0.8612906799316407,-0.37445169067382816,0.0
,847,,,,,71.2921142578125,-6.5460205078125,0.8714417907714844,-0.34410194091796875,0.0
,848,,,,,74.4049072265625,3.350830078125,0.8922619262695313,-0.304118994140625,0.0
,849,,,,,72.2625732421875,4.833984375,0.9028273681640625,-0.25533151245117186,0.0
,850,,,,,72.528076171875,11.3800048828125,0.8959909057617188,-0.20830493774414063,0.0
,851,,,,,72.6104736328125,17.376708984375,0.9013772094726563,-0.14056181030273437,0.0
,852,,,,,72.3541259765625,21.78955078125,0.8959909057617188,-0.07416525878906251,0.0
,853,,,,,71.6949462890625,26.33056640625,0.8949550781250001,0.018334149169921876,0.0
,854,,,,,70.513916015625,30.8990478515625,0.8937120849609376,0.07447600708007812,0.0
,855,,,,,68.994140625,35.1654052734375,0.8675056457519531,0.14014747924804688,0.0
,856,,,,,67.3370361328125,38.214111328125,0.8610835144042969,0.2105837585449219,0.0
,857,,,,,66.2933349609375,40.045166015625,0.8576652832031251,0.2806057067871094,0.0
,858,,,,,63.8671875,43.4600830078125,0.8500001586914063,0.3519742309570313,0.0
,859,,,,,61.5966796875,45.7305908203125,0.8316660095214844,0.41660987548828127,0.0
,860,,,,,59.4085693359375,46.7193603515625,0.850310906982422,0.4802096923828125,0.0
,861,,,,,55.792236328125,49.8504638671875,0.8473070068359375,0.5180174011230468,0.0
,862,,,,,51.37939453125,52.9998779296875,0.8265904541015625,0.5488850646972656,0.0
,863,,,,,46.6552734375,57.01904296875,0.7610225646972657,0.5454668334960938,0.0
,864,,,,,42.1600341796875,60.589599609375,0.7601939025878907,0.5863820251464844,0.0
,865,,,,,33.489990234375,64.105224609375,0.7187607971191406,0.628954541015625,0.0
,866,,,,,32.3272705078125,67.401123046875,0.7062272827148438,0.6785706848144532,0.0
,867,,,,,27.4658203125,69.927978515625,0.6106203918457032,0.6814710021972656,0.0
,868,,,,,23.2086181640625,71.6217041015625,0.5400805297851563,0.7012553100585938,0.0
,869,,,,,18.603515625,72.83935546875,0.4820741821289063,0.7495248779296875,0.0
,870,,,,,14.1632080078125,73.736572265625,0.458250146484375,0.8151963500976562,0.0
,871,,,,,9.173583984375,74.37744140625,0.41029132690429687,0.8417135375976563,0.0
,872,,,,,4.4769287109375,74.8626708984375,0.3417195373535156,0.8638802490234375,0.0
,873,,,,,0.84228515625,74.7802734375,0.2528455261230469,0.8763101806640625,0.0
,874,,,,,-1.2451171875,74.1668701171875,0.20374729614257814,0.908213671875,0.0
,875,,,,,-5.45654296875,73.150634765625,0.16386793212890627,0.9320377075195313,0.0
,876,,,,,-8.734130859375,72.0703125,0.12450648193359376,0.9621802917480469,0.0
,877,,,,,-10.87646484375,70.6878662109375,0.042261767578125,0.9556545776367188,0.0
,878,,,,,-15.5914306640625,69.0948486328125,-0.006629296875,0.9536865051269532,0.0
,879,,,,,-20.91064453125,66.97998046875,-0.03656471557617188,0.9542044189453125,0.0
,880,,,,,-26.8341064453125,64.5263671875,-0.09125641479492187,0.9285158935546876,0.0
,881,,,,,-32.135009765625,61.85302734375,-0.1255423095703125,0.9016879577636719,0.0
,882,,,,,-37.5091552734375,59.4635009765625,-0.19007437133789062,0.8811785705566406,0.0
,883,,,,,-43.4967041015625,56.451416015625,-0.2300573181152344,0.8832502258300782,0.0
,884,,,,,-48.3673095703125,53.8055419921875,-0.29023890380859374,0.8404705444335938,0.0
,885,,,,,-52.3223876953125,51.5167236328125,-0.3481416687011719,0.8006947631835938,0.0
,886,,,,,-55.9844970703125,48.8800048828125,-0.42531082763671874,0.7471424743652344,0.0
,887,,,,,-59.6923828125,45.15380859375,-0.4658116882324219,0.7189679626464844,0.0
,888,,,,,-62.530517578125,41.656494140625,-0.5202962219238282,0.6859250610351563,0.0
,889,,,,,-64.7735595703125,38.2965087890625,-0.5776810729980469,0.6403486450195313,0.0
,890,,,,,-66.76025390625,34.60693359375,-0.6294724548339844,0.6051305053710938,0.0
,891,,,,,-67.8131103515625,31.9610595703125,-0.6726664672851562,0.5715696899414062,0.0
,892,,,,,-68.829345703125,28.6651611328125,-0.7357483703613281,0.5172923217773437,0.0
,893,,,,,-69.10400390625,26.019287109375,-0.8070133117675782,0.449963525390625,0.0
,894,,,,,-68.5546875,23.748779296875,-0.8459604309082032,0.3940288330078125,0.0
,895,,,,,-69.3603515625,19.024658203125,-0.8572509521484375,0.3714477905273438,0.0
,896,,,,,-70.4315185546875,12.4603271484375,-0.8635695007324219,0.3582927795410156,0.0
,897,,,,,-71.2921142578125,6.73828125,-0.8830430603027344,0.32421405029296874,0.0
,898,,,,,-74.4964599609375,-3.204345703125,-0.8950586608886719,0.27998421020507813,0.0
,899,,,,,-72.5006103515625,-4.779052734375,-0.9083172546386719,0.2259140075683594,0.0
,900,,,,,-72.5738525390625,-11.0687255859375,-0.9154644653320313,0.16645750122070313,0.0
,901,,,,,-72.637939453125,-16.29638671875,-0.9199185241699219,0.11311237792968751,0.0
,902,,,,,-72.3358154296875,-20.69091796875,-0.909974578857422,0.058627844238281254,0.0
,903,,,,,-71.5850830078125,-24.86572265625,-0.8931941711425782,0.000310748291015625,0.0
,904,,,,,-70.2117919921875,-29.5989990234375,-0.9122533996582032,-0.09850720825195312,0.0
,905,,,,,-68.609619140625,-33.544921875,-0.9014807922363282,-0.13206802368164064,0.0
,906,,,,,-66.9708251953125,-36.9415283203125,-0.8747564392089844,-0.1790945983886719,0.0
,907,,,,,-65.1214599609375,-40.1458740234375,-0.8653304077148438,-0.26330738525390623,0.0
,908,,,,,-64.4622802734375,-40.631103515625,-0.8620157592773438,-0.35787844848632816,0.0
,909,,,,,-61.688232421875,-43.54248046875,-0.8410920410156251,-0.41018774414062503,0.0
,910,,,,,-58.4747314453125,-46.32568359375,-0.8403669616699219,-0.46384361572265626,0.0
,911,,,,,-55.7281494140625,-47.039794921875,-0.8111566223144532,-0.49657576904296874,0.0
,912,,,,,-51.727294921875,-50.57373046875,-0.8115709533691406,-0.5506459716796875,0.0
,913,,,,,-46.5179443359375,-54.67529296875,-0.7760420654296876,-0.5512674682617188,0.0
,914,,,,,-41.2445068359375,-58.7493896484375,-0.7600903198242188,-0.5962223876953126,0.0
,915,,,,,-32.8216552734375,-62.3199462890625,-0.7210396179199219,-0.6170425231933594,0.0
,916,,,,,-31.38427734375,-65.1947021484375,-0.7412382568359375,-0.7081953552246094,0.0
,917,,,,,-25.8544921875,-67.877197265625,-0.6755667846679688,-0.716067645263672,0.0
,918,,,,,-21.1944580078125,-70.12939453125,-0.6259506408691407,-0.746624560546875,0.0
,919,,,,,-17.2576904296875,-72.0703125,-0.5362479675292969,-0.7497320434570313,0.0
,920,,,,,-13.3758544921875,-73.3154296875,-0.4836279235839844,-0.8217220642089844,0.0
,921,,,,,-8.404541015625,-74.1302490234375,-0.3857422119140625,-0.8224471435546875,0.0
,922,,,,,-3.8360595703125,-74.560546875,-0.3562211242675781,-0.8574581176757813,0.0
,923,,,,,0.0640869140625,-74.52392578125,-0.2569888366699219,-0.8563187072753906,0.0
,924,,,,,4.0740966796875,-74.0203857421875,-0.2172130554199219,-0.897441064453125,0.0
,925,,,,,5.8319091796875,-73.1964111328125,-0.14201196899414062,-0.8927798400878907,0.0
,926,,,,,10.162353515625,-72.2442626953125,-0.06826104125976562,-0.9129784790039063,0.0
,927,,,,,14.2181396484375,-71.2188720703125,0.0047648071289062505,-0.9054169372558594,0.0
,928,,,,,16.3970947265625,-69.5892333984375,0.0285888427734375,-0.92312958984375,0.0
,929,,,,,21.4599609375,-67.6483154296875,0.07634049682617187,-0.9091459167480469,0.0
,930,,,,,27.740478515625,-65.0482177734375,0.11445895385742187,-0.9058312683105469,0.0
,931,,,,,34.0576171875,-62.347412109375,0.13072144775390626,-0.9131856445312501,0.0
,932,,,,,39.569091796875,-59.564208984375,0.15692788696289062,-0.9087315856933594,0.0
,933,,,,,44.586181640625,-57.1746826171875,0.2002254821777344,-0.8824215637207031,0.0
,934,,,,,49.7955322265625,-54.45556640625,0.26019990234375,-0.8504144897460938,0.0
,935,,,,,54.345703125,-51.45263671875,0.31986357421875,-0.8283513610839844,0.0
,936,,,,,57.8887939453125,-48.7152099609375,0.3569462036132813,-0.7941690490722656,0.0
,937,,,,,61.04736328125,-46.014404296875,0.42976488647460936,-0.7460030639648437,0.0
,938,,,,,63.9404296875,-42.572021484375,0.5033086486816406,-0.7005302307128907,0.0
,939,,,,,66.46728515625,-38.2965087890625,0.5558251098632813,-0.6639655151367188,0.0
,940,,,,,68.939208984375,-34.53369140625,0.6137278747558594,-0.6092738159179688,0.0
,941,,,,,70.367431640625,-31.5399169921875,0.6834390747070312,-0.5504388061523438,0.0
,942,,,,,70.147705078125,-30.28564453125,0.7423776672363281,-0.5116988525390626,0.0
,943,,,,,70.404052734375,-26.9622802734375,0.8000732666015625,-0.4594931396484375,0.0
,944,,,,,71.2005615234375,-22.5128173828125,0.8513467346191407,-0.42582874145507815,0.0
,945,,,,,71.1181640625,-19.22607421875,0.8669877319335938,-0.3881246154785156,0.0
,946,,,,,71.923828125,-13.9068603515625,0.8795212463378906,-0.364611328125,0.0
,947,,,,,72.5738525390625,-7.891845703125,0.9190898620605469,-0.3004935974121094,0.0
,948,,,,,76.2451171875,3.863525390625,0.9200221069335938,-0.26703636474609377,0.0
,949,,,,,73.6724853515625,4.6142578125,0.9045882751464844,-0.24228008422851563,0.0
,950,,,,,74.2218017578125,9.5489501953125,0.9104924926757813,-0.19059228515625,0.0
,951,,,,,74.3316650390625,14.6575927734375,0.9328663696289062,-0.10151110839843751,0.0
,952,,,,,73.6083984375,20.25146484375,0.9297588867187501,-0.050030474853515625,0.0
,953,,,,,72.637939453125,25.360107421875,0.9045882751464844,0.00497197265625,0.0
,954,,,,,71.4202880859375,28.546142578125,0.8986840576171875,0.06142457885742188,0.0
,955,,,,,69.6807861328125,32.2540283203125,0.901584375,0.135071923828125,0.0
,956,,,,,67.3187255859375,36.3739013671875,0.9269621520996094,0.22902149047851564,0.0
,957,,,,,65.73486328125,38.56201171875,0.9290338073730469,0.31105903930664064,0.0
,958,,,,,63.4918212890625,40.8416748046875,0.9370096801757812,0.38853894653320314,0.0
,959,,,,,61.3128662109375,42.718505859375,0.9121498168945312,0.44405930786132813,0.0
,960,,,,,58.5296630859375,44.56787109375,0.9027237854003907,0.5000975830078125,0.0
,961,,,,,54.3365478515625,48.394775390625,0.8872899536132812,0.5384232055664062,0.0
,962,,,,,50.4180908203125,51.068115234375,0.8801427429199219,0.5706374450683593,0.0
,963,,,,,46.03271484375,54.3914794921875,0.8229650573730469,0.5734341796875,0.0
,964,,,,,40.3656005859375,58.319091796875,0.8163357604980469,0.6027481018066406,0.0
,965,,,,,32.4554443359375,62.1185302734375,0.7398916809082031,0.6003656982421876,0.0
,966,,,,,30.706787109375,65.2862548828125,0.6988729064941407,0.63806982421875,0.0
,967,,,,,26.0284423828125,68.29833984375,0.6431453796386719,0.6556788940429688,0.0
,968,,,,,20.6451416015625,70.86181640625,0.6106203918457032,0.6723557189941406,0.0
,969,,,,,15.9576416015625,72.711181640625,0.526200439453125,0.6845784851074219,0.0
,970,,,,,11.883544921875,73.773193359375,0.49067155151367187,0.759883154296875,0.0
,971,,,,,7.6629638671875,74.395751953125,0.43162937622070313,0.8115709533691406,0.0
,972,,,,,2.5177001953125,75.2471923828125,0.3909213500976563,0.8624300903320313,0.0
,973,,,,,-2.0599365234375,75.384521484375,0.29676461791992187,0.8669877319335938,0.0
,974,,,,,-5.0079345703125,74.688720703125,0.24424815673828126,0.8857362121582032,0.0
,975,,,,,-8.6151123046875,73.699951171875,0.18199491577148438,0.9127713134765625,0.0
,976,,,,,-11.53564453125,72.5921630859375,0.11425178833007812,0.9213686828613281,0.0
,977,,,,,-14.46533203125,70.916748046875,0.04246893310546875,0.9143250549316406,0.0
,978,,,,,-18.292236328125,69.0216064453125,0.018748480224609374,0.943846142578125,0.0
,979,,,,,-22.6226806640625,66.8975830078125,-0.010461859130859376,0.9468500427246094,0.0
,980,,,,,-28.74755859375,64.5721435546875,-0.056245440673828126,0.9268585693359376,0.0
,981,,,,,-34.5611572265625,62.0452880859375,-0.09778212890625,0.8920547607421875,0.0
,982,,,,,-39.7064208984375,60.003662109375,-0.1500914245605469,0.8553864624023437,0.0
,983,,,,,-44.9249267578125,57.8887939453125,-0.18075192260742187,0.8527968933105469,0.0
,984,,,,,-50.2532958984375,54.9591064453125,-0.22705341796875,0.8255546264648438,0.0
,985,,,,,-54.876708984375,52.2216796875,-0.2912747314453125,0.7999696838378907,0.0
,986,,,,,-58.1634521484375,49.98779296875,-0.37932008056640626,0.7535646057128906,0.0
,987,,,,,-61.5234375,46.7376708984375,-0.4467524597167969,0.7064344482421875,0.0
,988,,,,,-63.8946533203125,44.256591796875,-0.5250610290527344,0.6493603454589844,0.0
,989,,,,,-66.8243408203125,40.5029296875,-0.585864111328125,0.6133135437011719,0.0
,990,,,,,-68.719482421875,37.0697021484375,-0.6495675109863281,0.5616257446289062,0.0
,991,,,,,-68.792724609375,36.2548828125,-0.696904833984375,0.52868642578125,0.0
,992,,,,,-69.68994140625,33.0322265625,-0.7600903198242188,0.48549241333007814,0.0
,993,,,,,-70.7061767578125,28.9306640625,-0.8060810668945313,0.4478918701171875,0.0
,994,,,,,-70.550537109375,25.653076171875,-0.8429565307617187,0.42054602050781253,0.0
,995,,,,,-71.3653564453125,20.9930419921875,-0.8860469604492188,0.37859500122070316,0.0
,996,,,,,-72.0428466796875,15.692138671875,-0.9100781616210938,0.3374726440429688,0.0
,997,,,,,-72.7569580078125,9.4757080078125,-0.9211615173339844,0.29676461791992187,0.0
,998,,,,,-76.57470703125,-3.2684326171875,-0.9297588867187501,0.26776144409179686,0.0
,999,,,,,-73.626708984375,-3.424072265625,-0.9225080932617188,0.22829641113281252,0.0
,1000,,,,,-73.590087890625,-8.7432861328125,-0.9453998840332032,0.16013895263671876,0.0
,1001,,,,,-73.260498046875,-13.6138916015625,-0.9453998840332032,0.10368634643554688,0.0
,1002,,,,,-72.4822998046875,-19.0521240234375,-0.938977752685547,0.04775165405273438,0.0
,1003,,,,,-71.4202880859375,-23.345947265625,-0.9624910400390625,-0.022063128662109376,0.0
,1004,,,,,-70.2301025390625,-27.20947265625,-0.9534793395996094,-0.10037169799804688,0.0
,1005,,,,,-68.4906005859375,-31.0546875,-0.9332807006835938,-0.14014747924804688,0.0
,1006,,,,,-66.156005859375,-35.3851318359375,-0.9161895446777344,-0.19473559570312501,0.0
,1007,,,,,-63.6932373046875,-39.056396484375,-0.8862541259765625,-0.2722155029296875,0.0
,1008,,,,,-62.7044677734375,-39.5599365234375,-0.8786925842285157,-0.348866748046875,0.0
,1009,,,,,-60.2691650390625,-41.93115234375,-0.8608763488769532,-0.39599690551757816,0.0
,1010,,,,,-57.000732421875,-45.135498046875,-0.8519682312011719,-0.4508957702636719,0.0
,1011,,,,,-54.0802001953125,-46.8658447265625,-0.8173715881347656,-0.4637400329589844,0.0
,1012,,,,,-50.592041015625,-50.3448486328125,-0.8457532653808594,-0.5439130920410157,0.0
,1013,,,,,-46.3897705078125,-54.364013671875,-0.8148856018066406,-0.5544785339355469,0.0
,1014,,,,,-40.557861328125,-58.941650390625,-0.7761456481933594,-0.5954973083496093,0.0
,1015,,,,,-34.1766357421875,-62.8875732421875,-0.7203145385742188,-0.5785097351074219,0.0
,1016,,,,,-30.4229736328125,-65.7806396484375,-0.7320193908691407,-0.6400378967285156,0.0
,1017,,,,,-25.2044677734375,-68.44482421875,-0.6689374877929688,-0.6516391662597656,0.0
,1018,,,,,-19.8028564453125,-70.8343505859375,-0.6436632934570312,-0.7275653320312501,0.0
,1019,,,,,-14.5477294921875,-72.94921875,-0.5488850646972656,-0.7253900939941407,0.0
,1020,,,,,-10.565185546875,-74.30419921875,-0.5182245666503906,-0.7932368041992188,0.0
,1021,,,,,-6.1798095703125,-75.54931640625,-0.42334275512695313,-0.7909579833984375,0.0
,1022,,,,,-1.0162353515625,-76.2908935546875,-0.390299853515625,-0.8356021545410156,0.0
,1023,,,,,3.6529541015625,-76.446533203125,-0.2922069763183594,-0.8282477783203125,0.0
,1024,,,,,6.903076171875,-75.84228515625,-0.2238423522949219,-0.8451317687988281,0.0
,1025,,,,,8.294677734375,-75.164794921875,-0.12336707153320313,-0.8285585266113281,0.0
,1026,,,,,12.103271484375,-74.3499755859375,-0.06639655151367188,-0.8584939453125,0.0
,1027,,,,,16.2139892578125,-72.7386474609375,-0.016469659423828126,-0.87672451171875,0.0
,1028,,,,,18.49365234375,-70.34912109375,0.026413604736328127,-0.9016879577636719,0.0
,1029,,,,,23.4100341796875,-68.22509765625,0.05458811645507813,-0.9083172546386719,0.0
,1030,,,,,29.351806640625,-65.679931640625,0.09477822875976563,-0.9163967102050782,0.0
,1031,,,,,35.2752685546875,-63.427734375,0.12699246826171876,-0.9002377990722656,0.0
,1032,,,,,40.3106689453125,-61.5692138671875,0.1702900634765625,-0.8780710876464844,0.0
,1033,,,,,45.1171875,-59.124755859375,0.23482212524414064,-0.8196504089355469,0.0
,1034,,,,,50.518798828125,-55.8746337890625,0.29355355224609375,-0.7928224731445312,0.0
,1035,,,,,54.803466796875,-53.3294677734375,0.35332080688476564,-0.7597795715332032,0.0
,1036,,,,,58.209228515625,-50.86669921875,0.38470638427734377,-0.7323301391601563,0.0
,1037,,,,,61.19384765625,-48.284912109375,0.4538996704101563,-0.6944188476562501,0.0
,1038,,,,,63.7298583984375,-45.3277587890625,0.5480564025878907,-0.6640690979003906,0.0
,1039,,,,,66.2017822265625,-41.27197265625,0.619010595703125,-0.6293688720703126,0.0
,1040,,,,,67.218017578125,-39.1387939453125,0.6603401184082032,-0.5942543151855469,0.0
,1041,,,,,67.9779052734375,-36.6851806640625,0.7332623840332031,-0.5401841125488281,0.0
,1042,,,,,68.44482421875,-34.3048095703125,0.8116745361328125,-0.483110009765625,0.0
,1043,,,,,68.4722900390625,-30.615234375,0.8434744445800781,-0.44934202880859375,0.0
,1044,,,,,69.0765380859375,-25.177001953125,0.8605656005859376,-0.43753359375,0.0
,1045,,,,,68.88427734375,-20.9747314453125,0.8947479125976563,-0.39672198486328125,0.0
,1046,,,,,69.4427490234375,-15.252685546875,0.9067635131835938,-0.3634719177246094,0.0
,1047,,,,,69.927978515625,-8.331298828125,0.9331771179199219,-0.32566420898437504,0.0
,1048,,,,,66.90673828125,-8.331298828125,0.9500611083984375,-0.298318359375,0.0
,1049,,,,,72.2442626953125,5.0811767578125,0.9417744873046875,-0.24497323608398439,0.0
,1050,,,,,71.3287353515625,7.708740234375,0.9516148498535156,-0.173190380859375,0.0
,1051,,,,,71.209716796875,12.3504638671875,0.9392885009765626,-0.09995736694335938,0.0
,1052,,,,,70.7244873046875,17.61474609375,0.9286194763183594,-0.052102130126953125,0.0
,1053,,,,,69.9554443359375,22.412109375,0.9423959838867187,0.021648797607421874,0.0
,1054,,,,,68.902587890625,26.2115478515625,0.9400135803222657,0.0915671630859375,0.0
,1055,,,,,67.3095703125,30.5419921875,0.9408422424316406,0.16676824951171876,0.0
,1056,,,,,65.057373046875,34.991455078125,0.9185719482421876,0.221252783203125,0.0
,1057,,,,,62.51220703125,39.07470703125,0.9059348510742188,0.28360960693359377,0.0
,1058,,,,,60.369873046875,41.9036865234375,0.8959909057617188,0.3373690612792969,0.0
,1059,,,,,59.21630859375,42.8192138671875,0.8780710876464844,0.39786139526367187,0.0
,1060,,,,,56.0760498046875,45.7672119140625,0.8949550781250001,0.46487944335937503,0.0
,1061,,,,,52.7252197265625,49.2462158203125,0.8782782531738281,0.5072447937011719,0.0
,1062,,,,,49.7772216796875,50.64697265625,0.8507252380371094,0.53863037109375,0.0
,1063,,,,,45.2178955078125,54.144287109375,0.80877421875,0.5558251098632813,0.0
,1064,,,,,39.7064208984375,58.04443359375,0.7986231079101562,0.5865891906738282,0.0
,1065,,,,,31.549072265625,61.7156982421875,0.7605046508789063,0.6111383056640625,0.0
,1066,,,,,29.0679931640625,65.07568359375,0.7172070556640625,0.6249148132324219,0.0
,1067,,,,,24.169921875,67.913818359375,0.6470815246582031,0.6379662414550782,0.0
,1068,,,,,18.4844970703125,70.6512451171875,0.6011943603515625,0.66127236328125,0.0
,1069,,,,,13.9984130859375,72.821044921875,0.5401841125488281,0.6790885986328126,0.0
,1070,,,,,9.99755859375,74.2401123046875,0.4830064270019531,0.7358519531250001,0.0
,1071,,,,,6.0882568359375,75.3662109375,0.42282484130859377,0.7760420654296876,0.0
,1072,,,,,1.1444091796875,76.06201171875,0.37393377685546875,0.8219292297363282,0.0
,1073,,,,,-3.2135009765625,76.1627197265625,0.26796860961914065,0.8226543090820313,0.0
,1074,,,,,-4.632568359375,75.4302978515625,0.20115772705078125,0.8570437866210938,0.0
,1075,,,,,-7.781982421875,74.37744140625,0.14532661743164063,0.8850111328125,0.0
,1076,,,,,-11.1968994140625,73.5992431640625,0.10658666381835938,0.9180540344238282,0.0
,1077,,,,,-13.165283203125,72.088623046875,0.028899591064453126,0.9188826965332032,0.0
,1078,,,,,-17.083740234375,70.3582763671875,-0.012533514404296875,0.9288266418457032,0.0
,1079,,,,,-22.0001220703125,68.4906005859375,-0.06722521362304688,0.9121498168945312,0.0
,1080,,,,,-27.960205078125,66.1376953125,-0.10492933959960937,0.8983733093261719,0.0
,1081,,,,,-33.9569091796875,63.6566162109375,-0.11694494018554688,0.8998234680175782,0.0
,1082,,,,,-38.92822265625,61.48681640625,-0.17225813598632814,0.885839794921875,0.0
,1083,,,,,-43.963623046875,59.06982421875,-0.24176217041015627,0.8491714965820313,0.0
,1084,,,,,-48.37646484375,56.8634033203125,-0.2952108764648438,0.808877801513672,0.0
,1085,,,,,-53.1097412109375,53.6407470703125,-0.330636181640625,0.7936511352539063,0.0
,1086,,,,,-56.7626953125,51.2420654296875,-0.4189922790527344,0.7427919982910156,0.0
,1087,,,,,-59.5733642578125,48.834228515625,-0.48559599609375004,0.6999087341308594,0.0
,1088,,,,,-61.7340087890625,45.849609375,-0.5513710510253906,0.6561968078613282,0.0
,1089,,,,,-64.2974853515625,41.766357421875,-0.6131063781738282,0.6167317749023438,0.0
,1090,,,,,-66.339111328125,38.250732421875,-0.6610651977539063,0.6001585327148438,0.0
,1091,,,,,-66.192626953125,37.46337890625,-0.7159640625,0.5595540893554688,0.0
,1092,,,,,-66.796875,34.38720703125,-0.7802889587402344,0.5008226623535157,0.0
,1093,,,,,-67.730712890625,30.120849609375,-0.8053559875488282,0.47896669921875,0.0
,1094,,,,,-67.6116943359375,26.7974853515625,-0.8401597961425782,0.44727037353515625,0.0
,1095,,,,,-68.2159423828125,21.7071533203125,-0.8905010192871095,0.4087375854492188,0.0
,1096,,,,,-68.84765625,15.838623046875,-0.9237510864257813,0.360468017578125,0.0
,1097,,,,,-69.7265625,9.9151611328125,-0.937216845703125,0.31437368774414065,0.0
,1098,,,,,-74.267578125,-3.2867431640625,-0.9433282287597656,0.26786502685546876,0.0
,1099,,,,,-71.2005615234375,-2.838134765625,-0.9387705871582032,0.2353400390625,0.0
,1100,,,,,-71.6949462890625,-8.1573486328125,-0.948818115234375,0.17515845336914063,0.0
,1101,,,,,-71.9970703125,-13.385009765625,-0.951407684326172,0.11901659545898438,0.0
,1102,,,,,-71.5576171875,-19.44580078125,-0.95296142578125,0.05935292358398438,0.0
,1103,,,,,-70.806884765625,-24.1424560546875,-0.9377347595214844,0.0136729248046875,0.0
,1104,,,,,-69.7723388671875,-28.179931640625,-0.9339021972656251,-0.052205712890625,0.0
,1105,,,,,-68.280029296875,-32.666015625,-0.9532721740722656,-0.1160126953125,0.0
,1106,,,,,-66.1468505859375,-36.6851806640625,-0.9572083190917969,-0.18095908813476563,0.0
,1107,,,,,-63.262939453125,-40.8416748046875,-0.9339021972656251,-0.2321289733886719,0.0
,1108,,,,,-61.1572265625,-42.48046875,-0.9281015625,-0.31623817749023436,0.0
,1109,,,,,-58.2916259765625,-44.842529296875,-0.8871863708496094,-0.35860352783203125,0.0
,1110,,,,,-55.70068359375,-47.35107421875,-0.8542470520019532,-0.413502392578125,0.0
,1111,,,,,-52.6702880859375,-48.7518310546875,-0.829490771484375,-0.4550390808105469,0.0
,1112,,,,,-48.3673095703125,-52.0294189453125,-0.8408848754882813,-0.5313795776367187,0.0
,1113,,,,,-43.98193359375,-54.9041748046875,-0.7958263732910157,-0.5350049743652344,0.0
,1114,,,,,-39.2303466796875,-58.63037109375,-0.8069097290039062,-0.6027481018066406,0.0
,1115,,,,,-32.684326171875,-62.6953125,-0.7465209777832031,-0.6029552673339844,0.0
,1116,,,,,-28.9581298828125,-66.0003662109375,-0.7149282348632813,-0.6409701416015625,0.0
,1117,,,,,-24.4720458984375,-69.049072265625,-0.6465636108398438,-0.6393128173828125,0.0
,1118,,,,,-20.25146484375,-71.923828125,-0.6072021606445313,-0.6931758544921875,0.0
,1119,,,,,-15.0970458984375,-74.1485595703125,-0.5083842041015625,-0.6946260131835937,0.0
,1120,,,,,-10.6109619140625,-75.3936767578125,-0.4707836608886719,-0.7563613403320313,0.0
,1121,,,,,-6.73828125,-75.91552734375,-0.39568615722656253,-0.7725202514648438,0.0
,1122,,,,,-2.89306640625,-76.3641357421875,-0.34948824462890626,-0.8276262817382812,0.0
,1123,,,,,2.0965576171875,-76.8951416015625,-0.23969051513671877,-0.8231722229003906,0.0
,1124,,,,,5.8868408203125,-76.57470703125,-0.19587500610351563,-0.8496894104003907,0.0
,1125,,,,,5.9600830078125,-75.9979248046875,-0.11735927124023438,-0.8527968933105469,0.0
,1126,,,,,8.697509765625,-75.128173828125,-0.035632470703125,-0.8619121765136719,0.0
,1127,,,,,13.43994140625,-73.1231689453125,0.015433831787109376,-0.8697844665527344,0.0
,1128,,,,,17.010498046875,-70.8526611328125,0.04402267456054688,-0.9012736267089844,0.0
,1129,,,,,21.7987060546875,-69.2047119140625,0.09591763916015625,-0.8949550781250001,0.0
,1130,,,,,27.0172119140625,-67.4468994140625,0.12253840942382813,-0.9037596130371094,0.0
,1131,,,,,32.940673828125,-65.1947021484375,0.15257741088867188,-0.885839794921875,0.0
,1132,,,,,38.6993408203125,-62.6312255859375,0.198050244140625,-0.8723740356445313,0.0
,1133,,,,,43.0755615234375,-60.9283447265625,0.2669327819824219,-0.8425421997070313,0.0
,1134,,,,,47.3876953125,-58.7310791015625,0.31178411865234373,-0.8208934020996094,0.0
,1135,,,,,51.177978515625,-55.938720703125,0.35943218994140624,-0.8085670532226563,0.0
,1136,,,,,55.1788330078125,-52.0294189453125,0.4301792175292969,-0.7735560791015625,0.0
,1137,,,,,58.41064453125,-48.37646484375,0.49243245849609374,-0.7311907287597657,0.0
,1138,,,,,60.8642578125,-44.9432373046875,0.5400805297851563,-0.7065380310058594,0.0
,1139,,,,,63.043212890625,-41.583251953125,0.6139350402832031,-0.6636547668457031,0.0
,1140,,,,,65.570068359375,-37.6373291015625,0.6685231567382812,-0.6249148132324219,0.0
,1141,,,,,67.3004150390625,-33.7738037109375,0.735023291015625,-0.562661572265625,0.0
,1142,,,,,67.08984375,-32.8857421875,0.7838107727050782,-0.5296186706542969,0.0
,1143,,,,,67.71240234375,-30.029296875,0.8085670532226563,-0.4843530029296875,0.0
,1144,,,,,68.902587890625,-25.927734375,0.8469962585449219,-0.44809903564453124,0.0
,1145,,,,,69.2138671875,-21.5057373046875,0.8708202941894532,-0.41712778930664063,0.0
,1146,,,,,69.9737548828125,-15.27099609375,0.9012736267089844,-0.3692725524902344,0.0
,1147,,,,,70.440673828125,-9.4207763671875,0.90987099609375,-0.3404765441894531,0.0
,1148,,,,,67.7581787109375,-9.4207763671875,0.9039667785644532,-0.315720263671875,0.0
,1149,,,,,73.663330078125,6.7108154296875,0.9211615173339844,-0.25502076416015623,0.0
,1150,,,,,71.9146728515625,9.4573974609375,0.9485073669433594,-0.19908607177734375,0.0
,1151,,,,,71.6949462890625,15.0054931640625,0.9448819702148438,-0.15402756958007813,0.0
,1152,,,,,71.0906982421875,20.25146484375,0.9359738525390625,-0.09684988403320313,0.0
,1153,,,,,69.873046875,26.055908203125,0.9453998840332032,-0.018334149169921876,0.0
,1154,,,,,68.829345703125,30.5419921875,0.9269621520996094,0.04402267456054688,0.0
,1155,,,,,67.4102783203125,34.075927734375,0.9069706787109375,0.121813330078125,0.0
,1156,,,,,65.386962890625,37.7471923828125,0.9101817443847656,0.19173169555664063,0.0
,1157,,,,,62.80517578125,42.041015625,0.889154443359375,0.25626375732421874,0.0
,1158,,,,,60.4339599609375,45.3460693359375,0.8894651916503906,0.3260785400390625,0.0
,1159,,,,,59.6832275390625,45.611572265625,0.8660554870605469,0.3953754089355469,0.0
,1160,,,,,57.0831298828125,47.406005859375,0.8440959411621094,0.45431400146484374,0.0
,1161,,,,,53.1463623046875,50.7659912109375,0.8328054199218751,0.4869425720214844,0.0
,1162,,,,,49.6307373046875,53.0914306640625,0.8398490478515626,0.5412199401855469,0.0
,1163,,,,,45.556640625,56.50634765625,0.8035950805664063,0.5661833862304688,0.0
,1164,,,,,40.869140625,60.02197265625,0.7727274169921875,0.5879357666015625,0.0
,1165,,,,,31.89697265625,64.16015625,0.6975263305664062,0.5937364013671875,0.0
,1166,,,,,30.047607421875,67.4285888671875,0.6791921813964844,0.6296796203613282,0.0
,1167,,,,,25.927734375,69.7174072265625,0.62812587890625,0.6481173522949218,0.0
,1168,,,,,21.6705322265625,71.832275390625,0.5741592590332032,0.6528821594238281,0.0
,1169,,,,,16.6534423828125,73.992919921875,0.4745126403808594,0.6683159912109375,0.0
,1170,,,,,11.993408203125,75.933837890625,0.42976488647460936,0.7348161254882812,0.0
,1171,,,,,8.514404296875,77.01416015625,0.4011760437011719,0.7944797973632812,0.0
,1172,,,,,4.559326171875,77.911376953125,0.34130520629882816,0.8374666442871094,0.0
,1173,,,,,0.0732421875,77.838134765625,0.2337862976074219,0.8455460998535157,0.0
,1174,,,,,-1.519775390625,77.7008056640625,0.168218408203125,0.8781746704101563,0.0
,1175,,,,,-4.193115234375,77.1331787109375,0.11414820556640626,0.8998234680175782,0.0
,1176,,,,,-7.305908203125,75.7598876953125,0.09218865966796876,0.9393920837402344,0.0
,1177,,,,,-9.942626953125,73.6541748046875,0.03832562255859375,0.9417744873046875,0.0
,1178,,,,,-15.12451171875,71.3653564453125,-0.026827935791015625,0.9449855529785156,0.0
,1179,,,,,-20.0225830078125,69.1131591796875,-0.06349623413085938,0.9492324462890626,0.0
,1180,,,,,-25.653076171875,66.97998046875,-0.13434684448242187,0.9042775268554688,0.0
,1181,,,,,-31.8695068359375,64.068603515625,-0.1835486572265625,0.8869792053222657,0.0
,1182,,,,,-37.6007080078125,61.6973876953125,-0.20726911010742188,0.8635695007324219,0.0
,1183,,,,,-42.333984375,59.600830078125,-0.24901296386718752,0.8272119506835938,0.0
,1184,,,,,-46.5545654296875,57.5592041015625,-0.32317822265625,0.7879540832519532,0.0
,1185,,,,,-50.4547119140625,55.3070068359375,-0.38449921875000004,0.7541861022949219,0.0
,1186,,,,,-54.4921875,52.294921875,-0.45431400146484374,0.7228005249023438,0.0
,1187,,,,,-58.209228515625,49.383544921875,-0.49491844482421876,0.7121315002441406,0.0
,1188,,,,,-60.699462890625,46.490478515625,-0.5638009826660156,0.6626189392089844,0.0
,1189,,,,,-63.1072998046875,42.681884765625,-0.6287473754882813,0.6202535888671875,0.0
,1190,,,,,-65.625,38.0401611328125,-0.6924507751464843,0.582549462890625,0.0
,1191,,,,,-67.1356201171875,34.625244140625,-0.7029126342773437,0.561004248046875,0.0
,1192,,,,,-68.170166015625,31.09130859375,-0.7207288696289063,0.527857763671875,0.0
,1193,,,,,-68.792724609375,28.3538818359375,-0.7818427001953125,0.4852852478027344,0.0
,1194,,,,,-68.902587890625,24.9114990234375,-0.8353949890136719,0.42924697265625,0.0
,1195,,,,,-69.8638916015625,19.610595703125,-0.8617050109863281,0.390299853515625,0.0
,1196,,,,,-70.1751708984375,14.813232421875,-0.8762065979003907,0.3643005798339844,0.0
,1197,,,,,-70.8343505859375,8.6151123046875,-0.8918475952148438,0.33881921997070313,0.0
,1198,,,,,-74.2767333984375,-3.40576171875,-0.9074885925292969,0.29572879028320315,0.0
,1199,,,,,-71.7681884765625,-4.6051025390625,-0.9358702697753907,0.24082992553710938,0.0
,1200,,,,,-71.77734375,-10.235595703125,-0.9288266418457032,0.20032906494140626,0.0
,1201,,,,,-71.429443359375,-15.2252197265625,-0.9021022888183594,0.15817088012695313,0.0
,1202,,,,,-70.6512451171875,-21.002197265625,-0.9014807922363282,0.10078602905273437,0.0
,1203,,,,,-69.6441650390625,-26.2847900390625,-0.8935049194335938,0.0493053955078125,0.0
,1204,,,,,-68.8751220703125,-30.6060791015625,-0.8913296813964844,-0.021234466552734376,0.0
,1205,,,,,-67.67578125,-34.478759765625,-0.8849075500488282,-0.0841092041015625,0.0
,1206,,,,,-65.4693603515625,-38.946533203125,-0.8803499084472657,-0.15806729736328126,0.0
,1207,,,,,-63.2537841796875,-42.4530029296875,-0.8820072326660157,-0.24828788452148437,0.0
,1208,,,,,-62.530517578125,-42.6544189453125,-0.8896723571777344,-0.3344687438964844,0.0
,1209,,,,,-59.9945068359375,-44.8699951171875,-0.8600476867675781,-0.39061060180664064,0.0
,1210,,,,,-56.5521240234375,-47.8179931640625,-0.841920703125,-0.4487205322265625,0.0
,1211,,,,,-53.7506103515625,-48.8616943359375,-0.8105351257324219,-0.47430547485351565,0.0
,1212,,,,,-49.932861328125,-51.4892578125,-0.8185109985351563,-0.5346942260742188,0.0
,1213,,,,,-45.2728271484375,-54.986572265625,-0.7730381652832031,-0.5354193054199219,0.0
,1214,,,,,-39.5050048828125,-59.0972900390625,-0.7770778930664063,-0.5937364013671875,0.0
,1215,,,,,-34.130859375,-62.677001953125,-0.7129601623535157,-0.5859676940917969,0.0
,1216,,,,,-30.303955078125,-66.0186767578125,-0.6586827941894532,-0.6217037475585938,0.0
,1217,,,,,-26.0833740234375,-68.792724609375,-0.5885572631835938,-0.6321656066894531,0.0
,1218,,,,,-21.478271484375,-71.37451171875,-0.5675299621582032,-0.6962833374023438,0.0
,1219,,,,,-17.047119140625,-73.883056640625,-0.49212171020507817,-0.7072631103515625,0.0
,1220,,,,,-13.787841796875,-75.1007080078125,-0.44416289062500003,-0.7760420654296876,0.0
,1221,,,,,-10.0067138671875,-75.787353515625,-0.3601572692871094,-0.7919938110351563,0.0
,1222,,,,,-5.4473876953125,-75.6866455078125,-0.31147337036132816,-0.8570437866210938,0.0
,1223,,,,,-0.8514404296875,-75.3570556640625,-0.21524498291015626,-0.8482392517089844,0.0
,1224,,,,,2.435302734375,-74.4415283203125,-0.15092008666992188,-0.86015126953125,0.0
,1225,,,,,3.7353515625,-73.4710693359375,-0.07116135864257812,-0.8555936279296875,0.0
,1226,,,,,7.470703125,-72.2076416015625,-0.019991473388671875,-0.8762065979003907,0.0
,1227,,,,,11.8927001953125,-70.5596923828125,0.0418474365234375,-0.8706131286621094,0.0
,1228,,,,,14.7125244140625,-68.6920166015625,0.058835009765625,-0.8967159851074219,0.0
,1229,,,,,19.5831298828125,-67.0074462890625,0.0584206787109375,-0.9023094543457032,0.0
,1230,,,,,25.6439208984375,-65.0390625,0.08224471435546875,-0.905727685546875,0.0
,1231,,,,,31.9061279296875,-63.0615234375,0.14677677612304688,-0.8890508605957032,0.0
,1232,,,,,37.3626708984375,-61.2213134765625,0.1802340087890625,-0.8807642395019532,0.0
,1233,,,,,42.315673828125,-58.9508056640625,0.21814530029296875,-0.8541434692382813,0.0
,1234,,,,,47.406005859375,-55.5450439453125,0.285059765625,-0.8164393432617187,0.0
,1235,,,,,51.763916015625,-52.734375,0.3447234375,-0.7993481872558594,0.0
,1236,,,,,55.169677734375,-50.20751953125,0.38056307373046877,-0.7882648315429688,0.0
,1237,,,,,58.3282470703125,-47.332763671875,0.44188406982421874,-0.7349197082519532,0.0
,1238,,,,,61.8621826171875,-43.1396484375,0.4954363586425781,-0.6958690063476562,0.0
,1239,,,,,64.3707275390625,-38.983154296875,0.5476420715332031,-0.6671765808105469,0.0
,1240,,,,,66.192626953125,-35.6048583984375,0.6152816162109375,-0.6183890991210937,0.0
,1241,,,,,67.584228515625,-32.33642578125,0.67618828125,-0.5538570373535157,0.0
,1242,,,,,67.767333984375,-30.010986328125,0.7249757629394531,-0.5153242492675781,0.0
,1243,,,,,68.4906005859375,-26.3031005859375,0.7891970764160157,-0.4724409851074219,0.0
,1244,,,,,68.8751220703125,-22.613525390625,0.847721337890625,-0.4376371765136719,0.0
,1245,,,,,68.5821533203125,-18.9605712890625,0.852693310546875,-0.4188886962890625,0.0
,1246,,,,,69.451904296875,-12.744140625,0.8668841491699218,-0.3880210327148438,0.0
,1247,,,,,69.8822021484375,-6.353759765625,0.8849075500488282,-0.34078729248046874,0.0
,1248,,,,,72.9583740234375,3.3966064453125,0.88998310546875,-0.30391182861328125,0.0
,1249,,,,,71.2554931640625,5.0628662109375,0.8826287292480469,-0.25957840576171876,0.0
,1250,,,,,71.6033935546875,11.041259765625,0.8780710876464844,-0.20095056152343752,0.0
,1251,,,,,71.74072265625,16.7724609375,0.8620157592773438,-0.1429442138671875,0.0
,1252,,,,,71.5850830078125,21.1212158203125,0.8744456909179688,-0.07209360351562501,0.0
,1253,,,,,70.9716796875,25.396728515625,0.8679199768066407,0.018334149169921876,0.0
,1254,,,,,70.2392578125,29.47998046875,0.8719597045898437,0.08431636962890625,0.0
,1255,,,,,68.73779296875,34.5794677734375,0.8639838317871094,0.1595174560546875,0.0
,1256,,,,,66.741943359375,38.4063720703125,0.852693310546875,0.20747627563476564,0.0
,1257,,,,,65.625,39.825439453125,0.8424386169433594,0.2650682922363281,0.0
,1258,,,,,63.31787109375,42.5079345703125,0.8535219726562501,0.3384048889160156,0.0
,1259,,,,,60.8001708984375,44.86083984375,0.8428529479980469,0.40272978515625,0.0
,1260,,,,,57.9620361328125,46.2982177734375,0.8487571655273438,0.474823388671875,0.0
,1261,,,,,54.7119140625,49.40185546875,0.8193396606445312,0.5025835693359375,0.0
,1262,,,,,50.8392333984375,51.690673828125,0.802144921875,0.5270291015625,0.0
,1263,,,,,45.648193359375,55.9295654296875,0.7437242431640625,0.5227822082519531,0.0
,1264,,,,,40.9698486328125,60.0860595703125,0.7259080078125,0.5570681030273438,0.0
,1265,,,,,32.574462890625,63.0523681640625,0.6893432922363282,0.6152816162109375,0.0
,1266,,,,,32.4554443359375,66.1651611328125,0.6881002990722657,0.6634476013183594,0.0
,1267,,,,,27.227783203125,69.0582275390625,0.6094809814453125,0.6737022949218751,0.0
,1268,,,,,22.2930908203125,71.1181640625,0.5601755859375,0.6772241088867188,0.0
,1269,,,,,18.548583984375,72.418212890625,0.4819705993652344,0.7185536315917969,0.0
,1270,,,,,14.31884765625,73.6175537109375,0.45887164306640627,0.7986231079101562,0.0
,1271,,,,,9.26513671875,74.2218017578125,0.4116379028320313,0.8474105895996094,0.0
,1272,,,,,4.5135498046875,74.6246337890625,0.3446198547363281,0.8542470520019532,0.0
,1273,,,,,1.153564453125,74.2767333984375,0.26258230590820314,0.8565258728027344,0.0
,1274,,,,,-0.9246826171875,73.79150390625,0.20499028930664062,0.8901902709960938,0.0
,1275,,,,,-5.419921875,73.1689453125,0.138386572265625,0.9131856445312501,0.0
,1276,,,,,-8.8531494140625,72.0428466796875,0.098610791015625,0.9257191589355469,0.0
,1277,,,,,-10.80322265625,70.6695556640625,0.05531319580078125,0.9319341247558593,0.0
,1278,,,,,-15.4815673828125,69.4610595703125,0.0037289794921875003,0.9394956665039063,0.0
,1279,,,,,-21.0205078125,67.4468994140625,-0.06018158569335938,0.9249940795898438,0.0
,1280,,,,,-26.9256591796875,65.44189453125,-0.10327201538085938,0.9163967102050782,0.0
,1281,,,,,-32.2906494140625,63.0340576171875,-0.10213260498046875,0.9152572998046875,0.0
,1282,,,,,-38.0767822265625,60.64453125,-0.15040217285156252,0.8968195678710937,0.0
,1283,,,,,-43.267822265625,58.33740234375,-0.20488670654296876,0.8664698181152344,0.0
,1284,,,,,-48.5595703125,55.1513671875,-0.28247019653320316,0.8217220642089844,0.0
,1285,,,,,-53.082275390625,51.96533203125,-0.32017432250976563,0.8187181640625,0.0
,1286,,,,,-56.3323974609375,49.2095947265625,-0.3953754089355469,0.7861931762695312,0.0
,1287,,,,,-59.783935546875,46.0052490234375,-0.4507921875,0.7487997985839844,0.0
,1288,,,,,-62.9150390625,42.2149658203125,-0.49709368286132816,0.7108885070800781,0.0
,1289,,,,,-65.8355712890625,38.2965087890625,-0.5509567199707032,0.672044970703125,0.0
,1290,,,,,-67.474365234375,35.3851318359375,-0.6252255615234376,0.6076164916992187,0.0
,1291,,,,,-68.5272216796875,33.36181640625,-0.6746345397949219,0.5649403930664063,0.0
,1292,,,,,-70.01953125,29.47998046875,-0.7289119079589844,0.5205033874511719,0.0
,1293,,,,,-70.660400390625,26.1199951171875,-0.7757313171386719,0.4819705993652344,0.0
,1294,,,,,-69.891357421875,23.822021484375,-0.8167500915527344,0.43939808349609377,0.0
,1295,,,,,-70.5047607421875,18.8873291015625,-0.8607727661132812,0.4128808959960938,0.0
,1296,,,,,-71.0540771484375,13.4307861328125,-0.8822143981933595,0.37900933227539063,0.0
,1297,,,,,-71.5667724609375,6.5185546875,-0.8981661437988282,0.3335364990234375,0.0
,1298,,,,,-73.1964111328125,-1.9500732421875,-0.9018951232910156,0.28816724853515624,0.0
,1299,,,,,-72.5830078125,-4.779052734375,-0.9035524475097656,0.2379296081542969,0.0
,1300,,,,,-73.0133056640625,-10.198974609375,-0.9026202026367188,0.1843773193359375,0.0
,1301,,,,,-72.9217529296875,-15.966796875,-0.8988912231445313,0.1164270263671875,0.0
,1302,,,,,-72.6470947265625,-21.2310791015625,-0.9108032409667969,0.03822203979492188,0.0
,1303,,,,,-72.47314453125,-25.1953125,-0.9195041931152345,-0.02050938720703125,0.0
,1304,,,,,-71.6949462890625,-29.388427734375,-0.9081100891113282,-0.09622838745117188,0.0
,1305,,,,,-69.891357421875,-33.6456298828125,-0.8917440124511719,-0.12771754760742188,0.0
,1306,,,,,-68.1793212890625,-37.7197265625,-0.8853218811035156,-0.20664761352539063,0.0
,1307,,,,,-66.632080078125,-40.6494140625,-0.8882221984863281,-0.2980076110839844,0.0
,1308,,,,,-65.496826171875,-41.0247802734375,-0.8915368469238282,-0.37072271118164063,0.0
,1309,,,,,-62.7593994140625,-43.3685302734375,-0.8547649658203125,-0.40625159912109376,0.0
,1310,,,,,-59.1064453125,-46.69189453125,-0.8404705444335938,-0.4496527770996094,0.0
,1311,,,,,-55.7464599609375,-47.7996826171875,-0.7994517700195313,-0.4678833435058594,0.0
,1312,,,,,-51.59912109375,-50.811767578125,-0.8134354431152344,-0.551060302734375,0.0
,1313,,,,,-46.98486328125,-54.4830322265625,-0.8057703186035157,-0.5711553588867188,0.0
,1314,,,,,-41.3543701171875,-58.6944580078125,-0.8122960327148437,-0.6375519104003906,0.0
,1315,,,,,-33.9752197265625,-62.8143310546875,-0.7373021118164063,-0.6233610717773438,0.0
,1316,,,,,-31.75048828125,-65.863037109375,-0.6949367614746094,-0.6772241088867188,0.0
,1317,,,,,-27.13623046875,-68.536376953125,-0.6229467407226563,-0.6892397094726562,0.0
,1318,,,,,-22.100830078125,-71.1456298828125,-0.5999513671875,-0.7605046508789063,0.0
,1319,,,,,-17.486572265625,-73.1231689453125,-0.5243359497070312,-0.76402646484375,0.0
,1320,,,,,-13.76953125,-74.3865966796875,-0.49253604125976563,-0.8199611572265625,0.0
,1321,,,,,-9.1552734375,-75.25634765625,-0.39599690551757816,-0.8184074157714843,0.0
,1322,,,,,-4.0740966796875,-75.494384765625,-0.3715513732910156,-0.8871863708496094,0.0
,1323,,,,,0.9429931640625,-75.567626953125,-0.29572879028320315,-0.8920547607421875,0.0
,1324,,,,,4.522705078125,-75.146484375,-0.2340970458984375,-0.9125641479492188,0.0
,1325,,,,,6.0699462890625,-74.4232177734375,-0.12461006469726563,-0.8917440124511719,0.0
,1326,,,,,9.55810546875,-73.297119140625,-0.06515355834960938,-0.9115283203125,0.0
,1327,,,,,14.24560546875,-71.722412109375,-0.029003173828125,-0.9299660522460937,0.0
,1328,,,,,17.24853515625,-69.8455810546875,0.019784307861328124,-0.9228188415527344,0.0
,1329,,,,,21.8536376953125,-68.243408203125,0.06463564453125001,-0.9214722656250001,0.0
,1330,,,,,27.227783203125,-66.0369873046875,0.096953466796875,-0.9313126281738282,0.0
,1331,,,,,33.9019775390625,-63.0615234375,0.10700099487304687,-0.9624910400390625,0.0
,1332,,,,,40.24658203125,-60.0128173828125,0.15029859008789062,-0.9500611083984375,0.0
,1333,,,,,45.30029296875,-57.257080078125,0.1960821716308594,-0.9032416992187501,0.0
,1334,,,,,50.152587890625,-54.38232421875,0.2619608093261719,-0.8703023803710938,0.0
,1335,,,,,54.8858642578125,-51.0772705078125,0.33705831298828126,-0.8149891845703126,0.0
,1336,,,,,59.0789794921875,-48.046875,0.360468017578125,-0.7814283691406251,0.0
,1337,,,,,62.0452880859375,-45.66650390625,0.4252072448730469,-0.7346089599609376,0.0
,1338,,,,,64.984130859375,-42.6544189453125,0.5138740905761718,-0.6784671020507813,0.0
,1339,,,,,66.998291015625,-39.8712158203125,0.567633544921875,-0.6465636108398438,0.0
,1340,,,,,69.2138671875,-35.85205078125,0.6525714111328125,-0.5995370361328125,0.0
,1341,,,,,71.0540771484375,-32.1807861328125,0.7254936767578125,-0.5451560852050782,0.0
,1342,,,,,70.8526611328125,-31.38427734375,0.7752134033203125,-0.5057946350097656,0.0
,1343,,,,,71.0540771484375,-28.363037109375,0.7989338562011719,-0.4696442504882813,0.0
,1344,,,,,72.015380859375,-23.236083984375,0.8325982543945313,-0.44022674560546876,0.0
,1345,,,,,71.7041015625,-19.134521484375,0.8855290466308594,-0.395271826171875,0.0
,1346,,,,,72.3175048828125,-13.714599609375,0.9005485473632813,-0.35849994506835936,0.0
,1347,,,,,73.0865478515625,-7.635498046875,0.9014807922363282,-0.315720263671875,0.0
,1348,,,,,76.8768310546875,3.3599853515625,0.8856326293945312,-0.28630275878906253,0.0
,1349,,,,,74.102783203125,4.79736328125,0.90655634765625,-0.23658303222656252,0.0
,1350,,,,,74.1485595703125,10.272216796875,0.943121063232422,-0.17049722900390626,0.0
,1351,,,,,74.1851806640625,15.0238037109375,0.9207471862792969,-0.11031564331054688,0.0
,1352,,,,,74.1119384765625,19.683837890625,0.9129784790039063,-0.05572752685546875,0.0
,1353,,,,,73.333740234375,24.8382568359375,0.9335914489746094,0.03459664306640625,0.0
,1354,,,,,71.9329833984375,29.0313720703125,0.9376311767578125,0.10927981567382813,0.0
,1355,,,,,70.5047607421875,32.4462890625,0.9412565734863282,0.1984645751953125,0.0
,1356,,,,,68.6737060546875,35.8245849609375,0.9350416076660156,0.2611321472167969,0.0
,1357,,,,,66.7144775390625,38.6627197265625,0.910699658203125,0.3347794921875,0.0
,1358,,,,,63.995361328125,41.8121337890625,0.9092494995117187,0.4033512817382813,0.0
,1359,,,,,61.85302734375,43.1671142578125,0.9026202026367188,0.46094329833984377,0.0
,1360,,,,,58.905029296875,44.989013671875,0.9174325378417969,0.5297222534179687,0.0
,1361,,,,,54.60205078125,48.797607421875,0.8809714050292969,0.5492993957519532,0.0
,1362,,,,,50.68359375,51.251220703125,0.8675056457519531,0.56846220703125,0.0
,1363,,,,,46.3165283203125,54.45556640625,0.822861474609375,0.5847247009277344,0.0
,1364,,,,,41.5924072265625,58.026123046875,0.8027664184570312,0.6183890991210937,0.0
,1365,,,,,30.523681640625,62.0269775390625,0.7340910461425781,0.6261578063964844,0.0
,1366,,,,,30.79833984375,65.753173828125,0.7302584838867188,0.6611687805175781,0.0
,1367,,,,,26.5869140625,68.88427734375,0.6608580322265625,0.670387646484375,0.0
,1368,,,,,21.807861328125,71.44775390625,0.619010595703125,0.6785706848144532,0.0
,1369,,,,,16.424560546875,73.4619140625,0.5483671508789063,0.7096455139160156,0.0
,1370,,,,,11.444091796875,74.74365234375,0.5218499633789062,0.78225703125,0.0
,1371,,,,,7.3333740234375,75.0,0.44416289062500003,0.8073240600585938,0.0
,1372,,,,,2.7191162109375,75.311279296875,0.37445169067382816,0.8383988891601563,0.0
,1373,,,,,-2.105712890625,74.96337890625,0.2829881103515625,0.8659519042968751,0.0
,1374,,,,,-5.859375,74.2034912109375,0.24124425659179688,0.9117354858398438,0.0
,1375,,,,,-9.1094970703125,73.114013671875,0.1885206298828125,0.9406350769042969,0.0
,1376,,,,,-10.8673095703125,71.9879150390625,0.13413967895507814,0.9566904052734375,0.0
,1377,,,,,-13.80615234375,70.1202392578125,0.0468194091796875,0.9495431945800782,0.0
,1378,,,,,-18.621826171875,68.0694580078125,-0.001968072509765625,0.9452963012695312,0.0
,1379,,,,,-22.59521484375,66.082763671875,-0.052723626708984374,0.9273764831542969,0.0
,1380,,,,,-27.83203125,64.105224609375,-0.09581405639648438,0.9072814270019531,0.0
,1381,,,,,-33.9202880859375,61.48681640625,-0.113526708984375,0.9021022888183594,0.0
,1382,,,,,-39.73388671875,58.7677001953125,-0.168218408203125,0.8757922668457031,0.0
,1383,,,,,-44.769287109375,56.06689453125,-0.2151414001464844,0.8504144897460938,0.0
,1384,,,,,-49.383544921875,53.594970703125,-0.2764623962402344,0.8064953979492188,0.0
,1385,,,,,-54.144287109375,50.8575439453125,-0.3351938232421875,0.7725202514648438,0.0
,1386,,,,,-57.75146484375,48.760986328125,-0.39889722290039065,0.7386486877441406,0.0
,1387,,,,,-60.6170654296875,46.7193603515625,-0.4387765869140625,0.7097490966796876,0.0
,1388,,,,,-63.0706787109375,43.8720703125,-0.5072447937011719,0.6684195739746094,0.0
,1389,,,,,-65.8905029296875,39.3402099609375,-0.5904217529296876,0.6096881469726563,0.0
,1390,,,,,-67.529296875,36.181640625,-0.6570254699707031,0.547745654296875,0.0
,1391,,,,,-67.1630859375,35.7879638671875,-0.6959725891113282,0.5144955871582031,0.0
,1392,,,,,-68.0877685546875,32.6019287109375,-0.7731417480468751,0.45887164306640627,0.0
,1393,,,,,-69.0216064453125,29.4158935546875,-0.8187181640625,0.43390819702148437,0.0
,1394,,,,,-69.085693359375,25.8453369140625,-0.8666769836425782,0.4065623474121094,0.0
,1395,,,,,-69.8822021484375,20.0225830078125,-0.8882221984863281,0.37641976318359377,0.0
,1396,,,,,-70.5047607421875,14.6209716796875,-0.9027237854003907,0.32970393676757814,0.0
,1397,,,,,-71.4569091796875,8.953857421875,-0.8844932189941407,0.3085730529785156,0.0
,1398,,,,,-75.32958984375,-3.5430908203125,-0.8704059631347657,0.2849561828613281,0.0
,1399,,,,,-72.32666015625,-3.424072265625,-0.9031381164550781,0.23036806640625002,0.0
,1400,,,,,-72.6104736328125,-8.221435546875,-0.9364917663574219,0.15485623168945312,0.0
,1401,,,,,-72.6837158203125,-12.9913330078125,-0.9453998840332032,0.09022058715820312,0.0
,1402,,,,,-72.0794677734375,-18.3929443359375,-0.9298624694824219,0.02340970458984375,0.0
,1403,,,,,-70.953369140625,-22.9156494140625,-0.9263406555175782,-0.036357550048828124,0.0
,1404,,,,,-69.6258544921875,-26.77001953125,-0.9541008361816407,-0.11363029174804688,0.0
,1405,,,,,-67.7764892578125,-30.35888671875,-0.9481966186523437,-0.15133441772460937,0.0
,1406,,,,,-65.1947021484375,-34.82666015625,-0.9185719482421876,-0.21389840698242188,0.0
,1407,,,,,-62.841796875,-38.5528564453125,-0.9092494995117187,-0.29003173828125,0.0
,1408,,,,,-61.9354248046875,-39.093017578125,-0.8883257812500001,-0.3465879272460938,0.0
,1409,,,,,-59.47265625,-41.4825439453125,-0.8608763488769532,-0.3948574951171875,0.0
,1410,,,,,-56.3873291015625,-44.512939453125,-0.8374666442871094,-0.446648876953125,0.0
,1411,,,,,-53.4942626953125,-46.014404296875,-0.806288232421875,-0.4744090576171875,0.0
,1412,,,,,-49.456787109375,-49.200439453125,-0.8299051025390626,-0.5432915954589844,0.0
,1413,,,,,-45.0347900390625,-53.0181884765625,-0.8132282775878906,-0.5541677856445313,0.0
,1414,,,,,-39.66064453125,-57.5042724609375,-0.8031807495117188,-0.5938399841308594,0.0
,1415,,,,,-33.3526611328125,-61.6790771484375,-0.7418597534179687,-0.5844139526367188,0.0
,1416,,,,,-29.91943359375,-64.6728515625,-0.7223861938476562,-0.6293688720703126,0.0
,1417,,,,,-24.1058349609375,-68.0328369140625,-0.6357910034179688,-0.6258470581054688,0.0
,1418,,,,,-19.1253662109375,-70.5230712890625,-0.6087559020996094,-0.6943152648925781,0.0
,1419,,,,,-14.5660400390625,-71.8414306640625,-0.5330369018554688,-0.6968012512207031,0.0
,1420,,,,,-10.400390625,-73.0865478515625,-0.4794846130371094,-0.7446564880371094,0.0
,1421,,,,,-6.3262939453125,-73.992919921875,-0.4065623474121094,-0.754911181640625,0.0
,1422,,,,,-1.3824462890625,-74.4415283203125,-0.368754638671875,-0.8074276428222656,0.0
,1423,,,,,3.2684326171875,-74.8077392578125,-0.2705581787109375,-0.788886328125,0.0
,1424,,,,,6.5826416015625,-74.7344970703125,-0.21068734130859376,-0.836120068359375,0.0
,1425,,,,,7.9193115234375,-74.0570068359375,-0.12999636840820314,-0.8445102722167969,0.0
,1426,,,,,11.700439453125,-73.0224609375,-0.08234829711914063,-0.8757922668457031,0.0
,1427,,,,,15.5364990234375,-71.9146728515625,-0.01636607666015625,-0.8678163940429687,0.0
,1428,,,,,17.669677734375,-70.2301025390625,0.030556915283203125,-0.8927798400878907,0.0
,1429,,,,,22.6776123046875,-68.2708740234375,0.058835009765625,-0.9090423339843751,0.0
,1430,,,,,28.7200927734375,-65.679931640625,0.08887401123046876,-0.8995127197265625,0.0
,1431,,,,,34.698486328125,-63.2537841796875,0.14201196899414062,-0.8739277770996094,0.0
,1432,,,,,39.9169921875,-60.6536865234375,0.1732939636230469,-0.8704059631347657,0.0
,1433,,,,,44.8974609375,-58.30078125,0.2026078857421875,-0.851035986328125,0.0
,1434,,,,,50.28076171875,-55.4534912109375,0.25553867797851565,-0.8198575744628906,0.0
,1435,,,,,54.547119140625,-52.9815673828125,0.32266030883789065,-0.7770778930664063,0.0
,1436,,,,,57.7789306640625,-50.7843017578125,0.3745552734375,-0.7420669189453125,0.0
,1437,,,,,60.7086181640625,-48.2025146484375,0.446648876953125,-0.6903791198730469,0.0
,1438,,,,,63.3453369140625,-45.08056640625,0.5276505981445313,-0.6364125,0.0
,1439,,,,,65.9637451171875,-41.0614013671875,0.5909396667480469,-0.6083415710449219,0.0
,1440,,,,,67.2088623046875,-39.1204833984375,0.6287473754882813,-0.5798563110351562,0.0
,1441,,,,,68.0145263671875,-36.51123046875,0.6782599365234375,-0.54360234375,0.0
,1442,,,,,68.4356689453125,-33.9752197265625,0.7478675537109375,-0.499683251953125,0.0
,1443,,,,,68.95751953125,-30.4779052734375,0.7925117248535156,-0.4620827087402344,0.0
,1444,,,,,69.8455810546875,-25.4425048828125,0.8324946716308594,-0.421789013671875,0.0
,1445,,,,,69.7540283203125,-21.3043212890625,0.8848039672851563,-0.39361450195312503,0.0
,1446,,,,,70.56884765625,-15.289306640625,0.9210579345703125,-0.37030838012695316,0.0
,1447,,,,,70.806884765625,-9.576416015625,0.9202292724609376,-0.335608154296875,0.0
,1448,,,,,75.4302978515625,4.0740966796875,0.9117354858398438,-0.28837441406250003,0.0
,1449,,,,,71.7864990234375,2.7557373046875,0.9225080932617188,-0.2291250732421875,0.0
,1450,,,,,72.198486328125,7.6263427734375,0.9417744873046875,-0.17163663940429688,0.0
,1451,,,,,72.216796875,12.542724609375,0.9583477294921875,-0.10202902221679688,0.0
,1452,,,,,71.6766357421875,17.7703857421875,0.9468500427246094,-0.04371192626953125,0.0
,1453,,,,,70.7061767578125,22.88818359375,0.9351451904296876,0.03501097412109375,0.0
,1454,,,,,69.6990966796875,26.8524169921875,0.9137035583496094,0.08752743530273438,0.0
,1455,,,,,67.96875,30.816650390625,0.9292409729003906,0.16511092529296875,0.0
,1456,,,,,65.5517578125,34.954833984375,0.9299660522460937,0.2224957763671875,0.0
,1457,,,,,63.53759765625,39.2486572265625,0.8986840576171875,0.2764623962402344,0.0
,1458,,,,,61.468505859375,42.00439453125,0.8982697265625,0.34731300659179687,0.0
,1459,,,,,60.09521484375,43.1671142578125,0.8929870056152344,0.40790892333984374,0.0
,1460,,,,,56.8084716796875,46.54541015625,0.9096638305664063,0.4737875610351563,0.0
,1461,,,,,53.21044921875,50.115966796875,0.8903974365234375,0.5169815734863281,0.0
,1462,,,,,50.189208984375,51.708984375,0.8567330383300782,0.5443274230957031,0.0
,1463,,,,,45.648193359375,54.9957275390625,0.8042165771484375,0.5541677856445313,0.0
,1464,,,,,40.155029296875,58.8592529296875,0.7982087768554688,0.5895930908203125,0.0
,1465,,,,,32.3089599609375,62.786865234375,0.7509750366210938,0.609066650390625,0.0
,1466,,,,,29.6905517578125,65.9454345703125,0.7295334045410157,0.6396235656738282,0.0
,1467,,,,,24.93896484375,68.5546875,0.6481173522949218,0.6415916381835938,0.0
,1468,,,,,20.03173828125,70.49560546875,0.6245004821777344,0.6743237915039063,0.0
,1469,,,,,14.46533203125,72.8668212890625,0.5581039306640625,0.6725628845214844,0.0
,1470,,,,,9.283447265625,75.091552734375,0.499683251953125,0.7226969421386719,0.0
,1471,,,,,5.5206298828125,76.0711669921875,0.42903980712890627,0.7585365783691407,0.0
,1472,,,,,1.4190673828125,76.7303466796875,0.3880210327148438,0.801316259765625,0.0
,1473,,,,,-3.18603515625,76.629638671875,0.2868206726074219,0.8275226989746094,0.0
,1474,,,,,-5.474853515625,76.5106201171875,0.23067881469726564,0.8695773010253907,0.0
,1475,,,,,-8.2122802734375,75.98876953125,0.17505487060546876,0.9055205200195313,0.0
,1476,,,,,-10.7574462890625,74.8809814453125,0.10368634643554688,0.9326592041015626,0.0
,1477,,,,,-13.1195068359375,72.711181640625,0.013776507568359376,0.9196077758789063,0.0
,1478,,,,,-17.9351806640625,70.78857421875,-0.020198638916015626,0.9362846008300781,0.0
,1479,,,,,-22.6776123046875,68.7469482421875,-0.04754448852539063,0.9400135803222657,0.0
,1480,,,,,-28.125,66.650390625,-0.11404462280273438,0.9104924926757813,0.0
,1481,,,,,-34.2315673828125,63.9312744140625,-0.16583600463867187,0.8821108154296875,0.0
,1482,,,,,-39.84375,61.4593505859375,-0.20405804443359377,0.8669877319335938,0.0
,1483,,,,,-44.512939453125,59.600830078125,-0.22829641113281252,0.8566294555664062,0.0
,1484,,,,,-49.1455078125,57.403564453125,-0.3016330078125,0.8125031982421875,0.0
,1485,,,,,-54.052734375,54.510498046875,-0.3551852966308594,0.7771814758300781,0.0
,1486,,,,,-57.4310302734375,51.8096923828125,-0.4387765869140625,0.7144103210449219,0.0
,1487,,,,,-59.9945068359375,49.4842529296875,-0.5148063354492187,0.6723557189941406,0.0
,1488,,,,,-62.36572265625,46.6644287109375,-0.585864111328125,0.6385877380371094,0.0
,1489,,,,,-64.34326171875,43.377685546875,-0.6394164001464844,0.5976725463867187,0.0
,1490,,,,,-66.4764404296875,39.51416015625,-0.69773349609375,0.5603827514648437,0.0
,1491,,,,,-66.90673828125,37.3809814453125,-0.7489033813476563,0.5289971740722657,0.0
,1492,,,,,-67.4102783203125,34.2132568359375,-0.8090849670410156,0.47762012329101566,0.0
,1493,,,,,-68.0877685546875,30.6243896484375,-0.8486535827636719,0.4518280151367188,0.0
,1494,,,,,-67.9229736328125,27.0538330078125,-0.8922619262695313,0.4209603515625,0.0
,1495,,,,,-68.994140625,21.56982421875,-0.9064527648925782,0.3890568603515625,0.0
,1496,,,,,-69.61669921875,16.2689208984375,-0.9291373901367188,0.35974293823242187,0.0
,1497,,,,,-70.5413818359375,10.3271484375,-0.9469536254882813,0.3210029846191406,0.0
,1498,,,,,-75.6866455078125,-3.8726806640625,-0.9510969360351563,0.28858157958984376,0.0
,1499,,,,,-72.2259521484375,-3.076171875,-0.9395992492675782,0.246112646484375,0.0
,1500,,,,,-72.637939453125,-8.7066650390625,-0.9451927185058594,0.183134326171875,0.0
,1501,,,,,-72.7569580078125,-14.1082763671875,-0.95296142578125,0.12461006469726563,0.0
,1502,,,,,-72.1527099609375,-18.6126708984375,-0.940531494140625,0.05334512329101563,0.0
,1503,,,,,-70.953369140625,-23.602294921875,-0.9307947143554688,-0.0031074829101562502,0.0
,1504,,,,,-69.6807861328125,-28.74755859375,-0.9391849182128906,-0.0700219482421875,0.0
,1505,,,,,-68.280029296875,-32.7301025390625,-0.9121498168945312,-0.10223618774414063,0.0
,1506,,,,,-66.119384765625,-36.6851806640625,-0.91650029296875,-0.16138194580078125,0.0
,1507,,,,,-63.189697265625,-40.8599853515625,-0.9128748962402344,-0.22270294189453127,0.0
,1508,,,,,-61.4410400390625,-42.81005859375,-0.9154644653320313,-0.31437368774414065,0.0
,1509,,,,,-59.0606689453125,-45.44677734375,-0.8804534912109375,-0.3675116455078125,0.0
,1510,,,,,-56.4971923828125,-47.4334716796875,-0.8717525390625,-0.4435413940429688,0.0
,1511,,,,,-53.3935546875,-48.7152099609375,-0.8321839233398438,-0.46601885375976565,0.0
,1512,,,,,-49.0814208984375,-52.47802734375,-0.8353949890136719,-0.5258896911621094,0.0
,1513,,,,,-44.9066162109375,-55.9112548828125,-0.7926153076171876,-0.5385267883300782,0.0
,1514,,,,,-40.1092529296875,-59.87548828125,-0.7874361694335937,-0.5808921386718751,0.0
,1515,,,,,-33.0780029296875,-63.720703125,-0.7397880981445313,-0.5790276489257813,0.0
,1516,,,,,-29.1595458984375,-66.925048828125,-0.7555326782226562,-0.6646905944824218,0.0
,1517,,,,,-24.4720458984375,-69.6441650390625,-0.6793993469238282,-0.6606508666992188,0.0
,1518,,,,,-20.0408935546875,-71.8414306640625,-0.6211858337402344,-0.7011517272949219,0.0
,1519,,,,,-14.90478515625,-74.0203857421875,-0.5123203491210938,-0.6949367614746094,0.0
,1520,,,,,-10.58349609375,-75.7232666015625,-0.47099082641601564,-0.7680661926269532,0.0
,1521,,,,,-6.866455078125,-76.556396484375,-0.37445169067382816,-0.7835000244140625,0.0
,1522,,,,,-3.094482421875,-77.16064453125,-0.3126127807617188,-0.821307733154297,0.0
,1523,,,,,1.4739990234375,-77.52685546875,-0.22394593505859375,-0.8085670532226563,0.0
,1524,,,,,5.328369140625,-77.471923828125,-0.1919388610839844,-0.8439923583984376,0.0
,1525,,,,,5.89599609375,-76.5838623046875,-0.1006824462890625,-0.8425421997070313,0.0
,1526,,,,,8.7066650390625,-75.3204345703125,-0.04671582641601563,-0.8688522216796876,0.0
,1527,,,,,13.494873046875,-74.0936279296875,0.027035101318359376,-0.8576652832031251,0.0
,1528,,,,,17.1295166015625,-72.0977783203125,0.07675482788085938,-0.8802463256835937,0.0
,1529,,,,,22.0184326171875,-70.147705078125,0.10006094970703125,-0.8921583435058594,0.0
,1530,,,,,27.2186279296875,-68.0328369140625,0.12574947509765624,-0.8938156677246094,0.0
,1531,,,,,32.4371337890625,-66.192626953125,0.17464053955078127,-0.8666769836425782,0.0
,1532,,,,,38.433837890625,-63.4918212890625,0.21607364501953125,-0.862740838623047,0.0
,1533,,,,,43.7164306640625,-60.791015625,0.26962593383789063,-0.82700478515625,0.0
,1534,,,,,47.9644775390625,-58.48388671875,0.33177559204101564,-0.7922009765625,0.0
,1535,,,,,51.4892578125,-56.0302734375,0.36575073852539064,-0.7815319519042969,0.0
,1536,,,,,55.3619384765625,-52.3223876953125,0.4056301025390625,-0.7707593444824219,0.0
,1537,,,,,58.721923828125,-48.687744140625,0.4675725952148438,-0.7559470092773438,0.0
,1538,,,,,61.0198974609375,-45.721435546875,0.5559286926269531,-0.7246650146484376,0.0
,1539,,,,,63.02490234375,-42.169189453125,0.6287473754882813,-0.689446875,0.0
,1540,,,,,65.5059814453125,-37.353515625,0.6832319091796876,-0.6334085998535156,0.0
,1541,,,,,67.034912109375,-33.4625244140625,0.7380271911621094,-0.5774739074707032,0.0
,1542,,,,,66.5771484375,-32.244873046875,0.7899221557617188,-0.5382160400390625,0.0
,1543,,,,,66.851806640625,-28.9947509765625,0.831148095703125,-0.49688651733398437,0.0
,1544,,,,,67.7490234375,-25.0946044921875,0.8712346252441406,-0.45048143920898437,0.0
,1545,,,,,67.9046630859375,-20.76416015625,0.9012736267089844,-0.40293695068359375,0.0
,1546,,,,,68.8201904296875,-14.7857666015625,0.8927798400878907,-0.38263472900390627,0.0
,1547,,,,,69.4244384765625,-9.0545654296875,0.9190898620605469,-0.3434804443359375,0.0
,1548,,,,,69.8822021484375,-3.3416748046875,0.9424995666503907,-0.29448579711914064,0.0
,1549,,,,,70.550537109375,3.973388671875,0.9335914489746094,-0.26175364379882815,0.0
,1550,,,,,70.513916015625,9.8052978515625,0.9383562561035157,-0.21451990356445313,0.0
,1551,,,,,70.3857421875,14.9871826171875,0.9513041015625,-0.14035464477539064,0.0
,1552,,,,,70.0653076171875,19.8394775390625,0.9386670043945313,-0.08255546264648438,0.0
,1553,,,,,68.7652587890625,24.755859375,0.9404279113769531,-0.007147210693359375,0.0
,1554,,,,,67.474365234375,29.58984375,0.9428103149414063,0.058835009765625,0.0
,1555,,,,,66.082763671875,33.6181640625,0.9137035583496094,0.12574947509765624,0.0
,1556,,,,,64.215087890625,37.1063232421875,0.9036560302734375,0.18458448486328125,0.0
,1557,,,,,61.9903564453125,41.34521484375,0.9004449645996094,0.2622715576171875,0.0
,1558,,,,,59.6466064453125,44.6685791015625,0.9004449645996094,0.33084334716796876,0.0
,1559,,,,,58.5845947265625,44.989013671875,0.8745492736816407,0.39061060180664064,0.0
,1560,,,,,56.1767578125,46.875,0.8732026977539062,0.4559713256835938,0.0
,1561,,,,,52.4688720703125,50.079345703125,0.8429565307617187,0.4942969482421875,0.0
,1562,,,,,48.907470703125,52.1942138671875,0.8246223815917969,0.5300330017089844,0.0
,1563,,,,,44.7784423828125,55.3619384765625,0.768169775390625,0.539459033203125,0.0
,1564,,,,,40.1458740234375,58.63037109375,0.769827099609375,0.5885572631835938,0.0
,1565,,,,,30.8624267578125,62.58544921875,0.7191751281738281,0.6080308227539063,0.0
,1566,,,,,29.4525146484375,66.064453125,0.668730322265625,0.623982568359375,0.0
,1567,,,,,25.689697265625,68.8201904296875,0.5838960388183594,0.6264685546875001,0.0
,1568,,,,,21.3043212890625,71.4202880859375,0.5587254272460938,0.6453206176757813,0.0
,1569,,,,,16.58935546875,73.663330078125,0.47927744750976564,0.6690410705566406,0.0
,1570,,,,,12.0849609375,75.32958984375,0.42914338989257816,0.7294298217773437,0.0
,1571,,,,,8.5784912109375,75.9063720703125,0.3944431640625,0.7934439697265625,0.0
,1572,,,,,4.6142578125,76.2451171875,0.3417195373535156,0.837777392578125,0.0
,1573,,,,,0.32958984375,76.373291015625,0.24020842895507813,0.8381917236328126,0.0
,1574,,,,,-1.3275146484375,76.1077880859375,0.17308679809570313,0.8591154418945313,0.0
,1575,,,,,-4.0557861328125,75.32958984375,0.12243482666015626,0.8969231506347657,0.0
,1576,,,,,-7.1502685546875,74.2218017578125,0.075408251953125,0.9243725830078126,0.0
,1577,,,,,-9.8236083984375,72.198486328125,0.0037289794921875003,0.9128748962402344,0.0
,1578,,,,,-14.996337890625,69.891357421875,-0.04547283325195313,0.9126677307128906,0.0
,1579,,,,,-19.81201171875,67.5384521484375,-0.08058739013671876,0.9150501342773438,0.0
,1580,,,,,-25.213623046875,65.423583984375,-0.12139899902343751,0.9044846923828125,0.0
,1581,,,,,-31.3568115234375,63.0706787109375,-0.16583600463867187,0.8838717224121094,0.0
,1582,,,,,-36.9140625,61.0198974609375,-0.21866321411132814,0.8566294555664062,0.0
,1583,,,,,-41.6107177734375,59.051513671875,-0.24259083251953126,0.8417135375976563,0.0
,1584,,,,,-45.8404541015625,56.8450927734375,-0.3168596740722656,0.7999696838378907,0.0
,1585,,,,,-50.537109375,53.61328125,-0.37621259765625004,0.76734111328125,0.0
,1586,,,,,-54.2449951171875,50.921630859375,-0.44012316284179687,0.7237327697753907,0.0
,1587,,,,,-57.2479248046875,48.15673828125,-0.5009262451171875,0.6808495056152344,0.0
,1588,,,,,-59.9853515625,45.172119140625,-0.5761273315429688,0.6440776245117188,0.0
,1589,,,,,-62.860107421875,41.2261962890625,-0.6263649719238281,0.6022301879882813,0.0
,1590,,,,,-65.1031494140625,37.481689453125,-0.66458701171875,0.5595540893554688,0.0
,1591,,,,,-65.606689453125,35.99853515625,-0.7005302307128907,0.5280649291992188,0.0
,1592,,,,,-66.76025390625,32.464599609375,-0.7697235168457032,0.48456016845703126,0.0
,1593,,,,,-67.8863525390625,28.1707763671875,-0.8067025634765626,0.4579393981933594,0.0
,1594,,,,,-67.877197265625,24.481201171875,-0.8494822448730469,0.42883264160156254,0.0
,1595,,,,,-68.4173583984375,20.0408935546875,-0.8751707702636718,0.40511218872070315,0.0
,1596,,,,,-69.0032958984375,14.794921875,-0.8980625610351562,0.36492207641601565,0.0
,1597,,,,,-70.037841796875,7.708740234375,-0.9025166198730469,0.327321533203125,0.0
,1598,,,,,-72.4822998046875,-2.215576171875,-0.909974578857422,0.28847799682617187,0.0
,1599,,,,,-70.5780029296875,-4.1015625,-0.9088351684570313,0.24414457397460937,0.0
,1600,,,,,-70.733642578125,-10.0250244140625,-0.9056241027832032,0.207994189453125,0.0
,1601,,,,,-70.5230712890625,-16.0675048828125,-0.9112175720214845,0.15402756958007813,0.0
,1602,,,,,-70.001220703125,-21.05712890625,-0.8934013366699219,0.09819645996093751,0.0
,1603,,,,,-69.5343017578125,-25.1953125,-0.8756886840820313,0.047026574707031255,0.0
,1604,,,,,-68.81103515625,-29.974365234375,-0.8830430603027344,-0.03459664306640625,0.0
,1605,,,,,-67.181396484375,-34.4970703125,-0.8930905883789063,-0.09788571166992188,0.0
,1606,,,,,-65.4052734375,-38.9373779296875,-0.8773460083007812,-0.14615527954101562,0.0
,1607,,,,,-63.720703125,-42.0135498046875,-0.8518646484375,-0.21690230712890626,0.0
,1608,,,,,-62.677001953125,-42.59033203125,-0.8383988891601563,-0.3062942321777344,0.0
,1609,,,,,-59.765625,-45.41015625,-0.8194432434082032,-0.365439990234375,0.0
,1610,,,,,-56.6619873046875,-48.0743408203125,-0.8232758056640626,-0.44312706298828125,0.0
,1611,,,,,-54.254150390625,-48.541259765625,-0.7904400695800782,-0.4655009399414063,0.0
,1612,,,,,-50.3082275390625,-51.74560546875,-0.7830856933593751,-0.5197783081054688,0.0
,1613,,,,,-45.245361328125,-55.975341796875,-0.733365966796875,-0.5069340454101563,0.0
,1614,,,,,-40.3564453125,-60.0128173828125,-0.7215575317382813,-0.5445345886230469,0.0
,1615,,,,,-33.7738037109375,-63.6474609375,-0.6680052429199219,-0.5481599853515625,0.0
,1616,,,,,-31.4666748046875,-67.12646484375,-0.6631368530273438,-0.6335121826171876,0.0
,1617,,,,,-26.0009765625,-70.074462890625,-0.6073057434082031,-0.658786376953125,0.0
,1618,,,,,-21.4874267578125,-72.1893310546875,-0.5849318664550781,-0.7224897766113282,0.0
,1619,,,,,-17.83447265625,-73.590087890625,-0.4829028442382813,-0.7215575317382813,0.0
,1620,,,,,-13.970947265625,-74.945068359375,-0.41329522705078126,-0.7571900024414063,0.0
,1621,,,,,-9.7503662109375,-75.9796142578125,-0.3481416687011719,-0.766512451171875,0.0
,1622,,,,,-4.8980712890625,-76.2542724609375,-0.3310505126953125,-0.8324946716308594,0.0
,1623,,,,,-0.6591796875,-76.0986328125,-0.23440779418945312,-0.8256582092285156,0.0
,1624,,,,,2.471923828125,-75.6866455078125,-0.16003536987304687,-0.869266552734375,0.0
,1625,,,,,3.643798828125,-74.871826171875,-0.06950403442382813,-0.8727883666992188,0.0
,1626,,,,,7.5439453125,-73.4527587890625,-0.015019500732421875,-0.8893616088867188,0.0
,1627,,,,,11.920166015625,-72.052001953125,0.012533514404296875,-0.8966124023437501,0.0
,1628,,,,,14.666748046875,-69.9920654296875,0.056556188964843754,-0.9154644653320313,0.0
,1629,,,,,20.159912109375,-67.9595947265625,0.06971119995117188,-0.9307947143554688,0.0
,1630,,,,,26.202392578125,-65.7257080078125,0.08058739013671876,-0.9359738525390625,0.0
,1631,,,,,32.080078125,-63.629150390625,0.12978920288085938,-0.9091459167480469,0.0
,1632,,,,,37.335205078125,-61.688232421875,0.1802340087890625,-0.880867822265625,0.0
,1633,,,,,42.48046875,-59.271240234375,0.2332683837890625,-0.8463747619628906,0.0
,1634,,,,,47.8546142578125,-55.938720703125,0.2727334167480469,-0.8407812927246094,0.0
,1635,,,,,52.3406982421875,-52.789306640625,0.3129235290527344,-0.8190289123535156,0.0
,1636,,,,,55.938720703125,-49.8779296875,0.35373513793945316,-0.7918902282714844,0.0
,1637,,,,,59.1705322265625,-47.0947265625,0.42044243774414064,-0.7634049682617188,0.0
,1638,,,,,62.51220703125,-43.5791015625,0.4890142272949219,-0.7206252868652344,0.0
,1639,,,,,64.947509765625,-40.0543212890625,0.5745735900878907,-0.6507069213867188,0.0
,1640,,,,,66.8426513671875,-36.767578125,0.6382769897460938,-0.594150732421875,0.0
,1641,,,,,68.4539794921875,-33.1787109375,0.6864429748535157,-0.5553071960449218,0.0
,1642,,,,,68.316650390625,-31.4849853515625,0.7389594360351562,-0.5181209838867188,0.0
,1643,,,,,69.085693359375,-27.0721435546875,0.7997625183105469,-0.47565205078125,0.0
,1644,,,,,69.854736328125,-22.30224609375,0.8255546264648438,-0.4492384460449219,0.0
,1645,,,,,69.195556640625,-19.07958984375,0.8579760314941407,-0.42334275512695313,0.0
,1646,,,,,69.98291015625,-13.458251953125,0.8972338989257813,-0.38677803955078127,0.0
,1647,,,,,70.8343505859375,-6.683349609375,0.8916404296875,-0.35155989990234376,0.0
,1648,,,,,73.49853515625,2.7099609375,0.8865648742675781,-0.32462838134765626,0.0
,1649,,,,,72.0794677734375,5.0262451171875,0.8979589782714844,-0.27169758911132813,0.0
,1650,,,,,72.3541259765625,10.675048828125,0.9023094543457032,-0.21824888305664064,0.0
,1651,,,,,72.308349609375,17.1295166015625,0.9009628784179687,-0.14232271728515625,0.0
,1652,,,,,72.161865234375,22.6409912109375,0.8922619262695313,-0.07530466918945312,0.0
,1653,,,,,71.7041015625,26.7333984375,0.9100781616210938,0.020095056152343752,0.0
,1654,,,,,70.60546875,30.2581787109375,0.9194006103515625,0.08732026977539063,0.0
,1655,,,,,68.792724609375,34.68017578125,0.9059348510742188,0.1496770935058594,0.0
,1656,,,,,66.9342041015625,38.48876953125,0.8911225158691407,0.209651513671875,0.0
,1657,,,,,66.1834716796875,39.8895263671875,0.8653304077148438,0.2871314208984375,0.0
,1658,,,,,64.068603515625,42.974853515625,0.8721668701171875,0.373726611328125,0.0
,1659,,,,,61.468505859375,45.6756591796875,0.8740313598632813,0.4508957702636719,0.0
,1660,,,,,58.9691162109375,47.0672607421875,0.854454217529297,0.4934682861328125,0.0
,1661,,,,,55.3802490234375,49.786376953125,0.8267976196289063,0.5339691467285156,0.0
,1662,,,,,51.26953125,51.910400390625,0.829490771484375,0.5687729553222657,0.0
,1663,,,,,46.2982177734375,56.085205078125,0.7846394348144532,0.5731234313964844,0.0
,1664,,,,,41.326904296875,60.4705810546875,0.7544968505859375,0.5861748596191406,0.0
,1665,,,,,32.9132080078125,63.775634765625,0.6867537231445313,0.6068914123535156,0.0
,1666,,,,,32.4371337890625,66.5496826171875,0.6467707763671875,0.6441812072753906,0.0
,1667,,,,,27.392578125,69.561767578125,0.57509150390625,0.6530893249511719,0.0
,1668,,,,,22.5677490234375,72.0428466796875,0.5298258361816407,0.6549538146972657,0.0
,1669,,,,,18.64013671875,73.370361328125,0.46094329833984377,0.7049842895507813,0.0
,1670,,,,,14.2547607421875,74.2401123046875,0.4107056579589844,0.762369140625,0.0
,1671,,,,,9.4207763671875,74.5513916015625,0.3684438903808594,0.8118817016601563,0.0
,1672,,,,,4.7332763671875,75.1739501953125,0.3021509216308594,0.8572509521484375,0.0
,1673,,,,,1.171875,75.0,0.23896543579101565,0.8679199768066407,0.0
,1674,,,,,-0.860595703125,74.6246337890625,0.20726911010742188,0.90655634765625,0.0
,1675,,,,,-5.1177978515625,73.8739013671875,0.15568489379882813,0.9370096801757812,0.0
,1676,,,,,-8.624267578125,72.6104736328125,0.10700099487304687,0.9505790222167969,0.0
,1677,,,,,-11.2060546875,71.22802734375,0.024341949462890627,0.92644423828125,0.0
,1678,,,,,-15.875244140625,70.0286865234375,-0.020820135498046875,0.9194006103515625,0.0
,1679,,,,,-21.1029052734375,68.0419921875,-0.05116988525390625,0.9307947143554688,0.0
,1680,,,,,-27.1728515625,65.8721923828125,-0.09467464599609375,0.9069706787109375,0.0
,1681,,,,,-32.5103759765625,63.83056640625,-0.12139899902343751,0.91484296875,0.0
,1682,,,,,-38.1134033203125,61.7156982421875,-0.1669754150390625,0.8889472778320313,0.0
,1683,,,,,-44.27490234375,58.4930419921875,-0.19784307861328126,0.8797284118652344,0.0
,1684,,,,,-49.3011474609375,55.0872802734375,-0.27376924438476563,0.825451043701172,0.0
,1685,,,,,-53.2562255859375,52.4688720703125,-0.3269072021484375,0.7820498657226562,0.0
,1686,,,,,-56.7901611328125,49.8321533203125,-0.4138131408691406,0.7380271911621094,0.0
,1687,,,,,-60.0311279296875,46.435546875,-0.48052044067382815,0.7012553100585938,0.0
,1688,,,,,-63.3453369140625,42.4072265625,-0.53531572265625,0.6760846984863281,0.0
,1689,,,,,-66.2017822265625,38.6627197265625,-0.5754022521972656,0.6495675109863281,0.0
,1690,,,,,-67.8955078125,35.4583740234375,-0.6247076477050781,0.5935292358398437,0.0
,1691,,,,,-68.7652587890625,33.3251953125,-0.6726664672851562,0.5539606201171875,0.0
,1692,,,,,-70.0927734375,29.4342041015625,-0.7447600708007813,0.5048623901367187,0.0
,1693,,,,,-70.9259033203125,25.946044921875,-0.7933403869628907,0.45576416015625,0.0
,1694,,,,,-70.330810546875,23.9593505859375,-0.8314588439941406,0.41743853759765626,0.0
,1695,,,,,-70.9991455078125,19.2626953125,-0.8541434692382813,0.38553504638671876,0.0
,1696,,,,,-71.8231201171875,12.890625,-0.8812821533203126,0.362125341796875,0.0
,1697,,,,,-72.747802734375,6.793212890625,-0.8910189331054688,0.34316969604492187,0.0
,1698,,,,,-75.567626953125,-2.7008056640625,-0.9004449645996094,0.2939678833007813,0.0
,1699,,,,,-73.4527587890625,-4.339599609375,-0.9192970275878907,0.23388988037109376,0.0
,1700,,,,,-73.7274169921875,-10.14404296875,-0.9297588867187501,0.17464053955078127,0.0
,1701,,,,,-73.626708984375,-15.966796875,-0.9233367553710938,0.12077750244140625,0.0
,1702,,,,,-73.2421875,-20.9930419921875,-0.9161895446777344,0.05769559936523438,0.0
,1703,,,,,-72.5921630859375,-25.0946044921875,-0.9246833312988282,-0.004868389892578125,0.0
,1704,,,,,-71.37451171875,-29.736328125,-0.9144286376953126,-0.07965514526367187,0.0
,1705,,,,,-69.5159912109375,-34.24072265625,-0.8892580261230469,-0.11798076782226563,0.0
,1706,,,,,-67.4102783203125,-38.397216796875,-0.8896723571777344,-0.19297468872070314,0.0
,1707,,,,,-65.1763916015625,-40.7867431640625,-0.8670913146972656,-0.2655862060546875,0.0
,1708,,,,,-64.361572265625,-41.1163330078125,-0.858597528076172,-0.34710584106445314,0.0
,1709,,,,,-61.7431640625,-43.890380859375,-0.8412992065429687,-0.39982946777343753,0.0
,1710,,,,,-58.4197998046875,-46.417236328125,-0.8549721313476563,-0.4736839782714844,0.0
,1711,,,,,-55.5908203125,-47.1954345703125,-0.8132282775878906,-0.4974044311523438,0.0
,1712,,,,,-51.26953125,-50.3448486328125,-0.83363408203125,-0.579234814453125,0.0
,1713,,,,,-46.6094970703125,-53.814697265625,-0.8048380737304688,-0.5874178527832031,0.0
,1714,,,,,-40.924072265625,-57.989501953125,-0.7857788452148438,-0.6388984863281251,0.0
,1715,,,,,-33.10546875,-61.688232421875,-0.72425068359375,-0.6316476928710938,0.0
,1716,,,,,-30.7525634765625,-64.7552490234375,-0.7362662841796875,-0.703637713623047,0.0
,1717,,,,,-26.1016845703125,-67.27294921875,-0.6611687805175781,-0.6991836547851563,0.0
,1718,,,,,-21.3134765625,-69.6807861328125,-0.5870035217285157,-0.7347125427246094,0.0
,1719,,,,,-16.7266845703125,-71.66748046875,-0.51542783203125,-0.7531502746582032,0.0
,1720,,,,,-13.1927490234375,-72.69287109375,-0.5041373107910156,-0.81043154296875,0.0
,1721,,,,,-9.04541015625,-73.992919921875,-0.4012796264648438,-0.8101207946777343,0.0
,1722,,,,,-4.1015625,-74.578857421875,-0.3395442993164063,-0.8514503173828125,0.0
,1723,,,,,0.7598876953125,-74.3682861328125,-0.252741943359375,-0.8512431518554687,0.0
,1724,,,,,4.2938232421875,-73.8189697265625,-0.22436026611328125,-0.897441064453125,0.0
,1725,,,,,5.804443359375,-73.27880859375,-0.13994031372070312,-0.8973374816894532,0.0
,1726,,,,,9.906005859375,-72.2076416015625,-0.07012553100585937,-0.9021022888183594,0.0
,1727,,,,,13.8336181640625,-70.9442138671875,0.009840362548828125,-0.8850111328125,0.0
,1728,,,,,16.0491943359375,-69.158935546875,0.03293931884765625,-0.9216794311523437,0.0
,1729,,,,,21.1029052734375,-67.218017578125,0.04951256103515625,-0.940531494140625,0.0
,1730,,,,,27.447509765625,-64.581298828125,0.09436389770507812,-0.9284123107910156,0.0
,1731,,,,,34.0118408203125,-61.798095703125,0.14056181030273437,-0.9103889099121094,0.0
,1732,,,,,39.58740234375,-59.3536376953125,0.16521450805664062,-0.9019987060546876,0.0
,1733,,,,,44.842529296875,-56.6162109375,0.18634539184570312,-0.8865648742675781,0.0
,1734,,,,,49.4476318359375,-53.6041259765625,0.2518096984863281,-0.8669877319335938,0.0
,1735,,,,,53.9703369140625,-50.555419921875,0.33187917480468754,-0.8342555786132813,0.0
,1736,,,,,58.1634521484375,-47.7813720703125,0.37186212158203125,-0.8023520874023438,0.0
,1737,,,,,60.919189453125,-45.44677734375,0.42945413818359374,-0.7485926330566407,0.0
,1738,,,,,63.665771484375,-42.279052734375,0.47803445434570313,-0.7088168518066407,0.0
,1739,,,,,66.156005859375,-38.5162353515625,0.5451560852050782,-0.653814404296875,0.0
,1740,,,,,68.3349609375,-35.15625,0.6334085998535156,-0.5810993041992187,0.0
,1741,,,,,69.5892333984375,-32.2265625,0.69773349609375,-0.53531572265625,0.0
,1742,,,,,69.5159912109375,-30.7891845703125,0.7278760803222657,-0.5110773559570313,0.0
,1743,,,,,69.818115234375,-27.886962890625,0.7749026550292969,-0.4798989440917969,0.0
,1744,,,,,70.60546875,-23.1170654296875,0.8186145812988281,-0.44840978393554687,0.0
,1745,,,,,70.587158203125,-18.896484375,0.8534183898925781,-0.40915191650390625,0.0
,1746,,,,,71.2005615234375,-13.787841796875,0.8861505432128907,-0.3754875183105469,0.0
,1747,,,,,71.905517578125,-8.0474853515625,0.9064527648925782,-0.34089087524414063,0.0
,1748,,,,,75.8331298828125,3.955078125,0.9062455993652344,-0.30184017333984375,0.0
,1749,,,,,73.406982421875,4.595947265625,0.8884293640136719,-0.24414457397460937,0.0
,1750,,,,,73.846435546875,9.613037109375,0.8981661437988282,-0.18966004028320313,0.0
,1751,,,,,73.846435546875,14.9505615234375,0.9069706787109375,-0.11186938476562501,0.0
,1752,,,,,73.3428955078125,20.32470703125,0.9248904968261719,-0.036357550048828124,0.0
,1753,,,,,72.5189208984375,25.2227783203125,0.948818115234375,0.044229840087890625,0.0
,1754,,,,,71.2921142578125,28.546142578125,0.9520291809082032,0.11497686767578125,0.0
,1755,,,,,69.5526123046875,32.391357421875,0.9180540344238282,0.18075192260742187,0.0
,1756,,,,,67.7764892578125,35.99853515625,0.9191934448242188,0.24165858764648437,0.0
,1757,,,,,66.0736083984375,38.3514404296875,0.938977752685547,0.3236961364746094,0.0
,1758,,,,,63.409423828125,41.107177734375,0.9589692260742188,0.4090483337402344,0.0
,1759,,,,,61.1297607421875,42.626953125,0.9428103149414063,0.4684012573242188,0.0
,1760,,,,,58.135986328125,44.1741943359375,0.9176397033691407,0.5010298278808594,0.0
,1761,,,,,53.5400390625,47.3602294921875,0.8825251464843751,0.5392518676757813,0.0
,1762,,,,,49.5025634765625,49.8687744140625,0.8864612915039063,0.5892823425292969,0.0
,1763,,,,,45.355224609375,53.6590576171875,0.8325982543945313,0.5806849731445313,0.0
,1764,,,,,40.5487060546875,57.45849609375,0.7867110900878906,0.5815136352539063,0.0
,1765,,,,,30.3955078125,61.3861083984375,0.7253900939941407,0.5997442016601563,0.0
,1766,,,,,30.0201416015625,64.9200439453125,0.7102670104980469,0.6464600280761719,0.0
,1767,,,,,26.0284423828125,67.8863525390625,0.61486728515625,0.6443883728027344,0.0
,1768,,,,,20.745849609375,70.86181640625,0.5756094177246094,0.6552645629882813,0.0
,1769,,,,,16.2506103515625,72.76611328125,0.51211318359375,0.6756703674316407,0.0
,1770,,,,,12.103271484375,73.773193359375,0.4884963134765625,0.7538753540039063,0.0
,1771,,,,,7.87353515625,74.652099609375,0.4293505554199219,0.8184074157714843,0.0
,1772,,,,,2.7740478515625,75.384521484375,0.37818067016601564,0.8700952148437501,0.0
,1773,,,,,-2.0416259765625,75.03662109375,0.27915554809570314,0.8483428344726562,0.0
,1774,,,,,-5.364990234375,74.066162109375,0.23150747680664063,0.877553173828125,0.0
,1775,,,,,-8.82568359375,72.9583740234375,0.1644894287109375,0.8876007019042969,0.0
,1776,,,,,-11.572265625,71.795654296875,0.11767001953125,0.918261199951172,0.0
,1777,,,,,-14.3463134765625,70.294189453125,0.05448453369140625,0.9283087280273438,0.0
,1778,,,,,-18.2098388671875,68.88427734375,-0.00642213134765625,0.9180540344238282,0.0
,1779,,,,,-22.613525390625,66.97998046875,-0.036357550048828124,0.9304839660644532,0.0
,1780,,,,,-28.52783203125,64.6087646484375,-0.09405314941406251,0.9100781616210938,0.0
,1781,,,,,-34.3048095703125,62.255859375,-0.13662566528320313,0.8823179809570313,0.0
,1782,,,,,-39.276123046875,60.1959228515625,-0.18220208129882812,0.8450281860351563,0.0
,1783,,,,,-44.53125,57.97119140625,-0.24631981201171876,0.8156106811523438,0.0
,1784,,,,,-49.7955322265625,55.3436279296875,-0.3004935974121094,0.7902329040527344,0.0
,1785,,,,,-54.583740234375,52.313232421875,-0.343894775390625,0.7591580749511719,0.0
,1786,,,,,-57.97119140625,49.8687744140625,-0.4065623474121094,0.7218682800292969,0.0
,1787,,,,,-61.395263671875,47.13134765625,-0.44851336669921876,0.6962833374023438,0.0
,1788,,,,,-63.885498046875,44.23828125,-0.5087985351562501,0.6549538146972657,0.0
,1789,,,,,-66.522216796875,39.9444580078125,-0.5795455627441406,0.6122777160644531,0.0
,1790,,,,,-68.3807373046875,36.3739013671875,-0.6568183044433594,0.5590361755371094,0.0
,1791,,,,,-68.536376953125,35.3851318359375,-0.6982514099121094,0.5200890563964844,0.0
,1792,,,,,-69.4061279296875,32.11669921875,-0.7508714538574219,0.474823388671875,0.0
,1793,,,,,-70.4315185546875,28.01513671875,-0.8065989807128906,0.4345296936035156,0.0
,1794,,,,,-70.147705078125,25.1861572265625,-0.8328054199218751,0.41246656494140627,0.0
,1795,,,,,-70.6146240234375,20.7366943359375,-0.8643981628417969,0.38025232543945314,0.0
,1796,,,,,-71.5118408203125,15.399169921875,-0.8784854187011719,0.35953577270507814,0.0
,1797,,,,,-72.3358154296875,9.4390869140625,-0.8811785705566406,0.3426517822265625,0.0
,1798,,,,,-76.3916015625,-3.3782958984375,-0.9111139892578125,0.2816415344238281,0.0
,1799,,,,,-73.516845703125,-3.3050537109375,-0.9534793395996094,0.212966162109375,0.0
,1800,,,,,-73.57177734375,-8.3953857421875,-0.953790087890625,0.13548625488281252,0.0
,1801,,,,,-73.3795166015625,-12.9547119140625,-0.927272900390625,0.10327201538085938,0.0
,1802,,,,,-72.418212890625,-18.3380126953125,-0.9253048278808594,0.034285894775390624,0.0
,1803,,,,,-70.9259033203125,-22.998046875,-0.9491288635253906,-0.030971246337890626,0.0
,1804,,,,,-69.4427490234375,-26.9805908203125,-0.9579333984375,-0.09332807006835937,0.0
,1805,,,,,-67.9412841796875,-30.8990478515625,-0.9597978881835938,-0.14532661743164063,0.0
,1806,,,,,-65.5059814453125,-35.2935791015625,-0.9433282287597656,-0.19245677490234375,0.0
,1807,,,,,-63.2720947265625,-39.29443359375,-0.9244761657714844,-0.26745069580078124,0.0
,1808,,,,,-62.7227783203125,-39.898681640625,-0.9013772094726563,-0.362125341796875,0.0
,1809,,,,,-60.5255126953125,-42.6727294921875,-0.8480320861816406,-0.3873995361328125,0.0
,1810,,,,,-57.4676513671875,-46.142578125,-0.8162321777343751,-0.42531082763671874,0.0
,1811,,,,,-54.5928955078125,-47.296142578125,-0.8052524047851563,-0.47223381958007815,0.0
,1812,,,,,-50.6378173828125,-50.28076171875,-0.8272119506835938,-0.54360234375,0.0
,1813,,,,,-45.99609375,-53.814697265625,-0.7877469177246094,-0.5471241577148438,0.0
,1814,,,,,-40.1824951171875,-58.154296875,-0.7752134033203125,-0.5764380798339844,0.0
,1815,,,,,-33.5723876953125,-62.1917724609375,-0.7325373046875,-0.5729162658691407,0.0
,1816,,,,,-29.8004150390625,-65.020751953125,-0.7319158081054687,-0.6498782592773438,0.0
,1817,,,,,-24.6551513671875,-67.767333984375,-0.6623081909179688,-0.6611687805175781,0.0
,1818,,,,,-19.4366455078125,-70.477294921875,-0.62315390625,-0.7133744934082031,0.0
,1819,,,,,-14.337158203125,-72.7294921875,-0.5572752685546876,-0.7116135864257813,0.0
,1820,,,,,-10.2264404296875,-74.1668701171875,-0.5172923217773437,-0.7684805236816407,0.0
,1821,,,,,-5.9600830078125,-75.3021240234375,-0.4078053405761719,-0.7670303649902344,0.0
,1822,,,,,-1.2542724609375,-75.9429931640625,-0.3548745483398438,-0.82700478515625,0.0
,1823,,,,,3.2501220703125,-76.0894775390625,-0.28412752075195313,-0.8380881408691406,0.0
,1824,,,,,6.62841796875,-75.6317138671875,-0.2465269775390625,-0.8931941711425782,0.0
,1825,,,,,8.1573486328125,-75.0640869140625,-0.13755791015625,-0.8798319946289063,0.0
,1826,,,,,12.1490478515625,-73.7274169921875,-0.06349623413085938,-0.8752743530273438,0.0
,1827,,,,,15.765380859375,-72.1710205078125,-0.0015537414550781251,-0.8721668701171875,0.0
,1828,,,,,17.962646484375,-70.12939453125,0.038947119140625,-0.8898795227050782,0.0
,1829,,,,,23.25439453125,-67.9962158203125,0.07095419311523438,-0.8841824707031251,0.0
,1830,,,,,29.1229248046875,-65.7257080078125,0.08845968017578125,-0.8893616088867188,0.0
,1831,,,,,35.15625,-63.6016845703125,0.1288569580078125,-0.8788997497558594,0.0
,1832,,,,,40.374755859375,-61.5509033203125,0.17546920166015625,-0.8661590698242188,0.0
,1833,,,,,45.245361328125,-59.4268798828125,0.21565931396484375,-0.8397454650878906,0.0
,1834,,,,,50.50048828125,-56.28662109375,0.2603034851074219,-0.8223435607910157,0.0
,1835,,,,,54.7027587890625,-53.3935546875,0.3239033020019531,-0.7865039245605469,0.0
,1836,,,,,58.062744140625,-51.0040283203125,0.3832562255859375,-0.7419633361816407,0.0
,1837,,,,,60.992431640625,-48.3856201171875,0.44654529418945316,-0.7046735412597657,0.0
,1838,,,,,63.5650634765625,-45.501708984375,0.5138740905761718,-0.6608580322265625,0.0
,1839,,,,,66.082763671875,-41.619873046875,0.5964295532226562,-0.6102060607910157,0.0
,1840,,,,,67.437744140625,-39.312744140625,0.6528821594238281,-0.5731234313964844,0.0
,1841,,,,,68.6004638671875,-36.5386962890625,0.7219718627929688,-0.5189496459960937,0.0
,1842,,,,,69.1497802734375,-34.2041015625,0.7849501831054688,-0.4765842956542969,0.0
,1843,,,,,69.5068359375,-30.8441162109375,0.8144712707519531,-0.44395572509765624,0.0
,1844,,,,,70.3399658203125,-26.0101318359375,0.8350842407226563,-0.42707173461914066,0.0
,1845,,,,,70.3033447265625,-21.771240234375,0.8693701354980469,-0.38284189453125,0.0
,1846,,,,,71.2921142578125,-15.8660888671875,0.8937120849609376,-0.34327327880859376,0.0
,1847,,,,,72.125244140625,-9.0545654296875,0.9053133544921875,-0.31313069458007814,0.0
,1848,,,,,68.7286376953125,-9.0545654296875,0.9177432861328125,-0.28402393798828124,0.0
,1849,,,,,74.139404296875,5.16357421875,0.9226116760253906,-0.22021695556640625,0.0
,1850,,,,,72.7569580078125,7.5164794921875,0.9120462341308594,-0.17671219482421877,0.0
,1851,,,,,72.454833984375,12.6800537109375,0.9236475036621095,-0.09850720825195312,0.0
,1852,,,,,71.96044921875,18.1549072265625,0.9329699523925782,-0.02672435302734375,0.0
,1853,,,,,71.22802734375,22.9156494140625,0.9197113586425781,0.03003900146484375,0.0
,1854,,,,,70.5322265625,26.98974609375,0.9297588867187501,0.08421278686523438,0.0
,1855,,,,,69.2230224609375,31.5765380859375,0.9175361206054687,0.13849015502929687,0.0
,1856,,,,,66.778564453125,36.1358642578125,0.9169146240234375,0.19960398559570314,0.0
,1857,,,,,63.9862060546875,39.9261474609375,0.9209543518066406,0.29158547973632815,0.0
,1858,,,,,61.77978515625,42.5811767578125,0.9145322204589844,0.3582927795410156,0.0
,1859,,,,,60.4888916015625,43.707275390625,0.8959909057617188,0.40511218872070315,0.0
,1860,,,,,57.2021484375,46.783447265625,0.8896723571777344,0.46405078125,0.0
,1861,,,,,53.5675048828125,50.1800537109375,0.85683662109375,0.5009262451171875,0.0
,1862,,,,,50.2899169921875,51.361083984375,0.859322607421875,0.5528212097167969,0.0
,1863,,,,,45.7855224609375,55.169677734375,0.8292836059570313,0.570948193359375,0.0
,1864,,,,,40.0177001953125,59.5550537109375,0.79054365234375,0.5862784423828126,0.0
,1865,,,,,33.0047607421875,63.2720947265625,0.7454851501464844,0.6065806640625,0.0
,1866,,,,,29.6356201171875,65.9637451171875,0.7223861938476562,0.6351695068359375,0.0
,1867,,,,,24.5361328125,68.902587890625,0.670387646484375,0.6652085083007813,0.0
,1868,,,,,18.914794921875,71.81396484375,0.6270900512695313,0.6781563537597657,0.0
,1869,,,,,14.080810546875,73.5809326171875,0.5467098266601562,0.6838534057617188,0.0
,1870,,,,,9.9334716796875,74.8626708984375,0.5065197143554687,0.7537717712402344,0.0
,1871,,,,,5.9051513671875,75.7781982421875,0.43618701782226565,0.7942726318359375,0.0
,1872,,,,,0.7598876953125,76.4923095703125,0.3921643432617188,0.8511395690917969,0.0
,1873,,,,,-3.3233642578125,76.5289306640625,0.3002864318847656,0.860979931640625,0.0
,1874,,,,,-4.72412109375,75.7598876953125,0.22726058349609377,0.8855290466308594,0.0
,1875,,,,,-8.1024169921875,74.6246337890625,0.14087255859375,0.9139107238769532,0.0
,1876,,,,,-11.480712890625,73.3062744140625,0.086180859375,0.9292409729003906,0.0
,1877,,,,,-13.4857177734375,71.4019775390625,0.04164027099609375,0.934730859375,0.0
,1878,,,,,-17.193603515625,69.6533203125,-0.01512308349609375,0.9339021972656251,0.0
,1879,,,,,-21.97265625,67.7764892578125,-0.07602974853515625,0.9204364379882812,0.0
,1880,,,,,-28.1158447265625,65.5975341796875,-0.11735927124023438,0.9029309509277345,0.0
,1881,,,,,-34.130859375,62.933349609375,-0.14097614135742187,0.8946443298339845,0.0
,1882,,,,,-39.0380859375,61.0931396484375,-0.20903001708984376,0.8757922668457031,0.0
,1883,,,,,-44.0460205078125,58.99658203125,-0.2714904235839844,0.837777392578125,0.0
,1884,,,,,-48.1475830078125,56.744384765625,-0.3228674743652344,0.7959299560546875,0.0
,1885,,,,,-52.5421142578125,53.86962890625,-0.3559103759765625,0.776456396484375,0.0
,1886,,,,,-56.0577392578125,50.9124755859375,-0.42790039672851565,0.7407203430175782,0.0
,1887,,,,,-58.9324951171875,48.0010986328125,-0.4802096923828125,0.7150318176269531,0.0
,1888,,,,,-61.3037109375,45.208740234375,-0.5592433410644532,0.6629296875,0.0
,1889,,,,,-63.812255859375,41.5557861328125,-0.6258470581054688,0.614970867919922,0.0
,1890,,,,,-65.7440185546875,38.0035400390625,-0.6705948120117188,0.5794419799804688,0.0
,1891,,,,,-65.606689453125,37.20703125,-0.7206252868652344,0.5283756774902344,0.0
,1892,,,,,-66.2109375,34.075927734375,-0.7526323608398438,0.5022728210449219,0.0
,1893,,,,,-67.1630859375,29.6905517578125,-0.794686962890625,0.4778272888183594,0.0
,1894,,,,,-66.943359375,26.605224609375,-0.8819036499023438,0.41671345825195316,0.0
,1895,,,,,-67.5933837890625,21.807861328125,-0.9035524475097656,0.38108098754882813,0.0
,1896,,,,,-68.5272216796875,15.8660888671875,-0.9010664611816407,0.35870711059570315,0.0
,1897,,,,,-69.415283203125,9.9609375,-0.9134963928222657,0.330636181640625,0.0
,1898,,,,,-74.01123046875,-3.753662109375,-0.9345236938476563,0.28744216918945314,0.0
,1899,,,,,-70.7061767578125,-2.874755859375,-0.9311054626464844,0.24259083251953126,0.0
,1900,,,,,-71.22802734375,-7.8277587890625,-0.9127713134765625,0.18883137817382814,0.0
,1901,,,,,-71.4935302734375,-13.1103515625,-0.9369060974121094,0.12139899902343751,0.0
,1902,,,,,-71.0906982421875,-19.097900390625,-0.9466428771972657,0.06277115478515626,0.0
,1903,,,,,-70.3033447265625,-24.2431640625,-0.9386670043945313,0.018334149169921876,0.0
,1904,,,,,-69.10400390625,-28.5369873046875,-0.9286194763183594,-0.03967219848632813,0.0
,1905,,,,,-67.5201416015625,-32.4188232421875,-0.9308982971191406,-0.09767854614257813,0.0
,1906,,,,,-65.185546875,-37.09716796875,-0.9238546691894531,-0.15817088012695313,0.0
,1907,,,,,-62.567138671875,-40.6951904296875,-0.9095602478027344,-0.20612969970703127,0.0
,1908,,,,,-60.992431640625,-41.4093017578125,-0.8940228332519532,-0.29769686279296875,0.0
,1909,,,,,-58.245849609375,-44.3023681640625,-0.8815929016113282,-0.3746588562011719,0.0
,1910,,,,,-54.9957275390625,-47.1221923828125,-0.8657447387695313,-0.4366013488769531,0.0
,1911,,,,,-52.0660400390625,-48.01025390625,-0.8225507263183593,-0.46104688110351566,0.0
,1912,,,,,-48.394775390625,-50.9674072265625,-0.8056667358398438,-0.4944005310058594,0.0
,1913,,,,,-44.091796875,-54.5745849609375,-0.7776993896484375,-0.517913818359375,0.0
,1914,,,,,-46.380615234375,-58.538818359375,-0.7861931762695312,-0.5653547241210938,0.0
,1915,,,,,-28.399658203125,-62.5579833984375,-0.7296369873046875,-0.565976220703125,0.0
,1916,,,,,-29.11376953125,-65.7989501953125,-0.7204181213378906,-0.6444919555664063,0.0
,1917,,,,,-24.334716796875,-68.7103271484375,-0.6520534973144532,-0.656300390625,0.0
,1918,,,,,-19.189453125,-71.722412109375,-0.632269189453125,-0.7116135864257813,0.0
,1919,,,,,-14.5477294921875,-73.7091064453125,-0.5297222534179687,-0.7004266479492187,0.0
,1920,,,,,-10.986328125,-74.81689453125,-0.4519315979003906,-0.7413418395996094,0.0
,1921,,,,,-7.086181640625,-75.823974609375,-0.3561175415039063,-0.7542896850585937,0.0
,1922,,,,,-2.5360107421875,-76.190185546875,-0.29365713500976565,-0.8076348083496094,0.0
,1923,,,,,1.849365234375,-76.42822265625,-0.21617722778320314,-0.8273155334472656,0.0
,1924,,,,,4.7149658203125,-76.0345458984375,-0.19380335083007813,-0.8776567565917969,0.0
,1925,,,,,5.474853515625,-75.238037109375,-0.11694494018554688,-0.8805570739746094,0.0
,1926,,,,,9.04541015625,-73.974609375,-0.04609432983398438,-0.8793140808105468,0.0
,1927,,,,,13.3941650390625,-72.564697265625,0.027967346191406253,-0.8595297729492187,0.0
,1928,,,,,16.1956787109375,-71.00830078125,0.057281268310546876,-0.8851147155761719,0.0
,1929,,,,,21.368408203125,-69.2962646484375,0.06525714111328125,-0.9023094543457032,0.0
,1930,,,,,26.69677734375,-67.3004150390625,0.10420426025390625,-0.8870827880859375,0.0
,1931,,,,,32.904052734375,-64.92919921875,0.12564589233398438,-0.8786925842285157,0.0
,1932,,,,,38.5986328125,-62.2100830078125,0.1876919677734375,-0.8522789794921876,0.0
,1933,,,,,43.1488037109375,-59.9395751953125,0.2664148681640625,-0.8242080505371094,0.0
,1934,,,,,47.6898193359375,-57.1746826171875,0.32348897094726564,-0.817164422607422,0.0
,1935,,,,,51.8096923828125,-54.08935546875,0.37445169067382816,-0.7848466003417969,0.0
,1936,,,,,55.40771484375,-51.3885498046875,0.44115899047851564,-0.7581222473144531,0.0
,1937,,,,,58.1634521484375,-48.577880859375,0.48828914794921874,-0.7381307739257813,0.0
,1938,,,,,60.6170654296875,-45.37353515625,0.5606934997558594,-0.6937973510742188,0.0
,1939,,,,,62.6129150390625,-42.535400390625,0.6083415710449219,-0.6558860595703125,0.0
,1940,,,,,65.1580810546875,-38.34228515625,0.6719413879394531,-0.6124848815917969,0.0
,1941,,,,,66.9158935546875,-34.4970703125,0.7317086425781251,-0.5662869689941407,0.0
,1942,,,,,66.7327880859375,-33.1512451171875,0.7909579833984375,-0.5119060180664062,0.0
,1943,,,,,67.2271728515625,-29.69970703125,0.8422314514160156,-0.47420189208984376,0.0
,1944,,,,,68.3258056640625,-24.7833251953125,0.8599441040039063,-0.46394719848632815,0.0
,1945,,,,,68.5089111328125,-20.83740234375,0.8768280944824219,-0.44229840087890626,0.0
,1946,,,,,69.415283203125,-15.618896484375,0.9083172546386719,-0.40190112304687503,0.0
,1947,,,,,70.0836181640625,-9.4390869140625,0.9142214721679688,-0.3634719177246094,0.0
,1948,,,,,74.74365234375,4.1748046875,0.895783740234375,-0.33301858520507815,0.0
,1949,,,,,71.3653564453125,4.1107177734375,0.9066599304199219,-0.26879727172851564,0.0
,1950,,,,,71.6400146484375,9.4940185546875,0.9301732177734375,-0.21182675170898438,0.0
,1951,,,,,71.44775390625,14.849853515625,0.9301732177734375,-0.14895201416015624,0.0
,1952,,,,,70.5322265625,20.61767578125,0.9142214721679688,-0.08814893188476562,0.0
,1953,,,,,69.5892333984375,25.653076171875,0.9277908142089843,0.000517913818359375,0.0
,1954,,,,,68.6004638671875,29.4158935546875,0.9283087280273438,0.051480633544921876,0.0
,1955,,,,,67.034912109375,33.709716796875,0.9101817443847656,0.11072997436523438,0.0
,1956,,,,,64.7186279296875,38.250732421875,0.9100781616210938,0.1666646667480469,0.0
,1957,,,,,62.6495361328125,42.1142578125,0.912356982421875,0.2627894714355469,0.0
,1958,,,,,60.736083984375,44.7967529296875,0.9047954406738281,0.35249214477539065,0.0
,1959,,,,,59.674072265625,45.7305908203125,0.8795212463378906,0.4119486511230469,0.0
,1960,,,,,57.16552734375,47.442626953125,0.8675056457519531,0.461564794921875,0.0
,1961,,,,,53.228759765625,50.8758544921875,0.8313552612304688,0.49657576904296874,0.0
,1962,,,,,49.5574951171875,52.8350830078125,0.8301122680664063,0.5419450195312501,0.0
,1963,,,,,45.1629638671875,56.0028076171875,0.8024556701660156,0.5698087829589844,0.0
,1964,,,,,39.605712890625,59.7381591796875,0.7900257385253906,0.6019194396972657,0.0
,1965,,,,,33.10546875,63.519287109375,0.7216611145019531,0.61155263671875,0.0
,1966,,,,,30.303955078125,66.741943359375,0.6728736328125,0.6236718200683594,0.0
,1967,,,,,25.9185791015625,69.561767578125,0.5820315490722656,0.6017122741699219,0.0
,1968,,,,,20.8282470703125,72.2808837890625,0.5469169921875,0.6285402099609375,0.0
,1969,,,,,16.4886474609375,74.322509765625,0.4933647033691406,0.6702840637207031,0.0
,1970,,,,,12.799072265625,75.7965087890625,0.44934202880859375,0.7402024291992187,0.0
,1971,,,,,8.843994140625,76.7486572265625,0.39889722290039065,0.7867110900878906,0.0
,1972,,,,,4.7149658203125,77.1514892578125,0.33384724731445314,0.8319767578125,0.0
,1973,,,,,0.274658203125,77.3895263671875,0.22922865600585937,0.8281441955566406,0.0
,1974,,,,,-1.3458251953125,77.1148681640625,0.18862421264648438,0.8779675048828125,0.0
,1975,,,,,-4.302978515625,75.933837890625,0.14284063110351564,0.9074885925292969,0.0
,1976,,,,,-7.4066162109375,74.761962890625,0.09560689086914063,0.930691131591797,0.0
,1977,,,,,-10.162353515625,72.821044921875,0.03283573608398438,0.9287230590820312,0.0
,1978,,,,,-15.34423828125,71.22802734375,-0.029106756591796876,0.9271693176269532,0.0
,1979,,,,,-20.0958251953125,69.305419921875,-0.06981478271484375,0.9349380249023438,0.0
,1980,,,,,-25.689697265625,66.8426513671875,-0.10803682250976562,0.932244873046875,0.0
,1981,,,,,-31.75048828125,63.6932373046875,-0.16759691162109375,0.8985804748535157,0.0
,1982,,,,,-37.1063232421875,61.5966796875,-0.22353160400390626,0.8739277770996094,0.0
,1983,,,,,-41.839599609375,59.619140625,-0.25460643310546877,0.8613942626953125,0.0
,1984,,,,,-46.2158203125,56.9732666015625,-0.31427010498046876,0.8217220642089844,0.0
,1985,,,,,-50.8209228515625,53.9703369140625,-0.37641976318359377,0.7885755798339844,0.0
,1986,,,,,-54.8126220703125,51.287841796875,-0.4366013488769531,0.7436206604003907,0.0
,1987,,,,,-57.989501953125,48.486328125,-0.49274320678710937,0.6994944030761719,0.0
,1988,,,,,-60.75439453125,45.538330078125,-0.5459847473144531,0.6624117736816406,0.0
,1989,,,,,-63.629150390625,41.5924072265625,-0.5914575805664063,0.6425238830566407,0.0
,1990,,,,,-65.9271240234375,37.7288818359375,-0.6726664672851562,0.5922862426757812,0.0
,1991,,,,,-66.6229248046875,35.7513427734375,-0.7173106384277343,0.567633544921875,0.0
,1992,,,,,-67.63916015625,32.04345703125,-0.7452779846191406,0.5366622985839844,0.0
,1993,,,,,-68.4906005859375,28.4637451171875,-0.7801853759765626,0.4940897827148438,0.0
,1994,,,,,-68.3258056640625,25.048828125,-0.8407812927246094,0.4241714172363281,0.0
,1995,,,,,-68.81103515625,20.0042724609375,-0.8705095458984375,0.39568615722656253,0.0
,1996,,,,,-69.2413330078125,14.8681640625,-0.8897759399414062,0.36865105590820313,0.0
,1997,,,,,-70.220947265625,7.9376220703125,-0.8911225158691407,0.34544851684570316,0.0
,1998,,,,,-73.223876953125,-2.2796630859375,-0.881696484375,0.3149951843261719,0.0
,1999,,,,,-71.7681884765625,-4.2938232421875,-0.8987876403808595,0.25833541259765624,0.0
,2000,,,,,-71.942138671875,-10.2813720703125,-0.8931941711425782,0.21524498291015626,0.0
,2001,,,,,-71.6766357421875,-16.3604736328125,-0.9100781616210938,0.15340607299804687,0.0
,2002,,,,,-70.9442138671875,-21.478271484375,-0.8960944885253906,0.08877042846679688,0.0
,2003,,,,,-70.1751708984375,-25.7171630859375,-0.8960944885253906,0.03211065673828125,0.0
,2004,,,,,-69.0399169921875,-30.2032470703125,-0.8949550781250001,-0.040190112304687504,0.0
,2005,,,,,-67.236328125,-34.552001953125,-0.8877042846679688,-0.09353523559570313,0.0
,2006,,,,,-65.4510498046875,-39.1571044921875,-0.87340986328125,-0.139215234375,0.0
,2007,,,,,-63.6474609375,-42.0135498046875,-0.8440959411621094,-0.19991473388671877,0.0
,2008,,,,,-62.8326416015625,-42.7642822265625,-0.8405741271972657,-0.2899281555175781,0.0
,2009,,,,,-60.296630859375,-46.014404296875,-0.8284549438476563,-0.3609859313964844,0.0
,2010,,,,,-57.403564453125,-48.6328125,-0.8090849670410156,-0.42531082763671874,0.0
,2011,,,,,-55.0872802734375,-49.0814208984375,-0.762369140625,-0.4517244323730469,0.0
,2012,,,,,-51.0040283203125,-52.2674560546875,-0.7801853759765626,-0.5224714599609375,0.0
,2013,,,,,-45.721435546875,-56.396484375,-0.7685841064453125,-0.5402876953125,0.0
,2014,,,,,-40.7135009765625,-60.53466796875,-0.7535646057128906,-0.5789240661621093,0.0
,2015,,,,,-33.9019775390625,-63.739013671875,-0.6814710021972656,-0.5644224792480469,0.0
,2016,,,,,-31.5948486328125,-66.8701171875,-0.6668658325195312,-0.6349623413085937,0.0
,2017,,,,,-26.4495849609375,-70.404052734375,-0.5877286010742188,-0.6409701416015625,0.0
,2018,,,,,-22.0367431640625,-73.20556640625,-0.5680478759765625,-0.7110956726074219,0.0
,2019,,,,,-18.2830810546875,-74.96337890625,-0.48870347900390626,-0.72093603515625,0.0
,2020,,,,,-14.300537109375,-76.2451171875,-0.4314222106933594,-0.7671339477539063,0.0
,2021,,,,,-9.04541015625,-77.105712890625,-0.34410194091796875,-0.7669267822265625,0.0
,2022,,,,,-4.815673828125,-77.3712158203125,-0.2963502868652344,-0.814574853515625,0.0
,2023,,,,,-1.3458251953125,-77.105712890625,-0.22259935913085938,-0.8222399780273437,0.0
,2024,,,,,2.2430419921875,-76.3275146484375,-0.18448090209960938,-0.8647089111328126,0.0
,2025,,,,,4.1839599609375,-75.0823974609375,-0.10016453247070313,-0.8630515869140625,0.0
,2026,,,,,7.891845703125,-73.3978271484375,-0.033664398193359375,-0.88335380859375,0.0
,2027,,,,,11.5997314453125,-72.015380859375,0.01015111083984375,-0.8964052368164063,0.0
,2028,,,,,14.61181640625,-70.5596923828125,0.044954919433593754,-0.9199185241699219,0.0
,2029,,,,,19.921875,-68.84765625,0.0832805419921875,-0.9166038757324219,0.0
,2030,,,,,26.2847900390625,-66.2109375,0.09301732177734376,-0.9408422424316406,0.0
,2031,,,,,32.427978515625,-63.922119140625,0.13849015502929687,-0.9160859619140626,0.0
,2032,,,,,37.82958984375,-62.054443359375,0.1790945983886719,-0.9045882751464844,0.0
,2033,,,,,42.81005859375,-59.765625,0.20561178588867188,-0.8822143981933595,0.0
,2034,,,,,48.1201171875,-56.671142578125,0.2697295166015625,-0.8470998413085937,0.0
,2035,,,,,52.423095703125,-53.814697265625,0.333950830078125,-0.7975872802734375,0.0
,2036,,,,,55.95703125,-50.6103515625,0.36585432128906253,-0.7707593444824219,0.0
,2037,,,,,59.1796875,-47.4517822265625,0.4323544555664063,-0.7373021118164063,0.0
,2038,,,,,62.5396728515625,-43.4326171875,0.5138740905761718,-0.6992872375488282,0.0
,2039,,,,,65.1580810546875,-39.312744140625,0.5720876037597656,-0.6719413879394531,0.0
,2040,,,,,66.9525146484375,-35.467529296875,0.6315441101074218,-0.6384841552734375,0.0
,2041,,,,,68.1060791015625,-32.0892333984375,0.6849928161621094,-0.5766452453613281,0.0
,2042,,,,,68.1976318359375,-29.99267578125,0.7369913635253906,-0.5273398498535157,0.0
,2043,,,,,68.6279296875,-26.1016845703125,0.8097064636230469,-0.4695406677246094,0.0
,2044,,,,,68.7652587890625,-22.5311279296875,0.8512431518554687,-0.4326652038574219,0.0
,2045,,,,,68.170166015625,-19.134521484375,0.8596333557128907,-0.3965148193359375,0.0
,2046,,,,,69.03076171875,-12.762451171875,0.8535219726562501,-0.37859500122070316,0.0
,2047,,,,,69.8638916015625,-6.2530517578125,0.8665734008789063,-0.34337686157226566,0.0
,2048,,,,,72.802734375,3.3782958984375,0.8975446472167969,-0.30266883544921874,0.0
,2049,,,,,71.063232421875,5.4290771484375,0.9074885925292969,-0.26475754394531253,0.0
,2050,,,,,71.4752197265625,11.920166015625,0.9088351684570313,-0.19525350952148438,0.0
,2051,,,,,71.37451171875,17.4591064453125,0.8841824707031251,-0.13445042724609377,0.0
,2052,,,,,70.9991455078125,21.514892578125,0.8783818359375001,-0.08141605224609376,0.0
,2053,,,,,70.34912109375,25.8270263671875,0.8834573913574219,-0.01263709716796875,0.0
,2054,,,,,69.1497802734375,30.0567626953125,0.8975446472167969,0.07457958984375,0.0
,2055,,,,,67.7581787109375,34.2315673828125,0.8784854187011719,0.1421155517578125,0.0
,2056,,,,,66.1285400390625,37.4359130859375,0.8625336730957032,0.20146847534179688,0.0
,2057,,,,,64.8834228515625,39.0289306640625,0.8431636962890625,0.28112362060546875,0.0
,2058,,,,,62.3291015625,42.279052734375,0.8621193420410157,0.36699373168945315,0.0
,2059,,,,,60.24169921875,44.4671630859375,0.8656411560058594,0.42147826538085936,0.0
,2060,,,,,58.2275390625,45.4742431640625,0.8533148071289063,0.48424942016601563,0.0
,2061,,,,,54.9224853515625,48.8616943359375,0.80048759765625,0.5052767211914063,0.0
,2062,,,,,50.50048828125,52.203369140625,0.7823606140136719,0.5366622985839844,0.0
,2063,,,,,45.758056640625,56.396484375,0.7381307739257813,0.5276505981445313,0.0
,2064,,,,,41.436767578125,59.381103515625,0.751596533203125,0.5809957214355469,0.0
,2065,,,,,32.5469970703125,62.896728515625,0.69773349609375,0.6179747680664063,0.0
,2066,,,,,31.8603515625,66.2750244140625,0.6556788940429688,0.6427310485839844,0.0
,2067,,,,,26.9989013671875,68.5546875,0.5952901428222657,0.6596150390625001,0.0
,2068,,,,,22.833251953125,70.49560546875,0.5773703247070313,0.6839569885253907,0.0
,2069,,,,,18.56689453125,72.0062255859375,0.5039301452636719,0.7427919982910156,0.0
,2070,,,,,14.1632080078125,72.8668212890625,0.44644171142578126,0.7961371215820313,0.0
,2071,,,,,9.11865234375,73.480224609375,0.4073910095214844,0.8424386169433594,0.0
,2072,,,,,4.339599609375,73.8555908203125,0.35943218994140624,0.8809714050292969,0.0
,2073,,,,,0.7781982421875,73.79150390625,0.26496470947265627,0.8744456909179688,0.0
,2074,,,,,-1.0528564453125,73.8372802734375,0.19069586791992188,0.8912260986328125,0.0
,2075,,,,,-5.3466796875,73.2696533203125,0.13186085815429688,0.9069706787109375,0.0
,2076,,,,,-8.624267578125,72.6104736328125,0.08307337646484375,0.9286194763183594,0.0
,2077,,,,,-10.821533203125,71.429443359375,0.042883264160156254,0.9401171630859375,0.0
,2078,,,,,-15.4449462890625,69.83642578125,-0.0053863037109375,0.9428103149414063,0.0
,2079,,,,,-20.4071044921875,67.4835205078125,-0.056245440673828126,0.9285158935546876,0.0
,2080,,,,,-26.531982421875,65.14892578125,-0.08089813842773438,0.9253048278808594,0.0
,2081,,,,,-32.33642578125,62.823486328125,-0.10368634643554688,0.9087315856933594,0.0
,2082,,,,,-37.939453125,60.3790283203125,-0.17785160522460938,0.8694737182617188,0.0
,2083,,,,,-43.780517578125,57.16552734375,-0.23026448364257812,0.831148095703125,0.0
,2084,,,,,-48.8250732421875,53.90625,-0.27407999267578126,0.8091885498046876,0.0
,2085,,,,,-52.5421142578125,51.4068603515625,-0.3315684265136719,0.7848466003417969,0.0
,2086,,,,,-55.8929443359375,48.9349365234375,-0.4010724609375,0.7587437438964844,0.0
,2087,,,,,-59.9029541015625,44.8333740234375,-0.44747753906250004,0.7434134948730469,0.0
,2088,,,,,-63.134765625,41.143798828125,-0.516256494140625,0.7104741760253906,0.0
,2089,,,,,-65.350341796875,38.4063720703125,-0.5722947692871094,0.6668658325195312,0.0
,2090,,,,,-67.0166015625,35.6689453125,-0.6556788940429688,0.5935292358398437,0.0
,2091,,,,,-68.0511474609375,33.06884765625,-0.7066416137695313,0.54360234375,0.0
,2092,,,,,-69.305419921875,29.4158935546875,-0.74745322265625,0.5053803039550782,0.0
,2093,,,,,-69.854736328125,26.5869140625,-0.794686962890625,0.45887164306640627,0.0
,2094,,,,,-69.342041015625,23.9044189453125,-0.8301122680664063,0.42665740356445314,0.0
,2095,,,,,-70.12939453125,18.8323974609375,-0.8473070068359375,0.4057336853027344,0.0
,2096,,,,,-70.9259033203125,12.3687744140625,-0.8869792053222657,0.35446021728515625,0.0
,2097,,,,,-71.77734375,6.0791015625,-0.9035524475097656,0.3154095153808594,0.0
,2098,,,,,-74.08447265625,-2.5634765625,-0.9244761657714844,0.25647092285156253,0.0
,2099,,,,,-72.7020263671875,-4.742431640625,-0.9412565734863282,0.20074339599609375,0.0
,2100,,,,,-72.94921875,-11.09619140625,-0.9508897705078125,0.14843410034179688,0.0
,2101,,,,,-73.05908203125,-16.4886474609375,-0.9463321289062501,0.08980625610351563,0.0
,2102,,,,,-72.894287109375,-20.9381103515625,-0.9359738525390625,0.029521087646484374,0.0
,2103,,,,,-72.36328125,-25.0396728515625,-0.9205400207519532,-0.028278094482421877,0.0
,2104,,,,,-71.282958984375,-28.7841796875,-0.9228188415527344,-0.09923228759765625,0.0
,2105,,,,,-69.4061279296875,-33.4259033203125,-0.9152572998046875,-0.13973314819335939,0.0
,2106,,,,,-67.4652099609375,-37.5457763671875,-0.89329775390625,-0.2059225341796875,0.0
,2107,,,,,-65.5609130859375,-40.24658203125,-0.8983733093261719,-0.2942786315917969,0.0
,2108,,,,,-64.74609375,-40.8050537109375,-0.8958873229980469,-0.377869921875,0.0
,2109,,,,,-61.9537353515625,-43.7347412109375,-0.8521753967285156,-0.41837078247070314,0.0
,2110,,,,,-58.685302734375,-46.453857421875,-0.8328054199218751,-0.4685048400878906,0.0
,2111,,,,,-56.1492919921875,-47.4334716796875,-0.8150927673339844,-0.49833667602539067,0.0
,2112,,,,,-51.910400390625,-50.9674072265625,-0.8234829711914062,-0.5532355407714844,0.0
,2113,,,,,-46.4630126953125,-55.078125,-0.7844322692871094,-0.5577931823730469,0.0
,2114,,,,,-41.107177734375,-58.9508056640625,-0.7994517700195313,-0.6161102783203125,0.0
,2115,,,,,-32.9864501953125,-62.1734619140625,-0.7633013854980469,-0.629783203125,0.0
,2116,,,,,-31.82373046875,-65.5059814453125,-0.7286011596679688,-0.6868573059082032,0.0
,2117,,,,,-27.337646484375,-68.499755859375,-0.6500854248046876,-0.695247509765625,0.0
,2118,,,,,-22.119140625,-71.1456298828125,-0.6180783508300781,-0.7413418395996094,0.0
,2119,,,,,-17.2210693359375,-73.0865478515625,-0.5367658813476562,-0.7358519531250001,0.0
,2120,,,,,-13.4674072265625,-74.0203857421875,-0.5019620727539063,-0.7962407043457032,0.0
,2121,,,,,-8.9813232421875,-74.4415283203125,-0.4005545471191406,-0.802144921875,0.0
,2122,,,,,-3.84521484375,-74.7894287109375,-0.36202175903320316,-0.8765173461914063,0.0
,2123,,,,,1.13525390625,-74.81689453125,-0.280916455078125,-0.8818000671386719,0.0
,2124,,,,,4.7698974609375,-74.3865966796875,-0.23482212524414064,-0.9286194763183594,0.0
,2125,,,,,6.3995361328125,-73.8189697265625,-0.16272852172851562,-0.9286194763183594,0.0
,2126,,,,,10.4461669921875,-72.69287109375,-0.09198149414062501,-0.9383562561035157,0.0
,2127,,,,,14.410400390625,-71.37451171875,-0.00973677978515625,-0.9263406555175782,0.0
,2128,,,,,16.4886474609375,-69.5709228515625,0.037082629394531254,-0.9281015625,0.0
,2129,,,,,21.4508056640625,-67.9412841796875,0.0501340576171875,-0.9314162109375,0.0
,2130,,,,,27.484130859375,-65.5517578125,0.06732879638671875,-0.9470572082519532,0.0
,2131,,,,,33.9569091796875,-62.6312255859375,0.13082503051757813,-0.9210579345703125,0.0
,2132,,,,,39.7796630859375,-59.893798828125,0.17422620849609374,-0.9090423339843751,0.0
,2133,,,,,45.08056640625,-57.293701171875,0.19338901977539064,-0.8897759399414062,0.0
,2134,,,,,49.639892578125,-54.5196533203125,0.2528455261230469,-0.8547649658203125,0.0
,2135,,,,,54.217529296875,-51.0223388671875,0.3251462951660156,-0.8176823364257813,0.0
,2136,,,,,58.70361328125,-47.8179931640625,0.38108098754882813,-0.7966550354003906,0.0
,2137,,,,,61.8804931640625,-45.3369140625,0.4476847045898438,-0.7477639709472657,0.0
,2138,,,,,64.74609375,-42.242431640625,0.4952291931152344,-0.7121315002441406,0.0
,2139,,,,,67.2637939453125,-38.5345458984375,0.5805813903808594,-0.6497746765136719,0.0
,2140,,,,,69.1497802734375,-35.41259765625,0.6274007995605468,-0.604094677734375,0.0
,2141,,,,,70.34912109375,-32.7850341796875,0.6834390747070312,-0.5635938171386718,0.0
,2142,,,,,70.2484130859375,-31.5673828125,0.7559470092773438,-0.49388261718750004,0.0
,2143,,,,,70.2667236328125,-28.6651611328125,0.7987266906738282,-0.45462474975585937,0.0
,2144,,,,,71.2554931640625,-23.5565185546875,0.8217220642089844,-0.43390819702148437,0.0
,2145,,,,,71.356201171875,-19.3267822265625,0.8539363037109375,-0.404387109375,0.0
,2146,,,,,72.1435546875,-13.76953125,0.8868756225585938,-0.37859500122070316,0.0
,2147,,,,,72.802734375,-7.7728271484375,0.8948514953613281,-0.35021332397460936,0.0
,2148,,,,,76.5380859375,4.193115234375,0.9175361206054687,-0.29272489013671876,0.0
,2149,,,,,74.0936279296875,4.9896240234375,0.9254084106445313,-0.22850357666015625,0.0
,2150,,,,,74.6337890625,9.942626953125,0.9101817443847656,-0.18085550537109377,0.0
,2151,,,,,74.7344970703125,15.106201171875,0.9166038757324219,-0.11798076782226563,0.0
,2152,,,,,74.249267578125,20.3521728515625,0.9278943969726563,-0.052723626708984374,0.0
,2153,,,,,73.4619140625,25.30517578125,0.9253048278808594,0.027760180664062502,0.0
,2154,,,,,72.308349609375,28.875732421875,0.9403243286132813,0.09912870483398438,0.0
,2155,,,,,70.64208984375,32.757568359375,0.9227152587890626,0.16625033569335937,0.0
,2156,,,,,68.4722900390625,35.8245849609375,0.9179504516601563,0.231196728515625,0.0
,2157,,,,,66.1834716796875,38.6444091796875,0.9069706787109375,0.2961431213378906,0.0
,2158,,,,,63.2904052734375,41.8670654296875,0.9339021972656251,0.3890568603515625,0.0
,2159,,,,,61.2396240234375,43.2037353515625,0.9316233764648438,0.4621862915039063,0.0
,2160,,,,,58.612060546875,44.8333740234375,0.9117354858398438,0.5078662902832032,0.0
,2161,,,,,54.3731689453125,48.6053466796875,0.8927798400878907,0.5537534545898438,0.0
,2162,,,,,50.4638671875,51.361083984375,0.8801427429199219,0.5910432495117187,0.0
,2163,,,,,45.9136962890625,54.52880859375,0.8003840148925782,0.57177685546875,0.0
,2164,,,,,40.814208984375,57.9620361328125,0.8003840148925782,0.6136242919921875,0.0
,2165,,,,,30.596923828125,61.9720458984375,0.7498356262207031,0.6364125,0.0
,2166,,,,,30.303955078125,65.771484375,0.7237327697753907,0.6651049255371094,0.0
,2167,,,,,26.3031005859375,68.4722900390625,0.6387949035644531,0.6676944946289063,0.0
,2168,,,,,21.9268798828125,70.93505859375,0.574262841796875,0.6588899597167969,0.0
,2169,,,,,16.827392578125,72.83935546875,0.5017549072265625,0.6913113647460938,0.0
,2170,,,,,11.68212890625,74.359130859375,0.47762012329101566,0.7653730407714844,0.0
,2171,,,,,7.818603515625,75.384521484375,0.42582874145507815,0.8051488220214844,0.0
,2172,,,,,2.252197265625,75.732421875,0.38543146362304687,0.8465819274902344,0.0
,2173,,,,,-2.2613525390625,75.4852294921875,0.27376924438476563,0.842024285888672,0.0
,2174,,,,,-4.9346923828125,75.091552734375,0.20944434814453125,0.8701987976074219,0.0
,2175,,,,,-8.660888671875,74.45068359375,0.15858521118164062,0.910699658203125,0.0
,2176,,,,,-11.5081787109375,73.370361328125,0.12233124389648438,0.9437425598144532,0.0
,2177,,,,,-14.4195556640625,71.6400146484375,0.048891064453125,0.9296553039550781,0.0
,2178,,,,,-18.585205078125,69.7723388671875,-0.003625396728515625,0.9261334899902344,0.0
,2179,,,,,-22.88818359375,67.3828125,-0.04174385375976562,0.9267549865722656,0.0
,2180,,,,,-28.9306640625,64.764404296875,-0.08100172119140625,0.9153608825683595,0.0
,2181,,,,,-34.9365234375,62.3382568359375,-0.135071923828125,0.887497119140625,0.0
,2182,,,,,-40.2008056640625,60.0677490234375,-0.18966004028320313,0.8610835144042969,0.0
,2183,,,,,-45.2728271484375,57.696533203125,-0.21607364501953125,0.8383988891601563,0.0
,2184,,,,,-49.639892578125,55.810546875,-0.2650682922363281,0.801316259765625,0.0
,2185,,,,,-54.6844482421875,52.972412109375,-0.32887527465820315,0.7613333129882812,0.0
,2186,,,,,-58.447265625,50.1251220703125,-0.39993305053710937,0.7307763977050782,0.0
,2187,,,,,-61.56005859375,47.49755859375,-0.4550390808105469,0.7048807067871093,0.0
,2188,,,,,-64.251708984375,44.64111328125,-0.5302401672363282,0.650499755859375,0.0
,2189,,,,,-67.1356201171875,40.2740478515625,-0.5814100524902344,0.6105168090820313,0.0
,2190,,,,,-69.5068359375,36.7218017578125,-0.6398307312011718,0.5736413452148438,0.0
,2191,,,,,-69.61669921875,35.906982421875,-0.7074702758789063,0.5111809387207031,0.0
,2192,,,,,-70.2850341796875,32.8125,-0.7716915893554688,0.4581465637207031,0.0
,2193,,,,,-70.9259033203125,29.791259765625,-0.7988302734375,0.4385694213867188,0.0
,2194,,,,,-70.806884765625,26.3671875,-0.8450281860351563,0.3982757263183594,0.0
,2195,,,,,-71.7681884765625,20.7183837890625,-0.8663662353515625,0.3860529602050781,0.0
,2196,,,,,-72.2625732421875,15.3167724609375,-0.8827323120117188,0.35632470703125,0.0
,2197,,,,,-73.0133056640625,9.2742919921875,-0.9143250549316406,0.30733005981445316,0.0
,2198,,,,,-77.0050048828125,-3.5614013671875,-0.938977752685547,0.24787355346679688,0.0
,2199,,,,,-73.7823486328125,-3.460693359375,-0.9524435119628907,0.1955642578125,0.0
,2200,,,,,-73.663330078125,-8.4869384765625,-0.9539972534179688,0.13973314819335939,0.0
,2201,,,,,-73.3428955078125,-13.5040283203125,-0.9417744873046875,0.100268115234375,0.0
,2202,,,,,-72.6837158203125,-19.22607421875,-0.9497503601074219,0.0364611328125,0.0
,2203,,,,,-71.612548828125,-23.712158203125,-0.9357666870117188,-0.017401904296875,0.0
,2204,,,,,-70.1751708984375,-27.5848388671875,-0.9282051452636719,-0.09446748046875,0.0
,2205,,,,,-68.1793212890625,-31.2103271484375,-0.9384598388671875,-0.14574094848632813,0.0
,2206,,,,,-65.313720703125,-35.3485107421875,-0.9577262329101562,-0.22197786254882812,0.0
,2207,,,,,-62.7410888671875,-38.9373779296875,-0.9297588867187501,-0.2953144592285156,0.0
,2208,,,,,-61.981201171875,-39.5233154296875,-0.9093530822753907,-0.37227645263671877,0.0
,2209,,,,,-59.4451904296875,-42.0135498046875,-0.8764137634277344,-0.4031441162109375,0.0
,2210,,,,,-56.011962890625,-44.5953369140625,-0.854350634765625,-0.45576416015625,0.0
,2211,,,,,-53.173828125,-45.73974609375,-0.83529140625,-0.49212171020507817,0.0
,2212,,,,,-49.1912841796875,-49.0631103515625,-0.8418171203613282,-0.5528212097167969,0.0
,2213,,,,,-44.4580078125,-52.5604248046875,-0.7869182556152344,-0.5498173095703125,0.0
,2214,,,,,-38.873291015625,-56.964111328125,-0.7791495483398437,-0.5936328186035157,0.0
,2215,,,,,-33.0963134765625,-61.2213134765625,-0.7462102294921875,-0.5931149047851563,0.0
,2216,,,,,-29.1412353515625,-64.324951171875,-0.7413418395996094,-0.6584756286621094,0.0
,2217,,,,,-24.407958984375,-67.474365234375,-0.6641726806640625,-0.6624117736816406,0.0
,2218,,,,,-19.1619873046875,-70.2484130859375,-0.5993298706054687,-0.7017732238769532,0.0
,2219,,,,,-14.373779296875,-72.344970703125,-0.5116988525390626,-0.7017732238769532,0.0
,2220,,,,,-10.7666015625,-73.370361328125,-0.5058982177734375,-0.7778029724121094,0.0
,2221,,,,,-6.2713623046875,-73.93798828125,-0.4197173583984375,-0.779771044921875,0.0
,2222,,,,,-1.2725830078125,-74.212646484375,-0.3932001708984375,-0.8331161682128907,0.0
,2223,,,,,3.33251953125,-74.3316650390625,-0.2813307861328125,-0.8183038330078125,0.0
,2224,,,,,6.573486328125,-73.7457275390625,-0.22736416625976563,-0.8665734008789063,0.0
,2225,,,,,7.7362060546875,-73.1964111328125,-0.14408362426757812,-0.8616014282226563,0.0
,2226,,,,,11.53564453125,-72.2900390625,-0.0923958251953125,-0.8749636047363282,0.0
,2227,,,,,15.618896484375,-71.044921875,-0.029831835937500002,-0.8735134460449219,0.0
,2228,,,,,17.8619384765625,-69.3695068359375,0.017298321533203126,-0.89329775390625,0.0
,2229,,,,,22.7691650390625,-67.49267578125,0.06681088256835938,-0.88335380859375,0.0
,2230,,,,,28.582763671875,-65.1763916015625,0.10503292236328125,-0.8829394775390625,0.0
,2231,,,,,34.5062255859375,-62.8509521484375,0.12782113037109374,-0.8785890014648438,0.0
,2232,,,,,39.825439453125,-60.53466796875,0.154959814453125,-0.8690593872070312,0.0
,2233,,,,,44.8699951171875,-57.9345703125,0.21617722778320314,-0.8412992065429687,0.0
,2234,,,,,49.896240234375,-54.8309326171875,0.2979040283203125,-0.7901293212890625,0.0
,2235,,,,,54.1900634765625,-52.2857666015625,0.35301005859375,-0.7552219299316406,0.0
,2236,,,,,57.550048828125,-49.932861328125,0.3948574951171875,-0.7205217041015626,0.0
,2237,,,,,60.1593017578125,-47.7630615234375,0.44447363891601566,-0.6854071472167969,0.0
,2238,,,,,62.9058837890625,-45.2178955078125,0.5028943176269531,-0.6613759460449219,0.0
,2239,,,,,65.606689453125,-41.3726806640625,0.5938399841308594,-0.6001585327148438,0.0
,2240,,,,,66.6595458984375,-39.349365234375,0.6690410705566406,-0.5459847473144531,0.0
,2241,,,,,67.5933837890625,-36.51123046875,0.711924334716797,-0.506312548828125,0.0
,2242,,,,,68.1427001953125,-33.7554931640625,0.7447600708007813,-0.4953327758789063,0.0
,2243,,,,,68.5272216796875,-30.1483154296875,0.7989338562011719,-0.45037785644531253,0.0
,2244,,,,,69.17724609375,-25.286865234375,0.839434716796875,-0.4129844787597656,0.0
,2245,,,,,68.939208984375,-21.3043212890625,0.8776567565917969,-0.36771881103515625,0.0
,2246,,,,,69.7540283203125,-15.5181884765625,0.9150501342773438,-0.33581531982421875,0.0
,2247,,,,,70.2117919921875,-9.0728759765625,0.9234403381347657,-0.3075372253417969,0.0
,2248,,,,,70.880126953125,-3.0487060546875,0.9101817443847656,-0.277601806640625,0.0
,2249,,,,,71.2554931640625,2.325439453125,0.9290338073730469,-0.22011337280273438,0.0
,2250,,,,,71.44775390625,7.2967529296875,0.9201256896972656,-0.176505029296875,0.0
,2251,,,,,71.5667724609375,13.2568359375,0.9139107238769532,-0.1093833984375,0.0
,2252,,,,,71.3287353515625,18.035888671875,0.9174325378417969,-0.039465032958984375,0.0
,2253,,,,,70.6695556640625,22.15576171875,0.9260299072265625,0.032007073974609376,0.0
,2254,,,,,69.54345703125,26.2115478515625,0.9418780700683594,0.10337559814453125,0.0
,2255,,,,,67.950439453125,30.2581787109375,0.9286194763183594,0.15962103881835937,0.0
,2256,,,,,65.6707763671875,35.247802734375,0.9043811096191406,0.2002254821777344,0.0
,2257,,,,,63.4552001953125,39.5599365234375,0.8784854187011719,0.26869368896484375,0.0
,2258,,,,,61.285400390625,42.388916015625,0.8826287292480469,0.3377833923339844,0.0
,2259,,,,,60.003662109375,43.560791015625,0.8841824707031251,0.39154284667968753,0.0
,2260,,,,,56.6162109375,46.490478515625,0.9014807922363282,0.46601885375976565,0.0
,2261,,,,,52.8717041015625,49.6124267578125,0.8956801574707032,0.5257861083984375,0.0
,2262,,,,,49.5941162109375,50.8209228515625,0.868437890625,0.5525104614257813,0.0
,2263,,,,,44.7967529296875,54.1168212890625,0.8094992980957032,0.5465026611328125,0.0
,2264,,,,,39.349365234375,58.319091796875,0.7891970764160157,0.5754022521972656,0.0
,2265,,,,,32.33642578125,62.3199462890625,0.7593652404785156,0.6150744506835938,0.0
,2266,,,,,29.095458984375,65.2313232421875,0.7269438354492188,0.6408665588378907,0.0
,2267,,,,,24.298095703125,68.2159423828125,0.6529857421875,0.648842431640625,0.0
,2268,,,,,18.9239501953125,71.52099609375,0.6171461059570312,0.6729772155761718,0.0
,2269,,,,,14.1632080078125,73.809814453125,0.5481599853515625,0.6865465576171875,0.0
,2270,,,,,10.3363037109375,75.0,0.5159457458496094,0.7634049682617188,0.0
,2271,,,,,6.4544677734375,75.5859375,0.43618701782226565,0.7995553527832031,0.0
,2272,,,,,1.3275146484375,76.0894775390625,0.3890568603515625,0.85020732421875,0.0
,2273,,,,,-2.9571533203125,76.300048828125,0.302461669921875,0.8457532653808594,0.0
,2274,,,,,-4.705810546875,75.9063720703125,0.21120525512695312,0.8619121765136719,0.0
,2275,,,,,-7.9925537109375,74.7802734375,0.12419573364257813,0.8794176635742188,0.0
,2276,,,,,-11.4532470703125,73.5992431640625,0.07105777587890626,0.9035524475097656,0.0
,2277,,,,,-13.5772705078125,72.216796875,0.015226666259765625,0.9045882751464844,0.0
,2278,,,,,-17.4041748046875,70.3582763671875,-0.016469659423828126,0.922300927734375,0.0
,2279,,,,,-22.1923828125,68.37158203125,-0.06898612060546876,0.9112175720214845,0.0
,2280,,,,,-27.557373046875,66.2933349609375,-0.10358276367187501,0.8993055541992188,0.0
,2281,,,,,-34.2132568359375,63.75732421875,-0.14284063110351564,0.8837681396484375,0.0
,2282,,,,,-39.7705078125,61.962890625,-0.20126130981445314,0.842749365234375,0.0
,2283,,,,,-44.5037841796875,59.8297119140625,-0.25222402954101564,0.8184074157714843,0.0
,2284,,,,,-48.907470703125,57.476806640625,-0.30971246337890623,0.8009019287109376,0.0
,2285,,,,,-53.4027099609375,54.45556640625,-0.3467950927734375,0.7851573486328125,0.0
,2286,,,,,-57.1563720703125,52.020263671875,-0.43204370727539065,0.7304656494140626,0.0
,2287,,,,,-59.912109375,49.456787109375,-0.5075555419921876,0.7014624755859376,0.0
,2288,,,,,-62.3016357421875,46.2158203125,-0.5781989868164062,0.6568183044433594,0.0
,2289,,,,,-64.7552490234375,41.9677734375,-0.6351695068359375,0.6067878295898438,0.0
,2290,,,,,-66.3665771484375,38.4246826171875,-0.7062272827148438,0.5713625244140625,0.0
,2291,,,,,-66.357421875,37.3260498046875,-0.7406167602539063,0.5455704162597657,0.0
,2292,,,,,-66.8243408203125,33.9202880859375,-0.7986231079101562,0.4830064270019531,0.0
,2293,,,,,-67.34619140625,30.487060546875,-0.8440959411621094,0.43701567993164064,0.0
,2294,,,,,-67.63916015625,26.7425537109375,-0.8863577087402345,0.4087375854492188,0.0
,2295,,,,,-68.8201904296875,20.9930419921875,-0.8917440124511719,0.3986900573730469,0.0
,2296,,,,,-69.415283203125,15.6829833984375,-0.9160859619140626,0.36906538696289065,0.0
,2297,,,,,-70.4681396484375,9.8785400390625,-0.9283087280273438,0.3335364990234375,0.0
,2298,,,,,-75.2838134765625,-3.77197265625,-0.9378383422851563,0.2754265686035156,0.0
,2299,,,,,-72.2991943359375,-3.5980224609375,-0.9400135803222657,0.22508534545898437,0.0
,2300,,,,,-72.5921630859375,-8.53271484375,-0.9495431945800782,0.17246530151367187,0.0
,2301,,,,,-72.4273681640625,-13.092041015625,-0.9641483642578126,0.11880942993164063,0.0
,2302,,,,,-71.6949462890625,-18.8232421875,-0.9485073669433594,0.06763954467773438,0.0
,2303,,,,,-70.5596923828125,-23.7945556640625,-0.947989453125,0.008390203857421875,0.0
,2304,,,,,-69.1864013671875,-27.9876708984375,-0.9655985229492188,-0.08317695922851563,0.0
,2305,,,,,-67.6025390625,-32.208251953125,-0.9684988403320313,-0.13662566528320313,0.0
,2306,,,,,-65.3594970703125,-37.1978759765625,-0.9764747131347656,-0.193078271484375,0.0
,2307,,,,,-62.969970703125,-41.19873046875,-0.9528578430175781,-0.23471854248046875,0.0
,2308,,,,,-61.56005859375,-42.1875,-0.9111139892578125,-0.30505123901367187,0.0
,2309,,,,,-58.59375,-44.769287109375,-0.8592190246582031,-0.34741658935546876,0.0
,2310,,,,,-55.755615234375,-46.9207763671875,-0.8738241943359375,-0.42572515869140626,0.0
,2311,,,,,-52.7252197265625,-48.7060546875,-0.8594261901855469,-0.47223381958007815,0.0
,2312,,,,,-48.6602783203125,-52.3773193359375,-0.8513467346191407,-0.5338655639648437,0.0
,2313,,,,,-44.4671630859375,-55.4534912109375,-0.7972765319824219,-0.5462954956054688,0.0
,2314,,,,,-39.8529052734375,-59.2529296875,-0.7852609313964845,-0.5901110046386719,0.0
,2315,,,,,-32.7117919921875,-63.299560546875,-0.7446564880371094,-0.6012979431152344,0.0
,2316,,,,,-29.3792724609375,-66.851806640625,-0.7168963073730469,-0.6481173522949218,0.0
,2317,,,,,-24.884033203125,-69.5892333984375,-0.6287473754882813,-0.6492567626953125,0.0
,2318,,,,,-19.29931640625,-71.8048095703125,-0.6193213439941406,-0.7330552185058594,0.0
,2319,,,,,-14.483642578125,-73.992919921875,-0.5470205749511718,-0.7400988464355469,0.0
,2320,,,,,-11.004638671875,-75.54931640625,-0.4893249755859375,-0.7773886413574219,0.0
,2321,,,,,-7.1044921875,-76.483154296875,-0.37900933227539063,-0.7694127685546875,0.0
,2322,,,,,-3.33251953125,-76.776123046875,-0.33892280273437503,-0.8315624267578126,0.0
,2323,,,,,1.556396484375,-76.79443359375,-0.25212044677734374,-0.8318731750488282,0.0
,2324,,,,,5.3741455078125,-76.7303466796875,-0.18966004028320313,-0.8472034240722657,0.0
,2325,,,,,6.1065673828125,-76.153564453125,-0.1073117431640625,-0.8494822448730469,0.0
,2326,,,,,8.880615234375,-74.89013671875,-0.0410187744140625,-0.8669877319335938,0.0
,2327,,,,,13.5406494140625,-73.6083984375,0.01015111083984375,-0.8697844665527344,0.0
,2328,,,,,16.8731689453125,-72.052001953125,0.032214239501953124,-0.8938156677246094,0.0
,2329,,,,,21.624755859375,-70.367431640625,0.0841092041015625,-0.8841824707031251,0.0
,2330,,,,,27.1453857421875,-68.499755859375,0.12025958862304688,-0.8959909057617188,0.0
,2331,,,,,33.0963134765625,-65.95458984375,0.14646602783203125,-0.8912260986328125,0.0
,2332,,,,,38.909912109375,-63.1988525390625,0.199707568359375,-0.8839753051757813,0.0
,2333,,,,,43.4326171875,-60.7177734375,0.26496470947265627,-0.841920703125,0.0
,2334,,,,,47.7264404296875,-58.245849609375,0.31209486694335936,-0.8299051025390626,0.0
,2335,,,,,51.3336181640625,-55.6640625,0.3518706481933594,-0.8103279602050781,0.0
,2336,,,,,55.4718017578125,-52.093505859375,0.4015903747558594,-0.7933403869628907,0.0
,2337,,,,,58.8775634765625,-48.7060546875,0.49181096191406254,-0.7351268737792969,0.0
,2338,,,,,61.2762451171875,-45.37353515625,0.57177685546875,-0.6895504577636719,0.0
,2339,,,,,63.4735107421875,-41.949462890625,0.6276079650878906,-0.6555753112792969,0.0
,2340,,,,,65.936279296875,-37.6190185546875,0.67453095703125,-0.6101024780273437,0.0
,2341,,,,,67.5750732421875,-34.0484619140625,0.7548075988769531,-0.5403912780761719,0.0
,2342,,,,,67.3828125,-33.0230712890625,0.798001611328125,-0.4994760864257813,0.0
,2343,,,,,67.9595947265625,-30.1300048828125,0.8216184814453126,-0.48134910278320314,0.0
,2344,,,,,68.95751953125,-26.1199951171875,0.8426457824707031,-0.4601146362304688,0.0
,2345,,,,,69.158935546875,-21.8170166015625,0.8803499084472657,-0.41505613403320313,0.0
,2346,,,,,70.257568359375,-15.7196044921875,0.9066599304199219,-0.3799415771484375,0.0
,2347,,,,,71.0540771484375,-9.6221923828125,0.9101817443847656,-0.3323970886230469,0.0
,2348,,,,,71.6766357421875,-3.6346435546875,0.9066599304199219,-0.30608706665039065,0.0
,2349,,,,,72.1527099609375,3.84521484375,0.9255119934082031,-0.259371240234375,0.0
,2350,,,,,72.161865234375,10.0341796875,0.9435353942871094,-0.22011337280273438,0.0
,2351,,,,,71.8597412109375,15.380859375,0.9419816528320313,-0.15775654907226563,0.0
,2352,,,,,71.3653564453125,20.4254150390625,0.9361810180664063,-0.09301732177734376,0.0
,2353,,,,,70.3033447265625,26.1016845703125,0.9202292724609376,-0.023306121826171877,0.0
,2354,,,,,69.1131591796875,30.8349609375,0.9237510864257813,0.04826956787109375,0.0
,2355,,,,,67.7764892578125,34.6435546875,0.9158787963867188,0.12191691284179688,0.0
,2356,,,,,66.082763671875,38.2965087890625,0.9114247375488281,0.18303074340820313,0.0
,2357,,,,,63.720703125,42.1234130859375,0.9091459167480469,0.2817451171875,0.0
,2358,,,,,61.065673828125,45.22705078125,0.9043811096191406,0.3529064758300781,0.0
,2359,,,,,59.7747802734375,45.6298828125,0.8743421081542969,0.40304053344726565,0.0
,2360,,,,,57.0281982421875,47.2686767578125,0.8781746704101563,0.46083971557617187,0.0
,2361,,,,,53.375244140625,50.8575439453125,0.8602548522949219,0.5040337280273438,0.0
,2362,,,,,49.8504638671875,53.3294677734375,0.8329090026855469,0.5511638854980468,0.0
,2363,,,,,45.6573486328125,56.744384765625,0.7916830627441407,0.5767488281250001,0.0
,2364,,,,,40.9332275390625,60.040283203125,0.776456396484375,0.6053376708984375,0.0
,2365,,,,,31.842041015625,63.9678955078125,0.7278760803222657,0.6085487365722656,0.0
,2366,,,,,30.322265625,67.6025390625,0.6857178955078125,0.6276079650878906,0.0
,2367,,,,,26.0833740234375,70.166015625,0.6219109130859375,0.653814404296875,0.0
,2368,,,,,21.624755859375,72.76611328125,0.5656654724121094,0.6503961730957032,0.0
,2369,,,,,16.607666015625,74.74365234375,0.4788631164550781,0.6796065124511719,0.0
,2370,,,,,11.9659423828125,76.1627197265625,0.4538996704101563,0.7517001159667969,0.0
,2371,,,,,8.60595703125,76.922607421875,0.39879364013671875,0.7895078247070313,0.0
,2372,,,,,4.669189453125,77.34375,0.30940171508789066,0.8111566223144532,0.0
,2373,,,,,0.146484375,77.0965576171875,0.2316110595703125,0.8398490478515626,0.0
,2374,,,,,-1.519775390625,76.7303466796875,0.191420947265625,0.8870827880859375,0.0
,2375,,,,,-4.28466796875,75.7598876953125,0.12492081298828125,0.9220937622070313,0.0
,2376,,,,,-7.36083984375,74.2767333984375,0.055520361328125004,0.9357666870117188,0.0
,2377,,,,,-10.052490234375,72.216796875,0.005904217529296875,0.9631125366210938,0.0
,2378,,,,,-15.12451171875,70.184326171875,-0.045887164306640624,0.95627607421875,0.0
,2379,,,,,-19.8028564453125,67.5567626953125,-0.08990983886718751,0.9319341247558593,0.0
,2380,,,,,-25.140380859375,65.2679443359375,-0.11321596069335937,0.9207471862792969,0.0
,2381,,,,,-31.3201904296875,62.6678466796875,-0.1480197692871094,0.9115283203125,0.0
,2382,,,,,-36.8865966796875,59.967041015625,-0.21472706909179687,0.8743421081542969,0.0
,2383,,,,,-41.400146484375,57.5775146484375,-0.26983309936523436,0.8456496826171875,0.0
,2384,,,,,-45.59326171875,55.6182861328125,-0.3278394470214844,0.7960335388183594,0.0
,2385,,,,,-50.1434326171875,53.21044921875,-0.38346339111328126,0.76734111328125,0.0
,2386,,,,,-53.79638671875,50.701904296875,-0.4455094665527344,0.7334695495605469,0.0
,2387,,,,,-56.7352294921875,48.0377197265625,-0.47969177856445316,0.7078846069335938,0.0
,2388,,,,,-59.600830078125,45.1446533203125,-0.5458811645507813,0.6841641540527343,0.0
,2389,,,,,-62.420654296875,41.2261962890625,-0.604094677734375,0.6461492797851562,0.0
,2390,,,,,-64.7003173828125,37.3443603515625,-0.6631368530273438,0.5852426147460937,0.0
,2391,,,,,-65.496826171875,35.55908203125,-0.720210955810547,0.53863037109375,0.0
,2392,,,,,-66.4947509765625,32.025146484375,-0.7728309997558594,0.49699010009765626,0.0
,2393,,,,,-67.49267578125,28.0792236328125,-0.8057703186035157,0.479795361328125,0.0
,2394,,,,,-67.529296875,24.5086669921875,-0.8180966674804688,0.453278173828125,0.0
,2395,,,,,-68.1976318359375,19.8028564453125,-0.8511395690917969,0.40169395751953124,0.0
,2396,,,,,-68.7103271484375,14.886474609375,-0.8876007019042969,0.3603644348144531,0.0
,2397,,,,,-69.525146484375,8.038330078125,-0.8958873229980469,0.33177559204101564,0.0
,2398,,,,,-72.125244140625,-2.3895263671875,-0.8938156677246094,0.3083658874511719,0.0
,2399,,,,,-70.2301025390625,-4.376220703125,-0.9191934448242188,0.25626375732421874,0.0
,2400,,,,,-70.2301025390625,-9.9884033203125,-0.9321412902832031,0.20581895141601564,0.0
,2401,,,,,-70.27587890625,-16.021728515625,-0.9055205200195313,0.16355718383789064,0.0
,2402,,,,,-69.9554443359375,-21.35009765625,-0.8913296813964844,0.09260299072265625,0.0
,2403,,,,,-69.415283203125,-25.15869140625,-0.9009628784179687,0.00973677978515625,0.0
,2404,,,,,-68.66455078125,-29.8553466796875,-0.894126416015625,-0.06774312744140626,0.0
,2405,,,,,-67.218017578125,-34.6893310546875,-0.8705095458984375,-0.10368634643554688,0.0
,2406,,,,,-65.2862548828125,-38.8275146484375,-0.864294580078125,-0.15962103881835937,0.0
,2407,,,,,-63.2354736328125,-41.6839599609375,-0.8742385253906251,-0.2498416259765625,0.0
,2408,,,,,-62.310791015625,-42.3797607421875,-0.8764137634277344,-0.3476237548828125,0.0
,2409,,,,,-59.4818115234375,-45.025634765625,-0.8504144897460938,-0.4089447509765625,0.0
,2410,,,,,-56.561279296875,-47.5616455078125,-0.8345663269042969,-0.4550390808105469,0.0
,2411,,,,,-54.144287109375,-48.0743408203125,-0.7886791625976562,-0.4656045227050781,0.0
,2412,,,,,-49.951171875,-51.2786865234375,-0.7827749450683594,-0.5151170837402343,0.0
,2413,,,,,-44.769287109375,-55.37109375,-0.7622655578613281,-0.5297222534179687,0.0
,2414,,,,,-39.7796630859375,-59.47265625,-0.7566720886230469,-0.5766452453613281,0.0
,2415,,,,,-33.544921875,-62.9425048828125,-0.70436279296875,-0.57011953125,0.0
,2416,,,,,-31.201171875,-66.4031982421875,-0.6876859680175782,-0.642213134765625,0.0
,2417,,,,,-26.1016845703125,-69.6258544921875,-0.5937364013671875,-0.6415916381835938,0.0
,2418,,,,,-21.697998046875,-71.9970703125,-0.5647332275390625,-0.6985621582031251,0.0
,2419,,,,,-18.017578125,-73.974609375,-0.4704729125976563,-0.7057093688964844,0.0
,2420,,,,,-14.1632080078125,-75.274658203125,-0.41526329956054686,-0.7602974853515625,0.0
,2421,,,,,-9.1278076171875,-75.9613037109375,-0.34731300659179687,-0.7788388000488281,0.0
,2422,,,,,-4.87060546875,-76.153564453125,-0.3208994018554688,-0.8451317687988281,0.0
,2423,,,,,-1.2359619140625,-75.76904296875,-0.2266390869140625,-0.8358093200683594,0.0
,2424,,,,,2.5726318359375,-74.853515625,-0.17453695678710937,-0.8794176635742188,0.0
,2425,,,,,4.57763671875,-73.6083984375,-0.09550330810546875,-0.8777603393554688,0.0
,2426,,,,,7.745361328125,-72.271728515625,-0.0227882080078125,-0.8787961669921875,0.0
,2427,,,,,11.2335205078125,-70.9075927734375,0.03138557739257813,-0.8751707702636718,0.0
,2428,,,,,14.4195556640625,-69.3511962890625,0.050444805908203126,-0.8931941711425782,0.0
,2429,,,,,19.5465087890625,-67.9412841796875,0.08649160766601563,-0.8927798400878907,0.0
,2430,,,,,25.726318359375,-65.6890869140625,0.11466611938476563,-0.8922619262695313,0.0
,2431,,,,,31.89697265625,-63.629150390625,0.15226666259765625,-0.889154443359375,0.0
,2432,,,,,37.4176025390625,-61.6241455078125,0.1940105163574219,-0.8666769836425782,0.0
,2433,,,,,42.5445556640625,-59.4268798828125,0.24176217041015627,-0.8374666442871094,0.0
,2434,,,,,48.101806640625,-56.06689453125,0.28236661376953126,-0.8168536743164063,0.0
,2435,,,,,52.459716796875,-52.825927734375,0.32379971923828127,-0.7809104553222657,0.0
,2436,,,,,55.70068359375,-49.91455078125,0.358810693359375,-0.7604010681152344,0.0
,2437,,,,,58.6944580078125,-46.8292236328125,0.42168543090820315,-0.7370949462890625,0.0
,2438,,,,,62.127685546875,-43.0023193359375,0.5071412109375,-0.6930722717285156,0.0
,2439,,,,,64.7735595703125,-39.5599365234375,0.5835852905273438,-0.6417988037109376,0.0
,2440,,,,,66.7144775390625,-36.2640380859375,0.6540215698242188,-0.5844139526367188,0.0
,2441,,,,,68.1427001953125,-32.7117919921875,0.7145139038085938,-0.5539606201171875,0.0
,2442,,,,,68.572998046875,-30.5877685546875,0.751596533203125,-0.5231965393066407,0.0
,2443,,,,,69.0948486328125,-26.605224609375,0.7835000244140625,-0.5049659729003907,0.0
,2444,,,,,69.5892333984375,-22.6318359375,0.8010055114746094,-0.4686084228515625,0.0
,2445,,,,,69.2779541015625,-19.22607421875,0.8229650573730469,-0.4190958618164063,0.0
,2446,,,,,69.8822021484375,-12.725830078125,0.8494822448730469,-0.3817024841308594,0.0
,2447,,,,,70.5963134765625,-6.33544921875,0.8764137634277344,-0.3466915100097656,0.0
,2448,,,,,73.663330078125,3.515625,0.8820072326660157,-0.31644534301757815,0.0
,2449,,,,,71.6217041015625,5.0445556640625,0.8788997497558594,-0.27200833740234376,0.0
,2450,,,,,71.905517578125,11.4898681640625,0.8737206115722657,-0.23637586669921876,0.0
,2451,,,,,71.77734375,17.431640625,0.8877042846679688,-0.1496770935058594,0.0
,2452,,,,,71.539306640625,21.6888427734375,0.8837681396484375,-0.07986231079101563,0.0
,2453,,,,,70.93505859375,25.982666015625,0.8716489562988281,-0.008804534912109375,0.0
,2454,,,,,70.2484130859375,29.7454833984375,0.8728919494628906,0.04961614379882812,0.0
,2455,,,,,69.049072265625,34.8724365234375,0.8832502258300782,0.131757275390625,0.0
,2456,,,,,66.998291015625,38.6627197265625,0.8656411560058594,0.20105414428710938,0.0
,2457,,,,,65.7989501953125,39.7064208984375,0.8517610656738281,0.28412752075195313,0.0
,2458,,,,,63.6199951171875,42.1234130859375,0.8825251464843751,0.37092987670898436,0.0
,2459,,,,,61.0931396484375,44.8333740234375,0.8840788879394531,0.4351511901855469,0.0
,2460,,,,,58.575439453125,46.76513671875,0.8787961669921875,0.48994647216796877,0.0
,2461,,,,,55.316162109375,49.639892578125,0.8359129028320312,0.5217463806152344,0.0
,2462,,,,,51.6082763671875,52.1209716796875,0.8168536743164063,0.5471241577148438,0.0
,2463,,,,,46.4447021484375,56.103515625,0.7879540832519532,0.5645260620117187,0.0
,2464,,,,,41.2261962890625,59.8846435546875,0.7649587097167969,0.5885572631835938,0.0
,2465,,,,,32.33642578125,63.116455078125,0.7158604797363282,0.6053376708984375,0.0
,2466,,,,,32.1990966796875,66.4764404296875,0.682817578125,0.642213134765625,0.0
,2467,,,,,27.3284912109375,69.580078125,0.5818243835449219,0.6500854248046876,0.0
,2468,,,,,22.4945068359375,71.9879150390625,0.5459847473144531,0.6722521362304688,0.0
,2469,,,,,18.5760498046875,73.13232421875,0.4856995788574219,0.7196930419921875,0.0
,2470,,,,,14.3280029296875,73.9471435546875,0.4218925964355469,0.76734111328125,0.0
,2471,,,,,9.3658447265625,74.6063232421875,0.3888496948242188,0.8246223815917969,0.0
,2472,,,,,4.4952392578125,74.8260498046875,0.35663545532226565,0.879210498046875,0.0
,2473,,,,,1.0986328125,74.7894287109375,0.25543509521484375,0.8861505432128907,0.0
,2474,,,,,-0.9429931640625,74.4781494140625,0.20602611694335937,0.9147393859863282,0.0
,2475,,,,,-5.3558349609375,73.6358642578125,0.13869732055664064,0.928930224609375,0.0
,2476,,,,,-8.697509765625,73.040771484375,0.06826104125976562,0.9313126281738282,0.0
,2477,,,,,-10.858154296875,71.868896484375,0.0136729248046875,0.9194006103515625,0.0
,2478,,,,,-15.4632568359375,70.257568359375,0.007354376220703125,0.9376311767578125,0.0
,2479,,,,,-20.8465576171875,68.1060791015625,-0.01678040771484375,0.9439497253417969,0.0
,2480,,,,,-26.9805908203125,65.716552734375,-0.078722900390625,0.9186755310058594,0.0
,2481,,,,,-32.48291015625,63.2904052734375,-0.1330002685546875,0.9071778442382813,0.0
,2482,,,,,-38.1500244140625,61.0198974609375,-0.19711799926757814,0.8750671875,0.0
,2483,,,,,-43.414306640625,57.9071044921875,-0.24072634277343752,0.8646053283691406,0.0
,2484,,,,,-48.7060546875,54.803466796875,-0.2918962280273438,0.8329090026855469,0.0
,2485,,,,,-53.466796875,51.9287109375,-0.3497989929199219,0.7949977111816406,0.0
,2486,,,,,-56.9732666015625,49.346923828125,-0.40821967163085937,0.7510786193847656,0.0
,2487,,,,,-60.4339599609375,46.234130859375,-0.4579393981933594,0.718450048828125,0.0
,2488,,,,,-63.6016845703125,42.2332763671875,-0.5280649291992188,0.668730322265625,0.0
,2489,,,,,-66.375732421875,38.433837890625,-0.5745735900878907,0.6348587585449219,0.0
,2490,,,,,-67.987060546875,35.2294921875,-0.6313369445800782,0.5877286010742188,0.0
,2491,,,,,-68.6920166015625,33.1695556640625,-0.7052950378417969,0.5402876953125,0.0
,2492,,,,,-70.037841796875,29.150390625,-0.7597795715332032,0.486424658203125,0.0
,2493,,,,,-70.7427978515625,26.055908203125,-0.7766635620117188,0.45876806030273437,0.0
,2494,,,,,-70.0469970703125,24.041748046875,-0.8122960327148437,0.431732958984375,0.0
,2495,,,,,-70.7427978515625,19.1986083984375,-0.8259689575195313,0.40935908203125,0.0
,2496,,,,,-71.539306640625,12.8173828125,-0.8562151245117188,0.3705155456542969,0.0
,2497,,,,,-72.271728515625,6.463623046875,-0.8911225158691407,0.324006884765625,0.0
,2498,,,,,-74.853515625,-2.6092529296875,-0.9130820617675781,0.2723190856933594,0.0
,2499,,,,,-73.260498046875,-4.3304443359375,-0.923958251953125,0.22322085571289063,0.0
,2500,,,,,-73.5809326171875,-10.0067138671875,-0.9197113586425781,0.1669754150390625,0.0
,2501,,,,,-73.480224609375,-16.1041259765625,-0.9173289550781251,0.12357423706054688,0.0
,2502,,,,,-73.1048583984375,-21.5423583984375,-0.9114247375488281,0.06774312744140626,0.0
,2503,,,,,-72.637939453125,-25.616455078125,-0.9035524475097656,0.0078722900390625,0.0
,2504,,,,,-71.81396484375,-29.8370361328125,-0.8888436950683594,-0.05158421630859375,0.0
,2505,,,,,-70.257568359375,-34.3780517578125,-0.9016879577636719,-0.12088108520507813,0.0
,2506,,,,,-68.2525634765625,-38.12255859375,-0.9067635131835938,-0.212966162109375,0.0
,2507,,,,,-66.2200927734375,-40.5303955078125,-0.8929870056152344,-0.29697178344726566,0.0
,2508,,,,,-65.3961181640625,-41.0614013671875,-0.8810749877929688,-0.38356697387695315,0.0
,2509,,,,,-63.09814453125,-43.414306640625,-0.8388132202148437,-0.4178528686523438,0.0
,2510,,,,,-59.4818115234375,-46.9390869140625,-0.8480320861816406,-0.4674690124511719,0.0
,2511,,,,,-56.231689453125,-48.1658935546875,-0.8415063720703125,-0.48580316162109377,0.0
,2512,,,,,-52.44140625,-51.470947265625,-0.8357057373046876,-0.5446381713867188,0.0
,2513,,,,,-47.589111328125,-55.4351806640625,-0.8050452392578126,-0.5639045654296875,0.0
,2514,,,,,-41.7205810546875,-59.6466064453125,-0.8198575744628906,-0.6348587585449219,0.0
,2515,,,,,-34.3231201171875,-63.4552001953125,-0.7732453308105469,-0.6375519104003906,0.0
,2516,,,,,-31.8511962890625,-66.2109375,-0.7554290954589844,-0.7106813415527344,0.0
,2517,,,,,-26.98974609375,-68.3258056640625,-0.662101025390625,-0.7148246520996094,0.0
,2518,,,,,-21.661376953125,-70.4864501953125,-0.6144529541015625,-0.7607118164062501,0.0
,2519,,,,,-16.8548583984375,-72.5830078125,-0.5134597595214844,-0.7496284606933594,0.0
,2520,,,,,-13.531494140625,-74.01123046875,-0.4687120056152344,-0.7984159423828125,0.0
,2521,,,,,-9.173583984375,-75.457763671875,-0.37434810791015627,-0.7922009765625,0.0
,2522,,,,,-3.973388671875,-75.9796142578125,-0.31934566040039064,-0.8437851928710938,0.0
,2523,,,,,0.8880615234375,-76.0162353515625,-0.247769970703125,-0.8639838317871094,0.0
,2524,,,,,4.486083984375,-75.2197265625,-0.23979409790039063,-0.9094566650390625,0.0
,2525,,,,,5.9783935546875,-74.4049072265625,-0.16303927001953125,-0.9159823791503906,0.0
,2526,,,,,9.320068359375,-73.7823486328125,-0.11404462280273438,-0.9423959838867187,0.0
,2527,,,,,13.9251708984375,-72.5555419921875,-0.03977578125,-0.9308982971191406,0.0
,2528,,,,,17.047119140625,-70.6146240234375,0.009115283203125,-0.9386670043945313,0.0
,2529,,,,,21.8353271484375,-68.6553955078125,0.03863637084960938,-0.9323484558105469,0.0
,2530,,,,,27.20947265625,-66.3848876953125,0.0774799072265625,-0.927272900390625,0.0
,2531,,,,,33.966064453125,-63.1256103515625,0.11953450927734376,-0.9210579345703125,0.0
,2532,,,,,40.264892578125,-60.150146484375,0.16956498413085938,-0.9192970275878907,0.0
,2533,,,,,45.1080322265625,-57.8338623046875,0.2047831237792969,-0.9016879577636719,0.0
,2534,,,,,50.3082275390625,-54.78515625,0.23513287353515624,-0.8835609741210938,0.0
,2535,,,,,55.0689697265625,-51.177978515625,0.31105903930664064,-0.8373630615234375,0.0
,2536,,,,,58.9599609375,-48.1109619140625,0.3518706481933594,-0.8123996154785157,0.0
,2537,,,,,61.6973876953125,-45.8587646484375,0.4219961791992188,-0.7647515441894531,0.0
,2538,,,,,64.453125,-42.608642578125,0.49491844482421876,-0.7049842895507813,0.0
,2539,,,,,67.0806884765625,-38.5528564453125,0.5639045654296875,-0.6379662414550782,0.0
,2540,,,,,69.122314453125,-34.588623046875,0.6463564453125,-0.59166474609375,0.0
,2541,,,,,69.90966796875,-31.5032958984375,0.7115100036621094,-0.5622472412109375,0.0
,2542,,,,,69.5068359375,-30.670166015625,0.7702414306640625,-0.5209177185058594,0.0
,2543,,,,,69.3878173828125,-28.3538818359375,0.8242080505371094,-0.4694370849609375,0.0
,2544,,,,,70.20263671875,-22.943115234375,0.8628444213867188,-0.42707173461914066,0.0
,2545,,,,,70.294189453125,-18.3197021484375,0.9013772094726563,-0.400243798828125,0.0
,2546,,,,,70.8984375,-13.055419921875,0.9103889099121094,-0.3675116455078125,0.0
,2547,,,,,71.4935302734375,-7.232666015625,0.9008592956542969,-0.332293505859375,0.0
,2548,,,,,75.128173828125,4.0740966796875,0.8915368469238282,-0.31551309814453127,0.0
,2549,,,,,72.8851318359375,5.181884765625,0.894126416015625,-0.2673471130371094,0.0
,2550,,,,,73.260498046875,9.942626953125,0.9173289550781251,-0.18075192260742187,0.0
,2551,,,,,73.260498046875,14.75830078125,0.9036560302734375,-0.10368634643554688,0.0
,2552,,,,,73.0682373046875,18.8690185546875,0.9143250549316406,-0.036357550048828124,0.0
,2553,,,,,72.161865234375,24.0966796875,0.9376311767578125,0.04661224365234375,0.0
,2554,,,,,70.7244873046875,28.3905029296875,0.9385634216308594,0.09809287719726563,0.0
,2555,,,,,69.0032958984375,31.9610595703125,0.9269621520996094,0.17723010864257813,0.0
,2556,,,,,66.83349609375,35.4400634765625,0.9356631042480469,0.2498416259765625,0.0
,2557,,,,,64.8284912109375,38.0218505859375,0.9153608825683595,0.31986357421875,0.0
,2558,,,,,62.2833251953125,40.8966064453125,0.9029309509277345,0.3857422119140625,0.0
,2559,,,,,60.3973388671875,42.29736328125,0.8994091369628906,0.4538996704101563,0.0
,2560,,,,,57.6324462890625,44.1375732421875,0.9152572998046875,0.5213320495605469,0.0
,2561,,,,,53.4576416015625,47.735595703125,0.8885329467773437,0.5506459716796875,0.0
,2562,,,,,49.639892578125,50.2716064453125,0.8596333557128907,0.5720876037597656,0.0
,2563,,,,,45.501708984375,53.7506103515625,0.8045273254394532,0.5774739074707032,0.0
,2564,,,,,40.6036376953125,57.2113037109375,0.7960335388183594,0.6179747680664063,0.0
,2565,,,,,30.3131103515625,61.322021484375,0.7487997985839844,0.63144052734375,0.0
,2566,,,,,30.35888671875,64.9932861328125,0.7192787109375001,0.6578541320800781,0.0
,2567,,,,,26.1474609375,67.5018310546875,0.64801376953125,0.6787778503417969,0.0
,2568,,,,,21.533203125,69.98291015625,0.6060627502441407,0.683646240234375,0.0
,2569,,,,,16.314697265625,72.088623046875,0.51542783203125,0.6968012512207031,0.0
,2570,,,,,11.46240234375,73.699951171875,0.4719230712890625,0.7484890502929687,0.0
,2571,,,,,7.5531005859375,74.4781494140625,0.41547046508789065,0.8035950805664063,0.0
,2572,,,,,1.9866943359375,74.6063232421875,0.38232398071289064,0.858597528076172,0.0
,2573,,,,,-2.1697998046875,74.2218017578125,0.3065013977050781,0.8771388427734376,0.0
,2574,,,,,-4.79736328125,73.9105224609375,0.22197786254882812,0.8965088195800781,0.0
,2575,,,,,-8.441162109375,72.8851318359375,0.15682430419921875,0.9133928100585937,0.0
,2576,,,,,-11.224365234375,71.3653564453125,0.12875337524414063,0.9412565734863282,0.0
,2577,,,,,-14.0350341796875,69.6807861328125,0.06401414794921875,0.9418780700683594,0.0
,2578,,,,,-17.9443359375,68.1793212890625,0.011704852294921875,0.9392885009765626,0.0
,2579,,,,,-22.027587890625,66.1376953125,-0.04454058837890625,0.9100781616210938,0.0
,2580,,,,,-28.326416015625,63.775634765625,-0.09374240112304688,0.8920547607421875,0.0
,2581,,,,,-34.6710205078125,61.3037109375,-0.10213260498046875,0.9010664611816407,0.0
,2582,,,,,-39.752197265625,59.4268798828125,-0.15081650390625,0.8671948974609375,0.0
,2583,,,,,-44.732666015625,57.5958251953125,-0.20126130981445314,0.8281441955566406,0.0
,2584,,,,,-49.7222900390625,54.9407958984375,-0.25833541259765624,0.7845358520507812,0.0
,2585,,,,,-54.2816162109375,52.239990234375,-0.30329033203125,0.7700342651367188,0.0
,2586,,,,,-57.4951171875,49.969482421875,-0.3791129150390625,0.73419462890625,0.0
,2587,,,,,-60.53466796875,46.820068359375,-0.4704729125976563,0.6923471923828125,0.0
,2588,,,,,-62.9241943359375,43.7164306640625,-0.542773681640625,0.6618938598632813,0.0
,2589,,,,,-65.936279296875,39.788818359375,-0.5751950866699219,0.6411773071289063,0.0
,2590,,,,,-67.9595947265625,36.4837646484375,-0.6327871032714844,0.5832745422363281,0.0
,2591,,,,,-68.206787109375,35.33935546875,-0.6808495056152344,0.5341763122558594,0.0
,2592,,,,,-69.195556640625,32.2723388671875,-0.7520108642578125,0.4830064270019531,0.0
,2593,,,,,-70.0927734375,28.3905029296875,-0.7862967590332032,0.45462474975585937,0.0
,2594,,,,,-69.891357421875,25.45166015625,-0.8412992065429687,0.40304053344726565,0.0
,2595,,,,,-70.4681396484375,20.855712890625,-0.8704059631347657,0.36160742797851564,0.0
,2596,,,,,-71.099853515625,14.9688720703125,-0.8741349426269531,0.3403729614257813,0.0
,2597,,,,,-71.7041015625,9.1827392578125,-0.8970267333984375,0.30484407348632814,0.0
,2598,,,,,-75.6500244140625,-3.40576171875,-0.9144286376953126,0.2723190856933594,0.0
,2599,,,,,-72.637939453125,-3.0303955078125,-0.9232331726074219,0.2191811279296875,0.0
,2600,,,,,-72.711181640625,-8.0841064453125,-0.9373204284667969,0.146673193359375,0.0
,2601,,,,,-72.7935791015625,-12.8631591796875,-0.9449855529785156,0.08690593872070312,0.0
,2602,,,,,-72.3724365234375,-18.585205078125,-0.9458142150878907,0.03511455688476563,0.0
,2603,,,,,-71.4202880859375,-23.4100341796875,-0.9359738525390625,-0.0099439453125,0.0
,2604,,,,,-70.1568603515625,-27.3101806640625,-0.95627607421875,-0.09467464599609375,0.0
,2605,,,,,-68.3441162109375,-31.036376953125,-0.943121063232422,-0.14014747924804688,0.0
,2606,,,,,-65.7440185546875,-35.467529296875,-0.9313126281738282,-0.20001831665039063,0.0
,2607,,,,,-63.3636474609375,-39.1021728515625,-0.9157752136230469,-0.2755301513671875,0.0
,2608,,,,,-62.4114990234375,-39.404296875,-0.8938156677246094,-0.3443091064453125,0.0
,2609,,,,,-59.6466064453125,-41.6656494140625,-0.8779675048828125,-0.4054229370117188,0.0
,2610,,,,,-56.3873291015625,-44.82421875,-0.8610835144042969,-0.4541068359375,0.0
,2611,,,,,-53.50341796875,-46.343994140625,-0.8073240600585938,-0.45856089477539064,0.0
,2612,,,,,-49.7039794921875,-49.530029296875,-0.8241044677734375,-0.5273398498535157,0.0
,2613,,,,,-45.41015625,-53.082275390625,-0.8063918151855469,-0.5404948608398438,0.0
,2614,,,,,-39.8895263671875,-57.3486328125,-0.7922009765625,-0.5758165832519532,0.0
,2615,,,,,-33.2977294921875,-61.6790771484375,-0.7235256042480469,-0.5558251098632813,0.0
,2616,,,,,-30.120849609375,-65.2587890625,-0.6984585754394531,-0.6153851989746094,0.0
,2617,,,,,-24.9847412109375,-68.408203125,-0.6184926818847657,-0.6233610717773438,0.0
,2618,,,,,-19.5465087890625,-70.9716796875,-0.6021266052246094,-0.70436279296875,0.0
,2619,,,,,-14.5660400390625,-72.8851318359375,-0.5310688293457031,-0.7210396179199219,0.0
,2620,,,,,-10.693359375,-73.974609375,-0.4820741821289063,-0.7651658752441407,0.0
,2621,,,,,-6.2164306640625,-75.18310546875,-0.38677803955078127,-0.771484423828125,0.0
,2622,,,,,-1.0711669921875,-75.494384765625,-0.3673044799804688,-0.8347734924316407,0.0
,2623,,,,,3.607177734375,-75.4302978515625,-0.26703636474609377,-0.8198575744628906,0.0
,2624,,,,,6.8572998046875,-74.9908447265625,-0.22570684204101563,-0.8769316772460938,0.0
,2625,,,,,8.2305908203125,-74.1485595703125,-0.1325859375,-0.8747564392089844,0.0
,2626,,,,,12.0941162109375,-72.98583984375,-0.04547283325195313,-0.8602548522949219,0.0
,2627,,,,,15.9942626953125,-71.7681884765625,0.019887890625,-0.8590118591308594,0.0
,2628,,,,,18.05419921875,-70.1751708984375,0.054898864746093755,-0.8900866882324219,0.0
,2629,,,,,23.0438232421875,-68.426513671875,0.08856326293945313,-0.8903974365234375,0.0
,2630,,,,,29.0496826171875,-65.936279296875,0.10130394287109375,-0.8944371643066407,0.0
,2631,,,,,34.9639892578125,-63.336181640625,0.13610775146484375,-0.8920547607421875,0.0
,2632,,,,,40.1641845703125,-60.8734130859375,0.18489523315429687,-0.8796248291015625,0.0
,2633,,,,,45.22705078125,-58.48388671875,0.22156353149414063,-0.8550757141113281,0.0
,2634,,,,,49.9603271484375,-55.7647705078125,0.2922069763183594,-0.8083598876953125,0.0
,2635,,,,,54.2999267578125,-52.9632568359375,0.3507312377929688,-0.7759384826660156,0.0
,2636,,,,,57.879638671875,-50.7476806640625,0.36958330078125,-0.7602974853515625,0.0
,2637,,,,,60.6903076171875,-48.614501953125,0.4417804870605469,-0.7099562622070312,0.0
,2638,,,,,63.5101318359375,-45.5291748046875,0.5184317321777344,-0.6618938598632813,0.0
,2639,,,,,66.0369873046875,-41.7022705078125,0.5865891906738282,-0.6274007995605468,0.0
,2640,,,,,67.63916015625,-39.276123046875,0.6619974426269531,-0.5760237487792969,0.0
,2641,,,,,68.9117431640625,-36.3739013671875,0.7205217041015626,-0.5170851562500001,0.0
,2642,,,,,69.268798828125,-34.0301513671875,0.7561541748046875,-0.4757556335449219,0.0
,2643,,,,,69.2962646484375,-30.4779052734375,0.8188217468261719,-0.4296613037109375,0.0
,2644,,,,,69.9554443359375,-25.7720947265625,0.8541434692382813,-0.41049849243164066,0.0
,2645,,,,,69.708251953125,-21.697998046875,0.8771388427734376,-0.4004509643554688,0.0
,2646,,,,,70.5780029296875,-15.8660888671875,0.902413037109375,-0.37269078369140624,0.0
,2647,,,,,71.1639404296875,-10.0250244140625,0.9179504516601563,-0.3311540954589844,0.0
,2648,,,,,75.8697509765625,3.7994384765625,0.938874169921875,-0.27584089965820313,0.0
,2649,,,,,72.088623046875,2.2705078125,0.9419816528320313,-0.21472706909179687,0.0
,2650,,,,,72.4365234375,7.415771484375,0.9258227416992187,-0.18044117431640624,0.0
,2651,,,,,72.3724365234375,12.7899169921875,0.9398064147949219,-0.11943092651367188,0.0
,2652,,,,,71.5850830078125,18.1732177734375,0.9429138977050782,-0.058835009765625,0.0
,2653,,,,,70.5780029296875,23.382568359375,0.9297588867187501,-0.00165732421875,0.0
,2654,,,,,69.6807861328125,27.0263671875,0.9217830139160157,0.070436279296875,0.0
,2655,,,,,68.4173583984375,31.0089111328125,0.9257191589355469,0.1557884765625,0.0
,2656,,,,,66.2017822265625,35.70556640625,0.9395992492675782,0.21762738647460939,0.0
,2657,,,,,63.9678955078125,40.02685546875,0.914014306640625,0.2786376342773438,0.0
,2658,,,,,61.92626953125,43.048095703125,0.9103889099121094,0.3497989929199219,0.0
,2659,,,,,60.5255126953125,43.90869140625,0.9023094543457032,0.41433105468750003,0.0
,2660,,,,,57.147216796875,46.6461181640625,0.8814893188476562,0.46601885375976565,0.0
,2661,,,,,53.50341796875,49.9420166015625,0.858597528076172,0.5025835693359375,0.0
,2662,,,,,50.390625,51.324462890625,0.8670913146972656,0.550231640625,0.0
,2663,,,,,45.5291748046875,54.6478271484375,0.8064953979492188,0.5476420715332031,0.0
,2664,,,,,39.7430419921875,58.740234375,0.801316259765625,0.5786133178710937,0.0
,2665,,,,,32.5469970703125,62.7593994140625,0.7868146728515625,0.628954541015625,0.0
,2666,,,,,29.5166015625,65.789794921875,0.7496284606933594,0.6510176696777344,0.0
,2667,,,,,24.7100830078125,68.8568115234375,0.6435597106933594,0.6499818420410156,0.0
,2668,,,,,20.0042724609375,71.7315673828125,0.6005728637695312,0.6665550842285156,0.0
,2669,,,,,14.739990234375,74.2034912109375,0.5099379455566406,0.6825068298339844,0.0
,2670,,,,,9.7137451171875,75.5584716796875,0.45679998779296876,0.7346089599609376,0.0
,2671,,,,,5.8685302734375,76.373291015625,0.4090483337402344,0.7738668273925782,0.0
,2672,,,,,1.6021728515625,77.1331787109375,0.36440416259765623,0.826176123046875,0.0
,2673,,,,,-2.838134765625,77.2705078125,0.2872350036621094,0.8610835144042969,0.0
,2674,,,,,-5.3924560546875,76.7486572265625,0.23969051513671877,0.9050026062011719,0.0
,2675,,,,,-8.5418701171875,75.7598876953125,0.16801124267578124,0.9147393859863282,0.0
,2676,,,,,-11.187744140625,75.0732421875,0.0882525146484375,0.9205400207519532,0.0
,2677,,,,,-13.458251953125,72.9400634765625,0.023927618408203125,0.9267549865722656,0.0
,2678,,,,,-18.2647705078125,70.806884765625,-0.019059228515625002,0.9282051452636719,0.0
,2679,,,,,-22.8424072265625,68.7286376953125,-0.045576416015625,0.935559521484375,0.0
,2680,,,,,-28.033447265625,66.5313720703125,-0.11497686767578125,0.9059348510742188,0.0
,2681,,,,,-34.2132568359375,63.9312744140625,-0.1371435791015625,0.8981661437988282,0.0
,2682,,,,,-39.9169921875,61.7889404296875,-0.193078271484375,0.8679199768066407,0.0
,2683,,,,,-44.64111328125,59.893798828125,-0.245283984375,0.8398490478515626,0.0
,2684,,,,,-49.0447998046875,57.8155517578125,-0.32038148803710936,0.7895078247070313,0.0
,2685,,,,,-53.887939453125,55.1513671875,-0.38315264282226563,0.7613333129882812,0.0
,2686,,,,,-57.4951171875,52.532958984375,-0.4488241149902344,0.7194858764648437,0.0
,2687,,,,,-60.1959228515625,49.7955322265625,-0.49781876220703125,0.6898612060546875,0.0
,2688,,,,,-62.40234375,46.8017578125,-0.55188896484375,0.6452170349121094,0.0
,2689,,,,,-64.56298828125,43.4783935546875,-0.6114490539550781,0.6138314575195313,0.0
,2690,,,,,-66.8060302734375,39.422607421875,-0.6831283264160156,0.5658726379394532,0.0
,2691,,,,,-67.12646484375,37.2802734375,-0.7291190734863281,0.5279613464355469,0.0
,2692,,,,,-67.6666259765625,33.9202880859375,-0.7962407043457032,0.4856995788574219,0.0
,2693,,,,,-68.4173583984375,30.50537109375,-0.8535219726562501,0.4354619384765625,0.0
,2694,,,,,-68.3074951171875,27.227783203125,-0.8821108154296875,0.4106020751953125,0.0
,2695,,,,,-69.3695068359375,21.533203125,-0.8939192504882812,0.3944431640625,0.0
,2696,,,,,-70.0653076171875,15.9759521484375,-0.9229224243164063,0.36771881103515625,0.0
,2697,,,,,-71.173095703125,10.07080078125,-0.9324520385742188,0.3313612609863281,0.0
,2698,,,,,-75.9063720703125,-3.533935546875,-0.934730859375,0.3053619873046875,0.0
,2699,,,,,-72.3724365234375,-3.167724609375,-0.9313126281738282,0.26962593383789063,0.0
,2700,,,,,-72.7294921875,-8.4686279296875,-0.9439497253417969,0.206336865234375,0.0
,2701,,,,,-72.454833984375,-13.2476806640625,-0.94301748046875,0.13610775146484375,0.0
,2702,,,,,-71.9146728515625,-18.3380126953125,-0.9426031494140625,0.07924081420898438,0.0
,2703,,,,,-70.64208984375,-23.69384765625,-0.9381490905761719,0.025792108154296875,0.0
,2704,,,,,-69.0765380859375,-28.5186767578125,-0.9501646911621094,-0.04505850219726563,0.0
,2705,,,,,-67.7398681640625,-32.55615234375,-0.9466428771972657,-0.1073117431640625,0.0
,2706,,,,,-65.7073974609375,-36.9964599609375,-0.9419816528320313,-0.1708079772949219,0.0
,2707,,,,,-62.6678466796875,-40.90576171875,-0.9439497253417969,-0.25916407470703123,0.0
,2708,,,,,-60.6170654296875,-42.6177978515625,-0.9440533081054687,-0.34503418579101564,0.0
,2709,,,,,-58.0718994140625,-44.9432373046875,-0.8881186157226563,-0.3713442077636719,0.0
,2710,,,,,-55.5267333984375,-47.039794921875,-0.8545578002929688,-0.41660987548828127,0.0
,2711,,,,,-52.1942138671875,-48.2666015625,-0.8388132202148437,-0.4595967224121094,0.0
,2712,,,,,-47.882080078125,-51.81884765625,-0.8531076416015625,-0.53200107421875,0.0
,2713,,,,,-43.7255859375,-54.96826171875,-0.8167500915527344,-0.5440166748046875,0.0
,2714,,,,,-39.0380859375,-58.3831787109375,-0.7855716796875001,-0.5864856079101562,0.0
,2715,,,,,-32.0526123046875,-62.3291015625,-0.7194858764648437,-0.5849318664550781,0.0
,2716,,,,,-28.326416015625,-65.3594970703125,-0.7152389831542969,-0.6561968078613282,0.0
,2717,,,,,-23.822021484375,-68.0328369140625,-0.650499755859375,-0.6572326354980469,0.0
,2718,,,,,-18.4844970703125,-70.9442138671875,-0.5933220703125001,-0.6943152648925781,0.0
,2719,,,,,-14.1448974609375,-73.1964111328125,-0.5057946350097656,-0.6965940856933593,0.0
,2720,,,,,-10.894775390625,-74.4873046875,-0.48217776489257813,-0.768169775390625,0.0
,2721,,,,,-6.9122314453125,-75.2197265625,-0.3791129150390625,-0.7634049682617188,0.0
,2722,,,,,-2.5177001953125,-75.604248046875,-0.3396478820800781,-0.8364308166503907,0.0
,2723,,,,,1.7578125,-75.860595703125,-0.23399346313476563,-0.827833447265625,0.0
,2724,,,,,4.5867919921875,-75.6317138671875,-0.151645166015625,-0.8451317687988281,0.0
,2725,,,,,5.38330078125,-74.945068359375,-0.06308190307617188,-0.8388132202148437,0.0
,2726,,,,,8.294677734375,-73.7091064453125,-0.003832562255859375,-0.84855,0.0
,2727,,,,,13.0828857421875,-72.271728515625,0.02962467041015625,-0.8555936279296875,0.0
,2728,,,,,16.534423828125,-70.458984375,0.03925786743164063,-0.889154443359375,0.0
,2729,,,,,21.2493896484375,-68.6370849609375,0.06795029296875,-0.8937120849609376,0.0
,2730,,,,,26.7059326171875,-66.6595458984375,0.08918475952148437,-0.9044846923828125,0.0
,2731,,,,,32.55615234375,-64.324951171875,0.1496770935058594,-0.8826287292480469,0.0
,2732,,,,,38.1317138671875,-61.724853515625,0.19587500610351563,-0.8733062805175782,0.0
,2733,,,,,42.864990234375,-59.7381591796875,0.23772244262695313,-0.8428529479980469,0.0
,2734,,,,,47.222900390625,-57.4127197265625,0.28868516235351566,-0.8148856018066406,0.0
,2735,,,,,50.7568359375,-55.1422119140625,0.3508348205566406,-0.7990374389648438,0.0
,2736,,,,,54.7576904296875,-51.85546875,0.39962230224609374,-0.7862967590332032,0.0
,2737,,,,,57.9254150390625,-48.614501953125,0.49471127929687503,-0.7188643798828125,0.0
,2738,,,,,60.4156494140625,-45.2728271484375,0.559346923828125,-0.6718378051757813,0.0
,2739,,,,,62.5946044921875,-41.876220703125,0.5936328186035157,-0.657129052734375,0.0
,2740,,,,,64.874267578125,-37.68310546875,0.652157080078125,-0.6150744506835938,0.0
,2741,,,,,66.6229248046875,-33.7921142578125,0.7172070556640625,-0.5785097351074219,0.0
,2742,,,,,66.2567138671875,-33.0413818359375,0.7885755798339844,-0.5202962219238282,0.0
,2743,,,,,66.7694091796875,-29.8370361328125,0.85020732421875,-0.47295889892578125,0.0
,2744,,,,,68.2159423828125,-24.4903564453125,0.8742385253906251,-0.44250556640625,0.0
,2745,,,,,68.3624267578125,-20.69091796875,0.8780710876464844,-0.42986846923828126,0.0
,2746,,,,,69.122314453125,-15.7745361328125,0.8956801574707032,-0.386985205078125,0.0
,2747,,,,,69.7906494140625,-9.6771240234375,0.9176397033691407,-0.33208634033203127,0.0
,2748,,,,,74.59716796875,4.156494140625,0.9166038757324219,-0.29966493530273436,0.0
,2749,,,,,70.9991455078125,3.7445068359375,0.9167074584960938,-0.269315185546875,0.0
,2750,,,,,71.3287353515625,9.375,0.9051061889648437,-0.23844752197265626,0.0
,2751,,,,,71.044921875,14.886474609375,0.9208507690429688,-0.16604317016601564,0.0
,2752,,,,,70.2392578125,20.5810546875,0.9391849182128906,-0.08183038330078125,0.0
,2753,,,,,69.17724609375,25.634765625,0.9398064147949219,-0.013983673095703126,0.0
,2754,,,,,68.00537109375,29.498291015625,0.9169146240234375,0.030142584228515627,0.0
,2755,,,,,66.61376953125,33.673095703125,0.9047954406738281,0.113526708984375,0.0
,2756,,,,,64.5538330078125,37.8662109375,0.914117889404297,0.19256035766601562,0.0
,2757,,,,,62.3748779296875,41.8121337890625,0.8950586608886719,0.2661041198730469,0.0
,2758,,,,,60.223388671875,44.293212890625,0.8809714050292969,0.3393371337890625,0.0
,2759,,,,,59.124755859375,44.879150390625,0.8714417907714844,0.41433105468750003,0.0
,2760,,,,,56.28662109375,47.3419189453125,0.8500001586914063,0.4656045227050781,0.0
,2761,,,,,52.716064453125,50.4730224609375,0.8383988891601563,0.5133561767578125,0.0
,2762,,,,,49.7406005859375,52.1759033203125,0.8390203857421875,0.5481599853515625,0.0
,2763,,,,,45.3460693359375,55.48095703125,0.7696199340820312,0.541116357421875,0.0
,2764,,,,,39.697265625,59.2437744140625,0.7580186645507813,0.5702231140136719,0.0
,2765,,,,,32.9864501953125,63.3087158203125,0.7380271911621094,0.6208750854492188,0.0
,2766,,,,,30.28564453125,66.632080078125,0.7113028381347657,0.6420059692382812,0.0
,2767,,,,,26.03759765625,69.3878173828125,0.6319584411621094,0.6490495971679687,0.0
,2768,,,,,20.7183837890625,71.9146728515625,0.5696016174316406,0.6524678283691406,0.0
,2769,,,,,16.2322998046875,73.8922119140625,0.4849744995117188,0.6696625671386719,0.0
,2770,,,,,12.5518798828125,75.2105712890625,0.4528638427734375,0.7373021118164063,0.0
,2771,,,,,8.7158203125,76.28173828125,0.3887461120605469,0.7792531311035157,0.0
,2772,,,,,4.9163818359375,76.9775390625,0.3189313293457031,0.8091885498046876,0.0
,2773,,,,,0.54931640625,77.1331787109375,0.22363518676757813,0.8142641052246093,0.0
,2774,,,,,-1.153564453125,76.885986328125,0.15444190063476562,0.8483428344726562,0.0
,2775,,,,,-4.0924072265625,76.1260986328125,0.10037169799804688,0.8837681396484375,0.0
,2776,,,,,-7.2967529296875,75.1190185546875,0.073750927734375,0.9232331726074219,0.0
,2777,,,,,-9.9700927734375,73.150634765625,0.02382403564453125,0.9410494079589844,0.0
,2778,,,,,-15.2252197265625,71.0540771484375,-0.027035101318359376,0.9422924011230469,0.0
,2779,,,,,-20.10498046875,68.865966796875,-0.07426884155273437,0.9297588867187501,0.0
,2780,,,,,-25.5706787109375,66.4581298828125,-0.13248235473632813,0.9096638305664063,0.0
,2781,,,,,-31.7138671875,63.6566162109375,-0.16852915649414063,0.9060384338378906,0.0
,2782,,,,,-37.1612548828125,61.1114501953125,-0.2075798583984375,0.8848039672851563,0.0
,2783,,,,,-41.8853759765625,58.758544921875,-0.2357543701171875,0.8705095458984375,0.0
,2784,,,,,-46.160888671875,56.6802978515625,-0.3045333251953125,0.8273155334472656,0.0
,2785,,,,,-50.885009765625,53.86962890625,-0.38346339111328126,0.7808068725585938,0.0
,2786,,,,,-54.6295166015625,51.1871337890625,-0.45483191528320316,0.7495248779296875,0.0
,2787,,,,,-57.4676513671875,48.468017578125,-0.5075555419921876,0.7192787109375001,0.0
,2788,,,,,-60.1776123046875,45.4376220703125,-0.5845175354003906,0.6443883728027344,0.0
,2789,,,,,-63.153076171875,41.070556640625,-0.6334085998535156,0.6060627502441407,0.0
,2790,,,,,-65.4144287109375,37.3626708984375,-0.68447490234375,0.5756094177246094,0.0
,2791,,,,,-65.972900390625,36.1175537109375,-0.7446564880371094,0.5350049743652344,0.0
,2792,,,,,-67.12646484375,32.666015625,-0.7856752624511719,0.4951256103515625,0.0
,2793,,,,,-68.1793212890625,28.619384765625,-0.8001768493652344,0.4760663818359375,0.0
,2794,,,,,-68.4539794921875,24.993896484375,-0.85683662109375,0.4189922790527344,0.0
,2795,,,,,-69.3328857421875,19.940185546875,-0.8819036499023438,0.3821168151855469,0.0
,2796,,,,,-69.6075439453125,14.556884765625,-0.8981661437988282,0.35974293823242187,0.0
,2797,,,,,-70.330810546875,7.50732421875,-0.9085244201660156,0.3386120544433594,0.0
,2798,,,,,-72.65625,-2.0233154296875,-0.8996163024902344,0.31654892578125,0.0
,2799,,,,,-71.30126953125,-4.35791015625,-0.9197113586425781,0.25916407470703123,0.0
,2800,,,,,-71.59423828125,-10.2630615234375,-0.9314162109375,0.19742874755859374,0.0
,2801,,,,,-71.2921142578125,-16.1865234375,-0.93307353515625,0.1429442138671875,0.0
,2802,,,,,-70.697021484375,-21.38671875,-0.9468500427246094,0.06463564453125001,0.0
,2803,,,,,-69.9462890625,-25.4241943359375,-0.9450891357421876,0.00227882080078125,0.0
,2804,,,,,-69.0032958984375,-30.06591796875,-0.9414637390136719,-0.062356823730468754,0.0
,2805,,,,,-67.5933837890625,-34.0301513671875,-0.9226116760253906,-0.11155863647460938,0.0
,2806,,,,,-65.496826171875,-38.7725830078125,-0.9111139892578125,-0.16935781860351562,0.0
,2807,,,,,-63.28125,-41.9769287109375,-0.9023094543457032,-0.24735563964843751,0.0
,2808,,,,,-62.3931884765625,-42.3431396484375,-0.8547649658203125,-0.31851699829101565,0.0
,2809,,,,,-60.1776123046875,-45.1171875,-0.7932368041992188,-0.3447234375,0.0
,2810,,,,,-57.16552734375,-48.1475830078125,-0.7927188903808594,-0.41246656494140627,0.0
,2811,,,,,-54.4921875,-49.4842529296875,-0.7717951721191406,-0.4509993530273438,0.0
,2812,,,,,-50.7843017578125,-52.44140625,-0.7862967590332032,-0.5172923217773437,0.0
,2813,,,,,-46.270751953125,-55.8563232421875,-0.7390630187988282,-0.5268219360351563,0.0
,2814,,,,,-40.9332275390625,-60.223388671875,-0.73419462890625,-0.5715696899414062,0.0
,2815,,,,,-34.735107421875,-64.1326904296875,-0.7050878723144531,-0.5827566284179687,0.0
,2816,,,,,-31.4300537109375,-67.181396484375,-0.6946260131835937,-0.66127236328125,0.0
,2817,,,,,-27.117919921875,-70.01953125,-0.5985012084960938,-0.6459421142578126,0.0
,2818,,,,,-22.1649169921875,-72.601318359375,-0.5489886474609376,-0.6993908203125,0.0
,2819,,,,,-17.4407958984375,-74.6795654296875,-0.457421484375,-0.7067451965332031,0.0
,2820,,,,,-13.9434814453125,-75.6134033203125,-0.4144346374511719,-0.7567756713867188,0.0
,2821,,,,,-9.7412109375,-76.446533203125,-0.32835736083984374,-0.76734111328125,0.0
,2822,,,,,-4.8980712890625,-76.739501953125,-0.3043261596679688,-0.8357057373046876,0.0
,2823,,,,,-0.311279296875,-76.776123046875,-0.2042652099609375,-0.8304230163574219,0.0
,2824,,,,,2.7557373046875,-75.9613037109375,-0.14656961059570314,-0.8653304077148438,0.0
,2825,,,,,3.9276123046875,-74.8077392578125,-0.09249940795898438,-0.88335380859375,0.0
,2826,,,,,7.9742431640625,-73.53515625,-0.06453206176757813,-0.9079029235839844,0.0
,2827,,,,,12.3321533203125,-71.9146728515625,-0.003832562255859375,-0.9011700439453125,0.0
,2828,,,,,14.7491455078125,-70.367431640625,0.05438095092773438,-0.905727685546875,0.0
,2829,,,,,20.0592041015625,-68.7286376953125,0.09249940795898438,-0.9023094543457032,0.0
,2830,,,,,26.47705078125,-66.265869140625,0.12088108520507813,-0.9080065063476562,0.0
,2831,,,,,32.4462890625,-63.8946533203125,0.14770902099609376,-0.9033452819824219,0.0
,2832,,,,,37.481689453125,-61.6058349609375,0.16977214965820314,-0.8900866882324219,0.0
,2833,,,,,42.6544189453125,-59.197998046875,0.22280652465820314,-0.8371558959960937,0.0
,2834,,,,,48.046875,-56.0943603515625,0.26745069580078124,-0.8201683227539063,0.0
,2835,,,,,52.5054931640625,-53.155517578125,0.31344144287109377,-0.7893006591796875,0.0
,2836,,,,,56.1676025390625,-50.555419921875,0.36057160034179686,-0.7649587097167969,0.0
,2837,,,,,59.1796875,-47.8729248046875,0.4471667907714844,-0.7196930419921875,0.0
,2838,,,,,62.640380859375,-43.9178466796875,0.5125275146484375,-0.6814710021972656,0.0
,2839,,,,,65.2496337890625,-40.1641845703125,0.5708446105957031,-0.6451134521484375,0.0
,2840,,,,,67.0806884765625,-36.43798828125,0.628954541015625,-0.6135207092285156,0.0
,2841,,,,,68.5638427734375,-32.7484130859375,0.6893432922363282,-0.5615221618652344,0.0
,2842,,,,,68.6920166015625,-31.4117431640625,0.7624727233886719,-0.5072447937011719,0.0
,2843,,,,,69.61669921875,-27.227783203125,0.7830856933593751,-0.47927744750976564,0.0
,2844,,,,,70.2850341796875,-22.4945068359375,0.8003840148925782,-0.4664331848144531,0.0
,2845,,,,,69.54345703125,-19.4091796875,0.8221363952636719,-0.4261394897460938,0.0
,2846,,,,,70.257568359375,-14.02587890625,0.8511395690917969,-0.38014874267578125,0.0
,2847,,,,,71.15478515625,-7.03125,0.8688522216796876,-0.3547709655761719,0.0
,2848,,,,,73.7823486328125,2.89306640625,0.8921583435058594,-0.31561668090820316,0.0
,2849,,,,,72.5372314453125,5.3009033203125,0.9004449645996094,-0.26548262329101563,0.0
,2850,,,,,73.13232421875,11.0504150390625,0.8740313598632813,-0.23399346313476563,0.0
,2851,,,,,72.83935546875,17.32177734375,0.8798319946289063,-0.1636607666015625,0.0
,2852,,,,,72.3907470703125,22.5677490234375,0.8878078674316406,-0.08783818359375001,0.0
,2853,,,,,71.96044921875,26.8890380859375,0.8914332641601562,-0.0062149658203125005,0.0
,2854,,,,,70.9259033203125,30.57861328125,0.8952658264160156,0.0642213134765625,0.0
,2855,,,,,69.2138671875,35.064697265625,0.8774495910644532,0.159931787109375,0.0
,2856,,,,,67.364501953125,39.0289306640625,0.8699916320800781,0.22280652465820314,0.0
,2857,,,,,66.2384033203125,40.191650390625,0.859322607421875,0.2859920104980469,0.0
,2858,,,,,63.9678955078125,42.5628662109375,0.8774495910644532,0.3673044799804688,0.0
,2859,,,,,61.56005859375,45.281982421875,0.8714417907714844,0.43390819702148437,0.0
,2860,,,,,59.0423583984375,46.893310546875,0.8598405212402344,0.4800025268554688,0.0
,2861,,,,,55.6549072265625,49.5025634765625,0.8243116333007813,0.5039301452636719,0.0
,2862,,,,,51.81884765625,52.5238037109375,0.8237937194824219,0.54525966796875,0.0
,2863,,,,,46.4630126953125,56.8634033203125,0.7775958068847656,0.5615221618652344,0.0
,2864,,,,,41.49169921875,60.552978515625,0.7585365783691407,0.5914575805664063,0.0
,2865,,,,,32.7117919921875,63.812255859375,0.6944188476562501,0.6279187133789063,0.0
,2866,,,,,32.6934814453125,66.7877197265625,0.6551609802246094,0.6557824768066406,0.0
,2867,,,,,27.484130859375,69.4061279296875,0.5689801208496094,0.6519499145507812,0.0
,2868,,,,,22.6959228515625,71.74072265625,0.5316903259277344,0.6569218872070313,0.0
,2869,,,,,18.914794921875,73.2330322265625,0.46477586059570314,0.6992872375488282,0.0
,2870,,,,,14.31884765625,74.45068359375,0.4455094665527344,0.7688948547363281,0.0
,2871,,,,,9.2193603515625,75.1007080078125,0.4025226196289063,0.8250367126464844,0.0
,2872,,,,,4.2572021484375,75.1373291015625,0.35352797241210937,0.8687486389160156,0.0
,2873,,,,,0.69580078125,74.5147705078125,0.27086892700195314,0.8912260986328125,0.0
,2874,,,,,-1.3275146484375,73.8555908203125,0.2109980895996094,0.9310018798828126,0.0
,2875,,,,,-5.3924560546875,73.1781005859375,0.1604497009277344,0.9546187500000001,0.0
,2876,,,,,-8.587646484375,71.9879150390625,0.09716063232421876,0.9646662780761719,0.0
,2877,,,,,-10.4827880859375,69.9462890625,0.040086529541015624,0.9586584777832031,0.0
,2878,,,,,-14.8040771484375,68.7286376953125,0.006318548583984375,0.9548259155273437,0.0
,2879,,,,,-20.489501953125,66.668701171875,-0.039154284667968754,0.9444676391601563,0.0
,2880,,,,,-26.8524169921875,64.215087890625,-0.09249940795898438,0.9237510864257813,0.0
,2881,,,,,-32.1075439453125,62.493896484375,-0.13206802368164064,0.9108032409667969,0.0
,2882,,,,,-37.4267578125,60.2783203125,-0.19131736450195314,0.8769316772460938,0.0
,2883,,,,,-43.4234619140625,57.09228515625,-0.23937976684570314,0.8636730834960937,0.0
,2884,,,,,-48.5504150390625,53.9886474609375,-0.30525840454101566,0.8220328125,0.0
,2885,,,,,-52.69775390625,51.251220703125,-0.3395442993164063,0.8032843322753906,0.0
,2886,,,,,-56.0028076171875,48.5321044921875,-0.3846028015136719,0.7731417480468751,0.0
,2887,,,,,-59.47265625,44.879150390625,-0.45897522583007816,0.7185536315917969,0.0
,2888,,,,,-62.4298095703125,41.4825439453125,-0.5308616638183594,0.6733915466308594,0.0
,2889,,,,,-64.654541015625,38.0584716796875,-0.5938399841308594,0.6430417968750001,0.0
,2890,,,,,-66.3299560546875,34.5245361328125,-0.6593042907714844,0.5928041564941406,0.0
,2891,,,,,-67.12646484375,32.8765869140625,-0.720210955810547,0.5404948608398438,0.0
,2892,,,,,-68.499755859375,28.82080078125,-0.7639228820800782,0.49263962402343753,0.0
,2893,,,,,-69.2413330078125,25.323486328125,-0.7992446044921875,0.45358892211914065,0.0
,2894,,,,,-68.88427734375,23.6297607421875,-0.8298015197753906,0.41329522705078126,0.0
,2895,,,,,-69.68994140625,19.207763671875,-0.8329090026855469,0.3821168151855469,0.0
,2896,,,,,-70.3216552734375,12.9638671875,-0.8672984802246094,0.34006221313476565,0.0
,2897,,,,,-71.30126953125,6.4453125,-0.8886365295410157,0.31313069458007814,0.0
,2898,,,,,-73.9013671875,-2.6641845703125,-0.920643603515625,0.25709241943359373,0.0
,2899,,,,,-72.18017578125,-4.669189453125,-0.9310018798828126,0.19991473388671877,0.0
,2900,,,,,-72.4365234375,-10.9954833984375,-0.9261334899902344,0.15475264892578125,0.0
,2901,,,,,-72.5372314453125,-16.3604736328125,-0.9247869140625,0.10782965698242188,0.0
,2902,,,,,-72.418212890625,-21.002197265625,-0.9086280029296875,0.043919091796875004,0.0
,2903,,,,,-71.9329833984375,-25.1953125,-0.9045882751464844,-0.01139410400390625,0.0
,2904,,,,,-71.026611328125,-29.022216796875,-0.9184683654785156,-0.09011700439453126,0.0
,2905,,,,,-69.17724609375,-33.270263671875,-0.9150501342773438,-0.1359005859375,0.0
,2906,,,,,-67.181396484375,-37.17041015625,-0.9150501342773438,-0.23047164916992188,0.0
,2907,,,,,-65.1580810546875,-39.715576171875,-0.889154443359375,-0.3043261596679688,0.0
,2908,,,,,-64.251708984375,-40.228271484375,-0.8826287292480469,-0.37289794921875,0.0
,2909,,,,,-61.4044189453125,-43.0938720703125,-0.8549721313476563,-0.4057336853027344,0.0
,2910,,,,,-58.2275390625,-45.8587646484375,-0.8207898193359375,-0.44416289062500003,0.0
,2911,,,,,-55.682373046875,-46.9024658203125,-0.7887827453613282,-0.4704729125976563,0.0
,2912,,,,,-51.617431640625,-50.4547119140625,-0.8288692749023437,-0.5574824340820312,0.0
,2913,,,,,-47.0672607421875,-54.107666015625,-0.7786316345214844,-0.5438095092773437,0.0
,2914,,,,,-41.473388671875,-58.48388671875,-0.7840179382324219,-0.6095845642089844,0.0
,2915,,,,,-33.6181640625,-62.40234375,-0.7505607055664063,-0.6267793029785157,0.0
,2916,,,,,-31.6314697265625,-65.4510498046875,-0.7037412963867188,-0.6716306396484375,0.0
,2917,,,,,-26.898193359375,-68.3990478515625,-0.6307154479980469,-0.6711127258300782,0.0
,2918,,,,,-21.7803955078125,-70.8343505859375,-0.6265721374511719,-0.7426884155273438,0.0
,2919,,,,,-16.973876953125,-72.69287109375,-0.53863037109375,-0.7511822021484376,0.0
,2920,,,,,-13.1011962890625,-73.7823486328125,-0.4960578552246094,-0.8085670532226563,0.0
,2921,,,,,-8.6334228515625,-74.249267578125,-0.421789013671875,-0.821307733154297,0.0
,2922,,,,,-3.7353515625,-74.322509765625,-0.38304906005859374,-0.8895687744140626,0.0
,2923,,,,,1.1077880859375,-74.3499755859375,-0.2785340515136719,-0.8813857360839844,0.0
,2924,,,,,4.5867919921875,-73.7640380859375,-0.241140673828125,-0.9311054626464844,0.0
,2925,,,,,5.9417724609375,-73.27880859375,-0.14201196899414062,-0.9155680480957031,0.0
,2926,,,,,10.07080078125,-72.7935791015625,-0.06763954467773438,-0.9158787963867188,0.0
,2927,,,,,14.1632080078125,-71.7864990234375,-0.00932244873046875,-0.9121498168945312,0.0
,2928,,,,,16.44287109375,-69.8455810546875,0.03283573608398438,-0.9319341247558593,0.0
,2929,,,,,21.6796875,-67.6849365234375,0.07654766235351562,-0.9319341247558593,0.0
,2930,,,,,27.6580810546875,-64.910888671875,0.09892153930664063,-0.9331771179199219,0.0
,2931,,,,,33.8287353515625,-62.017822265625,0.11373387451171875,-0.9359738525390625,0.0
,2932,,,,,39.2303466796875,-59.5916748046875,0.14263346557617188,-0.9328663696289062,0.0
,2933,,,,,44.2474365234375,-57.275390625,0.18966004028320313,-0.901584375,0.0
,2934,,,,,49.6856689453125,-53.778076171875,0.2539849365234375,-0.8489643310546875,0.0
,2935,,,,,54.2724609375,-50.6103515625,0.3228674743652344,-0.8116745361328125,0.0
,2936,,,,,57.806396484375,-47.955322265625,0.3631611694335938,-0.7860895935058594,0.0
,2937,,,,,60.736083984375,-45.3369140625,0.41236298217773437,-0.7463138122558594,0.0
,2938,,,,,63.8580322265625,-42.4346923828125,0.47223381958007815,-0.7034305480957032,0.0
,2939,,,,,66.76025390625,-38.5894775390625,0.5312759948730469,-0.6609616149902344,0.0
,2940,,,,,69.1680908203125,-34.9639892578125,0.6095845642089844,-0.6130027954101562,0.0
,2941,,,,,70.3948974609375,-31.97021484375,0.6851999816894532,-0.5623508239746093,0.0
,2942,,,,,70.2392578125,-30.5877685546875,0.7266330871582032,-0.5242323669433594,0.0
,2943,,,,,70.660400390625,-27.191162109375,0.7604010681152344,-0.48424942016601563,0.0
,2944,,,,,71.2188720703125,-23.0712890625,0.8011090942382812,-0.438362255859375,0.0
,2945,,,,,70.9716796875,-19.73876953125,0.8312516784667969,-0.3945467468261719,0.0
,2946,,,,,71.722412109375,-14.044189453125,0.8579760314941407,-0.36357550048828124,0.0
,2947,,,,,72.3175048828125,-8.0291748046875,0.8912260986328125,-0.32462838134765626,0.0
,2948,,,,,75.9429931640625,3.863525390625,0.9094566650390625,-0.2910675659179688,0.0
,2949,,,,,73.1689453125,4.6600341796875,0.9034488647460938,-0.25636734008789064,0.0
,2950,,,,,73.553466796875,9.8052978515625,0.9131856445312501,-0.21079092407226563,0.0
,2951,,,,,73.7457275390625,15.0238037109375,0.9225080932617188,-0.12782113037109374,0.0
,2952,,,,,73.6083984375,20.599365234375,0.9056241027832032,-0.06536072387695313,0.0
,2953,,,,,72.91259765625,25.2593994140625,0.922404510498047,0.035321722412109374,0.0
,2954,,,,,71.9970703125,28.82080078125,0.9475751220703126,0.12139899902343751,0.0
,2955,,,,,70.6695556640625,32.8216552734375,0.9267549865722656,0.18209849853515625,0.0
,2956,,,,,68.6920166015625,35.7147216796875,0.9110104064941407,0.23223255615234376,0.0
,2957,,,,,66.4581298828125,38.2781982421875,0.9242690002441406,0.32266030883789065,0.0
,2958,,,,,63.4185791015625,41.326904296875,0.9304839660644532,0.4064587646484375,0.0
,2959,,,,,61.34033203125,42.5445556640625,0.9064527648925782,0.46301495361328127,0.0
,2960,,,,,58.33740234375,44.34814453125,0.914014306640625,0.5185353149414063,0.0
,2961,,,,,53.924560546875,48.5504150390625,0.9076957580566406,0.567633544921875,0.0
,2962,,,,,49.8504638671875,51.1505126953125,0.8862541259765625,0.5896966735839844,0.0
,2963,,,,,45.281982421875,54.16259765625,0.8125031982421875,0.5700159484863282,0.0
,2964,,,,,40.61279296875,57.75146484375,0.7951012939453125,0.6070985778808594,0.0
,2965,,,,,30.65185546875,61.944580078125,0.7404095947265625,0.6315441101074218,0.0
,2966,,,,,30.28564453125,65.5609130859375,0.6949367614746094,0.6535036560058594,0.0
,2967,,,,,26.25732421875,68.3807373046875,0.6134171264648438,0.6539179870605469,0.0
,2968,,,,,20.80078125,71.1181640625,0.5861748596191406,0.6653120910644531,0.0
,2969,,,,,16.00341796875,72.802734375,0.5367658813476562,0.7232148559570313,0.0
,2970,,,,,11.846923828125,73.773193359375,0.5018584899902344,0.7908544006347656,0.0
,2971,,,,,7.7545166015625,74.37744140625,0.4344261108398438,0.8120888671875001,0.0
,2972,,,,,2.5726318359375,74.761962890625,0.3779735046386719,0.8532112243652344,0.0
,2973,,,,,-1.885986328125,75.03662109375,0.26579337158203126,0.8357057373046876,0.0
,2974,,,,,-4.6234130859375,75.2105712890625,0.21565931396484375,0.8619121765136719,0.0
,2975,,,,,-8.4503173828125,74.12109375,0.17184380493164064,0.9045882751464844,0.0
,2976,,,,,-11.5814208984375,72.6470947265625,0.09995736694335938,0.9249940795898438,0.0
,2977,,,,,-14.6575927734375,71.3104248046875,0.02817451171875,0.918986279296875,0.0
,2978,,,,,-18.310546875,69.7174072265625,0.0045576416015625,0.9426031494140625,0.0
,2979,,,,,-22.3114013671875,67.327880859375,-0.020405804443359377,0.9435353942871094,0.0
,2980,,,,,-28.67431640625,64.6636962890625,-0.06867537231445313,0.91650029296875,0.0
,2981,,,,,-34.7900390625,62.237548828125,-0.11497686767578125,0.9017915405273438,0.0
,2982,,,,,-39.7705078125,60.0494384765625,-0.17868026733398437,0.8651232421875,0.0
,2983,,,,,-45.0439453125,57.5042724609375,-0.22518892822265626,0.8324946716308594,0.0
,2984,,,,,-50.335693359375,54.6112060546875,-0.2876493347167969,0.7865039245605469,0.0
,2985,,,,,-55.0140380859375,51.708984375,-0.32131373291015625,0.7642336303710938,0.0
,2986,,,,,-58.0352783203125,49.69482421875,-0.3725872009277344,0.7418597534179687,0.0
,2987,,,,,-61.2579345703125,47.20458984375,-0.4573179016113281,0.6882038818359375,0.0
,2988,,,,,-64.031982421875,44.56787109375,-0.5221607116699218,0.6642762634277344,0.0
,2989,,,,,-66.9708251953125,40.5120849609375,-0.5492993957519532,0.6601329528808594,0.0
,2990,,,,,-69.0216064453125,36.7950439453125,-0.6245004821777344,0.5934256530761719,0.0
,2991,,,,,-68.95751953125,35.943603515625,-0.7140995727539062,0.5222642944335938,0.0
,2992,,,,,-69.7174072265625,33.06884765625,-0.7733489135742188,0.4622898742675781,0.0
,2993,,,,,-70.7427978515625,28.7567138671875,-0.7895078247070313,0.4471667907714844,0.0
,2994,,,,,-70.477294921875,25.30517578125,-0.8219292297363282,0.4144346374511719,0.0
,2995,,,,,-71.0540771484375,20.7000732421875,-0.8733062805175782,0.371240625,0.0
,2996,,,,,-71.81396484375,15.2252197265625,-0.8847003845214844,0.3417195373535156,0.0
,2997,,,,,-72.69287109375,9.4757080078125,-0.9092494995117187,0.2994577697753906,0.0
,2998,,,,,-76.7669677734375,-3.8726806640625,-0.9258227416992187,0.2640324645996094,0.0
,2999,,,,,-73.406982421875,-3.5980224609375,-0.9354559387207032,0.2249817626953125,0.0
,3000,,,,,-73.297119140625,-8.4686279296875,-0.9517184326171876,0.17236171875,0.0
,3001,,,,,-73.0224609375,-13.2293701171875,-0.9489216979980469,0.11342312622070314,0.0
,3002,,,,,-72.32666015625,-18.804931640625,-0.9606265502929687,0.03376798095703125,0.0
,3003,,,,,-71.4019775390625,-23.6572265625,-0.9587620605468751,-0.03697904663085937,0.0
,3004,,,,,-70.3857421875,-27.5665283203125,-0.93970283203125,-0.09560689086914063,0.0
,3005,,,,,-68.609619140625,-31.256103515625,-0.9276872314453125,-0.139215234375,0.0
,3006,,,,,-66.1468505859375,-35.6414794921875,-0.9300696350097657,-0.20374729614257814,0.0
,3007,,,,,-63.885498046875,-39.1387939453125,-0.9210579345703125,-0.2898245727539063,0.0
,3008,,,,,-63.1622314453125,-39.5233154296875,-0.8982697265625,-0.36285042114257815,0.0
,3009,,,,,-60.9100341796875,-42.279052734375,-0.8654339904785157,-0.4033512817382813,0.0
,3010,,,,,-57.7239990234375,-45.758056640625,-0.86015126953125,-0.4664331848144531,0.0
,3011,,,,,-54.620361328125,-46.966552734375,-0.812917529296875,-0.48549241333007814,0.0
,3012,,,,,-50.665283203125,-50.152587890625,-0.8133318603515626,-0.5355228881835937,0.0
,3013,,,,,-46.087646484375,-54.107666015625,-0.8041129943847657,-0.5558251098632813,0.0
,3014,,,,,-40.31982421875,-58.30078125,-0.8065989807128906,-0.6077200744628907,0.0
,3015,,,,,-33.5540771484375,-62.2650146484375,-0.7587437438964844,-0.6017122741699219,0.0
,3016,,,,,-29.91943359375,-65.22216796875,-0.7400988464355469,-0.6576469665527344,0.0
,3017,,,,,-24.884033203125,-68.408203125,-0.6817817504882813,-0.6616866943359375,0.0
,3018,,,,,-19.6014404296875,-71.5667724609375,-0.6367232482910157,-0.7014624755859376,0.0
,3019,,,,,-14.5660400390625,-73.7091064453125,-0.5335548156738281,-0.6957654235839844,0.0
,3020,,,,,-10.7025146484375,-74.578857421875,-0.49201812744140627,-0.7445529052734375,0.0
,3021,,,,,-6.1981201171875,-75.3936767578125,-0.3829454772949219,-0.7405131774902344,0.0
,3022,,,,,-1.2908935546875,-75.9429931640625,-0.35021332397460936,-0.8083598876953125,0.0
,3023,,,,,3.47900390625,-76.409912109375,-0.2681757751464844,-0.81374619140625,0.0
,3024,,,,,6.8939208984375,-76.20849609375,-0.23306121826171874,-0.8753779357910156,0.0
,3025,,,,,8.3221435546875,-75.2197265625,-0.13455401000976563,-0.8663662353515625,0.0
,3026,,,,,12.2406005859375,-74.1302490234375,-0.05603827514648438,-0.8770352600097656,0.0
,3027,,,,,16.0675048828125,-72.8668212890625,-0.0078722900390625,-0.8786925842285157,0.0
,3028,,,,,18.2647705078125,-70.8160400390625,0.013465759277343751,-0.9146358032226563,0.0
,3029,,,,,23.1353759765625,-68.9666748046875,0.0633926513671875,-0.8988912231445313,0.0
,3030,,,,,29.1229248046875,-66.32080078125,0.10741532592773438,-0.8823179809570313,0.0
,3031,,,,,35.3485107421875,-63.61083984375,0.12626738891601563,-0.8785890014648438,0.0
,3032,,,,,40.68603515625,-61.1572265625,0.18385940551757812,-0.8603584350585938,0.0
,3033,,,,,45.4376220703125,-58.8134765625,0.20934076538085938,-0.8523825622558594,0.0
,3034,,,,,49.8504638671875,-56.7535400390625,0.2745979064941406,-0.8042165771484375,0.0
,3035,,,,,54.4097900390625,-53.6407470703125,0.3439983581542969,-0.7773886413574219,0.0
,3036,,,,,58.3099365234375,-50.555419921875,0.37434810791015627,-0.7732453308105469,0.0
,3037,,,,,60.992431640625,-48.1475830078125,0.44395572509765624,-0.716792724609375,0.0
,3038,,,,,63.5101318359375,-45.1812744140625,0.5417378540039063,-0.6609616149902344,0.0
,3039,,,,,66.02783203125,-41.2353515625,0.5997442016601563,-0.6295760375976562,0.0
,3040,,,,,67.27294921875,-39.00146484375,0.6638619323730469,-0.5798563110351562,0.0
,3041,,,,,68.1243896484375,-36.3555908203125,0.7071595275878907,-0.5478492370605469,0.0
,3042,,,,,68.499755859375,-33.6639404296875,0.7561541748046875,-0.5057946350097656,0.0
,3043,,,,,68.426513671875,-30.1483154296875,0.8201683227539063,-0.4479954528808594,0.0
,3044,,,,,69.1131591796875,-25.0762939453125,0.8584939453125,-0.420131689453125,0.0
,3045,,,,,68.865966796875,-20.9381103515625,0.8780710876464844,-0.3800451599121094,0.0
,3046,,,,,69.378662109375,-15.380859375,0.8894651916503906,-0.3542530517578125,0.0
,3047,,,,,69.90966796875,-9.228515625,0.9166038757324219,-0.31344144287109377,0.0
,3048,,,,,74.2034912109375,3.863525390625,0.9283087280273438,-0.2772910583496094,0.0
,3049,,,,,70.9075927734375,3.4881591796875,0.9200221069335938,-0.22829641113281252,0.0
,3050,,,,,70.9625244140625,7.9925537109375,0.9371132629394532,-0.16997931518554688,0.0
,3051,,,,,70.8526611328125,12.615966796875,0.9504754394531251,-0.10368634643554688,0.0
,3052,,,,,70.27587890625,17.669677734375,0.9419816528320313,-0.04619791259765625,0.0
,3053,,,,,69.6624755859375,22.3663330078125,0.9157752136230469,0.0074579589843750006,0.0
,3054,,,,,69.2596435546875,26.40380859375,0.9009628784179687,0.06121741333007813,0.0
,3055,,,,,67.8955078125,30.6610107421875,0.9128748962402344,0.14273704833984374,0.0
,3056,,,,,65.496826171875,34.8907470703125,0.9329699523925782,0.22197786254882812,0.0
,3057,,,,,63.1439208984375,38.85498046875,0.9048990234375001,0.28329885864257814,0.0
,3058,,,,,60.772705078125,41.63818359375,0.8956801574707032,0.34824525146484375,0.0
,3059,,,,,59.4635009765625,42.7642822265625,0.8921583435058594,0.40614801635742187,0.0
,3060,,,,,56.06689453125,45.6756591796875,0.8755851013183594,0.4406410766601563,0.0
,3061,,,,,52.3681640625,48.8983154296875,0.8387096374511719,0.47616996459960936,0.0
,3062,,,,,49.530029296875,50.4547119140625,0.8248295471191407,0.5111809387207031,0.0
,3063,,,,,44.9066162109375,54.19921875,0.7870218383789063,0.5229893737792969,0.0
,3064,,,,,39.2669677734375,57.769775390625,0.7968622009277344,0.5778882385253906,0.0
,3065,,,,,31.5673828125,61.6790771484375,0.7526323608398438,0.6079272399902343,0.0
,3066,,,,,29.1229248046875,65.5242919921875,0.7042592102050782,0.623982568359375,0.0
,3067,,,,,24.4537353515625,68.5272216796875,0.6453206176757813,0.6353766723632813,0.0
,3068,,,,,18.878173828125,71.429443359375,0.6267793029785157,0.6728736328125,0.0
,3069,,,,,14.0350341796875,73.2696533203125,0.5403912780761719,0.6959725891113282,0.0
,3070,,,,,9.979248046875,74.2767333984375,0.47202665405273436,0.7510786193847656,0.0
,3071,,,,,6.1798095703125,75.384521484375,0.4158847961425781,0.7801853759765626,0.0
,3072,,,,,1.2359619140625,75.7965087890625,0.362125341796875,0.8109494567871094,0.0
,3073,,,,,-3.2135009765625,75.4302978515625,0.28340244140625,0.8347734924316407,0.0
,3074,,,,,-4.8614501953125,74.725341796875,0.1985681579589844,0.8637766662597657,0.0
,3075,,,,,-7.7728271484375,74.08447265625,0.13486475830078126,0.8953694091796875,0.0
,3076,,,,,-11.0321044921875,73.2513427734375,0.08524861450195313,0.9177432861328125,0.0
,3077,,,,,-13.18359375,71.502685546875,0.04195101928710938,0.923958251953125,0.0
,3078,,,,,-17.156982421875,69.9920654296875,-0.02175238037109375,0.9130820617675781,0.0
,3079,,,,,-22.393798828125,68.023681640625,-0.08545578002929688,0.8926762573242187,0.0
,3080,,,,,-28.3721923828125,65.6982421875,-0.1155983642578125,0.8818000671386719,0.0
,3081,,,,,-33.984375,63.6383056640625,-0.14325496215820313,0.8719597045898437,0.0
,3082,,,,,-38.8641357421875,61.7706298828125,-0.21576289672851562,0.82700478515625,0.0
,3083,,,,,-43.9727783203125,59.5001220703125,-0.26589695434570315,0.8045273254394532,0.0
,3084,,,,,-48.193359375,57.3211669921875,-0.324835546875,0.7802889587402344,0.0
,3085,,,,,-52.862548828125,54.3548583984375,-0.37393377685546875,0.7568792541503907,0.0
,3086,,,,,-56.6162109375,51.7730712890625,-0.4293505554199219,0.7451744018554688,0.0
,3087,,,,,-59.3719482421875,49.072265625,-0.47958819580078127,0.7155497314453125,0.0
,3088,,,,,-61.8072509765625,45.867919921875,-0.5707410278320313,0.6535036560058594,0.0
,3089,,,,,-64.4439697265625,41.78466796875,-0.6383805725097657,0.6075129089355469,0.0
,3090,,,,,-66.119384765625,38.4246826171875,-0.7048807067871093,0.5584146789550781,0.0
,3091,,,,,-66.1102294921875,37.46337890625,-0.7643372131347657,0.5256825256347657,0.0
,3092,,,,,-66.9342041015625,34.1033935546875,-0.8051488220214844,0.5015477416992188,0.0
,3093,,,,,-67.5018310546875,30.6976318359375,-0.8167500915527344,0.4860103271484375,0.0
,3094,,,,,-67.3004150390625,26.98974609375,-0.8639838317871094,0.43815509033203126,0.0
,3095,,,,,-68.133544921875,21.3592529296875,-0.8982697265625,0.3879174499511719,0.0
,3096,,,,,-68.829345703125,15.8477783203125,-0.8909153503417969,0.37476243896484374,0.0
,3097,,,,,-69.76318359375,9.70458984375,-0.902413037109375,0.345552099609375,0.0
,3098,,,,,-74.4781494140625,-3.790283203125,-0.9295517211914063,0.2807092895507813,0.0
,3099,,,,,-71.4752197265625,-3.47900390625,-0.9390813354492188,0.24414457397460937,0.0
,3100,,,,,-71.77734375,-8.258056640625,-0.937216845703125,0.2059225341796875,0.0
,3101,,,,,-71.6766357421875,-12.9364013671875,-0.9216794311523437,0.15019500732421875,0.0
,3102,,,,,-71.2554931640625,-18.78662109375,-0.937216845703125,0.09125641479492187,0.0
,3103,,,,,-70.5230712890625,-23.69384765625,-0.9576226501464844,0.013776507568359376,0.0
,3104,,,,,-69.4427490234375,-27.9876708984375,-0.9556545776367188,-0.06908970336914062,0.0
,3105,,,,,-68.0511474609375,-32.26318359375,-0.9379419250488281,-0.11321596069335937,0.0
,3106,,,,,-65.350341796875,-37.2161865234375,-0.9466428771972657,-0.17588353271484375,0.0
,3107,,,,,-62.841796875,-41.217041015625,-0.9271693176269532,-0.22622475585937502,0.0
,3108,,,,,-61.4410400390625,-42.1875,-0.9128748962402344,-0.30919454956054687,0.0
,3109,,,,,-58.5479736328125,-44.86083984375,-0.8883257812500001,-0.3745552734375,0.0
,3110,,,,,-55.2520751953125,-47.4700927734375,-0.8774495910644532,-0.4538996704101563,0.0
,3111,,,,,-52.3956298828125,-48.5137939453125,-0.8279370300292969,-0.4746162231445313,0.0
,3112,,,,,-48.614501953125,-51.214599609375,-0.8281441955566406,-0.5366622985839844,0.0
,3113,,,,,-43.9910888671875,-54.5745849609375,-0.804630908203125,-0.5498173095703125,0.0
,3114,,,,,-46.3714599609375,-58.6944580078125,-0.7845358520507812,-0.575920166015625,0.0
,3115,,,,,-28.857421875,-62.713623046875,-0.7345053771972656,-0.5731234313964844,0.0
,3116,,,,,-29.5166015625,-66.0369873046875,-0.7356447875976563,-0.6461492797851562,0.0
,3117,,,,,-24.7650146484375,-69.2413330078125,-0.6444919555664063,-0.6393128173828125,0.0
,3118,,,,,-19.7296142578125,-72.5189208984375,-0.5881429321289062,-0.6769133605957032,0.0
,3119,,,,,-14.8773193359375,-74.7711181640625,-0.4952291931152344,-0.6841641540527343,0.0
,3120,,,,,-10.968017578125,-75.7598876953125,-0.4595967224121094,-0.7571900024414063,0.0
,3121,,,,,-6.6558837890625,-76.46484375,-0.37693767700195313,-0.7687912719726563,0.0
,3122,,,,,-2.1240234375,-76.6204833984375,-0.32763228149414064,-0.8338412475585938,0.0
,3123,,,,,2.069091796875,-76.6387939453125,-0.22394593505859375,-0.8315624267578126,0.0
,3124,,,,,4.9896240234375,-76.3275146484375,-0.1603461181640625,-0.8549721313476563,0.0
,3125,,,,,5.6671142578125,-75.7049560546875,-0.0948818115234375,-0.859322607421875,0.0
,3126,,,,,8.294677734375,-74.6795654296875,-0.025377777099609377,-0.8661590698242188,0.0
,3127,,,,,13.2293701171875,-73.3154296875,0.01823056640625,-0.8688522216796876,0.0
,3128,,,,,16.6168212890625,-71.6033935546875,0.03138557739257813,-0.8946443298339845,0.0
,3129,,,,,21.38671875,-69.6807861328125,0.07675482788085938,-0.8895687744140626,0.0
,3130,,,,,27.008056640625,-67.1173095703125,0.12191691284179688,-0.8831466430664062,0.0
,3131,,,,,33.1787109375,-64.1143798828125,0.14180480346679689,-0.8814893188476562,0.0
,3132,,,,,38.818359375,-61.688232421875,0.18458448486328125,-0.8715453735351563,0.0
,3133,,,,,43.4417724609375,-59.9761962890625,0.2528455261230469,-0.8292836059570313,0.0
,3134,,,,,47.9827880859375,-57.97119140625,0.3078479736328125,-0.7981051940917969,0.0
,3135,,,,,51.3427734375,-56.0302734375,0.34917749633789064,-0.7800817932128906,0.0
,3136,,,,,55.2978515625,-52.862548828125,0.4053193542480469,-0.7717951721191406,0.0
,3137,,,,,58.538818359375,-49.566650390625,0.4872533203125,-0.7413418395996094,0.0
,3138,,,,,61.0565185546875,-46.1700439453125,0.5511638854980468,-0.6939009338378906,0.0
,3139,,,,,63.189697265625,-42.6910400390625,0.6201500061035157,-0.6593042907714844,0.0
,3140,,,,,65.570068359375,-37.9486083984375,0.6970084167480469,-0.6104132263183594,0.0
,3141,,,,,67.3095703125,-33.7554931640625,0.7535646057128906,-0.5587254272460938,0.0
,3142,,,,,67.108154296875,-32.537841796875,0.7815319519042969,-0.5291007568359375,0.0
,3143,,,,,67.657470703125,-29.6173095703125,0.8179930847167969,-0.4911894653320313,0.0
,3144,,,,,68.73779296875,-24.8382568359375,0.8675056457519531,-0.4450951354980469,0.0
,3145,,,,,68.95751953125,-20.5718994140625,0.885839794921875,-0.4116379028320313,0.0
,3146,,,,,69.98291015625,-15.2252197265625,0.8944371643066407,-0.3734158630371094,0.0
,3147,,,,,70.5780029296875,-9.6221923828125,0.9129784790039063,-0.3419267028808594,0.0
,3148,,,,,67.8131103515625,-9.6221923828125,0.9283087280273438,-0.31603101196289063,0.0
,3149,,,,,74.0386962890625,7.177734375,0.9169146240234375,-0.27532298583984377,0.0
,3150,,,,,72.0245361328125,9.375,0.9105960754394532,-0.2357543701171875,0.0
,3151,,,,,71.6766357421875,14.75830078125,0.9325556213378906,-0.16076044921875002,0.0
,3152,,,,,71.2005615234375,19.95849609375,0.9642519470214844,-0.0708506103515625,0.0
,3153,,,,,69.9005126953125,25.5706787109375,0.9629053710937501,-0.0045576416015625,0.0
,3154,,,,,68.4906005859375,30.4046630859375,0.9266514038085938,0.026827935791015625,0.0
,3155,,,,,67.1630859375,34.1400146484375,0.9055205200195313,0.10565441894531251,0.0
,3156,,,,,65.5792236328125,37.79296875,0.9084208374023438,0.19048870239257812,0.0
,3157,,,,,63.189697265625,42.1417236328125,0.8809714050292969,0.25854257812500003,0.0
,3158,,,,,60.6170654296875,45.208740234375,0.8873935363769532,0.32628570556640624,0.0
,3159,,,,,59.6832275390625,45.7855224609375,0.8812821533203126,0.38719237060546874,0.0
,3160,,,,,57.110595703125,47.8271484375,0.8768280944824219,0.45980388793945315,0.0
,3161,,,,,53.2745361328125,51.031494140625,0.8224471435546875,0.48839273071289063,0.0
,3162,,,,,49.8046875,53.3294677734375,0.8059774841308593,0.5200890563964844,0.0
,3163,,,,,45.6207275390625,56.4697265625,0.7710700927734375,0.5479528198242187,0.0
,3164,,,,,40.7501220703125,59.9853515625,0.7680661926269532,0.6002621154785156,0.0
,3165,,,,,32.04345703125,64.068603515625,0.7313978942871094,0.6270900512695313,0.0
,3166,,,,,30.084228515625,67.1905517578125,0.6988729064941407,0.6432489624023437,0.0
,3167,,,,,25.872802734375,69.561767578125,0.5993298706054687,0.6365160827636719,0.0
,3168,,,,,21.42333984375,71.905517578125,0.5562394409179687,0.6445955383300781,0.0
,3169,,,,,16.827392578125,73.9471435546875,0.48580316162109377,0.6689374877929688,0.0
,3170,,,,,12.3138427734375,75.62255859375,0.4429198974609375,0.7355412048339844,0.0
,3171,,,,,8.843994140625,76.995849609375,0.4055265197753906,0.789714990234375,0.0
,3172,,,,,4.7698974609375,77.96630859375,0.35166348266601566,0.8343591613769531,0.0
,3173,,,,,0.10986328125,77.9296875,0.2485986328125,0.8374666442871094,0.0
,3174,,,,,-1.35498046875,77.7557373046875,0.1944248474121094,0.8647089111328126,0.0
,3175,,,,,-4.1473388671875,76.94091796875,0.12792471313476564,0.8901902709960938,0.0
,3176,,,,,-7.6446533203125,75.5859375,0.07893006591796875,0.9154644653320313,0.0
,3177,,,,,-10.2813720703125,73.370361328125,0.01926639404296875,0.9353523559570313,0.0
,3178,,,,,-15.41748046875,71.3470458984375,-0.01160126953125,0.9486109497070313,0.0
,3179,,,,,-20.17822265625,69.580078125,-0.045679998779296876,0.9501646911621094,0.0
,3180,,,,,-25.5615234375,67.41943359375,-0.09177432861328125,0.9374240112304688,0.0
,3181,,,,,-31.82373046875,64.508056640625,-0.125956640625,0.9343165283203125,0.0
,3182,,,,,-37.5091552734375,61.7889404296875,-0.19463201293945312,0.8825251464843751,0.0
,3183,,,,,-42.4713134765625,59.5367431640625,-0.2703510131835938,0.8312516784667969,0.0
,3184,,,,,-46.8017578125,57.440185546875,-0.333950830078125,0.7981051940917969,0.0
,3185,,,,,-51.470947265625,54.3365478515625,-0.3708262939453125,0.78059970703125,0.0
,3186,,,,,-55.04150390625,51.5167236328125,-0.4322508728027344,0.7358519531250001,0.0
,3187,,,,,-57.7880859375,48.81591796875,-0.5020656555175781,0.6923471923828125,0.0
,3188,,,,,-60.6170654296875,45.611572265625,-0.5805813903808594,0.6485316833496094,0.0
,3189,,,,,-63.61083984375,41.5191650390625,-0.6104132263183594,0.6226359924316407,0.0
,3190,,,,,-65.8721923828125,37.884521484375,-0.6509140869140625,0.5937364013671875,0.0
,3191,,,,,-66.375732421875,35.906982421875,-0.7012553100585938,0.5503352233886719,0.0
,3192,,,,,-67.4652099609375,32.427978515625,-0.7677554443359376,0.49906175537109376,0.0
,3193,,,,,-68.88427734375,28.546142578125,-0.7830856933593751,0.4870461547851563,0.0
,3194,,,,,-69.232177734375,25.067138671875,-0.8189253295898438,0.45762864990234375,0.0
,3195,,,,,-69.744873046875,20.269775390625,-0.8446138549804688,0.4190958618164063,0.0
,3196,,,,,-70.184326171875,14.9688720703125,-0.8738241943359375,0.3849135498046875,0.0
,3197,,,,,-70.93505859375,9.063720703125,-0.9021022888183594,0.3443091064453125,0.0
,3198,,,,,-74.3865966796875,-3.497314453125,-0.9070742614746095,0.310748291015625,0.0
,3199,,,,,-71.44775390625,-4.5684814453125,-0.8961980712890625,0.27832688598632815,0.0
,3200,,,,,-71.649169921875,-10.6475830078125,-0.9088351684570313,0.20913359985351562,0.0
,3201,,,,,-71.429443359375,-15.7745361328125,-0.9300696350097657,0.13621133422851564,0.0
,3202,,,,,-70.587158203125,-21.5057373046875,-0.918986279296875,0.09850720825195312,0.0
,3203,,,,,-69.7174072265625,-26.6510009765625,-0.9324520385742188,0.033250067138671874,0.0
,3204,,,,,-68.939208984375,-30.76171875,-0.9308982971191406,-0.04164027099609375,0.0
,3205,,,,,-67.437744140625,-34.3780517578125,-0.9166038757324219,-0.10617233276367188,0.0
,3206,,,,,-65.1763916015625,-38.7451171875,-0.8903974365234375,-0.15464906616210938,0.0
,3207,,,,,-63.0615234375,-42.3980712890625,-0.8750671875,-0.23140389404296877,0.0
,3208,,,,,-62.3565673828125,-42.6544189453125,-0.8515539001464844,-0.31427010498046876,0.0
,3209,,,,,-59.9945068359375,-44.5587158203125,-0.8188217468261719,-0.3643005798339844,0.0
,3210,,,,,-56.634521484375,-47.5067138671875,-0.8367415649414063,-0.43939808349609377,0.0
,3211,,,,,-53.759765625,-48.870849609375,-0.80711689453125,-0.4613576293945313,0.0
,3212,,,,,-49.98779296875,-51.6082763671875,-0.7909579833984375,-0.5242323669433594,0.0
,3213,,,,,-45.2178955078125,-54.8858642578125,-0.769827099609375,-0.5454668334960938,0.0
,3214,,,,,-39.5050048828125,-58.85009765625,-0.7757313171386719,-0.5960152221679688,0.0
,3215,,,,,-33.9569091796875,-62.750244140625,-0.7361627014160157,-0.5999513671875,0.0
,3216,,,,,-30.3680419921875,-66.0186767578125,-0.6862358093261719,-0.6586827941894532,0.0
,3217,,,,,-26.0650634765625,-68.865966796875,-0.5837924560546875,-0.6467707763671875,0.0
,3218,,,,,-21.478271484375,-71.722412109375,-0.5516817993164063,-0.7026018859863281,0.0
,3219,,,,,-17.047119140625,-73.8189697265625,-0.48590674438476567,-0.7138924072265626,0.0
,3220,,,,,-13.6871337890625,-74.6795654296875,-0.45441758422851564,-0.7796674621582032,0.0
,3221,,,,,-8.642578125,-75.3021240234375,-0.3559103759765625,-0.7849501831054688,0.0
,3222,,,,,-4.4036865234375,-75.164794921875,-0.2879600830078125,-0.8375702270507813,0.0
,3223,,,,,-1.519775390625,-74.9267578125,-0.19939682006835938,-0.8375702270507813,0.0
,3224,,,,,1.629638671875,-74.3865966796875,-0.1653180908203125,-0.8727883666992188,0.0
,3225,,,,,2.9754638671875,-73.7823486328125,-0.09281015625,-0.8706131286621094,0.0
,3226,,,,,7.2418212890625,-72.5830078125,-0.025895690917968752,-0.8980625610351562,0.0
,3227,,,,,11.8377685546875,-70.770263671875,0.03583963623046875,-0.8936085021972656,0.0
,3228,,,,,14.5477294921875,-68.73779296875,0.044229840087890625,-0.9142214721679688,0.0
,3229,,,,,19.793701171875,-67.0623779296875,0.06277115478515626,-0.9012736267089844,0.0
,3230,,,,,26.03759765625,-64.8101806640625,0.08027664184570313,-0.9032416992187501,0.0
,3231,,,,,31.9427490234375,-62.9608154296875,0.12119183349609375,-0.89329775390625,0.0
,3232,,,,,37.1063232421875,-61.0198974609375,0.17785160522460938,-0.8563187072753906,0.0
,3233,,,,,42.059326171875,-58.9874267578125,0.23233613891601562,-0.8217220642089844,0.0
,3234,,,,,47.42431640625,-56.1676025390625,0.26496470947265627,-0.7998661010742187,0.0
,3235,,,,,51.85546875,-53.02734375,0.32214239501953124,-0.7629906372070313,0.0
,3236,,,,,55.3253173828125,-50.28076171875,0.3717585388183594,-0.7533574401855468,0.0
,3237,,,,,58.4564208984375,-47.2503662109375,0.4562820739746094,-0.7262187561035156,0.0
,3238,,,,,61.6973876953125,-43.0206298828125,0.5229893737792969,-0.6998051513671876,0.0
,3239,,,,,64.306640625,-39.019775390625,0.5706374450683593,-0.6466671936035157,0.0
,3240,,,,,66.2017822265625,-35.5224609375,0.6307154479980469,-0.5946686462402344,0.0
,3241,,,,,67.547607421875,-32.0892333984375,0.6815745849609375,-0.5508531372070312,0.0
,3242,,,,,67.85888671875,-29.791259765625,0.7192787109375001,-0.5252681945800781,0.0
,3243,,,,,68.463134765625,-26.3397216796875,0.7606082336425781,-0.49170737915039064,0.0
,3244,,,,,68.8385009765625,-22.998046875,0.8057703186035157,-0.454935498046875,0.0
,3245,,,,,68.4906005859375,-19.3817138671875,0.8392275512695313,-0.406873095703125,0.0
,3246,,,,,69.4061279296875,-12.8265380859375,0.8688522216796876,-0.36771881103515625,0.0
,3247,,,,,70.2117919921875,-6.4727783203125,0.8600476867675781,-0.3547709655761719,0.0
,3248,,,,,73.4527587890625,3.4332275390625,0.8589082763671875,-0.32773586425781254,0.0
,3249,,,,,71.4019775390625,4.94384765625,0.8500001586914063,-0.28329885864257814,0.0
,3250,,,,,71.6949462890625,11.572265625,0.8567330383300782,-0.22156353149414063,0.0
,3251,,,,,71.6583251953125,17.431640625,0.8695773010253907,-0.14439437255859375,0.0
,3252,,,,,71.099853515625,21.514892578125,0.8558007934570313,-0.09498539428710938,0.0
,3253,,,,,70.550537109375,26.03759765625,0.8607727661132812,-0.01263709716796875,0.0
,3254,,,,,69.6441650390625,30.57861328125,0.8691629699707032,0.06132099609375,0.0
,3255,,,,,68.170166015625,34.7625732421875,0.864294580078125,0.13579700317382812,0.0
,3256,,,,,66.448974609375,37.6739501953125,0.84689267578125,0.19908607177734375,0.0
,3257,,,,,65.51513671875,39.2486572265625,0.8371558959960937,0.2774982238769531,0.0
,3258,,,,,63.0523681640625,42.5079345703125,0.8581831970214844,0.36150384521484374,0.0
,3259,,,,,60.8184814453125,44.93408203125,0.8571473693847657,0.42261767578125004,0.0
,3260,,,,,58.648681640625,45.9503173828125,0.8592190246582031,0.4954363586425781,0.0
,3261,,,,,54.986572265625,48.9349365234375,0.8276262817382812,0.5178102355957032,0.0
,3262,,,,,50.738525390625,52.03857421875,0.7876433349609375,0.5339691467285156,0.0
,3263,,,,,46.0601806640625,56.0211181640625,0.728497576904297,0.5251646118164063,0.0
,3264,,,,,41.49169921875,59.4085693359375,0.72922265625,0.5599684204101563,0.0
,3265,,,,,32.5286865234375,62.6861572265625,0.6746345397949219,0.5910432495117187,0.0
,3266,,,,,31.256103515625,66.2017822265625,0.6362053344726563,0.6288509582519531,0.0
,3267,,,,,26.7791748046875,69.598388671875,0.5631794860839844,0.6310261962890625,0.0
,3268,,,,,22.998046875,71.6400146484375,0.5312759948730469,0.6555753112792969,0.0
,3269,,,,,18.7957763671875,72.54638671875,0.4935718688964844,0.7358519531250001,0.0
,3270,,,,,14.7125244140625,73.5076904296875,0.4560749084472656,0.8053559875488282,0.0
,3271,,,,,9.722900390625,74.2218017578125,0.40801250610351564,0.8439923583984376,0.0
,3272,,,,,4.8065185546875,74.432373046875,0.34948824462890626,0.8761030151367187,0.0
,3273,,,,,0.98876953125,74.322509765625,0.2640324645996094,0.88335380859375,0.0
,3274,,,,,-1.2542724609375,74.1485595703125,0.20985867919921875,0.9087315856933594,0.0
,3275,,,,,-5.6671142578125,73.5076904296875,0.14014747924804688,0.9160859619140626,0.0
,3276,,,,,-8.990478515625,72.418212890625,0.0832805419921875,0.9230260070800782,0.0
,3277,,,,,-11.004638671875,70.9808349609375,0.0294175048828125,0.928930224609375,0.0
,3278,,,,,-15.49072265625,69.3695068359375,0.001760906982421875,0.9474715393066406,0.0
,3279,,,,,-20.654296875,67.1173095703125,-0.03211065673828125,0.9525470947265625,0.0
,3280,,,,,-26.84326171875,64.9566650390625,-0.09612480468750001,0.9187791137695313,0.0
,3281,,,,,-32.4005126953125,62.841796875,-0.12657813720703126,0.909974578857422,0.0
,3282,,,,,-37.7655029296875,60.90087890625,-0.15692788696289062,0.8912260986328125,0.0
,3283,,,,,-43.6431884765625,57.7880859375,-0.19017795410156252,0.8745492736816407,0.0
,3284,,,,,-48.651123046875,54.6844482421875,-0.2705581787109375,0.8229650573730469,0.0
,3285,,,,,-52.84423828125,51.9287109375,-0.33912996826171876,0.7841215209960938,0.0
,3286,,,,,-56.4239501953125,49.365234375,-0.4169206237792969,0.7279796630859375,0.0
,3287,,,,,-60.1409912109375,45.6939697265625,-0.45669640502929687,0.7086096862792969,0.0
,3288,,,,,-63.24462890625,42.1600341796875,-0.5260968566894532,0.6796065124511719,0.0
,3289,,,,,-65.5242919921875,38.763427734375,-0.5710517761230469,0.6468743591308594,0.0
,3290,,,,,-67.437744140625,35.1104736328125,-0.6385877380371094,0.5968438842773438,0.0
,3291,,,,,-68.4173583984375,33.2794189453125,-0.7016696411132812,0.5482635681152344,0.0
,3292,,,,,-69.8272705078125,28.9306640625,-0.7418597534179687,0.5159457458496094,0.0
,3293,,,,,-70.2301025390625,25.689697265625,-0.7493177124023438,0.5027907348632813,0.0
,3294,,,,,-69.4244384765625,23.76708984375,-0.7894042419433595,0.4691263366699219,0.0
,3295,,,,,-70.220947265625,19.024658203125,-0.8414027893066407,0.4117414855957031,0.0
,3296,,,,,-71.1456298828125,12.7532958984375,-0.8688522216796876,0.3643005798339844,0.0
,3297,,,,,-72.0611572265625,6.40869140625,-0.8662626525878907,0.338094140625,0.0
,3298,,,,,-74.7528076171875,-2.7191162109375,-0.8701987976074219,0.30805513916015625,0.0
,3299,,,,,-73.05908203125,-4.4952392578125,-0.88335380859375,0.2509810363769531,0.0
,3300,,,,,-73.077392578125,-10.9588623046875,-0.9042775268554688,0.17826593627929688,0.0
,3301,,,,,-73.150634765625,-16.6717529296875,-0.9209543518066406,0.12025958862304688,0.0
,3302,,,,,-73.0499267578125,-21.038818359375,-0.9196077758789063,0.036357550048828124,0.0
,3303,,,,,-72.528076171875,-25.213623046875,-0.9054169372558594,-0.0128442626953125,0.0
,3304,,,,,-71.6217041015625,-29.40673828125,-0.9145322204589844,-0.0957104736328125,0.0
,3305,,,,,-69.891357421875,-33.856201171875,-0.9194006103515625,-0.13952598266601562,0.0
,3306,,,,,-67.9779052734375,-37.97607421875,-0.9197113586425781,-0.22601759033203125,0.0
,3307,,,,,-66.0003662109375,-40.7684326171875,-0.909974578857422,-0.2980076110839844,0.0
,3308,,,,,-64.9566650390625,-41.19873046875,-0.8766209289550781,-0.35580679321289066,0.0
,3309,,,,,-62.29248046875,-44.2474365234375,-0.8323910888671875,-0.3868816223144531,0.0
,3310,,,,,-59.197998046875,-47.05810546875,-0.8163357604980469,-0.4405374938964844,0.0
,3311,,,,,-56.4971923828125,-47.6806640625,-0.811260205078125,-0.5015477416992188,0.0
,3312,,,,,-52.0294189453125,-51.0406494140625,-0.8341519958496094,-0.5721911865234375,0.0
,3313,,,,,-46.9207763671875,-53.9703369140625,-0.788886328125,-0.56514755859375,0.0
,3314,,,,,-41.1529541015625,-58.1451416015625,-0.7820498657226562,-0.6241897338867187,0.0
,3315,,,,,-33.65478515625,-62.40234375,-0.7505607055664063,-0.6375519104003906,0.0
,3316,,,,,-31.38427734375,-65.679931640625,-0.7311907287597657,-0.70767744140625,0.0
,3317,,,,,-27.008056640625,-68.5546875,-0.6216001647949219,-0.6924507751464843,0.0
,3318,,,,,-22.0367431640625,-71.1273193359375,-0.5815136352539063,-0.7541861022949219,0.0
,3319,,,,,-17.17529296875,-73.1048583984375,-0.5251646118164063,-0.7608153991699219,0.0
,3320,,,,,-13.5498046875,-74.249267578125,-0.47751654052734377,-0.8128139465332032,0.0
,3321,,,,,-9.356689453125,-75.2197265625,-0.3755911010742188,-0.8174751708984376,0.0
,3322,,,,,-4.376220703125,-75.8056640625,-0.3601572692871094,-0.9016879577636719,0.0
,3323,,,,,0.823974609375,-75.91552734375,-0.2788447998046875,-0.8968195678710937,0.0
,3324,,,,,4.5501708984375,-75.3570556640625,-0.22477459716796877,-0.9199185241699219,0.0
,3325,,,,,5.9783935546875,-74.7894287109375,-0.11912017822265625,-0.8872899536132812,0.0
,3326,,,,,10.400390625,-73.1597900390625,-0.0468194091796875,-0.8894651916503906,0.0
,3327,,,,,14.7674560546875,-71.612548828125,-0.00559346923828125,-0.9034488647460938,0.0
,3328,,,,,16.8548583984375,-69.8638916015625,0.011290521240234375,-0.9400135803222657,0.0
,3329,,,,,21.78955078125,-67.7398681640625,0.06888253784179688,-0.9284123107910156,0.0
,3330,,,,,27.9693603515625,-65.00244140625,0.10130394287109375,-0.9326592041015626,0.0
,3331,,,,,34.3048095703125,-62.40234375,0.11860226440429687,-0.930691131591797,0.0
,3332,,,,,39.7979736328125,-59.9212646484375,0.16283210449218752,-0.9144286376953126,0.0
,3333,,,,,44.842529296875,-57.3486328125,0.21182675170898438,-0.885839794921875,0.0
,3334,,,,,50.189208984375,-54.1900634765625,0.28122720336914064,-0.8321839233398438,0.0
,3335,,,,,54.766845703125,-51.177978515625,0.3313612609863281,-0.8023520874023438,0.0
,3336,,,,,58.3648681640625,-48.541259765625,0.35549604492187503,-0.7954120422363281,0.0
,3337,,,,,61.285400390625,-46.32568359375,0.40925549926757815,-0.7583294128417969,0.0
,3338,,,,,64.215087890625,-43.3319091796875,0.49377903442382814,-0.7030162170410157,0.0
,3339,,,,,67.3095703125,-39.019775390625,0.5737449279785156,-0.6493603454589844,0.0
,3340,,,,,69.6441650390625,-35.211181640625,0.6537108215332031,-0.5921826599121094,0.0
,3341,,,,,70.880126953125,-32.281494140625,0.6949367614746094,-0.5418414367675781,0.0
,3342,,,,,70.843505859375,-31.256103515625,0.7444493225097657,-0.5006154968261719,0.0
,3343,,,,,71.22802734375,-27.7587890625,0.8109494567871094,-0.4562820739746094,0.0
,3344,,,,,72.0794677734375,-23.0987548828125,0.8563187072753906,-0.42075318603515627,0.0
,3345,,,,,71.923828125,-19.5831298828125,0.8754815185546875,-0.40407636108398437,0.0
,3346,,,,,72.36328125,-14.080810546875,0.8892580261230469,-0.38232398071289064,0.0
,3347,,,,,72.894287109375,-8.1756591796875,0.9053133544921875,-0.3439983581542969,0.0
,3348,,,,,76.8035888671875,4.1473388671875,0.8950586608886719,-0.3126127807617188,0.0
,3349,,,,,74.1119384765625,4.9530029296875,0.8906046020507813,-0.2788447998046875,0.0
,3350,,,,,74.6063232421875,9.99755859375,0.9112175720214845,-0.19877532348632812,0.0
,3351,,,,,74.725341796875,15.19775390625,0.9213686828613281,-0.10016453247070313,0.0
,3352,,,,,74.102783203125,20.7733154296875,0.9149465515136719,-0.0435047607421875,0.0
,3353,,,,,73.150634765625,25.5523681640625,0.9178468688964844,0.025688525390625,0.0
,3354,,,,,72.125244140625,28.912353515625,0.9307947143554688,0.096953466796875,0.0
,3355,,,,,70.56884765625,32.794189453125,0.9353523559570313,0.18914212646484377,0.0
,3356,,,,,68.8018798828125,36.1541748046875,0.9144286376953126,0.24538756713867188,0.0
,3357,,,,,66.9158935546875,38.6627197265625,0.9014807922363282,0.3095052978515625,0.0
,3358,,,,,64.2425537109375,41.766357421875,0.9294481384277344,0.40200470581054687,0.0
,3359,,,,,61.9903564453125,43.2220458984375,0.909974578857422,0.45369250488281254,0.0
,3360,,,,,58.8226318359375,44.53125,0.8990983886718751,0.5067268798828125,0.0
,3361,,,,,54.3365478515625,48.3306884765625,0.8797284118652344,0.5437059265136719,0.0
,3362,,,,,50.4364013671875,51.1322021484375,0.8847003845214844,0.5846211181640625,0.0
,3363,,,,,46.234130859375,54.7027587890625,0.8339448303222656,0.5804778076171875,0.0
,3364,,,,,41.2628173828125,58.319091796875,0.8023520874023438,0.6026445190429688,0.0
,3365,,,,,30.8349609375,62.3199462890625,0.7252865112304687,0.6168353576660156,0.0
,3366,,,,,30.615234375,65.8172607421875,0.7078846069335938,0.65795771484375,0.0
,3367,,,,,26.25732421875,68.3807373046875,0.6365160827636719,0.6648977600097656,0.0
,3368,,,,,20.672607421875,71.15478515625,0.584206787109375,0.6615831115722657,0.0
,3369,,,,,15.8843994140625,73.077392578125,0.5223678771972656,0.6965940856933593,0.0
,3370,,,,,11.6455078125,74.12109375,0.4851816650390625,0.7626798889160157,0.0
,3371,,,,,7.4981689453125,74.688720703125,0.4202352722167969,0.7987266906738282,0.0
,3372,,,,,2.2796630859375,75.0,0.371240625,0.841920703125,0.0
,3373,,,,,-2.1697998046875,74.6063232421875,0.3075372253417969,0.86015126953125,0.0
,3374,,,,,-4.962158203125,73.8922119140625,0.23430421142578126,0.8908117675781251,0.0
,3375,,,,,-8.4869384765625,73.05908203125,0.14677677612304688,0.8948514953613281,0.0
,3376,,,,,-11.3250732421875,71.9512939453125,0.09591763916015625,0.9144286376953126,0.0
,3377,,,,,-14.0625,70.184326171875,0.03501097412109375,0.9294481384277344,0.0
,3378,,,,,-17.9168701171875,68.22509765625,0.020095056152343752,0.9651841918945313,0.0
,3379,,,,,-22.430419921875,65.8721923828125,-0.024341949462890627,0.9544115844726563,0.0
,3380,,,,,-28.692626953125,63.519287109375,-0.083694873046875,0.9301732177734375,0.0
,3381,,,,,-34.625244140625,61.0748291015625,-0.11435537109375,0.9122533996582032,0.0
,3382,,,,,-39.36767578125,59.033203125,-0.18489523315429687,0.8580796142578125,0.0
,3383,,,,,-44.4671630859375,56.8450927734375,-0.23865468750000002,0.829490771484375,0.0
,3384,,,,,-49.493408203125,54.473876953125,-0.3112662048339844,0.7791495483398437,0.0
,3385,,,,,-54.052734375,51.8463134765625,-0.34928107910156253,0.7544968505859375,0.0
,3386,,,,,-57.3028564453125,49.40185546875,-0.4209603515625,0.709334765625,0.0
,3387,,,,,-60.3607177734375,46.3165283203125,-0.45970030517578125,0.6881002990722657,0.0
,3388,,,,,-62.9791259765625,43.4417724609375,-0.5202962219238282,0.6492567626953125,0.0
,3389,,,,,-65.8538818359375,39.51416015625,-0.5871071044921875,0.614970867919922,0.0
,3390,,,,,-67.510986328125,36.1175537109375,-0.6510176696777344,0.5721911865234375,0.0
,3391,,,,,-67.4102783203125,35.5316162109375,-0.6862358093261719,0.5318974914550781,0.0
,3392,,,,,-68.3441162109375,32.6385498046875,-0.7312943115234375,0.48549241333007814,0.0
,3393,,,,,-69.3511962890625,28.52783203125,-0.78391435546875,0.4512065185546875,0.0
,3394,,,,,-69.287109375,25.2960205078125,-0.8426457824707031,0.4089447509765625,0.0
,3395,,,,,-70.111083984375,20.489501953125,-0.8532112243652344,0.38553504638671876,0.0
,3396,,,,,-70.8160400390625,15.0238037109375,-0.8843896362304687,0.3416159545898438,0.0
,3397,,,,,-71.575927734375,8.441162109375,-0.9298624694824219,0.29262130737304687,0.0
,3398,,,,,-78.4332275390625,-8.4686279296875,-0.9444676391601563,0.2498416259765625,0.0
,3399,,,,,-73.93798828125,-5.1361083984375,-0.9410494079589844,0.21203391723632814,0.0
,3400,,,,,-72.2900390625,-8.1207275390625,-0.9398064147949219,0.14636244506835938,0.0
,3401,,,,,-72.0245361328125,-13.36669921875,-0.9492324462890626,0.08224471435546875,0.0
,3402,,,,,-71.6217041015625,-18.5943603515625,-0.9232331726074219,0.03376798095703125,0.0
,3403,,,,,-70.60546875,-22.37548828125,-0.9046918579101563,-0.0128442626953125,0.0
,3404,,,,,-69.1680908203125,-26.3946533203125,-0.9211615173339844,-0.09933587036132813,0.0
,3405,,,,,-67.1905517578125,-30.9173583984375,-0.9314162109375,-0.1487448486328125,0.0
,3406,,,,,-65.1580810546875,-35.2752685546875,-0.9317269592285157,-0.21141242065429688,0.0
,3407,,,,,-63.17138671875,-38.04931640625,-0.9095602478027344,-0.2763588134765625,0.0
,3408,,,,,-61.99951171875,-38.726806640625,-0.8822143981933595,-0.3652328247070313,0.0
,3409,,,,,-59.234619140625,-42.205810546875,-0.8379845581054688,-0.3878138671875,0.0
,3410,,,,,-56.54296875,-45.4833984375,-0.8317695922851562,-0.44229840087890626,0.0
,3411,,,,,-54.290771484375,-46.4996337890625,-0.8240008850097656,-0.48797839965820317,0.0
,3412,,,,,-50.2899169921875,-49.859619140625,-0.8312516784667969,-0.5513710510253906,0.0
,3413,,,,,-44.9066162109375,-53.759765625,-0.788057666015625,-0.5473313232421875,0.0
,3414,,,,,-39.5599365234375,-57.916259765625,-0.7660981201171875,-0.5895930908203125,0.0
,3415,,,,,-32.6019287109375,-61.5142822265625,-0.7105777587890625,-0.590007421875,0.0
,3416,,,,,-29.9652099609375,-64.5355224609375,-0.7207288696289063,-0.6635511840820313,0.0
,3417,,,,,-24.1607666015625,-67.6116943359375,-0.6677980773925781,-0.6734951293945313,0.0
,3418,,,,,-19.2535400390625,-70.05615234375,-0.6327871032714844,-0.7183464660644532,0.0
,3419,,,,,-14.9139404296875,-71.722412109375,-0.5227822082519531,-0.69773349609375,0.0
,3420,,,,,-10.72998046875,-73.1781005859375,-0.48891064453125,-0.7660981201171875,0.0
,3421,,,,,-5.4656982421875,-74.505615234375,-0.4283147277832031,-0.7757313171386719,0.0
,3422,,,,,-0.7232666015625,-75.128173828125,-0.3904034362792969,-0.8325982543945313,0.0
,3423,,,,,3.057861328125,-75.0274658203125,-0.2694187683105469,-0.8259689575195313,0.0
,3424,,,,,6.6741943359375,-74.652099609375,-0.20115772705078125,-0.8596333557128907,0.0
,3425,,,,,8.8165283203125,-73.956298828125,-0.12730321655273438,-0.8640874145507813,0.0
,3426,,,,,12.066650390625,-73.004150390625,-0.090324169921875,-0.8864612915039063,0.0
,3427,,,,,15.0604248046875,-71.8048095703125,-0.03977578125,-0.8829394775390625,0.0
,3428,,,,,17.596435546875,-69.9737548828125,-0.000517913818359375,-0.8866684570312501,0.0
,3429,,,,,22.52197265625,-67.840576171875,0.039465032958984375,-0.8917440124511719,0.0
,3430,,,,,28.6376953125,-65.0848388671875,0.08110530395507813,-0.9110104064941407,0.0
,3431,,,,,34.5703125,-62.5396728515625,0.12864979248046876,-0.8958873229980469,0.0
,3432,,,,,40.008544921875,-60.3973388671875,0.17774802246093752,-0.8548685485839844,0.0
,3433,,,,,45.0347900390625,-58.6395263671875,0.2192847106933594,-0.817164422607422,0.0
,3434,,,,,50.1251220703125,-55.718994140625,0.28319527587890625,-0.788057666015625,0.0
,3435,,,,,54.4464111328125,-52.5604248046875,0.333950830078125,-0.7586401611328125,0.0
,3436,,,,,57.7423095703125,-50.3082275390625,0.38128815307617187,-0.736680615234375,0.0
,3437,,,,,60.4522705078125,-48.1109619140625,0.4661224365234375,-0.6900683715820313,0.0
,3438,,,,,63.885498046875,-44.3572998046875,0.5150135009765625,-0.6677980773925781,0.0
,3439,,,,,66.4581298828125,-41.180419921875,0.575920166015625,-0.6141422058105469,0.0
,3440,,,,,67.1905517578125,-39.8895263671875,0.6474958557128907,-0.5545821166992188,0.0
,3441,,,,,68.316650390625,-37.060546875,0.701876806640625,-0.49895817260742187,0.0
,3442,,,,,68.3441162109375,-34.6893310546875,0.7624727233886719,-0.45472833251953126,0.0
,3443,,,,,68.66455078125,-30.633544921875,0.8358093200683594,-0.41733495483398436,0.0
,3444,,,,,69.5526123046875,-25.6988525390625,0.8576652832031251,-0.4087375854492188,0.0
,3445,,,,,69.415283203125,-21.6796875,0.8661590698242188,-0.3933037536621094,0.0
,3446,,,,,70.3399658203125,-15.545654296875,0.8982697265625,-0.3582927795410156,0.0
,3447,,,,,71.0174560546875,-8.4136962890625,0.9278943969726563,-0.32007073974609374,0.0
,3448,,,,,68.2342529296875,-8.4136962890625,0.9217830139160157,-0.312405615234375,0.0
,3449,,,,,73.2421875,4.9072265625,0.9121498168945312,-0.247769970703125,0.0
,3450,,,,,72.088623046875,7.6080322265625,0.9190898620605469,-0.1856203125,0.0
,3451,,,,,71.8505859375,13.3575439453125,0.9217830139160157,-0.10751890869140625,0.0
,3452,,,,,71.5484619140625,18.5211181640625,0.9186755310058594,-0.053034375,0.0
,3453,,,,,71.0906982421875,22.81494140625,0.9200221069335938,0.013465759277343751,0.0
,3454,,,,,69.9737548828125,26.7791748046875,0.9359738525390625,0.08141605224609376,0.0
,3455,,,,,68.463134765625,30.46875,0.9361810180664063,0.1512308349609375,0.0
,3456,,,,,65.899658203125,34.8175048828125,0.9117354858398438,0.19794666137695313,0.0
,3457,,,,,63.519287109375,39.385986328125,0.908213671875,0.26589695434570315,0.0
,3458,,,,,61.3494873046875,42.4896240234375,0.8979589782714844,0.3272179504394531,0.0
,3459,,,,,59.8297119140625,43.4600830078125,0.8893616088867188,0.3982757263183594,0.0
,3460,,,,,56.6436767578125,46.5087890625,0.8842860534667969,0.4673654296875,0.0
,3461,,,,,53.2562255859375,49.8138427734375,0.850310906982422,0.5048623901367187,0.0
,3462,,,,,50.244140625,51.1138916015625,0.8515539001464844,0.552717626953125,0.0
,3463,,,,,45.6390380859375,54.6661376953125,0.8264868713378907,0.5778882385253906,0.0
,3464,,,,,40.0177001953125,58.8226318359375,0.8146784362792969,0.607409326171875,0.0
,3465,,,,,32.4920654296875,62.87841796875,0.7556362609863282,0.6075129089355469,0.0
,3466,,,,,29.47998046875,65.8905029296875,0.721764697265625,0.6319584411621094,0.0
,3467,,,,,24.444580078125,68.609619140625,0.6573362182617187,0.6469779418945313,0.0
,3468,,,,,18.7957763671875,71.15478515625,0.6202535888671875,0.6737022949218751,0.0
,3469,,,,,14.007568359375,73.42529296875,0.5570681030273438,0.7115100036621094,0.0
,3470,,,,,9.9334716796875,75.03662109375,0.5035158142089844,0.7684805236816407,0.0
,3471,,,,,5.96923828125,76.06201171875,0.42655382080078125,0.8065989807128906,0.0
,3472,,,,,1.043701171875,76.611328125,0.3775591735839844,0.842024285888672,0.0
,3473,,,,,-3.076171875,76.57470703125,0.2705581787109375,0.8456496826171875,0.0
,3474,,,,,-4.669189453125,76.263427734375,0.20985867919921875,0.8856326293945312,0.0
,3475,,,,,-7.9193115234375,75.5218505859375,0.13621133422851564,0.8927798400878907,0.0
,3476,,,,,-10.5010986328125,74.8626708984375,0.09643555297851562,0.9130820617675781,0.0
,3477,,,,,-13.2293701171875,73.040771484375,0.044851336669921874,0.928930224609375,0.0
,3478,,,,,-18.0450439453125,71.15478515625,-0.011704852294921875,0.9183647827148438,0.0
,3479,,,,,-22.796630859375,69.0216064453125,-0.04982330932617188,0.9259263244628907,0.0
,3480,,,,,-28.253173828125,66.741943359375,-0.10948698120117188,0.8993055541992188,0.0
,3481,,,,,-34.5611572265625,64.19677734375,-0.15247382812500002,0.8759994323730469,0.0
,3482,,,,,-40.2008056640625,62.0819091796875,-0.20333296508789064,0.8664698181152344,0.0
,3483,,,,,-44.696044921875,59.912109375,-0.22311727294921876,0.8624300903320313,0.0
,3484,,,,,-48.980712890625,57.67822265625,-0.30587990112304686,0.8101207946777343,0.0
,3485,,,,,-53.5858154296875,54.803466796875,-0.36471491088867186,0.7683769409179688,0.0
,3486,,,,,-57.2845458984375,51.7181396484375,-0.4241714172363281,0.7400988464355469,0.0
,3487,,,,,-59.857177734375,49.072265625,-0.48248851318359376,0.7084025207519532,0.0
,3488,,,,,-62.237548828125,46.160888671875,-0.5421521850585937,0.6798136779785157,0.0
,3489,,,,,-64.9932861328125,42.2149658203125,-0.6161102783203125,0.6265721374511719,0.0
,3490,,,,,-66.90673828125,38.56201171875,-0.70104814453125,0.5612114135742188,0.0
,3491,,,,,-67.05322265625,37.46337890625,-0.7373021118164063,0.526200439453125,0.0
,3492,,,,,-67.620849609375,34.368896484375,-0.8075312255859375,0.4758592163085938,0.0
,3493,,,,,-68.0877685546875,30.87158203125,-0.8492750793457031,0.44840978393554687,0.0
,3494,,,,,-67.9229736328125,27.337646484375,-0.8744456909179688,0.41329522705078126,0.0
,3495,,,,,-68.939208984375,21.78955078125,-0.8930905883789063,0.3890568603515625,0.0
,3496,,,,,-69.7357177734375,16.44287109375,-0.9199185241699219,0.36160742797851564,0.0
,3497,,,,,-70.7244873046875,10.1165771484375,-0.926547821044922,0.33042901611328124,0.0
,3498,,,,,-75.384521484375,-3.9459228515625,-0.9320377075195313,0.2855776794433594,0.0
,3499,,,,,-72.161865234375,-3.387451171875,-0.9591763916015625,0.23502929077148438,0.0
,3500,,,,,-72.509765625,-8.5052490234375,-0.9575190673828126,0.18002684326171875,0.0
,3501,,,,,-72.5830078125,-13.8885498046875,-0.9442604736328125,0.13061786499023437,0.0
,3502,,,,,-72.2991943359375,-18.841552734375,-0.9400135803222657,0.065464306640625,0.0
,3503,,,,,-71.52099609375,-24.35302734375,-0.9268585693359376,0.01180843505859375,0.0
,3504,,,,,-70.147705078125,-29.022216796875,-0.9312090454101563,-0.06038875122070313,0.0
,3505,,,,,-68.3807373046875,-32.8033447265625,-0.9408422424316406,-0.1205703369140625,0.0
,3506,,,,,-66.1651611328125,-36.8499755859375,-0.9522363464355469,-0.181477001953125,0.0
,3507,,,,,-63.427734375,-40.7318115234375,-0.9548259155273437,-0.2415550048828125,0.0
,3508,,,,,-61.5325927734375,-42.51708984375,-0.9086280029296875,-0.3020473388671875,0.0
,3509,,,,,-58.7310791015625,-44.9798583984375,-0.8691629699707032,-0.35321722412109374,0.0
,3510,,,,,-56.1492919921875,-47.5433349609375,-0.8776567565917969,-0.4326652038574219,0.0
,3511,,,,,-53.1280517578125,-48.907470703125,-0.844406689453125,-0.46239345703125,0.0
,3512,,,,,-48.7701416015625,-52.3590087890625,-0.8263832885742187,-0.5103522766113281,0.0
,3513,,,,,-44.439697265625,-55.62744140625,-0.776456396484375,-0.5123203491210938,0.0
,3514,,,,,-39.7705078125,-59.3902587890625,-0.7876433349609375,-0.5797527282714844,0.0
,3515,,,,,-32.7667236328125,-63.5284423828125,-0.7369913635253906,-0.5821351318359376,0.0
,3516,,,,,-29.1229248046875,-66.888427734375,-0.7114064208984375,-0.6460456970214844,0.0
,3517,,,,,-24.71923828125,-69.488525390625,-0.6503961730957032,-0.6605472839355468,0.0
,3518,,,,,-20.4803466796875,-72.25341796875,-0.6159031127929687,-0.7113028381347657,0.0
,3519,,,,,-15.0238037109375,-74.505615234375,-0.50548388671875,-0.6965940856933593,0.0
,3520,,,,,-10.58349609375,-75.787353515625,-0.46270420532226564,-0.7616440612792968,0.0
,3521,,,,,-7.1502685546875,-76.9500732421875,-0.38097740478515624,-0.7745919067382813,0.0
,3522,,,,,-3.314208984375,-77.6092529296875,-0.32214239501953124,-0.8099136291503907,0.0
,3523,,,,,1.7303466796875,-77.9205322265625,-0.237826025390625,-0.8119852844238281,0.0
,3524,,,,,5.6671142578125,-77.6458740234375,-0.19701441650390625,-0.8607727661132812,0.0
,3525,,,,,6.097412109375,-76.7578125,-0.12367781982421876,-0.8730991149902344,0.0
,3526,,,,,8.7890625,-75.25634765625,-0.061010247802734376,-0.9006521301269531,0.0
,3527,,,,,13.5772705078125,-73.4710693359375,-0.0074579589843750006,-0.9041739440917969,0.0
,3528,,,,,17.0379638671875,-71.630859375,0.03801487426757812,-0.9086280029296875,0.0
,3529,,,,,21.5423583984375,-69.9554443359375,0.08804534912109375,-0.9034488647460938,0.0
,3530,,,,,26.934814453125,-68.0694580078125,0.13061786499023437,-0.9072814270019531,0.0
,3531,,,,,33.197021484375,-65.570068359375,0.16759691162109375,-0.8979589782714844,0.0
,3532,,,,,39.019775390625,-63.043212890625,0.20157205810546874,-0.8850111328125,0.0
,3533,,,,,43.5333251953125,-60.75439453125,0.2419693359375,-0.862637255859375,0.0
,3534,,,,,47.9461669921875,-58.282470703125,0.3015294250488281,-0.84026337890625,0.0
,3535,,,,,51.708984375,-55.8563232421875,0.35559962768554687,-0.8061846496582031,0.0
,3536,,,,,55.6640625,-52.11181640625,0.40594085083007814,-0.7758348999023438,0.0
,3537,,,,,58.538818359375,-48.66943359375,0.4942969482421875,-0.7332623840332031,0.0
,3538,,,,,60.75439453125,-45.2362060546875,0.5820315490722656,-0.6888253784179688,0.0
,3539,,,,,62.7044677734375,-41.89453125,0.6201500061035157,-0.6634476013183594,0.0
,3540,,,,,64.947509765625,-37.738037109375,0.6719413879394531,-0.6347551757812501,0.0
,3541,,,,,66.4398193359375,-33.7738037109375,0.7528395263671875,-0.5677371276855468,0.0
,3542,,,,,66.1285400390625,-32.537841796875,0.8016270080566407,-0.5135633422851563,0.0
,3543,,,,,66.7327880859375,-29.3701171875,0.8223435607910157,-0.4856995788574219,0.0
,3544,,,,,67.822265625,-24.64599609375,0.8506216552734375,-0.45162084960937504,0.0
,3545,,,,,67.657470703125,-20.709228515625,0.8910189331054688,-0.413502392578125,0.0
,3546,,,,,68.463134765625,-15.252685546875,0.9225080932617188,-0.3900926879882813,0.0
,3547,,,,,69.195556640625,-9.1094970703125,0.9435353942871094,-0.3592250244140625,0.0
,3548,,,,,73.626708984375,4.3853759765625,0.9236475036621095,-0.3377833923339844,0.0
,3549,,,,,70.3948974609375,4.229736328125,0.9118390686035156,-0.2919998107910156,0.0
,3550,,,,,70.56884765625,9.4757080078125,0.9155680480957031,-0.22570684204101563,0.0
,3551,,,,,70.3948974609375,14.8956298828125,0.9184683654785156,-0.15050575561523438,0.0
,3552,,,,,69.7906494140625,20.4254150390625,0.9186755310058594,-0.08918475952148437,0.0
,3553,,,,,68.7835693359375,25.5157470703125,0.9268585693359376,0.00145015869140625,0.0
,3554,,,,,67.78564453125,29.0496826171875,0.94964677734375,0.07924081420898438,0.0
,3555,,,,,66.39404296875,33.087158203125,0.92312958984375,0.13155010986328125,0.0
,3556,,,,,64.2242431640625,37.4359130859375,0.897441064453125,0.18240924682617188,0.0
,3557,,,,,61.81640625,41.436767578125,0.8936085021972656,0.27097250976562504,0.0
,3558,,,,,59.6923828125,43.7896728515625,0.8852182983398438,0.33912996826171876,0.0
,3559,,,,,58.6761474609375,44.1741943359375,0.8741349426269531,0.4136059753417969,0.0
,3560,,,,,55.77392578125,46.76513671875,0.8600476867675781,0.46695109863281253,0.0
,3561,,,,,52.3590087890625,50.1251220703125,0.8266940368652343,0.493053955078125,0.0
,3562,,,,,49.2828369140625,51.947021484375,0.8249331298828125,0.5366622985839844,0.0
,3563,,,,,45.2178955078125,55.7098388671875,0.7818427001953125,0.5519925476074219,0.0
,3564,,,,,39.8345947265625,59.6923828125,0.7518036987304688,0.5650439758300781,0.0
,3565,,,,,33.233642578125,63.2537841796875,0.6953510925292969,0.5944614807128906,0.0
,3566,,,,,30.377197265625,66.302490234375,0.6785706848144532,0.6431453796386719,0.0
,3567,,,,,25.872802734375,69.17724609375,0.6075129089355469,0.6494639282226563,0.0
,3568,,,,,20.452880859375,71.74072265625,0.5769559936523437,0.6611687805175781,0.0
,3569,,,,,15.9942626953125,73.5809326171875,0.483110009765625,0.6927615234375,0.0
,3570,,,,,12.213134765625,74.652099609375,0.4281075622558594,0.7476603881835938,0.0
,3571,,,,,8.6883544921875,75.640869140625,0.3850171325683594,0.7918902282714844,0.0
,3572,,,,,4.06494140625,76.373291015625,0.32680361938476565,0.8191324951171876,0.0
,3573,,,,,0.0640869140625,76.4373779296875,0.2456983154296875,0.8407812927246094,0.0
,3574,,,,,-0.54931640625,76.226806640625,0.19639291992187502,0.8847003845214844,0.0
,3575,,,,,-3.662109375,75.4486083984375,0.13362176513671875,0.9086280029296875,0.0
,3576,,,,,-7.6995849609375,74.2767333984375,0.08431636962890625,0.9358702697753907,0.0
,3577,,,,,-9.979248046875,72.47314453125,0.013569342041015625,0.9254084106445313,0.0
,3578,,,,,-14.3646240234375,70.3948974609375,-0.04236535034179688,0.9185719482421876,0.0
,3579,,,,,-19.3634033203125,68.1427001953125,-0.0890811767578125,0.9092494995117187,0.0
,3580,,,,,-25.7171630859375,65.386962890625,-0.13755791015625,0.8986840576171875,0.0
,3581,,,,,-31.915283203125,62.51220703125,-0.15433831787109376,0.9074885925292969,0.0
,3582,,,,,-36.65771484375,60.5712890625,-0.19369976806640626,0.8856326293945312,0.0
,3583,,,,,-41.4093017578125,58.63037109375,-0.24031201171875,0.8655375732421875,0.0
,3584,,,,,-46.1700439453125,56.414794921875,-0.3158238464355469,0.8120888671875001,0.0
,3585,,,,,-50.6927490234375,53.887939453125,-0.37206928710937504,0.7709665100097657,0.0
,3586,,,,,-53.94287109375,51.37939453125,-0.45576416015625,0.7153425659179687,0.0
,3587,,,,,-57.110595703125,48.37646484375,-0.5149099182128907,0.6773276916503906,0.0
,3588,,,,,-59.9853515625,44.970703125,-0.5652511413574219,0.6483245178222656,0.0
,3589,,,,,-62.7410888671875,41.0888671875,-0.6080308227539063,0.632269189453125,0.0
,3590,,,,,-64.599609375,37.554931640625,-0.6743237915039063,0.5849318664550781,0.0
,3591,,,,,-65.4876708984375,35.302734375,-0.7188643798828125,0.5390447021484375,0.0
,3592,,,,,-66.76025390625,31.9061279296875,-0.7679626098632812,0.5005119140625001,0.0
,3593,,,,,-67.8131103515625,28.1524658203125,-0.811260205078125,0.4687120056152344,0.0
,3594,,,,,-67.78564453125,24.664306640625,-0.850310906982422,0.4268645690917969,0.0
,3595,,,,,-68.609619140625,19.5556640625,-0.869266552734375,0.4025226196289063,0.0
,3596,,,,,-69.305419921875,14.483642578125,-0.8705095458984375,0.38025232543945314,0.0
,3597,,,,,-70.111083984375,8.09326171875,-0.8878078674316406,0.34917749633789064,0.0
,3598,,,,,-72.9034423828125,-2.252197265625,-0.8987876403808595,0.3147880187988281,0.0
,3599,,,,,-70.953369140625,-3.8543701171875,-0.8954729919433594,0.26496470947265627,0.0
,3600,,,,,-70.9442138671875,-9.832763671875,-0.9143250549316406,0.20540462036132814,0.0
,3601,,,,,-70.7611083984375,-15.966796875,-0.9017915405273438,0.154959814453125,0.0
,3602,,,,,-70.4132080078125,-21.771240234375,-0.9010664611816407,0.08794176635742187,0.0
,3603,,,,,-69.6533203125,-25.81787109375,-0.8969231506347657,0.0265171875,0.0
,3604,,,,,-68.6370849609375,-30.084228515625,-0.9151537170410157,-0.05531319580078125,0.0
,3605,,,,,-66.8701171875,-35.0006103515625,-0.9186755310058594,-0.11259446411132813,0.0
,3606,,,,,-64.9749755859375,-39.093017578125,-0.885839794921875,-0.15237024536132812,0.0
,3607,,,,,-63.1805419921875,-41.4642333984375,-0.8611870971679688,-0.23471854248046875,0.0
,3608,,,,,-62.3199462890625,-42.1875,-0.8757922668457031,-0.332293505859375,0.0
,3609,,,,,-59.6649169921875,-45.37353515625,-0.8440959411621094,-0.3766269287109375,0.0
,3610,,,,,-56.689453125,-47.991943359375,-0.8224471435546875,-0.430075634765625,0.0
,3611,,,,,-54.3548583984375,-48.577880859375,-0.776456396484375,-0.45773223266601565,0.0
,3612,,,,,-50.3265380859375,-51.6082763671875,-0.7843286865234376,-0.5058982177734375,0.0
,3613,,,,,-45.263671875,-55.62744140625,-0.7565685058593751,-0.5158421630859376,0.0
,3614,,,,,-40.3656005859375,-60.09521484375,-0.7608153991699219,-0.5734341796875,0.0
,3615,,,,,-33.9019775390625,-63.5650634765625,-0.6907934509277344,-0.5691872863769531,0.0
,3616,,,,,-31.5399169921875,-66.888427734375,-0.6975263305664062,-0.6306118652343751,0.0
,3617,,,,,-26.495361328125,-70.2301025390625,-0.6160066955566407,-0.6311297790527344,0.0
,3618,,,,,-21.954345703125,-72.344970703125,-0.5601755859375,-0.6866501403808594,0.0
,3619,,,,,-17.9351806640625,-73.9013671875,-0.4902572204589844,-0.713478076171875,0.0
,3620,,,,,-13.934326171875,-75.25634765625,-0.4601146362304688,-0.7873325866699219,0.0
,3621,,,,,-8.8897705078125,-76.226806640625,-0.3546673828125,-0.7884719970703126,0.0
,3622,,,,,-4.669189453125,-76.6387939453125,-0.314062939453125,-0.8386060546875,0.0
,3623,,,,,-1.0162353515625,-76.2542724609375,-0.2224957763671875,-0.8397454650878906,0.0
,3624,,,,,2.3895263671875,-75.76904296875,-0.168218408203125,-0.8732026977539062,0.0
,3625,,,,,4.1656494140625,-74.945068359375,-0.10606875,-0.8781746704101563,0.0
,3626,,,,,7.763671875,-73.2421875,-0.04982330932617188,-0.9000306335449219,0.0
,3627,,,,,11.53564453125,-71.630859375,0.021441632080078127,-0.8958873229980469,0.0
,3628,,,,,14.6484375,-69.744873046875,0.05769559936523438,-0.9124605651855469,0.0
,3629,,,,,20.5535888671875,-67.6849365234375,0.07364734497070313,-0.9168110412597656,0.0
,3630,,,,,26.3946533203125,-65.643310546875,0.096953466796875,-0.9155680480957031,0.0
,3631,,,,,31.82373046875,-63.5833740234375,0.1396295654296875,-0.8963016540527344,0.0
,3632,,,,,37.5457763671875,-61.431884765625,0.19256035766601562,-0.8682307250976563,0.0
,3633,,,,,43.304443359375,-58.868408203125,0.2423836669921875,-0.8416099548339844,0.0
,3634,,,,,48.37646484375,-56.2225341796875,0.2694187683105469,-0.8325982543945313,0.0
,3635,,,,,52.020263671875,-53.759765625,0.33042901611328124,-0.8056667358398438,0.0
,3636,,,,,55.8563232421875,-50.7110595703125,0.378698583984375,-0.7877469177246094,0.0
,3637,,,,,59.0057373046875,-47.5799560546875,0.43256162109375,-0.7376128601074219,0.0
,3638,,,,,62.4298095703125,-43.17626953125,0.484767333984375,-0.7017732238769532,0.0
,3639,,,,,65.1123046875,-39.385986328125,0.5779918212890626,-0.6448027038574219,0.0
,3640,,,,,67.0623779296875,-35.833740234375,0.6544359008789062,-0.5907325012207032,0.0
,3641,,,,,68.44482421875,-32.5103759765625,0.6934866027832032,-0.5530283752441406,0.0
,3642,,,,,68.792724609375,-30.303955078125,0.7577079162597656,-0.5076591247558594,0.0
,3643,,,,,69.5159912109375,-26.7059326171875,0.8119852844238281,-0.46094329833984377,0.0
,3644,,,,,69.964599609375,-23.0804443359375,0.8340484130859376,-0.4387765869140625,0.0
,3645,,,,,69.3695068359375,-19.4091796875,0.8451317687988281,-0.4243785827636719,0.0
,3646,,,,,70.0469970703125,-13.2110595703125,0.8492750793457031,-0.3981721435546875,0.0
,3647,,,,,70.6329345703125,-6.4361572265625,0.8656411560058594,-0.345552099609375,0.0
,3648,,,,,73.4527587890625,3.33251953125,0.8908117675781251,-0.30297958374023437,0.0
,3649,,,,,71.8597412109375,5.474853515625,0.8939192504882812,-0.24839146728515626,0.0
,3650,,,,,72.125244140625,11.8377685546875,0.8722704528808594,-0.22373876953125002,0.0
,3651,,,,,72.161865234375,17.2393798828125,0.8886365295410157,-0.13237877197265627,0.0
,3652,,,,,71.9879150390625,21.185302734375,0.9102853271484376,-0.04619791259765625,0.0
,3653,,,,,71.502685546875,25.8270263671875,0.8738241943359375,0.009426031494140626,0.0
,3654,,,,,70.3216552734375,30.57861328125,0.8549721313476563,0.04982330932617188,0.0
,3655,,,,,68.84765625,34.97314453125,0.8618085937500001,0.12616380615234377,0.0
,3656,,,,,67.3095703125,38.2965087890625,0.8650196594238282,0.1959785888671875,0.0
,3657,,,,,66.3116455078125,40.045166015625,0.8478249206542969,0.2731477478027344,0.0
,3658,,,,,63.7298583984375,43.634033203125,0.8450281860351563,0.35435663452148436,0.0
,3659,,,,,61.376953125,45.904541015625,0.8497929931640625,0.4136059753417969,0.0
,3660,,,,,59.3902587890625,46.6461181640625,0.8662626525878907,0.48891064453125,0.0
,3661,,,,,55.6732177734375,49.5391845703125,0.8285585266113281,0.5310688293457031,0.0
,3662,,,,,50.994873046875,52.4505615234375,0.8245187988281251,0.5723983520507813,0.0
,3663,,,,,46.307373046875,56.689453125,0.7789423828125001,0.5677371276855468,0.0
,3664,,,,,41.7388916015625,60.205078125,0.7741775756835938,0.6060627502441407,0.0
,3665,,,,,33.2061767578125,63.7939453125,0.711924334716797,0.6255363098144532,0.0
,3666,,,,,31.8145751953125,67.034912109375,0.6595114562988281,0.6574398010253907,0.0
,3667,,,,,26.9622802734375,69.7174072265625,0.5815136352539063,0.6629296875,0.0
,3668,,,,,23.0438232421875,71.7315673828125,0.55520361328125,0.6896540405273438,0.0
,3669,,,,,18.78662109375,72.802734375,0.5036193969726562,0.7439314086914063,0.0
,3670,,,,,14.6484375,73.8739013671875,0.4614612121582031,0.8049416564941406,0.0
,3671,,,,,9.8876953125,74.8077392578125,0.3883317810058594,0.8256582092285156,0.0
,3672,,,,,4.9896240234375,75.2288818359375,0.31934566040039064,0.855179296875,0.0
,3673,,,,,1.20849609375,75.1190185546875,0.24787355346679688,0.8659519042968751,0.0
,3674,,,,,-1.1810302734375,74.652099609375,0.2183524658203125,0.9113211547851563,0.0
,3675,,,,,-5.7952880859375,73.9837646484375,0.1603461181640625,0.9266514038085938,0.0
,3676,,,,,-9.0179443359375,73.35205078125,0.09798929443359375,0.9364917663574219,0.0
,3677,,,,,-11.2701416015625,71.9696044921875,0.040500860595703125,0.9429138977050782,0.0
,3678,,,,,-16.00341796875,70.294189453125,-0.007975872802734376,0.9417744873046875,0.0
,3679,,,,,-21.1578369140625,67.913818359375,-0.049719726562500004,0.9410494079589844,0.0
,3680,,,,,-27.1636962890625,65.8538818359375,-0.09332807006835937,0.9293445556640625,0.0
,3681,,,,,-32.6751708984375,63.2720947265625,-0.14076897583007814,0.9039667785644532,0.0
,3682,,,,,-38.3331298828125,60.68115234375,-0.18406657104492188,0.8884293640136719,0.0
,3683,,,,,-44.329833984375,57.5592041015625,-0.2042652099609375,0.8738241943359375,0.0
,3684,,,,,-49.200439453125,54.7027587890625,-0.2623751403808594,0.8379845581054688,0.0
,3685,,,,,-53.1646728515625,52.55126953125,-0.32763228149414064,0.79717294921875,0.0
,3686,,,,,-56.79931640625,49.8138427734375,-0.39071418457031254,0.7628870544433594,0.0
,3687,,,,,-60.68115234375,45.831298828125,-0.4304899658203125,0.7467281433105469,0.0
,3688,,,,,-63.6932373046875,42.388916015625,-0.5238180358886719,0.6796065124511719,0.0
,3689,,,,,-65.9271240234375,39.2486572265625,-0.5804778076171875,0.6359981689453125,0.0
,3690,,,,,-67.8863525390625,35.7879638671875,-0.63806982421875,0.5946686462402344,0.0
,3691,,,,,-68.975830078125,32.99560546875,-0.709334765625,0.5517853820800781,0.0
,3692,,,,,-70.20263671875,28.9947509765625,-0.762369140625,0.5047588073730469,0.0
,3693,,,,,-70.770263671875,26.1383056640625,-0.804630908203125,0.4616683776855469,0.0
,3694,,,,,-70.3216552734375,24.041748046875,-0.8501037414550782,0.40200470581054687,0.0
,3695,,,,,-70.9442138671875,19.573974609375,-0.8633623352050781,0.37103345947265626,0.0
,3696,,,,,-71.7681884765625,13.165283203125,-0.8669877319335938,0.34638076171875,0.0
,3697,,,,,-72.747802734375,6.719970703125,-0.8862541259765625,0.30795155639648436,0.0
,3698,,,,,-75.40283203125,-2.764892578125,-0.8998234680175782,0.2619608093261719,0.0
,3699,,,,,-73.626708984375,-4.669189453125,-0.9030345336914063,0.22239219360351564,0.0
,3700,,,,,-73.57177734375,-11.0321044921875,-0.9079029235839844,0.17805877075195314,0.0
,3701,,,,,-73.370361328125,-16.4337158203125,-0.9337986145019531,0.11114430541992187,0.0
,3702,,,,,-73.0865478515625,-20.9564208984375,-0.9308982971191406,0.044954919433593754,0.0
,3703,,,,,-72.3541259765625,-25.0946044921875,-0.943121063232422,-0.030142584228515627,0.0
,3704,,,,,-71.15478515625,-30.28564453125,-0.9240618347167969,-0.10016453247070313,0.0
,3705,,,,,-69.7174072265625,-34.6893310546875,-0.894126416015625,-0.12947845458984375,0.0
,3706,,,,,-67.78564453125,-37.8204345703125,-0.8985804748535157,-0.20716552734375002,0.0
,3707,,,,,-65.7806396484375,-40.6951904296875,-0.9069706787109375,-0.3013222595214844,0.0
,3708,,,,,-64.7735595703125,-40.5120849609375,-0.9152572998046875,-0.39475391235351565,0.0
,3709,,,,,-61.4044189453125,-43.157958984375,-0.8832502258300782,-0.43618701782226565,0.0
,3710,,,,,-58.26416015625,-46.307373046875,-0.8552828796386719,-0.47710220947265625,0.0
,3711,,,,,-55.5267333984375,-46.9024658203125,-0.809602880859375,-0.49419336547851567,0.0
,3712,,,,,-51.141357421875,-50.0152587890625,-0.8285585266113281,-0.5564466064453125,0.0
,3713,,,,,-45.703125,-53.997802734375,-0.8075312255859375,-0.5723983520507813,0.0
,3714,,,,,-40.3839111328125,-58.0902099609375,-0.7984159423828125,-0.6128992126464844,0.0
,3715,,,,,-32.501220703125,-61.761474609375,-0.7446564880371094,-0.6136242919921875,0.0
,3716,,,,,-30.889892578125,-64.7552490234375,-0.7251829284667969,-0.6742202087402344,0.0
,3717,,,,,-25.67138671875,-67.529296875,-0.6516391662597656,-0.6951439270019532,0.0
,3718,,,,,-21.20361328125,-70.037841796875,-0.6022301879882813,-0.7652694580078125,0.0
,3719,,,,,-17.1295166015625,-71.5850830078125,-0.5243359497070312,-0.7644407958984375,0.0
,3720,,,,,-13.275146484375,-72.894287109375,-0.49170737915039064,-0.8089813842773438,0.0
,3721,,,,,-8.294677734375,-73.974609375,-0.39589332275390626,-0.8067025634765626,0.0
,3722,,,,,-3.5797119140625,-74.615478515625,-0.33716189575195316,-0.8678163940429687,0.0
,3723,,,,,0.1922607421875,-74.7528076171875,-0.22985015258789063,-0.8519682312011719,0.0
,3724,,,,,3.9642333984375,-74.1119384765625,-0.18396298828125002,-0.8807642395019532,0.0
,3725,,,,,5.4656982421875,-73.4161376953125,-0.09892153930664063,-0.8633623352050781,0.0
,3726,,,,,9.6954345703125,-72.052001953125,-0.04195101928710938,-0.8832502258300782,0.0
,3727,,,,,13.7786865234375,-70.660400390625,-0.011704852294921875,-0.9085244201660156,0.0
,3728,,,,,16.0125732421875,-68.9300537109375,-0.0020716552734375,-0.9477822875976563,0.0
,3729,,,,,21.258544921875,-66.7510986328125,0.04081160888671875,-0.9360774353027344,0.0
,3730,,,,,27.667236328125,-64.1326904296875,0.07841215209960938,-0.930587548828125,0.0
,3731,,,,,34.0301513671875,-61.6790771484375,0.09312090454101563,-0.9320377075195313,0.0
,3732,,,,,39.4500732421875,-59.14306640625,0.13652208251953124,-0.9200221069335938,0.0
,3733,,,,,44.586181640625,-56.689453125,0.19369976806640626,-0.8863577087402345,0.0
,3734,,,,,50.0335693359375,-53.5491943359375,0.27076534423828125,-0.8244152160644531,0.0
,3735,,,,,54.3731689453125,-50.811767578125,0.3250427124023438,-0.7807032897949219,0.0
,3736,,,,,57.733154296875,-48.3856201171875,0.3549781311035156,-0.7517001159667969,0.0
,3737,,,,,60.8551025390625,-45.6573486328125,0.42365350341796876,-0.7270474182128907,0.0
,3738,,,,,64.2242431640625,-41.656494140625,0.5170851562500001,-0.6719413879394531,0.0
,3739,,,,,66.68701171875,-37.8387451171875,0.57509150390625,-0.6356874206542968,0.0
,3740,,,,,68.3349609375,-35.2569580078125,0.6298867858886719,-0.6041982604980469,0.0
,3741,,,,,69.54345703125,-32.7117919921875,0.6934866027832032,-0.5635938171386718,0.0
,3742,,,,,69.561767578125,-31.5032958984375,0.7497320434570313,-0.5070376281738281,0.0
,3743,,,,,69.8272705078125,-27.410888671875,0.796344287109375,-0.46280778808593753,0.0
,3744,,,,,70.550537109375,-22.5677490234375,0.8287656921386719,-0.4330795349121094,0.0
,3745,,,,,70.404052734375,-19.171142578125,0.8654339904785157,-0.38232398071289064,0.0
,3746,,,,,71.1456298828125,-13.9068603515625,0.8749636047363282,-0.3708262939453125,0.0
,3747,,,,,72.052001953125,-7.232666015625,0.8743421081542969,-0.34296253051757813,0.0
,3748,,,,,75.1373291015625,2.911376953125,0.8930905883789063,-0.29666103515625003,0.0
,3749,,,,,73.5076904296875,4.7332763671875,0.9197113586425781,-0.21897396240234376,0.0
,3750,,,,,73.681640625,9.8602294921875,0.9320377075195313,-0.16013895263671876,0.0
,3751,,,,,73.846435546875,14.7125244140625,0.90655634765625,-0.108554736328125,0.0
,3752,,,,,73.4161376953125,19.9951171875,0.9070742614746095,-0.055520361328125004,0.0
,3753,,,,,72.454833984375,24.5635986328125,0.9232331726074219,0.022477459716796877,0.0
,3754,,,,,71.5118408203125,28.1982421875,0.9254084106445313,0.09943945312500001,0.0
,3755,,,,,69.854736328125,32.1533203125,0.9105960754394532,0.15775654907226563,0.0
,3756,,,,,67.2637939453125,35.870361328125,0.9018951232910156,0.21358765869140625,0.0
,3757,,,,,65.4052734375,38.0950927734375,0.9158787963867188,0.31313069458007814,0.0
,3758,,,,,63.1072998046875,40.72265625,0.938977752685547,0.3970327331542969,0.0
,3759,,,,,61.212158203125,42.8924560546875,0.9113211547851563,0.42914338989257816,0.0
,3760,,,,,58.1634521484375,45.3643798828125,0.89329775390625,0.4840422546386719,0.0
,3761,,,,,54.1168212890625,48.6053466796875,0.8819036499023438,0.5409091918945312,0.0
,3762,,,,,50.335693359375,50.1617431640625,0.8564222900390626,0.5687729553222657,0.0
,3763,,,,,45.703125,53.6407470703125,0.7914758972167969,0.5621436584472657,0.0
,3764,,,,,40.1824951171875,57.806396484375,0.7585365783691407,0.5882465148925782,0.0
,3765,,,,,32.0526123046875,61.48681640625,0.7287047424316406,0.6085487365722656,0.0
,3766,,,,,30.2398681640625,64.6453857421875,0.7099562622070312,0.6428346313476563,0.0
,3767,,,,,25.81787109375,67.730712890625,0.6228431579589844,0.6423167175292969,0.0
,3768,,,,,20.6451416015625,70.550537109375,0.5752986694335938,0.6530893249511719,0.0
,3769,,,,,16.0400390625,72.711181640625,0.5134597595214844,0.6860286437988281,0.0
,3770,,,,,12.066650390625,73.8372802734375,0.45566057739257815,0.7428955810546876,0.0
,3771,,,,,7.891845703125,74.8260498046875,0.4106020751953125,0.78391435546875,0.0
,3772,,,,,2.783203125,75.5401611328125,0.3735194458007813,0.8329090026855469,0.0
,3773,,,,,-1.9134521484375,75.2655029296875,0.2733549133300781,0.8432672790527344,0.0
,3774,,,,,-5.1361083984375,74.6063232421875,0.20934076538085938,0.8799355773925781,0.0
,3775,,,,,-8.9263916015625,73.3062744140625,0.14636244506835938,0.9023094543457032,0.0
,3776,,,,,-11.6729736328125,71.832275390625,0.10472217407226563,0.934834442138672,0.0
,3777,,,,,-14.4561767578125,70.166015625,0.05603827514648438,0.947160791015625,0.0
,3778,,,,,-18.5211181640625,68.2159423828125,0.024859863281250002,0.959694305419922,0.0
,3779,,,,,-22.833251953125,66.2567138671875,-0.006732879638671876,0.95296142578125,0.0
,3780,,,,,-28.74755859375,64.12353515625,-0.07851573486328126,0.9056241027832032,0.0
,3781,,,,,-34.6527099609375,62.0269775390625,-0.11943092651367188,0.8853218811035156,0.0
,3782,,,,,-39.605712890625,60.626220703125,-0.18613822631835938,0.8492750793457031,0.0
,3783,,,,,-44.659423828125,58.5113525390625,-0.22881432495117188,0.8269012023925781,0.0
,3784,,,,,-49.951171875,55.55419921875,-0.29137831420898436,0.7832928588867187,0.0
,3785,,,,,-54.876708984375,52.5054931640625,-0.3281501953125,0.75408251953125,0.0
,3786,,,,,-58.0718994140625,50.115966796875,-0.40272978515625,0.7263223388671876,0.0
,3787,,,,,-60.82763671875,47.3602294921875,-0.45462474975585937,0.7157568969726563,0.0
,3788,,,,,-63.812255859375,43.39599609375,-0.5223678771972656,0.678674267578125,0.0
,3789,,,,,-66.76025390625,39.0106201171875,-0.5944614807128906,0.6192177612304688,0.0
,3790,,,,,-68.1976318359375,36.328125,-0.6619974426269531,0.5668048828125,0.0
,3791,,,,,-68.572998046875,35.4949951171875,-0.6991836547851563,0.5268219360351563,0.0
,3792,,,,,-69.525146484375,32.6019287109375,-0.7370949462890625,0.49657576904296874,0.0
,3793,,,,,-70.550537109375,28.60107421875,-0.7997625183105469,0.4489276977539063,0.0
,3794,,,,,-70.2850341796875,25.7080078125,-0.8575617004394531,0.396929150390625,0.0
,3795,,,,,-70.9442138671875,21.0662841796875,-0.8780710876464844,0.37621259765625004,0.0
,3796,,,,,-71.685791015625,15.41748046875,-0.8773460083007812,0.3754875183105469,0.0
,3797,,,,,-72.5555419921875,8.477783203125,-0.8887401123046875,0.3294967712402344,0.0
,3798,,,,,-75.6591796875,-2.142333984375,-0.9041739440917969,0.26983309936523436,0.0
,3799,,,,,-73.4527587890625,-3.131103515625,-0.9043811096191406,0.23098956298828124,0.0
,3800,,,,,-73.20556640625,-8.514404296875,-0.9235439208984375,0.16107119750976562,0.0
,3801,,,,,-72.930908203125,-14.044189453125,-0.9421888183593751,0.086180859375,0.0
,3802,,,,,-72.4273681640625,-19.0155029296875,-0.9533757568359376,0.01160126953125,0.0
,3803,,,,,-71.2921142578125,-22.979736328125,-0.9659092712402344,-0.058317095947265626,0.0
,3804,,,,,-69.7998046875,-27.154541015625,-0.9542044189453125,-0.13486475830078126,0.0
,3805,,,,,-67.822265625,-31.4849853515625,-0.9580369812011719,-0.17225813598632814,0.0
,3806,,,,,-65.6341552734375,-35.55908203125,-0.9505790222167969,-0.2291250732421875,0.0
,3807,,,,,-63.702392578125,-38.41552734375,-0.9209543518066406,-0.30173659057617186,0.0
,3808,,,,,-63.02490234375,-39.4866943359375,-0.8854254638671876,-0.3501097412109375,0.0
,3809,,,,,-59.9945068359375,-42.51708984375,-0.8476177551269531,-0.390299853515625,0.0
,3810,,,,,-56.561279296875,-45.172119140625,-0.842749365234375,-0.44851336669921876,0.0
,3811,,,,,-54.2449951171875,-45.8953857421875,-0.8266940368652343,-0.48580316162109377,0.0
,3812,,,,,-50.42724609375,-49.4659423828125,-0.8290764404296875,-0.5327261535644532,0.0
,3813,,,,,-45.3369140625,-53.9520263671875,-0.7854680969238281,-0.5390447021484375,0.0
,3814,,,,,-39.9810791015625,-58.3282470703125,-0.7636121337890626,-0.5675299621582032,0.0
,3815,,,,,-32.830810546875,-62.1917724609375,-0.7216611145019531,-0.5734341796875,0.0
,3816,,,,,-30.267333984375,-65.8447265625,-0.7393737670898438,-0.6549538146972657,0.0
,3817,,,,,-24.31640625,-68.88427734375,-0.6713198913574219,-0.6552645629882813,0.0
,3818,,,,,-19.354248046875,-71.5118408203125,-0.6283330444335937,-0.700219482421875,0.0
,3819,,,,,-15.1153564453125,-73.004150390625,-0.5239216186523438,-0.6912077819824219,0.0
,3820,,,,,-10.8856201171875,-74.23095703125,-0.4851816650390625,-0.7450708190917968,0.0
,3821,,,,,-6.5643310546875,-75.3387451171875,-0.40925549926757815,-0.7553255126953126,0.0
,3822,,,,,-1.2542724609375,-75.494384765625,-0.3608823486328125,-0.8269012023925781,0.0
,3823,,,,,3.643798828125,-75.3936767578125,-0.26372171630859376,-0.8259689575195313,0.0
,3824,,,,,7.049560546875,-75.0823974609375,-0.22539609375,-0.8722704528808594,0.0
,3825,,,,,8.349609375,-74.4598388671875,-0.11621986083984376,-0.8584939453125,0.0
,3826,,,,,12.04833984375,-73.3795166015625,-0.05469169921875,-0.8700952148437501,0.0
,3827,,,,,15.7928466796875,-71.942138671875,-0.013155010986328125,-0.8738241943359375,0.0
,3828,,,,,18.182373046875,-70.01953125,0.018334149169921876,-0.9034488647460938,0.0
,3829,,,,,23.2177734375,-68.7286376953125,0.05023764038085938,-0.9069706787109375,0.0
,3830,,,,,28.9947509765625,-66.50390625,0.08835609741210938,-0.9007557128906251,0.0
,3831,,,,,35.028076171875,-64.2059326171875,0.13745432739257812,-0.8678163940429687,0.0
,3832,,,,,40.4022216796875,-61.77978515625,0.19017795410156252,-0.8450281860351563,0.0
,3833,,,,,45.4559326171875,-59.0972900390625,0.24290158081054689,-0.8233793884277344,0.0
,3834,,,,,50.7293701171875,-56.06689453125,0.2982147766113281,-0.7913723144531251,0.0
,3835,,,,,54.803466796875,-53.2562255859375,0.3542530517578125,-0.7524251953125001,0.0
,3836,,,,,58.1634521484375,-50.628662109375,0.4147453857421875,-0.7216611145019531,0.0
,3837,,,,,61.2579345703125,-48.046875,0.4786559509277344,-0.6812638366699219,0.0
,3838,,,,,64.4256591796875,-44.073486328125,0.5443274230957031,-0.643870458984375,0.0
,3839,,,,,66.8060302734375,-40.7135009765625,0.6001585327148438,-0.6041982604980469,0.0
,3840,,,,,67.5201416015625,-39.898681640625,0.6613759460449219,-0.5598648376464844,0.0
,3841,,,,,68.7744140625,-37.09716796875,0.7346089599609376,-0.5134597595214844,0.0
,3842,,,,,69.0948486328125,-34.60693359375,0.7900257385253906,-0.4757556335449219,0.0
,3843,,,,,69.415283203125,-31.1737060546875,0.8248295471191407,-0.42448216552734375,0.0
,3844,,,,,70.697021484375,-26.0101318359375,0.8411956237792969,-0.4033512817382813,0.0
,3845,,,,,70.477294921875,-21.5789794921875,0.8806606567382813,-0.3632647521972656,0.0
,3846,,,,,70.8160400390625,-16.241455078125,0.9137035583496094,-0.3270107849121094,0.0
,3847,,,,,71.22802734375,-9.7137451171875,0.9110104064941407,-0.2921033935546875,0.0
,3848,,,,,71.7041015625,-3.167724609375,0.9180540344238282,-0.27200833740234376,0.0
,3849,,,,,72.2259521484375,2.691650390625,0.9448819702148438,-0.22011337280273438,0.0
,3850,,,,,72.564697265625,7.8460693359375,0.947989453125,-0.1686327392578125,0.0
,3851,,,,,72.4273681640625,13.604736328125,0.9179504516601563,-0.10669024658203126,0.0
,3852,,,,,72.1160888671875,18.7408447265625,0.9145322204589844,-0.054898864746093755,0.0
,3853,,,,,71.7132568359375,23.2086181640625,0.9126677307128906,0.020716552734375,0.0
,3854,,,,,70.8343505859375,27.374267578125,0.92644423828125,0.0957104736328125,0.0
,3855,,,,,69.43359375,31.2835693359375,0.9446748046875,0.19131736450195314,0.0
,3856,,,,,67.1356201171875,35.7147216796875,0.9383562561035157,0.23917260131835938,0.0
,3857,,,,,64.6636962890625,39.9627685546875,0.9292409729003906,0.29997568359375,0.0
,3858,,,,,62.1734619140625,43.231201171875,0.9192970275878907,0.35135273437500003,0.0
,3859,,,,,60.5255126953125,44.1192626953125,0.8814893188476562,0.3932001708984375,0.0
,3860,,,,,57.09228515625,46.563720703125,0.8845968017578125,0.45452116699218753,0.0
,3861,,,,,53.173828125,49.8138427734375,0.8826287292480469,0.5092128662109375,0.0
,3862,,,,,50.006103515625,51.4617919921875,0.8844932189941407,0.5544785339355469,0.0
,3863,,,,,45.556640625,55.1513671875,0.8198575744628906,0.5402876953125,0.0
,3864,,,,,40.045166015625,59.014892578125,0.7991410217285156,0.5799598937988282,0.0
,3865,,,,,32.5469970703125,63.0340576171875,0.766512451171875,0.6152816162109375,0.0
,3866,,,,,29.7637939453125,66.32080078125,0.7485926330566407,0.6507069213867188,0.0
,3867,,,,,24.7283935546875,69.232177734375,0.6633440185546875,0.6638619323730469,0.0
,3868,,,,,19.097900390625,72.0245361328125,0.6047161743164062,0.668730322265625,0.0
,3869,,,,,14.0625,73.809814453125,0.5417378540039063,0.7016696411132812,0.0
,3870,,,,,9.8968505859375,74.725341796875,0.5239216186523438,0.7785280517578125,0.0
,3871,,,,,5.8685302734375,75.3662109375,0.4435413940429688,0.8028700012207032,0.0
,3872,,,,,0.823974609375,76.1993408203125,0.3804594909667969,0.8456496826171875,0.0
,3873,,,,,-3.277587890625,76.226806640625,0.29158547973632815,0.85683662109375,0.0
,3874,,,,,-4.7149658203125,75.7781982421875,0.22985015258789063,0.8887401123046875,0.0
,3875,,,,,-8.0291748046875,75.054931640625,0.1512308349609375,0.905727685546875,0.0
,3876,,,,,-11.590576171875,73.736572265625,0.10555083618164063,0.9271693176269532,0.0
,3877,,,,,-13.275146484375,72.10693359375,0.03656471557617188,0.930587548828125,0.0
,3878,,,,,-17.10205078125,70.184326171875,-0.005697052001953125,0.9463321289062501,0.0
,3879,,,,,-22.357177734375,67.7764892578125,-0.045887164306640624,0.9492324462890626,0.0
,3880,,,,,-28.3355712890625,65.2862548828125,-0.11487328491210938,0.9066599304199219,0.0
,3881,,,,,-34.1766357421875,62.6861572265625,-0.14656961059570314,0.8907081848144531,0.0
,3882,,,,,-38.8824462890625,60.97412109375,-0.19691083374023438,0.8533148071289063,0.0
,3883,,,,,-43.7255859375,58.7860107421875,-0.2259140075683594,0.8436816101074219,0.0
,3884,,,,,-47.955322265625,56.451416015625,-0.30266883544921874,0.8156106811523438,0.0
,3885,,,,,-52.642822265625,53.6956787109375,-0.3788021667480469,0.7742811584472656,0.0
,3886,,,,,-56.54296875,50.8209228515625,-0.4562820739746094,0.7086096862792969,0.0
,3887,,,,,-59.307861328125,48.2574462890625,-0.50216923828125,0.6766026123046875,0.0
,3888,,,,,-61.3677978515625,45.59326171875,-0.55851826171875,0.6428346313476563,0.0
,3889,,,,,-63.8214111328125,41.6748046875,-0.6137278747558594,0.6052340881347656,0.0
,3890,,,,,-65.6890869140625,37.884521484375,-0.6775348571777344,0.5672192138671875,0.0
,3891,,,,,-65.771484375,36.7767333984375,-0.7422740844726563,0.5150135009765625,0.0
,3892,,,,,-66.4764404296875,34.039306640625,-0.8105351257324219,0.46394719848632815,0.0
,3893,,,,,-67.236328125,29.8095703125,-0.8409884582519531,0.44623454589843753,0.0
,3894,,,,,-66.90673828125,26.5777587890625,-0.86015126953125,0.42945413818359374,0.0
,3895,,,,,-67.5750732421875,21.7071533203125,-0.8811785705566406,0.40096887817382815,0.0
,3896,,,,,-68.353271484375,15.8843994140625,-0.9083172546386719,0.3570497863769531,0.0
,3897,,,,,-69.4793701171875,9.2193603515625,-0.9118390686035156,0.3323970886230469,0.0
,3898,,,,,-70.4681396484375,2.7374267578125,-0.9095602478027344,0.30070076293945314,0.0
,3899,,,,,-71.3653564453125,-3.11279296875,-0.9061420166015626,0.2520168640136719,0.0
,3900,,,,,-71.466064453125,-8.23974609375,-0.9241654174804688,0.1802340087890625,0.0
,3901,,,,,-71.685791015625,-13.1561279296875,-0.9553438293457032,0.10565441894531251,0.0
,3902,,,,,-71.1822509765625,-19.22607421875,-0.9497503601074219,0.04961614379882812,0.0
,3903,,,,,-70.01953125,-24.35302734375,-0.9492324462890626,-0.002589569091796875,0.0
,3904,,,,,-68.73779296875,-28.179931640625,-0.9313126281738282,-0.06349623413085938,0.0
,3905,,,,,-67.0440673828125,-31.93359375,-0.9381490905761719,-0.12647455444335937,0.0
,3906,,,,,-64.63623046875,-36.6943359375,-0.9444676391601563,-0.19224960937500002,0.0
,3907,,,,,-62.14599609375,-40.283203125,-0.9360774353027344,-0.26952235107421874,0.0
,3908,,,,,-60.516357421875,-41.19873046875,-0.8958873229980469,-0.3272179504394531,0.0
,3909,,,,,-57.8704833984375,-44.110107421875,-0.8651232421875,-0.35984652099609377,0.0
,3910,,,,,-55.1605224609375,-47.2137451171875,-0.8400562133789062,-0.41422747192382814,0.0
,3911,,,,,-52.5421142578125,-48.284912109375,-0.8231722229003906,-0.4551426635742188,0.0
,3912,,,,,-48.760986328125,-50.9857177734375,-0.8205826538085937,-0.5215392150878907,0.0
,3913,,,,,-44.1925048828125,-54.5745849609375,-0.7786316345214844,-0.5183281494140625,0.0
,3914,,,,,-28.9215087890625,-58.92333984375,-0.7733489135742188,-0.5746771728515625,0.0
,3915,,,,,-33.856201171875,-62.9608154296875,-0.7288083251953125,-0.5927005737304688,0.0
,3916,,,,,-29.3701171875,-66.0369873046875,-0.7215575317382813,-0.6407629760742187,0.0
,3917,,,,,-24.517822265625,-68.84765625,-0.6431453796386719,-0.6369304138183594,0.0
,3918,,,,,-19.3817138671875,-71.5301513671875,-0.6255363098144532,-0.7168963073730469,0.0
,3919,,,,,-14.3829345703125,-73.4344482421875,-0.546088330078125,-0.7293262390136719,0.0
,3920,,,,,-10.7666015625,-74.3682861328125,-0.48787481689453127,-0.7836036071777344,0.0
,3921,,,,,-6.866455078125,-75.238037109375,-0.37921649780273436,-0.7667196166992187,0.0
,3922,,,,,-2.2064208984375,-75.6866455078125,-0.32007073974609374,-0.7982087768554688,0.0
,3923,,,,,2.032470703125,-76.13525390625,-0.22736416625976563,-0.8060810668945313,0.0
,3924,,,,,4.779052734375,-76.0711669921875,-0.16935781860351562,-0.8509324035644531,0.0
,3925,,,,,5.7220458984375,-75.29296875,-0.08141605224609376,-0.8443031066894532,0.0
,3926,,,,,9.2559814453125,-74.0936279296875,-0.014605169677734375,-0.8530040588378907,0.0
,3927,,,,,13.458251953125,-72.98583984375,0.0526200439453125,-0.8411956237792969,0.0
,3928,,,,,16.2322998046875,-71.1822509765625,0.08473070068359376,-0.862637255859375,0.0
,3929,,,,,21.1669921875,-69.47021484375,0.11694494018554688,-0.8730991149902344,0.0
,3930,,,,,27.099609375,-67.3736572265625,0.12823546142578127,-0.8893616088867188,0.0
,3931,,,,,33.013916015625,-65.2587890625,0.14398004150390625,-0.89329775390625,0.0
,3932,,,,,38.177490234375,-62.7960205078125,0.1918352783203125,-0.8797284118652344,0.0
,3933,,,,,43.0938720703125,-60.09521484375,0.2588533264160156,-0.8447174377441407,0.0
,3934,,,,,47.3419189453125,-57.513427734375,0.3133378601074219,-0.8115709533691406,0.0
,3935,,,,,51.6448974609375,-54.400634765625,0.3539423034667969,-0.7933403869628907,0.0
,3936,,,,,55.4901123046875,-51.2786865234375,0.38128815307617187,-0.784743017578125,0.0
,3937,,,,,58.0078125,-48.541259765625,0.45856089477539064,-0.7467281433105469,0.0
,3938,,,,,60.5255126953125,-45.2178955078125,0.5467098266601562,-0.6942116821289063,0.0
,3939,,,,,62.9425048828125,-41.510009765625,0.6212894165039062,-0.6420059692382812,0.0
,3940,,,,,65.093994140625,-37.8936767578125,0.6900683715820313,-0.6058555847167969,0.0
,3941,,,,,66.522216796875,-34.515380859375,0.7445529052734375,-0.5530283752441406,0.0
,3942,,,,,66.7236328125,-32.647705078125,0.7749026550292969,-0.5119060180664062,0.0
,3943,,,,,67.547607421875,-29.00390625,0.8234829711914062,-0.4612540466308594,0.0
,3944,,,,,68.682861328125,-24.7467041015625,0.8623265075683594,-0.4241714172363281,0.0
,3945,,,,,68.6187744140625,-21.3043212890625,0.8748600219726563,-0.3941324157714844,0.0
,3946,,,,,69.6624755859375,-15.71044921875,0.8848039672851563,-0.36647581787109373,0.0
,3947,,,,,70.367431640625,-9.7503662109375,0.9037596130371094,-0.3327078369140625,0.0
,3948,,,,,75.146484375,4.3487548828125,0.9029309509277345,-0.31313069458007814,0.0
,3949,,,,,71.5484619140625,4.0008544921875,0.9009628784179687,-0.27988062744140624,0.0
,3950,,,,,71.649169921875,9.2376708984375,0.9111139892578125,-0.231196728515625,0.0
,3951,,,,,71.4569091796875,14.6575927734375,0.9403243286132813,-0.1476054382324219,0.0
,3952,,,,,70.550537109375,20.3521728515625,0.9401171630859375,-0.07551183471679687,0.0
,3953,,,,,69.5159912109375,25.7080078125,0.9268585693359376,-0.016055328369140625,0.0
,3954,,,,,68.6370849609375,29.937744140625,0.9295517211914063,0.045990747070312504,0.0
,3955,,,,,67.0989990234375,34.1583251953125,0.9069706787109375,0.11000489501953126,0.0
,3956,,,,,64.9200439453125,38.6260986328125,0.8898795227050782,0.16262493896484376,0.0
,3957,,,,,62.6678466796875,42.388916015625,0.8870827880859375,0.2607178161621094,0.0
,3958,,,,,60.443115234375,44.879150390625,0.8979589782714844,0.3500061584472656,0.0
,3959,,,,,59.2254638671875,45.4376220703125,0.8971303161621094,0.4330795349121094,0.0
,3960,,,,,56.396484375,47.5341796875,0.8814893188476562,0.4802096923828125,0.0
,3961,,,,,52.9632568359375,50.9765625,0.8187181640625,0.48538883056640625,0.0
,3962,,,,,49.8046875,52.532958984375,0.7877469177246094,0.5137705078125,0.0
,3963,,,,,45.3643798828125,55.755615234375,0.7547040161132813,0.5385267883300782,0.0
,3964,,,,,39.9444580078125,59.637451171875,0.7475568054199219,0.5803742248535156,0.0
,3965,,,,,33.0322265625,63.46435546875,0.7110956726074219,0.6194249267578125,0.0
,3966,,,,,30.3497314453125,66.632080078125,0.6773276916503906,0.6490495971679687,0.0
,3967,,,,,25.9735107421875,69.4610595703125,0.6056484191894531,0.6441812072753906,0.0
,3968,,,,,20.855712890625,72.4365234375,0.5649403930664063,0.6493603454589844,0.0
,3969,,,,,16.387939453125,74.74365234375,0.4881855651855469,0.6582684631347656,0.0
,3970,,,,,12.5518798828125,76.007080078125,0.4601146362304688,0.7403060119628907,0.0
,3971,,,,,8.7066650390625,76.7486572265625,0.4013832092285156,0.7826713623046875,0.0
,3972,,,,,3.7994384765625,77.4627685546875,0.3377833923339844,0.8217220642089844,0.0
,3973,,,,,-0.3204345703125,77.60009765625,0.26341096801757813,0.84855,0.0
,3974,,,,,-1.116943359375,77.23388671875,0.19680725097656251,0.8870827880859375,0.0
,3975,,,,,-4.06494140625,76.5289306640625,0.12005242309570313,0.91484296875,0.0
,3976,,,,,-7.94677734375,75.1007080078125,0.06888253784179688,0.9321412902832031,0.0
,3977,,,,,-10.2447509765625,73.1689453125,0.032317822265625004,0.9508897705078125,0.0
,3978,,,,,-14.6759033203125,71.246337890625,-0.024031201171875002,0.9487145324707031,0.0
,3979,,,,,-19.9859619140625,68.902587890625,-0.07053986206054688,0.9528578430175781,0.0
,3980,,,,,-26.220703125,66.2384033203125,-0.10637949829101563,0.9370096801757812,0.0
,3981,,,,,-32.2998046875,63.775634765625,-0.14615527954101562,0.9131856445312501,0.0
,3982,,,,,-37.1337890625,61.541748046875,-0.22518892822265626,0.8584939453125,0.0
,3983,,,,,-41.89453125,59.1888427734375,-0.2706617614746094,0.8331161682128907,0.0
,3984,,,,,-46.966552734375,56.8450927734375,-0.3236961364746094,0.8012126770019532,0.0
,3985,,,,,-51.3519287109375,54.16259765625,-0.36191817626953127,0.7743847412109375,0.0
,3986,,,,,-54.23583984375,51.947021484375,-0.4471667907714844,0.7165855590820313,0.0
,3987,,,,,-57.4951171875,49.1729736328125,-0.5129418457031251,0.68116025390625,0.0
,3988,,,,,-60.0128173828125,46.124267578125,-0.5686693725585937,0.6515355834960938,0.0
,3989,,,,,-63.17138671875,41.6290283203125,-0.6217037475585938,0.6133135437011719,0.0
,3990,,,,,-65.6341552734375,37.4359130859375,-0.672044970703125,0.5815136352539063,0.0
,3991,,,,,-66.32080078125,35.4034423828125,-0.7062272827148438,0.5582075134277344,0.0
,3992,,,,,-67.5018310546875,32.080078125,-0.7657873718261718,0.5111809387207031,0.0
,3993,,,,,-68.5455322265625,27.996826171875,-0.7915794799804687,0.49077513427734376,0.0
,3994,,,,,-68.7469482421875,24.5635986328125,-0.812917529296875,0.4728553161621094,0.0
,3995,,,,,-69.580078125,20.306396484375,-0.8453389343261719,0.43121504516601566,0.0
,3996,,,,,-70.037841796875,15.12451171875,-0.8997198852539062,0.36450774536132813,0.0
,3997,,,,,-70.8343505859375,8.02001953125,-0.9170182067871094,0.3253534606933594,0.0
,3998,,,,,-73.3428955078125,-2.3162841796875,-0.8979589782714844,0.30308316650390627,0.0
,3999,,,,,-71.484375,-4.046630859375,-0.905727685546875,0.2572995849609375,0.0
,4000,,,,,-71.7132568359375,-9.92431640625,-0.9113211547851563,0.20032906494140626,0.0
,4001,,,,,-71.4935302734375,-16.29638671875,-0.9112175720214845,0.16428226318359376,0.0
,4002,,,,,-70.953369140625,-22.00927734375,-0.9268585693359376,0.090324169921875,0.0
,4003,,,,,-70.257568359375,-26.5869140625,-0.9437425598144532,0.007147210693359375,0.0
,4004,,,,,-68.9208984375,-30.926513671875,-0.9268585693359376,-0.0650499755859375,0.0
,4005,,,,,-66.943359375,-35.0921630859375,-0.9179504516601563,-0.120156005859375,0.0
,4006,,,,,-65.203857421875,-39.312744140625,-0.8868756225585938,-0.1595174560546875,0.0
,4007,,,,,-63.6199951171875,-41.949462890625,-0.8577688659667969,-0.23399346313476563,0.0
,4008,,,,,-63.0157470703125,-42.4163818359375,-0.8480320861816406,-0.3144772705078125,0.0
,4009,,,,,-60.498046875,-45.501708984375,-0.7955156250000001,-0.3417195373535156,0.0
,4010,,,,,-57.82470703125,-48.1842041015625,-0.7999696838378907,-0.40179754028320314,0.0
,4011,,,,,-55.572509765625,-48.92578125,-0.7934439697265625,-0.4455094665527344,0.0
,4012,,,,,-51.324462890625,-52.44140625,-0.7918902282714844,-0.51874248046875,0.0
,4013,,,,,-45.794677734375,-56.5155029296875,-0.7461066467285157,-0.5118024353027344,0.0
,4014,,,,,-40.447998046875,-60.6170654296875,-0.736784197998047,-0.5439130920410157,0.0
,4015,,,,,-34.1400146484375,-64.05029296875,-0.7005302307128907,-0.5623508239746093,0.0
,4016,,,,,-31.365966796875,-67.4102783203125,-0.6771205261230469,-0.6292652893066406,0.0
,4017,,,,,-26.0467529296875,-70.8709716796875,-0.5814100524902344,-0.6388984863281251,0.0
,4018,,,,,-21.5057373046875,-73.1231689453125,-0.5680478759765625,-0.7318122253417969,0.0
,4019,,,,,-17.742919921875,-74.652099609375,-0.4860103271484375,-0.7368877807617188,0.0
,4020,,,,,-14.02587890625,-76.0345458984375,-0.43732642822265627,-0.7935475524902345,0.0
,4021,,,,,-9.1644287109375,-76.7303466796875,-0.33301858520507815,-0.7923045593261719,0.0
,4022,,,,,-4.9896240234375,-77.08740234375,-0.302461669921875,-0.8410920410156251,0.0
,4023,,,,,-1.5655517578125,-77.0050048828125,-0.22705341796875,-0.8405741271972657,0.0
,4024,,,,,1.849365234375,-76.3275146484375,-0.15858521118164062,-0.8686450561523438,0.0
,4025,,,,,3.8726806640625,-75.4119873046875,-0.08172680053710937,-0.8727883666992188,0.0
,4026,,,,,7.5897216796875,-74.01123046875,-0.044851336669921874,-0.9096638305664063,0.0
,4027,,,,,11.4532470703125,-72.564697265625,-0.004661224365234375,-0.91484296875,0.0
,4028,,,,,14.776611328125,-70.660400390625,0.03625396728515625,-0.9145322204589844,0.0
,4029,,,,,20.928955078125,-68.1884765625,0.09001342163085937,-0.9027237854003907,0.0
,4030,,,,,26.8707275390625,-65.7989501953125,0.1296856201171875,-0.881696484375,0.0
,4031,,,,,32.2265625,-64.068603515625,0.16469659423828126,-0.8679199768066407,0.0
,4032,,,,,37.8753662109375,-62.0361328125,0.2002254821777344,-0.8561115417480469,0.0
,4033,,,,,43.5882568359375,-59.3902587890625,0.25004879150390624,-0.8357057373046876,0.0
,4034,,,,,48.614501953125,-56.561279296875,0.2921033935546875,-0.8410920410156251,0.0
,4035,,,,,52.1942138671875,-53.72314453125,0.3439983581542969,-0.8028700012207032,0.0
,4036,,,,,55.84716796875,-50.592041015625,0.38335980834960937,-0.7738668273925782,0.0
,4037,,,,,58.831787109375,-47.8363037109375,0.4511029357910156,-0.7249757629394531,0.0
,4038,,,,,62.2650146484375,-43.414306640625,0.5289971740722657,-0.6931758544921875,0.0
,4039,,,,,64.8193359375,-39.2120361328125,0.5997442016601563,-0.6511212524414063,0.0
,4040,,,,,66.54052734375,-35.6781005859375,0.6508105041503907,-0.6210822509765626,0.0
,4041,,,,,67.7398681640625,-31.93359375,0.6900683715820313,-0.5762309143066406,0.0
,4042,,,,,68.0694580078125,-29.6356201171875,0.7402024291992187,-0.5270291015625,0.0
,4043,,,,,68.5272216796875,-26.47705078125,0.7837071899414063,-0.47730937500000004,0.0
,4044,,,,,68.6370849609375,-22.998046875,0.8325982543945313,-0.4455094665527344,0.0
,4045,,,,,68.3807373046875,-19.22607421875,0.868437890625,-0.4048014404296875,0.0
,4046,,,,,69.3328857421875,-12.6434326171875,0.8958873229980469,-0.3717585388183594,0.0
,4047,,,,,69.7540283203125,-6.024169921875,0.9068670959472657,-0.34617359619140625,0.0
,4048,,,,,72.4456787109375,3.240966796875,0.8897759399414062,-0.3108518737792969,0.0
,4049,,,,,70.9442138671875,5.3558349609375,0.8688522216796876,-0.26133931274414063,0.0
,4050,,,,,71.356201171875,11.7828369140625,0.8854254638671876,-0.2064404479980469,0.0
,4051,,,,,71.484375,17.4407958984375,0.8921583435058594,-0.14574094848632813,0.0
,4052,,,,,71.1181640625,21.3775634765625,0.8774495910644532,-0.08607727661132812,0.0
,4053,,,,,70.5963134765625,25.9185791015625,0.8960944885253906,-0.00973677978515625,0.0
,4054,,,,,69.3695068359375,30.6060791015625,0.8945407470703125,0.053034375,0.0
,4055,,,,,67.694091796875,34.8175048828125,0.8742385253906251,0.13092861328125,0.0
,4056,,,,,65.9820556640625,37.53662109375,0.8648124938964844,0.20208997192382813,0.0
,4057,,,,,64.874267578125,38.6993408203125,0.8507252380371094,0.2896174072265625,0.0
,4058,,,,,62.347412109375,41.9403076171875,0.854350634765625,0.3641969970703125,0.0
,4059,,,,,59.930419921875,44.1192626953125,0.8587011108398438,0.40718384399414065,0.0
,4060,,,,,57.733154296875,45.52001953125,0.8552828796386719,0.46477586059570314,0.0
,4061,,,,,54.345703125,48.8983154296875,0.8159214294433594,0.4951256103515625,0.0
,4062,,,,,50.20751953125,51.708984375,0.8025592529296875,0.5397697814941407,0.0
,4063,,,,,45.7763671875,56.0211181640625,0.7676518615722656,0.5644224792480469,0.0
,4064,,,,,41.4093017578125,59.564208984375,0.7679626098632812,0.6044054260253906,0.0
,4065,,,,,32.6751708984375,63.0157470703125,0.6917256958007812,0.6094809814453125,0.0
,4066,,,,,31.6131591796875,66.5130615234375,0.6622046081542969,0.6395199829101562,0.0
,4067,,,,,26.8707275390625,69.0582275390625,0.5992262878417969,0.6646905944824218,0.0
,4068,,,,,23.0072021484375,70.6878662109375,0.5779918212890626,0.7199002075195313,0.0
,4069,,,,,18.7774658203125,71.9146728515625,0.502997900390625,0.7541861022949219,0.0
,4070,,,,,13.385009765625,73.2513427734375,0.44851336669921876,0.7966550354003906,0.0
,4071,,,,,8.880615234375,73.8922119140625,0.4046978576660156,0.8346699096679687,0.0
,4072,,,,,5.1361083984375,74.1668701171875,0.35767128295898437,0.8823179809570313,0.0
,4073,,,,,1.373291015625,73.992919921875,0.25429568481445314,0.8740313598632813,0.0
,4074,,,,,-1.5472412109375,73.681640625,0.1985681579589844,0.8985804748535157,0.0
,4075,,,,,-5.56640625,73.05908203125,0.15599564208984376,0.9252012451171875,0.0
,4076,,,,,-8.16650390625,72.2991943359375,0.11010847778320312,0.9411529907226562,0.0
,4077,,,,,-10.858154296875,71.0357666015625,0.028278094482421877,0.9255119934082031,0.0
,4078,,,,,-15.2252197265625,69.32373046875,0.0,0.9382526733398437,0.0
,4079,,,,,-20.5810546875,67.034912109375,-0.013155010986328125,0.9538936706542969,0.0
,4080,,,,,-26.84326171875,64.85595703125,-0.06536072387695313,0.9230260070800782,0.0
,4081,,,,,-32.11669921875,62.860107421875,-0.09249940795898438,0.9268585693359376,0.0
,4082,,,,,-37.371826171875,60.60791015625,-0.14491228637695314,0.8944371643066407,0.0
,4083,,,,,-43.487548828125,57.476806640625,-0.21120525512695312,0.8577688659667969,0.0
,4084,,,,,-48.7060546875,54.60205078125,-0.28868516235351566,0.8179930847167969,0.0
,4085,,,,,-52.8076171875,51.617431640625,-0.3614002624511719,0.7814283691406251,0.0
,4086,,,,,-56.2774658203125,48.44970703125,-0.42085676879882816,0.7514929504394532,0.0
,4087,,,,,-60.150146484375,44.8150634765625,-0.47844878540039065,0.7001158996582032,0.0
,4088,,,,,-63.31787109375,41.5191650390625,-0.5351085571289063,0.667072998046875,0.0
,4089,,,,,-65.3594970703125,38.56201171875,-0.5772667419433594,0.6300939514160157,0.0
,4090,,,,,-67.0166015625,35.284423828125,-0.6309226135253907,0.5852426147460937,0.0
,4091,,,,,-67.950439453125,32.757568359375,-0.6895504577636719,0.5474349060058594,0.0
,4092,,,,,-69.3328857421875,29.296875,-0.7613333129882812,0.49056796875,0.0
,4093,,,,,-69.6990966796875,26.4678955078125,-0.7849501831054688,0.4645686950683594,0.0
,4094,,,,,-69.195556640625,23.9959716796875,-0.8412992065429687,0.41930302734375,0.0
,4095,,,,,-70.166015625,18.5394287109375,-0.8536255554199219,0.38563862915039065,0.0
,4096,,,,,-70.9625244140625,12.579345703125,-0.8596333557128907,0.36409341430664066,0.0
,4097,,,,,-71.66748046875,7.14111328125,-0.8905010192871095,0.31095545654296874,0.0
,4098,,,,,-74.4873046875,-2.7374267578125,-0.9011700439453125,0.28019137573242187,0.0
,4099,,,,,-72.747802734375,-4.4677734375,-0.9097674133300782,0.23306121826171874,0.0
,4100,,,,,-72.7752685546875,-10.784912109375,-0.918261199951172,0.18261641235351564,0.0
,4101,,,,,-72.7752685546875,-16.22314453125,-0.9261334899902344,0.11943092651367188,0.0
,4102,,,,,-72.528076171875,-20.8465576171875,-0.9155680480957031,0.049408978271484376,0.0
,4103,,,,,-72.052001953125,-25.0579833984375,-0.9001342163085938,-0.009218865966796875,0.0
,4104,,,,,-70.916748046875,-30.010986328125,-0.8778639221191407,-0.08089813842773438,0.0
,4105,,,,,-69.232177734375,-33.7188720703125,-0.880867822265625,-0.12523156127929688,0.0
,4106,,,,,-67.822265625,-36.9232177734375,-0.9001342163085938,-0.21151600341796875,0.0
,4107,,,,,-66.082763671875,-40.4205322265625,-0.8862541259765625,-0.29490012817382816,0.0
,4108,,,,,-65.2679443359375,-41.0430908203125,-0.8748600219726563,-0.37942366333007815,0.0
,4109,,,,,-62.3931884765625,-44.3206787109375,-0.8578724487304688,-0.4210639343261719,0.0
,4110,,,,,-59.2529296875,-47.2320556640625,-0.870923876953125,-0.4848709167480469,0.0
,4111,,,,,-56.50634765625,-47.7630615234375,-0.8490679138183594,-0.5170851562500001,0.0
,4112,,,,,-51.8280029296875,-50.848388671875,-0.8363272338867188,-0.5601755859375,0.0
,4113,,,,,-46.197509765625,-54.78515625,-0.7995553527832031,-0.5722947692871094,0.0
,4114,,,,,-40.9423828125,-58.7860107421875,-0.8053559875488282,-0.6353766723632813,0.0
,4115,,,,,-32.9498291015625,-61.9903564453125,-0.7345053771972656,-0.6261578063964844,0.0
,4116,,,,,-31.7138671875,-65.0665283203125,-0.6975263305664062,-0.6771205261230469,0.0
,4117,,,,,-26.092529296875,-67.9412841796875,-0.6328906860351563,-0.6906898681640625,0.0
,4118,,,,,-21.3775634765625,-70.5780029296875,-0.6146601196289063,-0.754911181640625,0.0
,4119,,,,,-17.431640625,-72.5830078125,-0.5152206665039063,-0.7418597534179687,0.0
,4120,,,,,-13.421630859375,-73.956298828125,-0.4637400329589844,-0.8167500915527344,0.0
,4121,,,,,-9.2193603515625,-74.9267578125,-0.38853894653320314,-0.8376738098144532,0.0
,4122,,,,,-3.9642333984375,-75.274658203125,-0.36616506958007816,-0.8931941711425782,0.0
,4123,,,,,0.9429931640625,-75.3570556640625,-0.27811972045898437,-0.8902938537597657,0.0
,4124,,,,,4.39453125,-74.89013671875,-0.22467101440429688,-0.930691131591797,0.0
,4125,,,,,5.9051513671875,-73.974609375,-0.13600416870117188,-0.9129784790039063,0.0
,4126,,,,,10.235595703125,-72.8118896484375,-0.08887401123046876,-0.945503466796875,0.0
,4127,,,,,14.5294189453125,-71.44775390625,-0.029106756591796876,-0.9374240112304688,0.0
,4128,,,,,16.6900634765625,-69.39697265625,0.02092371826171875,-0.9279979797363281,0.0
,4129,,,,,21.844482421875,-67.3919677734375,0.06463564453125001,-0.9214722656250001,0.0
,4130,,,,,27.94189453125,-65.1031494140625,0.10627591552734375,-0.9248904968261719,0.0
,4131,,,,,34.039306640625,-62.7960205078125,0.12243482666015626,-0.9171217895507813,0.0
,4132,,,,,39.495849609375,-60.2691650390625,0.163246435546875,-0.8968195678710937,0.0
,4133,,,,,44.5220947265625,-57.6873779296875,0.22632833862304688,-0.8559043762207031,0.0
,4134,,,,,50.152587890625,-54.30908203125,0.2557458435058594,-0.8540398864746094,0.0
,4135,,,,,54.9224853515625,-51.251220703125,0.29997568359375,-0.8231722229003906,0.0
,4136,,,,,58.648681640625,-48.614501953125,0.3486595825195313,-0.7986231079101562,0.0
,4137,,,,,61.70654296875,-45.8404541015625,0.4211675170898438,-0.7641300476074219,0.0
,4138,,,,,64.4622802734375,-42.791748046875,0.49160379638671875,-0.7129601623535157,0.0
,4139,,,,,67.2271728515625,-38.6077880859375,0.5511638854980468,-0.6590971252441407,0.0
,4140,,,,,69.4061279296875,-34.82666015625,0.6303011169433594,-0.5977761291503907,0.0
,4141,,,,,70.477294921875,-32.04345703125,0.7207288696289063,-0.5430844299316406,0.0
,4142,,,,,70.34912109375,-30.7708740234375,0.7667196166992187,-0.5070376281738281,0.0
,4143,,,,,70.880126953125,-27.2552490234375,0.7956192077636719,-0.46674393310546874,0.0
,4144,,,,,71.6217041015625,-22.8424072265625,0.8433708618164063,-0.42085676879882816,0.0
,4145,,,,,71.539306640625,-19.22607421875,0.8831466430664062,-0.36999763183593753,0.0
,4146,,,,,72.271728515625,-13.6138916015625,0.9086280029296875,-0.33581531982421875,0.0
,4147,,,,,72.784423828125,-7.91015625,0.9158787963867188,-0.3002864318847656,0.0
,4148,,,,,76.629638671875,4.21142578125,0.9060384338378906,-0.2818486999511719,0.0
,4149,,,,,74.0203857421875,5.0994873046875,0.915671630859375,-0.23047164916992188,0.0
,4150,,,,,74.1851806640625,9.613037109375,0.9366989318847656,-0.16221060791015626,0.0
,4151,,,,,74.3133544921875,14.794921875,0.9310018798828126,-0.10358276367187501,0.0
,4152,,,,,74.08447265625,20.6634521484375,0.9201256896972656,-0.05458811645507813,0.0
,4153,,,,,73.3062744140625,25.4791259765625,0.9185719482421876,0.016158911132812502,0.0
,4154,,,,,72.1893310546875,28.7384033203125,0.9357666870117188,0.09332807006835937,0.0
,4155,,,,,70.3125,32.501220703125,0.9499575256347657,0.1835486572265625,0.0
,4156,,,,,67.987060546875,36.5020751953125,0.9450891357421876,0.26061423339843753,0.0
,4157,,,,,66.357421875,38.525390625,0.9072814270019531,0.3191384948730469,0.0
,4158,,,,,63.9129638671875,40.814208984375,0.9058312683105469,0.39371808471679687,0.0
,4159,,,,,61.7156982421875,42.755126953125,0.905727685546875,0.463222119140625,0.0
,4160,,,,,58.77685546875,44.7601318359375,0.9220937622070313,0.516256494140625,0.0
,4161,,,,,54.45556640625,48.779296875,0.8776567565917969,0.5504388061523438,0.0
,4162,,,,,50.335693359375,51.2420654296875,0.8501037414550782,0.5794419799804688,0.0
,4163,,,,,45.8587646484375,54.6295166015625,0.8025592529296875,0.5877286010742188,0.0
,4164,,,,,41.0797119140625,58.1634521484375,0.7953084594726563,0.6172496887207032,0.0
,4165,,,,,30.7159423828125,62.1826171875,0.7230076904296875,0.6236718200683594,0.0
,4166,,,,,30.1849365234375,65.6982421875,0.7003230651855469,0.6602365356445312,0.0
,4167,,,,,26.220703125,68.3807373046875,0.6216001647949219,0.6589935424804688,0.0
,4168,,,,,20.965576171875,71.246337890625,0.5741592590332032,0.6578541320800781,0.0
,4169,,,,,16.29638671875,73.1689453125,0.511284521484375,0.682817578125,0.0
,4170,,,,,12.2039794921875,74.5330810546875,0.48456016845703126,0.7526323608398438,0.0
,4171,,,,,7.928466796875,75.40283203125,0.4218925964355469,0.8084634704589844,0.0
,4172,,,,,2.7191162109375,75.7965087890625,0.34928107910156253,0.846064013671875,0.0
,4173,,,,,-2.0050048828125,75.732421875,0.25740316772460936,0.8501037414550782,0.0
,4174,,,,,-5.1727294921875,75.1922607421875,0.1918352783203125,0.8724776184082031,0.0
,4175,,,,,-8.8531494140625,74.2218017578125,0.13776507568359375,0.8993055541992188,0.0
,4176,,,,,-11.883544921875,72.747802734375,0.08597369384765625,0.914014306640625,0.0
,4177,,,,,-14.666748046875,71.3287353515625,0.050030474853515625,0.9245797485351562,0.0
,4178,,,,,-18.4661865234375,69.598388671875,0.017298321533203126,0.9386670043945313,0.0
,4179,,,,,-22.88818359375,67.3095703125,-0.048062402343750005,0.9269621520996094,0.0
,4180,,,,,-29.00390625,64.85595703125,-0.09550330810546875,0.9090423339843751,0.0
,4181,,,,,-35.11962890625,62.4298095703125,-0.11777360229492188,0.901584375,0.0
,4182,,,,,-40.264892578125,60.3515625,-0.17060081176757813,0.8636730834960937,0.0
,4183,,,,,-45.15380859375,57.733154296875,-0.22404951782226562,0.8288692749023437,0.0
,4184,,,,,-50.262451171875,55.0872802734375,-0.27791255493164063,0.8023520874023438,0.0
,4185,,,,,-54.8858642578125,52.349853515625,-0.33975146484375,0.7565685058593751,0.0
,4186,,,,,-58.0718994140625,50.3173828125,-0.4155740478515625,0.7020839721679688,0.0
,4187,,,,,-61.4959716796875,47.71728515625,-0.466536767578125,0.6822996643066407,0.0
,4188,,,,,-64.0411376953125,44.9981689453125,-0.5445345886230469,0.6468743591308594,0.0
,4189,,,,,-67.0440673828125,40.704345703125,-0.5864856079101562,0.6260542236328125,0.0
,4190,,,,,-69.1497802734375,36.95068359375,-0.6528821594238281,0.5799598937988282,0.0
,4191,,,,,-69.3328857421875,36.1175537109375,-0.7172070556640625,0.5196747253417969,0.0
,4192,,,,,-70.2667236328125,32.9498291015625,-0.7657873718261718,0.47565205078125,0.0
,4193,,,,,-71.4569091796875,28.4271240234375,-0.8070133117675782,0.4397088317871094,0.0
,4194,,,,,-71.099853515625,25.323486328125,-0.8410920410156251,0.4140203063964844,0.0
,4195,,,,,-71.4935302734375,20.7733154296875,-0.8513467346191407,0.3859493774414063,0.0
,4196,,,,,-72.1435546875,15.3533935546875,-0.8834573913574219,0.3373690612792969,0.0
,4197,,,,,-72.94921875,8.8531494140625,-0.9064527648925782,0.3000792663574219,0.0
,4198,,,,,-80.1544189453125,-8.880615234375,-0.9027237854003907,0.272629833984375,0.0
,4199,,,,,-75.201416015625,-5.364990234375,-0.9075921752929688,0.2332683837890625,0.0
,4200,,,,,-73.7274169921875,-8.4503173828125,-0.9429138977050782,0.1578601318359375,0.0
,4201,,,,,-73.64501953125,-13.2659912109375,-0.9557581604003906,0.10109677734375,0.0
,4202,,,,,-72.674560546875,-18.8232421875,-0.9603158020019531,0.03407872924804688,0.0
,4203,,,,,-71.3104248046875,-23.291015625,-0.9535829223632812,-0.036046801757812504,0.0
,4204,,,,,-69.7174072265625,-27.1728515625,-0.947160791015625,-0.09011700439453126,0.0
,4205,,,,,-67.8497314453125,-31.0821533203125,-0.9564832397460937,-0.14688035888671874,0.0
,4206,,,,,-65.33203125,-35.5224609375,-0.9467464599609375,-0.20540462036132814,0.0
,4207,,,,,-62.6312255859375,-38.7451171875,-0.9133928100585937,-0.27822330322265626,0.0
,4208,,,,,-61.761474609375,-38.9373779296875,-0.8976482299804688,-0.36191817626953127,0.0
,4209,,,,,-59.65576171875,-41.85791015625,-0.8832502258300782,-0.41101640625,0.0
,4210,,,,,-56.7169189453125,-45.2178955078125,-0.8637766662597657,-0.45162084960937504,0.0
,4211,,,,,-53.8330078125,-46.4630126953125,-0.8094992980957032,-0.46487944335937503,0.0
,4212,,,,,-49.713134765625,-49.62158203125,-0.8122960327148437,-0.5334512329101563,0.0
,4213,,,,,-44.879150390625,-53.173828125,-0.7778029724121094,-0.5407020263671876,0.0
,4214,,,,,-39.056396484375,-57.3486328125,-0.7871254211425781,-0.5989155395507813,0.0
,4215,,,,,-33.2977294921875,-61.1572265625,-0.7376128601074219,-0.6055448364257813,0.0
,4216,,,,,-29.2694091796875,-64.3798828125,-0.7324337219238282,-0.6671765808105469,0.0
,4217,,,,,-23.3917236328125,-67.4560546875,-0.6751524536132812,-0.6778456054687501,0.0
,4218,,,,,-18.71337890625,-69.8455810546875,-0.6329942687988281,-0.722593359375,0.0
,4219,,,,,-14.5111083984375,-71.722412109375,-0.5390447021484375,-0.710163427734375,0.0
,4220,,,,,-10.4095458984375,-72.930908203125,-0.5196747253417969,-0.7786316345214844,0.0
,4221,,,,,-5.4473876953125,-74.0936279296875,-0.4268645690917969,-0.7815319519042969,0.0
,4222,,,,,-1.1260986328125,-74.615478515625,-0.36575073852539064,-0.8482392517089844,0.0
,4223,,,,,2.7740478515625,-74.505615234375,-0.2807092895507813,-0.847721337890625,0.0
,4224,,,,,6.5826416015625,-73.9013671875,-0.22259935913085938,-0.8698880493164063,0.0
,4225,,,,,7.72705078125,-73.2421875,-0.12212407836914063,-0.8536255554199219,0.0
,4226,,,,,11.6180419921875,-72.1893310546875,-0.042883264160156254,-0.8558007934570313,0.0
,4227,,,,,15.6097412109375,-70.989990234375,0.006525714111328125,-0.8567330383300782,0.0
,4228,,,,,17.7978515625,-69.488525390625,0.015848162841796874,-0.8865648742675781,0.0
,4229,,,,,22.705078125,-67.49267578125,0.04070802612304688,-0.9087315856933594,0.0
,4230,,,,,28.7017822265625,-64.92919921875,0.09260299072265625,-0.9043811096191406,0.0
,4231,,,,,34.68017578125,-62.6953125,0.12543872680664062,-0.8806606567382813,0.0
,4232,,,,,39.8345947265625,-60.6903076171875,0.17546920166015625,-0.8498965759277344,0.0
,4233,,,,,44.7784423828125,-58.3648681640625,0.23865468750000002,-0.8192360778808594,0.0
,4234,,,,,49.98779296875,-55.1605224609375,0.287545751953125,-0.8138497741699219,0.0
,4235,,,,,54.1900634765625,-52.6336669921875,0.3219352294921875,-0.7827749450683594,0.0
,4236,,,,,57.4676513671875,-50.244140625,0.36989404907226564,-0.7521144470214844,0.0
,4237,,,,,60.1043701171875,-47.8179931640625,0.45452116699218753,-0.7055022033691406,0.0
,4238,,,,,62.6861572265625,-44.9432373046875,0.5191568115234375,-0.6642762634277344,0.0
,4239,,,,,65.3045654296875,-40.997314453125,0.6014015258789063,-0.6031624328613281,0.0
,4240,,,,,66.632080078125,-38.9373779296875,0.6508105041503907,-0.564318896484375,0.0
,4241,,,,,67.7490234375,-36.181640625,0.7031197998046875,-0.5332440673828125,0.0
,4242,,,,,68.1884765625,-33.6456298828125,0.7702414306640625,-0.48766765136718754,0.0
,4243,,,,,68.51806640625,-30.2032470703125,0.8169572570800782,-0.44809903564453124,0.0
,4244,,,,,69.378662109375,-25.323486328125,0.833737664794922,-0.43090429687500004,0.0
,4245,,,,,69.305419921875,-21.42333984375,0.859322607421875,-0.39972588500976564,0.0
,4246,,,,,69.9188232421875,-16.00341796875,0.905727685546875,-0.3570497863769531,0.0
,4247,,,,,70.34912109375,-9.4390869140625,0.9201256896972656,-0.31219844970703126,0.0
,4248,,,,,67.2821044921875,-9.4390869140625,0.9171217895507813,-0.2846454345703125,0.0
,4249,,,,,73.260498046875,5.474853515625,0.9310018798828126,-0.22933223876953127,0.0
,4250,,,,,71.759033203125,7.763671875,0.9371132629394532,-0.1785766845703125,0.0
,4251,,,,,71.4569091796875,13.7603759765625,0.9370096801757812,-0.11000489501953126,0.0
,4252,,,,,71.0357666015625,18.64013671875,0.9468500427246094,-0.027760180664062502,0.0
,4253,,,,,70.3033447265625,22.503662109375,0.9503718566894531,0.05821351318359375,0.0
,4254,,,,,69.3145751953125,26.33056640625,0.9359738525390625,0.11632344360351562,0.0
,4255,,,,,67.9962158203125,30.413818359375,0.9139107238769532,0.16583600463867187,0.0
,4256,,,,,65.789794921875,35.1837158203125,0.9038631958007812,0.22156353149414063,0.0
,4257,,,,,63.427734375,39.3768310546875,0.9027237854003907,0.2931392211914063,0.0
,4258,,,,,61.1846923828125,42.425537109375,0.9008592956542969,0.3497989929199219,0.0
,4259,,,,,59.783935546875,43.39599609375,0.8726847839355469,0.38978193969726566,0.0
,4260,,,,,56.2957763671875,45.941162109375,0.8876007019042969,0.4673654296875,0.0
,4261,,,,,52.5421142578125,49.1455078125,0.8864612915039063,0.5206069702148438,0.0
,4262,,,,,49.5941162109375,50.68359375,0.8697844665527344,0.5617293273925782,0.0
,4263,,,,,45.135498046875,54.3182373046875,0.7976908630371095,0.56514755859375,0.0
,4264,,,,,39.569091796875,58.2183837890625,0.7913723144531251,0.5922862426757812,0.0
,4265,,,,,32.11669921875,62.3565673828125,0.7412382568359375,0.5977761291503907,0.0
,4266,,,,,29.26025390625,65.6524658203125,0.7174142211914063,0.6311297790527344,0.0
,4267,,,,,24.5086669921875,68.536376953125,0.6622046081542969,0.6514320007324219,0.0
,4268,,,,,19.0704345703125,71.2738037109375,0.6160066955566407,0.6714234741210938,0.0
,4269,,,,,14.117431640625,73.095703125,0.5495065612792969,0.6793993469238282,0.0
,4270,,,,,9.9151611328125,74.37744140625,0.49367545166015625,0.7457958984375,0.0
,4271,,,,,5.8868408203125,75.4302978515625,0.4261394897460938,0.7857788452148438,0.0
,4272,,,,,0.98876953125,76.1627197265625,0.39050701904296875,0.84357802734375,0.0
,4273,,,,,-3.076171875,76.4373779296875,0.3126127807617188,0.8579760314941407,0.0
,4274,,,,,-4.7515869140625,76.4373779296875,0.24486965332031252,0.8883257812500001,0.0
,4275,,,,,-8.056640625,75.640869140625,0.16583600463867187,0.9230260070800782,0.0
,4276,,,,,-11.42578125,74.4140625,0.11611627807617188,0.9358702697753907,0.0
,4277,,,,,-13.4674072265625,72.5738525390625,0.05293079223632813,0.9374240112304688,0.0
,4278,,,,,-17.32177734375,70.49560546875,-0.011290521240234375,0.935559521484375,0.0
,4279,,,,,-22.320556640625,68.1793212890625,-0.08038022460937501,0.9187791137695313,0.0
,4280,,,,,-28.38134765625,65.5059814453125,-0.13030711669921877,0.9022058715820312,0.0
,4281,,,,,-34.3048095703125,63.226318359375,-0.15920670776367188,0.8828358947753907,0.0
,4282,,,,,-39.2120361328125,61.3037109375,-0.22094203491210937,0.8432672790527344,0.0
,4283,,,,,-44.0277099609375,59.271240234375,-0.25263836059570316,0.8317695922851562,0.0
,4284,,,,,-48.2940673828125,57.5592041015625,-0.31934566040039064,0.7948941284179688,0.0
,4285,,,,,-53.2745361328125,54.547119140625,-0.38056307373046877,0.7671339477539063,0.0
,4286,,,,,-57.183837890625,51.7913818359375,-0.4372228454589844,0.7274617492675781,0.0
,4287,,,,,-60.09521484375,49.10888671875,-0.5070376281738281,0.6892397094726562,0.0
,4288,,,,,-62.2100830078125,46.160888671875,-0.5736413452148438,0.6461492797851562,0.0
,4289,,,,,-64.617919921875,42.1783447265625,-0.6080308227539063,0.6393128173828125,0.0
,4290,,,,,-66.522216796875,38.4246826171875,-0.6918292785644532,0.5828602111816407,0.0
,4291,,,,,-66.32080078125,37.518310546875,-0.7498356262207031,0.532829736328125,0.0
,4292,,,,,-66.8609619140625,34.2315673828125,-0.8040094116210937,0.49802592773437504,0.0
,4293,,,,,-67.913818359375,29.7088623046875,-0.8298015197753906,0.4704729125976563,0.0
,4294,,,,,-67.78564453125,26.4312744140625,-0.8652268249511719,0.43390819702148437,0.0
,4295,,,,,-68.3807373046875,21.551513671875,-0.8953694091796875,0.3962040710449219,0.0
,4296,,,,,-69.1131591796875,16.021728515625,-0.9119426513671876,0.3650256591796875,0.0
,4297,,,,,-70.0469970703125,10.0799560546875,-0.9273764831542969,0.33291500244140626,0.0
,4298,,,,,-75.0091552734375,-3.47900390625,-0.9271693176269532,0.28630275878906253,0.0
,4299,,,,,-71.9970703125,-2.74658203125,-0.9286194763183594,0.24352307739257814,0.0
,4300,,,,,-72.2442626953125,-8.203125,-0.9353523559570313,0.18820988159179688,0.0
,4301,,,,,-72.418212890625,-13.2843017578125,-0.9475751220703126,0.12243482666015626,0.0
,4302,,,,,-71.8505859375,-18.9239501953125,-0.9296553039550781,0.07302584838867188,0.0
,4303,,,,,-70.697021484375,-24.298095703125,-0.9342129455566407,0.006318548583984375,0.0
,4304,,,,,-69.25048828125,-28.5186767578125,-0.9174325378417969,-0.047233740234375,0.0
,4305,,,,,-67.694091796875,-32.4005126953125,-0.9208507690429688,-0.10254693603515626,0.0
,4306,,,,,-65.3045654296875,-37.371826171875,-0.9351451904296876,-0.1708079772949219,0.0
,4307,,,,,-62.8509521484375,-41.4825439453125,-0.9429138977050782,-0.24922012939453125,0.0
,4308,,,,,-61.7706298828125,-42.6910400390625,-0.9122533996582032,-0.32348897094726564,0.0
,4309,,,,,-59.161376953125,-45.172119140625,-0.8637766662597657,-0.3693761352539063,0.0
,4310,,,,,-56.0577392578125,-47.6806640625,-0.8617050109863281,-0.4406410766601563,0.0
,4311,,,,,-53.192138671875,-48.687744140625,-0.8487571655273438,-0.47181948852539063,0.0
,4312,,,,,-49.310302734375,-51.837158203125,-0.8426457824707031,-0.5231965393066407,0.0
,4313,,,,,-44.5404052734375,-55.316162109375,-0.8131246948242188,-0.552717626953125,0.0
,4314,,,,,-46.6827392578125,-59.0240478515625,-0.7795638793945313,-0.5746771728515625,0.0
,4315,,,,,-29.0130615234375,-63.09814453125,-0.7261151733398438,-0.5667013000488281,0.0
,4316,,,,,-29.4708251953125,-66.2841796875,-0.7296369873046875,-0.6414880554199219,0.0
,4317,,,,,-24.4537353515625,-69.158935546875,-0.6689374877929688,-0.6559896423339844,0.0
,4318,,,,,-19.2901611328125,-71.96044921875,-0.6433525451660157,-0.7174142211914063,0.0
,4319,,,,,-14.4012451171875,-74.0570068359375,-0.5491958129882812,-0.7078846069335938,0.0
,4320,,,,,-10.8123779296875,-75.2197265625,-0.48010610961914063,-0.7396845153808594,0.0
,4321,,,,,-6.6925048828125,-76.2542724609375,-0.36626865234375,-0.7334695495605469,0.0
,4322,,,,,-2.2613525390625,-77.0416259765625,-0.32556062622070314,-0.7999696838378907,0.0
,4323,,,,,1.79443359375,-77.3162841796875,-0.24352307739257814,-0.8140569396972657,0.0
,4324,,,,,4.8248291015625,-76.812744140625,-0.1686327392578125,-0.8397454650878906,0.0
,4325,,,,,5.6488037109375,-76.2908935546875,-0.08814893188476562,-0.8404705444335938,0.0
,4326,,,,,9.228515625,-74.908447265625,-0.06194249267578125,-0.8838717224121094,0.0
,4327,,,,,13.5955810546875,-73.64501953125,-0.014398004150390626,-0.8884293640136719,0.0
,4328,,,,,16.204833984375,-72.03369140625,0.014398004150390626,-0.9155680480957031,0.0
,4329,,,,,21.331787109375,-69.9371337890625,0.059974420166015625,-0.9203328552246094,0.0
,4330,,,,,26.7333984375,-67.85888671875,0.09819645996093751,-0.9199185241699219,0.0
,4331,,,,,32.867431640625,-65.203857421875,0.15464906616210938,-0.8920547607421875,0.0
,4332,,,,,38.8092041015625,-62.5396728515625,0.1944248474121094,-0.8802463256835937,0.0
,4333,,,,,43.4051513671875,-60.498046875,0.251084619140625,-0.8537291381835937,0.0
,4334,,,,,47.900390625,-57.879638671875,0.3103339599609375,-0.8240008850097656,0.0
,4335,,,,,52.3773193359375,-54.730224609375,0.3567390380859375,-0.7952048767089844,0.0
,4336,,,,,55.7830810546875,-52.2216796875,0.41122357177734375,-0.7672375305175781,0.0
,4337,,,,,58.3648681640625,-49.5849609375,0.5058982177734375,-0.7221790283203126,0.0
,4338,,,,,61.1663818359375,-45.81298828125,0.5876250183105469,-0.6769133605957032,0.0
,4339,,,,,63.1805419921875,-42.3248291015625,0.6284366271972657,-0.6451134521484375,0.0
,4340,,,,,65.606689453125,-37.9486083984375,0.6799172607421875,-0.5972582153320313,0.0
,4341,,,,,67.3004150390625,-34.222412109375,0.7187607971191406,-0.5492993957519532,0.0
,4342,,,,,67.108154296875,-33.306884765625,0.7594688232421876,-0.5207105529785157,0.0
,4343,,,,,68.0328369140625,-30.1300048828125,0.8140569396972657,-0.48176343383789066,0.0
,4344,,,,,69.4976806640625,-25.4241943359375,0.8594261901855469,-0.4479954528808594,0.0
,4345,,,,,69.6075439453125,-21.35009765625,0.8829394775390625,-0.4155740478515625,0.0
,4346,,,,,70.3948974609375,-15.966796875,0.8883257812500001,-0.3924750915527344,0.0
,4347,,,,,71.1181640625,-10.0433349609375,0.8928834228515625,-0.357153369140625,0.0
,4348,,,,,76.153564453125,4.4677734375,0.8977518127441406,-0.32224597778320313,0.0
,4349,,,,,72.10693359375,4.0740966796875,0.901584375,-0.28319527587890625,0.0
,4350,,,,,72.0428466796875,9.722900390625,0.9087315856933594,-0.23606511840820313,0.0
,4351,,,,,71.5484619140625,15.3350830078125,0.9273764831542969,-0.15858521118164062,0.0
,4352,,,,,70.9075927734375,21.0113525390625,0.9483002014160157,-0.08897759399414062,0.0
,4353,,,,,70.0927734375,26.092529296875,0.9324520385742188,-0.03583963623046875,0.0
,4354,,,,,68.95751953125,29.864501953125,0.9081100891113282,0.0232025390625,0.0
,4355,,,,,67.7490234375,34.2132568359375,0.9205400207519532,0.11093713989257813,0.0
,4356,,,,,65.5792236328125,38.6993408203125,0.9260299072265625,0.18800271606445312,0.0
,4357,,,,,63.153076171875,42.4072265625,0.8880150329589844,0.26341096801757813,0.0
,4358,,,,,61.0382080078125,44.8333740234375,0.8869792053222657,0.33664398193359374,0.0
,4359,,,,,59.8480224609375,45.22705078125,0.8854254638671876,0.4140203063964844,0.0
,4360,,,,,56.7626953125,47.9278564453125,0.88003916015625,0.4726481506347656,0.0
,4361,,,,,53.28369140625,51.397705078125,0.829490771484375,0.509627197265625,0.0
,4362,,,,,50.3173828125,52.8350830078125,0.8060810668945313,0.5383196228027344,0.0
,4363,,,,,45.8770751953125,56.5338134765625,0.7730381652832031,0.5548928649902344,0.0
,4364,,,,,40.4296875,60.4339599609375,0.7853645141601563,0.6046125915527344,0.0
,4365,,,,,33.3892822265625,64.068603515625,0.7386486877441406,0.6245004821777344,0.0
,4366,,,,,30.633544921875,66.998291015625,0.6863393920898437,0.6426274658203125,0.0
,4367,,,,,25.96435546875,69.854736328125,0.6054412536621094,0.6471851074218751,0.0
,4368,,,,,20.562744140625,72.528076171875,0.5791312316894531,0.6626189392089844,0.0
,4369,,,,,16.22314453125,74.5697021484375,0.5169815734863281,0.7151354003906251,0.0
,4370,,,,,12.5885009765625,76.025390625,0.4656045227050781,0.7677554443359376,0.0
,4371,,,,,8.8165283203125,76.86767578125,0.41733495483398436,0.8168536743164063,0.0
,4372,,,,,3.8177490234375,77.3529052734375,0.36202175903320316,0.87340986328125,0.0
,4373,,,,,-0.347900390625,76.904296875,0.26061423339843753,0.8720632873535157,0.0
,4374,,,,,-1.080322265625,75.970458984375,0.1934926025390625,0.8996163024902344,0.0
,4375,,,,,-4.0557861328125,74.8809814453125,0.11963809204101562,0.9157752136230469,0.0
,4376,,,,,-7.94677734375,73.71826171875,0.087009521484375,0.9450891357421876,0.0
,4377,,,,,-10.3179931640625,71.9696044921875,0.007768707275390625,0.9329699523925782,0.0
,4378,,,,,-14.6209716796875,70.220947265625,-0.05324154052734375,0.918986279296875,0.0
,4379,,,,,-19.6746826171875,68.29833984375,-0.07489033813476563,0.9201256896972656,0.0
,4380,,,,,-25.08544921875,66.339111328125,-0.110212060546875,0.9080065063476562,0.0
,4381,,,,,-31.365966796875,63.46435546875,-0.15723863525390624,0.8917440124511719,0.0
,4382,,,,,-36.8316650390625,60.919189453125,-0.20726911010742188,0.875895849609375,0.0
,4383,,,,,-41.656494140625,58.428955078125,-0.25118820190429686,0.8841824707031251,0.0
,4384,,,,,-45.9869384765625,56.121826171875,-0.3302218505859375,0.8276262817382812,0.0
,4385,,,,,-50.5645751953125,53.21044921875,-0.36647581787109373,0.7932368041992188,0.0
,4386,,,,,-54.2266845703125,49.8138427734375,-0.42945413818359374,0.7497320434570313,0.0
,4387,,,,,-56.7718505859375,47.0306396484375,-0.5002011657714844,0.7071595275878907,0.0
,4388,,,,,-59.2803955078125,44.4854736328125,-0.5749879211425781,0.6494639282226563,0.0
,4389,,,,,-62.420654296875,40.6036376953125,-0.6432489624023437,0.6099988952636719,0.0
,4390,,,,,-64.63623046875,37.1246337890625,-0.6806423400878906,0.5769559936523437,0.0
,4391,,,,,-65.4327392578125,35.7330322265625,-0.7073666931152344,0.5488850646972656,0.0
,4392,,,,,-66.6229248046875,32.11669921875,-0.7614368957519532,0.49388261718750004,0.0
,4393,,,,,-67.56591796875,28.0242919921875,-0.8121924499511719,0.4521387634277344,0.0
,4394,,,,,-67.730712890625,24.71923828125,-0.837880975341797,0.43287236938476564,0.0
,4395,,,,,-68.3258056640625,20.0958251953125,-0.8480320861816406,0.41215581665039064,0.0
,4396,,,,,-68.7103271484375,14.886474609375,-0.8827323120117188,0.35787844848632816,0.0
,4397,,,,,-69.525146484375,8.038330078125,-0.8936085021972656,0.3232818054199219,0.0
,4398,,,,,-72.2076416015625,-2.178955078125,-0.8989948059082031,0.302461669921875,0.0
,4399,,,,,-70.4132080078125,-4.13818359375,-0.9125641479492188,0.26568978881835936,0.0
,4400,,,,,-70.64208984375,-10.2813720703125,-0.897441064453125,0.22839999389648438,0.0
,4401,,,,,-70.3033447265625,-16.1773681640625,-0.9018951232910156,0.16086403198242188,0.0
,4402,,,,,-70.0653076171875,-21.71630859375,-0.8940228332519532,0.10151110839843751,0.0
,4403,,,,,-69.5892333984375,-25.927734375,-0.8968195678710937,0.03459664306640625,0.0
,4404,,,,,-68.44482421875,-30.1666259765625,-0.8784854187011719,-0.03760054321289063,0.0
,4405,,,,,-66.705322265625,-34.3963623046875,-0.8842860534667969,-0.10109677734375,0.0
,4406,,,,,-64.8651123046875,-38.3056640625,-0.8647089111328126,-0.16552525634765625,0.0
,4407,,,,,-63.116455078125,-41.0614013671875,-0.8463747619628906,-0.23855110473632812,0.0
,4408,,,,,-62.1826171875,-41.876220703125,-0.8429565307617187,-0.33467590942382813,0.0
,4409,,,,,-59.2803955078125,-44.7509765625,-0.8242080505371094,-0.37859500122070316,0.0
,4410,,,,,-56.2408447265625,-47.4517822265625,-0.8140569396972657,-0.4189922790527344,0.0
,4411,,,,,-53.997802734375,-48.4405517578125,-0.7803925415039062,-0.4530710083007813,0.0
,4412,,,,,-50.115966796875,-51.7364501953125,-0.7932368041992188,-0.517913818359375,0.0
,4413,,,,,-45.2545166015625,-55.8563232421875,-0.7796674621582032,-0.5375945434570313,0.0
,4414,,,,,-40.301513671875,-59.9212646484375,-0.75408251953125,-0.5577931823730469,0.0
,4415,,,,,-33.7554931640625,-63.61083984375,-0.6692482360839844,-0.5329333190917969,0.0
,4416,,,,,-31.402587890625,-67.0989990234375,-0.6613759460449219,-0.6150744506835938,0.0
,4417,,,,,-25.9918212890625,-69.8455810546875,-0.5888680114746094,-0.6266757202148437,0.0
,4418,,,,,-21.64306640625,-72.1160888671875,-0.5425665161132812,-0.6949367614746094,0.0
,4419,,,,,-18.0450439453125,-73.846435546875,-0.44530230102539065,-0.7067451965332031,0.0
,4420,,,,,-14.0167236328125,-74.9725341796875,-0.4144346374511719,-0.7708629272460937,0.0
,4421,,,,,-9.0545654296875,-75.7049560546875,-0.34907391357421874,-0.7798746276855469,0.0
,4422,,,,,-4.742431640625,-75.9979248046875,-0.3294967712402344,-0.8396418823242188,0.0
,4423,,,,,-0.9246826171875,-75.7232666015625,-0.22829641113281252,-0.8300086853027344,0.0
,4424,,,,,2.52685546875,-74.945068359375,-0.15744580078125,-0.872581201171875,0.0
,4425,,,,,4.229736328125,-74.0386962890625,-0.08462711791992188,-0.8772424255371094,0.0
,4426,,,,,7.6080322265625,-72.7294921875,-0.048994647216796874,-0.8954729919433594,0.0
,4427,,,,,11.2884521484375,-71.1639404296875,0.00103582763671875,-0.8928834228515625,0.0
,4428,,,,,14.3646240234375,-69.2596435546875,0.054898864746093755,-0.8982697265625,0.0
,4429,,,,,20.452880859375,-67.236328125,0.08038022460937501,-0.8994091369628906,0.0
,4430,,,,,26.458740234375,-65.4327392578125,0.12999636840820314,-0.879210498046875,0.0
,4431,,,,,31.7962646484375,-63.5284423828125,0.1636607666015625,-0.8646053283691406,0.0
,4432,,,,,37.554931640625,-61.175537109375,0.20903001708984376,-0.8443031066894532,0.0
,4433,,,,,42.2607421875,-59.3353271484375,0.23513287353515624,-0.8424386169433594,0.0
,4434,,,,,47.5250244140625,-56.5155029296875,0.271801171875,-0.8408848754882813,0.0
,4435,,,,,52.056884765625,-53.5491943359375,0.3386120544433594,-0.8041129943847657,0.0
,4436,,,,,55.4534912109375,-50.6744384765625,0.3799415771484375,-0.7733489135742188,0.0
,4437,,,,,58.5296630859375,-47.64404296875,0.42976488647460936,-0.7379236083984375,0.0
,4438,,,,,61.944580078125,-43.3135986328125,0.48953214111328125,-0.6998051513671876,0.0
,4439,,,,,64.6636962890625,-38.983154296875,0.5549964477539062,-0.658786376953125,0.0
,4440,,,,,66.50390625,-35.7330322265625,0.6317512756347656,-0.6041982604980469,0.0
,4441,,,,,68.023681640625,-32.26318359375,0.7033269653320313,-0.551060302734375,0.0
,4442,,,,,68.5546875,-30.029296875,0.7492141296386718,-0.5025835693359375,0.0
,4443,,,,,69.287109375,-26.5869140625,0.7838107727050782,-0.4635328674316406,0.0
,4444,,,,,69.7906494140625,-22.979736328125,0.8356021545410156,-0.4355655212402344,0.0
,4445,,,,,69.2962646484375,-19.537353515625,0.8707167114257813,-0.4033512817382813,0.0
,4446,,,,,69.8455810546875,-12.9730224609375,0.8711310424804688,-0.38978193969726566,0.0
,4447,,,,,70.5596923828125,-6.610107421875,0.8806606567382813,-0.35767128295898437,0.0
,4448,,,,,73.9288330078125,3.4515380859375,0.8826287292480469,-0.31023037719726565,0.0
,4449,,,,,71.8780517578125,5.126953125,0.8978553955078126,-0.2506702880859375,0.0
,4450,,,,,71.96044921875,11.7828369140625,0.8878078674316406,-0.21638439331054687,0.0
,4451,,,,,71.7132568359375,17.39501953125,0.8910189331054688,-0.1363149169921875,0.0
,4452,,,,,71.7041015625,21.533203125,0.9032416992187501,-0.06567147216796876,0.0
,4453,,,,,71.1090087890625,26.03759765625,0.9031381164550781,0.010047528076171876,0.0
,4454,,,,,69.83642578125,30.6976318359375,0.8807642395019532,0.06629296875,0.0
,4455,,,,,68.389892578125,34.97314453125,0.8646053283691406,0.1396295654296875,0.0
,4456,,,,,66.83349609375,37.939453125,0.8705095458984375,0.216280810546875,0.0
,4457,,,,,65.8447265625,39.3402099609375,0.8761030151367187,0.30556915283203123,0.0
,4458,,,,,63.2537841796875,42.681884765625,0.8650196594238282,0.37818067016601564,0.0
,4459,,,,,60.9649658203125,45.22705078125,0.8298015197753906,0.42085676879882816,0.0
,4460,,,,,58.88671875,46.3714599609375,0.8357057373046876,0.48052044067382815,0.0
,4461,,,,,55.535888671875,49.713134765625,0.8363272338867188,0.5222642944335938,0.0
,4462,,,,,51.287841796875,52.91748046875,0.80711689453125,0.5471241577148438,0.0
,4463,,,,,46.3531494140625,56.8817138671875,0.7535646057128906,0.5706374450683593,0.0
,4464,,,,,41.6107177734375,59.674072265625,0.7600903198242188,0.6198392578125,0.0
,4465,,,,,32.48291015625,62.860107421875,0.7005302307128907,0.6378626586914062,0.0
,4466,,,,,31.7138671875,66.2017822265625,0.6564039733886718,0.6470815246582031,0.0
,4467,,,,,27.0172119140625,69.0765380859375,0.5872106872558593,0.6545394836425782,0.0
,4468,,,,,22.8790283203125,71.4019775390625,0.5577931823730469,0.6769133605957032,0.0
,4469,,,,,18.878173828125,72.747802734375,0.4800025268554688,0.7177249694824219,0.0
,4470,,,,,14.8773193359375,73.9654541015625,0.43535835571289067,0.7882648315429688,0.0
,4471,,,,,9.686279296875,75.054931640625,0.4026262023925781,0.8411956237792969,0.0
,4472,,,,,4.8431396484375,75.3662109375,0.35249214477539065,0.8781746704101563,0.0
,4473,,,,,1.13525390625,75.311279296875,0.23844752197265626,0.8631551696777344,0.0
,4474,,,,,-1.3641357421875,75.0,0.17267246704101563,0.8821108154296875,0.0
,4475,,,,,-5.767822265625,73.9654541015625,0.13227518920898437,0.89992705078125,0.0
,4476,,,,,-8.917236328125,72.8668212890625,0.10959056396484375,0.9334878662109375,0.0
,4477,,,,,-11.1419677734375,71.4019775390625,0.04474775390625,0.9505790222167969,0.0
,4478,,,,,-16.021728515625,69.6990966796875,0.00145015869140625,0.9445712219238281,0.0
,4479,,,,,-21.4874267578125,67.1722412109375,-0.03873995361328125,0.9424995666503907,0.0
,4480,,,,,-27.28271484375,65.2679443359375,-0.09446748046875,0.9157752136230469,0.0
,4481,,,,,-32.48291015625,63.226318359375,-0.1346575927734375,0.9031381164550781,0.0
,4482,,,,,-37.8204345703125,60.7269287109375,-0.17205097045898438,0.8886365295410157,0.0
,4483,,,,,-43.8812255859375,57.7880859375,-0.21244824829101563,0.8715453735351563,0.0
,4484,,,,,-49.072265625,54.78515625,-0.28609559326171874,0.8175787536621094,0.0
,4485,,,,,-53.1463623046875,51.89208984375,-0.3489703308105469,0.7968622009277344,0.0
,4486,,,,,-56.982421875,49.2279052734375,-0.3992079711914063,0.7638192993164062,0.0
,4487,,,,,-60.7635498046875,45.59326171875,-0.45638565673828124,0.7270474182128907,0.0
,4488,,,,,-63.5467529296875,42.37060546875,-0.53034375,0.6769133605957032,0.0
,4489,,,,,-65.643310546875,39.5599365234375,-0.5819279663085938,0.6429382141113281,0.0
,4490,,,,,-67.67578125,35.906982421875,-0.6409701416015625,0.6015051086425781,0.0
,4491,,,,,-68.51806640625,33.6181640625,-0.6774312744140625,0.5699123657226562,0.0
,4492,,,,,-69.873046875,29.498291015625,-0.73750927734375,0.5252681945800781,0.0
,4493,,,,,-70.64208984375,26.055908203125,-0.8020413391113281,0.4806240234375,0.0
,4494,,,,,-70.1202392578125,23.9044189453125,-0.8430601135253907,0.43287236938476564,0.0
,4495,,,,,-70.9259033203125,19.22607421875,-0.8539363037109375,0.40397277832031253,0.0
,4496,,,,,-71.5576171875,12.9730224609375,-0.8771388427734376,0.3674080627441406,0.0
,4497,,,,,-72.2991943359375,6.6925048828125,-0.9196077758789063,0.30401541137695315,0.0
,4498,,,,,-74.9542236328125,-3.057861328125,-0.9285158935546876,0.24714847412109375,0.0
,4499,,,,,-73.2330322265625,-5.072021484375,-0.9316233764648438,0.206336865234375,0.0
,4500,,,,,-73.6724853515625,-11.444091796875,-0.9135999755859375,0.17805877075195314,0.0
,4501,,,,,-73.5260009765625,-16.51611328125,-0.8937120849609376,0.1255423095703125,0.0
,4502,,,,,-73.1048583984375,-20.782470703125,-0.9100781616210938,0.040500860595703125,0.0
,4503,,,,,-72.509765625,-25.0579833984375,-0.9103889099121094,-0.030142584228515627,0.0
,4504,,,,,-71.6033935546875,-29.095458984375,-0.8998234680175782,-0.09394956665039063,0.0
,4505,,,,,-70.1202392578125,-33.9111328125,-0.9048990234375001,-0.13496834106445313,0.0
,4506,,,,,-68.2708740234375,-38.2965087890625,-0.9101817443847656,-0.20291863403320312,0.0
,4507,,,,,-66.3665771484375,-41.0430908203125,-0.8885329467773437,-0.274287158203125,0.0
,4508,,,,,-65.6341552734375,-41.3360595703125,-0.8821108154296875,-0.3583963623046875,0.0
,4509,,,,,-62.603759765625,-43.9910888671875,-0.8639838317871094,-0.42054602050781253,0.0
,4510,,,,,-59.3719482421875,-47.2320556640625,-0.8653304077148438,-0.48217776489257813,0.0
,4511,,,,,-56.7169189453125,-48.2025146484375,-0.8204790710449219,-0.49471127929687503,0.0
,4512,,,,,-52.4322509765625,-51.251220703125,-0.8255546264648438,-0.551060302734375,0.0
,4513,,,,,-47.8912353515625,-54.9224853515625,-0.8061846496582031,-0.5672192138671875,0.0
,4514,,,,,-41.839599609375,-59.234619140625,-0.7923045593261719,-0.6194249267578125,0.0
,4515,,,,,-34.0301513671875,-62.9241943359375,-0.7108885070800781,-0.6009871948242188,0.0
,4516,,,,,-31.6131591796875,-65.899658203125,-0.70104814453125,-0.6510176696777344,0.0
,4517,,,,,-26.641845703125,-68.5546875,-0.6490495971679687,-0.6638619323730469,0.0
,4518,,,,,-21.7437744140625,-71.08154296875,-0.5994334533691407,-0.7221790283203126,0.0
,4519,,,,,-17.1295166015625,-73.2421875,-0.5135633422851563,-0.725079345703125,0.0
,4520,,,,,-13.5406494140625,-74.7161865234375,-0.502997900390625,-0.7973801147460938,0.0
,4521,,,,,-9.3292236328125,-75.6317138671875,-0.4149525512695313,-0.8074276428222656,0.0
,4522,,,,,-4.2572021484375,-75.9429931640625,-0.3481416687011719,-0.8623265075683594,0.0
,4523,,,,,0.604248046875,-76.116943359375,-0.25222402954101564,-0.8610835144042969,0.0
,4524,,,,,4.302978515625,-75.567626953125,-0.217938134765625,-0.9160859619140626,0.0
,4525,,,,,6.060791015625,-74.7894287109375,-0.1542347351074219,-0.9253048278808594,0.0
,4526,,,,,10.36376953125,-73.553466796875,-0.09260299072265625,-0.9406350769042969,0.0
,4527,,,,,14.6392822265625,-72.2900390625,-0.02340970458984375,-0.9166038757324219,0.0
,4528,,,,,16.8548583984375,-70.4864501953125,0.023720452880859375,-0.9094566650390625,0.0
,4529,,,,,21.8902587890625,-68.3624267578125,0.05137705078125,-0.9227152587890626,0.0
,4530,,,,,28.0242919921875,-65.6890869140625,0.09053133544921875,-0.9468500427246094,0.0
,4531,,,,,34.368896484375,-62.8509521484375,0.12730321655273438,-0.9300696350097657,0.0
,4532,,,,,39.7705078125,-60.223388671875,0.18883137817382814,-0.8982697265625,0.0
,4533,,,,,45.0347900390625,-57.4676513671875,0.2291250732421875,-0.8850111328125,0.0
,4534,,,,,50.006103515625,-54.5379638671875,0.2827809448242188,-0.8600476867675781,0.0
,4535,,,,,54.82177734375,-51.45263671875,0.3281501953125,-0.8205826538085937,0.0
,4536,,,,,59.0240478515625,-48.2025146484375,0.3568426208496094,-0.804630908203125,0.0
,4537,,,,,61.834716796875,-45.2362060546875,0.43939808349609377,-0.7498356262207031,0.0
,4538,,,,,64.5263671875,-42.1051025390625,0.519571142578125,-0.6907934509277344,0.0
,4539,,,,,66.741943359375,-38.2965087890625,0.5611078308105469,-0.6682124084472656,0.0
,4540,,,,,68.66455078125,-34.588623046875,0.6223252441406251,-0.6352730895996094,0.0
,4541,,,,,69.7265625,-31.951904296875,0.6790885986328126,-0.5826530456542969,0.0
,4542,,,,,69.342041015625,-30.9814453125,0.7396845153808594,-0.5310688293457031,0.0
,4543,,,,,69.5068359375,-27.410888671875,0.7931332214355469,-0.4779308715820313,0.0
,4544,,,,,70.404052734375,-22.8057861328125,0.8445102722167969,-0.4351511901855469,0.0
,4545,,,,,70.2117919921875,-19.3634033203125,0.8929870056152344,-0.38926402587890624,0.0
,4546,,,,,70.8526611328125,-13.8885498046875,0.9097674133300782,-0.3612966796875,0.0
,4547,,,,,71.44775390625,-7.9833984375,0.8994091369628906,-0.34078729248046874,0.0
,4548,,,,,75.3204345703125,4.229736328125,0.8936085021972656,-0.31416652221679686,0.0
,4549,,,,,72.8851318359375,5.145263671875,0.8985804748535157,-0.24393740844726564,0.0
,4550,,,,,73.077392578125,9.942626953125,0.9090423339843751,-0.17174022216796875,0.0
,4551,,,,,73.3154296875,14.8956298828125,0.9260299072265625,-0.09208507690429688,0.0
,4552,,,,,72.9034423828125,20.1141357421875,0.9427067321777344,-0.0352181396484375,0.0
,4553,,,,,71.8780517578125,24.8382568359375,0.9520291809082032,0.027035101318359376,0.0
,4554,,,,,70.8892822265625,28.3538818359375,0.9313126281738282,0.0882525146484375,0.0
,4555,,,,,69.2047119140625,32.025146484375,0.9154644653320313,0.17671219482421877,0.0
,4556,,,,,67.41943359375,35.3759765625,0.9290338073730469,0.24600906372070314,0.0
,4557,,,,,65.5975341796875,38.177490234375,0.9204364379882812,0.30080434570312503,0.0
,4558,,,,,62.7044677734375,41.2078857421875,0.9407386596679688,0.3904034362792969,0.0
,4559,,,,,60.53466796875,42.645263671875,0.9179504516601563,0.4488241149902344,0.0
,4560,,,,,57.8704833984375,43.98193359375,0.8955765747070312,0.49678293457031253,0.0
,4561,,,,,53.8330078125,47.5616455078125,0.8745492736816407,0.5376981262207031,0.0
,4562,,,,,49.859619140625,50.2716064453125,0.8780710876464844,0.5919754943847656,0.0
,4563,,,,,45.538330078125,54.0435791015625,0.8225507263183593,0.5945650634765626,0.0
,4564,,,,,40.4937744140625,57.5042724609375,0.7846394348144532,0.6055448364257813,0.0
,4565,,,,,30.3497314453125,61.23046875,0.736784197998047,0.6263649719238281,0.0
,4566,,,,,30.0384521484375,64.9566650390625,0.7132709106445313,0.6626189392089844,0.0
,4567,,,,,25.909423828125,67.8497314453125,0.6482209350585938,0.68116025390625,0.0
,4568,,,,,20.489501953125,70.7244873046875,0.6172496887207032,0.6868573059082032,0.0
,4569,,,,,15.93017578125,72.6654052734375,0.5260968566894532,0.7088168518066407,0.0
,4570,,,,,11.846923828125,73.6358642578125,0.47181948852539063,0.7713808410644531,0.0
,4571,,,,,7.708740234375,73.9471435546875,0.41329522705078126,0.815403515625,0.0
,4572,,,,,2.6458740234375,74.5330810546875,0.3631611694335938,0.8620157592773438,0.0
,4573,,,,,-1.995849609375,74.359130859375,0.2538813537597656,0.8356021545410156,0.0
,4574,,,,,-5.1361083984375,73.699951171875,0.21120525512695312,0.8742385253906251,0.0
,4575,,,,,-8.660888671875,72.747802734375,0.1359005859375,0.8825251464843751,0.0
,4576,,,,,-11.4166259765625,71.0723876953125,0.0841092041015625,0.9002377990722656,0.0
,4577,,,,,-14.227294921875,69.4976806640625,0.04443700561523438,0.915671630859375,0.0
,4578,,,,,-17.87109375,68.3349609375,0.0015537414550781251,0.9234403381347657,0.0
,4579,,,,,-21.954345703125,66.741943359375,-0.0484767333984375,0.8979589782714844,0.0
,4580,,,,,-28.0792236328125,64.398193359375,-0.09612480468750001,0.8787961669921875,0.0
,4581,,,,,-34.2132568359375,61.81640625,-0.13134294433593752,0.8700952148437501,0.0
,4582,,,,,-39.3768310546875,59.8114013671875,-0.19390693359375,0.8451317687988281,0.0
,4583,,,,,-44.7509765625,57.4859619140625,-0.22415310058593751,0.8345663269042969,0.0
,4584,,,,,-50.1068115234375,54.4281005859375,-0.2793627136230469,0.8102243774414063,0.0
,4585,,,,,-54.7027587890625,51.4068603515625,-0.3189313293457031,0.7872290039062501,0.0
,4586,,,,,-57.7606201171875,49.40185546875,-0.38853894653320314,0.7555326782226562,0.0
,4587,,,,,-60.82763671875,46.9390869140625,-0.4470632080078125,0.7200037902832032,0.0
,4588,,,,,-63.2080078125,44.1741943359375,-0.5289971740722657,0.6582684631347656,0.0
,4589,,,,,-65.9637451171875,39.8712158203125,-0.585864111328125,0.6098953125000001,0.0
,4590,,,,,-67.8955078125,36.328125,-0.6545394836425782,0.5454668334960938,0.0
,4591,,,,,-67.913818359375,35.4583740234375,-0.7032233825683594,0.5006154968261719,0.0
,4592,,,,,-68.6737060546875,32.2723388671875,-0.7578114990234375,0.48031327514648436,0.0
,4593,,,,,-69.7906494140625,28.0792236328125,-0.7965514526367188,0.43815509033203126,0.0
,4594,,,,,-69.635009765625,25.4791259765625,-0.8465819274902344,0.3904034362792969,0.0
,4595,,,,,-70.367431640625,20.855712890625,-0.8611870971679688,0.3717585388183594,0.0
,4596,,,,,-71.37451171875,15.435791015625,-0.8828358947753907,0.343894775390625,0.0
,4597,,,,,-72.3541259765625,8.990478515625,-0.8754815185546875,0.3188277465820313,0.0
,4598,,,,,-75.54931640625,-2.545166015625,-0.8927798400878907,0.2772910583496094,0.0
,4599,,,,,-73.370361328125,-3.3416748046875,-0.9014807922363282,0.24124425659179688,0.0
,4600,,,,,-73.187255859375,-8.4136962890625,-0.9317269592285157,0.17215455322265624,0.0
,4601,,,,,-72.8118896484375,-12.9364013671875,-0.9493360290527344,0.09218865966796876,0.0
,4602,,,,,-72.0977783203125,-18.475341796875,-0.9579333984375,0.013880090332031251,0.0
,4603,,,,,-71.026611328125,-23.236083984375,-0.9650806091308594,-0.04174385375976562,0.0
,4604,,,,,-69.6441650390625,-27.081298828125,-0.9441568908691407,-0.09819645996093751,0.0
,4605,,,,,-67.9046630859375,-30.72509765625,-0.9380455078125001,-0.14636244506835938,0.0
,4606,,,,,-65.5517578125,-35.3118896484375,-0.9116319030761719,-0.19660008544921875,0.0
,4607,,,,,-63.043212890625,-38.726806640625,-0.9068670959472657,-0.27811972045898437,0.0
,4608,,,,,-62.091064453125,-38.8458251953125,-0.8950586608886719,-0.3467950927734375,0.0
,4609,,,,,-59.7198486328125,-41.3909912109375,-0.8623265075683594,-0.39061060180664064,0.0
,4610,,,,,-56.7352294921875,-45.08056640625,-0.8512431518554687,-0.44405930786132813,0.0
,4611,,,,,-53.79638671875,-46.6094970703125,-0.8017305908203125,-0.4670546813964844,0.0
,4612,,,,,-49.98779296875,-49.84130859375,-0.7966550354003906,-0.5192603942871094,0.0
,4613,,,,,-45.6756591796875,-53.704833984375,-0.7738668273925782,-0.5356264709472657,0.0
,4614,,,,,-40.17333984375,-57.89794921875,-0.7984159423828125,-0.5967403015136719,0.0
,4615,,,,,-33.3160400390625,-62.091064453125,-0.7354376220703125,-0.5942543151855469,0.0
,4616,,,,,-29.9835205078125,-65.1947021484375,-0.7264259216308594,-0.6539179870605469,0.0
,4617,,,,,-23.9227294921875,-68.0694580078125,-0.6710091430664062,-0.6578541320800781,0.0
,4618,,,,,-19.061279296875,-70.42236328125,-0.6316476928710938,-0.6896540405273438,0.0
,4619,,,,,-14.8681640625,-72.2900390625,-0.5539606201171875,-0.6973191650390625,0.0
,4620,,,,,-10.7666015625,-73.7823486328125,-0.5174994873046875,-0.7546004333496094,0.0
,4621,,,,,-6.683349609375,-74.81689453125,-0.43577268676757813,-0.768169775390625,0.0
,4622,,,,,-1.57470703125,-75.25634765625,-0.38356697387695315,-0.821307733154297,0.0
,4623,,,,,3.4332275390625,-75.4119873046875,-0.2994577697753906,-0.8243116333007813,0.0
,4624,,,,,6.9854736328125,-75.2197265625,-0.2487022155761719,-0.87672451171875,0.0
,4625,,,,,8.2305908203125,-74.6978759765625,-0.13548625488281252,-0.8598405212402344,0.0
,4626,,,,,12.0941162109375,-73.223876953125,-0.05407020263671875,-0.8717525390625,0.0
,4627,,,,,16.0400390625,-71.8414306640625,0.010669024658203125,-0.8694737182617188,0.0
,4628,,,,,18.145751953125,-70.12939453125,0.044851336669921874,-0.9063491821289062,0.0
,4629,,,,,22.9339599609375,-68.2708740234375,0.06411773071289063,-0.9125641479492188,0.0
,4630,,,,,29.058837890625,-65.679931640625,0.10907265014648437,-0.9009628784179687,0.0
,4631,,,,,35.1287841796875,-63.0615234375,0.14470512084960938,-0.8897759399414062,0.0
,4632,,,,,40.31982421875,-60.9649658203125,0.1661467529296875,-0.8832502258300782,0.0
,4633,,,,,45.30029296875,-58.88671875,0.2047831237792969,-0.8396418823242188,0.0
,4634,,,,,50.50048828125,-55.8746337890625,0.28537051391601564,-0.8060810668945313,0.0
,4635,,,,,54.7027587890625,-53.0181884765625,0.33291500244140626,-0.7820498657226562,0.0
,4636,,,,,57.879638671875,-50.7110595703125,0.3683403076171875,-0.7562577575683594,0.0
,4637,,,,,60.6170654296875,-48.5321044921875,0.4621862915039063,-0.6899647888183594,0.0
,4638,,,,,63.134765625,-45.6207275390625,0.5279613464355469,-0.6453206176757813,0.0
,4639,,,,,66.082763671875,-41.7572021484375,0.5839996215820312,-0.6230503234863282,0.0
,4640,,,,,67.41943359375,-39.5233154296875,0.6465636108398438,-0.5774739074707032,0.0
,4641,,,,,68.3349609375,-36.2640380859375,0.7185536315917969,-0.5238180358886719,0.0
,4642,,,,,68.84765625,-33.6456298828125,0.7694127685546875,-0.486424658203125,0.0
,4643,,,,,69.1680908203125,-30.28564453125,0.7954120422363281,-0.46280778808593753,0.0
,4644,,,,,70.2392578125,-25.3509521484375,0.8470998413085937,-0.42914338989257816,0.0
,4645,,,,,70.0927734375,-21.368408203125,0.9026202026367188,-0.37310511474609376,0.0
,4646,,,,,70.6695556640625,-15.56396484375,0.9211615173339844,-0.33146484375,0.0
,4647,,,,,71.2188720703125,-8.82568359375,0.918261199951172,-0.3061906494140625,0.0
,4648,,,,,71.8780517578125,-2.874755859375,0.8967159851074219,-0.280916455078125,0.0
,4649,,,,,72.36328125,2.655029296875,0.9079029235839844,-0.20778702392578124,0.0
,4650,,,,,72.5555419921875,7.5531005859375,0.9258227416992187,-0.15392398681640626,0.0
,4651,,,,,72.4365234375,12.4786376953125,0.9249940795898438,-0.09757496337890625,0.0
,4652,,,,,72.015380859375,18.328857421875,0.9180540344238282,-0.045990747070312504,0.0
,4653,,,,,71.319580078125,23.2452392578125,0.9248904968261719,0.0352181396484375,0.0
,4654,,,,,70.0836181640625,26.66015625,0.9449855529785156,0.10990131225585938,0.0
,4655,,,,,68.4539794921875,30.8349609375,0.9395992492675782,0.1753656188964844,0.0
,4656,,,,,66.3665771484375,35.321044921875,0.9341093627929687,0.22166711425781252,0.0
,4657,,,,,63.9678955078125,39.51416015625,0.9105960754394532,0.27490865478515625,0.0
,4658,,,,,61.6241455078125,42.5628662109375,0.9178468688964844,0.3464843444824219,0.0
,4659,,,,,60.3240966796875,43.634033203125,0.8989948059082031,0.4128808959960938,0.0
,4660,,,,,57.110595703125,46.6461181640625,0.8798319946289063,0.46695109863281253,0.0
,4661,,,,,53.5858154296875,49.969482421875,0.8693701354980469,0.5120096008300782,0.0
,4662,,,,,50.299072265625,51.4068603515625,0.8654339904785157,0.5611078308105469,0.0
,4663,,,,,45.3826904296875,54.9957275390625,0.8315624267578126,0.5787169006347657,0.0
,4664,,,,,39.715576171875,58.92333984375,0.8076348083496094,0.6097917297363281,0.0
,4665,,,,,32.4371337890625,62.7410888671875,0.7704485961914063,0.6352730895996094,0.0
,4666,,,,,29.296875,65.8538818359375,0.7537717712402344,0.6656228393554687,0.0
,4667,,,,,24.6368408203125,68.939208984375,0.6719413879394531,0.6644834289550782,0.0
,4668,,,,,19.1070556640625,71.759033203125,0.610827557373047,0.6710091430664062,0.0
,4669,,,,,14.1357421875,73.5809326171875,0.5231965393066407,0.6814710021972656,0.0
,4670,,,,,10.0067138671875,74.945068359375,0.48456016845703126,0.7478675537109375,0.0
,4671,,,,,6.097412109375,76.28173828125,0.4304899658203125,0.7942726318359375,0.0
,4672,,,,,1.13525390625,77.01416015625,0.3791129150390625,0.8428529479980469,0.0
,4673,,,,,-3.167724609375,77.215576171875,0.2692116027832031,0.8397454650878906,0.0
,4674,,,,,-4.6051025390625,77.0416259765625,0.20291863403320312,0.8717525390625,0.0
,4675,,,,,-7.6904296875,76.1993408203125,0.13579700317382812,0.8865648742675781,0.0
,4676,,,,,-11.3433837890625,74.688720703125,0.08607727661132812,0.9085244201660156,0.0
,4677,,,,,-13.73291015625,72.9766845703125,0.03459664306640625,0.9174325378417969,0.0
,4678,,,,,-17.742919921875,71.2646484375,0.00932244873046875,0.9373204284667969,0.0
,4679,,,,,-22.6043701171875,68.7286376953125,-0.025584942626953124,0.9436389770507813,0.0
,4680,,,,,-27.9144287109375,66.8426513671875,-0.08245187988281251,0.904070361328125,0.0
,4681,,,,,-34.3963623046875,64.3524169921875,-0.1288569580078125,0.8832502258300782,0.0
,4682,,,,,-40.081787109375,62.0819091796875,-0.18033759155273438,0.8500001586914063,0.0
,4683,,,,,-44.9249267578125,60.040283203125,-0.23181822509765626,0.83031943359375,0.0
,4684,,,,,-49.1363525390625,57.8704833984375,-0.2911711486816406,0.7895078247070313,0.0
,4685,,,,,-53.8055419921875,54.840087890625,-0.35756770019531253,0.7576043334960938,0.0
,4686,,,,,-57.6873779296875,52.313232421875,-0.42945413818359374,0.7356447875976563,0.0
,4687,,,,,-60.205078125,50.0244140625,-0.49243245849609374,0.7026018859863281,0.0
,4688,,,,,-62.3565673828125,46.9940185546875,-0.5766452453613281,0.6463564453125,0.0
,4689,,,,,-65.2313232421875,42.5628662109375,-0.6308190307617187,0.6211858337402344,0.0
,4690,,,,,-67.0623779296875,38.763427734375,-0.6915185302734376,0.5852426147460937,0.0
,4691,,,,,-66.9158935546875,37.60986328125,-0.7263223388671876,0.5578967651367188,0.0
,4692,,,,,-67.694091796875,34.38720703125,-0.7890934936523438,0.51211318359375,0.0
,4693,,,,,-67.9779052734375,31.2652587890625,-0.8456496826171875,0.461564794921875,0.0
,4694,,,,,-67.7947998046875,27.4566650390625,-0.8946443298339845,0.4144346374511719,0.0
,4695,,,,,-68.975830078125,21.6339111328125,-0.9029309509277345,0.398586474609375,0.0
,4696,,,,,-69.744873046875,16.2506103515625,-0.9094566650390625,0.37279436645507813,0.0
,4697,,,,,-70.9075927734375,10.2264404296875,-0.9225080932617188,0.322349560546875,0.0
,4698,,,,,-76.0894775390625,-4.0283203125,-0.9115283203125,0.27501223754882814,0.0
,4699,,,,,-72.7203369140625,-3.2135009765625,-0.9285158935546876,0.23016090087890625,0.0
,4700,,,,,-73.004150390625,-8.4869384765625,-0.9519255981445313,0.18220208129882812,0.0
,4701,,,,,-72.711181640625,-13.73291015625,-0.9409458251953126,0.135071923828125,0.0
,4702,,,,,-71.6033935546875,-19.189453125,-0.9579333984375,0.05810993041992188,0.0
,4703,,,,,-70.5413818359375,-24.31640625,-0.9470572082519532,0.008597369384765624,0.0
,4704,,,,,-69.1497802734375,-28.5552978515625,-0.926547821044922,-0.029831835937500002,0.0
,4705,,,,,-67.4652099609375,-32.5927734375,-0.9323484558105469,-0.09281015625,0.0
,4706,,,,,-64.92919921875,-37.4908447265625,-0.947160791015625,-0.1702900634765625,0.0
,4707,,,,,-62.1368408203125,-40.887451171875,-0.9434318115234376,-0.22239219360351564,0.0
,4708,,,,,-60.8001708984375,-41.7022705078125,-0.9200221069335938,-0.31188770141601563,0.0
,4709,,,,,-58.0718994140625,-44.183349609375,-0.8797284118652344,-0.3591214416503906,0.0
,4710,,,,,-54.9591064453125,-46.8658447265625,-0.8596333557128907,-0.415159716796875,0.0
,4711,,,,,-52.2216796875,-48.284912109375,-0.844406689453125,-0.45876806030273437,0.0
,4712,,,,,-48.394775390625,-51.104736328125,-0.841920703125,-0.5295150878906251,0.0
,4713,,,,,-43.7530517578125,-54.327392578125,-0.8014198425292969,-0.539459033203125,0.0
,4714,,,,,-45.9869384765625,-58.19091796875,-0.7688948547363281,-0.579234814453125,0.0
,4715,,,,,-28.3721923828125,-62.017822265625,-0.726736669921875,-0.5849318664550781,0.0
,4716,,,,,-28.7567138671875,-65.1031494140625,-0.7413418395996094,-0.6657264221191407,0.0
,4717,,,,,-23.931884765625,-68.0145263671875,-0.6691446533203125,-0.6641726806640625,0.0
,4718,,,,,-18.804931640625,-71.044921875,-0.6061663330078125,-0.6987693237304687,0.0
,4719,,,,,-14.1357421875,-73.27880859375,-0.4975080139160156,-0.685303564453125,0.0
,4720,,,,,-10.693359375,-74.59716796875,-0.45887164306640627,-0.7533574401855468,0.0
,4721,,,,,-6.976318359375,-75.457763671875,-0.38284189453125,-0.7590544921875,0.0
,4722,,,,,-2.60009765625,-75.787353515625,-0.33094692993164065,-0.8006947631835938,0.0
,4723,,,,,1.666259765625,-76.3275146484375,-0.22218502807617188,-0.7944797973632812,0.0
,4724,,,,,4.7149658203125,-75.9613037109375,-0.16645750122070313,-0.8249331298828125,0.0
,4725,,,,,5.45654296875,-75.238037109375,-0.10223618774414063,-0.8362236511230469,0.0
,4726,,,,,8.9630126953125,-73.93798828125,-0.062356823730468754,-0.8665734008789063,0.0
,4727,,,,,13.275146484375,-72.4273681640625,0.00828662109375,-0.8629480041503906,0.0
,4728,,,,,15.8843994140625,-70.5780029296875,0.06308190307617188,-0.8872899536132812,0.0
,4729,,,,,20.9930419921875,-68.756103515625,0.07841215209960938,-0.9031381164550781,0.0
,4730,,,,,26.202392578125,-66.7694091796875,0.08680235595703126,-0.9067635131835938,0.0
,4731,,,,,32.6202392578125,-64.1143798828125,0.1359005859375,-0.89329775390625,0.0
,4732,,,,,38.4979248046875,-61.6241455078125,0.19753233032226564,-0.869266552734375,0.0
,4733,,,,,42.9656982421875,-59.6282958984375,0.26330738525390623,-0.8351878234863281,0.0
,4734,,,,,47.149658203125,-57.275390625,0.31965640869140627,-0.8141605224609375,0.0
,4735,,,,,51.324462890625,-54.364013671875,0.360468017578125,-0.7968622009277344,0.0
,4736,,,,,55.1605224609375,-51.3336181640625,0.4032476989746094,-0.7776993896484375,0.0
,4737,,,,,57.7972412109375,-48.3856201171875,0.46104688110351566,-0.7496284606933594,0.0
,4738,,,,,60.498046875,-44.82421875,0.5363515502929688,-0.7094383483886719,0.0
,4739,,,,,62.9241943359375,-41.0247802734375,0.6252255615234376,-0.6439740417480468,0.0
,4740,,,,,64.5721435546875,-37.8936767578125,0.6972155822753906,-0.5872106872558593,0.0
,4741,,,,,65.4327392578125,-35.19287109375,0.7359555358886719,-0.5412199401855469,0.0
,4742,,,,,65.7257080078125,-33.58154296875,0.7843286865234376,-0.497197265625,0.0
,4743,,,,,66.5496826171875,-30.1849365234375,0.8302158508300782,-0.4497563598632813,0.0
,4744,,,,,68.07861328125,-24.7283935546875,0.8618085937500001,-0.4106020751953125,0.0
,4745,,,,,68.3349609375,-20.5718994140625,0.8653304077148438,-0.40386919555664064,0.0
,4746,,,,,69.122314453125,-15.362548828125,0.8659519042968751,-0.390299853515625,0.0
,4747,,,,,69.7540283203125,-9.4573974609375,0.8806606567382813,-0.352181396484375,0.0
,4748,,,,,74.542236328125,4.4586181640625,0.8934013366699219,-0.3167560913085938,0.0
,4749,,,,,71.1181640625,3.955078125,0.8946443298339845,-0.27283699951171875,0.0
,4750,,,,,71.3836669921875,9.063720703125,0.880867822265625,-0.22529251098632813,0.0
,4751,,,,,71.209716796875,14.3646240234375,0.8807642395019532,-0.1496770935058594,0.0
,4752,,,,,70.5780029296875,19.95849609375,0.9022058715820312,-0.09115283203125,0.0
,4753,,,,,69.6258544921875,25.616455078125,0.9112175720214845,-0.024756280517578125,0.0
,4754,,,,,68.3990478515625,29.7271728515625,0.9060384338378906,0.03666829833984375,0.0
,4755,,,,,66.7144775390625,33.673095703125,0.8903974365234375,0.11207655029296876,0.0
,4756,,,,,64.434814453125,37.8662109375,0.8920547607421875,0.18199491577148438,0.0
,4757,,,,,62.21923828125,41.748046875,0.8949550781250001,0.2470448913574219,0.0
,4758,,,,,60.0128173828125,44.27490234375,0.9071778442382813,0.32649287109375,0.0
,4759,,,,,58.905029296875,44.842529296875,0.8689558044433594,0.3870887878417969,0.0
,4760,,,,,55.975341796875,47.149658203125,0.8487571655273438,0.4397088317871094,0.0
,4761,,,,,52.69775390625,50.4364013671875,0.8310445129394531,0.4719230712890625,0.0
,4762,,,,,49.749755859375,52.4688720703125,0.8405741271972657,0.5358336364746094,0.0
,4763,,,,,45.2362060546875,56.048583984375,0.7811176208496095,0.5418414367675781,0.0
,4764,,,,,39.8162841796875,60.0677490234375,0.7555326782226562,0.5728126831054687,0.0
,4765,,,,,33.819580078125,63.9495849609375,0.7214539489746093,0.5876250183105469,0.0
,4766,,,,,30.7342529296875,66.961669921875,0.6785706848144532,0.623982568359375,0.0
,4767,,,,,26.1016845703125,69.6533203125,0.5979832946777344,0.6452170349121094,0.0
,4768,,,,,20.562744140625,72.0062255859375,0.5635938171386718,0.6568183044433594,0.0
,4769,,,,,16.07666015625,74.029541015625,0.5074519592285156,0.7096455139160156,0.0
,4770,,,,,12.2955322265625,75.1739501953125,0.4653973571777344,0.776456396484375,0.0
,4771,,,,,8.5968017578125,75.7965087890625,0.41339880981445315,0.8164393432617187,0.0
,4772,,,,,3.9825439453125,76.4739990234375,0.3230746398925781,0.83363408203125,0.0
,4773,,,,,0.018310546875,76.702880859375,0.2233244384765625,0.8365343994140625,0.0
,4774,,,,,-0.6866455078125,76.629638671875,0.1785766845703125,0.8813857360839844,0.0
,4775,,,,,-3.9459228515625,75.970458984375,0.1064830810546875,0.8973374816894532,0.0
,4776,,,,,-7.9193115234375,74.5513916015625,0.0795515625,0.9340057800292969,0.0
,4777,,,,,-10.36376953125,72.5738525390625,0.03480380859375,0.945503466796875,0.0
,4778,,,,,-14.83154296875,70.86181640625,-0.02175238037109375,0.9478858703613282,0.0
,4779,,,,,-19.9127197265625,68.7103271484375,-0.08069097290039062,0.9225080932617188,0.0
,4780,,,,,-26.202392578125,66.2017822265625,-0.12398856811523438,0.8976482299804688,0.0
,4781,,,,,-32.208251953125,63.775634765625,-0.14532661743164063,0.889154443359375,0.0
,4782,,,,,-36.712646484375,61.651611328125,-0.22902149047851564,0.8418171203613282,0.0
,4783,,,,,-41.4825439453125,59.381103515625,-0.29075681762695316,0.8119852844238281,0.0
,4784,,,,,-46.490478515625,56.6253662109375,-0.35114556884765624,0.7772850585937501,0.0
,4785,,,,,-50.7568359375,53.887939453125,-0.4065623474121094,0.7692056030273438,0.0
,4786,,,,,-53.94287109375,51.7181396484375,-0.46239345703125,0.730051318359375,0.0
,4787,,,,,-57.366943359375,48.6419677734375,-0.4766878784179688,0.7088168518066407,0.0
,4788,,,,,-60.0494384765625,45.538330078125,-0.5343834777832032,0.6555753112792969,0.0
,4789,,,,,-63.3544921875,41.41845703125,-0.6125884643554688,0.6176640197753906,0.0
,4790,,,,,-65.679931640625,37.518310546875,-0.6716306396484375,0.5940471496582032,0.0
,4791,,,,,-66.229248046875,35.5316162109375,-0.7045699584960937,0.5787169006347657,0.0
,4792,,,,,-67.547607421875,31.732177734375,-0.7703450134277344,0.5152206665039063,0.0
,4793,,,,,-68.572998046875,27.6947021484375,-0.8172680053710938,0.48145268554687504,0.0
,4794,,,,,-68.3807373046875,24.774169921875,-0.8465819274902344,0.45027427368164064,0.0
,4795,,,,,-69.2230224609375,20.1690673828125,-0.8890508605957032,0.40511218872070315,0.0
,4796,,,,,-69.76318359375,15.069580078125,-0.9142214721679688,0.36564715576171875,0.0
,4797,,,,,-70.513916015625,8.5418701171875,-0.8882221984863281,0.3497989929199219,0.0
,4798,,,,,-73.5076904296875,-2.5634765625,-0.8910189331054688,0.30929813232421877,0.0
,4799,,,,,-71.209716796875,-4.2022705078125,-0.8920547607421875,0.2669327819824219,0.0
,4800,,,,,-71.3470458984375,-10.3546142578125,-0.9083172546386719,0.2064404479980469,0.0
,4801,,,,,-70.8892822265625,-16.3970947265625,-0.9158787963867188,0.15361323852539063,0.0
,4802,,,,,-70.3399658203125,-21.990966796875,-0.9317269592285157,0.06898612060546876,0.0
,4803,,,,,-69.9371337890625,-26.239013671875,-0.9467464599609375,-0.00062149658203125,0.0
,4804,,,,,-69.17724609375,-30.3955078125,-0.9303803833007813,-0.05935292358398438,0.0
,4805,,,,,-67.4835205078125,-34.808349609375,-0.9021022888183594,-0.10410067749023438,0.0
,4806,,,,,-65.5059814453125,-38.9373779296875,-0.9035524475097656,-0.17101514282226563,0.0
,4807,,,,,-63.61083984375,-41.619873046875,-0.8830430603027344,-0.24228008422851563,0.0
,4808,,,,,-62.73193359375,-42.3065185546875,-0.8614978454589844,-0.31851699829101565,0.0
,4809,,,,,-60.1043701171875,-45.794677734375,-0.826176123046875,-0.364611328125,0.0
,4810,,,,,-57.1563720703125,-48.7884521484375,-0.8084634704589844,-0.4089447509765625,0.0
,4811,,,,,-54.876708984375,-49.1729736328125,-0.7769743103027344,-0.44229840087890626,0.0
,4812,,,,,-50.7293701171875,-52.11181640625,-0.7817391174316406,-0.5165672424316406,0.0
,4813,,,,,-45.4925537109375,-56.231689453125,-0.7621619750976563,-0.5368694641113282,0.0
,4814,,,,,-40.4937744140625,-60.5621337890625,-0.7506642883300781,-0.5633866516113282,0.0
,4815,,,,,-34.3231201171875,-63.9129638671875,-0.6775348571777344,-0.5547892822265625,0.0
,4816,,,,,-31.8695068359375,-67.1173095703125,-0.6640690979003906,-0.6119669677734375,0.0
,4817,,,,,-26.312255859375,-70.5047607421875,-0.5771631591796875,-0.6143493713378907,0.0
,4818,,,,,-21.478271484375,-73.1414794921875,-0.5616257446289062,-0.6957654235839844,0.0
,4819,,,,,-17.5048828125,-74.652099609375,-0.4919145446777344,-0.71430673828125,0.0
,4820,,,,,-13.65966796875,-75.7232666015625,-0.44519871826171875,-0.7827749450683594,0.0
,4821,,,,,-8.9263916015625,-76.3824462890625,-0.33995863037109375,-0.7873325866699219,0.0
,4822,,,,,-4.7882080078125,-76.446533203125,-0.311576953125,-0.8530040588378907,0.0
,4823,,,,,-1.1444091796875,-76.2451171875,-0.239483349609375,-0.8540398864746094,0.0
,4824,,,,,2.2430419921875,-75.3570556640625,-0.1749512878417969,-0.8823179809570313,0.0
,4825,,,,,4.010009765625,-74.4598388671875,-0.09912870483398438,-0.8865648742675781,0.0
,4826,,,,,7.6995849609375,-73.53515625,-0.04340117797851563,-0.8989948059082031,0.0
,4827,,,,,11.480712890625,-72.1893310546875,0.03376798095703125,-0.8766209289550781,0.0
,4828,,,,,14.61181640625,-70.4864501953125,0.06795029296875,-0.8839753051757813,0.0
,4829,,,,,20.635986328125,-68.3807373046875,0.07530466918945312,-0.8860469604492188,0.0
,4830,,,,,26.62353515625,-66.24755859375,0.0849378662109375,-0.9116319030761719,0.0
,4831,,,,,32.025146484375,-64.306640625,0.13196444091796874,-0.8912260986328125,0.0
,4832,,,,,37.6556396484375,-61.8621826171875,0.18458448486328125,-0.8774495910644532,0.0
,4833,,,,,42.5994873046875,-59.50927734375,0.23036806640625002,-0.8390203857421875,0.0
,4834,,,,,48.15673828125,-56.35986328125,0.2854740966796875,-0.8218256469726563,0.0
,4835,,,,,52.6336669921875,-53.3477783203125,0.33892280273437503,-0.80877421875,0.0
,4836,,,,,56.048583984375,-50.628662109375,0.36616506958007816,-0.8049416564941406,0.0
,4837,,,,,59.3353271484375,-47.698974609375,0.43577268676757813,-0.7396845153808594,0.0
,4838,,,,,62.87841796875,-43.6431884765625,0.522885791015625,-0.6719413879394531,0.0
,4839,,,,,65.5426025390625,-39.9169921875,0.5669084655761719,-0.6377590759277344,0.0
,4840,,,,,67.437744140625,-36.43798828125,0.6240861511230469,-0.5904217529296876,0.0
,4841,,,,,68.84765625,-32.8216552734375,0.6820924987792969,-0.557689599609375,0.0
,4842,,,,,69.0948486328125,-30.4779052734375,0.7501463745117187,-0.5090057006835937,0.0
,4843,,,,,69.708251953125,-26.824951171875,0.8237937194824219,-0.43701567993164064,0.0
,4844,,,,,70.257568359375,-23.309326171875,0.844406689453125,-0.41236298217773437,0.0
,4845,,,,,69.873046875,-19.9493408203125,0.8569402038574219,-0.3783878356933594,0.0
,4846,,,,,70.733642578125,-13.36669921875,0.86678056640625,-0.37403735961914064,0.0
,4847,,,,,71.4752197265625,-6.5093994140625,0.8814893188476562,-0.3550817138671875,0.0
,4848,,,,,74.2034912109375,3.4881591796875,0.8849075500488282,-0.3365403991699219,0.0
,4849,,,,,72.271728515625,5.511474609375,0.8773460083007812,-0.29966493530273436,0.0
,4850,,,,,72.36328125,12.176513671875,0.8737206115722657,-0.244455322265625,0.0
,4851,,,,,72.418212890625,17.9443359375,0.8706131286621094,-0.14574094848632813,0.0
,4852,,,,,72.235107421875,21.8994140625,0.8670913146972656,-0.06722521362304688,0.0
,4853,,,,,71.575927734375,26.2298583984375,0.8685414733886719,0.01470875244140625,0.0
,4854,,,,,70.477294921875,30.79833984375,0.8960944885253906,0.10244335327148438,0.0
,4855,,,,,69.0765380859375,34.918212890625,0.8864612915039063,0.17836951904296874,0.0
,4856,,,,,67.6849365234375,38.19580078125,0.8647089111328126,0.22518892822265626,0.0
,4857,,,,,66.61376953125,40.191650390625,0.8504144897460938,0.27708389282226564,0.0
,4858,,,,,63.8580322265625,43.4051513671875,0.8605656005859376,0.35021332397460936,0.0
,4859,,,,,61.41357421875,45.556640625,0.859322607421875,0.4139167236328125,0.0
,4860,,,,,59.2803955078125,46.3531494140625,0.8664698181152344,0.48238493041992186,0.0
,4861,,,,,55.92041015625,49.786376953125,0.8080491394042969,0.4901536376953125,0.0
,4862,,,,,51.3153076171875,53.21044921875,0.7776993896484375,0.5141848388671875,0.0
,4863,,,,,46.4630126953125,57.073974609375,0.7303620666503906,0.5289971740722657,0.0
,4864,,,,,42.1600341796875,60.4522705078125,0.7280832458496094,0.5764380798339844,0.0
,4865,,,,,33.1787109375,63.885498046875,0.7026018859863281,0.6170425231933594,0.0
,4866,,,,,31.8878173828125,67.05322265625,0.6772241088867188,0.6564039733886718,0.0
,4867,,,,,26.8341064453125,69.4244384765625,0.5801670593261719,0.6602365356445312,0.0
,4868,,,,,22.6959228515625,71.15478515625,0.5481599853515625,0.7056057861328126,0.0
,4869,,,,,18.6126708984375,72.6104736328125,0.4973008483886719,0.7579150817871094,0.0
,4870,,,,,13.3941650390625,73.9654541015625,0.4488241149902344,0.8033879150390625,0.0
,4871,,,,,8.8531494140625,74.725341796875,0.41049849243164066,0.8428529479980469,0.0
,4872,,,,,5.01708984375,74.7894287109375,0.3701012145996094,0.8903974365234375,0.0
,4873,,,,,1.1993408203125,74.652099609375,0.2588533264160156,0.8771388427734376,0.0
,4874,,,,,-0.8056640625,74.2034912109375,0.1898672058105469,0.9005485473632813,0.0
,4875,,,,,-5.31005859375,73.35205078125,0.140043896484375,0.9299660522460937,0.0
,4876,,,,,-8.7615966796875,72.088623046875,0.10378992919921876,0.9635268676757813,0.0
,4877,,,,,-10.7025146484375,70.458984375,0.037393377685546875,0.9646662780761719,0.0
,4878,,,,,-15.1336669921875,68.9208984375,0.0062149658203125005,0.9704669128417969,0.0
,4879,,,,,-20.635986328125,66.5313720703125,-0.024859863281250002,0.9749209716796875,0.0
,4880,,,,,-26.7059326171875,64.16015625,-0.07602974853515625,0.9399099975585937,0.0
,4881,,,,,-31.951904296875,61.92626953125,-0.12978920288085938,0.9176397033691407,0.0
,4882,,,,,-37.4542236328125,59.674072265625,-0.1732939636230469,0.8944371643066407,0.0
,4883,,,,,-43.414306640625,56.6253662109375,-0.19618575439453126,0.8762065979003907,0.0
,4884,,,,,-48.2025146484375,53.6590576171875,-0.24631981201171876,0.8481356689453126,0.0
,4885,,,,,-52.294921875,51.01318359375,-0.31313069458007814,0.7966550354003906,0.0
,4886,,,,,-55.810546875,48.5504150390625,-0.3745552734375,0.7596759887695312,0.0
,4887,,,,,-59.6466064453125,44.970703125,-0.4334938659667969,0.7363698669433594,0.0
,4888,,,,,-62.823486328125,41.363525390625,-0.5027907348632813,0.7045699584960937,0.0
,4889,,,,,-65.0299072265625,38.0218505859375,-0.5511638854980468,0.6629296875,0.0
,4890,,,,,-66.6595458984375,35.064697265625,-0.6305082824707031,0.6160066955566407,0.0
,4891,,,,,-67.8314208984375,32.6202392578125,-0.7020839721679688,0.561004248046875,0.0
,4892,,,,,-69.085693359375,28.656005859375,-0.7734524963378906,0.4810383544921875,0.0
,4893,,,,,-69.3145751953125,25.8636474609375,-0.7828785278320313,0.45483191528320316,0.0
,4894,,,,,-68.8018798828125,23.529052734375,-0.8118817016601563,0.42033885498046875,0.0
,4895,,,,,-69.671630859375,18.2464599609375,-0.8508288208007813,0.39175001220703126,0.0
,4896,,,,,-70.3948974609375,12.6617431640625,-0.8663662353515625,0.37393377685546875,0.0
,4897,,,,,-71.19140625,7.086181640625,-0.8856326293945312,0.32794302978515627,0.0
,4898,,,,,-73.93798828125,-2.4078369140625,-0.8814893188476562,0.2848526000976563,0.0
,4899,,,,,-72.2442626953125,-4.3304443359375,-0.8926762573242187,0.22622475585937502,0.0
,4900,,,,,-72.2991943359375,-11.187744140625,-0.9166038757324219,0.15817088012695313,0.0
,4901,,,,,-72.2900390625,-16.9189453125,-0.9352487731933594,0.08566294555664063,0.0
,4902,,,,,-71.9970703125,-21.2493896484375,-0.9356631042480469,0.0169875732421875,0.0
,4903,,,,,-71.6400146484375,-25.1129150390625,-0.90655634765625,-0.0285888427734375,0.0
,4904,,,,,-70.440673828125,-29.754638671875,-0.8873935363769532,-0.09291373901367188,0.0
,4905,,,,,-68.95751953125,-33.6822509765625,-0.8786925842285157,-0.12461006469726563,0.0
,4906,,,,,-67.4652099609375,-36.785888671875,-0.854350634765625,-0.19256035766601562,0.0
,4907,,,,,-65.4876708984375,-39.7979736328125,-0.8448210205078125,-0.27086892700195314,0.0
,4908,,,,,-64.41650390625,-40.8233642578125,-0.8324946716308594,-0.33581531982421875,0.0
,4909,,,,,-61.6973876953125,-43.487548828125,-0.8217220642089844,-0.3882281982421875,0.0
,4910,,,,,-58.77685546875,-45.7763671875,-0.8289728576660157,-0.4656045227050781,0.0
,4911,,,,,-55.99365234375,-47.0947265625,-0.798001611328125,-0.5048623901367187,0.0
,4912,,,,,-51.544189453125,-50.3631591796875,-0.8161285949707031,-0.5730198486328125,0.0
,4913,,,,,-45.8404541015625,-54.30908203125,-0.7985195251464844,-0.5856569458007813,0.0
,4914,,,,,-40.594482421875,-58.4564208984375,-0.7813247863769531,-0.6136242919921875,0.0
,4915,,,,,-33.0322265625,-61.77978515625,-0.7193822937011719,-0.6104132263183594,0.0
,4916,,,,,-31.622314453125,-65.1214599609375,-0.713478076171875,-0.67453095703125,0.0
,4917,,,,,-25.982666015625,-68.206787109375,-0.6434561279296875,-0.6783635192871094,0.0
,4918,,,,,-21.27685546875,-70.367431640625,-0.6155923645019531,-0.7477639709472657,0.0
,4919,,,,,-17.2576904296875,-71.9970703125,-0.5283756774902344,-0.7538753540039063,0.0
,4920,,,,,-13.3758544921875,-73.553466796875,-0.46684751586914064,-0.79385830078125,0.0
,4921,,,,,-8.441162109375,-74.4415283203125,-0.39071418457031254,-0.8074276428222656,0.0
,4922,,,,,-3.7811279296875,-74.9908447265625,-0.3561175415039063,-0.8620157592773438,0.0
,4923,,,,,0.29296875,-75.0640869140625,-0.25460643310546877,-0.8558007934570313,0.0
,4924,,,,,4.156494140625,-74.267578125,-0.2042652099609375,-0.8958873229980469,0.0
,4925,,,,,6.5643310546875,-73.590087890625,-0.13890448608398437,-0.9018951232910156,0.0
,4926,,,,,10.29052734375,-72.69287109375,-0.06795029296875,-0.9173289550781251,0.0
,4927,,,,,13.7237548828125,-71.063232421875,-0.006111383056640625,-0.9209543518066406,0.0
,4928,,,,,16.3330078125,-68.9300537109375,0.026931518554687502,-0.9308982971191406,0.0
,4929,,,,,22.08251953125,-66.90673828125,0.06567147216796876,-0.9226116760253906,0.0
,4930,,,,,27.9693603515625,-64.5538330078125,0.096953466796875,-0.9216794311523437,0.0
,4931,,,,,33.380126953125,-62.14599609375,0.12108825073242188,-0.9237510864257813,0.0
,4932,,,,,39.1845703125,-59.6282958984375,0.1330002685546875,-0.9179504516601563,0.0
,4933,,,,,44.4854736328125,-57.1014404296875,0.19121378173828127,-0.875895849609375,0.0
,4934,,,,,50.1617431640625,-53.668212890625,0.2571960021972656,-0.8449246032714844,0.0
,4935,,,,,54.345703125,-50.93994140625,0.3146844360351563,-0.8232758056640626,0.0
,4936,,,,,57.6507568359375,-48.614501953125,0.35570321044921877,-0.7981051940917969,0.0
,4937,,,,,60.6903076171875,-45.8404541015625,0.436704931640625,-0.744967236328125,0.0
,4938,,,,,64.3341064453125,-41.6015625,0.5210213012695313,-0.7024983032226563,0.0
,4939,,,,,66.925048828125,-38.0126953125,0.5864856079101562,-0.6646905944824218,0.0
,4940,,,,,68.646240234375,-35.101318359375,0.6381734069824219,-0.6222216613769531,0.0
,4941,,,,,70.367431640625,-31.988525390625,0.7082989379882813,-0.5535462890625,0.0
,4942,,,,,70.3033447265625,-31.292724609375,0.7562577575683594,-0.5120096008300782,0.0
,4943,,,,,70.733642578125,-27.850341796875,0.7934439697265625,-0.483110009765625,0.0
,4944,,,,,71.4202880859375,-23.4100341796875,0.8489643310546875,-0.43090429687500004,0.0
,4945,,,,,70.989990234375,-20.2056884765625,0.8835609741210938,-0.37641976318359377,0.0
,4946,,,,,71.5576171875,-14.4744873046875,0.8803499084472657,-0.36450774536132813,0.0
,4947,,,,,72.10693359375,-7.2235107421875,0.8939192504882812,-0.3219352294921875,0.0
,4948,,,,,74.8992919921875,3.0853271484375,0.9133928100585937,-0.28247019653320316,0.0
,4949,,,,,73.3428955078125,5.3192138671875,0.9101817443847656,-0.23109314575195314,0.0
,4950,,,,,73.71826171875,10.5010986328125,0.9173289550781251,-0.17868026733398437,0.0
,4951,,,,,73.8006591796875,15.0421142578125,0.9254084106445313,-0.1027541015625,0.0
,4952,,,,,73.42529296875,20.0042724609375,0.9083172546386719,-0.04785523681640625,0.0
,4953,,,,,72.9400634765625,24.700927734375,0.9286194763183594,0.029831835937500002,0.0
,4954,,,,,72.0794677734375,28.0975341796875,0.9076957580566406,0.08462711791992188,0.0
,4955,,,,,70.3948974609375,32.11669921875,0.8936085021972656,0.15382040405273437,0.0
,4956,,,,,67.85888671875,36.346435546875,0.9009628784179687,0.2150378173828125,0.0
,4957,,,,,66.0919189453125,38.6627197265625,0.9152572998046875,0.30722647705078127,0.0
,4958,,,,,63.6016845703125,40.8599853515625,0.9432246459960938,0.4025226196289063,0.0
,4959,,,,,61.322021484375,42.425537109375,0.9217830139160157,0.45037785644531253,0.0
,4960,,,,,57.89794921875,44.9981689453125,0.91981494140625,0.5024799865722657,0.0
,4961,,,,,53.8330078125,48.6419677734375,0.9051061889648437,0.5404948608398438,0.0
,4962,,,,,50.555419921875,50.7843017578125,0.8763101806640625,0.5747807556152343,0.0
,4963,,,,,46.0784912109375,54.7393798828125,0.8205826538085937,0.5793383972167969,0.0
,4964,,,,,40.5120849609375,58.721923828125,0.8147820190429688,0.6116562194824219,0.0
,4965,,,,,32.55615234375,62.493896484375,0.763197802734375,0.6301975341796875,0.0
,4966,,,,,30.926513671875,65.5975341796875,0.720107373046875,0.6573362182617187,0.0
,4967,,,,,26.495361328125,68.3807373046875,0.6232574890136718,0.658786376953125,0.0
,4968,,,,,20.8740234375,70.7794189453125,0.5854497802734375,0.6660371704101563,0.0
,4969,,,,,16.0125732421875,72.6837158203125,0.5058982177734375,0.7105777587890625,0.0
,4970,,,,,11.97509765625,73.8189697265625,0.46974783325195313,0.7852609313964845,0.0
,4971,,,,,7.6995849609375,74.3408203125,0.4238606689453125,0.8272119506835938,0.0
,4972,,,,,2.2979736328125,75.03662109375,0.38843536376953125,0.8752743530273438,0.0
,4973,,,,,-2.4169921875,75.1556396484375,0.30380824584960936,0.8927798400878907,0.0
,4974,,,,,-5.291748046875,74.5330810546875,0.227882080078125,0.9058312683105469,0.0
,4975,,,,,-8.8531494140625,73.5260009765625,0.17101514282226563,0.930691131591797,0.0
,4976,,,,,-11.627197265625,72.4365234375,0.10472217407226563,0.9352487731933594,0.0
,4977,,,,,-14.520263671875,70.9442138671875,0.049719726562500004,0.9419816528320313,0.0
,4978,,,,,-18.4112548828125,69.3695068359375,0.015019500732421875,0.9532721740722656,0.0
,4979,,,,,-22.5311279296875,67.327880859375,-0.054173785400390626,0.9248904968261719,0.0
,4980,,,,,-28.6834716796875,64.8193359375,-0.087009521484375,0.9042775268554688,0.0
,4981,,,,,-34.8175048828125,62.0269775390625,-0.09125641479492187,0.9062455993652344,0.0
,4982,,,,,-39.825439453125,60.0677490234375,-0.1563063903808594,0.8660554870605469,0.0
,4983,,,,,-45.0164794921875,57.769775390625,-0.19836099243164063,0.8362236511230469,0.0
,4984,,,,,-50.262451171875,54.6661376953125,-0.27407999267578126,0.7903364868164062,0.0
,4985,,,,,-55.0048828125,51.8646240234375,-0.3519742309570313,0.7508714538574219,0.0
,4986,,,,,-58.154296875,49.9053955078125,-0.4280039794921875,0.6927615234375,0.0
,4987,,,,,-61.5142822265625,47.6165771484375,-0.4760663818359375,0.6665550842285156,0.0
,4988,,,,,-64.727783203125,43.890380859375,-0.5508531372070312,0.6296796203613282,0.0
,4989,,,,,-67.05322265625,40.0634765625,-0.5977761291503907,0.6147637023925782,0.0
,4990,,,,,-68.37158203125,37.5,-0.6629296875,0.5564466064453125,0.0
,4991,,,,,-68.81103515625,36.4654541015625,-0.705191455078125,0.5143920043945313,0.0
,4992,,,,,-69.5526123046875,33.306884765625,-0.7594688232421876,0.4634292846679688,0.0
,4993,,,,,-70.660400390625,28.3355712890625,-0.7826713623046875,0.4447843872070313,0.0
,4994,,,,,-70.5780029296875,24.9298095703125,-0.8398490478515626,0.4069766784667969,0.0
,4995,,,,,-70.806884765625,20.61767578125,-0.8710274597167968,0.3763161804199219,0.0
,4996,,,,,-71.392822265625,15.1611328125,-0.8708202941894532,0.34907391357421874,0.0
,4997,,,,,-72.61962890625,8.349609375,-0.9032416992187501,0.2939678833007813,0.0
,4998,,,,,-73.6724853515625,2.2064208984375,-0.9369060974121094,0.23979409790039063,0.0
,4999,,,,,-74.1943359375,-3.131103515625,-0.9421888183593751,0.19504634399414064,0.0
,5000,,,,,-71.5850830078125,-10.565185546875,-0.9100781616210938,0.21431273803710937,0.0
,5001,,,,,-71.37451171875,-16.3330078125,-0.9045882751464844,0.17049722900390626,0.0
,5002,,,,,-70.843505859375,-21.1944580078125,-0.9018951232910156,0.10772607421875001,0.0
,5003,,,,,-70.166015625,-25.9735107421875,-0.9105960754394532,0.0335608154296875,0.0
,5004,,,,,-68.7835693359375,-31.072998046875,-0.8840788879394531,-0.038843536376953126,0.0
,5005,,,,,-67.3828125,-35.2935791015625,-0.8727883666992188,-0.08990983886718751,0.0
,5006,,,,,-66.009521484375,-38.983154296875,-0.8660554870605469,-0.13849015502929687,0.0
,5007,,,,,-64.12353515625,-42.15087890625,-0.8443031066894532,-0.21638439331054687,0.0
,5008,,,,,-63.519287109375,-42.6727294921875,-0.8488607482910157,-0.31354502563476566,0.0
,5009,,,,,-60.5072021484375,-46.0693359375,-0.8319767578125,-0.3708262939453125,0.0
,5010,,,,,-57.31201171875,-48.8616943359375,-0.817164422607422,-0.4430234802246094,0.0
,5011,,,,,-54.8675537109375,-49.0814208984375,-0.7953084594726563,-0.4787595336914063,0.0
,5012,,,,,-50.68359375,-51.89208984375,-0.8031807495117188,-0.5483671508789063,0.0
,5013,,,,,-45.611572265625,-56.06689453125,-0.7508714538574219,-0.5453632507324219,0.0
,5014,,,,,-40.704345703125,-60.7177734375,-0.7428955810546876,-0.5813064697265625,0.0
,5015,,,,,-34.2132568359375,-64.1693115234375,-0.6992872375488282,-0.5890751770019531,0.0
,5016,,,,,-30.816650390625,-67.7032470703125,-0.6774312744140625,-0.6510176696777344,0.0
,5017,,,,,-26.07421875,-70.71533203125,-0.5942543151855469,-0.6463564453125,0.0
,5018,,,,,-22.320556640625,-72.8851318359375,-0.570948193359375,-0.7206252868652344,0.0
,5019,,,,,-17.999267578125,-74.615478515625,-0.47710220947265625,-0.7114064208984375,0.0
,5020,,,,,-14.007568359375,-75.54931640625,-0.4414697387695313,-0.7652694580078125,0.0
,5021,,,,,-8.8897705078125,-76.3641357421875,-0.3680295593261719,-0.7878505004882813,0.0
,5022,,,,,-4.669189453125,-76.849365234375,-0.33177559204101564,-0.854454217529297,0.0
,5023,,,,,-1.2176513671875,-76.9500732421875,-0.22239219360351564,-0.8393311340332031,0.0
,5024,,,,,2.069091796875,-76.6754150390625,-0.15765296630859377,-0.8630515869140625,0.0
,5025,,,,,3.936767578125,-75.9979248046875,-0.08576652832031251,-0.8611870971679688,0.0
,5026,,,,,7.7545166015625,-74.7161865234375,-0.060492333984375,-0.8869792053222657,0.0
,5027,,,,,11.7279052734375,-72.8302001953125,-0.001346575927734375,-0.8859433776855469,0.0
,5028,,,,,14.8223876953125,-70.5413818359375,0.05085913696289063,-0.8924690917968751,0.0
,5029,,,,,20.654296875,-68.3074951171875,0.08970267333984375,-0.8976482299804688,0.0
,5030,,,,,26.5869140625,-65.7623291015625,0.13030711669921877,-0.8889472778320313,0.0
,5031,,,,,32.061767578125,-63.372802734375,0.145015869140625,-0.8770352600097656,0.0
,5032,,,,,37.82958984375,-61.1572265625,0.1843773193359375,-0.859322607421875,0.0
,5033,,,,,43.39599609375,-58.7493896484375,0.245283984375,-0.8312516784667969,0.0
,5034,,,,,48.3489990234375,-56.304931640625,0.2959359558105469,-0.8119852844238281,0.0
,5035,,,,,52.2125244140625,-53.9337158203125,0.3375762268066406,-0.7841215209960938,0.0
,5036,,,,,55.99365234375,-51.0589599609375,0.3767305114746094,-0.7634049682617188,0.0
,5037,,,,,59.637451171875,-47.2503662109375,0.4430234802246094,-0.7173106384277343,0.0
,5038,,,,,62.87841796875,-43.0938720703125,0.523714453125,-0.66790166015625,0.0
,5039,,,,,64.8284912109375,-39.9169921875,0.5977761291503907,-0.6325799377441407,0.0
,5040,,,,,66.8975830078125,-35.9893798828125,0.6656228393554687,-0.6018158569335937,0.0
,5041,,,,,68.719482421875,-31.5582275390625,0.7008409790039063,-0.5700159484863282,0.0
,5042,,,,,68.5638427734375,-29.5623779296875,0.7485926330566407,-0.523714453125,0.0
,5043,,,,,68.243408203125,-26.6876220703125,0.7865039245605469,-0.48248851318359376,0.0
,5044,,,,,68.6004638671875,-22.613525390625,0.8324946716308594,-0.4619791259765625,0.0
,5045,,,,,68.4173583984375,-18.4295654296875,0.8646053283691406,-0.43204370727539065,0.0
,5046,,,,,69.085693359375,-12.3779296875,0.9001342163085938,-0.3694797180175781,0.0
,5047,,,,,69.76318359375,-6.4910888671875,0.9075921752929688,-0.32172806396484377,0.0
,5048,,,,,72.65625,3.22265625,0.889154443359375,-0.31323427734375003,0.0
,5049,,,,,70.8251953125,6.11572265625,0.8888436950683594,-0.27490865478515625,0.0
,5050,,,,,71.4019775390625,12.0025634765625,0.9059348510742188,-0.1985681579589844,0.0
,5051,,,,,71.5118408203125,16.8365478515625,0.8972338989257813,-0.12533514404296875,0.0
,5052,,,,,70.989990234375,21.3592529296875,0.885839794921875,-0.0758225830078125,0.0
,5053,,,,,70.037841796875,26.605224609375,0.9009628784179687,0.01263709716796875,0.0
,5054,,,,,69.122314453125,30.9906005859375,0.8986840576171875,0.08141605224609376,0.0
,5055,,,,,68.0419921875,34.5245361328125,0.8841824707031251,0.15382040405273437,0.0
,5056,,,,,66.082763671875,37.225341796875,0.8594261901855469,0.2088228515625,0.0
,5057,,,,,64.947509765625,38.2965087890625,0.8515539001464844,0.2952108764648438,0.0
,5058,,,,,62.4664306640625,41.7938232421875,0.8783818359375001,0.37610901489257814,0.0
,5059,,,,,60.333251953125,44.20166015625,0.8412992065429687,0.4034548645019531,0.0
,5060,,,,,58.154296875,45.59326171875,0.8223435607910157,0.44737395629882815,0.0
,5061,,,,,54.38232421875,48.760986328125,0.8094992980957032,0.49595427246093754,0.0
,5062,,,,,50.20751953125,51.8463134765625,0.8160250122070313,0.5404948608398438,0.0
,5063,,,,,45.703125,56.2408447265625,0.7643372131347657,0.5501280578613281,0.0
,5064,,,,,41.1346435546875,59.5550537109375,0.7377164428710937,0.5735377624511719,0.0
,5065,,,,,32.7392578125,62.6678466796875,0.6896540405273438,0.6103096435546875,0.0
,5066,,,,,31.5032958984375,66.119384765625,0.6622046081542969,0.6545394836425782,0.0
,5067,,,,,26.7974853515625,69.0765380859375,0.577577490234375,0.6622046081542969,0.0
,5068,,,,,22.760009765625,70.880126953125,0.5461919128417969,0.6598222045898438,0.0
,5069,,,,,18.6767578125,72.0611572265625,0.49087871704101566,0.710163427734375,0.0
,5070,,,,,13.458251953125,73.406982421875,0.4624970397949219,0.7795638793945313,0.0
,5071,,,,,8.7799072265625,74.029541015625,0.4066659301757813,0.8231722229003906,0.0
,5072,,,,,4.852294921875,73.7548828125,0.35145631713867187,0.8680235595703125,0.0
,5073,,,,,1.1627197265625,73.6358642578125,0.2640324645996094,0.8653304077148438,0.0
,5074,,,,,-1.57470703125,73.5626220703125,0.2084085205078125,0.8880150329589844,0.0
,5075,,,,,-5.584716796875,72.9949951171875,0.1421155517578125,0.9025166198730469,0.0
,5076,,,,,-8.111572265625,72.18017578125,0.09550330810546875,0.9155680480957031,0.0
,5077,,,,,-10.675048828125,70.78857421875,0.03407872924804688,0.9212651000976563,0.0
,5078,,,,,-16.0400390625,69.525146484375,0.014398004150390626,0.9419816528320313,0.0
,5079,,,,,-20.9564208984375,67.63916015625,-0.03283573608398438,0.9327627868652344,0.0
,5080,,,,,-26.165771484375,65.1947021484375,-0.09591763916015625,0.9116319030761719,0.0
,5081,,,,,-31.9610595703125,62.457275390625,-0.12616380615234377,0.9033452819824219,0.0
,5082,,,,,-38.2049560546875,59.65576171875,-0.15817088012695313,0.8960944885253906,0.0
,5083,,,,,-44.0277099609375,56.9915771484375,-0.21472706909179687,0.8566294555664062,0.0
,5084,,,,,-48.4130859375,54.473876953125,-0.2821594482421875,0.8208934020996094,0.0
,5085,,,,,-52.606201171875,51.30615234375,-0.32566420898437504,0.8040094116210937,0.0
,5086,,,,,-56.5338134765625,47.5799560546875,-0.4094626647949219,0.7570864196777344,0.0
,5087,,,,,-60.2508544921875,44.329833984375,-0.4616683776855469,0.72425068359375,0.0
,5088,,,,,-62.530517578125,42.1142578125,-0.5082806213378906,0.6772241088867188,0.0
,5089,,,,,-64.874267578125,39.0289306640625,-0.5575860168457032,0.6394164001464844,0.0
,5090,,,,,-67.4102783203125,34.8724365234375,-0.6388984863281251,0.5703266967773438,0.0
,5091,,,,,-68.463134765625,32.6385498046875,-0.7048807067871093,0.5225750427246094,0.0
,5092,,,,,-69.3695068359375,29.84619140625,-0.75408251953125,0.47896669921875,0.0
,5093,,,,,-69.8455810546875,26.8524169921875,-0.7940654663085938,0.4455094665527344,0.0
,5094,,,,,-69.195556640625,24.2340087890625,-0.8358093200683594,0.41319164428710936,0.0
,5095,,,,,-70.220947265625,18.4295654296875,-0.8636730834960937,0.38719237060546874,0.0
,5096,,,,,-71.026611328125,12.542724609375,-0.8896723571777344,0.3424446166992188,0.0
,5097,,,,,-71.6400146484375,7.03125,-0.8914332641601562,0.3241104675292969,0.0
,5098,,,,,-74.2401123046875,-2.7374267578125,-0.9147393859863282,0.2826773620605469,0.0
,5099,,,,,-72.3907470703125,-5.767822265625,-0.93970283203125,0.21855963134765627,0.0
,5100,,,,,-72.65625,-11.9293212890625,-0.9332807006835938,0.17619428100585938,0.0
,5101,,,,,-72.802734375,-16.351318359375,-0.9180540344238282,0.11725568847656251,0.0
,5102,,,,,-72.76611328125,-20.8465576171875,-0.9171217895507813,0.03387156372070313,0.0
,5103,,,,,-72.0062255859375,-25.6622314453125,-0.9042775268554688,-0.025792108154296875,0.0
,5104,,,,,-70.7427978515625,-29.791259765625,-0.8824215637207031,-0.07841215209960938,0.0
,5105,,,,,-69.4244384765625,-32.940673828125,-0.8708202941894532,-0.11321596069335937,0.0
,5106,,,,,-67.9046630859375,-37.17041015625,-0.879210498046875,-0.1964965026855469,0.0
,5107,,,,,-66.2200927734375,-40.3564453125,-0.8750671875,-0.28247019653320316,0.0
,5108,,,,,-64.92919921875,-41.3726806640625,-0.8718561218261719,-0.3612966796875,0.0
,5109,,,,,-62.1002197265625,-43.9178466796875,-0.8339448303222656,-0.40708026123046875,0.0
,5110,,,,,-58.99658203125,-45.73974609375,-0.8234829711914062,-0.45369250488281254,0.0
,5111,,,,,-55.8837890625,-46.69189453125,-0.8248295471191407,-0.49067155151367187,0.0
,5112,,,,,-50.921630859375,-50.9857177734375,-0.83031943359375,-0.5590361755371094,0.0
,5113,,,,,-45.7305908203125,-55.023193359375,-0.8057703186035157,-0.5787169006347657,0.0
,5114,,,,,-41.0430908203125,-58.575439453125,-0.7885755798339844,-0.6182855163574219,0.0
,5115,,,,,-33.4442138671875,-62.1734619140625,-0.7477639709472657,-0.6285402099609375,0.0
,5116,,,,,-32.1075439453125,-65.679931640625,-0.73750927734375,-0.6988729064941407,0.0
,5117,,,,,-26.5228271484375,-68.9666748046875,-0.6374483276367188,-0.69110419921875,0.0
,5118,,,,,-21.6796875,-71.1822509765625,-0.6035767639160157,-0.7612297302246094,0.0
,5119,,,,,-17.486572265625,-72.98583984375,-0.5273398498535157,-0.7605046508789063,0.0
,5120,,,,,-13.531494140625,-74.176025390625,-0.5143920043945313,-0.8307337646484375,0.0
,5121,,,,,-8.5418701171875,-75.0640869140625,-0.4219961791992188,-0.8389168029785157,0.0
,5122,,,,,-3.8818359375,-75.7598876953125,-0.3540458862304688,-0.8776567565917969,0.0
,5123,,,,,0.3204345703125,-75.3387451171875,-0.2672435302734375,-0.868437890625,0.0
,5124,,,,,4.3121337890625,-74.615478515625,-0.232025390625,-0.9267549865722656,0.0
,5125,,,,,6.6925048828125,-73.956298828125,-0.1500914245605469,-0.9200221069335938,0.0
,5126,,,,,10.65673828125,-72.8485107421875,-0.07903364868164063,-0.92312958984375,0.0
,5127,,,,,14.227294921875,-71.649169921875,-0.0047648071289062505,-0.9153608825683595,0.0
,5128,,,,,16.80908203125,-69.6807861328125,0.0327321533203125,-0.9285158935546876,0.0
,5129,,,,,21.6064453125,-67.6300048828125,0.07613333129882813,-0.9270657348632813,0.0
,5130,,,,,27.8961181640625,-64.947509765625,0.10606875,-0.9401171630859375,0.0
,5131,,,,,34.185791015625,-62.3291015625,0.11197296752929688,-0.9428103149414063,0.0
,5132,,,,,39.6331787109375,-59.9578857421875,0.1553741455078125,-0.9056241027832032,0.0
,5133,,,,,44.8974609375,-57.3577880859375,0.20322938232421875,-0.8777603393554688,0.0
,5134,,,,,50.3997802734375,-54.034423828125,0.26175364379882815,-0.8513467346191407,0.0
,5135,,,,,54.876708984375,-51.2969970703125,0.3249391296386719,-0.8203754882812501,0.0
,5136,,,,,58.4197998046875,-48.7060546875,0.35756770019531253,-0.8122960327148437,0.0
,5137,,,,,61.5142822265625,-45.8953857421875,0.4241714172363281,-0.763197802734375,0.0
,5138,,,,,65.0482177734375,-42.0684814453125,0.5077627075195312,-0.6999087341308594,0.0
,5139,,,,,67.584228515625,-38.323974609375,0.5621436584472657,-0.6549538146972657,0.0
,5140,,,,,69.268798828125,-35.41259765625,0.6345480102539063,-0.6131063781738282,0.0
,5141,,,,,70.49560546875,-32.244873046875,0.7131673278808593,-0.5572752685546876,0.0
,5142,,,,,70.184326171875,-31.2286376953125,0.7837071899414063,-0.5120096008300782,0.0
,5143,,,,,70.916748046875,-27.7130126953125,0.8296979370117188,-0.4637400329589844,0.0
,5144,,,,,71.7681884765625,-22.8424072265625,0.86678056640625,-0.42738248291015624,0.0
,5145,,,,,71.4569091796875,-19.15283203125,0.8992019714355469,-0.37942366333007815,0.0
,5146,,,,,72.0703125,-13.5589599609375,0.9325556213378906,-0.3528028930664063,0.0
,5147,,,,,72.5006103515625,-8.001708984375,0.9418780700683594,-0.3285645263671875,0.0
,5148,,,,,76.6204833984375,4.193115234375,0.9497503601074219,-0.2879600830078125,0.0
,5149,,,,,73.956298828125,4.6417236328125,0.9327627868652344,-0.24134783935546875,0.0
,5150,,,,,74.5697021484375,9.613037109375,0.9429138977050782,-0.17236171875,0.0
,5151,,,,,74.560546875,15.0054931640625,0.9349380249023438,-0.10410067749023438,0.0
,5152,,,,,74.08447265625,20.8099365234375,0.9261334899902344,-0.045990747070312504,0.0
,5153,,,,,73.443603515625,25.9002685546875,0.9328663696289062,0.024341949462890627,0.0
,5154,,,,,72.25341796875,29.3792724609375,0.9439497253417969,0.11321596069335937,0.0
,5155,,,,,70.3948974609375,33.1512451171875,0.9366989318847656,0.2125518310546875,0.0
,5156,,,,,67.9595947265625,36.859130859375,0.9323484558105469,0.2620643920898438,0.0
,5157,,,,,66.3299560546875,38.6810302734375,0.9408422424316406,0.33695473022460937,0.0
,5158,,,,,64.0777587890625,41.1895751953125,0.9570011535644531,0.41712778930664063,0.0
,5159,,,,,61.7340087890625,43.231201171875,0.9267549865722656,0.46311853637695316,0.0
,5160,,,,,58.245849609375,44.879150390625,0.9030345336914063,0.510455859375,0.0
,5161,,,,,53.8787841796875,48.046875,0.9013772094726563,0.5632830688476562,0.0
,5162,,,,,50.225830078125,50.1800537109375,0.8919511779785156,0.5992262878417969,0.0
,5163,,,,,45.7122802734375,53.86962890625,0.8127103637695313,0.5830673767089843,0.0
,5164,,,,,40.1275634765625,57.8704833984375,0.80048759765625,0.606684246826172,0.0
,5165,,,,,32.2357177734375,61.944580078125,0.7693091857910157,0.6383805725097657,0.0
,5166,,,,,31.1553955078125,65.5792236328125,0.7156533142089844,0.6588899597167969,0.0
,5167,,,,,26.824951171875,68.572998046875,0.6226359924316407,0.6576469665527344,0.0
,5168,,,,,21.3226318359375,71.6217041015625,0.599122705078125,0.6730807983398438,0.0
,5169,,,,,16.3421630859375,73.736572265625,0.5139776733398438,0.6859250610351563,0.0
,5170,,,,,12.0849609375,74.67041015625,0.4652937744140625,0.7525287780761719,0.0
,5171,,,,,7.818603515625,75.5218505859375,0.41930302734375,0.8163357604980469,0.0
,5172,,,,,2.4993896484375,75.970458984375,0.38222039794921875,0.8605656005859376,0.0
,5173,,,,,-2.2613525390625,75.6591796875,0.28619917602539063,0.8611870971679688,0.0
,5174,,,,,-5.3192138671875,74.9359130859375,0.22529251098632813,0.8829394775390625,0.0
,5175,,,,,-8.990478515625,73.699951171875,0.17557278442382812,0.9093530822753907,0.0
,5176,,,,,-11.883544921875,72.509765625,0.11000489501953126,0.9256155761718751,0.0
,5177,,,,,-14.61181640625,70.93505859375,0.057177685546875,0.9343165283203125,0.0
,5178,,,,,-18.4844970703125,69.3511962890625,0.021648797607421874,0.9498539428710938,0.0
,5179,,,,,-22.833251953125,67.4285888671875,-0.0236168701171875,0.935559521484375,0.0
,5180,,,,,-28.9031982421875,65.2679443359375,-0.08783818359375001,0.9083172546386719,0.0
,5181,,,,,-35.0372314453125,62.823486328125,-0.1255423095703125,0.9029309509277345,0.0
,5182,,,,,-40.191650390625,60.64453125,-0.17660861206054687,0.8675056457519531,0.0
,5183,,,,,-45.355224609375,58.5296630859375,-0.20768344116210938,0.8332197509765625,0.0
,5184,,,,,-50.6195068359375,55.5999755859375,-0.2644467956542969,0.8020413391113281,0.0
,5185,,,,,-55.279541015625,52.6885986328125,-0.3210029846191406,0.7778029724121094,0.0
,5186,,,,,-58.3831787109375,50.335693359375,-0.3984828918457031,0.7524251953125001,0.0
,5187,,,,,-61.6058349609375,47.149658203125,-0.48424942016601563,0.7039484619140626,0.0
,5188,,,,,-64.0869140625,44.4122314453125,-0.5513710510253906,0.6525714111328125,0.0
,5189,,,,,-66.796875,40.5853271484375,-0.5856569458007813,0.6168353576660156,0.0
,5190,,,,,-69.10400390625,37.0697021484375,-0.6500854248046876,0.5639045654296875,0.0
,5191,,,,,-69.3878173828125,36.1724853515625,-0.7331588012695313,0.5138740905761718,0.0
,5192,,,,,-70.257568359375,32.8582763671875,-0.7771814758300781,0.4684012573242188,0.0
,5193,,,,,-71.4569091796875,28.52783203125,-0.8038022460937501,0.4392945007324219,0.0
,5194,,,,,-70.843505859375,25.8453369140625,-0.8432672790527344,0.40625159912109376,0.0
,5195,,,,,-71.2646484375,21.27685546875,-0.8653304077148438,0.38035590820312504,0.0
,5196,,,,,-71.7041015625,15.41748046875,-0.8677128112792969,0.3567390380859375,0.0
,5197,,,,,-72.564697265625,8.349609375,-0.8829394775390625,0.32379971923828127,0.0
,5198,,,,,-75.6317138671875,-2.0233154296875,-0.9254084106445313,0.2650682922363281,0.0
,5199,,,,,-73.5260009765625,-3.11279296875,-0.934730859375,0.23016090087890625,0.0
,5200,,,,,-73.681640625,-8.2763671875,-0.9279979797363281,0.18603464355468752,0.0
,5201,,,,,-73.35205078125,-13.8336181640625,-0.9434318115234376,0.113526708984375,0.0
,5202,,,,,-72.637939453125,-19.2352294921875,-0.9594871398925782,0.03449306030273438,0.0
,5203,,,,,-71.795654296875,-23.1903076171875,-0.9486109497070313,-0.03045333251953125,0.0
,5204,,,,,-70.2850341796875,-27.227783203125,-0.9175361206054687,-0.08504144897460937,0.0
,5205,,,,,-67.9229736328125,-31.8695068359375,-0.9232331726074219,-0.13849015502929687,0.0
,5206,,,,,-65.606689453125,-36.126708984375,-0.9327627868652344,-0.2192847106933594,0.0
,5207,,,,,-63.4368896484375,-38.5345458984375,-0.9256155761718751,-0.3042225769042969,0.0
,5208,,,,,-62.1826171875,-38.8641357421875,-0.8946443298339845,-0.36492207641601565,0.0
,5209,,,,,-59.2437744140625,-41.8121337890625,-0.8712346252441406,-0.41132715454101565,0.0
,5210,,,,,-56.2774658203125,-45.0164794921875,-0.8665734008789063,-0.45980388793945315,0.0
,5211,,,,,-53.668212890625,-45.99609375,-0.8117781188964844,-0.4716123229980469,0.0
,5212,,,,,-49.365234375,-49.1180419921875,-0.8169572570800782,-0.5282720947265626,0.0
,5213,,,,,-44.0093994140625,-52.8717041015625,-0.7981051940917969,-0.5508531372070312,0.0
,5214,,,,,-38.580322265625,-57.1563720703125,-0.7788388000488281,-0.5879357666015625,0.0
,5215,,,,,-32.26318359375,-60.791015625,-0.7340910461425781,-0.5806849731445313,0.0
,5216,,,,,-29.2327880859375,-64.031982421875,-0.7223861938476562,-0.6558860595703125,0.0
,5217,,,,,-23.6572265625,-67.254638671875,-0.6420059692382812,-0.6576469665527344,0.0
,5218,,,,,-18.914794921875,-69.8822021484375,-0.5961188049316406,-0.7009445617675781,0.0
,5219,,,,,-14.9139404296875,-71.8231201171875,-0.5203998046875,-0.7081953552246094,0.0
,5220,,,,,-10.65673828125,-73.1781005859375,-0.4653973571777344,-0.7500427917480469,0.0
,5221,,,,,-5.2642822265625,-74.1302490234375,-0.37227645263671877,-0.7500427917480469,0.0
,5222,,,,,-0.8514404296875,-74.59716796875,-0.37279436645507813,-0.8199611572265625,0.0
,5223,,,,,2.7374267578125,-74.6795654296875,-0.2917926452636719,-0.8304230163574219,0.0
,5224,,,,,6.33544921875,-74.30419921875,-0.2491165466308594,-0.8744456909179688,0.0
,5225,,,,,8.404541015625,-73.5260009765625,-0.14284063110351564,-0.8625336730957032,0.0
,5226,,,,,11.8743896484375,-72.1893310546875,-0.07219718627929687,-0.8683343078613281,0.0
,5227,,,,,15.2801513671875,-70.806884765625,-0.024549114990234377,-0.8779675048828125,0.0
,5228,,,,,17.9168701171875,-69.10400390625,0.018023400878906252,-0.9146358032226563,0.0
,5229,,,,,23.3642578125,-67.0806884765625,0.07105777587890626,-0.9079029235839844,0.0
,5230,,,,,28.9947509765625,-64.8101806640625,0.09881795654296875,-0.8912260986328125,0.0
,5231,,,,,34.1766357421875,-62.9058837890625,0.13558983764648438,-0.8653304077148438,0.0
,5232,,,,,39.4866943359375,-60.9100341796875,0.18282357788085937,-0.8451317687988281,0.0
,5233,,,,,44.3023681640625,-58.7310791015625,0.2150378173828125,-0.8365343994140625,0.0
,5234,,,,,49.76806640625,-55.5816650390625,0.2702474304199219,-0.8085670532226563,0.0
,5235,,,,,54.0618896484375,-52.6702880859375,0.3335364990234375,-0.7818427001953125,0.0
,5236,,,,,57.23876953125,-50.0885009765625,0.3860529602050781,-0.7548075988769531,0.0
,5237,,,,,59.9029541015625,-47.6806640625,0.4407446594238281,-0.7178285522460938,0.0
,5238,,,,,63.262939453125,-43.798828125,0.5193639770507813,-0.6657264221191407,0.0
,5239,,,,,65.73486328125,-40.557861328125,0.603266015625,-0.6109311401367188,0.0
,5240,,,,,66.375732421875,-39.5599365234375,0.6648977600097656,-0.565976220703125,0.0
,5241,,,,,67.4835205078125,-36.456298828125,0.7194858764648437,-0.5236108703613281,0.0
,5242,,,,,68.5089111328125,-33.0230712890625,0.7619548095703125,-0.4830064270019531,0.0
,5243,,,,,68.3807373046875,-30.1025390625,0.8011090942382812,-0.4476847045898438,0.0
,5244,,,,,68.6737060546875,-26.0467529296875,0.8475141723632813,-0.4089447509765625,0.0
,5245,,,,,68.9849853515625,-21.38671875,0.8716489562988281,-0.3754875183105469,0.0
,5246,,,,,69.7357177734375,-15.27099609375,0.9012736267089844,-0.3335364990234375,0.0
,5247,,,,,70.5047607421875,-8.953857421875,0.9023094543457032,-0.3128199462890625,0.0
,5248,,,,,67.56591796875,-8.953857421875,0.9011700439453125,-0.2839203552246094,0.0
,5249,,,,,72.9766845703125,5.474853515625,0.9196077758789063,-0.23181822509765626,0.0
,5250,,,,,71.74072265625,7.14111328125,0.9133928100585937,-0.17847310180664064,0.0
,5251,,,,,71.5576171875,13.0645751953125,0.9137035583496094,-0.10627591552734375,0.0
,5252,,,,,71.1181640625,18.05419921875,0.9270657348632813,-0.040604443359375,0.0
,5253,,,,,70.5963134765625,22.44873046875,0.9293445556640625,0.019887890625,0.0
,5254,,,,,69.3145751953125,26.8157958984375,0.9311054626464844,0.08224471435546875,0.0
,5255,,,,,67.5750732421875,31.6314697265625,0.9138071411132813,0.13942239990234376,0.0
,5256,,,,,65.679931640625,35.7147216796875,0.9155680480957031,0.20374729614257814,0.0
,5257,,,,,63.482666015625,39.093017578125,0.9012736267089844,0.28744216918945314,0.0
,5258,,,,,61.1663818359375,41.9677734375,0.9097674133300782,0.3609859313964844,0.0
,5259,,,,,59.4451904296875,43.5333251953125,0.8849075500488282,0.40500860595703125,0.0
,5260,,,,,56.4239501953125,46.0235595703125,0.8826287292480469,0.4641543640136719,0.0
,5261,,,,,53.21044921875,48.6602783203125,0.8783818359375001,0.5098343627929688,0.0
,5262,,,,,49.69482421875,50.8209228515625,0.854454217529297,0.5496101440429688,0.0
,5263,,,,,44.6136474609375,54.913330078125,0.8205826538085937,0.5806849731445313,0.0
,5264,,,,,39.2669677734375,58.7677001953125,0.8260725402832032,0.61486728515625,0.0
,5265,,,,,31.915283203125,62.14599609375,0.7750062377929687,0.6353766723632813,0.0
,5266,,,,,29.69970703125,65.8172607421875,0.7280832458496094,0.6477030212402344,0.0
,5267,,,,,24.8382568359375,68.8385009765625,0.6519499145507812,0.6556788940429688,0.0
,5268,,,,,19.2352294921875,71.0540771484375,0.6285402099609375,0.6819889160156251,0.0
,5269,,,,,14.5477294921875,73.114013671875,0.5714661071777344,0.6968012512207031,0.0
,5270,,,,,10.2630615234375,74.395751953125,0.5102486938476563,0.7482818847656251,0.0
,5271,,,,,5.9600830078125,74.9359130859375,0.43256162109375,0.7852609313964845,0.0
,5272,,,,,0.8148193359375,75.7965087890625,0.3858457946777344,0.8375702270507813,0.0
,5273,,,,,-3.4881591796875,76.1444091796875,0.30722647705078127,0.8652268249511719,0.0
,5274,,,,,-5.23681640625,75.8148193359375,0.24714847412109375,0.8905010192871095,0.0
,5275,,,,,-8.331298828125,75.1556396484375,0.16811482543945314,0.9021022888183594,0.0
,5276,,,,,-11.517333984375,74.0478515625,0.11155863647460938,0.9210579345703125,0.0
,5277,,,,,-13.568115234375,72.198486328125,0.05034122314453125,0.9235439208984375,0.0
,5278,,,,,-17.4407958984375,70.3216552734375,0.003418231201171875,0.9294481384277344,0.0
,5279,,,,,-22.3663330078125,68.316650390625,-0.05603827514648438,0.9253048278808594,0.0
,5280,,,,,-28.3355712890625,66.2200927734375,-0.10327201538085938,0.9027237854003907,0.0
,5281,,,,,-34.27734375,64.0045166015625,-0.12326348876953125,0.905727685546875,0.0
,5282,,,,,-39.3951416015625,61.7156982421875,-0.18634539184570312,0.8791069152832032,0.0
,5283,,,,,-44.4305419921875,59.2529296875,-0.2287107421875,0.8530040588378907,0.0
,5284,,,,,-49.2462158203125,56.707763671875,-0.3096088806152344,0.7978980285644531,0.0
,5285,,,,,-53.61328125,54.19921875,-0.39351091918945313,0.7526323608398438,0.0
,5286,,,,,-56.671142578125,52.2216796875,-0.4695406677246094,0.7047771240234375,0.0
,5287,,,,,-59.490966796875,49.346923828125,-0.5321046569824219,0.6700768981933594,0.0
,5288,,,,,-62.347412109375,45.7672119140625,-0.59497939453125,0.6368268310546875,0.0
,5289,,,,,-64.8651123046875,42.095947265625,-0.6596150390625001,0.5951865600585937,0.0
,5290,,,,,-66.1376953125,38.7451171875,-0.710163427734375,0.5577931823730469,0.0
,5291,,,,,-66.339111328125,37.4176025390625,-0.7564649230957031,0.5207105529785157,0.0
,5292,,,,,-66.97998046875,34.368896484375,-0.7842251037597656,0.48870347900390626,0.0
,5293,,,,,-67.93212890625,29.77294921875,-0.8189253295898438,0.4572143188476563,0.0
,5294,,,,,-67.67578125,26.69677734375,-0.8840788879394531,0.41547046508789065,0.0
,5295,,,,,-68.26171875,22.0733642578125,-0.9245797485351562,0.38056307373046877,0.0
,5296,,,,,-69.1864013671875,16.11328125,-0.9414637390136719,0.34078729248046874,0.0
,5297,,,,,-70.4864501953125,8.9447021484375,-0.9483002014160157,0.3061906494140625,0.0
,5298,,,,,-71.6217041015625,2.4627685546875,-0.9369060974121094,0.27604806518554686,0.0
,5299,,,,,-72.418212890625,-3.131103515625,-0.922404510498047,0.24310874633789062,0.0
,5300,,,,,-72.3541259765625,-8.258056640625,-0.9278943969726563,0.181477001953125,0.0
,5301,,,,,-72.3724365234375,-13.00048828125,-0.9556545776367188,0.11870584716796875,0.0
,5302,,,,,-71.9512939453125,-19.2352294921875,-0.9498539428710938,0.06867537231445313,0.0
,5303,,,,,-70.989990234375,-24.4354248046875,-0.945503466796875,0.016055328369140625,0.0
,5304,,,,,-69.561767578125,-28.5369873046875,-0.9688095886230469,-0.0700219482421875,0.0
,5305,,,,,-67.7398681640625,-32.62939453125,-0.9578298156738282,-0.11860226440429687,0.0
,5306,,,,,-65.2313232421875,-37.2161865234375,-0.9287230590820312,-0.1669754150390625,0.0
,5307,,,,,-62.4847412109375,-40.8050537109375,-0.9227152587890626,-0.23430421142578126,0.0
,5308,,,,,-61.1846923828125,-41.839599609375,-0.9085244201660156,-0.3148916015625,0.0
,5309,,,,,-58.8043212890625,-44.71435546875,-0.88335380859375,-0.36813314208984377,0.0
,5310,,,,,-55.8197021484375,-47.589111328125,-0.8625336730957032,-0.42976488647460936,0.0
,5311,,,,,-53.0364990234375,-48.9990234375,-0.81706083984375,-0.45441758422851564,0.0
,5312,,,,,-49.2645263671875,-52.0294189453125,-0.8216184814453126,-0.5128382629394531,0.0
,5313,,,,,-44.53125,-55.2978515625,-0.8076348083496094,-0.5340727294921875,0.0
,5314,,,,,-46.7559814453125,-59.14306640625,-0.8032843322753906,-0.5732270141601563,0.0
,5315,,,,,-28.9306640625,-62.786865234375,-0.7511822021484376,-0.5772667419433594,0.0
,5316,,,,,-29.461669921875,-66.3299560546875,-0.7656837890625,-0.6602365356445312,0.0
,5317,,,,,-24.664306640625,-69.5892333984375,-0.683646240234375,-0.6558860595703125,0.0
,5318,,,,,-19.4549560546875,-72.0977783203125,-0.6382769897460938,-0.7254936767578125,0.0
,5319,,,,,-14.83154296875,-74.1485595703125,-0.5371802124023438,-0.7181393005371094,0.0
,5320,,,,,-11.114501953125,-75.0823974609375,-0.479795361328125,-0.7619548095703125,0.0
,5321,,,,,-6.756591796875,-76.0162353515625,-0.38449921875000004,-0.7587437438964844,0.0
,5322,,,,,-2.1514892578125,-76.7120361328125,-0.35321722412109374,-0.8262797058105469,0.0
,5323,,,,,1.9683837890625,-77.16064453125,-0.25263836059570316,-0.8229650573730469,0.0
,5324,,,,,4.8431396484375,-76.885986328125,-0.16749332885742188,-0.8403669616699219,0.0
,5325,,,,,5.6396484375,-76.3458251953125,-0.07437242431640625,-0.8330125854492187,0.0
,5326,,,,,9.246826171875,-75.18310546875,-0.04174385375976562,-0.862740838623047,0.0
,5327,,,,,13.934326171875,-73.7457275390625,0.021855963134765625,-0.858597528076172,0.0
,5328,,,,,16.5618896484375,-72.1343994140625,0.07105777587890626,-0.869266552734375,0.0
,5329,,,,,21.533203125,-70.2484130859375,0.09229224243164062,-0.8986840576171875,0.0
,5330,,,,,26.7974853515625,-67.822265625,0.1093833984375,-0.9163967102050782,0.0
,5331,,,,,33.0230712890625,-65.4510498046875,0.15931029052734375,-0.8911225158691407,0.0
,5332,,,,,38.78173828125,-63.02490234375,0.2125518310546875,-0.8495858276367187,0.0
,5333,,,,,43.267822265625,-60.46142578125,0.2415550048828125,-0.8373630615234375,0.0
,5334,,,,,47.735595703125,-57.952880859375,0.294175048828125,-0.817889501953125,0.0
,5335,,,,,52.11181640625,-54.730224609375,0.3506276550292969,-0.8005911804199219,0.0
,5336,,,,,55.95703125,-51.81884765625,0.400243798828125,-0.7826713623046875,0.0
,5337,,,,,58.538818359375,-49.5025634765625,0.4728553161621094,-0.740927508544922,0.0
,5338,,,,,61.4044189453125,-46.124267578125,0.5575860168457032,-0.6867537231445313,0.0
,5339,,,,,63.592529296875,-42.88330078125,0.6277115478515625,-0.6501890075683594,0.0
,5340,,,,,65.9637451171875,-38.1500244140625,0.6964905029296875,-0.6141422058105469,0.0
,5341,,,,,67.5018310546875,-34.3414306640625,0.7530466918945313,-0.5715696899414062,0.0
,5342,,,,,67.254638671875,-33.4625244140625,0.8018341735839845,-0.5205033874511719,0.0
,5343,,,,,68.1427001953125,-30.047607421875,0.8443031066894532,-0.48010610961914063,0.0
,5344,,,,,69.3603515625,-25.0030517578125,0.8763101806640625,-0.44022674560546876,0.0
,5345,,,,,69.3145751953125,-20.709228515625,0.8931941711425782,-0.4007617126464844,0.0
,5346,,,,,70.05615234375,-15.380859375,0.8936085021972656,-0.38139173583984376,0.0
,5347,,,,,70.7244873046875,-9.466552734375,0.8883257812500001,-0.3652328247070313,0.0
,5348,,,,,75.54931640625,4.4219970703125,0.905727685546875,-0.32545704345703125,0.0
,5349,,,,,72.1160888671875,4.0557861328125,0.9255119934082031,-0.2692116027832031,0.0
,5350,,,,,72.3907470703125,9.4390869140625,0.9073850097656251,-0.229539404296875,0.0
,5351,,,,,72.0794677734375,14.8681640625,0.9192970275878907,-0.1500914245605469,0.0
,5352,,,,,71.282958984375,20.3521728515625,0.9400135803222657,-0.08069097290039062,0.0
,5353,,,,,70.3948974609375,25.74462890625,0.937216845703125,-0.0004143310546875,0.0
,5354,,,,,69.10400390625,29.8095703125,0.9247869140625,0.06080308227539063,0.0
,5355,,,,,67.4285888671875,33.966064453125,0.920643603515625,0.13196444091796874,0.0
,5356,,,,,65.22216796875,38.580322265625,0.92312958984375,0.18551672973632813,0.0
,5357,,,,,62.933349609375,42.718505859375,0.9105960754394532,0.2589569091796875,0.0
,5358,,,,,60.8001708984375,45.172119140625,0.8996163024902344,0.3311540954589844,0.0
,5359,,,,,59.65576171875,45.59326171875,0.8873935363769532,0.4005545471191406,0.0
,5360,,,,,56.8267822265625,47.9278564453125,0.8815929016113282,0.4652937744140625,0.0
,5361,,,,,53.43017578125,51.361083984375,0.8363272338867188,0.5018584899902344,0.0
,5362,,,,,50.0885009765625,52.880859375,0.8192360778808594,0.5338655639648437,0.0
,5363,,,,,45.5841064453125,56.488037109375,0.7849501831054688,0.544431005859375,0.0
,5364,,,,,40.46630859375,60.4339599609375,0.7565685058593751,0.5773703247070313,0.0
,5365,,,,,33.526611328125,64.0045166015625,0.7261151733398438,0.6196320922851563,0.0
,5366,,,,,30.9906005859375,66.97998046875,0.7064344482421875,0.6528821594238281,0.0
,5367,,,,,26.4495849609375,69.9920654296875,0.6356874206542968,0.6722521362304688,0.0
,5368,,,,,20.947265625,72.9400634765625,0.5798563110351562,0.6711127258300782,0.0
,5369,,,,,16.3604736328125,74.8260498046875,0.48673540649414065,0.701876806640625,0.0
,5370,,,,,12.6983642578125,76.1810302734375,0.4396052490234375,0.7592616577148438,0.0
,5371,,,,,8.624267578125,76.922607421875,0.40635518188476566,0.8160250122070313,0.0
,5372,,,,,4.5684814453125,77.4078369140625,0.3694797180175781,0.8666769836425782,0.0
,5373,,,,,0.0274658203125,77.23388671875,0.261028564453125,0.870923876953125,0.0
,5374,,,,,-1.8310546875,76.373291015625,0.18396298828125002,0.8976482299804688,0.0
,5375,,,,,-4.50439453125,75.6591796875,0.13890448608398437,0.9282051452636719,0.0
,5376,,,,,-7.4249267578125,74.4140625,0.07965514526367187,0.945503466796875,0.0
,5377,,,,,-10.14404296875,71.9879150390625,0.017505487060546877,0.9487145324707031,0.0
,5378,,,,,-15.19775390625,69.818115234375,-0.02838167724609375,0.9473679565429688,0.0
,5379,,,,,-19.9493408203125,67.63916015625,-0.05945650634765625,0.9418780700683594,0.0
,5380,,,,,-25.323486328125,65.679931640625,-0.12958203735351562,0.9190898620605469,0.0
,5381,,,,,-31.475830078125,63.2080078125,-0.18800271606445312,0.9043811096191406,0.0
,5382,,,,,-36.95068359375,60.882568359375,-0.24228008422851563,0.860979931640625,0.0
,5383,,,,,-41.4825439453125,58.5113525390625,-0.2704545959472656,0.8313552612304688,0.0
,5384,,,,,-45.8770751953125,56.2774658203125,-0.3347794921875,0.8076348083496094,0.0
,5385,,,,,-50.4180908203125,53.4393310546875,-0.36699373168945315,0.7862967590332032,0.0
,5386,,,,,-53.961181640625,50.68359375,-0.4322508728027344,0.7505607055664063,0.0
,5387,,,,,-56.8634033203125,48.046875,-0.4788631164550781,0.7313978942871094,0.0
,5388,,,,,-59.564208984375,44.93408203125,-0.5468134094238282,0.6763954467773438,0.0
,5389,,,,,-62.5579833984375,40.72265625,-0.5977761291503907,0.6383805725097657,0.0
,5390,,,,,-64.5904541015625,36.8408203125,-0.6465636108398438,0.5978797119140625,0.0
,5391,,,,,-65.0482177734375,35.0921630859375,-0.6992872375488282,0.5524068786621094,0.0
,5392,,,,,-66.2017822265625,31.4208984375,-0.7546004333496094,0.5099379455566406,0.0
,5393,,,,,-67.1722412109375,27.593994140625,-0.7843286865234376,0.47751654052734377,0.0
,5394,,,,,-67.2271728515625,24.4903564453125,-0.8259689575195313,0.436704931640625,0.0
,5395,,,,,-68.0145263671875,19.6929931640625,-0.8708202941894532,0.39278583984375004,0.0
,5396,,,,,-68.6004638671875,14.556884765625,-0.8849075500488282,0.3499025756835938,0.0
,5397,,,,,-69.580078125,7.9010009765625,-0.88335380859375,0.3216244812011719,0.0
,5398,,,,,-72.3724365234375,-2.2613525390625,-0.8771388427734376,0.3001828491210938,0.0
,5399,,,,,-70.60546875,-4.156494140625,-0.9039667785644532,0.2516025329589844,0.0
,5400,,,,,-70.8160400390625,-10.0250244140625,-0.9134963928222657,0.20146847534179688,0.0
,5401,,,,,-70.5322265625,-15.948486328125,-0.909974578857422,0.141701220703125,0.0
,5402,,,,,-70.0927734375,-21.5606689453125,-0.9187791137695313,0.07893006591796875,0.0
,5403,,,,,-69.54345703125,-25.59814453125,-0.9080065063476562,0.025895690917968752,0.0
,5404,,,,,-68.5272216796875,-29.8553466796875,-0.8977518127441406,-0.05230929565429688,0.0
,5405,,,,,-66.796875,-34.4512939453125,-0.8986840576171875,-0.11135147094726563,0.0
,5406,,,,,-64.874267578125,-38.8092041015625,-0.8985804748535157,-0.1611747802734375,0.0
,5407,,,,,-63.1805419921875,-41.7388916015625,-0.8759994323730469,-0.2291250732421875,0.0
,5408,,,,,-62.347412109375,-42.4346923828125,-0.8496894104003907,-0.31830983276367186,0.0
,5409,,,,,-59.5458984375,-45.135498046875,-0.8231722229003906,-0.36481849365234376,0.0
,5410,,,,,-56.6162109375,-47.607421875,-0.8238973022460938,-0.4264502380371094,0.0
,5411,,,,,-54.217529296875,-48.30322265625,-0.7831892761230469,-0.446648876953125,0.0
,5412,,,,,-50.06103515625,-51.26953125,-0.7667196166992187,-0.5056910522460938,0.0
,5413,,,,,-44.7601318359375,-55.352783203125,-0.7456923156738281,-0.5257861083984375,0.0
,5414,,,,,-39.6331787109375,-59.5916748046875,-0.751596533203125,-0.5765416625976563,0.0
,5415,,,,,-33.636474609375,-62.9241943359375,-0.6702840637207031,-0.567633544921875,0.0
,5416,,,,,-30.999755859375,-66.229248046875,-0.6568183044433594,-0.6450098693847657,0.0
,5417,,,,,-25.78125,-69.2413330078125,-0.5990191223144531,-0.6450098693847657,0.0
,5418,,,,,-21.240234375,-71.4935302734375,-0.5738485107421876,-0.7104741760253906,0.0
,5419,,,,,-17.633056640625,-73.3795166015625,-0.4977151794433594,-0.7189679626464844,0.0
,5420,,,,,-14.1448974609375,-74.89013671875,-0.4612540466308594,-0.7865039245605469,0.0
,5421,,,,,-9.1827392578125,-75.933837890625,-0.3659579040527344,-0.7903364868164062,0.0
,5422,,,,,-4.833984375,-76.2542724609375,-0.3105411254882813,-0.8319767578125,0.0
,5423,,,,,-1.629638671875,-76.0528564453125,-0.22311727294921876,-0.8431636962890625,0.0
,5424,,,,,1.9134521484375,-75.3753662109375,-0.1795089294433594,-0.8881186157226563,0.0
,5425,,,,,4.0740966796875,-74.3316650390625,-0.1122837158203125,-0.8926762573242187,0.0
,5426,,,,,7.6080322265625,-72.967529296875,-0.05873142700195313,-0.9185719482421876,0.0
,5427,,,,,11.4349365234375,-71.319580078125,0.004868389892578125,-0.910699658203125,0.0
,5428,,,,,14.4927978515625,-69.17724609375,0.027449432373046877,-0.918986279296875,0.0
,5429,,,,,20.526123046875,-67.0440673828125,0.0658786376953125,-0.9177432861328125,0.0
,5430,,,,,26.40380859375,-65.0390625,0.1081404052734375,-0.9050026062011719,0.0
,5431,,,,,31.7138671875,-63.079833984375,0.15516697998046874,-0.8866684570312501,0.0
,5432,,,,,37.408447265625,-61.12060546875,0.19152453002929687,-0.8701987976074219,0.0
,5433,,,,,43.0755615234375,-58.7127685546875,0.24134783935546875,-0.8244152160644531,0.0
,5434,,,,,48.2025146484375,-55.8563232421875,0.2828845275878906,-0.8100172119140625,0.0
,5435,,,,,51.800537109375,-53.8970947265625,0.3354009887695313,-0.7760420654296876,0.0
,5436,,,,,55.517578125,-51.4068603515625,0.3799415771484375,-0.7456923156738281,0.0
,5437,,,,,59.1705322265625,-47.5067138671875,0.4414697387695313,-0.7188643798828125,0.0
,5438,,,,,62.274169921875,-42.9473876953125,0.5000975830078125,-0.713478076171875,0.0
,5439,,,,,64.1693115234375,-39.4683837890625,0.5790276489257813,-0.6637583496093751,0.0
,5440,,,,,66.4306640625,-35.8978271484375,0.6345480102539063,-0.6251219787597656,0.0
,5441,,,,,67.9779052734375,-32.354736328125,0.669558984375,-0.5903181701660156,0.0
,5442,,,,,68.115234375,-30.2032470703125,0.72093603515625,-0.5372837951660157,0.0
,5443,,,,,68.7103271484375,-26.6143798828125,0.7813247863769531,-0.48352434082031254,0.0
,5444,,,,,69.2596435546875,-22.760009765625,0.8199611572265625,-0.4450951354980469,0.0
,5445,,,,,69.140625,-19.2535400390625,0.8454425170898437,-0.4095662475585938,0.0
,5446,,,,,70.1019287109375,-12.6251220703125,0.8770352600097656,-0.36678656616210936,0.0
,5447,,,,,70.4864501953125,-6.353759765625,0.8842860534667969,-0.33042901611328124,0.0
,5448,,,,,73.809814453125,3.6895751953125,0.8679199768066407,-0.31178411865234373,0.0
,5449,,,,,71.8231201171875,5.181884765625,0.8685414733886719,-0.2673471130371094,0.0
,5450,,,,,72.1160888671875,11.53564453125,0.8801427429199219,-0.21824888305664064,0.0
,5451,,,,,72.161865234375,17.5140380859375,0.8834573913574219,-0.1620034423828125,0.0
,5452,,,,,71.6033935546875,21.4599609375,0.8931941711425782,-0.08359129028320313,0.0
,5453,,,,,70.843505859375,25.7904052734375,0.9043811096191406,0.015640997314453127,0.0
,5454,,,,,69.98291015625,30.9173583984375,0.8949550781250001,0.08276262817382812,0.0
,5455,,,,,68.5089111328125,35.3851318359375,0.8720632873535157,0.14843410034179688,0.0
,5456,,,,,66.8243408203125,38.12255859375,0.8751707702636718,0.2213563659667969,0.0
,5457,,,,,65.8905029296875,39.51416015625,0.8536255554199219,0.29686820068359376,0.0
,5458,,,,,63.1072998046875,42.5628662109375,0.8424386169433594,0.35373513793945316,0.0
,5459,,,,,60.7635498046875,44.842529296875,0.8363272338867188,0.41329522705078126,0.0
,5460,,,,,58.88671875,46.3348388671875,0.8478249206542969,0.4840422546386719,0.0
,5461,,,,,55.517578125,49.6124267578125,0.8240008850097656,0.5089021179199219,0.0
,5462,,,,,50.9765625,52.6611328125,0.8053559875488282,0.53863037109375,0.0
,5463,,,,,46.1334228515625,56.5338134765625,0.7612297302246094,0.5505423889160156,0.0
,5464,,,,,41.63818359375,59.6923828125,0.7590544921875,0.5933220703125001,0.0
,5465,,,,,32.6385498046875,63.2537841796875,0.7005302307128907,0.6266757202148437,0.0
,5466,,,,,31.5948486328125,66.8609619140625,0.6810566711425782,0.6643798461914062,0.0
,5467,,,,,26.77001953125,69.4793701171875,0.5921826599121094,0.6584756286621094,0.0
,5468,,,,,22.6776123046875,71.1181640625,0.5349013916015625,0.6543323181152344,0.0
,5469,,,,,18.71337890625,72.509765625,0.4939861999511719,0.7191751281738281,0.0
,5470,,,,,13.76953125,73.809814453125,0.4561784912109375,0.7869182556152344,0.0
,5471,,,,,9.210205078125,74.5697021484375,0.3965148193359375,0.8198575744628906,0.0
,5472,,,,,5.2093505859375,75.054931640625,0.3363332336425781,0.8590118591308594,0.0
,5473,,,,,1.3824462890625,74.8443603515625,0.2614428955078125,0.8795212463378906,0.0
,5474,,,,,-0.69580078125,74.4964599609375,0.18717405395507813,0.8950586608886719,0.0
,5475,,,,,-5.364990234375,73.9288330078125,0.13994031372070312,0.9103889099121094,0.0
,5476,,,,,-8.770751953125,73.0133056640625,0.09270657348632813,0.923958251953125,0.0
,5477,,,,,-11.114501953125,71.484375,0.0261028564453125,0.9229224243164063,0.0
,5478,,,,,-15.7745361328125,69.927978515625,0.001346575927734375,0.9463321289062501,0.0
,5479,,,,,-21.0845947265625,68.0419921875,-0.023513287353515627,0.94301748046875,0.0
,5480,,,,,-27.3101806640625,65.8721923828125,-0.07654766235351562,0.9219901794433594,0.0
,5481,,,,,-32.6019287109375,63.57421875,-0.12616380615234377,0.8955765747070312,0.0
,5482,,,,,-38.2415771484375,60.90087890625,-0.17795518798828125,0.88335380859375,0.0
,5483,,,,,-44.3023681640625,57.6141357421875,-0.21286257934570313,0.879210498046875,0.0
,5484,,,,,-49.1363525390625,54.7576904296875,-0.27014384765625,0.8463747619628906,0.0
,5485,,,,,-53.0364990234375,51.947021484375,-0.33467590942382813,0.8030771667480469,0.0
,5486,,,,,-56.671142578125,49.346923828125,-0.4065623474121094,0.7393737670898438,0.0
,5487,,,,,-60.516357421875,45.7489013671875,-0.4707836608886719,0.7228005249023438,0.0
,5488,,,,,-63.4918212890625,42.1142578125,-0.5418414367675781,0.7057093688964844,0.0
,5489,,,,,-65.899658203125,38.7359619140625,-0.6068914123535156,0.6584756286621094,0.0
,5490,,,,,-67.7398681640625,35.3759765625,-0.6819889160156251,0.6048197570800782,0.0
,5491,,,,,-68.975830078125,32.757568359375,-0.7278760803222657,0.5589325927734375,0.0
,5492,,,,,-70.257568359375,29.0496826171875,-0.7483854675292969,0.5087985351562501,0.0
,5493,,,,,-70.3948974609375,26.66015625,-0.7766635620117188,0.47213023681640626,0.0
,5494,,,,,-69.873046875,24.2706298828125,-0.8188217468261719,0.4326652038574219,0.0
,5495,,,,,-70.5780029296875,19.4915771484375,-0.8415063720703125,0.4024190368652344,0.0
,5496,,,,,-71.392822265625,13.0462646484375,-0.8865648742675781,0.34420552368164065,0.0
,5497,,,,,-72.54638671875,6.3812255859375,-0.9031381164550781,0.30070076293945314,0.0
,5498,,,,,-75.18310546875,-2.6275634765625,-0.9217830139160157,0.2559530090332031,0.0
,5499,,,,,-73.53515625,-4.5501708984375,-0.9110104064941407,0.21234466552734377,0.0
,5500,,,,,-73.5443115234375,-10.9405517578125,-0.8998234680175782,0.1711187255859375,0.0
,5501,,,,,-73.53515625,-16.534423828125,-0.9210579345703125,0.11166221923828125,0.0
,5502,,,,,-73.370361328125,-20.9381103515625,-0.9185719482421876,0.04775165405273438,0.0
,5503,,,,,-72.76611328125,-25.0762939453125,-0.9344201110839844,-0.022995373535156252,0.0
,5504,,,,,-71.6033935546875,-30.4412841796875,-0.9115283203125,-0.0766512451171875,0.0
,5505,,,,,-70.147705078125,-34.6710205078125,-0.9067635131835938,-0.12398856811523438,0.0
,5506,,,,,-68.3441162109375,-37.8936767578125,-0.8975446472167969,-0.1893492919921875,0.0
,5507,,,,,-66.357421875,-41.0247802734375,-0.8636730834960937,-0.256056591796875,0.0
,5508,,,,,-65.6524658203125,-41.19873046875,-0.8650196594238282,-0.35746411743164064,0.0
,5509,,,,,-62.640380859375,-44.12841796875,-0.8386060546875,-0.40790892333984374,0.0
,5510,,,,,-59.197998046875,-46.783447265625,-0.8164393432617187,-0.45037785644531253,0.0
,5511,,,,,-56.414794921875,-47.64404296875,-0.806288232421875,-0.4923288757324219,0.0
,5512,,,,,-52.0111083984375,-51.4892578125,-0.8325982543945313,-0.55520361328125,0.0
,5513,,,,,-46.2799072265625,-55.5908203125,-0.7942726318359375,-0.5547892822265625,0.0
,5514,,,,,-40.9881591796875,-59.43603515625,-0.8060810668945313,-0.6369304138183594,0.0
,5515,,,,,-33.1695556640625,-62.677001953125,-0.7599867370605469,-0.6593042907714844,0.0
,5516,,,,,-31.7962646484375,-65.899658203125,-0.7390630187988282,-0.7158604797363282,0.0
,5517,,,,,-26.5411376953125,-68.9666748046875,-0.6542287353515626,-0.6999087341308594,0.0
,5518,,,,,-21.990966796875,-71.30126953125,-0.6238789855957031,-0.7670303649902344,0.0
,5519,,,,,-18.1365966796875,-72.8302001953125,-0.5211248840332031,-0.7655802062988282,0.0
,5520,,,,,-13.9068603515625,-74.0570068359375,-0.46591527099609376,-0.8167500915527344,0.0
,5521,,,,,-9.649658203125,-74.871826171875,-0.3848099670410156,-0.8208934020996094,0.0
,5522,,,,,-4.5867919921875,-75.3753662109375,-0.35228497924804686,-0.8617050109863281,0.0
,5523,,,,,0.6317138671875,-75.5126953125,-0.2618572265625,-0.8519682312011719,0.0
,5524,,,,,4.486083984375,-75.18310546875,-0.23689378051757815,-0.9132892272949219,0.0
,5525,,,,,6.2530517578125,-74.6795654296875,-0.13703999633789063,-0.8960944885253906,0.0
,5526,,,,,10.6292724609375,-73.7640380859375,-0.06473922729492188,-0.9028273681640625,0.0
,5527,,,,,14.75830078125,-72.601318359375,-0.01056544189453125,-0.9016879577636719,0.0
,5528,,,,,16.7724609375,-70.6329345703125,0.03169632568359375,-0.9101817443847656,0.0
,5529,,,,,21.8719482421875,-68.51806640625,0.05707410278320313,-0.9196077758789063,0.0
,5530,,,,,28.326416015625,-66.0003662109375,0.09343165283203125,-0.9343165283203125,0.0
,5531,,,,,34.625244140625,-63.336181640625,0.12606022338867187,-0.9293445556640625,0.0
,5532,,,,,39.825439453125,-60.6719970703125,0.1708079772949219,-0.9197113586425781,0.0
,5533,,,,,45.00732421875,-58.172607421875,0.22829641113281252,-0.8840788879394531,0.0
,5534,,,,,50.7659912109375,-54.364013671875,0.2789483825683594,-0.8566294555664062,0.0
,5535,,,,,55.18798828125,-51.214599609375,0.32794302978515627,-0.8348770751953125,0.0
,5536,,,,,58.6578369140625,-48.7335205078125,0.35787844848632816,-0.8141605224609375,0.0
,5537,,,,,61.578369140625,-46.03271484375,0.4413661560058594,-0.7536681884765625,0.0
,5538,,,,,64.3341064453125,-42.6361083984375,0.5263040222167968,-0.701876806640625,0.0
,5539,,,,,67.218017578125,-38.41552734375,0.5847247009277344,-0.6671765808105469,0.0
,5540,,,,,69.3878173828125,-34.4146728515625,0.6431453796386719,-0.6180783508300781,0.0
,5541,,,,,70.3125,-31.4483642578125,0.695247509765625,-0.5700159484863282,0.0
,5542,,,,,69.854736328125,-30.72509765625,0.7508714538574219,-0.5269255187988281,0.0
,5543,,,,,69.9188232421875,-27.4658203125,0.8123996154785157,-0.4652937744140625,0.0
,5544,,,,,70.3582763671875,-23.0987548828125,0.8449246032714844,-0.4445772216796875,0.0
,5545,,,,,70.0286865234375,-19.3084716796875,0.8801427429199219,-0.3945467468261719,0.0
,5546,,,,,70.660400390625,-13.6138916015625,0.901584375,-0.3622289245605469,0.0
,5547,,,,,71.2554931640625,-7.7178955078125,0.9108032409667969,-0.33042901611328124,0.0
,5548,,,,,74.9267578125,4.0740966796875,0.934730859375,-0.2855776794433594,0.0
,5549,,,,,72.6470947265625,5.45654296875,0.9441568908691407,-0.2353400390625,0.0
,5550,,,,,73.077392578125,10.400390625,0.9225080932617188,-0.18914212646484377,0.0
,5551,,,,,73.3245849609375,15.2984619140625,0.9120462341308594,-0.12119183349609375,0.0
,5552,,,,,72.94921875,20.32470703125,0.92312958984375,-0.04650866088867188,0.0
,5553,,,,,71.942138671875,24.71923828125,0.9339021972656251,0.03418231201171875,0.0
,5554,,,,,70.751953125,28.1982421875,0.9171217895507813,0.09208507690429688,0.0
,5555,,,,,69.0032958984375,32.171630859375,0.8995127197265625,0.15102366943359374,0.0
,5556,,,,,66.54052734375,35.92529296875,0.9063491821289062,0.23254330444335938,0.0
,5557,,,,,64.9749755859375,37.79296875,0.8946443298339845,0.3146844360351563,0.0
,5558,,,,,62.87841796875,40.2557373046875,0.910699658203125,0.39465032958984375,0.0
,5559,,,,,60.7177734375,42.1234130859375,0.90987099609375,0.4600110534667969,0.0
,5560,,,,,57.4493408203125,44.219970703125,0.9094566650390625,0.5149099182128907,0.0
,5561,,,,,53.448486328125,47.5799560546875,0.869266552734375,0.5481599853515625,0.0
,5562,,,,,49.859619140625,49.9237060546875,0.8649160766601562,0.5774739074707032,0.0
,5563,,,,,45.355224609375,53.8055419921875,0.8078419738769531,0.5748843383789063,0.0
,5564,,,,,39.9078369140625,57.6324462890625,0.7986231079101562,0.6180783508300781,0.0
,5565,,,,,32.1533203125,61.48681640625,0.7361627014160157,0.6318548583984375,0.0
,5566,,,,,30.5145263671875,64.5355224609375,0.7158604797363282,0.6648977600097656,0.0
,5567,,,,,25.9552001953125,67.1356201171875,0.6311297790527344,0.6627225219726562,0.0
,5568,,,,,20.5169677734375,69.7723388671875,0.6019194396972657,0.6749452880859376,0.0
,5569,,,,,15.8294677734375,71.6949462890625,0.5291007568359375,0.7106813415527344,0.0
,5570,,,,,11.810302734375,72.9034423828125,0.4612540466308594,0.7639228820800782,0.0
,5571,,,,,7.72705078125,74.01123046875,0.4140203063964844,0.8094992980957032,0.0
,5572,,,,,2.6824951171875,74.67041015625,0.36585432128906253,0.8506216552734375,0.0
,5573,,,,,-1.9500732421875,74.5697021484375,0.27573731689453124,0.86015126953125,0.0
,5574,,,,,-4.98046875,74.066162109375,0.23109314575195314,0.8920547607421875,0.0
,5575,,,,,-8.75244140625,72.83935546875,0.15744580078125,0.9047954406738281,0.0
,5576,,,,,-11.370849609375,71.52099609375,0.11300879516601563,0.934834442138672,0.0
,5577,,,,,-14.080810546875,70.0469970703125,0.0476480712890625,0.9255119934082031,0.0
,5578,,,,,-18.0633544921875,68.6279296875,0.00828662109375,0.9267549865722656,0.0
,5579,,,,,-22.2381591796875,66.8792724609375,-0.04671582641601563,0.9079029235839844,0.0
,5580,,,,,-28.2257080078125,64.508056640625,-0.090324169921875,0.8866684570312501,0.0
,5581,,,,,-34.2498779296875,62.0635986328125,-0.11715210571289063,0.8786925842285157,0.0
,5582,,,,,-39.495849609375,59.8846435546875,-0.16801124267578124,0.8614978454589844,0.0
,5583,,,,,-44.8516845703125,57.037353515625,-0.214623486328125,0.8389168029785157,0.0
,5584,,,,,-50.0152587890625,54.0618896484375,-0.2807092895507813,0.7967586181640626,0.0
,5585,,,,,-54.4647216796875,51.5167236328125,-0.32255672607421876,0.7703450134277344,0.0
,5586,,,,,-57.4676513671875,49.639892578125,-0.391957177734375,0.7338838806152344,0.0
,5587,,,,,-60.6353759765625,47.0672607421875,-0.4634292846679688,0.6797100952148438,0.0
,5588,,,,,-63.68408203125,43.5150146484375,-0.5181209838867188,0.6545394836425782,0.0
,5589,,,,,-66.3848876953125,39.8712158203125,-0.5823422973632812,0.6118633850097657,0.0
,5590,,,,,-67.8863525390625,36.932373046875,-0.6661407531738281,0.5453632507324219,0.0
,5591,,,,,-68.096923828125,35.6689453125,-0.7001158996582032,0.5177066528320312,0.0
,5592,,,,,-68.6004638671875,32.8125,-0.7638192993164062,0.4645686950683594,0.0
,5593,,,,,-69.6624755859375,28.546142578125,-0.8111566223144532,0.42707173461914066,0.0
,5594,,,,,-69.6807861328125,25.1861572265625,-0.8292836059570313,0.4109128234863281,0.0
,5595,,,,,-70.27587890625,20.4620361328125,-0.8724776184082031,0.38242756347656254,0.0
,5596,,,,,-71.1181640625,14.9139404296875,-0.8862541259765625,0.3459664306640625,0.0
,5597,,,,,-71.9146728515625,8.2305908203125,-0.8801427429199219,0.30919454956054687,0.0
,5598,,,,,-74.96337890625,-2.142333984375,-0.8868756225585938,0.2724226684570313,0.0
,5599,,,,,-73.0499267578125,-3.094482421875,-0.909974578857422,0.21659155883789064,0.0
,5600,,,,,-72.94921875,-8.3587646484375,-0.9113211547851563,0.15775654907226563,0.0
,5601,,,,,-72.5006103515625,-13.714599609375,-0.9212651000976563,0.10544725341796875,0.0
,5602,,,,,-71.7864990234375,-18.6309814453125,-0.9435353942871094,0.024341949462890627,0.0
,5603,,,,,-70.843505859375,-22.4395751953125,-0.9419816528320313,-0.030764080810546875,0.0
,5604,,,,,-69.6624755859375,-26.531982421875,-0.923958251953125,-0.09301732177734376,0.0
,5605,,,,,-67.9779052734375,-31.292724609375,-0.9044846923828125,-0.12751038208007812,0.0
,5606,,,,,-65.8721923828125,-35.760498046875,-0.909974578857422,-0.1918352783203125,0.0
,5607,,,,,-63.75732421875,-38.397216796875,-0.8920547607421875,-0.26372171630859376,0.0
,5608,,,,,-62.5762939453125,-39.056396484375,-0.8854254638671876,-0.357153369140625,0.0
,5609,,,,,-59.637451171875,-42.0684814453125,-0.8519682312011719,-0.40003663330078126,0.0
,5610,,,,,-56.707763671875,-45.172119140625,-0.8365343994140625,-0.44333422851562504,0.0
,5611,,,,,-54.2816162109375,-45.99609375,-0.8237937194824219,-0.4745126403808594,0.0
,5612,,,,,-50.189208984375,-49.237060546875,-0.8207898193359375,-0.5326225708007812,0.0
,5613,,,,,-44.805908203125,-53.5858154296875,-0.7909579833984375,-0.5410127746582032,0.0
,5614,,,,,-39.4500732421875,-57.9986572265625,-0.7962407043457032,-0.5766452453613281,0.0
,5615,,,,,-32.720947265625,-61.688232421875,-0.746624560546875,-0.5803742248535156,0.0
,5616,,,,,-30.010986328125,-65.0665283203125,-0.7454851501464844,-0.6575433837890625,0.0
,5617,,,,,-24.1241455078125,-68.206787109375,-0.6531929077148437,-0.6481173522949218,0.0
,5618,,,,,-19.171142578125,-70.8160400390625,-0.6200464233398437,-0.72093603515625,0.0
,5619,,,,,-15.0604248046875,-72.4273681640625,-0.5298258361816407,-0.7190715454101563,0.0
,5620,,,,,-10.6292724609375,-73.4161376953125,-0.5075555419921876,-0.7730381652832031,0.0
,5621,,,,,-5.255126953125,-74.3499755859375,-0.4023154541015625,-0.7648551269531251,0.0
,5622,,,,,-0.9246826171875,-74.9908447265625,-0.35559962768554687,-0.8165429260253907,0.0
,5623,,,,,3.03955078125,-75.274658203125,-0.27946629638671877,-0.8280406127929688,0.0
,5624,,,,,6.8756103515625,-74.7528076171875,-0.232025390625,-0.8769316772460938,0.0
,5625,,,,,8.953857421875,-73.992919921875,-0.15319890747070314,-0.8746528564453125,0.0
,5626,,,,,12.2222900390625,-73.1414794921875,-0.07903364868164063,-0.8804534912109375,0.0
,5627,,,,,15.289306640625,-72.1343994140625,0.0054898864746093755,-0.8541434692382813,0.0
,5628,,,,,17.7703857421875,-70.6512451171875,0.04132952270507813,-0.862740838623047,0.0
,5629,,,,,22.5860595703125,-68.7744140625,0.05873142700195313,-0.8777603393554688,0.0
,5630,,,,,28.74755859375,-66.24755859375,0.08234829711914063,-0.8938156677246094,0.0
,5631,,,,,34.9365234375,-63.9129638671875,0.12616380615234377,-0.8927798400878907,0.0
,5632,,,,,40.338134765625,-61.48681640625,0.18178775024414062,-0.8643981628417969,0.0
,5633,,,,,45.245361328125,-58.905029296875,0.2067511962890625,-0.8666769836425782,0.0
,5634,,,,,50.3631591796875,-55.5816650390625,0.24994520874023438,-0.8383988891601563,0.0
,5635,,,,,54.4647216796875,-52.496337890625,0.32007073974609374,-0.7853645141601563,0.0
,5636,,,,,57.7789306640625,-49.98779296875,0.3663722351074219,-0.7478675537109375,0.0
,5637,,,,,60.7635498046875,-47.8179931640625,0.43608343505859376,-0.7144103210449219,0.0
,5638,,,,,64.2425537109375,-44.3572998046875,0.5106630249023437,-0.6839569885253907,0.0
,5639,,,,,66.5130615234375,-41.0797119140625,0.5781989868164062,-0.6387949035644531,0.0
,5640,,,,,67.1356201171875,-39.8712158203125,0.6672801635742188,-0.574262841796875,0.0
,5641,,,,,68.3624267578125,-36.73095703125,0.7129601623535157,-0.5274434326171875,0.0
,5642,,,,,68.73779296875,-34.4970703125,0.7617476440429688,-0.49274320678710937,0.0
,5643,,,,,69.268798828125,-30.8074951171875,0.8080491394042969,-0.4488241149902344,0.0
,5644,,,,,70.05615234375,-25.59814453125,0.8470998413085937,-0.4271753173828125,0.0
,5645,,,,,69.8822021484375,-21.35009765625,0.8900866882324219,-0.3965148193359375,0.0
,5646,,,,,70.5596923828125,-15.4083251953125,0.9175361206054687,-0.3684438903808594,0.0
,5647,,,,,70.9075927734375,-9.19189453125,0.938977752685547,-0.32266030883789065,0.0
,5648,,,,,68.023681640625,-9.19189453125,0.9298624694824219,-0.27811972045898437,0.0
,5649,,,,,73.7640380859375,5.3924560546875,0.9461249633789063,-0.20374729614257814,0.0
,5650,,,,,72.3175048828125,7.489013671875,0.9518220153808594,-0.15382040405273437,0.0
,5651,,,,,72.25341796875,13.6871337890625,0.9268585693359376,-0.09954303588867187,0.0
,5652,,,,,71.905517578125,18.7225341796875,0.9234403381347657,-0.03801487426757812,0.0
,5653,,,,,71.319580078125,22.796630859375,0.930691131591797,0.035632470703125,0.0
,5654,,,,,70.49560546875,26.8890380859375,0.930587548828125,0.08296979370117188,0.0
,5655,,,,,68.572998046875,31.8695068359375,0.9195041931152345,0.1454302001953125,0.0
,5656,,,,,66.3116455078125,35.7513427734375,0.897441064453125,0.19701441650390625,0.0
,5657,,,,,64.178466796875,38.909912109375,0.8843896362304687,0.25533151245117186,0.0
,5658,,,,,61.81640625,42.4713134765625,0.9177432861328125,0.3541494689941406,0.0
,5659,,,,,60.479736328125,43.5516357421875,0.9258227416992187,0.4429198974609375,0.0
,5660,,,,,57.01904296875,46.7010498046875,0.9061420166015626,0.4806240234375,0.0
,5661,,,,,53.192138671875,49.9237060546875,0.8645017456054688,0.49792234497070315,0.0
,5662,,,,,50.189208984375,51.361083984375,0.8341519958496094,0.5314831604003907,0.0
,5663,,,,,45.6298828125,55.2703857421875,0.7936511352539063,0.5359372192382813,0.0
,5664,,,,,39.788818359375,59.014892578125,0.8069097290039062,0.5864856079101562,0.0
,5665,,,,,32.4188232421875,62.80517578125,0.7700342651367188,0.6188034301757813,0.0
,5666,,,,,29.3792724609375,65.753173828125,0.7393737670898438,0.6471851074218751,0.0
,5667,,,,,24.64599609375,69.1314697265625,0.6600293701171875,0.645527783203125,0.0
,5668,,,,,19.22607421875,72.216796875,0.6370339965820313,0.6806423400878906,0.0
,5669,,,,,14.263916015625,73.9837646484375,0.564318896484375,0.6838534057617188,0.0
,5670,,,,,10.2447509765625,75.2655029296875,0.5147027526855469,0.7525287780761719,0.0
,5671,,,,,6.024169921875,75.7781982421875,0.43484044189453125,0.7818427001953125,0.0
,5672,,,,,0.677490234375,76.593017578125,0.3633683349609375,0.8157142639160156,0.0
,5673,,,,,-3.55224609375,76.64794921875,0.2962467041015625,0.8398490478515626,0.0
,5674,,,,,-4.9530029296875,76.611328125,0.23699736328125,0.8797284118652344,0.0
,5675,,,,,-8.111572265625,76.1627197265625,0.17225813598632814,0.8926762573242187,0.0
,5676,,,,,-11.6912841796875,74.8809814453125,0.10057886352539062,0.9125641479492188,0.0
,5677,,,,,-13.677978515625,73.2879638671875,0.031178411865234377,0.9179504516601563,0.0
,5678,,,,,-17.559814453125,71.539306640625,-0.007975872802734376,0.926547821044922,0.0
,5679,,,,,-22.5494384765625,69.5068359375,-0.059663671875000004,0.9278943969726563,0.0
,5680,,,,,-28.656005859375,66.97998046875,-0.10834757080078125,0.9146358032226563,0.0
,5681,,,,,-34.6343994140625,64.141845703125,-0.13445042724609377,0.9128748962402344,0.0
,5682,,,,,-39.5782470703125,61.8896484375,-0.20354013061523438,0.8810749877929688,0.0
,5683,,,,,-44.7601318359375,59.72900390625,-0.26019990234375,0.8467890930175781,0.0
,5684,,,,,-49.639892578125,57.440185546875,-0.3285645263671875,0.80048759765625,0.0
,5685,,,,,-53.759765625,54.6295166015625,-0.37403735961914064,0.7715880065917969,0.0
,5686,,,,,-56.7352294921875,52.25830078125,-0.4130880615234375,0.759883154296875,0.0
,5687,,,,,-60.0128173828125,49.3194580078125,-0.4670546813964844,0.7125458312988281,0.0
,5688,,,,,-62.567138671875,46.25244140625,-0.5633866516113282,0.6433525451660157,0.0
,5689,,,,,-65.3228759765625,42.4072265625,-0.6266757202148437,0.6087559020996094,0.0
,5690,,,,,-67.1630859375,38.873291015625,-0.6757739501953125,0.5789240661621093,0.0
,5691,,,,,-66.8975830078125,38.12255859375,-0.7358519531250001,0.5362479675292969,0.0
,5692,,,,,-67.4560546875,34.7991943359375,-0.7955156250000001,0.49802592773437504,0.0
,5693,,,,,-68.463134765625,30.3131103515625,-0.8322875061035157,0.47513413696289064,0.0
,5694,,,,,-68.26171875,27.2003173828125,-0.8915368469238282,0.43318311767578127,0.0
,5695,,,,,-68.829345703125,22.2930908203125,-0.9228188415527344,0.38843536376953125,0.0
,5696,,,,,-69.580078125,16.4886474609375,-0.9332807006835938,0.3509384033203125,0.0
,5697,,,,,-70.7061767578125,9.979248046875,-0.9128748962402344,0.3394407165527344,0.0
,5698,,,,,-75.347900390625,-3.6346435546875,-0.9267549865722656,0.2995613525390625,0.0
,5699,,,,,-72.601318359375,-3.5980224609375,-0.9508897705078125,0.24072634277343752,0.0
,5700,,,,,-72.894287109375,-8.917236328125,-0.9601086364746094,0.1955642578125,0.0
,5701,,,,,-72.8668212890625,-13.8153076171875,-0.9603158020019531,0.13610775146484375,0.0
,5702,,,,,-72.0703125,-19.44580078125,-0.9673594299316407,0.05603827514648438,0.0
,5703,,,,,-70.93505859375,-24.334716796875,-0.9481966186523437,0.01222276611328125,0.0
,5704,,,,,-69.635009765625,-28.3538818359375,-0.9333842834472657,-0.0443334228515625,0.0
,5705,,,,,-67.822265625,-32.318115234375,-0.9467464599609375,-0.113526708984375,0.0
,5706,,,,,-65.44189453125,-37.02392578125,-0.9590728088378907,-0.184791650390625,0.0
,5707,,,,,-62.9150390625,-40.960693359375,-0.9556545776367188,-0.2432123291015625,0.0
,5708,,,,,-61.376953125,-42.0318603515625,-0.93307353515625,-0.32649287109375,0.0
,5709,,,,,-58.4197998046875,-44.9249267578125,-0.8859433776855469,-0.36450774536132813,0.0
,5710,,,,,-55.096435546875,-47.991943359375,-0.8697844665527344,-0.42738248291015624,0.0
,5711,,,,,-52.0111083984375,-48.7518310546875,-0.852693310546875,-0.4686084228515625,0.0
,5712,,,,,-47.991943359375,-51.177978515625,-0.8584939453125,-0.5325189880371094,0.0
,5713,,,,,-43.4051513671875,-54.45556640625,-0.8052524047851563,-0.5365587158203126,0.0
,5714,,,,,-28.765869140625,-58.1268310546875,-0.7923045593261719,-0.5887644287109375,0.0
,5715,,,,,-33.0413818359375,-61.9720458984375,-0.7232148559570313,-0.5818243835449219,0.0
,5716,,,,,-28.60107421875,-65.4693603515625,-0.7236291870117187,-0.6601329528808594,0.0
,5717,,,,,-23.9410400390625,-68.6553955078125,-0.6610651977539063,-0.6580612976074219,0.0
,5718,,,,,-18.9422607421875,-71.1822509765625,-0.6134171264648438,-0.7107849243164063,0.0
,5719,,,,,-14.1082763671875,-72.94921875,-0.5113881042480469,-0.7003230651855469,0.0
,5720,,,,,-10.83984375,-74.23095703125,-0.4760663818359375,-0.7581222473144531,0.0
,5721,,,,,-7.0037841796875,-75.274658203125,-0.38014874267578125,-0.7736596618652344,0.0
,5722,,,,,-2.3529052734375,-75.604248046875,-0.3251462951660156,-0.8162321777343751,0.0
,5723,,,,,1.812744140625,-75.823974609375,-0.216280810546875,-0.8125031982421875,0.0
,5724,,,,,4.57763671875,-75.54931640625,-0.1521630798339844,-0.851035986328125,0.0
,5725,,,,,5.3192138671875,-74.81689453125,-0.06577505493164063,-0.8425421997070313,0.0
,5726,,,,,9.0087890625,-73.4893798828125,-0.02258104248046875,-0.8710274597167968,0.0
,5727,,,,,13.5406494140625,-72.1160888671875,0.01470875244140625,-0.8745492736816407,0.0
,5728,,,,,16.2139892578125,-70.6329345703125,0.0385327880859375,-0.8959909057617188,0.0
,5729,,,,,21.2860107421875,-68.73779296875,0.0600780029296875,-0.9088351684570313,0.0
,5730,,,,,27.28271484375,-66.32080078125,0.10410067749023438,-0.8919511779785156,0.0
,5731,,,,,33.06884765625,-64.2425537109375,0.14242630004882814,-0.8886365295410157,0.0
,5732,,,,,38.067626953125,-62.40234375,0.20126130981445314,-0.8727883666992188,0.0
,5733,,,,,42.645263671875,-60.3607177734375,0.24279799804687502,-0.8680235595703125,0.0
,5734,,,,,46.746826171875,-57.89794921875,0.2911711486816406,-0.8465819274902344,0.0
,5735,,,,,51.0498046875,-54.473876953125,0.35114556884765624,-0.813021112060547,0.0
,5736,,,,,55.0048828125,-51.0772705078125,0.41329522705078126,-0.7911651489257813,0.0
,5737,,,,,57.7056884765625,-48.37646484375,0.479795361328125,-0.7541861022949219,0.0
,5738,,,,,60.16845703125,-45.0164794921875,0.5602791687011719,-0.6841641540527343,0.0
,5739,,,,,62.6495361328125,-41.19873046875,0.6341336791992188,-0.6371375793457031,0.0
,5740,,,,,64.9658203125,-37.4908447265625,0.6936937683105469,-0.5933220703125001,0.0
,5741,,,,,66.2200927734375,-34.4970703125,0.7293262390136719,-0.5569645202636719,0.0
,5742,,,,,66.2567138671875,-33.251953125,0.7732453308105469,-0.5191568115234375,0.0
,5743,,,,,67.05322265625,-29.8553466796875,0.8229650573730469,-0.4678833435058594,0.0
,5744,,,,,68.389892578125,-24.847412109375,0.8349806579589844,-0.46083971557617187,0.0
,5745,,,,,68.3990478515625,-21.05712890625,0.850310906982422,-0.4355655212402344,0.0
,5746,,,,,69.195556640625,-15.618896484375,0.8753779357910156,-0.3910249328613281,0.0
,5747,,,,,69.7723388671875,-9.4573974609375,0.8910189331054688,-0.348866748046875,0.0
,5748,,,,,74.285888671875,4.3853759765625,0.9093530822753907,-0.31437368774414065,0.0
,5749,,,,,70.880126953125,4.156494140625,0.9328663696289062,-0.24766638793945314,0.0
,5750,,,,,71.1090087890625,9.3017578125,0.9456070495605469,-0.1889349609375,0.0
,5751,,,,,71.0357666015625,14.794921875,0.9527542602539063,-0.1379722412109375,0.0
,5752,,,,,70.3582763671875,20.5810546875,0.932244873046875,-0.09778212890625,0.0
,5753,,,,,69.2779541015625,25.634765625,0.9109068237304688,-0.03977578125,0.0
,5754,,,,,68.0328369140625,29.3060302734375,0.91981494140625,0.03345723266601563,0.0
,5755,,,,,66.54052734375,33.5723876953125,0.922404510498047,0.12440289916992188,0.0
,5756,,,,,64.5355224609375,38.140869140625,0.9091459167480469,0.18789913330078126,0.0
,5757,,,,,62.4298095703125,42.041015625,0.9102853271484376,0.28951382446289065,0.0
,5758,,,,,60.333251953125,44.549560546875,0.887497119140625,0.3487631652832031,0.0
,5759,,,,,59.14306640625,45.0897216796875,0.8479285034179688,0.3923715087890625,0.0
,5760,,,,,56.1492919921875,47.3785400390625,0.85020732421875,0.4559713256835938,0.0
,5761,,,,,52.7984619140625,50.64697265625,0.8421278686523438,0.5055874694824218,0.0
,5762,,,,,49.7955322265625,52.4139404296875,0.8121924499511719,0.5336583984375001,0.0
,5763,,,,,45.245361328125,55.755615234375,0.7605046508789063,0.531172412109375,0.0
,5764,,,,,39.605712890625,59.5367431640625,0.732640887451172,0.5432915954589844,0.0
,5765,,,,,33.2244873046875,63.482666015625,0.6895504577636719,0.5586218444824219,0.0
,5766,,,,,30.1483154296875,66.4581298828125,0.6683159912109375,0.61155263671875,0.0
,5767,,,,,25.8270263671875,69.195556640625,0.6132099609375,0.6481173522949218,0.0
,5768,,,,,20.562744140625,71.905517578125,0.5831709594726563,0.6748417053222656,0.0
,5769,,,,,16.2139892578125,74.066162109375,0.49916533813476566,0.7016696411132812,0.0
,5770,,,,,12.70751953125,75.29296875,0.4305935485839844,0.7439314086914063,0.0
,5771,,,,,8.9996337890625,76.1810302734375,0.400243798828125,0.7987266906738282,0.0
,5772,,,,,4.0924072265625,76.94091796875,0.33374366455078125,0.8364308166503907,0.0
,5773,,,,,-0.0823974609375,76.7669677734375,0.23969051513671877,0.8525897277832032,0.0
,5774,,,,,-0.7598876953125,76.593017578125,0.18189133300781252,0.8900866882324219,0.0
,5775,,,,,-3.8360595703125,75.91552734375,0.13030711669921877,0.9179504516601563,0.0
,5776,,,,,-8.074951171875,74.4598388671875,0.083694873046875,0.9408422424316406,0.0
,5777,,,,,-10.51025390625,72.491455078125,0.013776507568359376,0.9316233764648438,0.0
,5778,,,,,-14.8406982421875,70.9442138671875,-0.025377777099609377,0.9319341247558593,0.0
,5779,,,,,-19.8394775390625,69.0399169921875,-0.039465032958984375,0.9449855529785156,0.0
,5780,,,,,-25.982666015625,66.5863037109375,-0.09467464599609375,0.9256155761718751,0.0
,5781,,,,,-31.805419921875,64.05029296875,-0.13248235473632813,0.9233367553710938,0.0
,5782,,,,,-36.6851806640625,61.6973876953125,-0.20706194458007812,0.8854254638671876,0.0
,5783,,,,,-41.8853759765625,59.5184326171875,-0.2537777709960938,0.8490679138183594,0.0
,5784,,,,,-46.9757080078125,56.689453125,-0.32794302978515627,0.7947905456542969,0.0
,5785,,,,,-51.251220703125,53.7506103515625,-0.3763161804199219,0.7643372131347657,0.0
,5786,,,,,-54.180908203125,51.4434814453125,-0.43597985229492187,0.7318122253417969,0.0
,5787,,,,,-57.4859619140625,48.5687255859375,-0.49036080322265624,0.7151354003906251,0.0
,5788,,,,,-59.9853515625,45.59326171875,-0.5422557678222656,0.68778955078125,0.0
,5789,,,,,-63.09814453125,41.1712646484375,-0.6005728637695312,0.6466671936035157,0.0
,5790,,,,,-65.4144287109375,37.4359130859375,-0.6756703674316407,0.5959116394042969,0.0
,5791,,,,,-66.02783203125,35.614013671875,-0.7200037902832032,0.550231640625,0.0
,5792,,,,,-67.2271728515625,31.9427490234375,-0.7542896850585937,0.5133561767578125,0.0
,5793,,,,,-68.3349609375,28.0792236328125,-0.7899221557617188,0.48217776489257813,0.0
,5794,,,,,-68.4539794921875,24.6551513671875,-0.8179930847167969,0.4409518249511719,0.0
,5795,,,,,-69.0032958984375,19.8486328125,-0.8574581176757813,0.3908177673339844,0.0
,5796,,,,,-69.5526123046875,14.6759033203125,-0.8801427429199219,0.36398983154296877,0.0
,5797,,,,,-70.587158203125,7.80029296875,-0.8827323120117188,0.3415123718261719,0.0
,5798,,,,,-72.9949951171875,-2.197265625,-0.9039667785644532,0.3042225769042969,0.0
,5799,,,,,-71.2921142578125,-4.2388916015625,-0.9253048278808594,0.24600906372070314,0.0
,5800,,,,,-71.3653564453125,-9.869384765625,-0.9310018798828126,0.1951499267578125,0.0
,5801,,,,,-70.880126953125,-15.8294677734375,-0.918986279296875,0.15050575561523438,0.0
,5802,,,,,-70.330810546875,-21.38671875,-0.9151537170410157,0.087009521484375,0.0
,5803,,,,,-69.6807861328125,-25.4241943359375,-0.9296553039550781,0.012326348876953126,0.0
,5804,,,,,-68.66455078125,-29.8919677734375,-0.9101817443847656,-0.06618938598632813,0.0
,5805,,,,,-67.08984375,-34.86328125,-0.8788997497558594,-0.10627591552734375,0.0
,5806,,,,,-65.3594970703125,-39.2486572265625,-0.8604620178222656,-0.15268099365234375,0.0
,5807,,,,,-63.7481689453125,-42.0867919921875,-0.8473070068359375,-0.2342006286621094,0.0
,5808,,,,,-62.95166015625,-42.59033203125,-0.8534183898925781,-0.32763228149414064,0.0
,5809,,,,,-60.040283203125,-45.44677734375,-0.8227578918457031,-0.3754875183105469,0.0
,5810,,,,,-57.220458984375,-48.358154296875,-0.8073240600585938,-0.430075634765625,0.0
,5811,,,,,-54.949951171875,-49.1729736328125,-0.7915794799804687,-0.4726481506347656,0.0
,5812,,,,,-50.9674072265625,-52.47802734375,-0.8000732666015625,-0.5379052917480469,0.0
,5813,,,,,-45.81298828125,-56.304931640625,-0.7611261474609375,-0.5340727294921875,0.0
,5814,,,,,-40.5670166015625,-60.3790283203125,-0.7388558532714844,-0.5602791687011719,0.0
,5815,,,,,-33.837890625,-63.8214111328125,-0.6796065124511719,-0.5642153137207031,0.0
,5816,,,,,-31.3568115234375,-67.0440673828125,-0.6601329528808594,-0.6336157653808594,0.0
,5817,,,,,-26.18408203125,-70.111083984375,-0.5995370361328125,-0.6500854248046876,0.0
,5818,,,,,-21.86279296875,-72.7752685546875,-0.5687729553222657,-0.707781024169922,0.0
,5819,,,,,-17.9901123046875,-74.59716796875,-0.4861139099121094,-0.7137888244628906,0.0
,5820,,,,,-13.9617919921875,-75.7232666015625,-0.44582021484375,-0.7815319519042969,0.0
,5821,,,,,-9.173583984375,-76.46484375,-0.35549604492187503,-0.7975872802734375,0.0
,5822,,,,,-4.98046875,-76.6937255859375,-0.304118994140625,-0.8356021545410156,0.0
,5823,,,,,-1.3275146484375,-76.79443359375,-0.23430421142578126,-0.8474105895996094,0.0
,5824,,,,,2.325439453125,-76.116943359375,-0.1749512878417969,-0.8859433776855469,0.0
,5825,,,,,4.3853759765625,-75.0457763671875,-0.08576652832031251,-0.8768280944824219,0.0
,5826,,,,,8.056640625,-73.7823486328125,-0.0426760986328125,-0.9059348510742188,0.0
,5827,,,,,11.6455078125,-72.0703125,0.008079455566406251,-0.9122533996582032,0.0
,5828,,,,,14.703369140625,-70.12939453125,0.05603827514648438,-0.9072814270019531,0.0
,5829,,,,,20.7733154296875,-68.170166015625,0.09011700439453126,-0.905727685546875,0.0
,5830,,,,,26.715087890625,-65.8447265625,0.1089690673828125,-0.9092494995117187,0.0
,5831,,,,,32.061767578125,-63.5467529296875,0.15340607299804687,-0.8865648742675781,0.0
,5832,,,,,37.7655029296875,-61.2213134765625,0.17785160522460938,-0.879210498046875,0.0
,5833,,,,,42.73681640625,-59.271240234375,0.20861568603515626,-0.8752743530273438,0.0
,5834,,,,,48.1842041015625,-56.341552734375,0.24714847412109375,-0.8661590698242188,0.0
,5835,,,,,52.5787353515625,-53.448486328125,0.310748291015625,-0.8229650573730469,0.0
,5836,,,,,55.9844970703125,-50.9033203125,0.35736053466796874,-0.7894042419433595,0.0
,5837,,,,,59.124755859375,-47.7813720703125,0.4354619384765625,-0.7280832458496094,0.0
,5838,,,,,62.493896484375,-43.7164306640625,0.5200890563964844,-0.6737022949218751,0.0
,5839,,,,,65.0390625,-40.1092529296875,0.57011953125,-0.6373447448730469,0.0
,5840,,,,,67.05322265625,-36.6119384765625,0.6477030212402344,-0.5747807556152343,0.0
,5841,,,,,68.66455078125,-32.8216552734375,0.6839569885253907,-0.5562394409179687,0.0
,5842,,,,,69.0673828125,-30.2581787109375,0.7280832458496094,-0.5210213012695313,0.0
,5843,,,,,69.8272705078125,-26.513671875,0.7779065551757812,-0.47316606445312503,0.0
,5844,,,,,70.3765869140625,-22.9248046875,0.8334269165039063,-0.4392945007324219,0.0
,5845,,,,,70.0286865234375,-19.6563720703125,0.8524861450195312,-0.41039490966796877,0.0
,5846,,,,,70.64208984375,-13.14697265625,0.8612906799316407,-0.37445169067382816,0.0
,5847,,,,,71.2921142578125,-6.5460205078125,0.8714417907714844,-0.34410194091796875,0.0
,5848,,,,,74.4049072265625,3.350830078125,0.8922619262695313,-0.304118994140625,0.0
,5849,,,,,72.2625732421875,4.833984375,0.9028273681640625,-0.25533151245117186,0.0
,5850,,,,,72.528076171875,11.3800048828125,0.8959909057617188,-0.20830493774414063,0.0
,5851,,,,,72.6104736328125,17.376708984375,0.9013772094726563,-0.14056181030273437,0.0
,5852,,,,,72.3541259765625,21.78955078125,0.8959909057617188,-0.07416525878906251,0.0
,5853,,,,,71.6949462890625,26.33056640625,0.8949550781250001,0.018334149169921876,0.0
,5854,,,,,70.513916015625,30.8990478515625,0.8937120849609376,0.07447600708007812,0.0
,5855,,,,,68.994140625,35.1654052734375,0.8675056457519531,0.14014747924804688,0.0
,5856,,,,,67.3370361328125,38.214111328125,0.8610835144042969,0.2105837585449219,0.0
,5857,,,,,66.2933349609375,40.045166015625,0.8576652832031251,0.2806057067871094,0.0
,5858,,,,,63.8671875,43.4600830078125,0.8500001586914063,0.3519742309570313,0.0
,5859,,,,,61.5966796875,45.7305908203125,0.8316660095214844,0.41660987548828127,0.0
,5860,,,,,59.4085693359375,46.7193603515625,0.850310906982422,0.4802096923828125,0.0
,5861,,,,,55.792236328125,49.8504638671875,0.8473070068359375,0.5180174011230468,0.0
,5862,,,,,51.37939453125,52.9998779296875,0.8265904541015625,0.5488850646972656,0.0
,5863,,,,,46.6552734375,57.01904296875,0.7610225646972657,0.5454668334960938,0.0
,5864,,,,,42.1600341796875,60.589599609375,0.7601939025878907,0.5863820251464844,0.0
,5865,,,,,33.489990234375,64.105224609375,0.7187607971191406,0.628954541015625,0.0
,5866,,,,,32.3272705078125,67.401123046875,0.7062272827148438,0.6785706848144532,0.0
,5867,,,,,27.4658203125,69.927978515625,0.6106203918457032,0.6814710021972656,0.0
,5868,,,,,23.2086181640625,71.6217041015625,0.5400805297851563,0.7012553100585938,0.0
,5869,,,,,18.603515625,72.83935546875,0.4820741821289063,0.7495248779296875,0.0
,5870,,,,,14.1632080078125,73.736572265625,0.458250146484375,0.8151963500976562,0.0
,5871,,,,,9.173583984375,74.37744140625,0.41029132690429687,0.8417135375976563,0.0
,5872,,,,,4.4769287109375,74.8626708984375,0.3417195373535156,0.8638802490234375,0.0
,5873,,,,,0.84228515625,74.7802734375,0.2528455261230469,0.8763101806640625,0.0
,5874,,,,,-1.2451171875,74.1668701171875,0.20374729614257814,0.908213671875,0.0
,5875,,,,,-5.45654296875,73.150634765625,0.16386793212890627,0.9320377075195313,0.0
,5876,,,,,-8.734130859375,72.0703125,0.12450648193359376,0.9621802917480469,0.0
,5877,,,,,-10.87646484375,70.6878662109375,0.042261767578125,0.9556545776367188,0.0
,5878,,,,,-15.5914306640625,69.0948486328125,-0.006629296875,0.9536865051269532,0.0
,5879,,,,,-20.91064453125,66.97998046875,-0.03656471557617188,0.9542044189453125,0.0
,5880,,,,,-26.8341064453125,64.5263671875,-0.09125641479492187,0.9285158935546876,0.0
,5881,,,,,-32.135009765625,61.85302734375,-0.1255423095703125,0.9016879577636719,0.0
,5882,,,,,-37.5091552734375,59.4635009765625,-0.19007437133789062,0.8811785705566406,0.0
,5883,,,,,-43.4967041015625,56.451416015625,-0.2300573181152344,0.8832502258300782,0.0
,5884,,,,,-48.3673095703125,53.8055419921875,-0.29023890380859374,0.8404705444335938,0.0
,5885,,,,,-52.3223876953125,51.5167236328125,-0.3481416687011719,0.8006947631835938,0.0
,5886,,,,,-55.9844970703125,48.8800048828125,-0.42531082763671874,0.7471424743652344,0.0
,5887,,,,,-59.6923828125,45.15380859375,-0.4658116882324219,0.7189679626464844,0.0
,5888,,,,,-62.530517578125,41.656494140625,-0.5202962219238282,0.6859250610351563,0.0
,5889,,,,,-64.7735595703125,38.2965087890625,-0.5776810729980469,0.6403486450195313,0.0
,5890,,,,,-66.76025390625,34.60693359375,-0.6294724548339844,0.6051305053710938,0.0
,5891,,,,,-67.8131103515625,31.9610595703125,-0.6726664672851562,0.5715696899414062,0.0
,5892,,,,,-68.829345703125,28.6651611328125,-0.7357483703613281,0.5172923217773437,0.0
,5893,,,,,-69.10400390625,26.019287109375,-0.8070133117675782,0.449963525390625,0.0
,5894,,,,,-68.5546875,23.748779296875,-0.8459604309082032,0.3940288330078125,0.0
,5895,,,,,-69.3603515625,19.024658203125,-0.8572509521484375,0.3714477905273438,0.0
,5896,,,,,-70.4315185546875,12.4603271484375,-0.8635695007324219,0.3582927795410156,0.0
,5897,,,,,-71.2921142578125,6.73828125,-0.8830430603027344,0.32421405029296874,0.0
,5898,,,,,-74.4964599609375,-3.204345703125,-0.8950586608886719,0.27998421020507813,0.0
,5899,,,,,-72.5006103515625,-4.779052734375,-0.9083172546386719,0.2259140075683594,0.0
,5900,,,,,-72.5738525390625,-11.0687255859375,-0.9154644653320313,0.16645750122070313,0.0
,5901,,,,,-72.637939453125,-16.29638671875,-0.9199185241699219,0.11311237792968751,0.0
,5902,,,,,-72.3358154296875,-20.69091796875,-0.909974578857422,0.058627844238281254,0.0
,5903,,,,,-71.5850830078125,-24.86572265625,-0.8931941711425782,0.000310748291015625,0.0
,5904,,,,,-70.2117919921875,-29.5989990234375,-0.9122533996582032,-0.09850720825195312,0.0
,5905,,,,,-68.609619140625,-33.544921875,-0.9014807922363282,-0.13206802368164064,0.0
,5906,,,,,-66.9708251953125,-36.9415283203125,-0.8747564392089844,-0.1790945983886719,0.0
,5907,,,,,-65.1214599609375,-40.1458740234375,-0.8653304077148438,-0.26330738525390623,0.0
,5908,,,,,-64.4622802734375,-40.631103515625,-0.8620157592773438,-0.35787844848632816,0.0
,5909,,,,,-61.688232421875,-43.54248046875,-0.8410920410156251,-0.41018774414062503,0.0
,5910,,,,,-58.4747314453125,-46.32568359375,-0.8403669616699219,-0.46384361572265626,0.0
,5911,,,,,-55.7281494140625,-47.039794921875,-0.8111566223144532,-0.49657576904296874,0.0
,5912,,,,,-51.727294921875,-50.57373046875,-0.8115709533691406,-0.5506459716796875,0.0
,5913,,,,,-46.5179443359375,-54.67529296875,-0.7760420654296876,-0.5512674682617188,0.0
,5914,,,,,-41.2445068359375,-58.7493896484375,-0.7600903198242188,-0.5962223876953126,0.0
,5915,,,,,-32.8216552734375,-62.3199462890625,-0.7210396179199219,-0.6170425231933594,0.0
,5916,,,,,-31.38427734375,-65.1947021484375,-0.7412382568359375,-0.7081953552246094,0.0
,5917,,,,,-25.8544921875,-67.877197265625,-0.6755667846679688,-0.716067645263672,0.0
,5918,,,,,-21.1944580078125,-70.12939453125,-0.6259506408691407,-0.746624560546875,0.0
,5919,,,,,-17.2576904296875,-72.0703125,-0.5362479675292969,-0.7497320434570313,0.0
,5920,,,,,-13.3758544921875,-73.3154296875,-0.4836279235839844,-0.8217220642089844,0.0
,5921,,,,,-8.404541015625,-74.1302490234375,-0.3857422119140625,-0.8224471435546875,0.0
,5922,,,,,-3.8360595703125,-74.560546875,-0.3562211242675781,-0.8574581176757813,0.0
,5923,,,,,0.0640869140625,-74.52392578125,-0.2569888366699219,-0.8563187072753906,0.0
,5924,,,,,4.0740966796875,-74.0203857421875,-0.2172130554199219,-0.897441064453125,0.0
,5925,,,,,5.8319091796875,-73.1964111328125,-0.14201196899414062,-0.8927798400878907,0.0
,5926,,,,,10.162353515625,-72.2442626953125,-0.06826104125976562,-0.9129784790039063,0.0
,5927,,,,,14.2181396484375,-71.2188720703125,0.0047648071289062505,-0.9054169372558594,0.0
,5928,,,,,16.3970947265625,-69.5892333984375,0.0285888427734375,-0.92312958984375,0.0
,5929,,,,,21.4599609375,-67.6483154296875,0.07634049682617187,-0.9091459167480469,0.0
,5930,,,,,27.740478515625,-65.0482177734375,0.11445895385742187,-0.9058312683105469,0.0
,5931,,,,,34.0576171875,-62.347412109375,0.13072144775390626,-0.9131856445312501,0.0
,5932,,,,,39.569091796875,-59.564208984375,0.15692788696289062,-0.9087315856933594,0.0
,5933,,,,,44.586181640625,-57.1746826171875,0.2002254821777344,-0.8824215637207031,0.0
,5934,,,,,49.7955322265625,-54.45556640625,0.26019990234375,-0.8504144897460938,0.0
,5935,,,,,54.345703125,-51.45263671875,0.31986357421875,-0.8283513610839844,0.0
,5936,,,,,57.8887939453125,-48.7152099609375,0.3569462036132813,-0.7941690490722656,0.0
,5937,,,,,61.04736328125,-46.014404296875,0.42976488647460936,-0.7460030639648437,0.0
,5938,,,,,63.9404296875,-42.572021484375,0.5033086486816406,-0.7005302307128907,0.0
,5939,,,,,66.46728515625,-38.2965087890625,0.5558251098632813,-0.6639655151367188,0.0
,5940,,,,,68.939208984375,-34.53369140625,0.6137278747558594,-0.6092738159179688,0.0
,5941,,,,,70.367431640625,-31.5399169921875,0.6834390747070312,-0.5504388061523438,0.0
,5942,,,,,70.147705078125,-30.28564453125,0.7423776672363281,-0.5116988525390626,0.0
,5943,,,,,70.404052734375,-26.9622802734375,0.8000732666015625,-0.4594931396484375,0.0
,5944,,,,,71.2005615234375,-22.5128173828125,0.8513467346191407,-0.42582874145507815,0.0
,5945,,,,,71.1181640625,-19.22607421875,0.8669877319335938,-0.3881246154785156,0.0
,5946,,,,,71.923828125,-13.9068603515625,0.8795212463378906,-0.364611328125,0.0
,5947,,,,,72.5738525390625,-7.891845703125,0.9190898620605469,-0.3004935974121094,0.0
,5948,,,,,76.2451171875,3.863525390625,0.9200221069335938,-0.26703636474609377,0.0
,5949,,,,,73.6724853515625,4.6142578125,0.9045882751464844,-0.24228008422851563,0.0
,5950,,,,,74.2218017578125,9.5489501953125,0.9104924926757813,-0.19059228515625,0.0
,5951,,,,,74.3316650390625,14.6575927734375,0.9328663696289062,-0.10151110839843751,0.0
,5952,,,,,73.6083984375,20.25146484375,0.9297588867187501,-0.050030474853515625,0.0
,5953,,,,,72.637939453125,25.360107421875,0.9045882751464844,0.00497197265625,0.0
,5954,,,,,71.4202880859375,28.546142578125,0.8986840576171875,0.06142457885742188,0.0
,5955,,,,,69.6807861328125,32.2540283203125,0.901584375,0.135071923828125,0.0
,5956,,,,,67.3187255859375,36.3739013671875,0.9269621520996094,0.22902149047851564,0.0
,5957,,,,,65.73486328125,38.56201171875,0.9290338073730469,0.31105903930664064,0.0
,5958,,,,,63.4918212890625,40.8416748046875,0.9370096801757812,0.38853894653320314,0.0
,5959,,,,,61.3128662109375,42.718505859375,0.9121498168945312,0.44405930786132813,0.0
,5960,,,,,58.5296630859375,44.56787109375,0.9027237854003907,0.5000975830078125,0.0
,5961,,,,,54.3365478515625,48.394775390625,0.8872899536132812,0.5384232055664062,0.0
,5962,,,,,50.4180908203125,51.068115234375,0.8801427429199219,0.5706374450683593,0.0
,5963,,,,,46.03271484375,54.3914794921875,0.8229650573730469,0.5734341796875,0.0
,5964,,,,,40.3656005859375,58.319091796875,0.8163357604980469,0.6027481018066406,0.0
,5965,,,,,32.4554443359375,62.1185302734375,0.7398916809082031,0.6003656982421876,0.0
,5966,,,,,30.706787109375,65.2862548828125,0.6988729064941407,0.63806982421875,0.0
,5967,,,,,26.0284423828125,68.29833984375,0.6431453796386719,0.6556788940429688,0.0
,5968,,,,,20.6451416015625,70.86181640625,0.6106203918457032,0.6723557189941406,0.0
,5969,,,,,15.9576416015625,72.711181640625,0.526200439453125,0.6845784851074219,0.0
,5970,,,,,11.883544921875,73.773193359375,0.49067155151367187,0.759883154296875,0.0
,5971,,,,,7.6629638671875,74.395751953125,0.43162937622070313,0.8115709533691406,0.0
,5972,,,,,2.5177001953125,75.2471923828125,0.3909213500976563,0.8624300903320313,0.0
,5973,,,,,-2.0599365234375,75.384521484375,0.29676461791992187,0.8669877319335938,0.0
,5974,,,,,-5.0079345703125,74.688720703125,0.24424815673828126,0.8857362121582032,0.0
,5975,,,,,-8.6151123046875,73.699951171875,0.18199491577148438,0.9127713134765625,0.0
,5976,,,,,-11.53564453125,72.5921630859375,0.11425178833007812,0.9213686828613281,0.0
,5977,,,,,-14.46533203125,70.916748046875,0.04246893310546875,0.9143250549316406,0.0
,5978,,,,,-18.292236328125,69.0216064453125,0.018748480224609374,0.943846142578125,0.0
,5979,,,,,-22.6226806640625,66.8975830078125,-0.010461859130859376,0.9468500427246094,0.0
,5980,,,,,-28.74755859375,64.5721435546875,-0.056245440673828126,0.9268585693359376,0.0
,5981,,,,,-34.5611572265625,62.0452880859375,-0.09778212890625,0.8920547607421875,0.0
,5982,,,,,-39.7064208984375,60.003662109375,-0.1500914245605469,0.8553864624023437,0.0
,5983,,,,,-44.9249267578125,57.8887939453125,-0.18075192260742187,0.8527968933105469,0.0
,5984,,,,,-50.2532958984375,54.9591064453125,-0.22705341796875,0.8255546264648438,0.0
,5985,,,,,-54.876708984375,52.2216796875,-0.2912747314453125,0.7999696838378907,0.0
,5986,,,,,-58.1634521484375,49.98779296875,-0.37932008056640626,0.7535646057128906,0.0
,5987,,,,,-61.5234375,46.7376708984375,-0.4467524597167969,0.7064344482421875,0.0
,5988,,,,,-63.8946533203125,44.256591796875,-0.5250610290527344,0.6493603454589844,0.0
,5989,,,,,-66.8243408203125,40.5029296875,-0.585864111328125,0.6133135437011719,0.0
,5990,,,,,-68.719482421875,37.0697021484375,-0.6495675109863281,0.5616257446289062,0.0
,5991,,,,,-68.792724609375,36.2548828125,-0.696904833984375,0.52868642578125,0.0
,5992,,,,,-69.68994140625,33.0322265625,-0.7600903198242188,0.48549241333007814,0.0
,5993,,,,,-70.7061767578125,28.9306640625,-0.8060810668945313,0.4478918701171875,0.0
,5994,,,,,-70.550537109375,25.653076171875,-0.8429565307617187,0.42054602050781253,0.0
,5995,,,,,-71.3653564453125,20.9930419921875,-0.8860469604492188,0.37859500122070316,0.0
,5996,,,,,-72.0428466796875,15.692138671875,-0.9100781616210938,0.3374726440429688,0.0
,5997,,,,,-72.7569580078125,9.4757080078125,-0.9211615173339844,0.29676461791992187,0.0
,5998,,,,,-76.57470703125,-3.2684326171875,-0.9297588867187501,0.26776144409179686,0.0
,5999,,,,,-73.626708984375,-3.424072265625,-0.9225080932617188,0.22829641113281252,0.0
,6000,,,,,-73.590087890625,-8.7432861328125,-0.9453998840332032,0.16013895263671876,0.0
,6001,,,,,-73.260498046875,-13.6138916015625,-0.9453998840332032,0.10368634643554688,0.0
,6002,,,,,-72.4822998046875,-19.0521240234375,-0.938977752685547,0.04775165405273438,0.0
,6003,,,,,-71.4202880859375,-23.345947265625,-0.9624910400390625,-0.022063128662109376,0.0
,6004,,,,,-70.2301025390625,-27.20947265625,-0.9534793395996094,-0.10037169799804688,0.0
,6005,,,,,-68.4906005859375,-31.0546875,-0.9332807006835938,-0.14014747924804688,0.0
,6006,,,,,-66.156005859375,-35.3851318359375,-0.9161895446777344,-0.19473559570312501,0.0
,6007,,,,,-63.6932373046875,-39.056396484375,-0.8862541259765625,-0.2722155029296875,0.0
,6008,,,,,-62.7044677734375,-39.5599365234375,-0.8786925842285157,-0.348866748046875,0.0
,6009,,,,,-60.2691650390625,-41.93115234375,-0.8608763488769532,-0.39599690551757816,0.0
,6010,,,,,-57.000732421875,-45.135498046875,-0.8519682312011719,-0.4508957702636719,0.0
,6011,,,,,-54.0802001953125,-46.8658447265625,-0.8173715881347656,-0.4637400329589844,0.0
,6012,,,,,-50.592041015625,-50.3448486328125,-0.8457532653808594,-0.5439130920410157,0.0
,6013,,,,,-46.3897705078125,-54.364013671875,-0.8148856018066406,-0.5544785339355469,0.0
,6014,,,,,-40.557861328125,-58.941650390625,-0.7761456481933594,-0.5954973083496093,0.0
,6015,,,,,-34.1766357421875,-62.8875732421875,-0.7203145385742188,-0.5785097351074219,0.0
,6016,,,,,-30.4229736328125,-65.7806396484375,-0.7320193908691407,-0.6400378967285156,0.0
,6017,,,,,-25.2044677734375,-68.44482421875,-0.6689374877929688,-0.6516391662597656,0.0
,6018,,,,,-19.8028564453125,-70.8343505859375,-0.6436632934570312,-0.7275653320312501,0.0
,6019,,,,,-14.5477294921875,-72.94921875,-0.5488850646972656,-0.7253900939941407,0.0
,6020,,,,,-10.565185546875,-74.30419921875,-0.5182245666503906,-0.7932368041992188,0.0
,6021,,,,,-6.1798095703125,-75.54931640625,-0.42334275512695313,-0.7909579833984375,0.0
,6022,,,,,-1.0162353515625,-76.2908935546875,-0.390299853515625,-0.8356021545410156,0.0
,6023,,,,,3.6529541015625,-76.446533203125,-0.2922069763183594,-0.8282477783203125,0.0
,6024,,,,,6.903076171875,-75.84228515625,-0.2238423522949219,-0.8451317687988281,0.0
,6025,,,,,8.294677734375,-75.164794921875,-0.12336707153320313,-0.8285585266113281,0.0
,6026,,,,,12.103271484375,-74.3499755859375,-0.06639655151367188,-0.8584939453125,0.0
,6027,,,,,16.2139892578125,-72.7386474609375,-0.016469659423828126,-0.87672451171875,0.0
,6028,,,,,18.49365234375,-70.34912109375,0.026413604736328127,-0.9016879577636719,0.0
,6029,,,,,23.4100341796875,-68.22509765625,0.05458811645507813,-0.9083172546386719,0.0
,6030,,,,,29.351806640625,-65.679931640625,0.09477822875976563,-0.9163967102050782,0.0
,6031,,,,,35.2752685546875,-63.427734375,0.12699246826171876,-0.9002377990722656,0.0
,6032,,,,,40.3106689453125,-61.5692138671875,0.1702900634765625,-0.8780710876464844,0.0
,6033,,,,,45.1171875,-59.124755859375,0.23482212524414064,-0.8196504089355469,0.0
,6034,,,,,50.518798828125,-55.8746337890625,0.29355355224609375,-0.7928224731445312,0.0
,6035,,,,,54.803466796875,-53.3294677734375,0.35332080688476564,-0.7597795715332032,0.0
,6036,,,,,58.209228515625,-50.86669921875,0.38470638427734377,-0.7323301391601563,0.0
,6037,,,,,61.19384765625,-48.284912109375,0.4538996704101563,-0.6944188476562501,0.0
,6038,,,,,63.7298583984375,-45.3277587890625,0.5480564025878907,-0.6640690979003906,0.0
,6039,,,,,66.2017822265625,-41.27197265625,0.619010595703125,-0.6293688720703126,0.0
,6040,,,,,67.218017578125,-39.1387939453125,0.6603401184082032,-0.5942543151855469,0.0
,6041,,,,,67.9779052734375,-36.6851806640625,0.7332623840332031,-0.5401841125488281,0.0
,6042,,,,,68.44482421875,-34.3048095703125,0.8116745361328125,-0.483110009765625,0.0
,6043,,,,,68.4722900390625,-30.615234375,0.8434744445800781,-0.44934202880859375,0.0
,6044,,,,,69.0765380859375,-25.177001953125,0.8605656005859376,-0.43753359375,0.0
,6045,,,,,68.88427734375,-20.9747314453125,0.8947479125976563,-0.39672198486328125,0.0
,6046,,,,,69.4427490234375,-15.252685546875,0.9067635131835938,-0.3634719177246094,0.0
,6047,,,,,69.927978515625,-8.331298828125,0.9331771179199219,-0.32566420898437504,0.0
,6048,,,,,66.90673828125,-8.331298828125,0.9500611083984375,-0.298318359375,0.0
,6049,,,,,72.2442626953125,5.0811767578125,0.9417744873046875,-0.24497323608398439,0.0
,6050,,,,,71.3287353515625,7.708740234375,0.9516148498535156,-0.173190380859375,0.0
,6051,,,,,71.209716796875,12.3504638671875,0.9392885009765626,-0.09995736694335938,0.0
,6052,,,,,70.7244873046875,17.61474609375,0.9286194763183594,-0.052102130126953125,0.0
,6053,,,,,69.9554443359375,22.412109375,0.9423959838867187,0.021648797607421874,0.0
,6054,,,,,68.902587890625,26.2115478515625,0.9400135803222657,0.0915671630859375,0.0
,6055,,,,,67.3095703125,30.5419921875,0.9408422424316406,0.16676824951171876,0.0
,6056,,,,,65.057373046875,34.991455078125,0.9185719482421876,0.221252783203125,0.0
,6057,,,,,62.51220703125,39.07470703125,0.9059348510742188,0.28360960693359377,0.0
,6058,,,,,60.369873046875,41.9036865234375,0.8959909057617188,0.3373690612792969,0.0
,6059,,,,,59.21630859375,42.8192138671875,0.8780710876464844,0.39786139526367187,0.0
,6060,,,,,56.0760498046875,45.7672119140625,0.8949550781250001,0.46487944335937503,0.0
,6061,,,,,52.7252197265625,49.2462158203125,0.8782782531738281,0.5072447937011719,0.0
,6062,,,,,49.7772216796875,50.64697265625,0.8507252380371094,0.53863037109375,0.0
,6063,,,,,45.2178955078125,54.144287109375,0.80877421875,0.5558251098632813,0.0
,6064,,,,,39.7064208984375,58.04443359375,0.7986231079101562,0.5865891906738282,0.0
,6065,,,,,31.549072265625,61.7156982421875,0.7605046508789063,0.6111383056640625,0.0
,6066,,,,,29.0679931640625,65.07568359375,0.7172070556640625,0.6249148132324219,0.0
,6067,,,,,24.169921875,67.913818359375,0.6470815246582031,0.6379662414550782,0.0
,6068,,,,,18.4844970703125,70.6512451171875,0.6011943603515625,0.66127236328125,0.0
,6069,,,,,13.9984130859375,72.821044921875,0.5401841125488281,0.6790885986328126,0.0
,6070,,,,,9.99755859375,74.2401123046875,0.4830064270019531,0.7358519531250001,0.0
,6071,,,,,6.0882568359375,75.3662109375,0.42282484130859377,0.7760420654296876,0.0
,6072,,,,,1.1444091796875,76.06201171875,0.37393377685546875,0.8219292297363282,0.0
,6073,,,,,-3.2135009765625,76.1627197265625,0.26796860961914065,0.8226543090820313,0.0
,6074,,,,,-4.632568359375,75.4302978515625,0.20115772705078125,0.8570437866210938,0.0
,6075,,,,,-7.781982421875,74.37744140625,0.14532661743164063,0.8850111328125,0.0
,6076,,,,,-11.1968994140625,73.5992431640625,0.10658666381835938,0.9180540344238282,0.0
,6077,,,,,-13.165283203125,72.088623046875,0.028899591064453126,0.9188826965332032,0.0
,6078,,,,,-17.083740234375,70.3582763671875,-0.012533514404296875,0.9288266418457032,0.0
,6079,,,,,-22.0001220703125,68.4906005859375,-0.06722521362304688,0.9121498168945312,0.0
,6080,,,,,-27.960205078125,66.1376953125,-0.10492933959960937,0.8983733093261719,0.0
,6081,,,,,-33.9569091796875,63.6566162109375,-0.11694494018554688,0.8998234680175782,0.0
,6082,,,,,-38.92822265625,61.48681640625,-0.17225813598632814,0.885839794921875,0.0
,6083,,,,,-43.963623046875,59.06982421875,-0.24176217041015627,0.8491714965820313,0.0
,6084,,,,,-48.37646484375,56.8634033203125,-0.2952108764648438,0.808877801513672,0.0
,6085,,,,,-53.1097412109375,53.6407470703125,-0.330636181640625,0.7936511352539063,0.0
,6086,,,,,-56.7626953125,51.2420654296875,-0.4189922790527344,0.7427919982910156,0.0
,6087,,,,,-59.5733642578125,48.834228515625,-0.48559599609375004,0.6999087341308594,0.0
,6088,,,,,-61.7340087890625,45.849609375,-0.5513710510253906,0.6561968078613282,0.0
,6089,,,,,-64.2974853515625,41.766357421875,-0.6131063781738282,0.6167317749023438,0.0
,6090,,,,,-66.339111328125,38.250732421875,-0.6610651977539063,0.6001585327148438,0.0
,6091,,,,,-66.192626953125,37.46337890625,-0.7159640625,0.5595540893554688,0.0
,6092,,,,,-66.796875,34.38720703125,-0.7802889587402344,0.5008226623535157,0.0
,6093,,,,,-67.730712890625,30.120849609375,-0.8053559875488282,0.47896669921875,0.0
,6094,,,,,-67.6116943359375,26.7974853515625,-0.8401597961425782,0.44727037353515625,0.0
,6095,,,,,-68.2159423828125,21.7071533203125,-0.8905010192871095,0.4087375854492188,0.0
,6096,,,,,-68.84765625,15.838623046875,-0.9237510864257813,0.360468017578125,0.0
,6097,,,,,-69.7265625,9.9151611328125,-0.937216845703125,0.31437368774414065,0.0
,6098,,,,,-74.267578125,-3.2867431640625,-0.9433282287597656,0.26786502685546876,0.0
,6099,,,,,-71.2005615234375,-2.838134765625,-0.9387705871582032,0.2353400390625,0.0
,6100,,,,,-71.6949462890625,-8.1573486328125,-0.948818115234375,0.17515845336914063,0.0
,6101,,,,,-71.9970703125,-13.385009765625,-0.951407684326172,0.11901659545898438,0.0
,6102,,,,,-71.5576171875,-19.44580078125,-0.95296142578125,0.05935292358398438,0.0
,6103,,,,,-70.806884765625,-24.1424560546875,-0.9377347595214844,0.0136729248046875,0.0
,6104,,,,,-69.7723388671875,-28.179931640625,-0.9339021972656251,-0.052205712890625,0.0
,6105,,,,,-68.280029296875,-32.666015625,-0.9532721740722656,-0.1160126953125,0.0
,6106,,,,,-66.1468505859375,-36.6851806640625,-0.9572083190917969,-0.18095908813476563,0.0
,6107,,,,,-63.262939453125,-40.8416748046875,-0.9339021972656251,-0.2321289733886719,0.0
,6108,,,,,-61.1572265625,-42.48046875,-0.9281015625,-0.31623817749023436,0.0
,6109,,,,,-58.2916259765625,-44.842529296875,-0.8871863708496094,-0.35860352783203125,0.0
,6110,,,,,-55.70068359375,-47.35107421875,-0.8542470520019532,-0.413502392578125,0.0
,6111,,,,,-52.6702880859375,-48.7518310546875,-0.829490771484375,-0.4550390808105469,0.0
,6112,,,,,-48.3673095703125,-52.0294189453125,-0.8408848754882813,-0.5313795776367187,0.0
,6113,,,,,-43.98193359375,-54.9041748046875,-0.7958263732910157,-0.5350049743652344,0.0
,6114,,,,,-39.2303466796875,-58.63037109375,-0.8069097290039062,-0.6027481018066406,0.0
,6115,,,,,-32.684326171875,-62.6953125,-0.7465209777832031,-0.6029552673339844,0.0
,6116,,,,,-28.9581298828125,-66.0003662109375,-0.7149282348632813,-0.6409701416015625,0.0
,6117,,,,,-24.4720458984375,-69.049072265625,-0.6465636108398438,-0.6393128173828125,0.0
,6118,,,,,-20.25146484375,-71.923828125,-0.6072021606445313,-0.6931758544921875,0.0
,6119,,,,,-15.0970458984375,-74.1485595703125,-0.5083842041015625,-0.6946260131835937,0.0
,6120,,,,,-10.6109619140625,-75.3936767578125,-0.4707836608886719,-0.7563613403320313,0.0
,6121,,,,,-6.73828125,-75.91552734375,-0.39568615722656253,-0.7725202514648438,0.0
,6122,,,,,-2.89306640625,-76.3641357421875,-0.34948824462890626,-0.8276262817382812,0.0
,6123,,,,,2.0965576171875,-76.8951416015625,-0.23969051513671877,-0.8231722229003906,0.0
,6124,,,,,5.8868408203125,-76.57470703125,-0.19587500610351563,-0.8496894104003907,0.0
,6125,,,,,5.9600830078125,-75.9979248046875,-0.11735927124023438,-0.8527968933105469,0.0
,6126,,,,,8.697509765625,-75.128173828125,-0.035632470703125,-0.8619121765136719,0.0
,6127,,,,,13.43994140625,-73.1231689453125,0.015433831787109376,-0.8697844665527344,0.0
,6128,,,,,17.010498046875,-70.8526611328125,0.04402267456054688,-0.9012736267089844,0.0
,6129,,,,,21.7987060546875,-69.2047119140625,0.09591763916015625,-0.8949550781250001,0.0
,6130,,,,,27.0172119140625,-67.4468994140625,0.12253840942382813,-0.9037596130371094,0.0
,6131,,,,,32.940673828125,-65.1947021484375,0.15257741088867188,-0.885839794921875,0.0
,6132,,,,,38.6993408203125,-62.6312255859375,0.198050244140625,-0.8723740356445313,0.0
,6133,,,,,43.0755615234375,-60.9283447265625,0.2669327819824219,-0.8425421997070313,0.0
,6134,,,,,47.3876953125,-58.7310791015625,0.31178411865234373,-0.8208934020996094,0.0
,6135,,,,,51.177978515625,-55.938720703125,0.35943218994140624,-0.8085670532226563,0.0
,6136,,,,,55.1788330078125,-52.0294189453125,0.4301792175292969,-0.7735560791015625,0.0
,6137,,,,,58.41064453125,-48.37646484375,0.49243245849609374,-0.7311907287597657,0.0
,6138,,,,,60.8642578125,-44.9432373046875,0.5400805297851563,-0.7065380310058594,0.0
,6139,,,,,63.043212890625,-41.583251953125,0.6139350402832031,-0.6636547668457031,0.0
,6140,,,,,65.570068359375,-37.6373291015625,0.6685231567382812,-0.6249148132324219,0.0
,6141,,,,,67.3004150390625,-33.7738037109375,0.735023291015625,-0.562661572265625,0.0
,6142,,,,,67.08984375,-32.8857421875,0.7838107727050782,-0.5296186706542969,0.0
,6143,,,,,67.71240234375,-30.029296875,0.8085670532226563,-0.4843530029296875,0.0
,6144,,,,,68.902587890625,-25.927734375,0.8469962585449219,-0.44809903564453124,0.0
,6145,,,,,69.2138671875,-21.5057373046875,0.8708202941894532,-0.41712778930664063,0.0
,6146,,,,,69.9737548828125,-15.27099609375,0.9012736267089844,-0.3692725524902344,0.0
,6147,,,,,70.440673828125,-9.4207763671875,0.90987099609375,-0.3404765441894531,0.0
,6148,,,,,67.7581787109375,-9.4207763671875,0.9039667785644532,-0.315720263671875,0.0
,6149,,,,,73.663330078125,6.7108154296875,0.9211615173339844,-0.25502076416015623,0.0
,6150,,,,,71.9146728515625,9.4573974609375,0.9485073669433594,-0.19908607177734375,0.0
,6151,,,,,71.6949462890625,15.0054931640625,0.9448819702148438,-0.15402756958007813,0.0
,6152,,,,,71.0906982421875,20.25146484375,0.9359738525390625,-0.09684988403320313,0.0
,6153,,,,,69.873046875,26.055908203125,0.9453998840332032,-0.018334149169921876,0.0
,6154,,,,,68.829345703125,30.5419921875,0.9269621520996094,0.04402267456054688,0.0
,6155,,,,,67.4102783203125,34.075927734375,0.9069706787109375,0.121813330078125,0.0
,6156,,,,,65.386962890625,37.7471923828125,0.9101817443847656,0.19173169555664063,0.0
,6157,,,,,62.80517578125,42.041015625,0.889154443359375,0.25626375732421874,0.0
,6158,,,,,60.4339599609375,45.3460693359375,0.8894651916503906,0.3260785400390625,0.0
,6159,,,,,59.6832275390625,45.611572265625,0.8660554870605469,0.3953754089355469,0.0
,6160,,,,,57.0831298828125,47.406005859375,0.8440959411621094,0.45431400146484374,0.0
,6161,,,,,53.1463623046875,50.7659912109375,0.8328054199218751,0.4869425720214844,0.0
,6162,,,,,49.6307373046875,53.0914306640625,0.8398490478515626,0.5412199401855469,0.0
,6163,,,,,45.556640625,56.50634765625,0.8035950805664063,0.5661833862304688,0.0
,6164,,,,,40.869140625,60.02197265625,0.7727274169921875,0.5879357666015625,0.0
,6165,,,,,31.89697265625,64.16015625,0.6975263305664062,0.5937364013671875,0.0
,6166,,,,,30.047607421875,67.4285888671875,0.6791921813964844,0.6296796203613282,0.0
,6167,,,,,25.927734375,69.7174072265625,0.62812587890625,0.6481173522949218,0.0
,6168,,,,,21.6705322265625,71.832275390625,0.5741592590332032,0.6528821594238281,0.0
,6169,,,,,16.6534423828125,73.992919921875,0.4745126403808594,0.6683159912109375,0.0
,6170,,,,,11.993408203125,75.933837890625,0.42976488647460936,0.7348161254882812,0.0
,6171,,,,,8.514404296875,77.01416015625,0.4011760437011719,0.7944797973632812,0.0
,6172,,,,,4.559326171875,77.911376953125,0.34130520629882816,0.8374666442871094,0.0
,6173,,,,,0.0732421875,77.838134765625,0.2337862976074219,0.8455460998535157,0.0
,6174,,,,,-1.519775390625,77.7008056640625,0.168218408203125,0.8781746704101563,0.0
,6175,,,,,-4.193115234375,77.1331787109375,0.11414820556640626,0.8998234680175782,0.0
,6176,,,,,-7.305908203125,75.7598876953125,0.09218865966796876,0.9393920837402344,0.0
,6177,,,,,-9.942626953125,73.6541748046875,0.03832562255859375,0.9417744873046875,0.0
,6178,,,,,-15.12451171875,71.3653564453125,-0.026827935791015625,0.9449855529785156,0.0
,6179,,,,,-20.0225830078125,69.1131591796875,-0.06349623413085938,0.9492324462890626,0.0
,6180,,,,,-25.653076171875,66.97998046875,-0.13434684448242187,0.9042775268554688,0.0
,6181,,,,,-31.8695068359375,64.068603515625,-0.1835486572265625,0.8869792053222657,0.0
,6182,,,,,-37.6007080078125,61.6973876953125,-0.20726911010742188,0.8635695007324219,0.0
,6183,,,,,-42.333984375,59.600830078125,-0.24901296386718752,0.8272119506835938,0.0
,6184,,,,,-46.5545654296875,57.5592041015625,-0.32317822265625,0.7879540832519532,0.0
,6185,,,,,-50.4547119140625,55.3070068359375,-0.38449921875000004,0.7541861022949219,0.0
,6186,,,,,-54.4921875,52.294921875,-0.45431400146484374,0.7228005249023438,0.0
,6187,,,,,-58.209228515625,49.383544921875,-0.49491844482421876,0.7121315002441406,0.0
,6188,,,,,-60.699462890625,46.490478515625,-0.5638009826660156,0.6626189392089844,0.0
,6189,,,,,-63.1072998046875,42.681884765625,-0.6287473754882813,0.6202535888671875,0.0
,6190,,,,,-65.625,38.0401611328125,-0.6924507751464843,0.582549462890625,0.0
,6191,,,,,-67.1356201171875,34.625244140625,-0.7029126342773437,0.561004248046875,0.0
,6192,,,,,-68.170166015625,31.09130859375,-0.7207288696289063,0.527857763671875,0.0
,6193,,,,,-68.792724609375,28.3538818359375,-0.7818427001953125,0.4852852478027344,0.0
,6194,,,,,-68.902587890625,24.9114990234375,-0.8353949890136719,0.42924697265625,0.0
,6195,,,,,-69.8638916015625,19.610595703125,-0.8617050109863281,0.390299853515625,0.0
,6196,,,,,-70.1751708984375,14.813232421875,-0.8762065979003907,0.3643005798339844,0.0
,6197,,,,,-70.8343505859375,8.6151123046875,-0.8918475952148438,0.33881921997070313,0.0
,6198,,,,,-74.2767333984375,-3.40576171875,-0.9074885925292969,0.29572879028320315,0.0
,6199,,,,,-71.7681884765625,-4.6051025390625,-0.9358702697753907,0.24082992553710938,0.0
,6200,,,,,-71.77734375,-10.235595703125,-0.9288266418457032,0.20032906494140626,0.0
,6201,,,,,-71.429443359375,-15.2252197265625,-0.9021022888183594,0.15817088012695313,0.0
,6202,,,,,-70.6512451171875,-21.002197265625,-0.9014807922363282,0.10078602905273437,0.0
,6203,,,,,-69.6441650390625,-26.2847900390625,-0.8935049194335938,0.0493053955078125,0.0
,6204,,,,,-68.8751220703125,-30.6060791015625,-0.8913296813964844,-0.021234466552734376,0.0
,6205,,,,,-67.67578125,-34.478759765625,-0.8849075500488282,-0.0841092041015625,0.0
,6206,,,,,-65.4693603515625,-38.946533203125,-0.8803499084472657,-0.15806729736328126,0.0
,6207,,,,,-63.2537841796875,-42.4530029296875,-0.8820072326660157,-0.24828788452148437,0.0
,6208,,,,,-62.530517578125,-42.6544189453125,-0.8896723571777344,-0.3344687438964844,0.0
,6209,,,,,-59.9945068359375,-44.8699951171875,-0.8600476867675781,-0.39061060180664064,0.0
,6210,,,,,-56.5521240234375,-47.8179931640625,-0.841920703125,-0.4487205322265625,0.0
,6211,,,,,-53.7506103515625,-48.8616943359375,-0.8105351257324219,-0.47430547485351565,0.0
,6212,,,,,-49.932861328125,-51.4892578125,-0.8185109985351563,-0.5346942260742188,0.0
,6213,,,,,-45.2728271484375,-54.986572265625,-0.7730381652832031,-0.5354193054199219,0.0
,6214,,,,,-39.5050048828125,-59.0972900390625,-0.7770778930664063,-0.5937364013671875,0.0
,6215,,,,,-34.130859375,-62.677001953125,-0.7129601623535157,-0.5859676940917969,0.0
,6216,,,,,-30.303955078125,-66.0186767578125,-0.6586827941894532,-0.6217037475585938,0.0
,6217,,,,,-26.0833740234375,-68.792724609375,-0.5885572631835938,-0.6321656066894531,0.0
,6218,,,,,-21.478271484375,-71.37451171875,-0.5675299621582032,-0.6962833374023438,0.0
,6219,,,,,-17.047119140625,-73.883056640625,-0.49212171020507817,-0.7072631103515625,0.0
,6220,,,,,-13.787841796875,-75.1007080078125,-0.44416289062500003,-0.7760420654296876,0.0
,6221,,,,,-10.0067138671875,-75.787353515625,-0.3601572692871094,-0.7919938110351563,0.0
,6222,,,,,-5.4473876953125,-75.6866455078125,-0.31147337036132816,-0.8570437866210938,0.0
,6223,,,,,-0.8514404296875,-75.3570556640625,-0.21524498291015626,-0.8482392517089844,0.0
,6224,,,,,2.435302734375,-74.4415283203125,-0.15092008666992188,-0.86015126953125,0.0
,6225,,,,,3.7353515625,-73.4710693359375,-0.07116135864257812,-0.8555936279296875,0.0
,6226,,,,,7.470703125,-72.2076416015625,-0.019991473388671875,-0.8762065979003907,0.0
,6227,,,,,11.8927001953125,-70.5596923828125,0.0418474365234375,-0.8706131286621094,0.0
,6228,,,,,14.7125244140625,-68.6920166015625,0.058835009765625,-0.8967159851074219,0.0
,6229,,,,,19.5831298828125,-67.0074462890625,0.0584206787109375,-0.9023094543457032,0.0
,6230,,,,,25.6439208984375,-65.0390625,0.08224471435546875,-0.905727685546875,0.0
,6231,,,,,31.9061279296875,-63.0615234375,0.14677677612304688,-0.8890508605957032,0.0
,6232,,,,,37.3626708984375,-61.2213134765625,0.1802340087890625,-0.8807642395019532,0.0
,6233,,,,,42.315673828125,-58.9508056640625,0.21814530029296875,-0.8541434692382813,0.0
,6234,,,,,47.406005859375,-55.5450439453125,0.285059765625,-0.8164393432617187,0.0
,6235,,,,,51.763916015625,-52.734375,0.3447234375,-0.7993481872558594,0.0
,6236,,,,,55.169677734375,-50.20751953125,0.38056307373046877,-0.7882648315429688,0.0
,6237,,,,,58.3282470703125,-47.332763671875,0.44188406982421874,-0.7349197082519532,0.0
,6238,,,,,61.8621826171875,-43.1396484375,0.4954363586425781,-0.6958690063476562,0.0
,6239,,,,,64.3707275390625,-38.983154296875,0.5476420715332031,-0.6671765808105469,0.0
,6240,,,,,66.192626953125,-35.6048583984375,0.6152816162109375,-0.6183890991210937,0.0
,6241,,,,,67.584228515625,-32.33642578125,0.67618828125,-0.5538570373535157,0.0
,6242,,,,,67.767333984375,-30.010986328125,0.7249757629394531,-0.5153242492675781,0.0
,6243,,,,,68.4906005859375,-26.3031005859375,0.7891970764160157,-0.4724409851074219,0.0
,6244,,,,,68.8751220703125,-22.613525390625,0.847721337890625,-0.4376371765136719,0.0
,6245,,,,,68.5821533203125,-18.9605712890625,0.852693310546875,-0.4188886962890625,0.0
,6246,,,,,69.451904296875,-12.744140625,0.8668841491699218,-0.3880210327148438,0.0
,6247,,,,,69.8822021484375,-6.353759765625,0.8849075500488282,-0.34078729248046874,0.0
,6248,,,,,72.9583740234375,3.3966064453125,0.88998310546875,-0.30391182861328125,0.0
,6249,,,,,71.2554931640625,5.0628662109375,0.8826287292480469,-0.25957840576171876,0.0
,6250,,,,,71.6033935546875,11.041259765625,0.8780710876464844,-0.20095056152343752,0.0
,6251,,,,,71.74072265625,16.7724609375,0.8620157592773438,-0.1429442138671875,0.0
,6252,,,,,71.5850830078125,21.1212158203125,0.8744456909179688,-0.07209360351562501,0.0
,6253,,,,,70.9716796875,25.396728515625,0.8679199768066407,0.018334149169921876,0.0
,6254,,,,,70.2392578125,29.47998046875,0.8719597045898437,0.08431636962890625,0.0
,6255,,,,,68.73779296875,34.5794677734375,0.8639838317871094,0.1595174560546875,0.0
,6256,,,,,66.741943359375,38.4063720703125,0.852693310546875,0.20747627563476564,0.0
,6257,,,,,65.625,39.825439453125,0.8424386169433594,0.2650682922363281,0.0
,6258,,,,,63.31787109375,42.5079345703125,0.8535219726562501,0.3384048889160156,0.0
,6259,,,,,60.8001708984375,44.86083984375,0.8428529479980469,0.40272978515625,0.0
,6260,,,,,57.9620361328125,46.2982177734375,0.8487571655273438,0.474823388671875,0.0
,6261,,,,,54.7119140625,49.40185546875,0.8193396606445312,0.5025835693359375,0.0
,6262,,,,,50.8392333984375,51.690673828125,0.802144921875,0.5270291015625,0.0
,6263,,,,,45.648193359375,55.9295654296875,0.7437242431640625,0.5227822082519531,0.0
,6264,,,,,40.9698486328125,60.0860595703125,0.7259080078125,0.5570681030273438,0.0
,6265,,,,,32.574462890625,63.0523681640625,0.6893432922363282,0.6152816162109375,0.0
,6266,,,,,32.4554443359375,66.1651611328125,0.6881002990722657,0.6634476013183594,0.0
,6267,,,,,27.227783203125,69.0582275390625,0.6094809814453125,0.6737022949218751,0.0
,6268,,,,,22.2930908203125,71.1181640625,0.5601755859375,0.6772241088867188,0.0
,6269,,,,,18.548583984375,72.418212890625,0.4819705993652344,0.7185536315917969,0.0
,6270,,,,,14.31884765625,73.6175537109375,0.45887164306640627,0.7986231079101562,0.0
,6271,,,,,9.26513671875,74.2218017578125,0.4116379028320313,0.8474105895996094,0.0
,6272,,,,,4.5135498046875,74.6246337890625,0.3446198547363281,0.8542470520019532,0.0
,6273,,,,,1.153564453125,74.2767333984375,0.26258230590820314,0.8565258728027344,0.0
,6274,,,,,-0.9246826171875,73.79150390625,0.20499028930664062,0.8901902709960938,0.0
,6275,,,,,-5.419921875,73.1689453125,0.138386572265625,0.9131856445312501,0.0
,6276,,,,,-8.8531494140625,72.0428466796875,0.098610791015625,0.9257191589355469,0.0
,6277,,,,,-10.80322265625,70.6695556640625,0.05531319580078125,0.9319341247558593,0.0
,6278,,,,,-15.4815673828125,69.4610595703125,0.0037289794921875003,0.9394956665039063,0.0
,6279,,,,,-21.0205078125,67.4468994140625,-0.06018158569335938,0.9249940795898438,0.0
,6280,,,,,-26.9256591796875,65.44189453125,-0.10327201538085938,0.9163967102050782,0.0
,6281,,,,,-32.2906494140625,63.0340576171875,-0.10213260498046875,0.9152572998046875,0.0
,6282,,,,,-38.0767822265625,60.64453125,-0.15040217285156252,0.8968195678710937,0.0
,6283,,,,,-43.267822265625,58.33740234375,-0.20488670654296876,0.8664698181152344,0.0
,6284,,,,,-48.5595703125,55.1513671875,-0.28247019653320316,0.8217220642089844,0.0
,6285,,,,,-53.082275390625,51.96533203125,-0.32017432250976563,0.8187181640625,0.0
,6286,,,,,-56.3323974609375,49.2095947265625,-0.3953754089355469,0.7861931762695312,0.0
,6287,,,,,-59.783935546875,46.0052490234375,-0.4507921875,0.7487997985839844,0.0
,6288,,,,,-62.9150390625,42.2149658203125,-0.49709368286132816,0.7108885070800781,0.0
,6289,,,,,-65.8355712890625,38.2965087890625,-0.5509567199707032,0.672044970703125,0.0
,6290,,,,,-67.474365234375,35.3851318359375,-0.6252255615234376,0.6076164916992187,0.0
,6291,,,,,-68.5272216796875,33.36181640625,-0.6746345397949219,0.5649403930664063,0.0
,6292,,,,,-70.01953125,29.47998046875,-0.7289119079589844,0.5205033874511719,0.0
,6293,,,,,-70.660400390625,26.1199951171875,-0.7757313171386719,0.4819705993652344,0.0
,6294,,,,,-69.891357421875,23.822021484375,-0.8167500915527344,0.43939808349609377,0.0
,6295,,,,,-70.5047607421875,18.8873291015625,-0.8607727661132812,0.4128808959960938,0.0
,6296,,,,,-71.0540771484375,13.4307861328125,-0.8822143981933595,0.37900933227539063,0.0
,6297,,,,,-71.5667724609375,6.5185546875,-0.8981661437988282,0.3335364990234375,0.0
,6298,,,,,-73.1964111328125,-1.9500732421875,-0.9018951232910156,0.28816724853515624,0.0
,6299,,,,,-72.5830078125,-4.779052734375,-0.9035524475097656,0.2379296081542969,0.0
,6300,,,,,-73.0133056640625,-10.198974609375,-0.9026202026367188,0.1843773193359375,0.0
,6301,,,,,-72.9217529296875,-15.966796875,-0.8988912231445313,0.1164270263671875,0.0
,6302,,,,,-72.6470947265625,-21.2310791015625,-0.9108032409667969,0.03822203979492188,0.0
,6303,,,,,-72.47314453125,-25.1953125,-0.9195041931152345,-0.02050938720703125,0.0
,6304,,,,,-71.6949462890625,-29.388427734375,-0.9081100891113282,-0.09622838745117188,0.0
,6305,,,,,-69.891357421875,-33.6456298828125,-0.8917440124511719,-0.12771754760742188,0.0
,6306,,,,,-68.1793212890625,-37.7197265625,-0.8853218811035156,-0.20664761352539063,0.0
,6307,,,,,-66.632080078125,-40.6494140625,-0.8882221984863281,-0.2980076110839844,0.0
,6308,,,,,-65.496826171875,-41.0247802734375,-0.8915368469238282,-0.37072271118164063,0.0
,6309,,,,,-62.7593994140625,-43.3685302734375,-0.8547649658203125,-0.40625159912109376,0.0
,6310,,,,,-59.1064453125,-46.69189453125,-0.8404705444335938,-0.4496527770996094,0.0
,6311,,,,,-55.7464599609375,-47.7996826171875,-0.7994517700195313,-0.4678833435058594,0.0
,6312,,,,,-51.59912109375,-50.811767578125,-0.8134354431152344,-0.551060302734375,0.0
,6313,,,,,-46.98486328125,-54.4830322265625,-0.8057703186035157,-0.5711553588867188,0.0
,6314,,,,,-41.3543701171875,-58.6944580078125,-0.8122960327148437,-0.6375519104003906,0.0
,6315,,,,,-33.9752197265625,-62.8143310546875,-0.7373021118164063,-0.6233610717773438,0.0
,6316,,,,,-31.75048828125,-65.863037109375,-0.6949367614746094,-0.6772241088867188,0.0
,6317,,,,,-27.13623046875,-68.536376953125,-0.6229467407226563,-0.6892397094726562,0.0
,6318,,,,,-22.100830078125,-71.1456298828125,-0.5999513671875,-0.7605046508789063,0.0
,6319,,,,,-17.486572265625,-73.1231689453125,-0.5243359497070312,-0.76402646484375,0.0
,6320,,,,,-13.76953125,-74.3865966796875,-0.49253604125976563,-0.8199611572265625,0.0
,6321,,,,,-9.1552734375,-75.25634765625,-0.39599690551757816,-0.8184074157714843,0.0
,6322,,,,,-4.0740966796875,-75.494384765625,-0.3715513732910156,-0.8871863708496094,0.0
,6323,,,,,0.9429931640625,-75.567626953125,-0.29572879028320315,-0.8920547607421875,0.0
,6324,,,,,4.522705078125,-75.146484375,-0.2340970458984375,-0.9125641479492188,0.0
,6325,,,,,6.0699462890625,-74.4232177734375,-0.12461006469726563,-0.8917440124511719,0.0
,6326,,,,,9.55810546875,-73.297119140625,-0.06515355834960938,-0.9115283203125,0.0
,6327,,,,,14.24560546875,-71.722412109375,-0.029003173828125,-0.9299660522460937,0.0
,6328,,,,,17.24853515625,-69.8455810546875,0.019784307861328124,-0.9228188415527344,0.0
,6329,,,,,21.8536376953125,-68.243408203125,0.06463564453125001,-0.9214722656250001,0.0
,6330,,,,,27.227783203125,-66.0369873046875,0.096953466796875,-0.9313126281738282,0.0
,6331,,,,,33.9019775390625,-63.0615234375,0.10700099487304687,-0.9624910400390625,0.0
,6332,,,,,40.24658203125,-60.0128173828125,0.15029859008789062,-0.9500611083984375,0.0
,6333,,,,,45.30029296875,-57.257080078125,0.1960821716308594,-0.9032416992187501,0.0
,6334,,,,,50.152587890625,-54.38232421875,0.2619608093261719,-0.8703023803710938,0.0
,6335,,,,,54.8858642578125,-51.0772705078125,0.33705831298828126,-0.8149891845703126,0.0
,6336,,,,,59.0789794921875,-48.046875,0.360468017578125,-0.7814283691406251,0.0
,6337,,,,,62.0452880859375,-45.66650390625,0.4252072448730469,-0.7346089599609376,0.0
,6338,,,,,64.984130859375,-42.6544189453125,0.5138740905761718,-0.6784671020507813,0.0
,6339,,,,,66.998291015625,-39.8712158203125,0.567633544921875,-0.6465636108398438,0.0
,6340,,,,,69.2138671875,-35.85205078125,0.6525714111328125,-0.5995370361328125,0.0
,6341,,,,,71.0540771484375,-32.1807861328125,0.7254936767578125,-0.5451560852050782,0.0
,6342,,,,,70.8526611328125,-31.38427734375,0.7752134033203125,-0.5057946350097656,0.0
,6343,,,,,71.0540771484375,-28.363037109375,0.7989338562011719,-0.4696442504882813,0.0
,6344,,,,,72.015380859375,-23.236083984375,0.8325982543945313,-0.44022674560546876,0.0
,6345,,,,,71.7041015625,-19.134521484375,0.8855290466308594,-0.395271826171875,0.0
,6346,,,,,72.3175048828125,-13.714599609375,0.9005485473632813,-0.35849994506835936,0.0
,6347,,,,,73.0865478515625,-7.635498046875,0.9014807922363282,-0.315720263671875,0.0
,6348,,,,,76.8768310546875,3.3599853515625,0.8856326293945312,-0.28630275878906253,0.0
,6349,,,,,74.102783203125,4.79736328125,0.90655634765625,-0.23658303222656252,0.0
,6350,,,,,74.1485595703125,10.272216796875,0.943121063232422,-0.17049722900390626,0.0
,6351,,,,,74.1851806640625,15.0238037109375,0.9207471862792969,-0.11031564331054688,0.0
,6352,,,,,74.1119384765625,19.683837890625,0.9129784790039063,-0.05572752685546875,0.0
,6353,,,,,73.333740234375,24.8382568359375,0.9335914489746094,0.03459664306640625,0.0
,6354,,,,,71.9329833984375,29.0313720703125,0.9376311767578125,0.10927981567382813,0.0
,6355,,,,,70.5047607421875,32.4462890625,0.9412565734863282,0.1984645751953125,0.0
,6356,,,,,68.6737060546875,35.8245849609375,0.9350416076660156,0.2611321472167969,0.0
,6357,,,,,66.7144775390625,38.6627197265625,0.910699658203125,0.3347794921875,0.0
,6358,,,,,63.995361328125,41.8121337890625,0.9092494995117187,0.4033512817382813,0.0
,6359,,,,,61.85302734375,43.1671142578125,0.9026202026367188,0.46094329833984377,0.0
,6360,,,,,58.905029296875,44.989013671875,0.9174325378417969,0.5297222534179687,0.0
,6361,,,,,54.60205078125,48.797607421875,0.8809714050292969,0.5492993957519532,0.0
,6362,,,,,50.68359375,51.251220703125,0.8675056457519531,0.56846220703125,0.0
,6363,,,,,46.3165283203125,54.45556640625,0.822861474609375,0.5847247009277344,0.0
,6364,,,,,41.5924072265625,58.026123046875,0.8027664184570312,0.6183890991210937,0.0
,6365,,,,,30.523681640625,62.0269775390625,0.7340910461425781,0.6261578063964844,0.0
,6366,,,,,30.79833984375,65.753173828125,0.7302584838867188,0.6611687805175781,0.0
,6367,,,,,26.5869140625,68.88427734375,0.6608580322265625,0.670387646484375,0.0
,6368,,,,,21.807861328125,71.44775390625,0.619010595703125,0.6785706848144532,0.0
,6369,,,,,16.424560546875,73.4619140625,0.5483671508789063,0.7096455139160156,0.0
,6370,,,,,11.444091796875,74.74365234375,0.5218499633789062,0.78225703125,0.0
,6371,,,,,7.3333740234375,75.0,0.44416289062500003,0.8073240600585938,0.0
,6372,,,,,2.7191162109375,75.311279296875,0.37445169067382816,0.8383988891601563,0.0
,6373,,,,,-2.105712890625,74.96337890625,0.2829881103515625,0.8659519042968751,0.0
,6374,,,,,-5.859375,74.2034912109375,0.24124425659179688,0.9117354858398438,0.0
,6375,,,,,-9.1094970703125,73.114013671875,0.1885206298828125,0.9406350769042969,0.0
,6376,,,,,-10.8673095703125,71.9879150390625,0.13413967895507814,0.9566904052734375,0.0
,6377,,,,,-13.80615234375,70.1202392578125,0.0468194091796875,0.9495431945800782,0.0
,6378,,,,,-18.621826171875,68.0694580078125,-0.001968072509765625,0.9452963012695312,0.0
,6379,,,,,-22.59521484375,66.082763671875,-0.052723626708984374,0.9273764831542969,0.0
,6380,,,,,-27.83203125,64.105224609375,-0.09581405639648438,0.9072814270019531,0.0
,6381,,,,,-33.9202880859375,61.48681640625,-0.113526708984375,0.9021022888183594,0.0
,6382,,,,,-39.73388671875,58.7677001953125,-0.168218408203125,0.8757922668457031,0.0
,6383,,,,,-44.769287109375,56.06689453125,-0.2151414001464844,0.8504144897460938,0.0
,6384,,,,,-49.383544921875,53.594970703125,-0.2764623962402344,0.8064953979492188,0.0
,6385,,,,,-54.144287109375,50.8575439453125,-0.3351938232421875,0.7725202514648438,0.0
,6386,,,,,-57.75146484375,48.760986328125,-0.39889722290039065,0.7386486877441406,0.0
,6387,,,,,-60.6170654296875,46.7193603515625,-0.4387765869140625,0.7097490966796876,0.0
,6388,,,,,-63.0706787109375,43.8720703125,-0.5072447937011719,0.6684195739746094,0.0
,6389,,,,,-65.8905029296875,39.3402099609375,-0.5904217529296876,0.6096881469726563,0.0
,6390,,,,,-67.529296875,36.181640625,-0.6570254699707031,0.547745654296875,0.0
,6391,,,,,-67.1630859375,35.7879638671875,-0.6959725891113282,0.5144955871582031,0.0
,6392,,,,,-68.0877685546875,32.6019287109375,-0.7731417480468751,0.45887164306640627,0.0
,6393,,,,,-69.0216064453125,29.4158935546875,-0.8187181640625,0.43390819702148437,0.0
,6394,,,,,-69.085693359375,25.8453369140625,-0.8666769836425782,0.4065623474121094,0.0
,6395,,,,,-69.8822021484375,20.0225830078125,-0.8882221984863281,0.37641976318359377,0.0
,6396,,,,,-70.5047607421875,14.6209716796875,-0.9027237854003907,0.32970393676757814,0.0
,6397,,,,,-71.4569091796875,8.953857421875,-0.8844932189941407,0.3085730529785156,0.0
,6398,,,,,-75.32958984375,-3.5430908203125,-0.8704059631347657,0.2849561828613281,0.0
,6399,,,,,-72.32666015625,-3.424072265625,-0.9031381164550781,0.23036806640625002,0.0
,6400,,,,,-72.6104736328125,-8.221435546875,-0.9364917663574219,0.15485623168945312,0.0
,6401,,,,,-72.6837158203125,-12.9913330078125,-0.9453998840332032,0.09022058715820312,0.0
,6402,,,,,-72.0794677734375,-18.3929443359375,-0.9298624694824219,0.02340970458984375,0.0
,6403,,,,,-70.953369140625,-22.9156494140625,-0.9263406555175782,-0.036357550048828124,0.0
,6404,,,,,-69.6258544921875,-26.77001953125,-0.9541008361816407,-0.11363029174804688,0.0
,6405,,,,,-67.7764892578125,-30.35888671875,-0.9481966186523437,-0.15133441772460937,0.0
,6406,,,,,-65.1947021484375,-34.82666015625,-0.9185719482421876,-0.21389840698242188,0.0
,6407,,,,,-62.841796875,-38.5528564453125,-0.9092494995117187,-0.29003173828125,0.0
,6408,,,,,-61.9354248046875,-39.093017578125,-0.8883257812500001,-0.3465879272460938,0.0
,6409,,,,,-59.47265625,-41.4825439453125,-0.8608763488769532,-0.3948574951171875,0.0
,6410,,,,,-56.3873291015625,-44.512939453125,-0.8374666442871094,-0.446648876953125,0.0
,6411,,,,,-53.4942626953125,-46.014404296875,-0.806288232421875,-0.4744090576171875,0.0
,6412,,,,,-49.456787109375,-49.200439453125,-0.8299051025390626,-0.5432915954589844,0.0
,6413,,,,,-45.0347900390625,-53.0181884765625,-0.8132282775878906,-0.5541677856445313,0.0
,6414,,,,,-39.66064453125,-57.5042724609375,-0.8031807495117188,-0.5938399841308594,0.0
,6415,,,,,-33.3526611328125,-61.6790771484375,-0.7418597534179687,-0.5844139526367188,0.0
,6416,,,,,-29.91943359375,-64.6728515625,-0.7223861938476562,-0.6293688720703126,0.0
,6417,,,,,-24.1058349609375,-68.0328369140625,-0.6357910034179688,-0.6258470581054688,0.0
,6418,,,,,-19.1253662109375,-70.5230712890625,-0.6087559020996094,-0.6943152648925781,0.0
,6419,,,,,-14.5660400390625,-71.8414306640625,-0.5330369018554688,-0.6968012512207031,0.0
,6420,,,,,-10.400390625,-73.0865478515625,-0.4794846130371094,-0.7446564880371094,0.0
,6421,,,,,-6.3262939453125,-73.992919921875,-0.4065623474121094,-0.754911181640625,0.0
,6422,,,,,-1.3824462890625,-74.4415283203125,-0.368754638671875,-0.8074276428222656,0.0
,6423,,,,,3.2684326171875,-74.8077392578125,-0.2705581787109375,-0.788886328125,0.0
,6424,,,,,6.5826416015625,-74.7344970703125,-0.21068734130859376,-0.836120068359375,0.0
,6425,,,,,7.9193115234375,-74.0570068359375,-0.12999636840820314,-0.8445102722167969,0.0
,6426,,,,,11.700439453125,-73.0224609375,-0.08234829711914063,-0.8757922668457031,0.0
,6427,,,,,15.5364990234375,-71.9146728515625,-0.01636607666015625,-0.8678163940429687,0.0
,6428,,,,,17.669677734375,-70.2301025390625,0.030556915283203125,-0.8927798400878907,0.0
,6429,,,,,22.6776123046875,-68.2708740234375,0.058835009765625,-0.9090423339843751,0.0
,6430,,,,,28.7200927734375,-65.679931640625,0.08887401123046876,-0.8995127197265625,0.0
,6431,,,,,34.698486328125,-63.2537841796875,0.14201196899414062,-0.8739277770996094,0.0
,6432,,,,,39.9169921875,-60.6536865234375,0.1732939636230469,-0.8704059631347657,0.0
,6433,,,,,44.8974609375,-58.30078125,0.2026078857421875,-0.851035986328125,0.0
,6434,,,,,50.28076171875,-55.4534912109375,0.25553867797851565,-0.8198575744628906,0.0
,6435,,,,,54.547119140625,-52.9815673828125,0.32266030883789065,-0.7770778930664063,0.0
,6436,,,,,57.7789306640625,-50.7843017578125,0.3745552734375,-0.7420669189453125,0.0
,6437,,,,,60.7086181640625,-48.2025146484375,0.446648876953125,-0.6903791198730469,0.0
,6438,,,,,63.3453369140625,-45.08056640625,0.5276505981445313,-0.6364125,0.0
,6439,,,,,65.9637451171875,-41.0614013671875,0.5909396667480469,-0.6083415710449219,0.0
,6440,,,,,67.2088623046875,-39.1204833984375,0.6287473754882813,-0.5798563110351562,0.0
,6441,,,,,68.0145263671875,-36.51123046875,0.6782599365234375,-0.54360234375,0.0
,6442,,,,,68.4356689453125,-33.9752197265625,0.7478675537109375,-0.499683251953125,0.0
,6443,,,,,68.95751953125,-30.4779052734375,0.7925117248535156,-0.4620827087402344,0.0
,6444,,,,,69.8455810546875,-25.4425048828125,0.8324946716308594,-0.421789013671875,0.0
,6445,,,,,69.7540283203125,-21.3043212890625,0.8848039672851563,-0.39361450195312503,0.0
,6446,,,,,70.56884765625,-15.289306640625,0.9210579345703125,-0.37030838012695316,0.0
,6447,,,,,70.806884765625,-9.576416015625,0.9202292724609376,-0.335608154296875,0.0
,6448,,,,,75.4302978515625,4.0740966796875,0.9117354858398438,-0.28837441406250003,0.0
,6449,,,,,71.7864990234375,2.7557373046875,0.9225080932617188,-0.2291250732421875,0.0
,6450,,,,,72.198486328125,7.6263427734375,0.9417744873046875,-0.17163663940429688,0.0
,6451,,,,,72.216796875,12.542724609375,0.9583477294921875,-0.10202902221679688,0.0
,6452,,,,,71.6766357421875,17.7703857421875,0.9468500427246094,-0.04371192626953125,0.0
,6453,,,,,70.7061767578125,22.88818359375,0.9351451904296876,0.03501097412109375,0.0
,6454,,,,,69.6990966796875,26.8524169921875,0.9137035583496094,0.08752743530273438,0.0
,6455,,,,,67.96875,30.816650390625,0.9292409729003906,0.16511092529296875,0.0
,6456,,,,,65.5517578125,34.954833984375,0.9299660522460937,0.2224957763671875,0.0
,6457,,,,,63.53759765625,39.2486572265625,0.8986840576171875,0.2764623962402344,0.0
,6458,,,,,61.468505859375,42.00439453125,0.8982697265625,0.34731300659179687,0.0
,6459,,,,,60.09521484375,43.1671142578125,0.8929870056152344,0.40790892333984374,0.0
,6460,,,,,56.8084716796875,46.54541015625,0.9096638305664063,0.4737875610351563,0.0
,6461,,,,,53.21044921875,50.115966796875,0.8903974365234375,0.5169815734863281,0.0
,6462,,,,,50.189208984375,51.708984375,0.8567330383300782,0.5443274230957031,0.0
,6463,,,,,45.648193359375,54.9957275390625,0.8042165771484375,0.5541677856445313,0.0
,6464,,,,,40.155029296875,58.8592529296875,0.7982087768554688,0.5895930908203125,0.0
,6465,,,,,32.3089599609375,62.786865234375,0.7509750366210938,0.609066650390625,0.0
,6466,,,,,29.6905517578125,65.9454345703125,0.7295334045410157,0.6396235656738282,0.0
,6467,,,,,24.93896484375,68.5546875,0.6481173522949218,0.6415916381835938,0.0
,6468,,,,,20.03173828125,70.49560546875,0.6245004821777344,0.6743237915039063,0.0
,6469,,,,,14.46533203125,72.8668212890625,0.5581039306640625,0.6725628845214844,0.0
,6470,,,,,9.283447265625,75.091552734375,0.499683251953125,0.7226969421386719,0.0
,6471,,,,,5.5206298828125,76.0711669921875,0.42903980712890627,0.7585365783691407,0.0
,6472,,,,,1.4190673828125,76.7303466796875,0.3880210327148438,0.801316259765625,0.0
,6473,,,,,-3.18603515625,76.629638671875,0.2868206726074219,0.8275226989746094,0.0
,6474,,,,,-5.474853515625,76.5106201171875,0.23067881469726564,0.8695773010253907,0.0
,6475,,,,,-8.2122802734375,75.98876953125,0.17505487060546876,0.9055205200195313,0.0
,6476,,,,,-10.7574462890625,74.8809814453125,0.10368634643554688,0.9326592041015626,0.0
,6477,,,,,-13.1195068359375,72.711181640625,0.013776507568359376,0.9196077758789063,0.0
,6478,,,,,-17.9351806640625,70.78857421875,-0.020198638916015626,0.9362846008300781,0.0
,6479,,,,,-22.6776123046875,68.7469482421875,-0.04754448852539063,0.9400135803222657,0.0
,6480,,,,,-28.125,66.650390625,-0.11404462280273438,0.9104924926757813,0.0
,6481,,,,,-34.2315673828125,63.9312744140625,-0.16583600463867187,0.8821108154296875,0.0
,6482,,,,,-39.84375,61.4593505859375,-0.20405804443359377,0.8669877319335938,0.0
,6483,,,,,-44.512939453125,59.600830078125,-0.22829641113281252,0.8566294555664062,0.0
,6484,,,,,-49.1455078125,57.403564453125,-0.3016330078125,0.8125031982421875,0.0
,6485,,,,,-54.052734375,54.510498046875,-0.3551852966308594,0.7771814758300781,0.0
,6486,,,,,-57.4310302734375,51.8096923828125,-0.4387765869140625,0.7144103210449219,0.0
,6487,,,,,-59.9945068359375,49.4842529296875,-0.5148063354492187,0.6723557189941406,0.0
,6488,,,,,-62.36572265625,46.6644287109375,-0.585864111328125,0.6385877380371094,0.0
,6489,,,,,-64.34326171875,43.377685546875,-0.6394164001464844,0.5976725463867187,0.0
,6490,,,,,-66.4764404296875,39.51416015625,-0.69773349609375,0.5603827514648437,0.0
,6491,,,,,-66.90673828125,37.3809814453125,-0.7489033813476563,0.5289971740722657,0.0
,6492,,,,,-67.4102783203125,34.2132568359375,-0.8090849670410156,0.47762012329101566,0.0
,6493,,,,,-68.0877685546875,30.6243896484375,-0.8486535827636719,0.4518280151367188,0.0
,6494,,,,,-67.9229736328125,27.0538330078125,-0.8922619262695313,0.4209603515625,0.0
,6495,,,,,-68.994140625,21.56982421875,-0.9064527648925782,0.3890568603515625,0.0
,6496,,,,,-69.61669921875,16.2689208984375,-0.9291373901367188,0.35974293823242187,0.0
,6497,,,,,-70.5413818359375,10.3271484375,-0.9469536254882813,0.3210029846191406,0.0
,6498,,,,,-75.6866455078125,-3.8726806640625,-0.9510969360351563,0.28858157958984376,0.0
,6499,,,,,-72.2259521484375,-3.076171875,-0.9395992492675782,0.246112646484375,0.0
,6500,,,,,-72.637939453125,-8.7066650390625,-0.9451927185058594,0.183134326171875,0.0
,6501,,,,,-72.7569580078125,-14.1082763671875,-0.95296142578125,0.12461006469726563,0.0
,6502,,,,,-72.1527099609375,-18.6126708984375,-0.940531494140625,0.05334512329101563,0.0
,6503,,,,,-70.953369140625,-23.602294921875,-0.9307947143554688,-0.0031074829101562502,0.0
,6504,,,,,-69.6807861328125,-28.74755859375,-0.9391849182128906,-0.0700219482421875,0.0
,6505,,,,,-68.280029296875,-32.7301025390625,-0.9121498168945312,-0.10223618774414063,0.0
,6506,,,,,-66.119384765625,-36.6851806640625,-0.91650029296875,-0.16138194580078125,0.0
,6507,,,,,-63.189697265625,-40.8599853515625,-0.9128748962402344,-0.22270294189453127,0.0
,6508,,,,,-61.4410400390625,-42.81005859375,-0.9154644653320313,-0.31437368774414065,0.0
,6509,,,,,-59.0606689453125,-45.44677734375,-0.8804534912109375,-0.3675116455078125,0.0
,6510,,,,,-56.4971923828125,-47.4334716796875,-0.8717525390625,-0.4435413940429688,0.0
,6511,,,,,-53.3935546875,-48.7152099609375,-0.8321839233398438,-0.46601885375976565,0.0
,6512,,,,,-49.0814208984375,-52.47802734375,-0.8353949890136719,-0.5258896911621094,0.0
,6513,,,,,-44.9066162109375,-55.9112548828125,-0.7926153076171876,-0.5385267883300782,0.0
,6514,,,,,-40.1092529296875,-59.87548828125,-0.7874361694335937,-0.5808921386718751,0.0
,6515,,,,,-33.0780029296875,-63.720703125,-0.7397880981445313,-0.5790276489257813,0.0
,6516,,,,,-29.1595458984375,-66.925048828125,-0.7555326782226562,-0.6646905944824218,0.0
,6517,,,,,-24.4720458984375,-69.6441650390625,-0.6793993469238282,-0.6606508666992188,0.0
,6518,,,,,-20.0408935546875,-71.8414306640625,-0.6211858337402344,-0.7011517272949219,0.0
,6519,,,,,-14.90478515625,-74.0203857421875,-0.5123203491210938,-0.6949367614746094,0.0
,6520,,,,,-10.58349609375,-75.7232666015625,-0.47099082641601564,-0.7680661926269532,0.0
,6521,,,,,-6.866455078125,-76.556396484375,-0.37445169067382816,-0.7835000244140625,0.0
,6522,,,,,-3.094482421875,-77.16064453125,-0.3126127807617188,-0.821307733154297,0.0
,6523,,,,,1.4739990234375,-77.52685546875,-0.22394593505859375,-0.8085670532226563,0.0
,6524,,,,,5.328369140625,-77.471923828125,-0.1919388610839844,-0.8439923583984376,0.0
,6525,,,,,5.89599609375,-76.5838623046875,-0.1006824462890625,-0.8425421997070313,0.0
,6526,,,,,8.7066650390625,-75.3204345703125,-0.04671582641601563,-0.8688522216796876,0.0
,6527,,,,,13.494873046875,-74.0936279296875,0.027035101318359376,-0.8576652832031251,0.0
,6528,,,,,17.1295166015625,-72.0977783203125,0.07675482788085938,-0.8802463256835937,0.0
,6529,,,,,22.0184326171875,-70.147705078125,0.10006094970703125,-0.8921583435058594,0.0
,6530,,,,,27.2186279296875,-68.0328369140625,0.12574947509765624,-0.8938156677246094,0.0
,6531,,,,,32.4371337890625,-66.192626953125,0.17464053955078127,-0.8666769836425782,0.0
,6532,,,,,38.433837890625,-63.4918212890625,0.21607364501953125,-0.862740838623047,0.0
,6533,,,,,43.7164306640625,-60.791015625,0.26962593383789063,-0.82700478515625,0.0
,6534,,,,,47.9644775390625,-58.48388671875,0.33177559204101564,-0.7922009765625,0.0
,6535,,,,,51.4892578125,-56.0302734375,0.36575073852539064,-0.7815319519042969,0.0
,6536,,,,,55.3619384765625,-52.3223876953125,0.4056301025390625,-0.7707593444824219,0.0
,6537,,,,,58.721923828125,-48.687744140625,0.4675725952148438,-0.7559470092773438,0.0
,6538,,,,,61.0198974609375,-45.721435546875,0.5559286926269531,-0.7246650146484376,0.0
,6539,,,,,63.02490234375,-42.169189453125,0.6287473754882813,-0.689446875,0.0
,6540,,,,,65.5059814453125,-37.353515625,0.6832319091796876,-0.6334085998535156,0.0
,6541,,,,,67.034912109375,-33.4625244140625,0.7380271911621094,-0.5774739074707032,0.0
,6542,,,,,66.5771484375,-32.244873046875,0.7899221557617188,-0.5382160400390625,0.0
,6543,,,,,66.851806640625,-28.9947509765625,0.831148095703125,-0.49688651733398437,0.0
,6544,,,,,67.7490234375,-25.0946044921875,0.8712346252441406,-0.45048143920898437,0.0
,6545,,,,,67.9046630859375,-20.76416015625,0.9012736267089844,-0.40293695068359375,0.0
,6546,,,,,68.8201904296875,-14.7857666015625,0.8927798400878907,-0.38263472900390627,0.0
,6547,,,,,69.4244384765625,-9.0545654296875,0.9190898620605469,-0.3434804443359375,0.0
,6548,,,,,69.8822021484375,-3.3416748046875,0.9424995666503907,-0.29448579711914064,0.0
,6549,,,,,70.550537109375,3.973388671875,0.9335914489746094,-0.26175364379882815,0.0
,6550,,,,,70.513916015625,9.8052978515625,0.9383562561035157,-0.21451990356445313,0.0
,6551,,,,,70.3857421875,14.9871826171875,0.9513041015625,-0.14035464477539064,0.0
,6552,,,,,70.0653076171875,19.8394775390625,0.9386670043945313,-0.08255546264648438,0.0
,6553,,,,,68.7652587890625,24.755859375,0.9404279113769531,-0.007147210693359375,0.0
,6554,,,,,67.474365234375,29.58984375,0.9428103149414063,0.058835009765625,0.0
,6555,,,,,66.082763671875,33.6181640625,0.9137035583496094,0.12574947509765624,0.0
,6556,,,,,64.215087890625,37.1063232421875,0.9036560302734375,0.18458448486328125,0.0
,6557,,,,,61.9903564453125,41.34521484375,0.9004449645996094,0.2622715576171875,0.0
,6558,,,,,59.6466064453125,44.6685791015625,0.9004449645996094,0.33084334716796876,0.0
,6559,,,,,58.5845947265625,44.989013671875,0.8745492736816407,0.39061060180664064,0.0
,6560,,,,,56.1767578125,46.875,0.8732026977539062,0.4559713256835938,0.0
,6561,,,,,52.4688720703125,50.079345703125,0.8429565307617187,0.4942969482421875,0.0
,6562,,,,,48.907470703125,52.1942138671875,0.8246223815917969,0.5300330017089844,0.0
,6563,,,,,44.7784423828125,55.3619384765625,0.768169775390625,0.539459033203125,0.0
,6564,,,,,40.1458740234375,58.63037109375,0.769827099609375,0.5885572631835938,0.0
,6565,,,,,30.8624267578125,62.58544921875,0.7191751281738281,0.6080308227539063,0.0
,6566,,,,,29.4525146484375,66.064453125,0.668730322265625,0.623982568359375,0.0
,6567,,,,,25.689697265625,68.8201904296875,0.5838960388183594,0.6264685546875001,0.0
,6568,,,,,21.3043212890625,71.4202880859375,0.5587254272460938,0.6453206176757813,0.0
,6569,,,,,16.58935546875,73.663330078125,0.47927744750976564,0.6690410705566406,0.0
,6570,,,,,12.0849609375,75.32958984375,0.42914338989257816,0.7294298217773437,0.0
,6571,,,,,8.5784912109375,75.9063720703125,0.3944431640625,0.7934439697265625,0.0
,6572,,,,,4.6142578125,76.2451171875,0.3417195373535156,0.837777392578125,0.0
,6573,,,,,0.32958984375,76.373291015625,0.24020842895507813,0.8381917236328126,0.0
,6574,,,,,-1.3275146484375,76.1077880859375,0.17308679809570313,0.8591154418945313,0.0
,6575,,,,,-4.0557861328125,75.32958984375,0.12243482666015626,0.8969231506347657,0.0
,6576,,,,,-7.1502685546875,74.2218017578125,0.075408251953125,0.9243725830078126,0.0
,6577,,,,,-9.8236083984375,72.198486328125,0.0037289794921875003,0.9128748962402344,0.0
,6578,,,,,-14.996337890625,69.891357421875,-0.04547283325195313,0.9126677307128906,0.0
,6579,,,,,-19.81201171875,67.5384521484375,-0.08058739013671876,0.9150501342773438,0.0
,6580,,,,,-25.213623046875,65.423583984375,-0.12139899902343751,0.9044846923828125,0.0
,6581,,,,,-31.3568115234375,63.0706787109375,-0.16583600463867187,0.8838717224121094,0.0
,6582,,,,,-36.9140625,61.0198974609375,-0.21866321411132814,0.8566294555664062,0.0
,6583,,,,,-41.6107177734375,59.051513671875,-0.24259083251953126,0.8417135375976563,0.0
,6584,,,,,-45.8404541015625,56.8450927734375,-0.3168596740722656,0.7999696838378907,0.0
,6585,,,,,-50.537109375,53.61328125,-0.37621259765625004,0.76734111328125,0.0
,6586,,,,,-54.2449951171875,50.921630859375,-0.44012316284179687,0.7237327697753907,0.0
,6587,,,,,-57.2479248046875,48.15673828125,-0.5009262451171875,0.6808495056152344,0.0
,6588,,,,,-59.9853515625,45.172119140625,-0.5761273315429688,0.6440776245117188,0.0
,6589,,,,,-62.860107421875,41.2261962890625,-0.6263649719238281,0.6022301879882813,0.0
,6590,,,,,-65.1031494140625,37.481689453125,-0.66458701171875,0.5595540893554688,0.0
,6591,,,,,-65.606689453125,35.99853515625,-0.7005302307128907,0.5280649291992188,0.0
,6592,,,,,-66.76025390625,32.464599609375,-0.7697235168457032,0.48456016845703126,0.0
,6593,,,,,-67.8863525390625,28.1707763671875,-0.8067025634765626,0.4579393981933594,0.0
,6594,,,,,-67.877197265625,24.481201171875,-0.8494822448730469,0.42883264160156254,0.0
,6595,,,,,-68.4173583984375,20.0408935546875,-0.8751707702636718,0.40511218872070315,0.0
,6596,,,,,-69.0032958984375,14.794921875,-0.8980625610351562,0.36492207641601565,0.0
,6597,,,,,-70.037841796875,7.708740234375,-0.9025166198730469,0.327321533203125,0.0
,6598,,,,,-72.4822998046875,-2.215576171875,-0.909974578857422,0.28847799682617187,0.0
,6599,,,,,-70.5780029296875,-4.1015625,-0.9088351684570313,0.24414457397460937,0.0
,6600,,,,,-70.733642578125,-10.0250244140625,-0.9056241027832032,0.207994189453125,0.0
,6601,,,,,-70.5230712890625,-16.0675048828125,-0.9112175720214845,0.15402756958007813,0.0
,6602,,,,,-70.001220703125,-21.05712890625,-0.8934013366699219,0.09819645996093751,0.0
,6603,,,,,-69.5343017578125,-25.1953125,-0.8756886840820313,0.047026574707031255,0.0
,6604,,,,,-68.81103515625,-29.974365234375,-0.8830430603027344,-0.03459664306640625,0.0
,6605,,,,,-67.181396484375,-34.4970703125,-0.8930905883789063,-0.09788571166992188,0.0
,6606,,,,,-65.4052734375,-38.9373779296875,-0.8773460083007812,-0.14615527954101562,0.0
,6607,,,,,-63.720703125,-42.0135498046875,-0.8518646484375,-0.21690230712890626,0.0
,6608,,,,,-62.677001953125,-42.59033203125,-0.8383988891601563,-0.3062942321777344,0.0
,6609,,,,,-59.765625,-45.41015625,-0.8194432434082032,-0.365439990234375,0.0
,6610,,,,,-56.6619873046875,-48.0743408203125,-0.8232758056640626,-0.44312706298828125,0.0
,6611,,,,,-54.254150390625,-48.541259765625,-0.7904400695800782,-0.4655009399414063,0.0
,6612,,,,,-50.3082275390625,-51.74560546875,-0.7830856933593751,-0.5197783081054688,0.0
,6613,,,,,-45.245361328125,-55.975341796875,-0.733365966796875,-0.5069340454101563,0.0
,6614,,,,,-40.3564453125,-60.0128173828125,-0.7215575317382813,-0.5445345886230469,0.0
,6615,,,,,-33.7738037109375,-63.6474609375,-0.6680052429199219,-0.5481599853515625,0.0
,6616,,,,,-31.4666748046875,-67.12646484375,-0.6631368530273438,-0.6335121826171876,0.0
,6617,,,,,-26.0009765625,-70.074462890625,-0.6073057434082031,-0.658786376953125,0.0
,6618,,,,,-21.4874267578125,-72.1893310546875,-0.5849318664550781,-0.7224897766113282,0.0
,6619,,,,,-17.83447265625,-73.590087890625,-0.4829028442382813,-0.7215575317382813,0.0
,6620,,,,,-13.970947265625,-74.945068359375,-0.41329522705078126,-0.7571900024414063,0.0
,6621,,,,,-9.7503662109375,-75.9796142578125,-0.3481416687011719,-0.766512451171875,0.0
,6622,,,,,-4.8980712890625,-76.2542724609375,-0.3310505126953125,-0.8324946716308594,0.0
,6623,,,,,-0.6591796875,-76.0986328125,-0.23440779418945312,-0.8256582092285156,0.0
,6624,,,,,2.471923828125,-75.6866455078125,-0.16003536987304687,-0.869266552734375,0.0
,6625,,,,,3.643798828125,-74.871826171875,-0.06950403442382813,-0.8727883666992188,0.0
,6626,,,,,7.5439453125,-73.4527587890625,-0.015019500732421875,-0.8893616088867188,0.0
,6627,,,,,11.920166015625,-72.052001953125,0.012533514404296875,-0.8966124023437501,0.0
,6628,,,,,14.666748046875,-69.9920654296875,0.056556188964843754,-0.9154644653320313,0.0
,6629,,,,,20.159912109375,-67.9595947265625,0.06971119995117188,-0.9307947143554688,0.0
,6630,,,,,26.202392578125,-65.7257080078125,0.08058739013671876,-0.9359738525390625,0.0
,6631,,,,,32.080078125,-63.629150390625,0.12978920288085938,-0.9091459167480469,0.0
,6632,,,,,37.335205078125,-61.688232421875,0.1802340087890625,-0.880867822265625,0.0
,6633,,,,,42.48046875,-59.271240234375,0.2332683837890625,-0.8463747619628906,0.0
,6634,,,,,47.8546142578125,-55.938720703125,0.2727334167480469,-0.8407812927246094,0.0
,6635,,,,,52.3406982421875,-52.789306640625,0.3129235290527344,-0.8190289123535156,0.0
,6636,,,,,55.938720703125,-49.8779296875,0.35373513793945316,-0.7918902282714844,0.0
,6637,,,,,59.1705322265625,-47.0947265625,0.42044243774414064,-0.7634049682617188,0.0
,6638,,,,,62.51220703125,-43.5791015625,0.4890142272949219,-0.7206252868652344,0.0
,6639,,,,,64.947509765625,-40.0543212890625,0.5745735900878907,-0.6507069213867188,0.0
,6640,,,,,66.8426513671875,-36.767578125,0.6382769897460938,-0.594150732421875,0.0
,6641,,,,,68.4539794921875,-33.1787109375,0.6864429748535157,-0.5553071960449218,0.0
,6642,,,,,68.316650390625,-31.4849853515625,0.7389594360351562,-0.5181209838867188,0.0
,6643,,,,,69.085693359375,-27.0721435546875,0.7997625183105469,-0.47565205078125,0.0
,6644,,,,,69.854736328125,-22.30224609375,0.8255546264648438,-0.4492384460449219,0.0
,6645,,,,,69.195556640625,-19.07958984375,0.8579760314941407,-0.42334275512695313,0.0
,6646,,,,,69.98291015625,-13.458251953125,0.8972338989257813,-0.38677803955078127,0.0
,6647,,,,,70.8343505859375,-6.683349609375,0.8916404296875,-0.35155989990234376,0.0
,6648,,,,,73.49853515625,2.7099609375,0.8865648742675781,-0.32462838134765626,0.0
,6649,,,,,72.0794677734375,5.0262451171875,0.8979589782714844,-0.27169758911132813,0.0
,6650,,,,,72.3541259765625,10.675048828125,0.9023094543457032,-0.21824888305664064,0.0
,6651,,,,,72.308349609375,17.1295166015625,0.9009628784179687,-0.14232271728515625,0.0
,6652,,,,,72.161865234375,22.6409912109375,0.8922619262695313,-0.07530466918945312,0.0
,6653,,,,,71.7041015625,26.7333984375,0.9100781616210938,0.020095056152343752,0.0
,6654,,,,,70.60546875,30.2581787109375,0.9194006103515625,0.08732026977539063,0.0
,6655,,,,,68.792724609375,34.68017578125,0.9059348510742188,0.1496770935058594,0.0
,6656,,,,,66.9342041015625,38.48876953125,0.8911225158691407,0.209651513671875,0.0
,6657,,,,,66.1834716796875,39.8895263671875,0.8653304077148438,0.2871314208984375,0.0
,6658,,,,,64.068603515625,42.974853515625,0.8721668701171875,0.373726611328125,0.0
,6659,,,,,61.468505859375,45.6756591796875,0.8740313598632813,0.4508957702636719,0.0
,6660,,,,,58.9691162109375,47.0672607421875,0.854454217529297,0.4934682861328125,0.0
,6661,,,,,55.3802490234375,49.786376953125,0.8267976196289063,0.5339691467285156,0.0
,6662,,,,,51.26953125,51.910400390625,0.829490771484375,0.5687729553222657,0.0
,6663,,,,,46.2982177734375,56.085205078125,0.7846394348144532,0.5731234313964844,0.0
,6664,,,,,41.326904296875,60.4705810546875,0.7544968505859375,0.5861748596191406,0.0
,6665,,,,,32.9132080078125,63.775634765625,0.6867537231445313,0.6068914123535156,0.0
,6666,,,,,32.4371337890625,66.5496826171875,0.6467707763671875,0.6441812072753906,0.0
,6667,,,,,27.392578125,69.561767578125,0.57509150390625,0.6530893249511719,0.0
,6668,,,,,22.5677490234375,72.0428466796875,0.5298258361816407,0.6549538146972657,0.0
,6669,,,,,18.64013671875,73.370361328125,0.46094329833984377,0.7049842895507813,0.0
,6670,,,,,14.2547607421875,74.2401123046875,0.4107056579589844,0.762369140625,0.0
,6671,,,,,9.4207763671875,74.5513916015625,0.3684438903808594,0.8118817016601563,0.0
,6672,,,,,4.7332763671875,75.1739501953125,0.3021509216308594,0.8572509521484375,0.0
,6673,,,,,1.171875,75.0,0.23896543579101565,0.8679199768066407,0.0
,6674,,,,,-0.860595703125,74.6246337890625,0.20726911010742188,0.90655634765625,0.0
,6675,,,,,-5.1177978515625,73.8739013671875,0.15568489379882813,0.9370096801757812,0.0
,6676,,,,,-8.624267578125,72.6104736328125,0.10700099487304687,0.9505790222167969,0.0
,6677,,,,,-11.2060546875,71.22802734375,0.024341949462890627,0.92644423828125,0.0
,6678,,,,,-15.875244140625,70.0286865234375,-0.020820135498046875,0.9194006103515625,0.0
,6679,,,,,-21.1029052734375,68.0419921875,-0.05116988525390625,0.9307947143554688,0.0
,6680,,,,,-27.1728515625,65.8721923828125,-0.09467464599609375,0.9069706787109375,0.0
,6681,,,,,-32.5103759765625,63.83056640625,-0.12139899902343751,0.91484296875,0.0
,6682,,,,,-38.1134033203125,61.7156982421875,-0.1669754150390625,0.8889472778320313,0.0
,6683,,,,,-44.27490234375,58.4930419921875,-0.19784307861328126,0.8797284118652344,0.0
,6684,,,,,-49.3011474609375,55.0872802734375,-0.27376924438476563,0.825451043701172,0.0
,6685,,,,,-53.2562255859375,52.4688720703125,-0.3269072021484375,0.7820498657226562,0.0
,6686,,,,,-56.7901611328125,49.8321533203125,-0.4138131408691406,0.7380271911621094,0.0
,6687,,,,,-60.0311279296875,46.435546875,-0.48052044067382815,0.7012553100585938,0.0
,6688,,,,,-63.3453369140625,42.4072265625,-0.53531572265625,0.6760846984863281,0.0
,6689,,,,,-66.2017822265625,38.6627197265625,-0.5754022521972656,0.6495675109863281,0.0
,6690,,,,,-67.8955078125,35.4583740234375,-0.6247076477050781,0.5935292358398437,0.0
,6691,,,,,-68.7652587890625,33.3251953125,-0.6726664672851562,0.5539606201171875,0.0
,6692,,,,,-70.0927734375,29.4342041015625,-0.7447600708007813,0.5048623901367187,0.0
,6693,,,,,-70.9259033203125,25.946044921875,-0.7933403869628907,0.45576416015625,0.0
,6694,,,,,-70.330810546875,23.9593505859375,-0.8314588439941406,0.41743853759765626,0.0
,6695,,,,,-70.9991455078125,19.2626953125,-0.8541434692382813,0.38553504638671876,0.0
,6696,,,,,-71.8231201171875,12.890625,-0.8812821533203126,0.362125341796875,0.0
,6697,,,,,-72.747802734375,6.793212890625,-0.8910189331054688,0.34316969604492187,0.0
,6698,,,,,-75.567626953125,-2.7008056640625,-0.9004449645996094,0.2939678833007813,0.0
,6699,,,,,-73.4527587890625,-4.339599609375,-0.9192970275878907,0.23388988037109376,0.0
,6700,,,,,-73.7274169921875,-10.14404296875,-0.9297588867187501,0.17464053955078127,0.0
,6701,,,,,-73.626708984375,-15.966796875,-0.9233367553710938,0.12077750244140625,0.0
,6702,,,,,-73.2421875,-20.9930419921875,-0.9161895446777344,0.05769559936523438,0.0
,6703,,,,,-72.5921630859375,-25.0946044921875,-0.9246833312988282,-0.004868389892578125,0.0
,6704,,,,,-71.37451171875,-29.736328125,-0.9144286376953126,-0.07965514526367187,0.0
,6705,,,,,-69.5159912109375,-34.24072265625,-0.8892580261230469,-0.11798076782226563,0.0
,6706,,,,,-67.4102783203125,-38.397216796875,-0.8896723571777344,-0.19297468872070314,0.0
,6707,,,,,-65.1763916015625,-40.7867431640625,-0.8670913146972656,-0.2655862060546875,0.0
,6708,,,,,-64.361572265625,-41.1163330078125,-0.858597528076172,-0.34710584106445314,0.0
,6709,,,,,-61.7431640625,-43.890380859375,-0.8412992065429687,-0.39982946777343753,0.0
,6710,,,,,-58.4197998046875,-46.417236328125,-0.8549721313476563,-0.4736839782714844,0.0
,6711,,,,,-55.5908203125,-47.1954345703125,-0.8132282775878906,-0.4974044311523438,0.0
,6712,,,,,-51.26953125,-50.3448486328125,-0.83363408203125,-0.579234814453125,0.0
,6713,,,,,-46.6094970703125,-53.814697265625,-0.8048380737304688,-0.5874178527832031,0.0
,6714,,,,,-40.924072265625,-57.989501953125,-0.7857788452148438,-0.6388984863281251,0.0
,6715,,,,,-33.10546875,-61.688232421875,-0.72425068359375,-0.6316476928710938,0.0
,6716,,,,,-30.7525634765625,-64.7552490234375,-0.7362662841796875,-0.703637713623047,0.0
,6717,,,,,-26.1016845703125,-67.27294921875,-0.6611687805175781,-0.6991836547851563,0.0
,6718,,,,,-21.3134765625,-69.6807861328125,-0.5870035217285157,-0.7347125427246094,0.0
,6719,,,,,-16.7266845703125,-71.66748046875,-0.51542783203125,-0.7531502746582032,0.0
,6720,,,,,-13.1927490234375,-72.69287109375,-0.5041373107910156,-0.81043154296875,0.0
,6721,,,,,-9.04541015625,-73.992919921875,-0.4012796264648438,-0.8101207946777343,0.0
,6722,,,,,-4.1015625,-74.578857421875,-0.3395442993164063,-0.8514503173828125,0.0
,6723,,,,,0.7598876953125,-74.3682861328125,-0.252741943359375,-0.8512431518554687,0.0
,6724,,,,,4.2938232421875,-73.8189697265625,-0.22436026611328125,-0.897441064453125,0.0
,6725,,,,,5.804443359375,-73.27880859375,-0.13994031372070312,-0.8973374816894532,0.0
,6726,,,,,9.906005859375,-72.2076416015625,-0.07012553100585937,-0.9021022888183594,0.0
,6727,,,,,13.8336181640625,-70.9442138671875,0.009840362548828125,-0.8850111328125,0.0
,6728,,,,,16.0491943359375,-69.158935546875,0.03293931884765625,-0.9216794311523437,0.0
,6729,,,,,21.1029052734375,-67.218017578125,0.04951256103515625,-0.940531494140625,0.0
,6730,,,,,27.447509765625,-64.581298828125,0.09436389770507812,-0.9284123107910156,0.0
,6731,,,,,34.0118408203125,-61.798095703125,0.14056181030273437,-0.9103889099121094,0.0
,6732,,,,,39.58740234375,-59.3536376953125,0.16521450805664062,-0.9019987060546876,0.0
,6733,,,,,44.842529296875,-56.6162109375,0.18634539184570312,-0.8865648742675781,0.0
,6734,,,,,49.4476318359375,-53.6041259765625,0.2518096984863281,-0.8669877319335938,0.0
,6735,,,,,53.9703369140625,-50.555419921875,0.33187917480468754,-0.8342555786132813,0.0
,6736,,,,,58.1634521484375,-47.7813720703125,0.37186212158203125,-0.8023520874023438,0.0
,6737,,,,,60.919189453125,-45.44677734375,0.42945413818359374,-0.7485926330566407,0.0
,6738,,,,,63.665771484375,-42.279052734375,0.47803445434570313,-0.7088168518066407,0.0
,6739,,,,,66.156005859375,-38.5162353515625,0.5451560852050782,-0.653814404296875,0.0
,6740,,,,,68.3349609375,-35.15625,0.6334085998535156,-0.5810993041992187,0.0
,6741,,,,,69.5892333984375,-32.2265625,0.69773349609375,-0.53531572265625,0.0
,6742,,,,,69.5159912109375,-30.7891845703125,0.7278760803222657,-0.5110773559570313,0.0
,6743,,,,,69.818115234375,-27.886962890625,0.7749026550292969,-0.4798989440917969,0.0
,6744,,,,,70.60546875,-23.1170654296875,0.8186145812988281,-0.44840978393554687,0.0
,6745,,,,,70.587158203125,-18.896484375,0.8534183898925781,-0.40915191650390625,0.0
,6746,,,,,71.2005615234375,-13.787841796875,0.8861505432128907,-0.3754875183105469,0.0
,6747,,,,,71.905517578125,-8.0474853515625,0.9064527648925782,-0.34089087524414063,0.0
,6748,,,,,75.8331298828125,3.955078125,0.9062455993652344,-0.30184017333984375,0.0
,6749,,,,,73.406982421875,4.595947265625,0.8884293640136719,-0.24414457397460937,0.0
,6750,,,,,73.846435546875,9.613037109375,0.8981661437988282,-0.18966004028320313,0.0
,6751,,,,,73.846435546875,14.9505615234375,0.9069706787109375,-0.11186938476562501,0.0
,6752,,,,,73.3428955078125,20.32470703125,0.9248904968261719,-0.036357550048828124,0.0
,6753,,,,,72.5189208984375,25.2227783203125,0.948818115234375,0.044229840087890625,0.0
,6754,,,,,71.2921142578125,28.546142578125,0.9520291809082032,0.11497686767578125,0.0
,6755,,,,,69.5526123046875,32.391357421875,0.9180540344238282,0.18075192260742187,0.0
,6756,,,,,67.7764892578125,35.99853515625,0.9191934448242188,0.24165858764648437,0.0
,6757,,,,,66.0736083984375,38.3514404296875,0.938977752685547,0.3236961364746094,0.0
,6758,,,,,63.409423828125,41.107177734375,0.9589692260742188,0.4090483337402344,0.0
,6759,,,,,61.1297607421875,42.626953125,0.9428103149414063,0.4684012573242188,0.0
,6760,,,,,58.135986328125,44.1741943359375,0.9176397033691407,0.5010298278808594,0.0
,6761,,,,,53.5400390625,47.3602294921875,0.8825251464843751,0.5392518676757813,0.0
,6762,,,,,49.5025634765625,49.8687744140625,0.8864612915039063,0.5892823425292969,0.0
,6763,,,,,45.355224609375,53.6590576171875,0.8325982543945313,0.5806849731445313,0.0
,6764,,,,,40.5487060546875,57.45849609375,0.7867110900878906,0.5815136352539063,0.0
,6765,,,,,30.3955078125,61.3861083984375,0.7253900939941407,0.5997442016601563,0.0
,6766,,,,,30.0201416015625,64.9200439453125,0.7102670104980469,0.6464600280761719,0.0
,6767,,,,,26.0284423828125,67.8863525390625,0.61486728515625,0.6443883728027344,0.0
,6768,,,,,20.745849609375,70.86181640625,0.5756094177246094,0.6552645629882813,0.0
,6769,,,,,16.2506103515625,72.76611328125,0.51211318359375,0.6756703674316407,0.0
,6770,,,,,12.103271484375,73.773193359375,0.4884963134765625,0.7538753540039063,0.0
,6771,,,,,7.87353515625,74.652099609375,0.4293505554199219,0.8184074157714843,0.0
,6772,,,,,2.7740478515625,75.384521484375,0.37818067016601564,0.8700952148437501,0.0
,6773,,,,,-2.0416259765625,75.03662109375,0.27915554809570314,0.8483428344726562,0.0
,6774,,,,,-5.364990234375,74.066162109375,0.23150747680664063,0.877553173828125,0.0
,6775,,,,,-8.82568359375,72.9583740234375,0.1644894287109375,0.8876007019042969,0.0
,6776,,,,,-11.572265625,71.795654296875,0.11767001953125,0.918261199951172,0.0
,6777,,,,,-14.3463134765625,70.294189453125,0.05448453369140625,0.9283087280273438,0.0
,6778,,,,,-18.2098388671875,68.88427734375,-0.00642213134765625,0.9180540344238282,0.0
,6779,,,,,-22.613525390625,66.97998046875,-0.036357550048828124,0.9304839660644532,0.0
,6780,,,,,-28.52783203125,64.6087646484375,-0.09405314941406251,0.9100781616210938,0.0
,6781,,,,,-34.3048095703125,62.255859375,-0.13662566528320313,0.8823179809570313,0.0
,6782,,,,,-39.276123046875,60.1959228515625,-0.18220208129882812,0.8450281860351563,0.0
,6783,,,,,-44.53125,57.97119140625,-0.24631981201171876,0.8156106811523438,0.0
,6784,,,,,-49.7955322265625,55.3436279296875,-0.3004935974121094,0.7902329040527344,0.0
,6785,,,,,-54.583740234375,52.313232421875,-0.343894775390625,0.7591580749511719,0.0
,6786,,,,,-57.97119140625,49.8687744140625,-0.4065623474121094,0.7218682800292969,0.0
,6787,,,,,-61.395263671875,47.13134765625,-0.44851336669921876,0.6962833374023438,0.0
,6788,,,,,-63.885498046875,44.23828125,-0.5087985351562501,0.6549538146972657,0.0
,6789,,,,,-66.522216796875,39.9444580078125,-0.5795455627441406,0.6122777160644531,0.0
,6790,,,,,-68.3807373046875,36.3739013671875,-0.6568183044433594,0.5590361755371094,0.0
,6791,,,,,-68.536376953125,35.3851318359375,-0.6982514099121094,0.5200890563964844,0.0
,6792,,,,,-69.4061279296875,32.11669921875,-0.7508714538574219,0.474823388671875,0.0
,6793,,,,,-70.4315185546875,28.01513671875,-0.8065989807128906,0.4345296936035156,0.0
,6794,,,,,-70.147705078125,25.1861572265625,-0.8328054199218751,0.41246656494140627,0.0
,6795,,,,,-70.6146240234375,20.7366943359375,-0.8643981628417969,0.38025232543945314,0.0
,6796,,,,,-71.5118408203125,15.399169921875,-0.8784854187011719,0.35953577270507814,0.0
,6797,,,,,-72.3358154296875,9.4390869140625,-0.8811785705566406,0.3426517822265625,0.0
,6798,,,,,-76.3916015625,-3.3782958984375,-0.9111139892578125,0.2816415344238281,0.0
,6799,,,,,-73.516845703125,-3.3050537109375,-0.9534793395996094,0.212966162109375,0.0
,6800,,,,,-73.57177734375,-8.3953857421875,-0.953790087890625,0.13548625488281252,0.0
,6801,,,,,-73.3795166015625,-12.9547119140625,-0.927272900390625,0.10327201538085938,0.0
,6802,,,,,-72.418212890625,-18.3380126953125,-0.9253048278808594,0.034285894775390624,0.0
,6803,,,,,-70.9259033203125,-22.998046875,-0.9491288635253906,-0.030971246337890626,0.0
,6804,,,,,-69.4427490234375,-26.9805908203125,-0.9579333984375,-0.09332807006835937,0.0
,6805,,,,,-67.9412841796875,-30.8990478515625,-0.9597978881835938,-0.14532661743164063,0.0
,6806,,,,,-65.5059814453125,-35.2935791015625,-0.9433282287597656,-0.19245677490234375,0.0
,6807,,,,,-63.2720947265625,-39.29443359375,-0.9244761657714844,-0.26745069580078124,0.0
,6808,,,,,-62.7227783203125,-39.898681640625,-0.9013772094726563,-0.362125341796875,0.0
,6809,,,,,-60.5255126953125,-42.6727294921875,-0.8480320861816406,-0.3873995361328125,0.0
,6810,,,,,-57.4676513671875,-46.142578125,-0.8162321777343751,-0.42531082763671874,0.0
,6811,,,,,-54.5928955078125,-47.296142578125,-0.8052524047851563,-0.47223381958007815,0.0
,6812,,,,,-50.6378173828125,-50.28076171875,-0.8272119506835938,-0.54360234375,0.0
,6813,,,,,-45.99609375,-53.814697265625,-0.7877469177246094,-0.5471241577148438,0.0
,6814,,,,,-40.1824951171875,-58.154296875,-0.7752134033203125,-0.5764380798339844,0.0
,6815,,,,,-33.5723876953125,-62.1917724609375,-0.7325373046875,-0.5729162658691407,0.0
,6816,,,,,-29.8004150390625,-65.020751953125,-0.7319158081054687,-0.6498782592773438,0.0
,6817,,,,,-24.6551513671875,-67.767333984375,-0.6623081909179688,-0.6611687805175781,0.0
,6818,,,,,-19.4366455078125,-70.477294921875,-0.62315390625,-0.7133744934082031,0.0
,6819,,,,,-14.337158203125,-72.7294921875,-0.5572752685546876,-0.7116135864257813,0.0
,6820,,,,,-10.2264404296875,-74.1668701171875,-0.5172923217773437,-0.7684805236816407,0.0
,6821,,,,,-5.9600830078125,-75.3021240234375,-0.4078053405761719,-0.7670303649902344,0.0
,6822,,,,,-1.2542724609375,-75.9429931640625,-0.3548745483398438,-0.82700478515625,0.0
,6823,,,,,3.2501220703125,-76.0894775390625,-0.28412752075195313,-0.8380881408691406,0.0
,6824,,,,,6.62841796875,-75.6317138671875,-0.2465269775390625,-0.8931941711425782,0.0
,6825,,,,,8.1573486328125,-75.0640869140625,-0.13755791015625,-0.8798319946289063,0.0
,6826,,,,,12.1490478515625,-73.7274169921875,-0.06349623413085938,-0.8752743530273438,0.0
,6827,,,,,15.765380859375,-72.1710205078125,-0.0015537414550781251,-0.8721668701171875,0.0
,6828,,,,,17.962646484375,-70.12939453125,0.038947119140625,-0.8898795227050782,0.0
,6829,,,,,23.25439453125,-67.9962158203125,0.07095419311523438,-0.8841824707031251,0.0
,6830,,,,,29.1229248046875,-65.7257080078125,0.08845968017578125,-0.8893616088867188,0.0
,6831,,,,,35.15625,-63.6016845703125,0.1288569580078125,-0.8788997497558594,0.0
,6832,,,,,40.374755859375,-61.5509033203125,0.17546920166015625,-0.8661590698242188,0.0
,6833,,,,,45.245361328125,-59.4268798828125,0.21565931396484375,-0.8397454650878906,0.0
,6834,,,,,50.50048828125,-56.28662109375,0.2603034851074219,-0.8223435607910157,0.0
,6835,,,,,54.7027587890625,-53.3935546875,0.3239033020019531,-0.7865039245605469,0.0
,6836,,,,,58.062744140625,-51.0040283203125,0.3832562255859375,-0.7419633361816407,0.0
,6837,,,,,60.992431640625,-48.3856201171875,0.44654529418945316,-0.7046735412597657,0.0
,6838,,,,,63.5650634765625,-45.501708984375,0.5138740905761718,-0.6608580322265625,0.0
,6839,,,,,66.082763671875,-41.619873046875,0.5964295532226562,-0.6102060607910157,0.0
,6840,,,,,67.437744140625,-39.312744140625,0.6528821594238281,-0.5731234313964844,0.0
,6841,,,,,68.6004638671875,-36.5386962890625,0.7219718627929688,-0.5189496459960937,0.0
,6842,,,,,69.1497802734375,-34.2041015625,0.7849501831054688,-0.4765842956542969,0.0
,6843,,,,,69.5068359375,-30.8441162109375,0.8144712707519531,-0.44395572509765624,0.0
,6844,,,,,70.3399658203125,-26.0101318359375,0.8350842407226563,-0.42707173461914066,0.0
,6845,,,,,70.3033447265625,-21.771240234375,0.8693701354980469,-0.38284189453125,0.0
,6846,,,,,71.2921142578125,-15.8660888671875,0.8937120849609376,-0.34327327880859376,0.0
,6847,,,,,72.125244140625,-9.0545654296875,0.9053133544921875,-0.31313069458007814,0.0
,6848,,,,,68.7286376953125,-9.0545654296875,0.9177432861328125,-0.28402393798828124,0.0
,6849,,,,,74.139404296875,5.16357421875,0.9226116760253906,-0.22021695556640625,0.0
,6850,,,,,72.7569580078125,7.5164794921875,0.9120462341308594,-0.17671219482421877,0.0
,6851,,,,,72.454833984375,12.6800537109375,0.9236475036621095,-0.09850720825195312,0.0
,6852,,,,,71.96044921875,18.1549072265625,0.9329699523925782,-0.02672435302734375,0.0
,6853,,,,,71.22802734375,22.9156494140625,0.9197113586425781,0.03003900146484375,0.0
,6854,,,,,70.5322265625,26.98974609375,0.9297588867187501,0.08421278686523438,0.0
,6855,,,,,69.2230224609375,31.5765380859375,0.9175361206054687,0.13849015502929687,0.0
,6856,,,,,66.778564453125,36.1358642578125,0.9169146240234375,0.19960398559570314,0.0
,6857,,,,,63.9862060546875,39.9261474609375,0.9209543518066406,0.29158547973632815,0.0
,6858,,,,,61.77978515625,42.5811767578125,0.9145322204589844,0.3582927795410156,0.0
,6859,,,,,60.4888916015625,43.707275390625,0.8959909057617188,0.40511218872070315,0.0
,6860,,,,,57.2021484375,46.783447265625,0.8896723571777344,0.46405078125,0.0
,6861,,,,,53.5675048828125,50.1800537109375,0.85683662109375,0.5009262451171875,0.0
,6862,,,,,50.2899169921875,51.361083984375,0.859322607421875,0.5528212097167969,0.0
,6863,,,,,45.7855224609375,55.169677734375,0.8292836059570313,0.570948193359375,0.0
,6864,,,,,40.0177001953125,59.5550537109375,0.79054365234375,0.5862784423828126,0.0
,6865,,,,,33.0047607421875,63.2720947265625,0.7454851501464844,0.6065806640625,0.0
,6866,,,,,29.6356201171875,65.9637451171875,0.7223861938476562,0.6351695068359375,0.0
,6867,,,,,24.5361328125,68.902587890625,0.670387646484375,0.6652085083007813,0.0
,6868,,,,,18.914794921875,71.81396484375,0.6270900512695313,0.6781563537597657,0.0
,6869,,,,,14.080810546875,73.5809326171875,0.5467098266601562,0.6838534057617188,0.0
,6870,,,,,9.9334716796875,74.8626708984375,0.5065197143554687,0.7537717712402344,0.0
,6871,,,,,5.9051513671875,75.7781982421875,0.43618701782226565,0.7942726318359375,0.0
,6872,,,,,0.7598876953125,76.4923095703125,0.3921643432617188,0.8511395690917969,0.0
,6873,,,,,-3.3233642578125,76.5289306640625,0.3002864318847656,0.860979931640625,0.0
,6874,,,,,-4.72412109375,75.7598876953125,0.22726058349609377,0.8855290466308594,0.0
,6875,,,,,-8.1024169921875,74.6246337890625,0.14087255859375,0.9139107238769532,0.0
,6876,,,,,-11.480712890625,73.3062744140625,0.086180859375,0.9292409729003906,0.0
,6877,,,,,-13.4857177734375,71.4019775390625,0.04164027099609375,0.934730859375,0.0
,6878,,,,,-17.193603515625,69.6533203125,-0.01512308349609375,0.9339021972656251,0.0
,6879,,,,,-21.97265625,67.7764892578125,-0.07602974853515625,0.9204364379882812,0.0
,6880,,,,,-28.1158447265625,65.5975341796875,-0.11735927124023438,0.9029309509277345,0.0
,6881,,,,,-34.130859375,62.933349609375,-0.14097614135742187,0.8946443298339845,0.0
,6882,,,,,-39.0380859375,61.0931396484375,-0.20903001708984376,0.8757922668457031,0.0
,6883,,,,,-44.0460205078125,58.99658203125,-0.2714904235839844,0.837777392578125,0.0
,6884,,,,,-48.1475830078125,56.744384765625,-0.3228674743652344,0.7959299560546875,0.0
,6885,,,,,-52.5421142578125,53.86962890625,-0.3559103759765625,0.776456396484375,0.0
,6886,,,,,-56.0577392578125,50.9124755859375,-0.42790039672851565,0.7407203430175782,0.0
,6887,,,,,-58.9324951171875,48.0010986328125,-0.4802096923828125,0.7150318176269531,0.0
,6888,,,,,-61.3037109375,45.208740234375,-0.5592433410644532,0.6629296875,0.0
,6889,,,,,-63.812255859375,41.5557861328125,-0.6258470581054688,0.614970867919922,0.0
,6890,,,,,-65.7440185546875,38.0035400390625,-0.6705948120117188,0.5794419799804688,0.0
,6891,,,,,-65.606689453125,37.20703125,-0.7206252868652344,0.5283756774902344,0.0
,6892,,,,,-66.2109375,34.075927734375,-0.7526323608398438,0.5022728210449219,0.0
,6893,,,,,-67.1630859375,29.6905517578125,-0.794686962890625,0.4778272888183594,0.0
,6894,,,,,-66.943359375,26.605224609375,-0.8819036499023438,0.41671345825195316,0.0
,6895,,,,,-67.5933837890625,21.807861328125,-0.9035524475097656,0.38108098754882813,0.0
,6896,,,,,-68.5272216796875,15.8660888671875,-0.9010664611816407,0.35870711059570315,0.0
,6897,,,,,-69.415283203125,9.9609375,-0.9134963928222657,0.330636181640625,0.0
,6898,,,,,-74.01123046875,-3.753662109375,-0.9345236938476563,0.28744216918945314,0.0
,6899,,,,,-70.7061767578125,-2.874755859375,-0.9311054626464844,0.24259083251953126,0.0
,6900,,,,,-71.22802734375,-7.8277587890625,-0.9127713134765625,0.18883137817382814,0.0
,6901,,,,,-71.4935302734375,-13.1103515625,-0.9369060974121094,0.12139899902343751,0.0
,6902,,,,,-71.0906982421875,-19.097900390625,-0.9466428771972657,0.06277115478515626,0.0
,6903,,,,,-70.3033447265625,-24.2431640625,-0.9386670043945313,0.018334149169921876,0.0
,6904,,,,,-69.10400390625,-28.5369873046875,-0.9286194763183594,-0.03967219848632813,0.0
,6905,,,,,-67.5201416015625,-32.4188232421875,-0.9308982971191406,-0.09767854614257813,0.0
,6906,,,,,-65.185546875,-37.09716796875,-0.9238546691894531,-0.15817088012695313,0.0
,6907,,,,,-62.567138671875,-40.6951904296875,-0.9095602478027344,-0.20612969970703127,0.0
,6908,,,,,-60.992431640625,-41.4093017578125,-0.8940228332519532,-0.29769686279296875,0.0
,6909,,,,,-58.245849609375,-44.3023681640625,-0.8815929016113282,-0.3746588562011719,0.0
,6910,,,,,-54.9957275390625,-47.1221923828125,-0.8657447387695313,-0.4366013488769531,0.0
,6911,,,,,-52.0660400390625,-48.01025390625,-0.8225507263183593,-0.46104688110351566,0.0
,6912,,,,,-48.394775390625,-50.9674072265625,-0.8056667358398438,-0.4944005310058594,0.0
,6913,,,,,-44.091796875,-54.5745849609375,-0.7776993896484375,-0.517913818359375,0.0
,6914,,,,,-46.380615234375,-58.538818359375,-0.7861931762695312,-0.5653547241210938,0.0
,6915,,,,,-28.399658203125,-62.5579833984375,-0.7296369873046875,-0.565976220703125,0.0
,6916,,,,,-29.11376953125,-65.7989501953125,-0.7204181213378906,-0.6444919555664063,0.0
,6917,,,,,-24.334716796875,-68.7103271484375,-0.6520534973144532,-0.656300390625,0.0
,6918,,,,,-19.189453125,-71.722412109375,-0.632269189453125,-0.7116135864257813,0.0
,6919,,,,,-14.5477294921875,-73.7091064453125,-0.5297222534179687,-0.7004266479492187,0.0
,6920,,,,,-10.986328125,-74.81689453125,-0.4519315979003906,-0.7413418395996094,0.0
,6921,,,,,-7.086181640625,-75.823974609375,-0.3561175415039063,-0.7542896850585937,0.0
,6922,,,,,-2.5360107421875,-76.190185546875,-0.29365713500976565,-0.8076348083496094,0.0
,6923,,,,,1.849365234375,-76.42822265625,-0.21617722778320314,-0.8273155334472656,0.0
,6924,,,,,4.7149658203125,-76.0345458984375,-0.19380335083007813,-0.8776567565917969,0.0
,6925,,,,,5.474853515625,-75.238037109375,-0.11694494018554688,-0.8805570739746094,0.0
,6926,,,,,9.04541015625,-73.974609375,-0.04609432983398438,-0.8793140808105468,0.0
,6927,,,,,13.3941650390625,-72.564697265625,0.027967346191406253,-0.8595297729492187,0.0
,6928,,,,,16.1956787109375,-71.00830078125,0.057281268310546876,-0.8851147155761719,0.0
,6929,,,,,21.368408203125,-69.2962646484375,0.06525714111328125,-0.9023094543457032,0.0
,6930,,,,,26.69677734375,-67.3004150390625,0.10420426025390625,-0.8870827880859375,0.0
,6931,,,,,32.904052734375,-64.92919921875,0.12564589233398438,-0.8786925842285157,0.0
,6932,,,,,38.5986328125,-62.2100830078125,0.1876919677734375,-0.8522789794921876,0.0
,6933,,,,,43.1488037109375,-59.9395751953125,0.2664148681640625,-0.8242080505371094,0.0
,6934,,,,,47.6898193359375,-57.1746826171875,0.32348897094726564,-0.817164422607422,0.0
,6935,,,,,51.8096923828125,-54.08935546875,0.37445169067382816,-0.7848466003417969,0.0
,6936,,,,,55.40771484375,-51.3885498046875,0.44115899047851564,-0.7581222473144531,0.0
,6937,,,,,58.1634521484375,-48.577880859375,0.48828914794921874,-0.7381307739257813,0.0
,6938,,,,,60.6170654296875,-45.37353515625,0.5606934997558594,-0.6937973510742188,0.0
,6939,,,,,62.6129150390625,-42.535400390625,0.6083415710449219,-0.6558860595703125,0.0
,6940,,,,,65.1580810546875,-38.34228515625,0.6719413879394531,-0.6124848815917969,0.0
,6941,,,,,66.9158935546875,-34.4970703125,0.7317086425781251,-0.5662869689941407,0.0
,6942,,,,,66.7327880859375,-33.1512451171875,0.7909579833984375,-0.5119060180664062,0.0
,6943,,,,,67.2271728515625,-29.69970703125,0.8422314514160156,-0.47420189208984376,0.0
,6944,,,,,68.3258056640625,-24.7833251953125,0.8599441040039063,-0.46394719848632815,0.0
,6945,,,,,68.5089111328125,-20.83740234375,0.8768280944824219,-0.44229840087890626,0.0
,6946,,,,,69.415283203125,-15.618896484375,0.9083172546386719,-0.40190112304687503,0.0
,6947,,,,,70.0836181640625,-9.4390869140625,0.9142214721679688,-0.3634719177246094,0.0
,6948,,,,,74.74365234375,4.1748046875,0.895783740234375,-0.33301858520507815,0.0
,6949,,,,,71.3653564453125,4.1107177734375,0.9066599304199219,-0.26879727172851564,0.0
,6950,,,,,71.6400146484375,9.4940185546875,0.9301732177734375,-0.21182675170898438,0.0
,6951,,,,,71.44775390625,14.849853515625,0.9301732177734375,-0.14895201416015624,0.0
,6952,,,,,70.5322265625,20.61767578125,0.9142214721679688,-0.08814893188476562,0.0
,6953,,,,,69.5892333984375,25.653076171875,0.9277908142089843,0.000517913818359375,0.0
,6954,,,,,68.6004638671875,29.4158935546875,0.9283087280273438,0.051480633544921876,0.0
,6955,,,,,67.034912109375,33.709716796875,0.9101817443847656,0.11072997436523438,0.0
,6956,,,,,64.7186279296875,38.250732421875,0.9100781616210938,0.1666646667480469,0.0
,6957,,,,,62.6495361328125,42.1142578125,0.912356982421875,0.2627894714355469,0.0
,6958,,,,,60.736083984375,44.7967529296875,0.9047954406738281,0.35249214477539065,0.0
,6959,,,,,59.674072265625,45.7305908203125,0.8795212463378906,0.4119486511230469,0.0
,6960,,,,,57.16552734375,47.442626953125,0.8675056457519531,0.461564794921875,0.0
,6961,,,,,53.228759765625,50.8758544921875,0.8313552612304688,0.49657576904296874,0.0
,6962,,,,,49.5574951171875,52.8350830078125,0.8301122680664063,0.5419450195312501,0.0
,6963,,,,,45.1629638671875,56.0028076171875,0.8024556701660156,0.5698087829589844,0.0
,6964,,,,,39.605712890625,59.7381591796875,0.7900257385253906,0.6019194396972657,0.0
,6965,,,,,33.10546875,63.519287109375,0.7216611145019531,0.61155263671875,0.0
,6966,,,,,30.303955078125,66.741943359375,0.6728736328125,0.6236718200683594,0.0
,6967,,,,,25.9185791015625,69.561767578125,0.5820315490722656,0.6017122741699219,0.0
,6968,,,,,20.8282470703125,72.2808837890625,0.5469169921875,0.6285402099609375,0.0
,6969,,,,,16.4886474609375,74.322509765625,0.4933647033691406,0.6702840637207031,0.0
,6970,,,,,12.799072265625,75.7965087890625,0.44934202880859375,0.7402024291992187,0.0
,6971,,,,,8.843994140625,76.7486572265625,0.39889722290039065,0.7867110900878906,0.0
,6972,,,,,4.7149658203125,77.1514892578125,0.33384724731445314,0.8319767578125,0.0
,6973,,,,,0.274658203125,77.3895263671875,0.22922865600585937,0.8281441955566406,0.0
,6974,,,,,-1.3458251953125,77.1148681640625,0.18862421264648438,0.8779675048828125,0.0
,6975,,,,,-4.302978515625,75.933837890625,0.14284063110351564,0.9074885925292969,0.0
,6976,,,,,-7.4066162109375,74.761962890625,0.09560689086914063,0.930691131591797,0.0
,6977,,,,,-10.162353515625,72.821044921875,0.03283573608398438,0.9287230590820312,0.0
,6978,,,,,-15.34423828125,71.22802734375,-0.029106756591796876,0.9271693176269532,0.0
,6979,,,,,-20.0958251953125,69.305419921875,-0.06981478271484375,0.9349380249023438,0.0
,6980,,,,,-25.689697265625,66.8426513671875,-0.10803682250976562,0.932244873046875,0.0
,6981,,,,,-31.75048828125,63.6932373046875,-0.16759691162109375,0.8985804748535157,0.0
,6982,,,,,-37.1063232421875,61.5966796875,-0.22353160400390626,0.8739277770996094,0.0
,6983,,,,,-41.839599609375,59.619140625,-0.25460643310546877,0.8613942626953125,0.0
,6984,,,,,-46.2158203125,56.9732666015625,-0.31427010498046876,0.8217220642089844,0.0
,6985,,,,,-50.8209228515625,53.9703369140625,-0.37641976318359377,0.7885755798339844,0.0
,6986,,,,,-54.8126220703125,51.287841796875,-0.4366013488769531,0.7436206604003907,0.0
,6987,,,,,-57.989501953125,48.486328125,-0.49274320678710937,0.6994944030761719,0.0
,6988,,,,,-60.75439453125,45.538330078125,-0.5459847473144531,0.6624117736816406,0.0
,6989,,,,,-63.629150390625,41.5924072265625,-0.5914575805664063,0.6425238830566407,0.0
,6990,,,,,-65.9271240234375,37.7288818359375,-0.6726664672851562,0.5922862426757812,0.0
,6991,,,,,-66.6229248046875,35.7513427734375,-0.7173106384277343,0.567633544921875,0.0
,6992,,,,,-67.63916015625,32.04345703125,-0.7452779846191406,0.5366622985839844,0.0
,6993,,,,,-68.4906005859375,28.4637451171875,-0.7801853759765626,0.4940897827148438,0.0
,6994,,,,,-68.3258056640625,25.048828125,-0.8407812927246094,0.4241714172363281,0.0
,6995,,,,,-68.81103515625,20.0042724609375,-0.8705095458984375,0.39568615722656253,0.0
,6996,,,,,-69.2413330078125,14.8681640625,-0.8897759399414062,0.36865105590820313,0.0
,6997,,,,,-70.220947265625,7.9376220703125,-0.8911225158691407,0.34544851684570316,0.0
,6998,,,,,-73.223876953125,-2.2796630859375,-0.881696484375,0.3149951843261719,0.0
,6999,,,,,-71.7681884765625,-4.2938232421875,-0.8987876403808595,0.25833541259765624,0.0
,7000,,,,,-71.942138671875,-10.2813720703125,-0.8931941711425782,0.21524498291015626,0.0
,7001,,,,,-71.6766357421875,-16.3604736328125,-0.9100781616210938,0.15340607299804687,0.0
,7002,,,,,-70.9442138671875,-21.478271484375,-0.8960944885253906,0.08877042846679688,0.0
,7003,,,,,-70.1751708984375,-25.7171630859375,-0.8960944885253906,0.03211065673828125,0.0
,7004,,,,,-69.0399169921875,-30.2032470703125,-0.8949550781250001,-0.040190112304687504,0.0
,7005,,,,,-67.236328125,-34.552001953125,-0.8877042846679688,-0.09353523559570313,0.0
,7006,,,,,-65.4510498046875,-39.1571044921875,-0.87340986328125,-0.139215234375,0.0
,7007,,,,,-63.6474609375,-42.0135498046875,-0.8440959411621094,-0.19991473388671877,0.0
,7008,,,,,-62.8326416015625,-42.7642822265625,-0.8405741271972657,-0.2899281555175781,0.0
,7009,,,,,-60.296630859375,-46.014404296875,-0.8284549438476563,-0.3609859313964844,0.0
,7010,,,,,-57.403564453125,-48.6328125,-0.8090849670410156,-0.42531082763671874,0.0
,7011,,,,,-55.0872802734375,-49.0814208984375,-0.762369140625,-0.4517244323730469,0.0
,7012,,,,,-51.0040283203125,-52.2674560546875,-0.7801853759765626,-0.5224714599609375,0.0
,7013,,,,,-45.721435546875,-56.396484375,-0.7685841064453125,-0.5402876953125,0.0
,7014,,,,,-40.7135009765625,-60.53466796875,-0.7535646057128906,-0.5789240661621093,0.0
,7015,,,,,-33.9019775390625,-63.739013671875,-0.6814710021972656,-0.5644224792480469,0.0
,7016,,,,,-31.5948486328125,-66.8701171875,-0.6668658325195312,-0.6349623413085937,0.0
,7017,,,,,-26.4495849609375,-70.404052734375,-0.5877286010742188,-0.6409701416015625,0.0
,7018,,,,,-22.0367431640625,-73.20556640625,-0.5680478759765625,-0.7110956726074219,0.0
,7019,,,,,-18.2830810546875,-74.96337890625,-0.48870347900390626,-0.72093603515625,0.0
,7020,,,,,-14.300537109375,-76.2451171875,-0.4314222106933594,-0.7671339477539063,0.0
,7021,,,,,-9.04541015625,-77.105712890625,-0.34410194091796875,-0.7669267822265625,0.0
,7022,,,,,-4.815673828125,-77.3712158203125,-0.2963502868652344,-0.814574853515625,0.0
,7023,,,,,-1.3458251953125,-77.105712890625,-0.22259935913085938,-0.8222399780273437,0.0
,7024,,,,,2.2430419921875,-76.3275146484375,-0.18448090209960938,-0.8647089111328126,0.0
,7025,,,,,4.1839599609375,-75.0823974609375,-0.10016453247070313,-0.8630515869140625,0.0
,7026,,,,,7.891845703125,-73.3978271484375,-0.033664398193359375,-0.88335380859375,0.0
,7027,,,,,11.5997314453125,-72.015380859375,0.01015111083984375,-0.8964052368164063,0.0
,7028,,,,,14.61181640625,-70.5596923828125,0.044954919433593754,-0.9199185241699219,0.0
,7029,,,,,19.921875,-68.84765625,0.0832805419921875,-0.9166038757324219,0.0
,7030,,,,,26.2847900390625,-66.2109375,0.09301732177734376,-0.9408422424316406,0.0
,7031,,,,,32.427978515625,-63.922119140625,0.13849015502929687,-0.9160859619140626,0.0
,7032,,,,,37.82958984375,-62.054443359375,0.1790945983886719,-0.9045882751464844,0.0
,7033,,,,,42.81005859375,-59.765625,0.20561178588867188,-0.8822143981933595,0.0
,7034,,,,,48.1201171875,-56.671142578125,0.2697295166015625,-0.8470998413085937,0.0
,7035,,,,,52.423095703125,-53.814697265625,0.333950830078125,-0.7975872802734375,0.0
,7036,,,,,55.95703125,-50.6103515625,0.36585432128906253,-0.7707593444824219,0.0
,7037,,,,,59.1796875,-47.4517822265625,0.4323544555664063,-0.7373021118164063,0.0
,7038,,,,,62.5396728515625,-43.4326171875,0.5138740905761718,-0.6992872375488282,0.0
,7039,,,,,65.1580810546875,-39.312744140625,0.5720876037597656,-0.6719413879394531,0.0
,7040,,,,,66.9525146484375,-35.467529296875,0.6315441101074218,-0.6384841552734375,0.0
,7041,,,,,68.1060791015625,-32.0892333984375,0.6849928161621094,-0.5766452453613281,0.0
,7042,,,,,68.1976318359375,-29.99267578125,0.7369913635253906,-0.5273398498535157,0.0
,7043,,,,,68.6279296875,-26.1016845703125,0.8097064636230469,-0.4695406677246094,0.0
,7044,,,,,68.7652587890625,-22.5311279296875,0.8512431518554687,-0.4326652038574219,0.0
,7045,,,,,68.170166015625,-19.134521484375,0.8596333557128907,-0.3965148193359375,0.0
,7046,,,,,69.03076171875,-12.762451171875,0.8535219726562501,-0.37859500122070316,0.0
,7047,,,,,69.8638916015625,-6.2530517578125,0.8665734008789063,-0.34337686157226566,0.0
,7048,,,,,72.802734375,3.3782958984375,0.8975446472167969,-0.30266883544921874,0.0
,7049,,,,,71.063232421875,5.4290771484375,0.9074885925292969,-0.26475754394531253,0.0
,7050,,,,,71.4752197265625,11.920166015625,0.9088351684570313,-0.19525350952148438,0.0
,7051,,,,,71.37451171875,17.4591064453125,0.8841824707031251,-0.13445042724609377,0.0
,7052,,,,,70.9991455078125,21.514892578125,0.8783818359375001,-0.08141605224609376,0.0
,7053,,,,,70.34912109375,25.8270263671875,0.8834573913574219,-0.01263709716796875,0.0
,7054,,,,,69.1497802734375,30.0567626953125,0.8975446472167969,0.07457958984375,0.0
,7055,,,,,67.7581787109375,34.2315673828125,0.8784854187011719,0.1421155517578125,0.0
,7056,,,,,66.1285400390625,37.4359130859375,0.8625336730957032,0.20146847534179688,0.0
,7057,,,,,64.8834228515625,39.0289306640625,0.8431636962890625,0.28112362060546875,0.0
,7058,,,,,62.3291015625,42.279052734375,0.8621193420410157,0.36699373168945315,0.0
,7059,,,,,60.24169921875,44.4671630859375,0.8656411560058594,0.42147826538085936,0.0
,7060,,,,,58.2275390625,45.4742431640625,0.8533148071289063,0.48424942016601563,0.0
,7061,,,,,54.9224853515625,48.8616943359375,0.80048759765625,0.5052767211914063,0.0
,7062,,,,,50.50048828125,52.203369140625,0.7823606140136719,0.5366622985839844,0.0
,7063,,,,,45.758056640625,56.396484375,0.7381307739257813,0.5276505981445313,0.0
,7064,,,,,41.436767578125,59.381103515625,0.751596533203125,0.5809957214355469,0.0
,7065,,,,,32.5469970703125,62.896728515625,0.69773349609375,0.6179747680664063,0.0
,7066,,,,,31.8603515625,66.2750244140625,0.6556788940429688,0.6427310485839844,0.0
,7067,,,,,26.9989013671875,68.5546875,0.5952901428222657,0.6596150390625001,0.0
,7068,,,,,22.833251953125,70.49560546875,0.5773703247070313,0.6839569885253907,0.0
,7069,,,,,18.56689453125,72.0062255859375,0.5039301452636719,0.7427919982910156,0.0
,7070,,,,,14.1632080078125,72.8668212890625,0.44644171142578126,0.7961371215820313,0.0
,7071,,,,,9.11865234375,73.480224609375,0.4073910095214844,0.8424386169433594,0.0
,7072,,,,,4.339599609375,73.8555908203125,0.35943218994140624,0.8809714050292969,0.0
,7073,,,,,0.7781982421875,73.79150390625,0.26496470947265627,0.8744456909179688,0.0
,7074,,,,,-1.0528564453125,73.8372802734375,0.19069586791992188,0.8912260986328125,0.0
,7075,,,,,-5.3466796875,73.2696533203125,0.13186085815429688,0.9069706787109375,0.0
,7076,,,,,-8.624267578125,72.6104736328125,0.08307337646484375,0.9286194763183594,0.0
,7077,,,,,-10.821533203125,71.429443359375,0.042883264160156254,0.9401171630859375,0.0
,7078,,,,,-15.4449462890625,69.83642578125,-0.0053863037109375,0.9428103149414063,0.0
,7079,,,,,-20.4071044921875,67.4835205078125,-0.056245440673828126,0.9285158935546876,0.0
,7080,,,,,-26.531982421875,65.14892578125,-0.08089813842773438,0.9253048278808594,0.0
,7081,,,,,-32.33642578125,62.823486328125,-0.10368634643554688,0.9087315856933594,0.0
,7082,,,,,-37.939453125,60.3790283203125,-0.17785160522460938,0.8694737182617188,0.0
,7083,,,,,-43.780517578125,57.16552734375,-0.23026448364257812,0.831148095703125,0.0
,7084,,,,,-48.8250732421875,53.90625,-0.27407999267578126,0.8091885498046876,0.0
,7085,,,,,-52.5421142578125,51.4068603515625,-0.3315684265136719,0.7848466003417969,0.0
,7086,,,,,-55.8929443359375,48.9349365234375,-0.4010724609375,0.7587437438964844,0.0
,7087,,,,,-59.9029541015625,44.8333740234375,-0.44747753906250004,0.7434134948730469,0.0
,7088,,,,,-63.134765625,41.143798828125,-0.516256494140625,0.7104741760253906,0.0
,7089,,,,,-65.350341796875,38.4063720703125,-0.5722947692871094,0.6668658325195312,0.0
,7090,,,,,-67.0166015625,35.6689453125,-0.6556788940429688,0.5935292358398437,0.0
,7091,,,,,-68.0511474609375,33.06884765625,-0.7066416137695313,0.54360234375,0.0
,7092,,,,,-69.305419921875,29.4158935546875,-0.74745322265625,0.5053803039550782,0.0
,7093,,,,,-69.854736328125,26.5869140625,-0.794686962890625,0.45887164306640627,0.0
,7094,,,,,-69.342041015625,23.9044189453125,-0.8301122680664063,0.42665740356445314,0.0
,7095,,,,,-70.12939453125,18.8323974609375,-0.8473070068359375,0.4057336853027344,0.0
,7096,,,,,-70.9259033203125,12.3687744140625,-0.8869792053222657,0.35446021728515625,0.0
,7097,,,,,-71.77734375,6.0791015625,-0.9035524475097656,0.3154095153808594,0.0
,7098,,,,,-74.08447265625,-2.5634765625,-0.9244761657714844,0.25647092285156253,0.0
,7099,,,,,-72.7020263671875,-4.742431640625,-0.9412565734863282,0.20074339599609375,0.0
,7100,,,,,-72.94921875,-11.09619140625,-0.9508897705078125,0.14843410034179688,0.0
,7101,,,,,-73.05908203125,-16.4886474609375,-0.9463321289062501,0.08980625610351563,0.0
,7102,,,,,-72.894287109375,-20.9381103515625,-0.9359738525390625,0.029521087646484374,0.0
,7103,,,,,-72.36328125,-25.0396728515625,-0.9205400207519532,-0.028278094482421877,0.0
,7104,,,,,-71.282958984375,-28.7841796875,-0.9228188415527344,-0.09923228759765625,0.0
,7105,,,,,-69.4061279296875,-33.4259033203125,-0.9152572998046875,-0.13973314819335939,0.0
,7106,,,,,-67.4652099609375,-37.5457763671875,-0.89329775390625,-0.2059225341796875,0.0
,7107,,,,,-65.5609130859375,-40.24658203125,-0.8983733093261719,-0.2942786315917969,0.0
,7108,,,,,-64.74609375,-40.8050537109375,-0.8958873229980469,-0.377869921875,0.0
,7109,,,,,-61.9537353515625,-43.7347412109375,-0.8521753967285156,-0.41837078247070314,0.0
,7110,,,,,-58.685302734375,-46.453857421875,-0.8328054199218751,-0.4685048400878906,0.0
,7111,,,,,-56.1492919921875,-47.4334716796875,-0.8150927673339844,-0.49833667602539067,0.0
,7112,,,,,-51.910400390625,-50.9674072265625,-0.8234829711914062,-0.5532355407714844,0.0
,7113,,,,,-46.4630126953125,-55.078125,-0.7844322692871094,-0.5577931823730469,0.0
,7114,,,,,-41.107177734375,-58.9508056640625,-0.7994517700195313,-0.6161102783203125,0.0
,7115,,,,,-32.9864501953125,-62.1734619140625,-0.7633013854980469,-0.629783203125,0.0
,7116,,,,,-31.82373046875,-65.5059814453125,-0.7286011596679688,-0.6868573059082032,0.0
,7117,,,,,-27.337646484375,-68.499755859375,-0.6500854248046876,-0.695247509765625,0.0
,7118,,,,,-22.119140625,-71.1456298828125,-0.6180783508300781,-0.7413418395996094,0.0
,7119,,,,,-17.2210693359375,-73.0865478515625,-0.5367658813476562,-0.7358519531250001,0.0
,7120,,,,,-13.4674072265625,-74.0203857421875,-0.5019620727539063,-0.7962407043457032,0.0
,7121,,,,,-8.9813232421875,-74.4415283203125,-0.4005545471191406,-0.802144921875,0.0
,7122,,,,,-3.84521484375,-74.7894287109375,-0.36202175903320316,-0.8765173461914063,0.0
,7123,,,,,1.13525390625,-74.81689453125,-0.280916455078125,-0.8818000671386719,0.0
,7124,,,,,4.7698974609375,-74.3865966796875,-0.23482212524414064,-0.9286194763183594,0.0
,7125,,,,,6.3995361328125,-73.8189697265625,-0.16272852172851562,-0.9286194763183594,0.0
,7126,,,,,10.4461669921875,-72.69287109375,-0.09198149414062501,-0.9383562561035157,0.0
,7127,,,,,14.410400390625,-71.37451171875,-0.00973677978515625,-0.9263406555175782,0.0
,7128,,,,,16.4886474609375,-69.5709228515625,0.037082629394531254,-0.9281015625,0.0
,7129,,,,,21.4508056640625,-67.9412841796875,0.0501340576171875,-0.9314162109375,0.0
,7130,,,,,27.484130859375,-65.5517578125,0.06732879638671875,-0.9470572082519532,0.0
,7131,,,,,33.9569091796875,-62.6312255859375,0.13082503051757813,-0.9210579345703125,0.0
,7132,,,,,39.7796630859375,-59.893798828125,0.17422620849609374,-0.9090423339843751,0.0
,7133,,,,,45.08056640625,-57.293701171875,0.19338901977539064,-0.8897759399414062,0.0
,7134,,,,,49.639892578125,-54.5196533203125,0.2528455261230469,-0.8547649658203125,0.0
,7135,,,,,54.217529296875,-51.0223388671875,0.3251462951660156,-0.8176823364257813,0.0
,7136,,,,,58.70361328125,-47.8179931640625,0.38108098754882813,-0.7966550354003906,0.0
,7137,,,,,61.8804931640625,-45.3369140625,0.4476847045898438,-0.7477639709472657,0.0
,7138,,,,,64.74609375,-42.242431640625,0.4952291931152344,-0.7121315002441406,0.0
,7139,,,,,67.2637939453125,-38.5345458984375,0.5805813903808594,-0.6497746765136719,0.0
,7140,,,,,69.1497802734375,-35.41259765625,0.6274007995605468,-0.604094677734375,0.0
,7141,,,,,70.34912109375,-32.7850341796875,0.6834390747070312,-0.5635938171386718,0.0
,7142,,,,,70.2484130859375,-31.5673828125,0.7559470092773438,-0.49388261718750004,0.0
,7143,,,,,70.2667236328125,-28.6651611328125,0.7987266906738282,-0.45462474975585937,0.0
,7144,,,,,71.2554931640625,-23.5565185546875,0.8217220642089844,-0.43390819702148437,0.0
,7145,,,,,71.356201171875,-19.3267822265625,0.8539363037109375,-0.404387109375,0.0
,7146,,,,,72.1435546875,-13.76953125,0.8868756225585938,-0.37859500122070316,0.0
,7147,,,,,72.802734375,-7.7728271484375,0.8948514953613281,-0.35021332397460936,0.0
,7148,,,,,76.5380859375,4.193115234375,0.9175361206054687,-0.29272489013671876,0.0
,7149,,,,,74.0936279296875,4.9896240234375,0.9254084106445313,-0.22850357666015625,0.0
,7150,,,,,74.6337890625,9.942626953125,0.9101817443847656,-0.18085550537109377,0.0
,7151,,,,,74.7344970703125,15.106201171875,0.9166038757324219,-0.11798076782226563,0.0
,7152,,,,,74.249267578125,20.3521728515625,0.9278943969726563,-0.052723626708984374,0.0
,7153,,,,,73.4619140625,25.30517578125,0.9253048278808594,0.027760180664062502,0.0
,7154,,,,,72.308349609375,28.875732421875,0.9403243286132813,0.09912870483398438,0.0
,7155,,,,,70.64208984375,32.757568359375,0.9227152587890626,0.16625033569335937,0.0
,7156,,,,,68.4722900390625,35.8245849609375,0.9179504516601563,0.231196728515625,0.0
,7157,,,,,66.1834716796875,38.6444091796875,0.9069706787109375,0.2961431213378906,0.0
,7158,,,,,63.2904052734375,41.8670654296875,0.9339021972656251,0.3890568603515625,0.0
,7159,,,,,61.2396240234375,43.2037353515625,0.9316233764648438,0.4621862915039063,0.0
,7160,,,,,58.612060546875,44.8333740234375,0.9117354858398438,0.5078662902832032,0.0
,7161,,,,,54.3731689453125,48.6053466796875,0.8927798400878907,0.5537534545898438,0.0
,7162,,,,,50.4638671875,51.361083984375,0.8801427429199219,0.5910432495117187,0.0
,7163,,,,,45.9136962890625,54.52880859375,0.8003840148925782,0.57177685546875,0.0
,7164,,,,,40.814208984375,57.9620361328125,0.8003840148925782,0.6136242919921875,0.0
,7165,,,,,30.596923828125,61.9720458984375,0.7498356262207031,0.6364125,0.0
,7166,,,,,30.303955078125,65.771484375,0.7237327697753907,0.6651049255371094,0.0
,7167,,,,,26.3031005859375,68.4722900390625,0.6387949035644531,0.6676944946289063,0.0
,7168,,,,,21.9268798828125,70.93505859375,0.574262841796875,0.6588899597167969,0.0
,7169,,,,,16.827392578125,72.83935546875,0.5017549072265625,0.6913113647460938,0.0
,7170,,,,,11.68212890625,74.359130859375,0.47762012329101566,0.7653730407714844,0.0
,7171,,,,,7.818603515625,75.384521484375,0.42582874145507815,0.8051488220214844,0.0
,7172,,,,,2.252197265625,75.732421875,0.38543146362304687,0.8465819274902344,0.0
,7173,,,,,-2.2613525390625,75.4852294921875,0.27376924438476563,0.842024285888672,0.0
,7174,,,,,-4.9346923828125,75.091552734375,0.20944434814453125,0.8701987976074219,0.0
,7175,,,,,-8.660888671875,74.45068359375,0.15858521118164062,0.910699658203125,0.0
,7176,,,,,-11.5081787109375,73.370361328125,0.12233124389648438,0.9437425598144532,0.0
,7177,,,,,-14.4195556640625,71.6400146484375,0.048891064453125,0.9296553039550781,0.0
,7178,,,,,-18.585205078125,69.7723388671875,-0.003625396728515625,0.9261334899902344,0.0
,7179,,,,,-22.88818359375,67.3828125,-0.04174385375976562,0.9267549865722656,0.0
,7180,,,,,-28.9306640625,64.764404296875,-0.08100172119140625,0.9153608825683595,0.0
,7181,,,,,-34.9365234375,62.3382568359375,-0.135071923828125,0.887497119140625,0.0
,7182,,,,,-40.2008056640625,60.0677490234375,-0.18966004028320313,0.8610835144042969,0.0
,7183,,,,,-45.2728271484375,57.696533203125,-0.21607364501953125,0.8383988891601563,0.0
,7184,,,,,-49.639892578125,55.810546875,-0.2650682922363281,0.801316259765625,0.0
,7185,,,,,-54.6844482421875,52.972412109375,-0.32887527465820315,0.7613333129882812,0.0
,7186,,,,,-58.447265625,50.1251220703125,-0.39993305053710937,0.7307763977050782,0.0
,7187,,,,,-61.56005859375,47.49755859375,-0.4550390808105469,0.7048807067871093,0.0
,7188,,,,,-64.251708984375,44.64111328125,-0.5302401672363282,0.650499755859375,0.0
,7189,,,,,-67.1356201171875,40.2740478515625,-0.5814100524902344,0.6105168090820313,0.0
,7190,,,,,-69.5068359375,36.7218017578125,-0.6398307312011718,0.5736413452148438,0.0
,7191,,,,,-69.61669921875,35.906982421875,-0.7074702758789063,0.5111809387207031,0.0
,7192,,,,,-70.2850341796875,32.8125,-0.7716915893554688,0.4581465637207031,0.0
,7193,,,,,-70.9259033203125,29.791259765625,-0.7988302734375,0.4385694213867188,0.0
,7194,,,,,-70.806884765625,26.3671875,-0.8450281860351563,0.3982757263183594,0.0
,7195,,,,,-71.7681884765625,20.7183837890625,-0.8663662353515625,0.3860529602050781,0.0
,7196,,,,,-72.2625732421875,15.3167724609375,-0.8827323120117188,0.35632470703125,0.0
,7197,,,,,-73.0133056640625,9.2742919921875,-0.9143250549316406,0.30733005981445316,0.0
,7198,,,,,-77.0050048828125,-3.5614013671875,-0.938977752685547,0.24787355346679688,0.0
,7199,,,,,-73.7823486328125,-3.460693359375,-0.9524435119628907,0.1955642578125,0.0
,7200,,,,,-73.663330078125,-8.4869384765625,-0.9539972534179688,0.13973314819335939,0.0
,7201,,,,,-73.3428955078125,-13.5040283203125,-0.9417744873046875,0.100268115234375,0.0
,7202,,,,,-72.6837158203125,-19.22607421875,-0.9497503601074219,0.0364611328125,0.0
,7203,,,,,-71.612548828125,-23.712158203125,-0.9357666870117188,-0.017401904296875,0.0
,7204,,,,,-70.1751708984375,-27.5848388671875,-0.9282051452636719,-0.09446748046875,0.0
,7205,,,,,-68.1793212890625,-31.2103271484375,-0.9384598388671875,-0.14574094848632813,0.0
,7206,,,,,-65.313720703125,-35.3485107421875,-0.9577262329101562,-0.22197786254882812,0.0
,7207,,,,,-62.7410888671875,-38.9373779296875,-0.9297588867187501,-0.2953144592285156,0.0
,7208,,,,,-61.981201171875,-39.5233154296875,-0.9093530822753907,-0.37227645263671877,0.0
,7209,,,,,-59.4451904296875,-42.0135498046875,-0.8764137634277344,-0.4031441162109375,0.0
,7210,,,,,-56.011962890625,-44.5953369140625,-0.854350634765625,-0.45576416015625,0.0
,7211,,,,,-53.173828125,-45.73974609375,-0.83529140625,-0.49212171020507817,0.0
,7212,,,,,-49.1912841796875,-49.0631103515625,-0.8418171203613282,-0.5528212097167969,0.0
,7213,,,,,-44.4580078125,-52.5604248046875,-0.7869182556152344,-0.5498173095703125,0.0
,7214,,,,,-38.873291015625,-56.964111328125,-0.7791495483398437,-0.5936328186035157,0.0
,7215,,,,,-33.0963134765625,-61.2213134765625,-0.7462102294921875,-0.5931149047851563,0.0
,7216,,,,,-29.1412353515625,-64.324951171875,-0.7413418395996094,-0.6584756286621094,0.0
,7217,,,,,-24.407958984375,-67.474365234375,-0.6641726806640625,-0.6624117736816406,0.0
,7218,,,,,-19.1619873046875,-70.2484130859375,-0.5993298706054687,-0.7017732238769532,0.0
,7219,,,,,-14.373779296875,-72.344970703125,-0.5116988525390626,-0.7017732238769532,0.0
,7220,,,,,-10.7666015625,-73.370361328125,-0.5058982177734375,-0.7778029724121094,0.0
,7221,,,,,-6.2713623046875,-73.93798828125,-0.4197173583984375,-0.779771044921875,0.0
,7222,,,,,-1.2725830078125,-74.212646484375,-0.3932001708984375,-0.8331161682128907,0.0
,7223,,,,,3.33251953125,-74.3316650390625,-0.2813307861328125,-0.8183038330078125,0.0
,7224,,,,,6.573486328125,-73.7457275390625,-0.22736416625976563,-0.8665734008789063,0.0
,7225,,,,,7.7362060546875,-73.1964111328125,-0.14408362426757812,-0.8616014282226563,0.0
,7226,,,,,11.53564453125,-72.2900390625,-0.0923958251953125,-0.8749636047363282,0.0
,7227,,,,,15.618896484375,-71.044921875,-0.029831835937500002,-0.8735134460449219,0.0
,7228,,,,,17.8619384765625,-69.3695068359375,0.017298321533203126,-0.89329775390625,0.0
,7229,,,,,22.7691650390625,-67.49267578125,0.06681088256835938,-0.88335380859375,0.0
,7230,,,,,28.582763671875,-65.1763916015625,0.10503292236328125,-0.8829394775390625,0.0
,7231,,,,,34.5062255859375,-62.8509521484375,0.12782113037109374,-0.8785890014648438,0.0
,7232,,,,,39.825439453125,-60.53466796875,0.154959814453125,-0.8690593872070312,0.0
,7233,,,,,44.8699951171875,-57.9345703125,0.21617722778320314,-0.8412992065429687,0.0
,7234,,,,,49.896240234375,-54.8309326171875,0.2979040283203125,-0.7901293212890625,0.0
,7235,,,,,54.1900634765625,-52.2857666015625,0.35301005859375,-0.7552219299316406,0.0
,7236,,,,,57.550048828125,-49.932861328125,0.3948574951171875,-0.7205217041015626,0.0
,7237,,,,,60.1593017578125,-47.7630615234375,0.44447363891601566,-0.6854071472167969,0.0
,7238,,,,,62.9058837890625,-45.2178955078125,0.5028943176269531,-0.6613759460449219,0.0
,7239,,,,,65.606689453125,-41.3726806640625,0.5938399841308594,-0.6001585327148438,0.0
,7240,,,,,66.6595458984375,-39.349365234375,0.6690410705566406,-0.5459847473144531,0.0
,7241,,,,,67.5933837890625,-36.51123046875,0.711924334716797,-0.506312548828125,0.0
,7242,,,,,68.1427001953125,-33.7554931640625,0.7447600708007813,-0.4953327758789063,0.0
,7243,,,,,68.5272216796875,-30.1483154296875,0.7989338562011719,-0.45037785644531253,0.0
,7244,,,,,69.17724609375,-25.286865234375,0.839434716796875,-0.4129844787597656,0.0
,7245,,,,,68.939208984375,-21.3043212890625,0.8776567565917969,-0.36771881103515625,0.0
,7246,,,,,69.7540283203125,-15.5181884765625,0.9150501342773438,-0.33581531982421875,0.0
,7247,,,,,70.2117919921875,-9.0728759765625,0.9234403381347657,-0.3075372253417969,0.0
,7248,,,,,70.880126953125,-3.0487060546875,0.9101817443847656,-0.277601806640625,0.0
,7249,,,,,71.2554931640625,2.325439453125,0.9290338073730469,-0.22011337280273438,0.0
,7250,,,,,71.44775390625,7.2967529296875,0.9201256896972656,-0.176505029296875,0.0
,7251,,,,,71.5667724609375,13.2568359375,0.9139107238769532,-0.1093833984375,0.0
,7252,,,,,71.3287353515625,18.035888671875,0.9174325378417969,-0.039465032958984375,0.0
,7253,,,,,70.6695556640625,22.15576171875,0.9260299072265625,0.032007073974609376,0.0
,7254,,,,,69.54345703125,26.2115478515625,0.9418780700683594,0.10337559814453125,0.0
,7255,,,,,67.950439453125,30.2581787109375,0.9286194763183594,0.15962103881835937,0.0
,7256,,,,,65.6707763671875,35.247802734375,0.9043811096191406,0.2002254821777344,0.0
,7257,,,,,63.4552001953125,39.5599365234375,0.8784854187011719,0.26869368896484375,0.0
,7258,,,,,61.285400390625,42.388916015625,0.8826287292480469,0.3377833923339844,0.0
,7259,,,,,60.003662109375,43.560791015625,0.8841824707031251,0.39154284667968753,0.0
,7260,,,,,56.6162109375,46.490478515625,0.9014807922363282,0.46601885375976565,0.0
,7261,,,,,52.8717041015625,49.6124267578125,0.8956801574707032,0.5257861083984375,0.0
,7262,,,,,49.5941162109375,50.8209228515625,0.868437890625,0.5525104614257813,0.0
,7263,,,,,44.7967529296875,54.1168212890625,0.8094992980957032,0.5465026611328125,0.0
,7264,,,,,39.349365234375,58.319091796875,0.7891970764160157,0.5754022521972656,0.0
,7265,,,,,32.33642578125,62.3199462890625,0.7593652404785156,0.6150744506835938,0.0
,7266,,,,,29.095458984375,65.2313232421875,0.7269438354492188,0.6408665588378907,0.0
,7267,,,,,24.298095703125,68.2159423828125,0.6529857421875,0.648842431640625,0.0
,7268,,,,,18.9239501953125,71.52099609375,0.6171461059570312,0.6729772155761718,0.0
,7269,,,,,14.1632080078125,73.809814453125,0.5481599853515625,0.6865465576171875,0.0
,7270,,,,,10.3363037109375,75.0,0.5159457458496094,0.7634049682617188,0.0
,7271,,,,,6.4544677734375,75.5859375,0.43618701782226565,0.7995553527832031,0.0
,7272,,,,,1.3275146484375,76.0894775390625,0.3890568603515625,0.85020732421875,0.0
,7273,,,,,-2.9571533203125,76.300048828125,0.302461669921875,0.8457532653808594,0.0
,7274,,,,,-4.705810546875,75.9063720703125,0.21120525512695312,0.8619121765136719,0.0
,7275,,,,,-7.9925537109375,74.7802734375,0.12419573364257813,0.8794176635742188,0.0
,7276,,,,,-11.4532470703125,73.5992431640625,0.07105777587890626,0.9035524475097656,0.0
,7277,,,,,-13.5772705078125,72.216796875,0.015226666259765625,0.9045882751464844,0.0
,7278,,,,,-17.4041748046875,70.3582763671875,-0.016469659423828126,0.922300927734375,0.0
,7279,,,,,-22.1923828125,68.37158203125,-0.06898612060546876,0.9112175720214845,0.0
,7280,,,,,-27.557373046875,66.2933349609375,-0.10358276367187501,0.8993055541992188,0.0
,7281,,,,,-34.2132568359375,63.75732421875,-0.14284063110351564,0.8837681396484375,0.0
,7282,,,,,-39.7705078125,61.962890625,-0.20126130981445314,0.842749365234375,0.0
,7283,,,,,-44.5037841796875,59.8297119140625,-0.25222402954101564,0.8184074157714843,0.0
,7284,,,,,-48.907470703125,57.476806640625,-0.30971246337890623,0.8009019287109376,0.0
,7285,,,,,-53.4027099609375,54.45556640625,-0.3467950927734375,0.7851573486328125,0.0
,7286,,,,,-57.1563720703125,52.020263671875,-0.43204370727539065,0.7304656494140626,0.0
,7287,,,,,-59.912109375,49.456787109375,-0.5075555419921876,0.7014624755859376,0.0
,7288,,,,,-62.3016357421875,46.2158203125,-0.5781989868164062,0.6568183044433594,0.0
,7289,,,,,-64.7552490234375,41.9677734375,-0.6351695068359375,0.6067878295898438,0.0
,7290,,,,,-66.3665771484375,38.4246826171875,-0.7062272827148438,0.5713625244140625,0.0
,7291,,,,,-66.357421875,37.3260498046875,-0.7406167602539063,0.5455704162597657,0.0
,7292,,,,,-66.8243408203125,33.9202880859375,-0.7986231079101562,0.4830064270019531,0.0
,7293,,,,,-67.34619140625,30.487060546875,-0.8440959411621094,0.43701567993164064,0.0
,7294,,,,,-67.63916015625,26.7425537109375,-0.8863577087402345,0.4087375854492188,0.0
,7295,,,,,-68.8201904296875,20.9930419921875,-0.8917440124511719,0.3986900573730469,0.0
,7296,,,,,-69.415283203125,15.6829833984375,-0.9160859619140626,0.36906538696289065,0.0
,7297,,,,,-70.4681396484375,9.8785400390625,-0.9283087280273438,0.3335364990234375,0.0
,7298,,,,,-75.2838134765625,-3.77197265625,-0.9378383422851563,0.2754265686035156,0.0
,7299,,,,,-72.2991943359375,-3.5980224609375,-0.9400135803222657,0.22508534545898437,0.0
,7300,,,,,-72.5921630859375,-8.53271484375,-0.9495431945800782,0.17246530151367187,0.0
,7301,,,,,-72.4273681640625,-13.092041015625,-0.9641483642578126,0.11880942993164063,0.0
,7302,,,,,-71.6949462890625,-18.8232421875,-0.9485073669433594,0.06763954467773438,0.0
,7303,,,,,-70.5596923828125,-23.7945556640625,-0.947989453125,0.008390203857421875,0.0
,7304,,,,,-69.1864013671875,-27.9876708984375,-0.9655985229492188,-0.08317695922851563,0.0
,7305,,,,,-67.6025390625,-32.208251953125,-0.9684988403320313,-0.13662566528320313,0.0
,7306,,,,,-65.3594970703125,-37.1978759765625,-0.9764747131347656,-0.193078271484375,0.0
,7307,,,,,-62.969970703125,-41.19873046875,-0.9528578430175781,-0.23471854248046875,0.0
,7308,,,,,-61.56005859375,-42.1875,-0.9111139892578125,-0.30505123901367187,0.0
,7309,,,,,-58.59375,-44.769287109375,-0.8592190246582031,-0.34741658935546876,0.0
,7310,,,,,-55.755615234375,-46.9207763671875,-0.8738241943359375,-0.42572515869140626,0.0
,7311,,,,,-52.7252197265625,-48.7060546875,-0.8594261901855469,-0.47223381958007815,0.0
,7312,,,,,-48.6602783203125,-52.3773193359375,-0.8513467346191407,-0.5338655639648437,0.0
,7313,,,,,-44.4671630859375,-55.4534912109375,-0.7972765319824219,-0.5462954956054688,0.0
,7314,,,,,-39.8529052734375,-59.2529296875,-0.7852609313964845,-0.5901110046386719,0.0
,7315,,,,,-32.7117919921875,-63.299560546875,-0.7446564880371094,-0.6012979431152344,0.0
,7316,,,,,-29.3792724609375,-66.851806640625,-0.7168963073730469,-0.6481173522949218,0.0
,7317,,,,,-24.884033203125,-69.5892333984375,-0.6287473754882813,-0.6492567626953125,0.0
,7318,,,,,-19.29931640625,-71.8048095703125,-0.6193213439941406,-0.7330552185058594,0.0
,7319,,,,,-14.483642578125,-73.992919921875,-0.5470205749511718,-0.7400988464355469,0.0
,7320,,,,,-11.004638671875,-75.54931640625,-0.4893249755859375,-0.7773886413574219,0.0
,7321,,,,,-7.1044921875,-76.483154296875,-0.37900933227539063,-0.7694127685546875,0.0
,7322,,,,,-3.33251953125,-76.776123046875,-0.33892280273437503,-0.8315624267578126,0.0
,7323,,,,,1.556396484375,-76.79443359375,-0.25212044677734374,-0.8318731750488282,0.0
,7324,,,,,5.3741455078125,-76.7303466796875,-0.18966004028320313,-0.8472034240722657,0.0
,7325,,,,,6.1065673828125,-76.153564453125,-0.1073117431640625,-0.8494822448730469,0.0
,7326,,,,,8.880615234375,-74.89013671875,-0.0410187744140625,-0.8669877319335938,0.0
,7327,,,,,13.5406494140625,-73.6083984375,0.01015111083984375,-0.8697844665527344,0.0
,7328,,,,,16.8731689453125,-72.052001953125,0.032214239501953124,-0.8938156677246094,0.0
,7329,,,,,21.624755859375,-70.367431640625,0.0841092041015625,-0.8841824707031251,0.0
,7330,,,,,27.1453857421875,-68.499755859375,0.12025958862304688,-0.8959909057617188,0.0
,7331,,,,,33.0963134765625,-65.95458984375,0.14646602783203125,-0.8912260986328125,0.0
,7332,,,,,38.909912109375,-63.1988525390625,0.199707568359375,-0.8839753051757813,0.0
,7333,,,,,43.4326171875,-60.7177734375,0.26496470947265627,-0.841920703125,0.0
,7334,,,,,47.7264404296875,-58.245849609375,0.31209486694335936,-0.8299051025390626,0.0
,7335,,,,,51.3336181640625,-55.6640625,0.3518706481933594,-0.8103279602050781,0.0
,7336,,,,,55.4718017578125,-52.093505859375,0.4015903747558594,-0.7933403869628907,0.0
,7337,,,,,58.8775634765625,-48.7060546875,0.49181096191406254,-0.7351268737792969,0.0
,7338,,,,,61.2762451171875,-45.37353515625,0.57177685546875,-0.6895504577636719,0.0
,7339,,,,,63.4735107421875,-41.949462890625,0.6276079650878906,-0.6555753112792969,0.0
,7340,,,,,65.936279296875,-37.6190185546875,0.67453095703125,-0.6101024780273437,0.0
,7341,,,,,67.5750732421875,-34.0484619140625,0.7548075988769531,-0.5403912780761719,0.0
,7342,,,,,67.3828125,-33.0230712890625,0.798001611328125,-0.4994760864257813,0.0
,7343,,,,,67.9595947265625,-30.1300048828125,0.8216184814453126,-0.48134910278320314,0.0
,7344,,,,,68.95751953125,-26.1199951171875,0.8426457824707031,-0.4601146362304688,0.0
,7345,,,,,69.158935546875,-21.8170166015625,0.8803499084472657,-0.41505613403320313,0.0
,7346,,,,,70.257568359375,-15.7196044921875,0.9066599304199219,-0.3799415771484375,0.0
,7347,,,,,71.0540771484375,-9.6221923828125,0.9101817443847656,-0.3323970886230469,0.0
,7348,,,,,71.6766357421875,-3.6346435546875,0.9066599304199219,-0.30608706665039065,0.0
,7349,,,,,72.1527099609375,3.84521484375,0.9255119934082031,-0.259371240234375,0.0
,7350,,,,,72.161865234375,10.0341796875,0.9435353942871094,-0.22011337280273438,0.0
,7351,,,,,71.8597412109375,15.380859375,0.9419816528320313,-0.15775654907226563,0.0
,7352,,,,,71.3653564453125,20.4254150390625,0.9361810180664063,-0.09301732177734376,0.0
,7353,,,,,70.3033447265625,26.1016845703125,0.9202292724609376,-0.023306121826171877,0.0
,7354,,,,,69.1131591796875,30.8349609375,0.9237510864257813,0.04826956787109375,0.0
,7355,,,,,67.7764892578125,34.6435546875,0.9158787963867188,0.12191691284179688,0.0
,7356,,,,,66.082763671875,38.2965087890625,0.9114247375488281,0.18303074340820313,0.0
,7357,,,,,63.720703125,42.1234130859375,0.9091459167480469,0.2817451171875,0.0
,7358,,,,,61.065673828125,45.22705078125,0.9043811096191406,0.3529064758300781,0.0
,7359,,,,,59.7747802734375,45.6298828125,0.8743421081542969,0.40304053344726565,0.0
,7360,,,,,57.0281982421875,47.2686767578125,0.8781746704101563,0.46083971557617187,0.0
,7361,,,,,53.375244140625,50.8575439453125,0.8602548522949219,0.5040337280273438,0.0
,7362,,,,,49.8504638671875,53.3294677734375,0.8329090026855469,0.5511638854980468,0.0
,7363,,,,,45.6573486328125,56.744384765625,0.7916830627441407,0.5767488281250001,0.0
,7364,,,,,40.9332275390625,60.040283203125,0.776456396484375,0.6053376708984375,0.0
,7365,,,,,31.842041015625,63.9678955078125,0.7278760803222657,0.6085487365722656,0.0
,7366,,,,,30.322265625,67.6025390625,0.6857178955078125,0.6276079650878906,0.0
,7367,,,,,26.0833740234375,70.166015625,0.6219109130859375,0.653814404296875,0.0
,7368,,,,,21.624755859375,72.76611328125,0.5656654724121094,0.6503961730957032,0.0
,7369,,,,,16.607666015625,74.74365234375,0.4788631164550781,0.6796065124511719,0.0
,7370,,,,,11.9659423828125,76.1627197265625,0.4538996704101563,0.7517001159667969,0.0
,7371,,,,,8.60595703125,76.922607421875,0.39879364013671875,0.7895078247070313,0.0
,7372,,,,,4.669189453125,77.34375,0.30940171508789066,0.8111566223144532,0.0
,7373,,,,,0.146484375,77.0965576171875,0.2316110595703125,0.8398490478515626,0.0
,7374,,,,,-1.519775390625,76.7303466796875,0.191420947265625,0.8870827880859375,0.0
,7375,,,,,-4.28466796875,75.7598876953125,0.12492081298828125,0.9220937622070313,0.0
,7376,,,,,-7.36083984375,74.2767333984375,0.055520361328125004,0.9357666870117188,0.0
,7377,,,,,-10.052490234375,72.216796875,0.005904217529296875,0.9631125366210938,0.0
,7378,,,,,-15.12451171875,70.184326171875,-0.045887164306640624,0.95627607421875,0.0
,7379,,,,,-19.8028564453125,67.5567626953125,-0.08990983886718751,0.9319341247558593,0.0
,7380,,,,,-25.140380859375,65.2679443359375,-0.11321596069335937,0.9207471862792969,0.0
,7381,,,,,-31.3201904296875,62.6678466796875,-0.1480197692871094,0.9115283203125,0.0
,7382,,,,,-36.8865966796875,59.967041015625,-0.21472706909179687,0.8743421081542969,0.0
,7383,,,,,-41.400146484375,57.5775146484375,-0.26983309936523436,0.8456496826171875,0.0
,7384,,,,,-45.59326171875,55.6182861328125,-0.3278394470214844,0.7960335388183594,0.0
,7385,,,,,-50.1434326171875,53.21044921875,-0.38346339111328126,0.76734111328125,0.0
,7386,,,,,-53.79638671875,50.701904296875,-0.4455094665527344,0.7334695495605469,0.0
,7387,,,,,-56.7352294921875,48.0377197265625,-0.47969177856445316,0.7078846069335938,0.0
,7388,,,,,-59.600830078125,45.1446533203125,-0.5458811645507813,0.6841641540527343,0.0
,7389,,,,,-62.420654296875,41.2261962890625,-0.604094677734375,0.6461492797851562,0.0
,7390,,,,,-64.7003173828125,37.3443603515625,-0.6631368530273438,0.5852426147460937,0.0
,7391,,,,,-65.496826171875,35.55908203125,-0.720210955810547,0.53863037109375,0.0
,7392,,,,,-66.4947509765625,32.025146484375,-0.7728309997558594,0.49699010009765626,0.0
,7393,,,,,-67.49267578125,28.0792236328125,-0.8057703186035157,0.479795361328125,0.0
,7394,,,,,-67.529296875,24.5086669921875,-0.8180966674804688,0.453278173828125,0.0
,7395,,,,,-68.1976318359375,19.8028564453125,-0.8511395690917969,0.40169395751953124,0.0
,7396,,,,,-68.7103271484375,14.886474609375,-0.8876007019042969,0.3603644348144531,0.0
,7397,,,,,-69.525146484375,8.038330078125,-0.8958873229980469,0.33177559204101564,0.0
,7398,,,,,-72.125244140625,-2.3895263671875,-0.8938156677246094,0.3083658874511719,0.0
,7399,,,,,-70.2301025390625,-4.376220703125,-0.9191934448242188,0.25626375732421874,0.0
,7400,,,,,-70.2301025390625,-9.9884033203125,-0.9321412902832031,0.20581895141601564,0.0
,7401,,,,,-70.27587890625,-16.021728515625,-0.9055205200195313,0.16355718383789064,0.0
,7402,,,,,-69.9554443359375,-21.35009765625,-0.8913296813964844,0.09260299072265625,0.0
,7403,,,,,-69.415283203125,-25.15869140625,-0.9009628784179687,0.00973677978515625,0.0
,7404,,,,,-68.66455078125,-29.8553466796875,-0.894126416015625,-0.06774312744140626,0.0
,7405,,,,,-67.218017578125,-34.6893310546875,-0.8705095458984375,-0.10368634643554688,0.0
,7406,,,,,-65.2862548828125,-38.8275146484375,-0.864294580078125,-0.15962103881835937,0.0
,7407,,,,,-63.2354736328125,-41.6839599609375,-0.8742385253906251,-0.2498416259765625,0.0
,7408,,,,,-62.310791015625,-42.3797607421875,-0.8764137634277344,-0.3476237548828125,0.0
,7409,,,,,-59.4818115234375,-45.025634765625,-0.8504144897460938,-0.4089447509765625,0.0
,7410,,,,,-56.561279296875,-47.5616455078125,-0.8345663269042969,-0.4550390808105469,0.0
,7411,,,,,-54.144287109375,-48.0743408203125,-0.7886791625976562,-0.4656045227050781,0.0
,7412,,,,,-49.951171875,-51.2786865234375,-0.7827749450683594,-0.5151170837402343,0.0
,7413,,,,,-44.769287109375,-55.37109375,-0.7622655578613281,-0.5297222534179687,0.0
,7414,,,,,-39.7796630859375,-59.47265625,-0.7566720886230469,-0.5766452453613281,0.0
,7415,,,,,-33.544921875,-62.9425048828125,-0.70436279296875,-0.57011953125,0.0
,7416,,,,,-31.201171875,-66.4031982421875,-0.6876859680175782,-0.642213134765625,0.0
,7417,,,,,-26.1016845703125,-69.6258544921875,-0.5937364013671875,-0.6415916381835938,0.0
,7418,,,,,-21.697998046875,-71.9970703125,-0.5647332275390625,-0.6985621582031251,0.0
,7419,,,,,-18.017578125,-73.974609375,-0.4704729125976563,-0.7057093688964844,0.0
,7420,,,,,-14.1632080078125,-75.274658203125,-0.41526329956054686,-0.7602974853515625,0.0
,7421,,,,,-9.1278076171875,-75.9613037109375,-0.34731300659179687,-0.7788388000488281,0.0
,7422,,,,,-4.87060546875,-76.153564453125,-0.3208994018554688,-0.8451317687988281,0.0
,7423,,,,,-1.2359619140625,-75.76904296875,-0.2266390869140625,-0.8358093200683594,0.0
,7424,,,,,2.5726318359375,-74.853515625,-0.17453695678710937,-0.8794176635742188,0.0
,7425,,,,,4.57763671875,-73.6083984375,-0.09550330810546875,-0.8777603393554688,0.0
,7426,,,,,7.745361328125,-72.271728515625,-0.0227882080078125,-0.8787961669921875,0.0
,7427,,,,,11.2335205078125,-70.9075927734375,0.03138557739257813,-0.8751707702636718,0.0
,7428,,,,,14.4195556640625,-69.3511962890625,0.050444805908203126,-0.8931941711425782,0.0
,7429,,,,,19.5465087890625,-67.9412841796875,0.08649160766601563,-0.8927798400878907,0.0
,7430,,,,,25.726318359375,-65.6890869140625,0.11466611938476563,-0.8922619262695313,0.0
,7431,,,,,31.89697265625,-63.629150390625,0.15226666259765625,-0.889154443359375,0.0
,7432,,,,,37.4176025390625,-61.6241455078125,0.1940105163574219,-0.8666769836425782,0.0
,7433,,,,,42.5445556640625,-59.4268798828125,0.24176217041015627,-0.8374666442871094,0.0
,7434,,,,,48.101806640625,-56.06689453125,0.28236661376953126,-0.8168536743164063,0.0
,7435,,,,,52.459716796875,-52.825927734375,0.32379971923828127,-0.7809104553222657,0.0
,7436,,,,,55.70068359375,-49.91455078125,0.358810693359375,-0.7604010681152344,0.0
,7437,,,,,58.6944580078125,-46.8292236328125,0.42168543090820315,-0.7370949462890625,0.0
,7438,,,,,62.127685546875,-43.0023193359375,0.5071412109375,-0.6930722717285156,0.0
,7439,,,,,64.7735595703125,-39.5599365234375,0.5835852905273438,-0.6417988037109376,0.0
,7440,,,,,66.7144775390625,-36.2640380859375,0.6540215698242188,-0.5844139526367188,0.0
,7441,,,,,68.1427001953125,-32.7117919921875,0.7145139038085938,-0.5539606201171875,0.0
,7442,,,,,68.572998046875,-30.5877685546875,0.751596533203125,-0.5231965393066407,0.0
,7443,,,,,69.0948486328125,-26.605224609375,0.7835000244140625,-0.5049659729003907,0.0
,7444,,,,,69.5892333984375,-22.6318359375,0.8010055114746094,-0.4686084228515625,0.0
,7445,,,,,69.2779541015625,-19.22607421875,0.8229650573730469,-0.4190958618164063,0.0
,7446,,,,,69.8822021484375,-12.725830078125,0.8494822448730469,-0.3817024841308594,0.0
,7447,,,,,70.5963134765625,-6.33544921875,0.8764137634277344,-0.3466915100097656,0.0
,7448,,,,,73.663330078125,3.515625,0.8820072326660157,-0.31644534301757815,0.0
,7449,,,,,71.6217041015625,5.0445556640625,0.8788997497558594,-0.27200833740234376,0.0
,7450,,,,,71.905517578125,11.4898681640625,0.8737206115722657,-0.23637586669921876,0.0
,7451,,,,,71.77734375,17.431640625,0.8877042846679688,-0.1496770935058594,0.0
,7452,,,,,71.539306640625,21.6888427734375,0.8837681396484375,-0.07986231079101563,0.0
,7453,,,,,70.93505859375,25.982666015625,0.8716489562988281,-0.008804534912109375,0.0
,7454,,,,,70.2484130859375,29.7454833984375,0.8728919494628906,0.04961614379882812,0.0
,7455,,,,,69.049072265625,34.8724365234375,0.8832502258300782,0.131757275390625,0.0
,7456,,,,,66.998291015625,38.6627197265625,0.8656411560058594,0.20105414428710938,0.0
,7457,,,,,65.7989501953125,39.7064208984375,0.8517610656738281,0.28412752075195313,0.0
,7458,,,,,63.6199951171875,42.1234130859375,0.8825251464843751,0.37092987670898436,0.0
,7459,,,,,61.0931396484375,44.8333740234375,0.8840788879394531,0.4351511901855469,0.0
,7460,,,,,58.575439453125,46.76513671875,0.8787961669921875,0.48994647216796877,0.0
,7461,,,,,55.316162109375,49.639892578125,0.8359129028320312,0.5217463806152344,0.0
,7462,,,,,51.6082763671875,52.1209716796875,0.8168536743164063,0.5471241577148438,0.0
,7463,,,,,46.4447021484375,56.103515625,0.7879540832519532,0.5645260620117187,0.0
,7464,,,,,41.2261962890625,59.8846435546875,0.7649587097167969,0.5885572631835938,0.0
,7465,,,,,32.33642578125,63.116455078125,0.7158604797363282,0.6053376708984375,0.0
,7466,,,,,32.1990966796875,66.4764404296875,0.682817578125,0.642213134765625,0.0
,7467,,,,,27.3284912109375,69.580078125,0.5818243835449219,0.6500854248046876,0.0
,7468,,,,,22.4945068359375,71.9879150390625,0.5459847473144531,0.6722521362304688,0.0
,7469,,,,,18.5760498046875,73.13232421875,0.4856995788574219,0.7196930419921875,0.0
,7470,,,,,14.3280029296875,73.9471435546875,0.4218925964355469,0.76734111328125,0.0
,7471,,,,,9.3658447265625,74.6063232421875,0.3888496948242188,0.8246223815917969,0.0
,7472,,,,,4.4952392578125,74.8260498046875,0.35663545532226565,0.879210498046875,0.0
,7473,,,,,1.0986328125,74.7894287109375,0.25543509521484375,0.8861505432128907,0.0
,7474,,,,,-0.9429931640625,74.4781494140625,0.20602611694335937,0.9147393859863282,0.0
,7475,,,,,-5.3558349609375,73.6358642578125,0.13869732055664064,0.928930224609375,0.0
,7476,,,,,-8.697509765625,73.040771484375,0.06826104125976562,0.9313126281738282,0.0
,7477,,,,,-10.858154296875,71.868896484375,0.0136729248046875,0.9194006103515625,0.0
,7478,,,,,-15.4632568359375,70.257568359375,0.007354376220703125,0.9376311767578125,0.0
,7479,,,,,-20.8465576171875,68.1060791015625,-0.01678040771484375,0.9439497253417969,0.0
,7480,,,,,-26.9805908203125,65.716552734375,-0.078722900390625,0.9186755310058594,0.0
,7481,,,,,-32.48291015625,63.2904052734375,-0.1330002685546875,0.9071778442382813,0.0
,7482,,,,,-38.1500244140625,61.0198974609375,-0.19711799926757814,0.8750671875,0.0
,7483,,,,,-43.414306640625,57.9071044921875,-0.24072634277343752,0.8646053283691406,0.0
,7484,,,,,-48.7060546875,54.803466796875,-0.2918962280273438,0.8329090026855469,0.0
,7485,,,,,-53.466796875,51.9287109375,-0.3497989929199219,0.7949977111816406,0.0
,7486,,,,,-56.9732666015625,49.346923828125,-0.40821967163085937,0.7510786193847656,0.0
,7487,,,,,-60.4339599609375,46.234130859375,-0.4579393981933594,0.718450048828125,0.0
,7488,,,,,-63.6016845703125,42.2332763671875,-0.5280649291992188,0.668730322265625,0.0
,7489,,,,,-66.375732421875,38.433837890625,-0.5745735900878907,0.6348587585449219,0.0
,7490,,,,,-67.987060546875,35.2294921875,-0.6313369445800782,0.5877286010742188,0.0
,7491,,,,,-68.6920166015625,33.1695556640625,-0.7052950378417969,0.5402876953125,0.0
,7492,,,,,-70.037841796875,29.150390625,-0.7597795715332032,0.486424658203125,0.0
,7493,,,,,-70.7427978515625,26.055908203125,-0.7766635620117188,0.45876806030273437,0.0
,7494,,,,,-70.0469970703125,24.041748046875,-0.8122960327148437,0.431732958984375,0.0
,7495,,,,,-70.7427978515625,19.1986083984375,-0.8259689575195313,0.40935908203125,0.0
,7496,,,,,-71.539306640625,12.8173828125,-0.8562151245117188,0.3705155456542969,0.0
,7497,,,,,-72.271728515625,6.463623046875,-0.8911225158691407,0.324006884765625,0.0
,7498,,,,,-74.853515625,-2.6092529296875,-0.9130820617675781,0.2723190856933594,0.0
,7499,,,,,-73.260498046875,-4.3304443359375,-0.923958251953125,0.22322085571289063,0.0
,7500,,,,,-73.5809326171875,-10.0067138671875,-0.9197113586425781,0.1669754150390625,0.0
,7501,,,,,-73.480224609375,-16.1041259765625,-0.9173289550781251,0.12357423706054688,0.0
,7502,,,,,-73.1048583984375,-21.5423583984375,-0.9114247375488281,0.06774312744140626,0.0
,7503,,,,,-72.637939453125,-25.616455078125,-0.9035524475097656,0.0078722900390625,0.0
,7504,,,,,-71.81396484375,-29.8370361328125,-0.8888436950683594,-0.05158421630859375,0.0
,7505,,,,,-70.257568359375,-34.3780517578125,-0.9016879577636719,-0.12088108520507813,0.0
,7506,,,,,-68.2525634765625,-38.12255859375,-0.9067635131835938,-0.212966162109375,0.0
,7507,,,,,-66.2200927734375,-40.5303955078125,-0.8929870056152344,-0.29697178344726566,0.0
,7508,,,,,-65.3961181640625,-41.0614013671875,-0.8810749877929688,-0.38356697387695315,0.0
,7509,,,,,-63.09814453125,-43.414306640625,-0.8388132202148437,-0.4178528686523438,0.0
,7510,,,,,-59.4818115234375,-46.9390869140625,-0.8480320861816406,-0.4674690124511719,0.0
,7511,,,,,-56.231689453125,-48.1658935546875,-0.8415063720703125,-0.48580316162109377,0.0
,7512,,,,,-52.44140625,-51.470947265625,-0.8357057373046876,-0.5446381713867188,0.0
,7513,,,,,-47.589111328125,-55.4351806640625,-0.8050452392578126,-0.5639045654296875,0.0
,7514,,,,,-41.7205810546875,-59.6466064453125,-0.8198575744628906,-0.6348587585449219,0.0
,7515,,,,,-34.3231201171875,-63.4552001953125,-0.7732453308105469,-0.6375519104003906,0.0
,7516,,,,,-31.8511962890625,-66.2109375,-0.7554290954589844,-0.7106813415527344,0.0
,7517,,,,,-26.98974609375,-68.3258056640625,-0.662101025390625,-0.7148246520996094,0.0
,7518,,,,,-21.661376953125,-70.4864501953125,-0.6144529541015625,-0.7607118164062501,0.0
,7519,,,,,-16.8548583984375,-72.5830078125,-0.5134597595214844,-0.7496284606933594,0.0
,7520,,,,,-13.531494140625,-74.01123046875,-0.4687120056152344,-0.7984159423828125,0.0
,7521,,,,,-9.173583984375,-75.457763671875,-0.37434810791015627,-0.7922009765625,0.0
,7522,,,,,-3.973388671875,-75.9796142578125,-0.31934566040039064,-0.8437851928710938,0.0
,7523,,,,,0.8880615234375,-76.0162353515625,-0.247769970703125,-0.8639838317871094,0.0
,7524,,,,,4.486083984375,-75.2197265625,-0.23979409790039063,-0.9094566650390625,0.0
,7525,,,,,5.9783935546875,-74.4049072265625,-0.16303927001953125,-0.9159823791503906,0.0
,7526,,,,,9.320068359375,-73.7823486328125,-0.11404462280273438,-0.9423959838867187,0.0
,7527,,,,,13.9251708984375,-72.5555419921875,-0.03977578125,-0.9308982971191406,0.0
,7528,,,,,17.047119140625,-70.6146240234375,0.009115283203125,-0.9386670043945313,0.0
,7529,,,,,21.8353271484375,-68.6553955078125,0.03863637084960938,-0.9323484558105469,0.0
,7530,,,,,27.20947265625,-66.3848876953125,0.0774799072265625,-0.927272900390625,0.0
,7531,,,,,33.966064453125,-63.1256103515625,0.11953450927734376,-0.9210579345703125,0.0
,7532,,,,,40.264892578125,-60.150146484375,0.16956498413085938,-0.9192970275878907,0.0
,7533,,,,,45.1080322265625,-57.8338623046875,0.2047831237792969,-0.9016879577636719,0.0
,7534,,,,,50.3082275390625,-54.78515625,0.23513287353515624,-0.8835609741210938,0.0
,7535,,,,,55.0689697265625,-51.177978515625,0.31105903930664064,-0.8373630615234375,0.0
,7536,,,,,58.9599609375,-48.1109619140625,0.3518706481933594,-0.8123996154785157,0.0
,7537,,,,,61.6973876953125,-45.8587646484375,0.4219961791992188,-0.7647515441894531,0.0
,7538,,,,,64.453125,-42.608642578125,0.49491844482421876,-0.7049842895507813,0.0
,7539,,,,,67.0806884765625,-38.5528564453125,0.5639045654296875,-0.6379662414550782,0.0
,7540,,,,,69.122314453125,-34.588623046875,0.6463564453125,-0.59166474609375,0.0
,7541,,,,,69.90966796875,-31.5032958984375,0.7115100036621094,-0.5622472412109375,0.0
,7542,,,,,69.5068359375,-30.670166015625,0.7702414306640625,-0.5209177185058594,0.0
,7543,,,,,69.3878173828125,-28.3538818359375,0.8242080505371094,-0.4694370849609375,0.0
,7544,,,,,70.20263671875,-22.943115234375,0.8628444213867188,-0.42707173461914066,0.0
,7545,,,,,70.294189453125,-18.3197021484375,0.9013772094726563,-0.400243798828125,0.0
,7546,,,,,70.8984375,-13.055419921875,0.9103889099121094,-0.3675116455078125,0.0
,7547,,,,,71.4935302734375,-7.232666015625,0.9008592956542969,-0.332293505859375,0.0
,7548,,,,,75.128173828125,4.0740966796875,0.8915368469238282,-0.31551309814453127,0.0
,7549,,,,,72.8851318359375,5.181884765625,0.894126416015625,-0.2673471130371094,0.0
,7550,,,,,73.260498046875,9.942626953125,0.9173289550781251,-0.18075192260742187,0.0
,7551,,,,,73.260498046875,14.75830078125,0.9036560302734375,-0.10368634643554688,0.0
,7552,,,,,73.0682373046875,18.8690185546875,0.9143250549316406,-0.036357550048828124,0.0
,7553,,,,,72.161865234375,24.0966796875,0.9376311767578125,0.04661224365234375,0.0
,7554,,,,,70.7244873046875,28.3905029296875,0.9385634216308594,0.09809287719726563,0.0
,7555,,,,,69.0032958984375,31.9610595703125,0.9269621520996094,0.17723010864257813,0.0
,7556,,,,,66.83349609375,35.4400634765625,0.9356631042480469,0.2498416259765625,0.0
,7557,,,,,64.8284912109375,38.0218505859375,0.9153608825683595,0.31986357421875,0.0
,7558,,,,,62.2833251953125,40.8966064453125,0.9029309509277345,0.3857422119140625,0.0
,7559,,,,,60.3973388671875,42.29736328125,0.8994091369628906,0.4538996704101563,0.0
,7560,,,,,57.6324462890625,44.1375732421875,0.9152572998046875,0.5213320495605469,0.0
,7561,,,,,53.4576416015625,47.735595703125,0.8885329467773437,0.5506459716796875,0.0
,7562,,,,,49.639892578125,50.2716064453125,0.8596333557128907,0.5720876037597656,0.0
,7563,,,,,45.501708984375,53.7506103515625,0.8045273254394532,0.5774739074707032,0.0
,7564,,,,,40.6036376953125,57.2113037109375,0.7960335388183594,0.6179747680664063,0.0
,7565,,,,,30.3131103515625,61.322021484375,0.7487997985839844,0.63144052734375,0.0
,7566,,,,,30.35888671875,64.9932861328125,0.7192787109375001,0.6578541320800781,0.0
,7567,,,,,26.1474609375,67.5018310546875,0.64801376953125,0.6787778503417969,0.0
,7568,,,,,21.533203125,69.98291015625,0.6060627502441407,0.683646240234375,0.0
,7569,,,,,16.314697265625,72.088623046875,0.51542783203125,0.6968012512207031,0.0
,7570,,,,,11.46240234375,73.699951171875,0.4719230712890625,0.7484890502929687,0.0
,7571,,,,,7.5531005859375,74.4781494140625,0.41547046508789065,0.8035950805664063,0.0
,7572,,,,,1.9866943359375,74.6063232421875,0.38232398071289064,0.858597528076172,0.0
,7573,,,,,-2.1697998046875,74.2218017578125,0.3065013977050781,0.8771388427734376,0.0
,7574,,,,,-4.79736328125,73.9105224609375,0.22197786254882812,0.8965088195800781,0.0
,7575,,,,,-8.441162109375,72.8851318359375,0.15682430419921875,0.9133928100585937,0.0
,7576,,,,,-11.224365234375,71.3653564453125,0.12875337524414063,0.9412565734863282,0.0
,7577,,,,,-14.0350341796875,69.6807861328125,0.06401414794921875,0.9418780700683594,0.0
,7578,,,,,-17.9443359375,68.1793212890625,0.011704852294921875,0.9392885009765626,0.0
,7579,,,,,-22.027587890625,66.1376953125,-0.04454058837890625,0.9100781616210938,0.0
,7580,,,,,-28.326416015625,63.775634765625,-0.09374240112304688,0.8920547607421875,0.0
,7581,,,,,-34.6710205078125,61.3037109375,-0.10213260498046875,0.9010664611816407,0.0
,7582,,,,,-39.752197265625,59.4268798828125,-0.15081650390625,0.8671948974609375,0.0
,7583,,,,,-44.732666015625,57.5958251953125,-0.20126130981445314,0.8281441955566406,0.0
,7584,,,,,-49.7222900390625,54.9407958984375,-0.25833541259765624,0.7845358520507812,0.0
,7585,,,,,-54.2816162109375,52.239990234375,-0.30329033203125,0.7700342651367188,0.0
,7586,,,,,-57.4951171875,49.969482421875,-0.3791129150390625,0.73419462890625,0.0
,7587,,,,,-60.53466796875,46.820068359375,-0.4704729125976563,0.6923471923828125,0.0
,7588,,,,,-62.9241943359375,43.7164306640625,-0.542773681640625,0.6618938598632813,0.0
,7589,,,,,-65.936279296875,39.788818359375,-0.5751950866699219,0.6411773071289063,0.0
,7590,,,,,-67.9595947265625,36.4837646484375,-0.6327871032714844,0.5832745422363281,0.0
,7591,,,,,-68.206787109375,35.33935546875,-0.6808495056152344,0.5341763122558594,0.0
,7592,,,,,-69.195556640625,32.2723388671875,-0.7520108642578125,0.4830064270019531,0.0
,7593,,,,,-70.0927734375,28.3905029296875,-0.7862967590332032,0.45462474975585937,0.0
,7594,,,,,-69.891357421875,25.45166015625,-0.8412992065429687,0.40304053344726565,0.0
,7595,,,,,-70.4681396484375,20.855712890625,-0.8704059631347657,0.36160742797851564,0.0
,7596,,,,,-71.099853515625,14.9688720703125,-0.8741349426269531,0.3403729614257813,0.0
,7597,,,,,-71.7041015625,9.1827392578125,-0.8970267333984375,0.30484407348632814,0.0
,7598,,,,,-75.6500244140625,-3.40576171875,-0.9144286376953126,0.2723190856933594,0.0
,7599,,,,,-72.637939453125,-3.0303955078125,-0.9232331726074219,0.2191811279296875,0.0
,7600,,,,,-72.711181640625,-8.0841064453125,-0.9373204284667969,0.146673193359375,0.0
,7601,,,,,-72.7935791015625,-12.8631591796875,-0.9449855529785156,0.08690593872070312,0.0
,7602,,,,,-72.3724365234375,-18.585205078125,-0.9458142150878907,0.03511455688476563,0.0
,7603,,,,,-71.4202880859375,-23.4100341796875,-0.9359738525390625,-0.0099439453125,0.0
,7604,,,,,-70.1568603515625,-27.3101806640625,-0.95627607421875,-0.09467464599609375,0.0
,7605,,,,,-68.3441162109375,-31.036376953125,-0.943121063232422,-0.14014747924804688,0.0
,7606,,,,,-65.7440185546875,-35.467529296875,-0.9313126281738282,-0.20001831665039063,0.0
,7607,,,,,-63.3636474609375,-39.1021728515625,-0.9157752136230469,-0.2755301513671875,0.0
,7608,,,,,-62.4114990234375,-39.404296875,-0.8938156677246094,-0.3443091064453125,0.0
,7609,,,,,-59.6466064453125,-41.6656494140625,-0.8779675048828125,-0.4054229370117188,0.0
,7610,,,,,-56.3873291015625,-44.82421875,-0.8610835144042969,-0.4541068359375,0.0
,7611,,,,,-53.50341796875,-46.343994140625,-0.8073240600585938,-0.45856089477539064,0.0
,7612,,,,,-49.7039794921875,-49.530029296875,-0.8241044677734375,-0.5273398498535157,0.0
,7613,,,,,-45.41015625,-53.082275390625,-0.8063918151855469,-0.5404948608398438,0.0
,7614,,,,,-39.8895263671875,-57.3486328125,-0.7922009765625,-0.5758165832519532,0.0
,7615,,,,,-33.2977294921875,-61.6790771484375,-0.7235256042480469,-0.5558251098632813,0.0
,7616,,,,,-30.120849609375,-65.2587890625,-0.6984585754394531,-0.6153851989746094,0.0
,7617,,,,,-24.9847412109375,-68.408203125,-0.6184926818847657,-0.6233610717773438,0.0
,7618,,,,,-19.5465087890625,-70.9716796875,-0.6021266052246094,-0.70436279296875,0.0
,7619,,,,,-14.5660400390625,-72.8851318359375,-0.5310688293457031,-0.7210396179199219,0.0
,7620,,,,,-10.693359375,-73.974609375,-0.4820741821289063,-0.7651658752441407,0.0
,7621,,,,,-6.2164306640625,-75.18310546875,-0.38677803955078127,-0.771484423828125,0.0
,7622,,,,,-1.0711669921875,-75.494384765625,-0.3673044799804688,-0.8347734924316407,0.0
,7623,,,,,3.607177734375,-75.4302978515625,-0.26703636474609377,-0.8198575744628906,0.0
,7624,,,,,6.8572998046875,-74.9908447265625,-0.22570684204101563,-0.8769316772460938,0.0
,7625,,,,,8.2305908203125,-74.1485595703125,-0.1325859375,-0.8747564392089844,0.0
,7626,,,,,12.0941162109375,-72.98583984375,-0.04547283325195313,-0.8602548522949219,0.0
,7627,,,,,15.9942626953125,-71.7681884765625,0.019887890625,-0.8590118591308594,0.0
,7628,,,,,18.05419921875,-70.1751708984375,0.054898864746093755,-0.8900866882324219,0.0
,7629,,,,,23.0438232421875,-68.426513671875,0.08856326293945313,-0.8903974365234375,0.0
,7630,,,,,29.0496826171875,-65.936279296875,0.10130394287109375,-0.8944371643066407,0.0
,7631,,,,,34.9639892578125,-63.336181640625,0.13610775146484375,-0.8920547607421875,0.0
,7632,,,,,40.1641845703125,-60.8734130859375,0.18489523315429687,-0.8796248291015625,0.0
,7633,,,,,45.22705078125,-58.48388671875,0.22156353149414063,-0.8550757141113281,0.0
,7634,,,,,49.9603271484375,-55.7647705078125,0.2922069763183594,-0.8083598876953125,0.0
,7635,,,,,54.2999267578125,-52.9632568359375,0.3507312377929688,-0.7759384826660156,0.0
,7636,,,,,57.879638671875,-50.7476806640625,0.36958330078125,-0.7602974853515625,0.0
,7637,,,,,60.6903076171875,-48.614501953125,0.4417804870605469,-0.7099562622070312,0.0
,7638,,,,,63.5101318359375,-45.5291748046875,0.5184317321777344,-0.6618938598632813,0.0
,7639,,,,,66.0369873046875,-41.7022705078125,0.5865891906738282,-0.6274007995605468,0.0
,7640,,,,,67.63916015625,-39.276123046875,0.6619974426269531,-0.5760237487792969,0.0
,7641,,,,,68.9117431640625,-36.3739013671875,0.7205217041015626,-0.5170851562500001,0.0
,7642,,,,,69.268798828125,-34.0301513671875,0.7561541748046875,-0.4757556335449219,0.0
,7643,,,,,69.2962646484375,-30.4779052734375,0.8188217468261719,-0.4296613037109375,0.0
,7644,,,,,69.9554443359375,-25.7720947265625,0.8541434692382813,-0.41049849243164066,0.0
,7645,,,,,69.708251953125,-21.697998046875,0.8771388427734376,-0.4004509643554688,0.0
,7646,,,,,70.5780029296875,-15.8660888671875,0.902413037109375,-0.37269078369140624,0.0
,7647,,,,,71.1639404296875,-10.0250244140625,0.9179504516601563,-0.3311540954589844,0.0
,7648,,,,,75.8697509765625,3.7994384765625,0.938874169921875,-0.27584089965820313,0.0
,7649,,,,,72.088623046875,2.2705078125,0.9419816528320313,-0.21472706909179687,0.0
,7650,,,,,72.4365234375,7.415771484375,0.9258227416992187,-0.18044117431640624,0.0
,7651,,,,,72.3724365234375,12.7899169921875,0.9398064147949219,-0.11943092651367188,0.0
,7652,,,,,71.5850830078125,18.1732177734375,0.9429138977050782,-0.058835009765625,0.0
,7653,,,,,70.5780029296875,23.382568359375,0.9297588867187501,-0.00165732421875,0.0
,7654,,,,,69.6807861328125,27.0263671875,0.9217830139160157,0.070436279296875,0.0
,7655,,,,,68.4173583984375,31.0089111328125,0.9257191589355469,0.1557884765625,0.0
,7656,,,,,66.2017822265625,35.70556640625,0.9395992492675782,0.21762738647460939,0.0
,7657,,,,,63.9678955078125,40.02685546875,0.914014306640625,0.2786376342773438,0.0
,7658,,,,,61.92626953125,43.048095703125,0.9103889099121094,0.3497989929199219,0.0
,7659,,,,,60.5255126953125,43.90869140625,0.9023094543457032,0.41433105468750003,0.0
,7660,,,,,57.147216796875,46.6461181640625,0.8814893188476562,0.46601885375976565,0.0
,7661,,,,,53.50341796875,49.9420166015625,0.858597528076172,0.5025835693359375,0.0
,7662,,,,,50.390625,51.324462890625,0.8670913146972656,0.550231640625,0.0
,7663,,,,,45.5291748046875,54.6478271484375,0.8064953979492188,0.5476420715332031,0.0
,7664,,,,,39.7430419921875,58.740234375,0.801316259765625,0.5786133178710937,0.0
,7665,,,,,32.5469970703125,62.7593994140625,0.7868146728515625,0.628954541015625,0.0
,7666,,,,,29.5166015625,65.789794921875,0.7496284606933594,0.6510176696777344,0.0
,7667,,,,,24.7100830078125,68.8568115234375,0.6435597106933594,0.6499818420410156,0.0
,7668,,,,,20.0042724609375,71.7315673828125,0.6005728637695312,0.6665550842285156,0.0
,7669,,,,,14.739990234375,74.2034912109375,0.5099379455566406,0.6825068298339844,0.0
,7670,,,,,9.7137451171875,75.5584716796875,0.45679998779296876,0.7346089599609376,0.0
,7671,,,,,5.8685302734375,76.373291015625,0.4090483337402344,0.7738668273925782,0.0
,7672,,,,,1.6021728515625,77.1331787109375,0.36440416259765623,0.826176123046875,0.0
,7673,,,,,-2.838134765625,77.2705078125,0.2872350036621094,0.8610835144042969,0.0
,7674,,,,,-5.3924560546875,76.7486572265625,0.23969051513671877,0.9050026062011719,0.0
,7675,,,,,-8.5418701171875,75.7598876953125,0.16801124267578124,0.9147393859863282,0.0
,7676,,,,,-11.187744140625,75.0732421875,0.0882525146484375,0.9205400207519532,0.0
,7677,,,,,-13.458251953125,72.9400634765625,0.023927618408203125,0.9267549865722656,0.0
,7678,,,,,-18.2647705078125,70.806884765625,-0.019059228515625002,0.9282051452636719,0.0
,7679,,,,,-22.8424072265625,68.7286376953125,-0.045576416015625,0.935559521484375,0.0
,7680,,,,,-28.033447265625,66.5313720703125,-0.11497686767578125,0.9059348510742188,0.0
,7681,,,,,-34.2132568359375,63.9312744140625,-0.1371435791015625,0.8981661437988282,0.0
,7682,,,,,-39.9169921875,61.7889404296875,-0.193078271484375,0.8679199768066407,0.0
,7683,,,,,-44.64111328125,59.893798828125,-0.245283984375,0.8398490478515626,0.0
,7684,,,,,-49.0447998046875,57.8155517578125,-0.32038148803710936,0.7895078247070313,0.0
,7685,,,,,-53.887939453125,55.1513671875,-0.38315264282226563,0.7613333129882812,0.0
,7686,,,,,-57.4951171875,52.532958984375,-0.4488241149902344,0.7194858764648437,0.0
,7687,,,,,-60.1959228515625,49.7955322265625,-0.49781876220703125,0.6898612060546875,0.0
,7688,,,,,-62.40234375,46.8017578125,-0.55188896484375,0.6452170349121094,0.0
,7689,,,,,-64.56298828125,43.4783935546875,-0.6114490539550781,0.6138314575195313,0.0
,7690,,,,,-66.8060302734375,39.422607421875,-0.6831283264160156,0.5658726379394532,0.0
,7691,,,,,-67.12646484375,37.2802734375,-0.7291190734863281,0.5279613464355469,0.0
,7692,,,,,-67.6666259765625,33.9202880859375,-0.7962407043457032,0.4856995788574219,0.0
,7693,,,,,-68.4173583984375,30.50537109375,-0.8535219726562501,0.4354619384765625,0.0
,7694,,,,,-68.3074951171875,27.227783203125,-0.8821108154296875,0.4106020751953125,0.0
,7695,,,,,-69.3695068359375,21.533203125,-0.8939192504882812,0.3944431640625,0.0
,7696,,,,,-70.0653076171875,15.9759521484375,-0.9229224243164063,0.36771881103515625,0.0
,7697,,,,,-71.173095703125,10.07080078125,-0.9324520385742188,0.3313612609863281,0.0
,7698,,,,,-75.9063720703125,-3.533935546875,-0.934730859375,0.3053619873046875,0.0
,7699,,,,,-72.3724365234375,-3.167724609375,-0.9313126281738282,0.26962593383789063,0.0
,7700,,,,,-72.7294921875,-8.4686279296875,-0.9439497253417969,0.206336865234375,0.0
,7701,,,,,-72.454833984375,-13.2476806640625,-0.94301748046875,0.13610775146484375,0.0
,7702,,,,,-71.9146728515625,-18.3380126953125,-0.9426031494140625,0.07924081420898438,0.0
,7703,,,,,-70.64208984375,-23.69384765625,-0.9381490905761719,0.025792108154296875,0.0
,7704,,,,,-69.0765380859375,-28.5186767578125,-0.9501646911621094,-0.04505850219726563,0.0
,7705,,,,,-67.7398681640625,-32.55615234375,-0.9466428771972657,-0.1073117431640625,0.0
,7706,,,,,-65.7073974609375,-36.9964599609375,-0.9419816528320313,-0.1708079772949219,0.0
,7707,,,,,-62.6678466796875,-40.90576171875,-0.9439497253417969,-0.25916407470703123,0.0
,7708,,,,,-60.6170654296875,-42.6177978515625,-0.9440533081054687,-0.34503418579101564,0.0
,7709,,,,,-58.0718994140625,-44.9432373046875,-0.8881186157226563,-0.3713442077636719,0.0
,7710,,,,,-55.5267333984375,-47.039794921875,-0.8545578002929688,-0.41660987548828127,0.0
,7711,,,,,-52.1942138671875,-48.2666015625,-0.8388132202148437,-0.4595967224121094,0.0
,7712,,,,,-47.882080078125,-51.81884765625,-0.8531076416015625,-0.53200107421875,0.0
,7713,,,,,-43.7255859375,-54.96826171875,-0.8167500915527344,-0.5440166748046875,0.0
,7714,,,,,-39.0380859375,-58.3831787109375,-0.7855716796875001,-0.5864856079101562,0.0
,7715,,,,,-32.0526123046875,-62.3291015625,-0.7194858764648437,-0.5849318664550781,0.0
,7716,,,,,-28.326416015625,-65.3594970703125,-0.7152389831542969,-0.6561968078613282,0.0
,7717,,,,,-23.822021484375,-68.0328369140625,-0.650499755859375,-0.6572326354980469,0.0
,7718,,,,,-18.4844970703125,-70.9442138671875,-0.5933220703125001,-0.6943152648925781,0.0
,7719,,,,,-14.1448974609375,-73.1964111328125,-0.5057946350097656,-0.6965940856933593,0.0
,7720,,,,,-10.894775390625,-74.4873046875,-0.48217776489257813,-0.768169775390625,0.0
,7721,,,,,-6.9122314453125,-75.2197265625,-0.3791129150390625,-0.7634049682617188,0.0
,7722,,,,,-2.5177001953125,-75.604248046875,-0.3396478820800781,-0.8364308166503907,0.0
,7723,,,,,1.7578125,-75.860595703125,-0.23399346313476563,-0.827833447265625,0.0
,7724,,,,,4.5867919921875,-75.6317138671875,-0.151645166015625,-0.8451317687988281,0.0
,7725,,,,,5.38330078125,-74.945068359375,-0.06308190307617188,-0.8388132202148437,0.0
,7726,,,,,8.294677734375,-73.7091064453125,-0.003832562255859375,-0.84855,0.0
,7727,,,,,13.0828857421875,-72.271728515625,0.02962467041015625,-0.8555936279296875,0.0
,7728,,,,,16.534423828125,-70.458984375,0.03925786743164063,-0.889154443359375,0.0
,7729,,,,,21.2493896484375,-68.6370849609375,0.06795029296875,-0.8937120849609376,0.0
,7730,,,,,26.7059326171875,-66.6595458984375,0.08918475952148437,-0.9044846923828125,0.0
,7731,,,,,32.55615234375,-64.324951171875,0.1496770935058594,-0.8826287292480469,0.0
,7732,,,,,38.1317138671875,-61.724853515625,0.19587500610351563,-0.8733062805175782,0.0
,7733,,,,,42.864990234375,-59.7381591796875,0.23772244262695313,-0.8428529479980469,0.0
,7734,,,,,47.222900390625,-57.4127197265625,0.28868516235351566,-0.8148856018066406,0.0
,7735,,,,,50.7568359375,-55.1422119140625,0.3508348205566406,-0.7990374389648438,0.0
,7736,,,,,54.7576904296875,-51.85546875,0.39962230224609374,-0.7862967590332032,0.0
,7737,,,,,57.9254150390625,-48.614501953125,0.49471127929687503,-0.7188643798828125,0.0
,7738,,,,,60.4156494140625,-45.2728271484375,0.559346923828125,-0.6718378051757813,0.0
,7739,,,,,62.5946044921875,-41.876220703125,0.5936328186035157,-0.657129052734375,0.0
,7740,,,,,64.874267578125,-37.68310546875,0.652157080078125,-0.6150744506835938,0.0
,7741,,,,,66.6229248046875,-33.7921142578125,0.7172070556640625,-0.5785097351074219,0.0
,7742,,,,,66.2567138671875,-33.0413818359375,0.7885755798339844,-0.5202962219238282,0.0
,7743,,,,,66.7694091796875,-29.8370361328125,0.85020732421875,-0.47295889892578125,0.0
,7744,,,,,68.2159423828125,-24.4903564453125,0.8742385253906251,-0.44250556640625,0.0
,7745,,,,,68.3624267578125,-20.69091796875,0.8780710876464844,-0.42986846923828126,0.0
,7746,,,,,69.122314453125,-15.7745361328125,0.8956801574707032,-0.386985205078125,0.0
,7747,,,,,69.7906494140625,-9.6771240234375,0.9176397033691407,-0.33208634033203127,0.0
,7748,,,,,74.59716796875,4.156494140625,0.9166038757324219,-0.29966493530273436,0.0
,7749,,,,,70.9991455078125,3.7445068359375,0.9167074584960938,-0.269315185546875,0.0
,7750,,,,,71.3287353515625,9.375,0.9051061889648437,-0.23844752197265626,0.0
,7751,,,,,71.044921875,14.886474609375,0.9208507690429688,-0.16604317016601564,0.0
,7752,,,,,70.2392578125,20.5810546875,0.9391849182128906,-0.08183038330078125,0.0
,7753,,,,,69.17724609375,25.634765625,0.9398064147949219,-0.013983673095703126,0.0
,7754,,,,,68.00537109375,29.498291015625,0.9169146240234375,0.030142584228515627,0.0
,7755,,,,,66.61376953125,33.673095703125,0.9047954406738281,0.113526708984375,0.0
,7756,,,,,64.5538330078125,37.8662109375,0.914117889404297,0.19256035766601562,0.0
,7757,,,,,62.3748779296875,41.8121337890625,0.8950586608886719,0.2661041198730469,0.0
,7758,,,,,60.223388671875,44.293212890625,0.8809714050292969,0.3393371337890625,0.0
,7759,,,,,59.124755859375,44.879150390625,0.8714417907714844,0.41433105468750003,0.0
,7760,,,,,56.28662109375,47.3419189453125,0.8500001586914063,0.4656045227050781,0.0
,7761,,,,,52.716064453125,50.4730224609375,0.8383988891601563,0.5133561767578125,0.0
,7762,,,,,49.7406005859375,52.1759033203125,0.8390203857421875,0.5481599853515625,0.0
,7763,,,,,45.3460693359375,55.48095703125,0.7696199340820312,0.541116357421875,0.0
,7764,,,,,39.697265625,59.2437744140625,0.7580186645507813,0.5702231140136719,0.0
,7765,,,,,32.9864501953125,63.3087158203125,0.7380271911621094,0.6208750854492188,0.0
,7766,,,,,30.28564453125,66.632080078125,0.7113028381347657,0.6420059692382812,0.0
,7767,,,,,26.03759765625,69.3878173828125,0.6319584411621094,0.6490495971679687,0.0
,7768,,,,,20.7183837890625,71.9146728515625,0.5696016174316406,0.6524678283691406,0.0
,7769,,,,,16.2322998046875,73.8922119140625,0.4849744995117188,0.6696625671386719,0.0
,7770,,,,,12.5518798828125,75.2105712890625,0.4528638427734375,0.7373021118164063,0.0
,7771,,,,,8.7158203125,76.28173828125,0.3887461120605469,0.7792531311035157,0.0
,7772,,,,,4.9163818359375,76.9775390625,0.3189313293457031,0.8091885498046876,0.0
,7773,,,,,0.54931640625,77.1331787109375,0.22363518676757813,0.8142641052246093,0.0
,7774,,,,,-1.153564453125,76.885986328125,0.15444190063476562,0.8483428344726562,0.0
,7775,,,,,-4.0924072265625,76.1260986328125,0.10037169799804688,0.8837681396484375,0.0
,7776,,,,,-7.2967529296875,75.1190185546875,0.073750927734375,0.9232331726074219,0.0
,7777,,,,,-9.9700927734375,73.150634765625,0.02382403564453125,0.9410494079589844,0.0
,7778,,,,,-15.2252197265625,71.0540771484375,-0.027035101318359376,0.9422924011230469,0.0
,7779,,,,,-20.10498046875,68.865966796875,-0.07426884155273437,0.9297588867187501,0.0
,7780,,,,,-25.5706787109375,66.4581298828125,-0.13248235473632813,0.9096638305664063,0.0
,7781,,,,,-31.7138671875,63.6566162109375,-0.16852915649414063,0.9060384338378906,0.0
,7782,,,,,-37.1612548828125,61.1114501953125,-0.2075798583984375,0.8848039672851563,0.0
,7783,,,,,-41.8853759765625,58.758544921875,-0.2357543701171875,0.8705095458984375,0.0
,7784,,,,,-46.160888671875,56.6802978515625,-0.3045333251953125,0.8273155334472656,0.0
,7785,,,,,-50.885009765625,53.86962890625,-0.38346339111328126,0.7808068725585938,0.0
,7786,,,,,-54.6295166015625,51.1871337890625,-0.45483191528320316,0.7495248779296875,0.0
,7787,,,,,-57.4676513671875,48.468017578125,-0.5075555419921876,0.7192787109375001,0.0
,7788,,,,,-60.1776123046875,45.4376220703125,-0.5845175354003906,0.6443883728027344,0.0
,7789,,,,,-63.153076171875,41.070556640625,-0.6334085998535156,0.6060627502441407,0.0
,7790,,,,,-65.4144287109375,37.3626708984375,-0.68447490234375,0.5756094177246094,0.0
,7791,,,,,-65.972900390625,36.1175537109375,-0.7446564880371094,0.5350049743652344,0.0
,7792,,,,,-67.12646484375,32.666015625,-0.7856752624511719,0.4951256103515625,0.0
,7793,,,,,-68.1793212890625,28.619384765625,-0.8001768493652344,0.4760663818359375,0.0
,7794,,,,,-68.4539794921875,24.993896484375,-0.85683662109375,0.4189922790527344,0.0
,7795,,,,,-69.3328857421875,19.940185546875,-0.8819036499023438,0.3821168151855469,0.0
,7796,,,,,-69.6075439453125,14.556884765625,-0.8981661437988282,0.35974293823242187,0.0
,7797,,,,,-70.330810546875,7.50732421875,-0.9085244201660156,0.3386120544433594,0.0
,7798,,,,,-72.65625,-2.0233154296875,-0.8996163024902344,0.31654892578125,0.0
,7799,,,,,-71.30126953125,-4.35791015625,-0.9197113586425781,0.25916407470703123,0.0
,7800,,,,,-71.59423828125,-10.2630615234375,-0.9314162109375,0.19742874755859374,0.0
,7801,,,,,-71.2921142578125,-16.1865234375,-0.93307353515625,0.1429442138671875,0.0
,7802,,,,,-70.697021484375,-21.38671875,-0.9468500427246094,0.06463564453125001,0.0
,7803,,,,,-69.9462890625,-25.4241943359375,-0.9450891357421876,0.00227882080078125,0.0
,7804,,,,,-69.0032958984375,-30.06591796875,-0.9414637390136719,-0.062356823730468754,0.0
,7805,,,,,-67.5933837890625,-34.0301513671875,-0.9226116760253906,-0.11155863647460938,0.0
,7806,,,,,-65.496826171875,-38.7725830078125,-0.9111139892578125,-0.16935781860351562,0.0
,7807,,,,,-63.28125,-41.9769287109375,-0.9023094543457032,-0.24735563964843751,0.0
,7808,,,,,-62.3931884765625,-42.3431396484375,-0.8547649658203125,-0.31851699829101565,0.0
,7809,,,,,-60.1776123046875,-45.1171875,-0.7932368041992188,-0.3447234375,0.0
,7810,,,,,-57.16552734375,-48.1475830078125,-0.7927188903808594,-0.41246656494140627,0.0
,7811,,,,,-54.4921875,-49.4842529296875,-0.7717951721191406,-0.4509993530273438,0.0
,7812,,,,,-50.7843017578125,-52.44140625,-0.7862967590332032,-0.5172923217773437,0.0
,7813,,,,,-46.270751953125,-55.8563232421875,-0.7390630187988282,-0.5268219360351563,0.0
,7814,,,,,-40.9332275390625,-60.223388671875,-0.73419462890625,-0.5715696899414062,0.0
,7815,,,,,-34.735107421875,-64.1326904296875,-0.7050878723144531,-0.5827566284179687,0.0
,7816,,,,,-31.4300537109375,-67.181396484375,-0.6946260131835937,-0.66127236328125,0.0
,7817,,,,,-27.117919921875,-70.01953125,-0.5985012084960938,-0.6459421142578126,0.0
,7818,,,,,-22.1649169921875,-72.601318359375,-0.5489886474609376,-0.6993908203125,0.0
,7819,,,,,-17.4407958984375,-74.6795654296875,-0.457421484375,-0.7067451965332031,0.0
,7820,,,,,-13.9434814453125,-75.6134033203125,-0.4144346374511719,-0.7567756713867188,0.0
,7821,,,,,-9.7412109375,-76.446533203125,-0.32835736083984374,-0.76734111328125,0.0
,7822,,,,,-4.8980712890625,-76.739501953125,-0.3043261596679688,-0.8357057373046876,0.0
,7823,,,,,-0.311279296875,-76.776123046875,-0.2042652099609375,-0.8304230163574219,0.0
,7824,,,,,2.7557373046875,-75.9613037109375,-0.14656961059570314,-0.8653304077148438,0.0
,7825,,,,,3.9276123046875,-74.8077392578125,-0.09249940795898438,-0.88335380859375,0.0
,7826,,,,,7.9742431640625,-73.53515625,-0.06453206176757813,-0.9079029235839844,0.0
,7827,,,,,12.3321533203125,-71.9146728515625,-0.003832562255859375,-0.9011700439453125,0.0
,7828,,,,,14.7491455078125,-70.367431640625,0.05438095092773438,-0.905727685546875,0.0
,7829,,,,,20.0592041015625,-68.7286376953125,0.09249940795898438,-0.9023094543457032,0.0
,7830,,,,,26.47705078125,-66.265869140625,0.12088108520507813,-0.9080065063476562,0.0
,7831,,,,,32.4462890625,-63.8946533203125,0.14770902099609376,-0.9033452819824219,0.0
,7832,,,,,37.481689453125,-61.6058349609375,0.16977214965820314,-0.8900866882324219,0.0
,7833,,,,,42.6544189453125,-59.197998046875,0.22280652465820314,-0.8371558959960937,0.0
,7834,,,,,48.046875,-56.0943603515625,0.26745069580078124,-0.8201683227539063,0.0
,7835,,,,,52.5054931640625,-53.155517578125,0.31344144287109377,-0.7893006591796875,0.0
,7836,,,,,56.1676025390625,-50.555419921875,0.36057160034179686,-0.7649587097167969,0.0
,7837,,,,,59.1796875,-47.8729248046875,0.4471667907714844,-0.7196930419921875,0.0
,7838,,,,,62.640380859375,-43.9178466796875,0.5125275146484375,-0.6814710021972656,0.0
,7839,,,,,65.2496337890625,-40.1641845703125,0.5708446105957031,-0.6451134521484375,0.0
,7840,,,,,67.0806884765625,-36.43798828125,0.628954541015625,-0.6135207092285156,0.0
,7841,,,,,68.5638427734375,-32.7484130859375,0.6893432922363282,-0.5615221618652344,0.0
,7842,,,,,68.6920166015625,-31.4117431640625,0.7624727233886719,-0.5072447937011719,0.0
,7843,,,,,69.61669921875,-27.227783203125,0.7830856933593751,-0.47927744750976564,0.0
,7844,,,,,70.2850341796875,-22.4945068359375,0.8003840148925782,-0.4664331848144531,0.0
,7845,,,,,69.54345703125,-19.4091796875,0.8221363952636719,-0.4261394897460938,0.0
,7846,,,,,70.257568359375,-14.02587890625,0.8511395690917969,-0.38014874267578125,0.0
,7847,,,,,71.15478515625,-7.03125,0.8688522216796876,-0.3547709655761719,0.0
,7848,,,,,73.7823486328125,2.89306640625,0.8921583435058594,-0.31561668090820316,0.0
,7849,,,,,72.5372314453125,5.3009033203125,0.9004449645996094,-0.26548262329101563,0.0
,7850,,,,,73.13232421875,11.0504150390625,0.8740313598632813,-0.23399346313476563,0.0
,7851,,,,,72.83935546875,17.32177734375,0.8798319946289063,-0.1636607666015625,0.0
,7852,,,,,72.3907470703125,22.5677490234375,0.8878078674316406,-0.08783818359375001,0.0
,7853,,,,,71.96044921875,26.8890380859375,0.8914332641601562,-0.0062149658203125005,0.0
,7854,,,,,70.9259033203125,30.57861328125,0.8952658264160156,0.0642213134765625,0.0
,7855,,,,,69.2138671875,35.064697265625,0.8774495910644532,0.159931787109375,0.0
,7856,,,,,67.364501953125,39.0289306640625,0.8699916320800781,0.22280652465820314,0.0
,7857,,,,,66.2384033203125,40.191650390625,0.859322607421875,0.2859920104980469,0.0
,7858,,,,,63.9678955078125,42.5628662109375,0.8774495910644532,0.3673044799804688,0.0
,7859,,,,,61.56005859375,45.281982421875,0.8714417907714844,0.43390819702148437,0.0
,7860,,,,,59.0423583984375,46.893310546875,0.8598405212402344,0.4800025268554688,0.0
,7861,,,,,55.6549072265625,49.5025634765625,0.8243116333007813,0.5039301452636719,0.0
,7862,,,,,51.81884765625,52.5238037109375,0.8237937194824219,0.54525966796875,0.0
,7863,,,,,46.4630126953125,56.8634033203125,0.7775958068847656,0.5615221618652344,0.0
,7864,,,,,41.49169921875,60.552978515625,0.7585365783691407,0.5914575805664063,0.0
,7865,,,,,32.7117919921875,63.812255859375,0.6944188476562501,0.6279187133789063,0.0
,7866,,,,,32.6934814453125,66.7877197265625,0.6551609802246094,0.6557824768066406,0.0
,7867,,,,,27.484130859375,69.4061279296875,0.5689801208496094,0.6519499145507812,0.0
,7868,,,,,22.6959228515625,71.74072265625,0.5316903259277344,0.6569218872070313,0.0
,7869,,,,,18.914794921875,73.2330322265625,0.46477586059570314,0.6992872375488282,0.0
,7870,,,,,14.31884765625,74.45068359375,0.4455094665527344,0.7688948547363281,0.0
,7871,,,,,9.2193603515625,75.1007080078125,0.4025226196289063,0.8250367126464844,0.0
,7872,,,,,4.2572021484375,75.1373291015625,0.35352797241210937,0.8687486389160156,0.0
,7873,,,,,0.69580078125,74.5147705078125,0.27086892700195314,0.8912260986328125,0.0
,7874,,,,,-1.3275146484375,73.8555908203125,0.2109980895996094,0.9310018798828126,0.0
,7875,,,,,-5.3924560546875,73.1781005859375,0.1604497009277344,0.9546187500000001,0.0
,7876,,,,,-8.587646484375,71.9879150390625,0.09716063232421876,0.9646662780761719,0.0
,7877,,,,,-10.4827880859375,69.9462890625,0.040086529541015624,0.9586584777832031,0.0
,7878,,,,,-14.8040771484375,68.7286376953125,0.006318548583984375,0.9548259155273437,0.0
,7879,,,,,-20.489501953125,66.668701171875,-0.039154284667968754,0.9444676391601563,0.0
,7880,,,,,-26.8524169921875,64.215087890625,-0.09249940795898438,0.9237510864257813,0.0
,7881,,,,,-32.1075439453125,62.493896484375,-0.13206802368164064,0.9108032409667969,0.0
,7882,,,,,-37.4267578125,60.2783203125,-0.19131736450195314,0.8769316772460938,0.0
,7883,,,,,-43.4234619140625,57.09228515625,-0.23937976684570314,0.8636730834960937,0.0
,7884,,,,,-48.5504150390625,53.9886474609375,-0.30525840454101566,0.8220328125,0.0
,7885,,,,,-52.69775390625,51.251220703125,-0.3395442993164063,0.8032843322753906,0.0
,7886,,,,,-56.0028076171875,48.5321044921875,-0.3846028015136719,0.7731417480468751,0.0
,7887,,,,,-59.47265625,44.879150390625,-0.45897522583007816,0.7185536315917969,0.0
,7888,,,,,-62.4298095703125,41.4825439453125,-0.5308616638183594,0.6733915466308594,0.0
,7889,,,,,-64.654541015625,38.0584716796875,-0.5938399841308594,0.6430417968750001,0.0
,7890,,,,,-66.3299560546875,34.5245361328125,-0.6593042907714844,0.5928041564941406,0.0
,7891,,,,,-67.12646484375,32.8765869140625,-0.720210955810547,0.5404948608398438,0.0
,7892,,,,,-68.499755859375,28.82080078125,-0.7639228820800782,0.49263962402343753,0.0
,7893,,,,,-69.2413330078125,25.323486328125,-0.7992446044921875,0.45358892211914065,0.0
,7894,,,,,-68.88427734375,23.6297607421875,-0.8298015197753906,0.41329522705078126,0.0
,7895,,,,,-69.68994140625,19.207763671875,-0.8329090026855469,0.3821168151855469,0.0
,7896,,,,,-70.3216552734375,12.9638671875,-0.8672984802246094,0.34006221313476565,0.0
,7897,,,,,-71.30126953125,6.4453125,-0.8886365295410157,0.31313069458007814,0.0
,7898,,,,,-73.9013671875,-2.6641845703125,-0.920643603515625,0.25709241943359373,0.0
,7899,,,,,-72.18017578125,-4.669189453125,-0.9310018798828126,0.19991473388671877,0.0
,7900,,,,,-72.4365234375,-10.9954833984375,-0.9261334899902344,0.15475264892578125,0.0
,7901,,,,,-72.5372314453125,-16.3604736328125,-0.9247869140625,0.10782965698242188,0.0
,7902,,,,,-72.418212890625,-21.002197265625,-0.9086280029296875,0.043919091796875004,0.0
,7903,,,,,-71.9329833984375,-25.1953125,-0.9045882751464844,-0.01139410400390625,0.0
,7904,,,,,-71.026611328125,-29.022216796875,-0.9184683654785156,-0.09011700439453126,0.0
,7905,,,,,-69.17724609375,-33.270263671875,-0.9150501342773438,-0.1359005859375,0.0
,7906,,,,,-67.181396484375,-37.17041015625,-0.9150501342773438,-0.23047164916992188,0.0
,7907,,,,,-65.1580810546875,-39.715576171875,-0.889154443359375,-0.3043261596679688,0.0
,7908,,,,,-64.251708984375,-40.228271484375,-0.8826287292480469,-0.37289794921875,0.0
,7909,,,,,-61.4044189453125,-43.0938720703125,-0.8549721313476563,-0.4057336853027344,0.0
,7910,,,,,-58.2275390625,-45.8587646484375,-0.8207898193359375,-0.44416289062500003,0.0
,7911,,,,,-55.682373046875,-46.9024658203125,-0.7887827453613282,-0.4704729125976563,0.0
,7912,,,,,-51.617431640625,-50.4547119140625,-0.8288692749023437,-0.5574824340820312,0.0
,7913,,,,,-47.0672607421875,-54.107666015625,-0.7786316345214844,-0.5438095092773437,0.0
,7914,,,,,-41.473388671875,-58.48388671875,-0.7840179382324219,-0.6095845642089844,0.0
,7915,,,,,-33.6181640625,-62.40234375,-0.7505607055664063,-0.6267793029785157,0.0
,7916,,,,,-31.6314697265625,-65.4510498046875,-0.7037412963867188,-0.6716306396484375,0.0
,7917,,,,,-26.898193359375,-68.3990478515625,-0.6307154479980469,-0.6711127258300782,0.0
,7918,,,,,-21.7803955078125,-70.8343505859375,-0.6265721374511719,-0.7426884155273438,0.0
,7919,,,,,-16.973876953125,-72.69287109375,-0.53863037109375,-0.7511822021484376,0.0
,7920,,,,,-13.1011962890625,-73.7823486328125,-0.4960578552246094,-0.8085670532226563,0.0
,7921,,,,,-8.6334228515625,-74.249267578125,-0.421789013671875,-0.821307733154297,0.0
,7922,,,,,-3.7353515625,-74.322509765625,-0.38304906005859374,-0.8895687744140626,0.0
,7923,,,,,1.1077880859375,-74.3499755859375,-0.2785340515136719,-0.8813857360839844,0.0
,7924,,,,,4.5867919921875,-73.7640380859375,-0.241140673828125,-0.9311054626464844,0.0
,7925,,,,,5.9417724609375,-73.27880859375,-0.14201196899414062,-0.9155680480957031,0.0
,7926,,,,,10.07080078125,-72.7935791015625,-0.06763954467773438,-0.9158787963867188,0.0
,7927,,,,,14.1632080078125,-71.7864990234375,-0.00932244873046875,-0.9121498168945312,0.0
,7928,,,,,16.44287109375,-69.8455810546875,0.03283573608398438,-0.9319341247558593,0.0
,7929,,,,,21.6796875,-67.6849365234375,0.07654766235351562,-0.9319341247558593,0.0
,7930,,,,,27.6580810546875,-64.910888671875,0.09892153930664063,-0.9331771179199219,0.0
,7931,,,,,33.8287353515625,-62.017822265625,0.11373387451171875,-0.9359738525390625,0.0
,7932,,,,,39.2303466796875,-59.5916748046875,0.14263346557617188,-0.9328663696289062,0.0
,7933,,,,,44.2474365234375,-57.275390625,0.18966004028320313,-0.901584375,0.0
,7934,,,,,49.6856689453125,-53.778076171875,0.2539849365234375,-0.8489643310546875,0.0
,7935,,,,,54.2724609375,-50.6103515625,0.3228674743652344,-0.8116745361328125,0.0
,7936,,,,,57.806396484375,-47.955322265625,0.3631611694335938,-0.7860895935058594,0.0
,7937,,,,,60.736083984375,-45.3369140625,0.41236298217773437,-0.7463138122558594,0.0
,7938,,,,,63.8580322265625,-42.4346923828125,0.47223381958007815,-0.7034305480957032,0.0
,7939,,,,,66.76025390625,-38.5894775390625,0.5312759948730469,-0.6609616149902344,0.0
,7940,,,,,69.1680908203125,-34.9639892578125,0.6095845642089844,-0.6130027954101562,0.0
,7941,,,,,70.3948974609375,-31.97021484375,0.6851999816894532,-0.5623508239746093,0.0
,7942,,,,,70.2392578125,-30.5877685546875,0.7266330871582032,-0.5242323669433594,0.0
,7943,,,,,70.660400390625,-27.191162109375,0.7604010681152344,-0.48424942016601563,0.0
,7944,,,,,71.2188720703125,-23.0712890625,0.8011090942382812,-0.438362255859375,0.0
,7945,,,,,70.9716796875,-19.73876953125,0.8312516784667969,-0.3945467468261719,0.0
,7946,,,,,71.722412109375,-14.044189453125,0.8579760314941407,-0.36357550048828124,0.0
,7947,,,,,72.3175048828125,-8.0291748046875,0.8912260986328125,-0.32462838134765626,0.0
,7948,,,,,75.9429931640625,3.863525390625,0.9094566650390625,-0.2910675659179688,0.0
,7949,,,,,73.1689453125,4.6600341796875,0.9034488647460938,-0.25636734008789064,0.0
,7950,,,,,73.553466796875,9.8052978515625,0.9131856445312501,-0.21079092407226563,0.0
,7951,,,,,73.7457275390625,15.0238037109375,0.9225080932617188,-0.12782113037109374,0.0
,7952,,,,,73.6083984375,20.599365234375,0.9056241027832032,-0.06536072387695313,0.0
,7953,,,,,72.91259765625,25.2593994140625,0.922404510498047,0.035321722412109374,0.0
,7954,,,,,71.9970703125,28.82080078125,0.9475751220703126,0.12139899902343751,0.0
,7955,,,,,70.6695556640625,32.8216552734375,0.9267549865722656,0.18209849853515625,0.0
,7956,,,,,68.6920166015625,35.7147216796875,0.9110104064941407,0.23223255615234376,0.0
,7957,,,,,66.4581298828125,38.2781982421875,0.9242690002441406,0.32266030883789065,0.0
,7958,,,,,63.4185791015625,41.326904296875,0.9304839660644532,0.4064587646484375,0.0
,7959,,,,,61.34033203125,42.5445556640625,0.9064527648925782,0.46301495361328127,0.0
,7960,,,,,58.33740234375,44.34814453125,0.914014306640625,0.5185353149414063,0.0
,7961,,,,,53.924560546875,48.5504150390625,0.9076957580566406,0.567633544921875,0.0
,7962,,,,,49.8504638671875,51.1505126953125,0.8862541259765625,0.5896966735839844,0.0
,7963,,,,,45.281982421875,54.16259765625,0.8125031982421875,0.5700159484863282,0.0
,7964,,,,,40.61279296875,57.75146484375,0.7951012939453125,0.6070985778808594,0.0
,7965,,,,,30.65185546875,61.944580078125,0.7404095947265625,0.6315441101074218,0.0
,7966,,,,,30.28564453125,65.5609130859375,0.6949367614746094,0.6535036560058594,0.0
,7967,,,,,26.25732421875,68.3807373046875,0.6134171264648438,0.6539179870605469,0.0
,7968,,,,,20.80078125,71.1181640625,0.5861748596191406,0.6653120910644531,0.0
,7969,,,,,16.00341796875,72.802734375,0.5367658813476562,0.7232148559570313,0.0
,7970,,,,,11.846923828125,73.773193359375,0.5018584899902344,0.7908544006347656,0.0
,7971,,,,,7.7545166015625,74.37744140625,0.4344261108398438,0.8120888671875001,0.0
,7972,,,,,2.5726318359375,74.761962890625,0.3779735046386719,0.8532112243652344,0.0
,7973,,,,,-1.885986328125,75.03662109375,0.26579337158203126,0.8357057373046876,0.0
,7974,,,,,-4.6234130859375,75.2105712890625,0.21565931396484375,0.8619121765136719,0.0
,7975,,,,,-8.4503173828125,74.12109375,0.17184380493164064,0.9045882751464844,0.0
,7976,,,,,-11.5814208984375,72.6470947265625,0.09995736694335938,0.9249940795898438,0.0
,7977,,,,,-14.6575927734375,71.3104248046875,0.02817451171875,0.918986279296875,0.0
,7978,,,,,-18.310546875,69.7174072265625,0.0045576416015625,0.9426031494140625,0.0
,7979,,,,,-22.3114013671875,67.327880859375,-0.020405804443359377,0.9435353942871094,0.0
,7980,,,,,-28.67431640625,64.6636962890625,-0.06867537231445313,0.91650029296875,0.0
,7981,,,,,-34.7900390625,62.237548828125,-0.11497686767578125,0.9017915405273438,0.0
,7982,,,,,-39.7705078125,60.0494384765625,-0.17868026733398437,0.8651232421875,0.0
,7983,,,,,-45.0439453125,57.5042724609375,-0.22518892822265626,0.8324946716308594,0.0
,7984,,,,,-50.335693359375,54.6112060546875,-0.2876493347167969,0.7865039245605469,0.0
,7985,,,,,-55.0140380859375,51.708984375,-0.32131373291015625,0.7642336303710938,0.0
,7986,,,,,-58.0352783203125,49.69482421875,-0.3725872009277344,0.7418597534179687,0.0
,7987,,,,,-61.2579345703125,47.20458984375,-0.4573179016113281,0.6882038818359375,0.0
,7988,,,,,-64.031982421875,44.56787109375,-0.5221607116699218,0.6642762634277344,0.0
,7989,,,,,-66.9708251953125,40.5120849609375,-0.5492993957519532,0.6601329528808594,0.0
,7990,,,,,-69.0216064453125,36.7950439453125,-0.6245004821777344,0.5934256530761719,0.0
,7991,,,,,-68.95751953125,35.943603515625,-0.7140995727539062,0.5222642944335938,0.0
,7992,,,,,-69.7174072265625,33.06884765625,-0.7733489135742188,0.4622898742675781,0.0
,7993,,,,,-70.7427978515625,28.7567138671875,-0.7895078247070313,0.4471667907714844,0.0
,7994,,,,,-70.477294921875,25.30517578125,-0.8219292297363282,0.4144346374511719,0.0
,7995,,,,,-71.0540771484375,20.7000732421875,-0.8733062805175782,0.371240625,0.0
,7996,,,,,-71.81396484375,15.2252197265625,-0.8847003845214844,0.3417195373535156,0.0
,7997,,,,,-72.69287109375,9.4757080078125,-0.9092494995117187,0.2994577697753906,0.0
,7998,,,,,-76.7669677734375,-3.8726806640625,-0.9258227416992187,0.2640324645996094,0.0
,7999,,,,,-73.406982421875,-3.5980224609375,-0.9354559387207032,0.2249817626953125,0.0
,8000,,,,,-73.297119140625,-8.4686279296875,-0.9517184326171876,0.17236171875,0.0
,8001,,,,,-73.0224609375,-13.2293701171875,-0.9489216979980469,0.11342312622070314,0.0
,8002,,,,,-72.32666015625,-18.804931640625,-0.9606265502929687,0.03376798095703125,0.0
,8003,,,,,-71.4019775390625,-23.6572265625,-0.9587620605468751,-0.03697904663085937,0.0
,8004,,,,,-70.3857421875,-27.5665283203125,-0.93970283203125,-0.09560689086914063,0.0
,8005,,,,,-68.609619140625,-31.256103515625,-0.9276872314453125,-0.139215234375,0.0
,8006,,,,,-66.1468505859375,-35.6414794921875,-0.9300696350097657,-0.20374729614257814,0.0
,8007,,,,,-63.885498046875,-39.1387939453125,-0.9210579345703125,-0.2898245727539063,0.0
,8008,,,,,-63.1622314453125,-39.5233154296875,-0.8982697265625,-0.36285042114257815,0.0
,8009,,,,,-60.9100341796875,-42.279052734375,-0.8654339904785157,-0.4033512817382813,0.0
,8010,,,,,-57.7239990234375,-45.758056640625,-0.86015126953125,-0.4664331848144531,0.0
,8011,,,,,-54.620361328125,-46.966552734375,-0.812917529296875,-0.48549241333007814,0.0
,8012,,,,,-50.665283203125,-50.152587890625,-0.8133318603515626,-0.5355228881835937,0.0
,8013,,,,,-46.087646484375,-54.107666015625,-0.8041129943847657,-0.5558251098632813,0.0
,8014,,,,,-40.31982421875,-58.30078125,-0.8065989807128906,-0.6077200744628907,0.0
,8015,,,,,-33.5540771484375,-62.2650146484375,-0.7587437438964844,-0.6017122741699219,0.0
,8016,,,,,-29.91943359375,-65.22216796875,-0.7400988464355469,-0.6576469665527344,0.0
,8017,,,,,-24.884033203125,-68.408203125,-0.6817817504882813,-0.6616866943359375,0.0
,8018,,,,,-19.6014404296875,-71.5667724609375,-0.6367232482910157,-0.7014624755859376,0.0
,8019,,,,,-14.5660400390625,-73.7091064453125,-0.5335548156738281,-0.6957654235839844,0.0
,8020,,,,,-10.7025146484375,-74.578857421875,-0.49201812744140627,-0.7445529052734375,0.0
,8021,,,,,-6.1981201171875,-75.3936767578125,-0.3829454772949219,-0.7405131774902344,0.0
,8022,,,,,-1.2908935546875,-75.9429931640625,-0.35021332397460936,-0.8083598876953125,0.0
,8023,,,,,3.47900390625,-76.409912109375,-0.2681757751464844,-0.81374619140625,0.0
,8024,,,,,6.8939208984375,-76.20849609375,-0.23306121826171874,-0.8753779357910156,0.0
,8025,,,,,8.3221435546875,-75.2197265625,-0.13455401000976563,-0.8663662353515625,0.0
,8026,,,,,12.2406005859375,-74.1302490234375,-0.05603827514648438,-0.8770352600097656,0.0
,8027,,,,,16.0675048828125,-72.8668212890625,-0.0078722900390625,-0.8786925842285157,0.0
,8028,,,,,18.2647705078125,-70.8160400390625,0.013465759277343751,-0.9146358032226563,0.0
,8029,,,,,23.1353759765625,-68.9666748046875,0.0633926513671875,-0.8988912231445313,0.0
,8030,,,,,29.1229248046875,-66.32080078125,0.10741532592773438,-0.8823179809570313,0.0
,8031,,,,,35.3485107421875,-63.61083984375,0.12626738891601563,-0.8785890014648438,0.0
,8032,,,,,40.68603515625,-61.1572265625,0.18385940551757812,-0.8603584350585938,0.0
,8033,,,,,45.4376220703125,-58.8134765625,0.20934076538085938,-0.8523825622558594,0.0
,8034,,,,,49.8504638671875,-56.7535400390625,0.2745979064941406,-0.8042165771484375,0.0
,8035,,,,,54.4097900390625,-53.6407470703125,0.3439983581542969,-0.7773886413574219,0.0
,8036,,,,,58.3099365234375,-50.555419921875,0.37434810791015627,-0.7732453308105469,0.0
,8037,,,,,60.992431640625,-48.1475830078125,0.44395572509765624,-0.716792724609375,0.0
,8038,,,,,63.5101318359375,-45.1812744140625,0.5417378540039063,-0.6609616149902344,0.0
,8039,,,,,66.02783203125,-41.2353515625,0.5997442016601563,-0.6295760375976562,0.0
,8040,,,,,67.27294921875,-39.00146484375,0.6638619323730469,-0.5798563110351562,0.0
,8041,,,,,68.1243896484375,-36.3555908203125,0.7071595275878907,-0.5478492370605469,0.0
,8042,,,,,68.499755859375,-33.6639404296875,0.7561541748046875,-0.5057946350097656,0.0
,8043,,,,,68.426513671875,-30.1483154296875,0.8201683227539063,-0.4479954528808594,0.0
,8044,,,,,69.1131591796875,-25.0762939453125,0.8584939453125,-0.420131689453125,0.0
,8045,,,,,68.865966796875,-20.9381103515625,0.8780710876464844,-0.3800451599121094,0.0
,8046,,,,,69.378662109375,-15.380859375,0.8894651916503906,-0.3542530517578125,0.0
,8047,,,,,69.90966796875,-9.228515625,0.9166038757324219,-0.31344144287109377,0.0
,8048,,,,,74.2034912109375,3.863525390625,0.9283087280273438,-0.2772910583496094,0.0
,8049,,,,,70.9075927734375,3.4881591796875,0.9200221069335938,-0.22829641113281252,0.0
,8050,,,,,70.9625244140625,7.9925537109375,0.9371132629394532,-0.16997931518554688,0.0
,8051,,,,,70.8526611328125,12.615966796875,0.9504754394531251,-0.10368634643554688,0.0
,8052,,,,,70.27587890625,17.669677734375,0.9419816528320313,-0.04619791259765625,0.0
,8053,,,,,69.6624755859375,22.3663330078125,0.9157752136230469,0.0074579589843750006,0.0
,8054,,,,,69.2596435546875,26.40380859375,0.9009628784179687,0.06121741333007813,0.0
,8055,,,,,67.8955078125,30.6610107421875,0.9128748962402344,0.14273704833984374,0.0
,8056,,,,,65.496826171875,34.8907470703125,0.9329699523925782,0.22197786254882812,0.0
,8057,,,,,63.1439208984375,38.85498046875,0.9048990234375001,0.28329885864257814,0.0
,8058,,,,,60.772705078125,41.63818359375,0.8956801574707032,0.34824525146484375,0.0
,8059,,,,,59.4635009765625,42.7642822265625,0.8921583435058594,0.40614801635742187,0.0
,8060,,,,,56.06689453125,45.6756591796875,0.8755851013183594,0.4406410766601563,0.0
,8061,,,,,52.3681640625,48.8983154296875,0.8387096374511719,0.47616996459960936,0.0
,8062,,,,,49.530029296875,50.4547119140625,0.8248295471191407,0.5111809387207031,0.0
,8063,,,,,44.9066162109375,54.19921875,0.7870218383789063,0.5229893737792969,0.0
,8064,,,,,39.2669677734375,57.769775390625,0.7968622009277344,0.5778882385253906,0.0
,8065,,,,,31.5673828125,61.6790771484375,0.7526323608398438,0.6079272399902343,0.0
,8066,,,,,29.1229248046875,65.5242919921875,0.7042592102050782,0.623982568359375,0.0
,8067,,,,,24.4537353515625,68.5272216796875,0.6453206176757813,0.6353766723632813,0.0
,8068,,,,,18.878173828125,71.429443359375,0.6267793029785157,0.6728736328125,0.0
,8069,,,,,14.0350341796875,73.2696533203125,0.5403912780761719,0.6959725891113282,0.0
,8070,,,,,9.979248046875,74.2767333984375,0.47202665405273436,0.7510786193847656,0.0
,8071,,,,,6.1798095703125,75.384521484375,0.4158847961425781,0.7801853759765626,0.0
,8072,,,,,1.2359619140625,75.7965087890625,0.362125341796875,0.8109494567871094,0.0
,8073,,,,,-3.2135009765625,75.4302978515625,0.28340244140625,0.8347734924316407,0.0
,8074,,,,,-4.8614501953125,74.725341796875,0.1985681579589844,0.8637766662597657,0.0
,8075,,,,,-7.7728271484375,74.08447265625,0.13486475830078126,0.8953694091796875,0.0
,8076,,,,,-11.0321044921875,73.2513427734375,0.08524861450195313,0.9177432861328125,0.0
,8077,,,,,-13.18359375,71.502685546875,0.04195101928710938,0.923958251953125,0.0
,8078,,,,,-17.156982421875,69.9920654296875,-0.02175238037109375,0.9130820617675781,0.0
,8079,,,,,-22.393798828125,68.023681640625,-0.08545578002929688,0.8926762573242187,0.0
,8080,,,,,-28.3721923828125,65.6982421875,-0.1155983642578125,0.8818000671386719,0.0
,8081,,,,,-33.984375,63.6383056640625,-0.14325496215820313,0.8719597045898437,0.0
,8082,,,,,-38.8641357421875,61.7706298828125,-0.21576289672851562,0.82700478515625,0.0
,8083,,,,,-43.9727783203125,59.5001220703125,-0.26589695434570315,0.8045273254394532,0.0
,8084,,,,,-48.193359375,57.3211669921875,-0.324835546875,0.7802889587402344,0.0
,8085,,,,,-52.862548828125,54.3548583984375,-0.37393377685546875,0.7568792541503907,0.0
,8086,,,,,-56.6162109375,51.7730712890625,-0.4293505554199219,0.7451744018554688,0.0
,8087,,,,,-59.3719482421875,49.072265625,-0.47958819580078127,0.7155497314453125,0.0
,8088,,,,,-61.8072509765625,45.867919921875,-0.5707410278320313,0.6535036560058594,0.0
,8089,,,,,-64.4439697265625,41.78466796875,-0.6383805725097657,0.6075129089355469,0.0
,8090,,,,,-66.119384765625,38.4246826171875,-0.7048807067871093,0.5584146789550781,0.0
,8091,,,,,-66.1102294921875,37.46337890625,-0.7643372131347657,0.5256825256347657,0.0
,8092,,,,,-66.9342041015625,34.1033935546875,-0.8051488220214844,0.5015477416992188,0.0
,8093,,,,,-67.5018310546875,30.6976318359375,-0.8167500915527344,0.4860103271484375,0.0
,8094,,,,,-67.3004150390625,26.98974609375,-0.8639838317871094,0.43815509033203126,0.0
,8095,,,,,-68.133544921875,21.3592529296875,-0.8982697265625,0.3879174499511719,0.0
,8096,,,,,-68.829345703125,15.8477783203125,-0.8909153503417969,0.37476243896484374,0.0
,8097,,,,,-69.76318359375,9.70458984375,-0.902413037109375,0.345552099609375,0.0
,8098,,,,,-74.4781494140625,-3.790283203125,-0.9295517211914063,0.2807092895507813,0.0
,8099,,,,,-71.4752197265625,-3.47900390625,-0.9390813354492188,0.24414457397460937,0.0
,8100,,,,,-71.77734375,-8.258056640625,-0.937216845703125,0.2059225341796875,0.0
,8101,,,,,-71.6766357421875,-12.9364013671875,-0.9216794311523437,0.15019500732421875,0.0
,8102,,,,,-71.2554931640625,-18.78662109375,-0.937216845703125,0.09125641479492187,0.0
,8103,,,,,-70.5230712890625,-23.69384765625,-0.9576226501464844,0.013776507568359376,0.0
,8104,,,,,-69.4427490234375,-27.9876708984375,-0.9556545776367188,-0.06908970336914062,0.0
,8105,,,,,-68.0511474609375,-32.26318359375,-0.9379419250488281,-0.11321596069335937,0.0
,8106,,,,,-65.350341796875,-37.2161865234375,-0.9466428771972657,-0.17588353271484375,0.0
,8107,,,,,-62.841796875,-41.217041015625,-0.9271693176269532,-0.22622475585937502,0.0
,8108,,,,,-61.4410400390625,-42.1875,-0.9128748962402344,-0.30919454956054687,0.0
,8109,,,,,-58.5479736328125,-44.86083984375,-0.8883257812500001,-0.3745552734375,0.0
,8110,,,,,-55.2520751953125,-47.4700927734375,-0.8774495910644532,-0.4538996704101563,0.0
,8111,,,,,-52.3956298828125,-48.5137939453125,-0.8279370300292969,-0.4746162231445313,0.0
,8112,,,,,-48.614501953125,-51.214599609375,-0.8281441955566406,-0.5366622985839844,0.0
,8113,,,,,-43.9910888671875,-54.5745849609375,-0.804630908203125,-0.5498173095703125,0.0
,8114,,,,,-46.3714599609375,-58.6944580078125,-0.7845358520507812,-0.575920166015625,0.0
,8115,,,,,-28.857421875,-62.713623046875,-0.7345053771972656,-0.5731234313964844,0.0
,8116,,,,,-29.5166015625,-66.0369873046875,-0.7356447875976563,-0.6461492797851562,0.0
,8117,,,,,-24.7650146484375,-69.2413330078125,-0.6444919555664063,-0.6393128173828125,0.0
,8118,,,,,-19.7296142578125,-72.5189208984375,-0.5881429321289062,-0.6769133605957032,0.0
,8119,,,,,-14.8773193359375,-74.7711181640625,-0.4952291931152344,-0.6841641540527343,0.0
,8120,,,,,-10.968017578125,-75.7598876953125,-0.4595967224121094,-0.7571900024414063,0.0
,8121,,,,,-6.6558837890625,-76.46484375,-0.37693767700195313,-0.7687912719726563,0.0
,8122,,,,,-2.1240234375,-76.6204833984375,-0.32763228149414064,-0.8338412475585938,0.0
,8123,,,,,2.069091796875,-76.6387939453125,-0.22394593505859375,-0.8315624267578126,0.0
,8124,,,,,4.9896240234375,-76.3275146484375,-0.1603461181640625,-0.8549721313476563,0.0
,8125,,,,,5.6671142578125,-75.7049560546875,-0.0948818115234375,-0.859322607421875,0.0
,8126,,,,,8.294677734375,-74.6795654296875,-0.025377777099609377,-0.8661590698242188,0.0
,8127,,,,,13.2293701171875,-73.3154296875,0.01823056640625,-0.8688522216796876,0.0
,8128,,,,,16.6168212890625,-71.6033935546875,0.03138557739257813,-0.8946443298339845,0.0
,8129,,,,,21.38671875,-69.6807861328125,0.07675482788085938,-0.8895687744140626,0.0
,8130,,,,,27.008056640625,-67.1173095703125,0.12191691284179688,-0.8831466430664062,0.0
,8131,,,,,33.1787109375,-64.1143798828125,0.14180480346679689,-0.8814893188476562,0.0
,8132,,,,,38.818359375,-61.688232421875,0.18458448486328125,-0.8715453735351563,0.0
,8133,,,,,43.4417724609375,-59.9761962890625,0.2528455261230469,-0.8292836059570313,0.0
,8134,,,,,47.9827880859375,-57.97119140625,0.3078479736328125,-0.7981051940917969,0.0
,8135,,,,,51.3427734375,-56.0302734375,0.34917749633789064,-0.7800817932128906,0.0
,8136,,,,,55.2978515625,-52.862548828125,0.4053193542480469,-0.7717951721191406,0.0
,8137,,,,,58.538818359375,-49.566650390625,0.4872533203125,-0.7413418395996094,0.0
,8138,,,,,61.0565185546875,-46.1700439453125,0.5511638854980468,-0.6939009338378906,0.0
,8139,,,,,63.189697265625,-42.6910400390625,0.6201500061035157,-0.6593042907714844,0.0
,8140,,,,,65.570068359375,-37.9486083984375,0.6970084167480469,-0.6104132263183594,0.0
,8141,,,,,67.3095703125,-33.7554931640625,0.7535646057128906,-0.5587254272460938,0.0
,8142,,,,,67.108154296875,-32.537841796875,0.7815319519042969,-0.5291007568359375,0.0
,8143,,,,,67.657470703125,-29.6173095703125,0.8179930847167969,-0.4911894653320313,0.0
,8144,,,,,68.73779296875,-24.8382568359375,0.8675056457519531,-0.4450951354980469,0.0
,8145,,,,,68.95751953125,-20.5718994140625,0.885839794921875,-0.4116379028320313,0.0
,8146,,,,,69.98291015625,-15.2252197265625,0.8944371643066407,-0.3734158630371094,0.0
,8147,,,,,70.5780029296875,-9.6221923828125,0.9129784790039063,-0.3419267028808594,0.0
,8148,,,,,67.8131103515625,-9.6221923828125,0.9283087280273438,-0.31603101196289063,0.0
,8149,,,,,74.0386962890625,7.177734375,0.9169146240234375,-0.27532298583984377,0.0
,8150,,,,,72.0245361328125,9.375,0.9105960754394532,-0.2357543701171875,0.0
,8151,,,,,71.6766357421875,14.75830078125,0.9325556213378906,-0.16076044921875002,0.0
,8152,,,,,71.2005615234375,19.95849609375,0.9642519470214844,-0.0708506103515625,0.0
,8153,,,,,69.9005126953125,25.5706787109375,0.9629053710937501,-0.0045576416015625,0.0
,8154,,,,,68.4906005859375,30.4046630859375,0.9266514038085938,0.026827935791015625,0.0
,8155,,,,,67.1630859375,34.1400146484375,0.9055205200195313,0.10565441894531251,0.0
,8156,,,,,65.5792236328125,37.79296875,0.9084208374023438,0.19048870239257812,0.0
,8157,,,,,63.189697265625,42.1417236328125,0.8809714050292969,0.25854257812500003,0.0
,8158,,,,,60.6170654296875,45.208740234375,0.8873935363769532,0.32628570556640624,0.0
,8159,,,,,59.6832275390625,45.7855224609375,0.8812821533203126,0.38719237060546874,0.0
,8160,,,,,57.110595703125,47.8271484375,0.8768280944824219,0.45980388793945315,0.0
,8161,,,,,53.2745361328125,51.031494140625,0.8224471435546875,0.48839273071289063,0.0
,8162,,,,,49.8046875,53.3294677734375,0.8059774841308593,0.5200890563964844,0.0
,8163,,,,,45.6207275390625,56.4697265625,0.7710700927734375,0.5479528198242187,0.0
,8164,,,,,40.7501220703125,59.9853515625,0.7680661926269532,0.6002621154785156,0.0
,8165,,,,,32.04345703125,64.068603515625,0.7313978942871094,0.6270900512695313,0.0
,8166,,,,,30.084228515625,67.1905517578125,0.6988729064941407,0.6432489624023437,0.0
,8167,,,,,25.872802734375,69.561767578125,0.5993298706054687,0.6365160827636719,0.0
,8168,,,,,21.42333984375,71.905517578125,0.5562394409179687,0.6445955383300781,0.0
,8169,,,,,16.827392578125,73.9471435546875,0.48580316162109377,0.6689374877929688,0.0
,8170,,,,,12.3138427734375,75.62255859375,0.4429198974609375,0.7355412048339844,0.0
,8171,,,,,8.843994140625,76.995849609375,0.4055265197753906,0.789714990234375,0.0
,8172,,,,,4.7698974609375,77.96630859375,0.35166348266601566,0.8343591613769531,0.0
,8173,,,,,0.10986328125,77.9296875,0.2485986328125,0.8374666442871094,0.0
,8174,,,,,-1.35498046875,77.7557373046875,0.1944248474121094,0.8647089111328126,0.0
,8175,,,,,-4.1473388671875,76.94091796875,0.12792471313476564,0.8901902709960938,0.0
,8176,,,,,-7.6446533203125,75.5859375,0.07893006591796875,0.9154644653320313,0.0
,8177,,,,,-10.2813720703125,73.370361328125,0.01926639404296875,0.9353523559570313,0.0
,8178,,,,,-15.41748046875,71.3470458984375,-0.01160126953125,0.9486109497070313,0.0
,8179,,,,,-20.17822265625,69.580078125,-0.045679998779296876,0.9501646911621094,0.0
,8180,,,,,-25.5615234375,67.41943359375,-0.09177432861328125,0.9374240112304688,0.0
,8181,,,,,-31.82373046875,64.508056640625,-0.125956640625,0.9343165283203125,0.0
,8182,,,,,-37.5091552734375,61.7889404296875,-0.19463201293945312,0.8825251464843751,0.0
,8183,,,,,-42.4713134765625,59.5367431640625,-0.2703510131835938,0.8312516784667969,0.0
,8184,,,,,-46.8017578125,57.440185546875,-0.333950830078125,0.7981051940917969,0.0
,8185,,,,,-51.470947265625,54.3365478515625,-0.3708262939453125,0.78059970703125,0.0
,8186,,,,,-55.04150390625,51.5167236328125,-0.4322508728027344,0.7358519531250001,0.0
,8187,,,,,-57.7880859375,48.81591796875,-0.5020656555175781,0.6923471923828125,0.0
,8188,,,,,-60.6170654296875,45.611572265625,-0.5805813903808594,0.6485316833496094,0.0
,8189,,,,,-63.61083984375,41.5191650390625,-0.6104132263183594,0.6226359924316407,0.0
,8190,,,,,-65.8721923828125,37.884521484375,-0.6509140869140625,0.5937364013671875,0.0
,8191,,,,,-66.375732421875,35.906982421875,-0.7012553100585938,0.5503352233886719,0.0
,8192,,,,,-67.4652099609375,32.427978515625,-0.7677554443359376,0.49906175537109376,0.0
,8193,,,,,-68.88427734375,28.546142578125,-0.7830856933593751,0.4870461547851563,0.0
,8194,,,,,-69.232177734375,25.067138671875,-0.8189253295898438,0.45762864990234375,0.0
,8195,,,,,-69.744873046875,20.269775390625,-0.8446138549804688,0.4190958618164063,0.0
,8196,,,,,-70.184326171875,14.9688720703125,-0.8738241943359375,0.3849135498046875,0.0
,8197,,,,,-70.93505859375,9.063720703125,-0.9021022888183594,0.3443091064453125,0.0
,8198,,,,,-74.3865966796875,-3.497314453125,-0.9070742614746095,0.310748291015625,0.0
,8199,,,,,-71.44775390625,-4.5684814453125,-0.8961980712890625,0.27832688598632815,0.0
,8200,,,,,-71.649169921875,-10.6475830078125,-0.9088351684570313,0.20913359985351562,0.0
,8201,,,,,-71.429443359375,-15.7745361328125,-0.9300696350097657,0.13621133422851564,0.0
,8202,,,,,-70.587158203125,-21.5057373046875,-0.918986279296875,0.09850720825195312,0.0
,8203,,,,,-69.7174072265625,-26.6510009765625,-0.9324520385742188,0.033250067138671874,0.0
,8204,,,,,-68.939208984375,-30.76171875,-0.9308982971191406,-0.04164027099609375,0.0
,8205,,,,,-67.437744140625,-34.3780517578125,-0.9166038757324219,-0.10617233276367188,0.0
,8206,,,,,-65.1763916015625,-38.7451171875,-0.8903974365234375,-0.15464906616210938,0.0
,8207,,,,,-63.0615234375,-42.3980712890625,-0.8750671875,-0.23140389404296877,0.0
,8208,,,,,-62.3565673828125,-42.6544189453125,-0.8515539001464844,-0.31427010498046876,0.0
,8209,,,,,-59.9945068359375,-44.5587158203125,-0.8188217468261719,-0.3643005798339844,0.0
,8210,,,,,-56.634521484375,-47.5067138671875,-0.8367415649414063,-0.43939808349609377,0.0
,8211,,,,,-53.759765625,-48.870849609375,-0.80711689453125,-0.4613576293945313,0.0
,8212,,,,,-49.98779296875,-51.6082763671875,-0.7909579833984375,-0.5242323669433594,0.0
,8213,,,,,-45.2178955078125,-54.8858642578125,-0.769827099609375,-0.5454668334960938,0.0
,8214,,,,,-39.5050048828125,-58.85009765625,-0.7757313171386719,-0.5960152221679688,0.0
,8215,,,,,-33.9569091796875,-62.750244140625,-0.7361627014160157,-0.5999513671875,0.0
,8216,,,,,-30.3680419921875,-66.0186767578125,-0.6862358093261719,-0.6586827941894532,0.0
,8217,,,,,-26.0650634765625,-68.865966796875,-0.5837924560546875,-0.6467707763671875,0.0
,8218,,,,,-21.478271484375,-71.722412109375,-0.5516817993164063,-0.7026018859863281,0.0
,8219,,,,,-17.047119140625,-73.8189697265625,-0.48590674438476567,-0.7138924072265626,0.0
,8220,,,,,-13.6871337890625,-74.6795654296875,-0.45441758422851564,-0.7796674621582032,0.0
,8221,,,,,-8.642578125,-75.3021240234375,-0.3559103759765625,-0.7849501831054688,0.0
,8222,,,,,-4.4036865234375,-75.164794921875,-0.2879600830078125,-0.8375702270507813,0.0
,8223,,,,,-1.519775390625,-74.9267578125,-0.19939682006835938,-0.8375702270507813,0.0
,8224,,,,,1.629638671875,-74.3865966796875,-0.1653180908203125,-0.8727883666992188,0.0
,8225,,,,,2.9754638671875,-73.7823486328125,-0.09281015625,-0.8706131286621094,0.0
,8226,,,,,7.2418212890625,-72.5830078125,-0.025895690917968752,-0.8980625610351562,0.0
,8227,,,,,11.8377685546875,-70.770263671875,0.03583963623046875,-0.8936085021972656,0.0
,8228,,,,,14.5477294921875,-68.73779296875,0.044229840087890625,-0.9142214721679688,0.0
,8229,,,,,19.793701171875,-67.0623779296875,0.06277115478515626,-0.9012736267089844,0.0
,8230,,,,,26.03759765625,-64.8101806640625,0.08027664184570313,-0.9032416992187501,0.0
,8231,,,,,31.9427490234375,-62.9608154296875,0.12119183349609375,-0.89329775390625,0.0
,8232,,,,,37.1063232421875,-61.0198974609375,0.17785160522460938,-0.8563187072753906,0.0
,8233,,,,,42.059326171875,-58.9874267578125,0.23233613891601562,-0.8217220642089844,0.0
,8234,,,,,47.42431640625,-56.1676025390625,0.26496470947265627,-0.7998661010742187,0.0
,8235,,,,,51.85546875,-53.02734375,0.32214239501953124,-0.7629906372070313,0.0
,8236,,,,,55.3253173828125,-50.28076171875,0.3717585388183594,-0.7533574401855468,0.0
,8237,,,,,58.4564208984375,-47.2503662109375,0.4562820739746094,-0.7262187561035156,0.0
,8238,,,,,61.6973876953125,-43.0206298828125,0.5229893737792969,-0.6998051513671876,0.0
,8239,,,,,64.306640625,-39.019775390625,0.5706374450683593,-0.6466671936035157,0.0
,8240,,,,,66.2017822265625,-35.5224609375,0.6307154479980469,-0.5946686462402344,0.0
,8241,,,,,67.547607421875,-32.0892333984375,0.6815745849609375,-0.5508531372070312,0.0
,8242,,,,,67.85888671875,-29.791259765625,0.7192787109375001,-0.5252681945800781,0.0
,8243,,,,,68.463134765625,-26.3397216796875,0.7606082336425781,-0.49170737915039064,0.0
,8244,,,,,68.8385009765625,-22.998046875,0.8057703186035157,-0.454935498046875,0.0
,8245,,,,,68.4906005859375,-19.3817138671875,0.8392275512695313,-0.406873095703125,0.0
,8246,,,,,69.4061279296875,-12.8265380859375,0.8688522216796876,-0.36771881103515625,0.0
,8247,,,,,70.2117919921875,-6.4727783203125,0.8600476867675781,-0.3547709655761719,0.0
,8248,,,,,73.4527587890625,3.4332275390625,0.8589082763671875,-0.32773586425781254,0.0
,8249,,,,,71.4019775390625,4.94384765625,0.8500001586914063,-0.28329885864257814,0.0
,8250,,,,,71.6949462890625,11.572265625,0.8567330383300782,-0.22156353149414063,0.0
,8251,,,,,71.6583251953125,17.431640625,0.8695773010253907,-0.14439437255859375,0.0
,8252,,,,,71.099853515625,21.514892578125,0.8558007934570313,-0.09498539428710938,0.0
,8253,,,,,70.550537109375,26.03759765625,0.8607727661132812,-0.01263709716796875,0.0
,8254,,,,,69.6441650390625,30.57861328125,0.8691629699707032,0.06132099609375,0.0
,8255,,,,,68.170166015625,34.7625732421875,0.864294580078125,0.13579700317382812,0.0
,8256,,,,,66.448974609375,37.6739501953125,0.84689267578125,0.19908607177734375,0.0
,8257,,,,,65.51513671875,39.2486572265625,0.8371558959960937,0.2774982238769531,0.0
,8258,,,,,63.0523681640625,42.5079345703125,0.8581831970214844,0.36150384521484374,0.0
,8259,,,,,60.8184814453125,44.93408203125,0.8571473693847657,0.42261767578125004,0.0
,8260,,,,,58.648681640625,45.9503173828125,0.8592190246582031,0.4954363586425781,0.0
,8261,,,,,54.986572265625,48.9349365234375,0.8276262817382812,0.5178102355957032,0.0
,8262,,,,,50.738525390625,52.03857421875,0.7876433349609375,0.5339691467285156,0.0
,8263,,,,,46.0601806640625,56.0211181640625,0.728497576904297,0.5251646118164063,0.0
,8264,,,,,41.49169921875,59.4085693359375,0.72922265625,0.5599684204101563,0.0
,8265,,,,,32.5286865234375,62.6861572265625,0.6746345397949219,0.5910432495117187,0.0
,8266,,,,,31.256103515625,66.2017822265625,0.6362053344726563,0.6288509582519531,0.0
,8267,,,,,26.7791748046875,69.598388671875,0.5631794860839844,0.6310261962890625,0.0
,8268,,,,,22.998046875,71.6400146484375,0.5312759948730469,0.6555753112792969,0.0
,8269,,,,,18.7957763671875,72.54638671875,0.4935718688964844,0.7358519531250001,0.0
,8270,,,,,14.7125244140625,73.5076904296875,0.4560749084472656,0.8053559875488282,0.0
,8271,,,,,9.722900390625,74.2218017578125,0.40801250610351564,0.8439923583984376,0.0
,8272,,,,,4.8065185546875,74.432373046875,0.34948824462890626,0.8761030151367187,0.0
,8273,,,,,0.98876953125,74.322509765625,0.2640324645996094,0.88335380859375,0.0
,8274,,,,,-1.2542724609375,74.1485595703125,0.20985867919921875,0.9087315856933594,0.0
,8275,,,,,-5.6671142578125,73.5076904296875,0.14014747924804688,0.9160859619140626,0.0
,8276,,,,,-8.990478515625,72.418212890625,0.0832805419921875,0.9230260070800782,0.0
,8277,,,,,-11.004638671875,70.9808349609375,0.0294175048828125,0.928930224609375,0.0
,8278,,,,,-15.49072265625,69.3695068359375,0.001760906982421875,0.9474715393066406,0.0
,8279,,,,,-20.654296875,67.1173095703125,-0.03211065673828125,0.9525470947265625,0.0
,8280,,,,,-26.84326171875,64.9566650390625,-0.09612480468750001,0.9187791137695313,0.0
,8281,,,,,-32.4005126953125,62.841796875,-0.12657813720703126,0.909974578857422,0.0
,8282,,,,,-37.7655029296875,60.90087890625,-0.15692788696289062,0.8912260986328125,0.0
,8283,,,,,-43.6431884765625,57.7880859375,-0.19017795410156252,0.8745492736816407,0.0
,8284,,,,,-48.651123046875,54.6844482421875,-0.2705581787109375,0.8229650573730469,0.0
,8285,,,,,-52.84423828125,51.9287109375,-0.33912996826171876,0.7841215209960938,0.0
,8286,,,,,-56.4239501953125,49.365234375,-0.4169206237792969,0.7279796630859375,0.0
,8287,,,,,-60.1409912109375,45.6939697265625,-0.45669640502929687,0.7086096862792969,0.0
,8288,,,,,-63.24462890625,42.1600341796875,-0.5260968566894532,0.6796065124511719,0.0
,8289,,,,,-65.5242919921875,38.763427734375,-0.5710517761230469,0.6468743591308594,0.0
,8290,,,,,-67.437744140625,35.1104736328125,-0.6385877380371094,0.5968438842773438,0.0
,8291,,,,,-68.4173583984375,33.2794189453125,-0.7016696411132812,0.5482635681152344,0.0
,8292,,,,,-69.8272705078125,28.9306640625,-0.7418597534179687,0.5159457458496094,0.0
,8293,,,,,-70.2301025390625,25.689697265625,-0.7493177124023438,0.5027907348632813,0.0
,8294,,,,,-69.4244384765625,23.76708984375,-0.7894042419433595,0.4691263366699219,0.0
,8295,,,,,-70.220947265625,19.024658203125,-0.8414027893066407,0.4117414855957031,0.0
,8296,,,,,-71.1456298828125,12.7532958984375,-0.8688522216796876,0.3643005798339844,0.0
,8297,,,,,-72.0611572265625,6.40869140625,-0.8662626525878907,0.338094140625,0.0
,8298,,,,,-74.7528076171875,-2.7191162109375,-0.8701987976074219,0.30805513916015625,0.0
,8299,,,,,-73.05908203125,-4.4952392578125,-0.88335380859375,0.2509810363769531,0.0
,8300,,,,,-73.077392578125,-10.9588623046875,-0.9042775268554688,0.17826593627929688,0.0
,8301,,,,,-73.150634765625,-16.6717529296875,-0.9209543518066406,0.12025958862304688,0.0
,8302,,,,,-73.0499267578125,-21.038818359375,-0.9196077758789063,0.036357550048828124,0.0
,8303,,,,,-72.528076171875,-25.213623046875,-0.9054169372558594,-0.0128442626953125,0.0
,8304,,,,,-71.6217041015625,-29.40673828125,-0.9145322204589844,-0.0957104736328125,0.0
,8305,,,,,-69.891357421875,-33.856201171875,-0.9194006103515625,-0.13952598266601562,0.0
,8306,,,,,-67.9779052734375,-37.97607421875,-0.9197113586425781,-0.22601759033203125,0.0
,8307,,,,,-66.0003662109375,-40.7684326171875,-0.909974578857422,-0.2980076110839844,0.0
,8308,,,,,-64.9566650390625,-41.19873046875,-0.8766209289550781,-0.35580679321289066,0.0
,8309,,,,,-62.29248046875,-44.2474365234375,-0.8323910888671875,-0.3868816223144531,0.0
,8310,,,,,-59.197998046875,-47.05810546875,-0.8163357604980469,-0.4405374938964844,0.0
,8311,,,,,-56.4971923828125,-47.6806640625,-0.811260205078125,-0.5015477416992188,0.0
,8312,,,,,-52.0294189453125,-51.0406494140625,-0.8341519958496094,-0.5721911865234375,0.0
,8313,,,,,-46.9207763671875,-53.9703369140625,-0.788886328125,-0.56514755859375,0.0
,8314,,,,,-41.1529541015625,-58.1451416015625,-0.7820498657226562,-0.6241897338867187,0.0
,8315,,,,,-33.65478515625,-62.40234375,-0.7505607055664063,-0.6375519104003906,0.0
,8316,,,,,-31.38427734375,-65.679931640625,-0.7311907287597657,-0.70767744140625,0.0
,8317,,,,,-27.008056640625,-68.5546875,-0.6216001647949219,-0.6924507751464843,0.0
,8318,,,,,-22.0367431640625,-71.1273193359375,-0.5815136352539063,-0.7541861022949219,0.0
,8319,,,,,-17.17529296875,-73.1048583984375,-0.5251646118164063,-0.7608153991699219,0.0
,8320,,,,,-13.5498046875,-74.249267578125,-0.47751654052734377,-0.8128139465332032,0.0
,8321,,,,,-9.356689453125,-75.2197265625,-0.3755911010742188,-0.8174751708984376,0.0
,8322,,,,,-4.376220703125,-75.8056640625,-0.3601572692871094,-0.9016879577636719,0.0
,8323,,,,,0.823974609375,-75.91552734375,-0.2788447998046875,-0.8968195678710937,0.0
,8324,,,,,4.5501708984375,-75.3570556640625,-0.22477459716796877,-0.9199185241699219,0.0
,8325,,,,,5.9783935546875,-74.7894287109375,-0.11912017822265625,-0.8872899536132812,0.0
,8326,,,,,10.400390625,-73.1597900390625,-0.0468194091796875,-0.8894651916503906,0.0
,8327,,,,,14.7674560546875,-71.612548828125,-0.00559346923828125,-0.9034488647460938,0.0
,8328,,,,,16.8548583984375,-69.8638916015625,0.011290521240234375,-0.9400135803222657,0.0
,8329,,,,,21.78955078125,-67.7398681640625,0.06888253784179688,-0.9284123107910156,0.0
,8330,,,,,27.9693603515625,-65.00244140625,0.10130394287109375,-0.9326592041015626,0.0
,8331,,,,,34.3048095703125,-62.40234375,0.11860226440429687,-0.930691131591797,0.0
,8332,,,,,39.7979736328125,-59.9212646484375,0.16283210449218752,-0.9144286376953126,0.0
,8333,,,,,44.842529296875,-57.3486328125,0.21182675170898438,-0.885839794921875,0.0
,8334,,,,,50.189208984375,-54.1900634765625,0.28122720336914064,-0.8321839233398438,0.0
,8335,,,,,54.766845703125,-51.177978515625,0.3313612609863281,-0.8023520874023438,0.0
,8336,,,,,58.3648681640625,-48.541259765625,0.35549604492187503,-0.7954120422363281,0.0
,8337,,,,,61.285400390625,-46.32568359375,0.40925549926757815,-0.7583294128417969,0.0
,8338,,,,,64.215087890625,-43.3319091796875,0.49377903442382814,-0.7030162170410157,0.0
,8339,,,,,67.3095703125,-39.019775390625,0.5737449279785156,-0.6493603454589844,0.0
,8340,,,,,69.6441650390625,-35.211181640625,0.6537108215332031,-0.5921826599121094,0.0
,8341,,,,,70.880126953125,-32.281494140625,0.6949367614746094,-0.5418414367675781,0.0
,8342,,,,,70.843505859375,-31.256103515625,0.7444493225097657,-0.5006154968261719,0.0
,8343,,,,,71.22802734375,-27.7587890625,0.8109494567871094,-0.4562820739746094,0.0
,8344,,,,,72.0794677734375,-23.0987548828125,0.8563187072753906,-0.42075318603515627,0.0
,8345,,,,,71.923828125,-19.5831298828125,0.8754815185546875,-0.40407636108398437,0.0
,8346,,,,,72.36328125,-14.080810546875,0.8892580261230469,-0.38232398071289064,0.0
,8347,,,,,72.894287109375,-8.1756591796875,0.9053133544921875,-0.3439983581542969,0.0
,8348,,,,,76.8035888671875,4.1473388671875,0.8950586608886719,-0.3126127807617188,0.0
,8349,,,,,74.1119384765625,4.9530029296875,0.8906046020507813,-0.2788447998046875,0.0
,8350,,,,,74.6063232421875,9.99755859375,0.9112175720214845,-0.19877532348632812,0.0
,8351,,,,,74.725341796875,15.19775390625,0.9213686828613281,-0.10016453247070313,0.0
,8352,,,,,74.102783203125,20.7733154296875,0.9149465515136719,-0.0435047607421875,0.0
,8353,,,,,73.150634765625,25.5523681640625,0.9178468688964844,0.025688525390625,0.0
,8354,,,,,72.125244140625,28.912353515625,0.9307947143554688,0.096953466796875,0.0
,8355,,,,,70.56884765625,32.794189453125,0.9353523559570313,0.18914212646484377,0.0
,8356,,,,,68.8018798828125,36.1541748046875,0.9144286376953126,0.24538756713867188,0.0
,8357,,,,,66.9158935546875,38.6627197265625,0.9014807922363282,0.3095052978515625,0.0
,8358,,,,,64.2425537109375,41.766357421875,0.9294481384277344,0.40200470581054687,0.0
,8359,,,,,61.9903564453125,43.2220458984375,0.909974578857422,0.45369250488281254,0.0
,8360,,,,,58.8226318359375,44.53125,0.8990983886718751,0.5067268798828125,0.0
,8361,,,,,54.3365478515625,48.3306884765625,0.8797284118652344,0.5437059265136719,0.0
,8362,,,,,50.4364013671875,51.1322021484375,0.8847003845214844,0.5846211181640625,0.0
,8363,,,,,46.234130859375,54.7027587890625,0.8339448303222656,0.5804778076171875,0.0
,8364,,,,,41.2628173828125,58.319091796875,0.8023520874023438,0.6026445190429688,0.0
,8365,,,,,30.8349609375,62.3199462890625,0.7252865112304687,0.6168353576660156,0.0
,8366,,,,,30.615234375,65.8172607421875,0.7078846069335938,0.65795771484375,0.0
,8367,,,,,26.25732421875,68.3807373046875,0.6365160827636719,0.6648977600097656,0.0
,8368,,,,,20.672607421875,71.15478515625,0.584206787109375,0.6615831115722657,0.0
,8369,,,,,15.8843994140625,73.077392578125,0.5223678771972656,0.6965940856933593,0.0
,8370,,,,,11.6455078125,74.12109375,0.4851816650390625,0.7626798889160157,0.0
,8371,,,,,7.4981689453125,74.688720703125,0.4202352722167969,0.7987266906738282,0.0
,8372,,,,,2.2796630859375,75.0,0.371240625,0.841920703125,0.0
,8373,,,,,-2.1697998046875,74.6063232421875,0.3075372253417969,0.86015126953125,0.0
,8374,,,,,-4.962158203125,73.8922119140625,0.23430421142578126,0.8908117675781251,0.0
,8375,,,,,-8.4869384765625,73.05908203125,0.14677677612304688,0.8948514953613281,0.0
,8376,,,,,-11.3250732421875,71.9512939453125,0.09591763916015625,0.9144286376953126,0.0
,8377,,,,,-14.0625,70.184326171875,0.03501097412109375,0.9294481384277344,0.0
,8378,,,,,-17.9168701171875,68.22509765625,0.020095056152343752,0.9651841918945313,0.0
,8379,,,,,-22.430419921875,65.8721923828125,-0.024341949462890627,0.9544115844726563,0.0
,8380,,,,,-28.692626953125,63.519287109375,-0.083694873046875,0.9301732177734375,0.0
,8381,,,,,-34.625244140625,61.0748291015625,-0.11435537109375,0.9122533996582032,0.0
,8382,,,,,-39.36767578125,59.033203125,-0.18489523315429687,0.8580796142578125,0.0
,8383,,,,,-44.4671630859375,56.8450927734375,-0.23865468750000002,0.829490771484375,0.0
,8384,,,,,-49.493408203125,54.473876953125,-0.3112662048339844,0.7791495483398437,0.0
,8385,,,,,-54.052734375,51.8463134765625,-0.34928107910156253,0.7544968505859375,0.0
,8386,,,,,-57.3028564453125,49.40185546875,-0.4209603515625,0.709334765625,0.0
,8387,,,,,-60.3607177734375,46.3165283203125,-0.45970030517578125,0.6881002990722657,0.0
,8388,,,,,-62.9791259765625,43.4417724609375,-0.5202962219238282,0.6492567626953125,0.0
,8389,,,,,-65.8538818359375,39.51416015625,-0.5871071044921875,0.614970867919922,0.0
,8390,,,,,-67.510986328125,36.1175537109375,-0.6510176696777344,0.5721911865234375,0.0
,8391,,,,,-67.4102783203125,35.5316162109375,-0.6862358093261719,0.5318974914550781,0.0
,8392,,,,,-68.3441162109375,32.6385498046875,-0.7312943115234375,0.48549241333007814,0.0
,8393,,,,,-69.3511962890625,28.52783203125,-0.78391435546875,0.4512065185546875,0.0
,8394,,,,,-69.287109375,25.2960205078125,-0.8426457824707031,0.4089447509765625,0.0
,8395,,,,,-70.111083984375,20.489501953125,-0.8532112243652344,0.38553504638671876,0.0
,8396,,,,,-70.8160400390625,15.0238037109375,-0.8843896362304687,0.3416159545898438,0.0
,8397,,,,,-71.575927734375,8.441162109375,-0.9298624694824219,0.29262130737304687,0.0
,8398,,,,,-78.4332275390625,-8.4686279296875,-0.9444676391601563,0.2498416259765625,0.0
,8399,,,,,-73.93798828125,-5.1361083984375,-0.9410494079589844,0.21203391723632814,0.0
,8400,,,,,-72.2900390625,-8.1207275390625,-0.9398064147949219,0.14636244506835938,0.0
,8401,,,,,-72.0245361328125,-13.36669921875,-0.9492324462890626,0.08224471435546875,0.0
,8402,,,,,-71.6217041015625,-18.5943603515625,-0.9232331726074219,0.03376798095703125,0.0
,8403,,,,,-70.60546875,-22.37548828125,-0.9046918579101563,-0.0128442626953125,0.0
,8404,,,,,-69.1680908203125,-26.3946533203125,-0.9211615173339844,-0.09933587036132813,0.0
,8405,,,,,-67.1905517578125,-30.9173583984375,-0.9314162109375,-0.1487448486328125,0.0
,8406,,,,,-65.1580810546875,-35.2752685546875,-0.9317269592285157,-0.21141242065429688,0.0
,8407,,,,,-63.17138671875,-38.04931640625,-0.9095602478027344,-0.2763588134765625,0.0
,8408,,,,,-61.99951171875,-38.726806640625,-0.8822143981933595,-0.3652328247070313,0.0
,8409,,,,,-59.234619140625,-42.205810546875,-0.8379845581054688,-0.3878138671875,0.0
,8410,,,,,-56.54296875,-45.4833984375,-0.8317695922851562,-0.44229840087890626,0.0
,8411,,,,,-54.290771484375,-46.4996337890625,-0.8240008850097656,-0.48797839965820317,0.0
,8412,,,,,-50.2899169921875,-49.859619140625,-0.8312516784667969,-0.5513710510253906,0.0
,8413,,,,,-44.9066162109375,-53.759765625,-0.788057666015625,-0.5473313232421875,0.0
,8414,,,,,-39.5599365234375,-57.916259765625,-0.7660981201171875,-0.5895930908203125,0.0
,8415,,,,,-32.6019287109375,-61.5142822265625,-0.7105777587890625,-0.590007421875,0.0
,8416,,,,,-29.9652099609375,-64.5355224609375,-0.7207288696289063,-0.6635511840820313,0.0
,8417,,,,,-24.1607666015625,-67.6116943359375,-0.6677980773925781,-0.6734951293945313,0.0
,8418,,,,,-19.2535400390625,-70.05615234375,-0.6327871032714844,-0.7183464660644532,0.0
,8419,,,,,-14.9139404296875,-71.722412109375,-0.5227822082519531,-0.69773349609375,0.0
,8420,,,,,-10.72998046875,-73.1781005859375,-0.48891064453125,-0.7660981201171875,0.0
,8421,,,,,-5.4656982421875,-74.505615234375,-0.4283147277832031,-0.7757313171386719,0.0
,8422,,,,,-0.7232666015625,-75.128173828125,-0.3904034362792969,-0.8325982543945313,0.0
,8423,,,,,3.057861328125,-75.0274658203125,-0.2694187683105469,-0.8259689575195313,0.0
,8424,,,,,6.6741943359375,-74.652099609375,-0.20115772705078125,-0.8596333557128907,0.0
,8425,,,,,8.8165283203125,-73.956298828125,-0.12730321655273438,-0.8640874145507813,0.0
,8426,,,,,12.066650390625,-73.004150390625,-0.090324169921875,-0.8864612915039063,0.0
,8427,,,,,15.0604248046875,-71.8048095703125,-0.03977578125,-0.8829394775390625,0.0
,8428,,,,,17.596435546875,-69.9737548828125,-0.000517913818359375,-0.8866684570312501,0.0
,8429,,,,,22.52197265625,-67.840576171875,0.039465032958984375,-0.8917440124511719,0.0
,8430,,,,,28.6376953125,-65.0848388671875,0.08110530395507813,-0.9110104064941407,0.0
,8431,,,,,34.5703125,-62.5396728515625,0.12864979248046876,-0.8958873229980469,0.0
,8432,,,,,40.008544921875,-60.3973388671875,0.17774802246093752,-0.8548685485839844,0.0
,8433,,,,,45.0347900390625,-58.6395263671875,0.2192847106933594,-0.817164422607422,0.0
,8434,,,,,50.1251220703125,-55.718994140625,0.28319527587890625,-0.788057666015625,0.0
,8435,,,,,54.4464111328125,-52.5604248046875,0.333950830078125,-0.7586401611328125,0.0
,8436,,,,,57.7423095703125,-50.3082275390625,0.38128815307617187,-0.736680615234375,0.0
,8437,,,,,60.4522705078125,-48.1109619140625,0.4661224365234375,-0.6900683715820313,0.0
,8438,,,,,63.885498046875,-44.3572998046875,0.5150135009765625,-0.6677980773925781,0.0
,8439,,,,,66.4581298828125,-41.180419921875,0.575920166015625,-0.6141422058105469,0.0
,8440,,,,,67.1905517578125,-39.8895263671875,0.6474958557128907,-0.5545821166992188,0.0
,8441,,,,,68.316650390625,-37.060546875,0.701876806640625,-0.49895817260742187,0.0
,8442,,,,,68.3441162109375,-34.6893310546875,0.7624727233886719,-0.45472833251953126,0.0
,8443,,,,,68.66455078125,-30.633544921875,0.8358093200683594,-0.41733495483398436,0.0
,8444,,,,,69.5526123046875,-25.6988525390625,0.8576652832031251,-0.4087375854492188,0.0
,8445,,,,,69.415283203125,-21.6796875,0.8661590698242188,-0.3933037536621094,0.0
,8446,,,,,70.3399658203125,-15.545654296875,0.8982697265625,-0.3582927795410156,0.0
,8447,,,,,71.0174560546875,-8.4136962890625,0.9278943969726563,-0.32007073974609374,0.0
,8448,,,,,68.2342529296875,-8.4136962890625,0.9217830139160157,-0.312405615234375,0.0
,8449,,,,,73.2421875,4.9072265625,0.9121498168945312,-0.247769970703125,0.0
,8450,,,,,72.088623046875,7.6080322265625,0.9190898620605469,-0.1856203125,0.0
,8451,,,,,71.8505859375,13.3575439453125,0.9217830139160157,-0.10751890869140625,0.0
,8452,,,,,71.5484619140625,18.5211181640625,0.9186755310058594,-0.053034375,0.0
,8453,,,,,71.0906982421875,22.81494140625,0.9200221069335938,0.013465759277343751,0.0
,8454,,,,,69.9737548828125,26.7791748046875,0.9359738525390625,0.08141605224609376,0.0
,8455,,,,,68.463134765625,30.46875,0.9361810180664063,0.1512308349609375,0.0
,8456,,,,,65.899658203125,34.8175048828125,0.9117354858398438,0.19794666137695313,0.0
,8457,,,,,63.519287109375,39.385986328125,0.908213671875,0.26589695434570315,0.0
,8458,,,,,61.3494873046875,42.4896240234375,0.8979589782714844,0.3272179504394531,0.0
,8459,,,,,59.8297119140625,43.4600830078125,0.8893616088867188,0.3982757263183594,0.0
,8460,,,,,56.6436767578125,46.5087890625,0.8842860534667969,0.4673654296875,0.0
,8461,,,,,53.2562255859375,49.8138427734375,0.850310906982422,0.5048623901367187,0.0
,8462,,,,,50.244140625,51.1138916015625,0.8515539001464844,0.552717626953125,0.0
,8463,,,,,45.6390380859375,54.6661376953125,0.8264868713378907,0.5778882385253906,0.0
,8464,,,,,40.0177001953125,58.8226318359375,0.8146784362792969,0.607409326171875,0.0
,8465,,,,,32.4920654296875,62.87841796875,0.7556362609863282,0.6075129089355469,0.0
,8466,,,,,29.47998046875,65.8905029296875,0.721764697265625,0.6319584411621094,0.0
,8467,,,,,24.444580078125,68.609619140625,0.6573362182617187,0.6469779418945313,0.0
,8468,,,,,18.7957763671875,71.15478515625,0.6202535888671875,0.6737022949218751,0.0
,8469,,,,,14.007568359375,73.42529296875,0.5570681030273438,0.7115100036621094,0.0
,8470,,,,,9.9334716796875,75.03662109375,0.5035158142089844,0.7684805236816407,0.0
,8471,,,,,5.96923828125,76.06201171875,0.42655382080078125,0.8065989807128906,0.0
,8472,,,,,1.043701171875,76.611328125,0.3775591735839844,0.842024285888672,0.0
,8473,,,,,-3.076171875,76.57470703125,0.2705581787109375,0.8456496826171875,0.0
,8474,,,,,-4.669189453125,76.263427734375,0.20985867919921875,0.8856326293945312,0.0
,8475,,,,,-7.9193115234375,75.5218505859375,0.13621133422851564,0.8927798400878907,0.0
,8476,,,,,-10.5010986328125,74.8626708984375,0.09643555297851562,0.9130820617675781,0.0
,8477,,,,,-13.2293701171875,73.040771484375,0.044851336669921874,0.928930224609375,0.0
,8478,,,,,-18.0450439453125,71.15478515625,-0.011704852294921875,0.9183647827148438,0.0
,8479,,,,,-22.796630859375,69.0216064453125,-0.04982330932617188,0.9259263244628907,0.0
,8480,,,,,-28.253173828125,66.741943359375,-0.10948698120117188,0.8993055541992188,0.0
,8481,,,,,-34.5611572265625,64.19677734375,-0.15247382812500002,0.8759994323730469,0.0
,8482,,,,,-40.2008056640625,62.0819091796875,-0.20333296508789064,0.8664698181152344,0.0
,8483,,,,,-44.696044921875,59.912109375,-0.22311727294921876,0.8624300903320313,0.0
,8484,,,,,-48.980712890625,57.67822265625,-0.30587990112304686,0.8101207946777343,0.0
,8485,,,,,-53.5858154296875,54.803466796875,-0.36471491088867186,0.7683769409179688,0.0
,8486,,,,,-57.2845458984375,51.7181396484375,-0.4241714172363281,0.7400988464355469,0.0
,8487,,,,,-59.857177734375,49.072265625,-0.48248851318359376,0.7084025207519532,0.0
,8488,,,,,-62.237548828125,46.160888671875,-0.5421521850585937,0.6798136779785157,0.0
,8489,,,,,-64.9932861328125,42.2149658203125,-0.6161102783203125,0.6265721374511719,0.0
,8490,,,,,-66.90673828125,38.56201171875,-0.70104814453125,0.5612114135742188,0.0
,8491,,,,,-67.05322265625,37.46337890625,-0.7373021118164063,0.526200439453125,0.0
,8492,,,,,-67.620849609375,34.368896484375,-0.8075312255859375,0.4758592163085938,0.0
,8493,,,,,-68.0877685546875,30.87158203125,-0.8492750793457031,0.44840978393554687,0.0
,8494,,,,,-67.9229736328125,27.337646484375,-0.8744456909179688,0.41329522705078126,0.0
,8495,,,,,-68.939208984375,21.78955078125,-0.8930905883789063,0.3890568603515625,0.0
,8496,,,,,-69.7357177734375,16.44287109375,-0.9199185241699219,0.36160742797851564,0.0
,8497,,,,,-70.7244873046875,10.1165771484375,-0.926547821044922,0.33042901611328124,0.0
,8498,,,,,-75.384521484375,-3.9459228515625,-0.9320377075195313,0.2855776794433594,0.0
,8499,,,,,-72.161865234375,-3.387451171875,-0.9591763916015625,0.23502929077148438,0.0
,8500,,,,,-72.509765625,-8.5052490234375,-0.9575190673828126,0.18002684326171875,0.0
,8501,,,,,-72.5830078125,-13.8885498046875,-0.9442604736328125,0.13061786499023437,0.0
,8502,,,,,-72.2991943359375,-18.841552734375,-0.9400135803222657,0.065464306640625,0.0
,8503,,,,,-71.52099609375,-24.35302734375,-0.9268585693359376,0.01180843505859375,0.0
,8504,,,,,-70.147705078125,-29.022216796875,-0.9312090454101563,-0.06038875122070313,0.0
,8505,,,,,-68.3807373046875,-32.8033447265625,-0.9408422424316406,-0.1205703369140625,0.0
,8506,,,,,-66.1651611328125,-36.8499755859375,-0.9522363464355469,-0.181477001953125,0.0
,8507,,,,,-63.427734375,-40.7318115234375,-0.9548259155273437,-0.2415550048828125,0.0
,8508,,,,,-61.5325927734375,-42.51708984375,-0.9086280029296875,-0.3020473388671875,0.0
,8509,,,,,-58.7310791015625,-44.9798583984375,-0.8691629699707032,-0.35321722412109374,0.0
,8510,,,,,-56.1492919921875,-47.5433349609375,-0.8776567565917969,-0.4326652038574219,0.0
,8511,,,,,-53.1280517578125,-48.907470703125,-0.844406689453125,-0.46239345703125,0.0
,8512,,,,,-48.7701416015625,-52.3590087890625,-0.8263832885742187,-0.5103522766113281,0.0
,8513,,,,,-44.439697265625,-55.62744140625,-0.776456396484375,-0.5123203491210938,0.0
,8514,,,,,-39.7705078125,-59.3902587890625,-0.7876433349609375,-0.5797527282714844,0.0
,8515,,,,,-32.7667236328125,-63.5284423828125,-0.7369913635253906,-0.5821351318359376,0.0
,8516,,,,,-29.1229248046875,-66.888427734375,-0.7114064208984375,-0.6460456970214844,0.0
,8517,,,,,-24.71923828125,-69.488525390625,-0.6503961730957032,-0.6605472839355468,0.0
,8518,,,,,-20.4803466796875,-72.25341796875,-0.6159031127929687,-0.7113028381347657,0.0
,8519,,,,,-15.0238037109375,-74.505615234375,-0.50548388671875,-0.6965940856933593,0.0
,8520,,,,,-10.58349609375,-75.787353515625,-0.46270420532226564,-0.7616440612792968,0.0
,8521,,,,,-7.1502685546875,-76.9500732421875,-0.38097740478515624,-0.7745919067382813,0.0
,8522,,,,,-3.314208984375,-77.6092529296875,-0.32214239501953124,-0.8099136291503907,0.0
,8523,,,,,1.7303466796875,-77.9205322265625,-0.237826025390625,-0.8119852844238281,0.0
,8524,,,,,5.6671142578125,-77.6458740234375,-0.19701441650390625,-0.8607727661132812,0.0
,8525,,,,,6.097412109375,-76.7578125,-0.12367781982421876,-0.8730991149902344,0.0
,8526,,,,,8.7890625,-75.25634765625,-0.061010247802734376,-0.9006521301269531,0.0
,8527,,,,,13.5772705078125,-73.4710693359375,-0.0074579589843750006,-0.9041739440917969,0.0
,8528,,,,,17.0379638671875,-71.630859375,0.03801487426757812,-0.9086280029296875,0.0
,8529,,,,,21.5423583984375,-69.9554443359375,0.08804534912109375,-0.9034488647460938,0.0
,8530,,,,,26.934814453125,-68.0694580078125,0.13061786499023437,-0.9072814270019531,0.0
,8531,,,,,33.197021484375,-65.570068359375,0.16759691162109375,-0.8979589782714844,0.0
,8532,,,,,39.019775390625,-63.043212890625,0.20157205810546874,-0.8850111328125,0.0
,8533,,,,,43.5333251953125,-60.75439453125,0.2419693359375,-0.862637255859375,0.0
,8534,,,,,47.9461669921875,-58.282470703125,0.3015294250488281,-0.84026337890625,0.0
,8535,,,,,51.708984375,-55.8563232421875,0.35559962768554687,-0.8061846496582031,0.0
,8536,,,,,55.6640625,-52.11181640625,0.40594085083007814,-0.7758348999023438,0.0
,8537,,,,,58.538818359375,-48.66943359375,0.4942969482421875,-0.7332623840332031,0.0
,8538,,,,,60.75439453125,-45.2362060546875,0.5820315490722656,-0.6888253784179688,0.0
,8539,,,,,62.7044677734375,-41.89453125,0.6201500061035157,-0.6634476013183594,0.0
,8540,,,,,64.947509765625,-37.738037109375,0.6719413879394531,-0.6347551757812501,0.0
,8541,,,,,66.4398193359375,-33.7738037109375,0.7528395263671875,-0.5677371276855468,0.0
,8542,,,,,66.1285400390625,-32.537841796875,0.8016270080566407,-0.5135633422851563,0.0
,8543,,,,,66.7327880859375,-29.3701171875,0.8223435607910157,-0.4856995788574219,0.0
,8544,,,,,67.822265625,-24.64599609375,0.8506216552734375,-0.45162084960937504,0.0
,8545,,,,,67.657470703125,-20.709228515625,0.8910189331054688,-0.413502392578125,0.0
,8546,,,,,68.463134765625,-15.252685546875,0.9225080932617188,-0.3900926879882813,0.0
,8547,,,,,69.195556640625,-9.1094970703125,0.9435353942871094,-0.3592250244140625,0.0
,8548,,,,,73.626708984375,4.3853759765625,0.9236475036621095,-0.3377833923339844,0.0
,8549,,,,,70.3948974609375,4.229736328125,0.9118390686035156,-0.2919998107910156,0.0
,8550,,,,,70.56884765625,9.4757080078125,0.9155680480957031,-0.22570684204101563,0.0
,8551,,,,,70.3948974609375,14.8956298828125,0.9184683654785156,-0.15050575561523438,0.0
,8552,,,,,69.7906494140625,20.4254150390625,0.9186755310058594,-0.08918475952148437,0.0
,8553,,,,,68.7835693359375,25.5157470703125,0.9268585693359376,0.00145015869140625,0.0
,8554,,,,,67.78564453125,29.0496826171875,0.94964677734375,0.07924081420898438,0.0
,8555,,,,,66.39404296875,33.087158203125,0.92312958984375,0.13155010986328125,0.0
,8556,,,,,64.2242431640625,37.4359130859375,0.897441064453125,0.18240924682617188,0.0
,8557,,,,,61.81640625,41.436767578125,0.8936085021972656,0.27097250976562504,0.0
,8558,,,,,59.6923828125,43.7896728515625,0.8852182983398438,0.33912996826171876,0.0
,8559,,,,,58.6761474609375,44.1741943359375,0.8741349426269531,0.4136059753417969,0.0
,8560,,,,,55.77392578125,46.76513671875,0.8600476867675781,0.46695109863281253,0.0
,8561,,,,,52.3590087890625,50.1251220703125,0.8266940368652343,0.493053955078125,0.0
,8562,,,,,49.2828369140625,51.947021484375,0.8249331298828125,0.5366622985839844,0.0
,8563,,,,,45.2178955078125,55.7098388671875,0.7818427001953125,0.5519925476074219,0.0
,8564,,,,,39.8345947265625,59.6923828125,0.7518036987304688,0.5650439758300781,0.0
,8565,,,,,33.233642578125,63.2537841796875,0.6953510925292969,0.5944614807128906,0.0
,8566,,,,,30.377197265625,66.302490234375,0.6785706848144532,0.6431453796386719,0.0
,8567,,,,,25.872802734375,69.17724609375,0.6075129089355469,0.6494639282226563,0.0
,8568,,,,,20.452880859375,71.74072265625,0.5769559936523437,0.6611687805175781,0.0
,8569,,,,,15.9942626953125,73.5809326171875,0.483110009765625,0.6927615234375,0.0
,8570,,,,,12.213134765625,74.652099609375,0.4281075622558594,0.7476603881835938,0.0
,8571,,,,,8.6883544921875,75.640869140625,0.3850171325683594,0.7918902282714844,0.0
,8572,,,,,4.06494140625,76.373291015625,0.32680361938476565,0.8191324951171876,0.0
,8573,,,,,0.0640869140625,76.4373779296875,0.2456983154296875,0.8407812927246094,0.0
,8574,,,,,-0.54931640625,76.226806640625,0.19639291992187502,0.8847003845214844,0.0
,8575,,,,,-3.662109375,75.4486083984375,0.13362176513671875,0.9086280029296875,0.0
,8576,,,,,-7.6995849609375,74.2767333984375,0.08431636962890625,0.9358702697753907,0.0
,8577,,,,,-9.979248046875,72.47314453125,0.013569342041015625,0.9254084106445313,0.0
,8578,,,,,-14.3646240234375,70.3948974609375,-0.04236535034179688,0.9185719482421876,0.0
,8579,,,,,-19.3634033203125,68.1427001953125,-0.0890811767578125,0.9092494995117187,0.0
,8580,,,,,-25.7171630859375,65.386962890625,-0.13755791015625,0.8986840576171875,0.0
,8581,,,,,-31.915283203125,62.51220703125,-0.15433831787109376,0.9074885925292969,0.0
,8582,,,,,-36.65771484375,60.5712890625,-0.19369976806640626,0.8856326293945312,0.0
,8583,,,,,-41.4093017578125,58.63037109375,-0.24031201171875,0.8655375732421875,0.0
,8584,,,,,-46.1700439453125,56.414794921875,-0.3158238464355469,0.8120888671875001,0.0
,8585,,,,,-50.6927490234375,53.887939453125,-0.37206928710937504,0.7709665100097657,0.0
,8586,,,,,-53.94287109375,51.37939453125,-0.45576416015625,0.7153425659179687,0.0
,8587,,,,,-57.110595703125,48.37646484375,-0.5149099182128907,0.6773276916503906,0.0
,8588,,,,,-59.9853515625,44.970703125,-0.5652511413574219,0.6483245178222656,0.0
,8589,,,,,-62.7410888671875,41.0888671875,-0.6080308227539063,0.632269189453125,0.0
,8590,,,,,-64.599609375,37.554931640625,-0.6743237915039063,0.5849318664550781,0.0
,8591,,,,,-65.4876708984375,35.302734375,-0.7188643798828125,0.5390447021484375,0.0
,8592,,,,,-66.76025390625,31.9061279296875,-0.7679626098632812,0.5005119140625001,0.0
,8593,,,,,-67.8131103515625,28.1524658203125,-0.811260205078125,0.4687120056152344,0.0
,8594,,,,,-67.78564453125,24.664306640625,-0.850310906982422,0.4268645690917969,0.0
,8595,,,,,-68.609619140625,19.5556640625,-0.869266552734375,0.4025226196289063,0.0
,8596,,,,,-69.305419921875,14.483642578125,-0.8705095458984375,0.38025232543945314,0.0
,8597,,,,,-70.111083984375,8.09326171875,-0.8878078674316406,0.34917749633789064,0.0
,8598,,,,,-72.9034423828125,-2.252197265625,-0.8987876403808595,0.3147880187988281,0.0
,8599,,,,,-70.953369140625,-3.8543701171875,-0.8954729919433594,0.26496470947265627,0.0
,8600,,,,,-70.9442138671875,-9.832763671875,-0.9143250549316406,0.20540462036132814,0.0
,8601,,,,,-70.7611083984375,-15.966796875,-0.9017915405273438,0.154959814453125,0.0
,8602,,,,,-70.4132080078125,-21.771240234375,-0.9010664611816407,0.08794176635742187,0.0
,8603,,,,,-69.6533203125,-25.81787109375,-0.8969231506347657,0.0265171875,0.0
,8604,,,,,-68.6370849609375,-30.084228515625,-0.9151537170410157,-0.05531319580078125,0.0
,8605,,,,,-66.8701171875,-35.0006103515625,-0.9186755310058594,-0.11259446411132813,0.0
,8606,,,,,-64.9749755859375,-39.093017578125,-0.885839794921875,-0.15237024536132812,0.0
,8607,,,,,-63.1805419921875,-41.4642333984375,-0.8611870971679688,-0.23471854248046875,0.0
,8608,,,,,-62.3199462890625,-42.1875,-0.8757922668457031,-0.332293505859375,0.0
,8609,,,,,-59.6649169921875,-45.37353515625,-0.8440959411621094,-0.3766269287109375,0.0
,8610,,,,,-56.689453125,-47.991943359375,-0.8224471435546875,-0.430075634765625,0.0
,8611,,,,,-54.3548583984375,-48.577880859375,-0.776456396484375,-0.45773223266601565,0.0
,8612,,,,,-50.3265380859375,-51.6082763671875,-0.7843286865234376,-0.5058982177734375,0.0
,8613,,,,,-45.263671875,-55.62744140625,-0.7565685058593751,-0.5158421630859376,0.0
,8614,,,,,-40.3656005859375,-60.09521484375,-0.7608153991699219,-0.5734341796875,0.0
,8615,,,,,-33.9019775390625,-63.5650634765625,-0.6907934509277344,-0.5691872863769531,0.0
,8616,,,,,-31.5399169921875,-66.888427734375,-0.6975263305664062,-0.6306118652343751,0.0
,8617,,,,,-26.495361328125,-70.2301025390625,-0.6160066955566407,-0.6311297790527344,0.0
,8618,,,,,-21.954345703125,-72.344970703125,-0.5601755859375,-0.6866501403808594,0.0
,8619,,,,,-17.9351806640625,-73.9013671875,-0.4902572204589844,-0.713478076171875,0.0
,8620,,,,,-13.934326171875,-75.25634765625,-0.4601146362304688,-0.7873325866699219,0.0
,8621,,,,,-8.8897705078125,-76.226806640625,-0.3546673828125,-0.7884719970703126,0.0
,8622,,,,,-4.669189453125,-76.6387939453125,-0.314062939453125,-0.8386060546875,0.0
,8623,,,,,-1.0162353515625,-76.2542724609375,-0.2224957763671875,-0.8397454650878906,0.0
,8624,,,,,2.3895263671875,-75.76904296875,-0.168218408203125,-0.8732026977539062,0.0
,8625,,,,,4.1656494140625,-74.945068359375,-0.10606875,-0.8781746704101563,0.0
,8626,,,,,7.763671875,-73.2421875,-0.04982330932617188,-0.9000306335449219,0.0
,8627,,,,,11.53564453125,-71.630859375,0.021441632080078127,-0.8958873229980469,0.0
,8628,,,,,14.6484375,-69.744873046875,0.05769559936523438,-0.9124605651855469,0.0
,8629,,,,,20.5535888671875,-67.6849365234375,0.07364734497070313,-0.9168110412597656,0.0
,8630,,,,,26.3946533203125,-65.643310546875,0.096953466796875,-0.9155680480957031,0.0
,8631,,,,,31.82373046875,-63.5833740234375,0.1396295654296875,-0.8963016540527344,0.0
,8632,,,,,37.5457763671875,-61.431884765625,0.19256035766601562,-0.8682307250976563,0.0
,8633,,,,,43.304443359375,-58.868408203125,0.2423836669921875,-0.8416099548339844,0.0
,8634,,,,,48.37646484375,-56.2225341796875,0.2694187683105469,-0.8325982543945313,0.0
,8635,,,,,52.020263671875,-53.759765625,0.33042901611328124,-0.8056667358398438,0.0
,8636,,,,,55.8563232421875,-50.7110595703125,0.378698583984375,-0.7877469177246094,0.0
,8637,,,,,59.0057373046875,-47.5799560546875,0.43256162109375,-0.7376128601074219,0.0
,8638,,,,,62.4298095703125,-43.17626953125,0.484767333984375,-0.7017732238769532,0.0
,8639,,,,,65.1123046875,-39.385986328125,0.5779918212890626,-0.6448027038574219,0.0
,8640,,,,,67.0623779296875,-35.833740234375,0.6544359008789062,-0.5907325012207032,0.0
,8641,,,,,68.44482421875,-32.5103759765625,0.6934866027832032,-0.5530283752441406,0.0
,8642,,,,,68.792724609375,-30.303955078125,0.7577079162597656,-0.5076591247558594,0.0
,8643,,,,,69.5159912109375,-26.7059326171875,0.8119852844238281,-0.46094329833984377,0.0
,8644,,,,,69.964599609375,-23.0804443359375,0.8340484130859376,-0.4387765869140625,0.0
,8645,,,,,69.3695068359375,-19.4091796875,0.8451317687988281,-0.4243785827636719,0.0
,8646,,,,,70.0469970703125,-13.2110595703125,0.8492750793457031,-0.3981721435546875,0.0
,8647,,,,,70.6329345703125,-6.4361572265625,0.8656411560058594,-0.345552099609375,0.0
,8648,,,,,73.4527587890625,3.33251953125,0.8908117675781251,-0.30297958374023437,0.0
,8649,,,,,71.8597412109375,5.474853515625,0.8939192504882812,-0.24839146728515626,0.0
,8650,,,,,72.125244140625,11.8377685546875,0.8722704528808594,-0.22373876953125002,0.0
,8651,,,,,72.161865234375,17.2393798828125,0.8886365295410157,-0.13237877197265627,0.0
,8652,,,,,71.9879150390625,21.185302734375,0.9102853271484376,-0.04619791259765625,0.0
,8653,,,,,71.502685546875,25.8270263671875,0.8738241943359375,0.009426031494140626,0.0
,8654,,,,,70.3216552734375,30.57861328125,0.8549721313476563,0.04982330932617188,0.0
,8655,,,,,68.84765625,34.97314453125,0.8618085937500001,0.12616380615234377,0.0
,8656,,,,,67.3095703125,38.2965087890625,0.8650196594238282,0.1959785888671875,0.0
,8657,,,,,66.3116455078125,40.045166015625,0.8478249206542969,0.2731477478027344,0.0
,8658,,,,,63.7298583984375,43.634033203125,0.8450281860351563,0.35435663452148436,0.0
,8659,,,,,61.376953125,45.904541015625,0.8497929931640625,0.4136059753417969,0.0
,8660,,,,,59.3902587890625,46.6461181640625,0.8662626525878907,0.48891064453125,0.0
,8661,,,,,55.6732177734375,49.5391845703125,0.8285585266113281,0.5310688293457031,0.0
,8662,,,,,50.994873046875,52.4505615234375,0.8245187988281251,0.5723983520507813,0.0
,8663,,,,,46.307373046875,56.689453125,0.7789423828125001,0.5677371276855468,0.0
,8664,,,,,41.7388916015625,60.205078125,0.7741775756835938,0.6060627502441407,0.0
,8665,,,,,33.2061767578125,63.7939453125,0.711924334716797,0.6255363098144532,0.0
,8666,,,,,31.8145751953125,67.034912109375,0.6595114562988281,0.6574398010253907,0.0
,8667,,,,,26.9622802734375,69.7174072265625,0.5815136352539063,0.6629296875,0.0
,8668,,,,,23.0438232421875,71.7315673828125,0.55520361328125,0.6896540405273438,0.0
,8669,,,,,18.78662109375,72.802734375,0.5036193969726562,0.7439314086914063,0.0
,8670,,,,,14.6484375,73.8739013671875,0.4614612121582031,0.8049416564941406,0.0
,8671,,,,,9.8876953125,74.8077392578125,0.3883317810058594,0.8256582092285156,0.0
,8672,,,,,4.9896240234375,75.2288818359375,0.31934566040039064,0.855179296875,0.0
,8673,,,,,1.20849609375,75.1190185546875,0.24787355346679688,0.8659519042968751,0.0
,8674,,,,,-1.1810302734375,74.652099609375,0.2183524658203125,0.9113211547851563,0.0
,8675,,,,,-5.7952880859375,73.9837646484375,0.1603461181640625,0.9266514038085938,0.0
,8676,,,,,-9.0179443359375,73.35205078125,0.09798929443359375,0.9364917663574219,0.0
,8677,,,,,-11.2701416015625,71.9696044921875,0.040500860595703125,0.9429138977050782,0.0
,8678,,,,,-16.00341796875,70.294189453125,-0.007975872802734376,0.9417744873046875,0.0
,8679,,,,,-21.1578369140625,67.913818359375,-0.049719726562500004,0.9410494079589844,0.0
,8680,,,,,-27.1636962890625,65.8538818359375,-0.09332807006835937,0.9293445556640625,0.0
,8681,,,,,-32.6751708984375,63.2720947265625,-0.14076897583007814,0.9039667785644532,0.0
,8682,,,,,-38.3331298828125,60.68115234375,-0.18406657104492188,0.8884293640136719,0.0
,8683,,,,,-44.329833984375,57.5592041015625,-0.2042652099609375,0.8738241943359375,0.0
,8684,,,,,-49.200439453125,54.7027587890625,-0.2623751403808594,0.8379845581054688,0.0
,8685,,,,,-53.1646728515625,52.55126953125,-0.32763228149414064,0.79717294921875,0.0
,8686,,,,,-56.79931640625,49.8138427734375,-0.39071418457031254,0.7628870544433594,0.0
,8687,,,,,-60.68115234375,45.831298828125,-0.4304899658203125,0.7467281433105469,0.0
,8688,,,,,-63.6932373046875,42.388916015625,-0.5238180358886719,0.6796065124511719,0.0
,8689,,,,,-65.9271240234375,39.2486572265625,-0.5804778076171875,0.6359981689453125,0.0
,8690,,,,,-67.8863525390625,35.7879638671875,-0.63806982421875,0.5946686462402344,0.0
,8691,,,,,-68.975830078125,32.99560546875,-0.709334765625,0.5517853820800781,0.0
,8692,,,,,-70.20263671875,28.9947509765625,-0.762369140625,0.5047588073730469,0.0
,8693,,,,,-70.770263671875,26.1383056640625,-0.804630908203125,0.4616683776855469,0.0
,8694,,,,,-70.3216552734375,24.041748046875,-0.8501037414550782,0.40200470581054687,0.0
,8695,,,,,-70.9442138671875,19.573974609375,-0.8633623352050781,0.37103345947265626,0.0
,8696,,,,,-71.7681884765625,13.165283203125,-0.8669877319335938,0.34638076171875,0.0
,8697,,,,,-72.747802734375,6.719970703125,-0.8862541259765625,0.30795155639648436,0.0
,8698,,,,,-75.40283203125,-2.764892578125,-0.8998234680175782,0.2619608093261719,0.0
,8699,,,,,-73.626708984375,-4.669189453125,-0.9030345336914063,0.22239219360351564,0.0
,8700,,,,,-73.57177734375,-11.0321044921875,-0.9079029235839844,0.17805877075195314,0.0
,8701,,,,,-73.370361328125,-16.4337158203125,-0.9337986145019531,0.11114430541992187,0.0
,8702,,,,,-73.0865478515625,-20.9564208984375,-0.9308982971191406,0.044954919433593754,0.0
,8703,,,,,-72.3541259765625,-25.0946044921875,-0.943121063232422,-0.030142584228515627,0.0
,8704,,,,,-71.15478515625,-30.28564453125,-0.9240618347167969,-0.10016453247070313,0.0
,8705,,,,,-69.7174072265625,-34.6893310546875,-0.894126416015625,-0.12947845458984375,0.0
,8706,,,,,-67.78564453125,-37.8204345703125,-0.8985804748535157,-0.20716552734375002,0.0
,8707,,,,,-65.7806396484375,-40.6951904296875,-0.9069706787109375,-0.3013222595214844,0.0
,8708,,,,,-64.7735595703125,-40.5120849609375,-0.9152572998046875,-0.39475391235351565,0.0
,8709,,,,,-61.4044189453125,-43.157958984375,-0.8832502258300782,-0.43618701782226565,0.0
,8710,,,,,-58.26416015625,-46.307373046875,-0.8552828796386719,-0.47710220947265625,0.0
,8711,,,,,-55.5267333984375,-46.9024658203125,-0.809602880859375,-0.49419336547851567,0.0
,8712,,,,,-51.141357421875,-50.0152587890625,-0.8285585266113281,-0.5564466064453125,0.0
,8713,,,,,-45.703125,-53.997802734375,-0.8075312255859375,-0.5723983520507813,0.0
,8714,,,,,-40.3839111328125,-58.0902099609375,-0.7984159423828125,-0.6128992126464844,0.0
,8715,,,,,-32.501220703125,-61.761474609375,-0.7446564880371094,-0.6136242919921875,0.0
,8716,,,,,-30.889892578125,-64.7552490234375,-0.7251829284667969,-0.6742202087402344,0.0
,8717,,,,,-25.67138671875,-67.529296875,-0.6516391662597656,-0.6951439270019532,0.0
,8718,,,,,-21.20361328125,-70.037841796875,-0.6022301879882813,-0.7652694580078125,0.0
,8719,,,,,-17.1295166015625,-71.5850830078125,-0.5243359497070312,-0.7644407958984375,0.0
,8720,,,,,-13.275146484375,-72.894287109375,-0.49170737915039064,-0.8089813842773438,0.0
,8721,,,,,-8.294677734375,-73.974609375,-0.39589332275390626,-0.8067025634765626,0.0
,8722,,,,,-3.5797119140625,-74.615478515625,-0.33716189575195316,-0.8678163940429687,0.0
,8723,,,,,0.1922607421875,-74.7528076171875,-0.22985015258789063,-0.8519682312011719,0.0
,8724,,,,,3.9642333984375,-74.1119384765625,-0.18396298828125002,-0.8807642395019532,0.0
,8725,,,,,5.4656982421875,-73.4161376953125,-0.09892153930664063,-0.8633623352050781,0.0
,8726,,,,,9.6954345703125,-72.052001953125,-0.04195101928710938,-0.8832502258300782,0.0
,8727,,,,,13.7786865234375,-70.660400390625,-0.011704852294921875,-0.9085244201660156,0.0
,8728,,,,,16.0125732421875,-68.9300537109375,-0.0020716552734375,-0.9477822875976563,0.0
,8729,,,,,21.258544921875,-66.7510986328125,0.04081160888671875,-0.9360774353027344,0.0
,8730,,,,,27.667236328125,-64.1326904296875,0.07841215209960938,-0.930587548828125,0.0
,8731,,,,,34.0301513671875,-61.6790771484375,0.09312090454101563,-0.9320377075195313,0.0
,8732,,,,,39.4500732421875,-59.14306640625,0.13652208251953124,-0.9200221069335938,0.0
,8733,,,,,44.586181640625,-56.689453125,0.19369976806640626,-0.8863577087402345,0.0
,8734,,,,,50.0335693359375,-53.5491943359375,0.27076534423828125,-0.8244152160644531,0.0
,8735,,,,,54.3731689453125,-50.811767578125,0.3250427124023438,-0.7807032897949219,0.0
,8736,,,,,57.733154296875,-48.3856201171875,0.3549781311035156,-0.7517001159667969,0.0
,8737,,,,,60.8551025390625,-45.6573486328125,0.42365350341796876,-0.7270474182128907,0.0
,8738,,,,,64.2242431640625,-41.656494140625,0.5170851562500001,-0.6719413879394531,0.0
,8739,,,,,66.68701171875,-37.8387451171875,0.57509150390625,-0.6356874206542968,0.0
,8740,,,,,68.3349609375,-35.2569580078125,0.6298867858886719,-0.6041982604980469,0.0
,8741,,,,,69.54345703125,-32.7117919921875,0.6934866027832032,-0.5635938171386718,0.0
,8742,,,,,69.561767578125,-31.5032958984375,0.7497320434570313,-0.5070376281738281,0.0
,8743,,,,,69.8272705078125,-27.410888671875,0.796344287109375,-0.46280778808593753,0.0
,8744,,,,,70.550537109375,-22.5677490234375,0.8287656921386719,-0.4330795349121094,0.0
,8745,,,,,70.404052734375,-19.171142578125,0.8654339904785157,-0.38232398071289064,0.0
,8746,,,,,71.1456298828125,-13.9068603515625,0.8749636047363282,-0.3708262939453125,0.0
,8747,,,,,72.052001953125,-7.232666015625,0.8743421081542969,-0.34296253051757813,0.0
,8748,,,,,75.1373291015625,2.911376953125,0.8930905883789063,-0.29666103515625003,0.0
,8749,,,,,73.5076904296875,4.7332763671875,0.9197113586425781,-0.21897396240234376,0.0
,8750,,,,,73.681640625,9.8602294921875,0.9320377075195313,-0.16013895263671876,0.0
,8751,,,,,73.846435546875,14.7125244140625,0.90655634765625,-0.108554736328125,0.0
,8752,,,,,73.4161376953125,19.9951171875,0.9070742614746095,-0.055520361328125004,0.0
,8753,,,,,72.454833984375,24.5635986328125,0.9232331726074219,0.022477459716796877,0.0
,8754,,,,,71.5118408203125,28.1982421875,0.9254084106445313,0.09943945312500001,0.0
,8755,,,,,69.854736328125,32.1533203125,0.9105960754394532,0.15775654907226563,0.0
,8756,,,,,67.2637939453125,35.870361328125,0.9018951232910156,0.21358765869140625,0.0
,8757,,,,,65.4052734375,38.0950927734375,0.9158787963867188,0.31313069458007814,0.0
,8758,,,,,63.1072998046875,40.72265625,0.938977752685547,0.3970327331542969,0.0
,8759,,,,,61.212158203125,42.8924560546875,0.9113211547851563,0.42914338989257816,0.0
,8760,,,,,58.1634521484375,45.3643798828125,0.89329775390625,0.4840422546386719,0.0
,8761,,,,,54.1168212890625,48.6053466796875,0.8819036499023438,0.5409091918945312,0.0
,8762,,,,,50.335693359375,50.1617431640625,0.8564222900390626,0.5687729553222657,0.0
,8763,,,,,45.703125,53.6407470703125,0.7914758972167969,0.5621436584472657,0.0
,8764,,,,,40.1824951171875,57.806396484375,0.7585365783691407,0.5882465148925782,0.0
,8765,,,,,32.0526123046875,61.48681640625,0.7287047424316406,0.6085487365722656,0.0
,8766,,,,,30.2398681640625,64.6453857421875,0.7099562622070312,0.6428346313476563,0.0
,8767,,,,,25.81787109375,67.730712890625,0.6228431579589844,0.6423167175292969,0.0
,8768,,,,,20.6451416015625,70.550537109375,0.5752986694335938,0.6530893249511719,0.0
,8769,,,,,16.0400390625,72.711181640625,0.5134597595214844,0.6860286437988281,0.0
,8770,,,,,12.066650390625,73.8372802734375,0.45566057739257815,0.7428955810546876,0.0
,8771,,,,,7.891845703125,74.8260498046875,0.4106020751953125,0.78391435546875,0.0
,8772,,,,,2.783203125,75.5401611328125,0.3735194458007813,0.8329090026855469,0.0
,8773,,,,,-1.9134521484375,75.2655029296875,0.2733549133300781,0.8432672790527344,0.0
,8774,,,,,-5.1361083984375,74.6063232421875,0.20934076538085938,0.8799355773925781,0.0
,8775,,,,,-8.9263916015625,73.3062744140625,0.14636244506835938,0.9023094543457032,0.0
,8776,,,,,-11.6729736328125,71.832275390625,0.10472217407226563,0.934834442138672,0.0
,8777,,,,,-14.4561767578125,70.166015625,0.05603827514648438,0.947160791015625,0.0
,8778,,,,,-18.5211181640625,68.2159423828125,0.024859863281250002,0.959694305419922,0.0
,8779,,,,,-22.833251953125,66.2567138671875,-0.006732879638671876,0.95296142578125,0.0
,8780,,,,,-28.74755859375,64.12353515625,-0.07851573486328126,0.9056241027832032,0.0
,8781,,,,,-34.6527099609375,62.0269775390625,-0.11943092651367188,0.8853218811035156,0.0
,8782,,,,,-39.605712890625,60.626220703125,-0.18613822631835938,0.8492750793457031,0.0
,8783,,,,,-44.659423828125,58.5113525390625,-0.22881432495117188,0.8269012023925781,0.0
,8784,,,,,-49.951171875,55.55419921875,-0.29137831420898436,0.7832928588867187,0.0
,8785,,,,,-54.876708984375,52.5054931640625,-0.3281501953125,0.75408251953125,0.0
,8786,,,,,-58.0718994140625,50.115966796875,-0.40272978515625,0.7263223388671876,0.0
,8787,,,,,-60.82763671875,47.3602294921875,-0.45462474975585937,0.7157568969726563,0.0
,8788,,,,,-63.812255859375,43.39599609375,-0.5223678771972656,0.678674267578125,0.0
,8789,,,,,-66.76025390625,39.0106201171875,-0.5944614807128906,0.6192177612304688,0.0
,8790,,,,,-68.1976318359375,36.328125,-0.6619974426269531,0.5668048828125,0.0
,8791,,,,,-68.572998046875,35.4949951171875,-0.6991836547851563,0.5268219360351563,0.0
,8792,,,,,-69.525146484375,32.6019287109375,-0.7370949462890625,0.49657576904296874,0.0
,8793,,,,,-70.550537109375,28.60107421875,-0.7997625183105469,0.4489276977539063,0.0
,8794,,,,,-70.2850341796875,25.7080078125,-0.8575617004394531,0.396929150390625,0.0
,8795,,,,,-70.9442138671875,21.0662841796875,-0.8780710876464844,0.37621259765625004,0.0
,8796,,,,,-71.685791015625,15.41748046875,-0.8773460083007812,0.3754875183105469,0.0
,8797,,,,,-72.5555419921875,8.477783203125,-0.8887401123046875,0.3294967712402344,0.0
,8798,,,,,-75.6591796875,-2.142333984375,-0.9041739440917969,0.26983309936523436,0.0
,8799,,,,,-73.4527587890625,-3.131103515625,-0.9043811096191406,0.23098956298828124,0.0
,8800,,,,,-73.20556640625,-8.514404296875,-0.9235439208984375,0.16107119750976562,0.0
,8801,,,,,-72.930908203125,-14.044189453125,-0.9421888183593751,0.086180859375,0.0
,8802,,,,,-72.4273681640625,-19.0155029296875,-0.9533757568359376,0.01160126953125,0.0
,8803,,,,,-71.2921142578125,-22.979736328125,-0.9659092712402344,-0.058317095947265626,0.0
,8804,,,,,-69.7998046875,-27.154541015625,-0.9542044189453125,-0.13486475830078126,0.0
,8805,,,,,-67.822265625,-31.4849853515625,-0.9580369812011719,-0.17225813598632814,0.0
,8806,,,,,-65.6341552734375,-35.55908203125,-0.9505790222167969,-0.2291250732421875,0.0
,8807,,,,,-63.702392578125,-38.41552734375,-0.9209543518066406,-0.30173659057617186,0.0
,8808,,,,,-63.02490234375,-39.4866943359375,-0.8854254638671876,-0.3501097412109375,0.0
,8809,,,,,-59.9945068359375,-42.51708984375,-0.8476177551269531,-0.390299853515625,0.0
,8810,,,,,-56.561279296875,-45.172119140625,-0.842749365234375,-0.44851336669921876,0.0
,8811,,,,,-54.2449951171875,-45.8953857421875,-0.8266940368652343,-0.48580316162109377,0.0
,8812,,,,,-50.42724609375,-49.4659423828125,-0.8290764404296875,-0.5327261535644532,0.0
,8813,,,,,-45.3369140625,-53.9520263671875,-0.7854680969238281,-0.5390447021484375,0.0
,8814,,,,,-39.9810791015625,-58.3282470703125,-0.7636121337890626,-0.5675299621582032,0.0
,8815,,,,,-32.830810546875,-62.1917724609375,-0.7216611145019531,-0.5734341796875,0.0
,8816,,,,,-30.267333984375,-65.8447265625,-0.7393737670898438,-0.6549538146972657,0.0
,8817,,,,,-24.31640625,-68.88427734375,-0.6713198913574219,-0.6552645629882813,0.0
,8818,,,,,-19.354248046875,-71.5118408203125,-0.6283330444335937,-0.700219482421875,0.0
,8819,,,,,-15.1153564453125,-73.004150390625,-0.5239216186523438,-0.6912077819824219,0.0
,8820,,,,,-10.8856201171875,-74.23095703125,-0.4851816650390625,-0.7450708190917968,0.0
,8821,,,,,-6.5643310546875,-75.3387451171875,-0.40925549926757815,-0.7553255126953126,0.0
,8822,,,,,-1.2542724609375,-75.494384765625,-0.3608823486328125,-0.8269012023925781,0.0
,8823,,,,,3.643798828125,-75.3936767578125,-0.26372171630859376,-0.8259689575195313,0.0
,8824,,,,,7.049560546875,-75.0823974609375,-0.22539609375,-0.8722704528808594,0.0
,8825,,,,,8.349609375,-74.4598388671875,-0.11621986083984376,-0.8584939453125,0.0
,8826,,,,,12.04833984375,-73.3795166015625,-0.05469169921875,-0.8700952148437501,0.0
,8827,,,,,15.7928466796875,-71.942138671875,-0.013155010986328125,-0.8738241943359375,0.0
,8828,,,,,18.182373046875,-70.01953125,0.018334149169921876,-0.9034488647460938,0.0
,8829,,,,,23.2177734375,-68.7286376953125,0.05023764038085938,-0.9069706787109375,0.0
,8830,,,,,28.9947509765625,-66.50390625,0.08835609741210938,-0.9007557128906251,0.0
,8831,,,,,35.028076171875,-64.2059326171875,0.13745432739257812,-0.8678163940429687,0.0
,8832,,,,,40.4022216796875,-61.77978515625,0.19017795410156252,-0.8450281860351563,0.0
,8833,,,,,45.4559326171875,-59.0972900390625,0.24290158081054689,-0.8233793884277344,0.0
,8834,,,,,50.7293701171875,-56.06689453125,0.2982147766113281,-0.7913723144531251,0.0
,8835,,,,,54.803466796875,-53.2562255859375,0.3542530517578125,-0.7524251953125001,0.0
,8836,,,,,58.1634521484375,-50.628662109375,0.4147453857421875,-0.7216611145019531,0.0
,8837,,,,,61.2579345703125,-48.046875,0.4786559509277344,-0.6812638366699219,0.0
,8838,,,,,64.4256591796875,-44.073486328125,0.5443274230957031,-0.643870458984375,0.0
,8839,,,,,66.8060302734375,-40.7135009765625,0.6001585327148438,-0.6041982604980469,0.0
,8840,,,,,67.5201416015625,-39.898681640625,0.6613759460449219,-0.5598648376464844,0.0
,8841,,,,,68.7744140625,-37.09716796875,0.7346089599609376,-0.5134597595214844,0.0
,8842,,,,,69.0948486328125,-34.60693359375,0.7900257385253906,-0.4757556335449219,0.0
,8843,,,,,69.415283203125,-31.1737060546875,0.8248295471191407,-0.42448216552734375,0.0
,8844,,,,,70.697021484375,-26.0101318359375,0.8411956237792969,-0.4033512817382813,0.0
,8845,,,,,70.477294921875,-21.5789794921875,0.8806606567382813,-0.3632647521972656,0.0
,8846,,,,,70.8160400390625,-16.241455078125,0.9137035583496094,-0.3270107849121094,0.0
,8847,,,,,71.22802734375,-9.7137451171875,0.9110104064941407,-0.2921033935546875,0.0
,8848,,,,,71.7041015625,-3.167724609375,0.9180540344238282,-0.27200833740234376,0.0
,8849,,,,,72.2259521484375,2.691650390625,0.9448819702148438,-0.22011337280273438,0.0
,8850,,,,,72.564697265625,7.8460693359375,0.947989453125,-0.1686327392578125,0.0
,8851,,,,,72.4273681640625,13.604736328125,0.9179504516601563,-0.10669024658203126,0.0
,8852,,,,,72.1160888671875,18.7408447265625,0.9145322204589844,-0.054898864746093755,0.0
,8853,,,,,71.7132568359375,23.2086181640625,0.9126677307128906,0.020716552734375,0.0
,8854,,,,,70.8343505859375,27.374267578125,0.92644423828125,0.0957104736328125,0.0
,8855,,,,,69.43359375,31.2835693359375,0.9446748046875,0.19131736450195314,0.0
,8856,,,,,67.1356201171875,35.7147216796875,0.9383562561035157,0.23917260131835938,0.0
,8857,,,,,64.6636962890625,39.9627685546875,0.9292409729003906,0.29997568359375,0.0
,8858,,,,,62.1734619140625,43.231201171875,0.9192970275878907,0.35135273437500003,0.0
,8859,,,,,60.5255126953125,44.1192626953125,0.8814893188476562,0.3932001708984375,0.0
,8860,,,,,57.09228515625,46.563720703125,0.8845968017578125,0.45452116699218753,0.0
,8861,,,,,53.173828125,49.8138427734375,0.8826287292480469,0.5092128662109375,0.0
,8862,,,,,50.006103515625,51.4617919921875,0.8844932189941407,0.5544785339355469,0.0
,8863,,,,,45.556640625,55.1513671875,0.8198575744628906,0.5402876953125,0.0
,8864,,,,,40.045166015625,59.014892578125,0.7991410217285156,0.5799598937988282,0.0
,8865,,,,,32.5469970703125,63.0340576171875,0.766512451171875,0.6152816162109375,0.0
,8866,,,,,29.7637939453125,66.32080078125,0.7485926330566407,0.6507069213867188,0.0
,8867,,,,,24.7283935546875,69.232177734375,0.6633440185546875,0.6638619323730469,0.0
,8868,,,,,19.097900390625,72.0245361328125,0.6047161743164062,0.668730322265625,0.0
,8869,,,,,14.0625,73.809814453125,0.5417378540039063,0.7016696411132812,0.0
,8870,,,,,9.8968505859375,74.725341796875,0.5239216186523438,0.7785280517578125,0.0
,8871,,,,,5.8685302734375,75.3662109375,0.4435413940429688,0.8028700012207032,0.0
,8872,,,,,0.823974609375,76.1993408203125,0.3804594909667969,0.8456496826171875,0.0
,8873,,,,,-3.277587890625,76.226806640625,0.29158547973632815,0.85683662109375,0.0
,8874,,,,,-4.7149658203125,75.7781982421875,0.22985015258789063,0.8887401123046875,0.0
,8875,,,,,-8.0291748046875,75.054931640625,0.1512308349609375,0.905727685546875,0.0
,8876,,,,,-11.590576171875,73.736572265625,0.10555083618164063,0.9271693176269532,0.0
,8877,,,,,-13.275146484375,72.10693359375,0.03656471557617188,0.930587548828125,0.0
,8878,,,,,-17.10205078125,70.184326171875,-0.005697052001953125,0.9463321289062501,0.0
,8879,,,,,-22.357177734375,67.7764892578125,-0.045887164306640624,0.9492324462890626,0.0
,8880,,,,,-28.3355712890625,65.2862548828125,-0.11487328491210938,0.9066599304199219,0.0
,8881,,,,,-34.1766357421875,62.6861572265625,-0.14656961059570314,0.8907081848144531,0.0
,8882,,,,,-38.8824462890625,60.97412109375,-0.19691083374023438,0.8533148071289063,0.0
,8883,,,,,-43.7255859375,58.7860107421875,-0.2259140075683594,0.8436816101074219,0.0
,8884,,,,,-47.955322265625,56.451416015625,-0.30266883544921874,0.8156106811523438,0.0
,8885,,,,,-52.642822265625,53.6956787109375,-0.3788021667480469,0.7742811584472656,0.0
,8886,,,,,-56.54296875,50.8209228515625,-0.4562820739746094,0.7086096862792969,0.0
,8887,,,,,-59.307861328125,48.2574462890625,-0.50216923828125,0.6766026123046875,0.0
,8888,,,,,-61.3677978515625,45.59326171875,-0.55851826171875,0.6428346313476563,0.0
,8889,,,,,-63.8214111328125,41.6748046875,-0.6137278747558594,0.6052340881347656,0.0
,8890,,,,,-65.6890869140625,37.884521484375,-0.6775348571777344,0.5672192138671875,0.0
,8891,,,,,-65.771484375,36.7767333984375,-0.7422740844726563,0.5150135009765625,0.0
,8892,,,,,-66.4764404296875,34.039306640625,-0.8105351257324219,0.46394719848632815,0.0
,8893,,,,,-67.236328125,29.8095703125,-0.8409884582519531,0.44623454589843753,0.0
,8894,,,,,-66.90673828125,26.5777587890625,-0.86015126953125,0.42945413818359374,0.0
,8895,,,,,-67.5750732421875,21.7071533203125,-0.8811785705566406,0.40096887817382815,0.0
,8896,,,,,-68.353271484375,15.8843994140625,-0.9083172546386719,0.3570497863769531,0.0
,8897,,,,,-69.4793701171875,9.2193603515625,-0.9118390686035156,0.3323970886230469,0.0
,8898,,,,,-70.4681396484375,2.7374267578125,-0.9095602478027344,0.30070076293945314,0.0
,8899,,,,,-71.3653564453125,-3.11279296875,-0.9061420166015626,0.2520168640136719,0.0
,8900,,,,,-71.466064453125,-8.23974609375,-0.9241654174804688,0.1802340087890625,0.0
,8901,,,,,-71.685791015625,-13.1561279296875,-0.9553438293457032,0.10565441894531251,0.0
,8902,,,,,-71.1822509765625,-19.22607421875,-0.9497503601074219,0.04961614379882812,0.0
,8903,,,,,-70.01953125,-24.35302734375,-0.9492324462890626,-0.002589569091796875,0.0
,8904,,,,,-68.73779296875,-28.179931640625,-0.9313126281738282,-0.06349623413085938,0.0
,8905,,,,,-67.0440673828125,-31.93359375,-0.9381490905761719,-0.12647455444335937,0.0
,8906,,,,,-64.63623046875,-36.6943359375,-0.9444676391601563,-0.19224960937500002,0.0
,8907,,,,,-62.14599609375,-40.283203125,-0.9360774353027344,-0.26952235107421874,0.0
,8908,,,,,-60.516357421875,-41.19873046875,-0.8958873229980469,-0.3272179504394531,0.0
,8909,,,,,-57.8704833984375,-44.110107421875,-0.8651232421875,-0.35984652099609377,0.0
,8910,,,,,-55.1605224609375,-47.2137451171875,-0.8400562133789062,-0.41422747192382814,0.0
,8911,,,,,-52.5421142578125,-48.284912109375,-0.8231722229003906,-0.4551426635742188,0.0
,8912,,,,,-48.760986328125,-50.9857177734375,-0.8205826538085937,-0.5215392150878907,0.0
,8913,,,,,-44.1925048828125,-54.5745849609375,-0.7786316345214844,-0.5183281494140625,0.0
,8914,,,,,-28.9215087890625,-58.92333984375,-0.7733489135742188,-0.5746771728515625,0.0
,8915,,,,,-33.856201171875,-62.9608154296875,-0.7288083251953125,-0.5927005737304688,0.0
,8916,,,,,-29.3701171875,-66.0369873046875,-0.7215575317382813,-0.6407629760742187,0.0
,8917,,,,,-24.517822265625,-68.84765625,-0.6431453796386719,-0.6369304138183594,0.0
,8918,,,,,-19.3817138671875,-71.5301513671875,-0.6255363098144532,-0.7168963073730469,0.0
,8919,,,,,-14.3829345703125,-73.4344482421875,-0.546088330078125,-0.7293262390136719,0.0
,8920,,,,,-10.7666015625,-74.3682861328125,-0.48787481689453127,-0.7836036071777344,0.0
,8921,,,,,-6.866455078125,-75.238037109375,-0.37921649780273436,-0.7667196166992187,0.0
,8922,,,,,-2.2064208984375,-75.6866455078125,-0.32007073974609374,-0.7982087768554688,0.0
,8923,,,,,2.032470703125,-76.13525390625,-0.22736416625976563,-0.8060810668945313,0.0
,8924,,,,,4.779052734375,-76.0711669921875,-0.16935781860351562,-0.8509324035644531,0.0
,8925,,,,,5.7220458984375,-75.29296875,-0.08141605224609376,-0.8443031066894532,0.0
,8926,,,,,9.2559814453125,-74.0936279296875,-0.014605169677734375,-0.8530040588378907,0.0
,8927,,,,,13.458251953125,-72.98583984375,0.0526200439453125,-0.8411956237792969,0.0
,8928,,,,,16.2322998046875,-71.1822509765625,0.08473070068359376,-0.862637255859375,0.0
,8929,,,,,21.1669921875,-69.47021484375,0.11694494018554688,-0.8730991149902344,0.0
,8930,,,,,27.099609375,-67.3736572265625,0.12823546142578127,-0.8893616088867188,0.0
,8931,,,,,33.013916015625,-65.2587890625,0.14398004150390625,-0.89329775390625,0.0
,8932,,,,,38.177490234375,-62.7960205078125,0.1918352783203125,-0.8797284118652344,0.0
,8933,,,,,43.0938720703125,-60.09521484375,0.2588533264160156,-0.8447174377441407,0.0
,8934,,,,,47.3419189453125,-57.513427734375,0.3133378601074219,-0.8115709533691406,0.0
,8935,,,,,51.6448974609375,-54.400634765625,0.3539423034667969,-0.7933403869628907,0.0
,8936,,,,,55.4901123046875,-51.2786865234375,0.38128815307617187,-0.784743017578125,0.0
,8937,,,,,58.0078125,-48.541259765625,0.45856089477539064,-0.7467281433105469,0.0
,8938,,,,,60.5255126953125,-45.2178955078125,0.5467098266601562,-0.6942116821289063,0.0
,8939,,,,,62.9425048828125,-41.510009765625,0.6212894165039062,-0.6420059692382812,0.0
,8940,,,,,65.093994140625,-37.8936767578125,0.6900683715820313,-0.6058555847167969,0.0
,8941,,,,,66.522216796875,-34.515380859375,0.7445529052734375,-0.5530283752441406,0.0
,8942,,,,,66.7236328125,-32.647705078125,0.7749026550292969,-0.5119060180664062,0.0
,8943,,,,,67.547607421875,-29.00390625,0.8234829711914062,-0.4612540466308594,0.0
,8944,,,,,68.682861328125,-24.7467041015625,0.8623265075683594,-0.4241714172363281,0.0
,8945,,,,,68.6187744140625,-21.3043212890625,0.8748600219726563,-0.3941324157714844,0.0
,8946,,,,,69.6624755859375,-15.71044921875,0.8848039672851563,-0.36647581787109373,0.0
,8947,,,,,70.367431640625,-9.7503662109375,0.9037596130371094,-0.3327078369140625,0.0
,8948,,,,,75.146484375,4.3487548828125,0.9029309509277345,-0.31313069458007814,0.0
,8949,,,,,71.5484619140625,4.0008544921875,0.9009628784179687,-0.27988062744140624,0.0
,8950,,,,,71.649169921875,9.2376708984375,0.9111139892578125,-0.231196728515625,0.0
,8951,,,,,71.4569091796875,14.6575927734375,0.9403243286132813,-0.1476054382324219,0.0
,8952,,,,,70.550537109375,20.3521728515625,0.9401171630859375,-0.07551183471679687,0.0
,8953,,,,,69.5159912109375,25.7080078125,0.9268585693359376,-0.016055328369140625,0.0
,8954,,,,,68.6370849609375,29.937744140625,0.9295517211914063,0.045990747070312504,0.0
,8955,,,,,67.0989990234375,34.1583251953125,0.9069706787109375,0.11000489501953126,0.0
,8956,,,,,64.9200439453125,38.6260986328125,0.8898795227050782,0.16262493896484376,0.0
,8957,,,,,62.6678466796875,42.388916015625,0.8870827880859375,0.2607178161621094,0.0
,8958,,,,,60.443115234375,44.879150390625,0.8979589782714844,0.3500061584472656,0.0
,8959,,,,,59.2254638671875,45.4376220703125,0.8971303161621094,0.4330795349121094,0.0
,8960,,,,,56.396484375,47.5341796875,0.8814893188476562,0.4802096923828125,0.0
,8961,,,,,52.9632568359375,50.9765625,0.8187181640625,0.48538883056640625,0.0
,8962,,,,,49.8046875,52.532958984375,0.7877469177246094,0.5137705078125,0.0
,8963,,,,,45.3643798828125,55.755615234375,0.7547040161132813,0.5385267883300782,0.0
,8964,,,,,39.9444580078125,59.637451171875,0.7475568054199219,0.5803742248535156,0.0
,8965,,,,,33.0322265625,63.46435546875,0.7110956726074219,0.6194249267578125,0.0
,8966,,,,,30.3497314453125,66.632080078125,0.6773276916503906,0.6490495971679687,0.0
,8967,,,,,25.9735107421875,69.4610595703125,0.6056484191894531,0.6441812072753906,0.0
,8968,,,,,20.855712890625,72.4365234375,0.5649403930664063,0.6493603454589844,0.0
,8969,,,,,16.387939453125,74.74365234375,0.4881855651855469,0.6582684631347656,0.0
,8970,,,,,12.5518798828125,76.007080078125,0.4601146362304688,0.7403060119628907,0.0
,8971,,,,,8.7066650390625,76.7486572265625,0.4013832092285156,0.7826713623046875,0.0
,8972,,,,,3.7994384765625,77.4627685546875,0.3377833923339844,0.8217220642089844,0.0
,8973,,,,,-0.3204345703125,77.60009765625,0.26341096801757813,0.84855,0.0
,8974,,,,,-1.116943359375,77.23388671875,0.19680725097656251,0.8870827880859375,0.0
,8975,,,,,-4.06494140625,76.5289306640625,0.12005242309570313,0.91484296875,0.0
,8976,,,,,-7.94677734375,75.1007080078125,0.06888253784179688,0.9321412902832031,0.0
,8977,,,,,-10.2447509765625,73.1689453125,0.032317822265625004,0.9508897705078125,0.0
,8978,,,,,-14.6759033203125,71.246337890625,-0.024031201171875002,0.9487145324707031,0.0
,8979,,,,,-19.9859619140625,68.902587890625,-0.07053986206054688,0.9528578430175781,0.0
,8980,,,,,-26.220703125,66.2384033203125,-0.10637949829101563,0.9370096801757812,0.0
,8981,,,,,-32.2998046875,63.775634765625,-0.14615527954101562,0.9131856445312501,0.0
,8982,,,,,-37.1337890625,61.541748046875,-0.22518892822265626,0.8584939453125,0.0
,8983,,,,,-41.89453125,59.1888427734375,-0.2706617614746094,0.8331161682128907,0.0
,8984,,,,,-46.966552734375,56.8450927734375,-0.3236961364746094,0.8012126770019532,0.0
,8985,,,,,-51.3519287109375,54.16259765625,-0.36191817626953127,0.7743847412109375,0.0
,8986,,,,,-54.23583984375,51.947021484375,-0.4471667907714844,0.7165855590820313,0.0
,8987,,,,,-57.4951171875,49.1729736328125,-0.5129418457031251,0.68116025390625,0.0
,8988,,,,,-60.0128173828125,46.124267578125,-0.5686693725585937,0.6515355834960938,0.0
,8989,,,,,-63.17138671875,41.6290283203125,-0.6217037475585938,0.6133135437011719,0.0
,8990,,,,,-65.6341552734375,37.4359130859375,-0.672044970703125,0.5815136352539063,0.0
,8991,,,,,-66.32080078125,35.4034423828125,-0.7062272827148438,0.5582075134277344,0.0
,8992,,,,,-67.5018310546875,32.080078125,-0.7657873718261718,0.5111809387207031,0.0
,8993,,,,,-68.5455322265625,27.996826171875,-0.7915794799804687,0.49077513427734376,0.0
,8994,,,,,-68.7469482421875,24.5635986328125,-0.812917529296875,0.4728553161621094,0.0
,8995,,,,,-69.580078125,20.306396484375,-0.8453389343261719,0.43121504516601566,0.0
,8996,,,,,-70.037841796875,15.12451171875,-0.8997198852539062,0.36450774536132813,0.0
,8997,,,,,-70.8343505859375,8.02001953125,-0.9170182067871094,0.3253534606933594,0.0
,8998,,,,,-73.3428955078125,-2.3162841796875,-0.8979589782714844,0.30308316650390627,0.0
,8999,,,,,-71.484375,-4.046630859375,-0.905727685546875,0.2572995849609375,0.0
,9000,,,,,-71.7132568359375,-9.92431640625,-0.9113211547851563,0.20032906494140626,0.0
,9001,,,,,-71.4935302734375,-16.29638671875,-0.9112175720214845,0.16428226318359376,0.0
,9002,,,,,-70.953369140625,-22.00927734375,-0.9268585693359376,0.090324169921875,0.0
,9003,,,,,-70.257568359375,-26.5869140625,-0.9437425598144532,0.007147210693359375,0.0
,9004,,,,,-68.9208984375,-30.926513671875,-0.9268585693359376,-0.0650499755859375,0.0
,9005,,,,,-66.943359375,-35.0921630859375,-0.9179504516601563,-0.120156005859375,0.0
,9006,,,,,-65.203857421875,-39.312744140625,-0.8868756225585938,-0.1595174560546875,0.0
,9007,,,,,-63.6199951171875,-41.949462890625,-0.8577688659667969,-0.23399346313476563,0.0
,9008,,,,,-63.0157470703125,-42.4163818359375,-0.8480320861816406,-0.3144772705078125,0.0
,9009,,,,,-60.498046875,-45.501708984375,-0.7955156250000001,-0.3417195373535156,0.0
,9010,,,,,-57.82470703125,-48.1842041015625,-0.7999696838378907,-0.40179754028320314,0.0
,9011,,,,,-55.572509765625,-48.92578125,-0.7934439697265625,-0.4455094665527344,0.0
,9012,,,,,-51.324462890625,-52.44140625,-0.7918902282714844,-0.51874248046875,0.0
,9013,,,,,-45.794677734375,-56.5155029296875,-0.7461066467285157,-0.5118024353027344,0.0
,9014,,,,,-40.447998046875,-60.6170654296875,-0.736784197998047,-0.5439130920410157,0.0
,9015,,,,,-34.1400146484375,-64.05029296875,-0.7005302307128907,-0.5623508239746093,0.0
,9016,,,,,-31.365966796875,-67.4102783203125,-0.6771205261230469,-0.6292652893066406,0.0
,9017,,,,,-26.0467529296875,-70.8709716796875,-0.5814100524902344,-0.6388984863281251,0.0
,9018,,,,,-21.5057373046875,-73.1231689453125,-0.5680478759765625,-0.7318122253417969,0.0
,9019,,,,,-17.742919921875,-74.652099609375,-0.4860103271484375,-0.7368877807617188,0.0
,9020,,,,,-14.02587890625,-76.0345458984375,-0.43732642822265627,-0.7935475524902345,0.0
,9021,,,,,-9.1644287109375,-76.7303466796875,-0.33301858520507815,-0.7923045593261719,0.0
,9022,,,,,-4.9896240234375,-77.08740234375,-0.302461669921875,-0.8410920410156251,0.0
,9023,,,,,-1.5655517578125,-77.0050048828125,-0.22705341796875,-0.8405741271972657,0.0
,9024,,,,,1.849365234375,-76.3275146484375,-0.15858521118164062,-0.8686450561523438,0.0
,9025,,,,,3.8726806640625,-75.4119873046875,-0.08172680053710937,-0.8727883666992188,0.0
,9026,,,,,7.5897216796875,-74.01123046875,-0.044851336669921874,-0.9096638305664063,0.0
,9027,,,,,11.4532470703125,-72.564697265625,-0.004661224365234375,-0.91484296875,0.0
,9028,,,,,14.776611328125,-70.660400390625,0.03625396728515625,-0.9145322204589844,0.0
,9029,,,,,20.928955078125,-68.1884765625,0.09001342163085937,-0.9027237854003907,0.0
,9030,,,,,26.8707275390625,-65.7989501953125,0.1296856201171875,-0.881696484375,0.0
,9031,,,,,32.2265625,-64.068603515625,0.16469659423828126,-0.8679199768066407,0.0
,9032,,,,,37.8753662109375,-62.0361328125,0.2002254821777344,-0.8561115417480469,0.0
,9033,,,,,43.5882568359375,-59.3902587890625,0.25004879150390624,-0.8357057373046876,0.0
,9034,,,,,48.614501953125,-56.561279296875,0.2921033935546875,-0.8410920410156251,0.0
,9035,,,,,52.1942138671875,-53.72314453125,0.3439983581542969,-0.8028700012207032,0.0
,9036,,,,,55.84716796875,-50.592041015625,0.38335980834960937,-0.7738668273925782,0.0
,9037,,,,,58.831787109375,-47.8363037109375,0.4511029357910156,-0.7249757629394531,0.0
,9038,,,,,62.2650146484375,-43.414306640625,0.5289971740722657,-0.6931758544921875,0.0
,9039,,,,,64.8193359375,-39.2120361328125,0.5997442016601563,-0.6511212524414063,0.0
,9040,,,,,66.54052734375,-35.6781005859375,0.6508105041503907,-0.6210822509765626,0.0
,9041,,,,,67.7398681640625,-31.93359375,0.6900683715820313,-0.5762309143066406,0.0
,9042,,,,,68.0694580078125,-29.6356201171875,0.7402024291992187,-0.5270291015625,0.0
,9043,,,,,68.5272216796875,-26.47705078125,0.7837071899414063,-0.47730937500000004,0.0
,9044,,,,,68.6370849609375,-22.998046875,0.8325982543945313,-0.4455094665527344,0.0
,9045,,,,,68.3807373046875,-19.22607421875,0.868437890625,-0.4048014404296875,0.0
,9046,,,,,69.3328857421875,-12.6434326171875,0.8958873229980469,-0.3717585388183594,0.0
,9047,,,,,69.7540283203125,-6.024169921875,0.9068670959472657,-0.34617359619140625,0.0
,9048,,,,,72.4456787109375,3.240966796875,0.8897759399414062,-0.3108518737792969,0.0
,9049,,,,,70.9442138671875,5.3558349609375,0.8688522216796876,-0.26133931274414063,0.0
,9050,,,,,71.356201171875,11.7828369140625,0.8854254638671876,-0.2064404479980469,0.0
,9051,,,,,71.484375,17.4407958984375,0.8921583435058594,-0.14574094848632813,0.0
,9052,,,,,71.1181640625,21.3775634765625,0.8774495910644532,-0.08607727661132812,0.0
,9053,,,,,70.5963134765625,25.9185791015625,0.8960944885253906,-0.00973677978515625,0.0
,9054,,,,,69.3695068359375,30.6060791015625,0.8945407470703125,0.053034375,0.0
,9055,,,,,67.694091796875,34.8175048828125,0.8742385253906251,0.13092861328125,0.0
,9056,,,,,65.9820556640625,37.53662109375,0.8648124938964844,0.20208997192382813,0.0
,9057,,,,,64.874267578125,38.6993408203125,0.8507252380371094,0.2896174072265625,0.0
,9058,,,,,62.347412109375,41.9403076171875,0.854350634765625,0.3641969970703125,0.0
,9059,,,,,59.930419921875,44.1192626953125,0.8587011108398438,0.40718384399414065,0.0
,9060,,,,,57.733154296875,45.52001953125,0.8552828796386719,0.46477586059570314,0.0
,9061,,,,,54.345703125,48.8983154296875,0.8159214294433594,0.4951256103515625,0.0
,9062,,,,,50.20751953125,51.708984375,0.8025592529296875,0.5397697814941407,0.0
,9063,,,,,45.7763671875,56.0211181640625,0.7676518615722656,0.5644224792480469,0.0
,9064,,,,,41.4093017578125,59.564208984375,0.7679626098632812,0.6044054260253906,0.0
,9065,,,,,32.6751708984375,63.0157470703125,0.6917256958007812,0.6094809814453125,0.0
,9066,,,,,31.6131591796875,66.5130615234375,0.6622046081542969,0.6395199829101562,0.0
,9067,,,,,26.8707275390625,69.0582275390625,0.5992262878417969,0.6646905944824218,0.0
,9068,,,,,23.0072021484375,70.6878662109375,0.5779918212890626,0.7199002075195313,0.0
,9069,,,,,18.7774658203125,71.9146728515625,0.502997900390625,0.7541861022949219,0.0
,9070,,,,,13.385009765625,73.2513427734375,0.44851336669921876,0.7966550354003906,0.0
,9071,,,,,8.880615234375,73.8922119140625,0.4046978576660156,0.8346699096679687,0.0
,9072,,,,,5.1361083984375,74.1668701171875,0.35767128295898437,0.8823179809570313,0.0
,9073,,,,,1.373291015625,73.992919921875,0.25429568481445314,0.8740313598632813,0.0
,9074,,,,,-1.5472412109375,73.681640625,0.1985681579589844,0.8985804748535157,0.0
,9075,,,,,-5.56640625,73.05908203125,0.15599564208984376,0.9252012451171875,0.0
,9076,,,,,-8.16650390625,72.2991943359375,0.11010847778320312,0.9411529907226562,0.0
,9077,,,,,-10.858154296875,71.0357666015625,0.028278094482421877,0.9255119934082031,0.0
,9078,,,,,-15.2252197265625,69.32373046875,0.0,0.9382526733398437,0.0
,9079,,,,,-20.5810546875,67.034912109375,-0.013155010986328125,0.9538936706542969,0.0
,9080,,,,,-26.84326171875,64.85595703125,-0.06536072387695313,0.9230260070800782,0.0
,9081,,,,,-32.11669921875,62.860107421875,-0.09249940795898438,0.9268585693359376,0.0
,9082,,,,,-37.371826171875,60.60791015625,-0.14491228637695314,0.8944371643066407,0.0
,9083,,,,,-43.487548828125,57.476806640625,-0.21120525512695312,0.8577688659667969,0.0
,9084,,,,,-48.7060546875,54.60205078125,-0.28868516235351566,0.8179930847167969,0.0
,9085,,,,,-52.8076171875,51.617431640625,-0.3614002624511719,0.7814283691406251,0.0
,9086,,,,,-56.2774658203125,48.44970703125,-0.42085676879882816,0.7514929504394532,0.0
,9087,,,,,-60.150146484375,44.8150634765625,-0.47844878540039065,0.7001158996582032,0.0
,9088,,,,,-63.31787109375,41.5191650390625,-0.5351085571289063,0.667072998046875,0.0
,9089,,,,,-65.3594970703125,38.56201171875,-0.5772667419433594,0.6300939514160157,0.0
,9090,,,,,-67.0166015625,35.284423828125,-0.6309226135253907,0.5852426147460937,0.0
,9091,,,,,-67.950439453125,32.757568359375,-0.6895504577636719,0.5474349060058594,0.0
,9092,,,,,-69.3328857421875,29.296875,-0.7613333129882812,0.49056796875,0.0
,9093,,,,,-69.6990966796875,26.4678955078125,-0.7849501831054688,0.4645686950683594,0.0
,9094,,,,,-69.195556640625,23.9959716796875,-0.8412992065429687,0.41930302734375,0.0
,9095,,,,,-70.166015625,18.5394287109375,-0.8536255554199219,0.38563862915039065,0.0
,9096,,,,,-70.9625244140625,12.579345703125,-0.8596333557128907,0.36409341430664066,0.0
,9097,,,,,-71.66748046875,7.14111328125,-0.8905010192871095,0.31095545654296874,0.0
,9098,,,,,-74.4873046875,-2.7374267578125,-0.9011700439453125,0.28019137573242187,0.0
,9099,,,,,-72.747802734375,-4.4677734375,-0.9097674133300782,0.23306121826171874,0.0
,9100,,,,,-72.7752685546875,-10.784912109375,-0.918261199951172,0.18261641235351564,0.0
,9101,,,,,-72.7752685546875,-16.22314453125,-0.9261334899902344,0.11943092651367188,0.0
,9102,,,,,-72.528076171875,-20.8465576171875,-0.9155680480957031,0.049408978271484376,0.0
,9103,,,,,-72.052001953125,-25.0579833984375,-0.9001342163085938,-0.009218865966796875,0.0
,9104,,,,,-70.916748046875,-30.010986328125,-0.8778639221191407,-0.08089813842773438,0.0
,9105,,,,,-69.232177734375,-33.7188720703125,-0.880867822265625,-0.12523156127929688,0.0
,9106,,,,,-67.822265625,-36.9232177734375,-0.9001342163085938,-0.21151600341796875,0.0
,9107,,,,,-66.082763671875,-40.4205322265625,-0.8862541259765625,-0.29490012817382816,0.0
,9108,,,,,-65.2679443359375,-41.0430908203125,-0.8748600219726563,-0.37942366333007815,0.0
,9109,,,,,-62.3931884765625,-44.3206787109375,-0.8578724487304688,-0.4210639343261719,0.0
,9110,,,,,-59.2529296875,-47.2320556640625,-0.870923876953125,-0.4848709167480469,0.0
,9111,,,,,-56.50634765625,-47.7630615234375,-0.8490679138183594,-0.5170851562500001,0.0
,9112,,,,,-51.8280029296875,-50.848388671875,-0.8363272338867188,-0.5601755859375,0.0
,9113,,,,,-46.197509765625,-54.78515625,-0.7995553527832031,-0.5722947692871094,0.0
,9114,,,,,-40.9423828125,-58.7860107421875,-0.8053559875488282,-0.6353766723632813,0.0
,9115,,,,,-32.9498291015625,-61.9903564453125,-0.7345053771972656,-0.6261578063964844,0.0
,9116,,,,,-31.7138671875,-65.0665283203125,-0.6975263305664062,-0.6771205261230469,0.0
,9117,,,,,-26.092529296875,-67.9412841796875,-0.6328906860351563,-0.6906898681640625,0.0
,9118,,,,,-21.3775634765625,-70.5780029296875,-0.6146601196289063,-0.754911181640625,0.0
,9119,,,,,-17.431640625,-72.5830078125,-0.5152206665039063,-0.7418597534179687,0.0
,9120,,,,,-13.421630859375,-73.956298828125,-0.4637400329589844,-0.8167500915527344,0.0
,9121,,,,,-9.2193603515625,-74.9267578125,-0.38853894653320314,-0.8376738098144532,0.0
,9122,,,,,-3.9642333984375,-75.274658203125,-0.36616506958007816,-0.8931941711425782,0.0
,9123,,,,,0.9429931640625,-75.3570556640625,-0.27811972045898437,-0.8902938537597657,0.0
,9124,,,,,4.39453125,-74.89013671875,-0.22467101440429688,-0.930691131591797,0.0
,9125,,,,,5.9051513671875,-73.974609375,-0.13600416870117188,-0.9129784790039063,0.0
,9126,,,,,10.235595703125,-72.8118896484375,-0.08887401123046876,-0.945503466796875,0.0
,9127,,,,,14.5294189453125,-71.44775390625,-0.029106756591796876,-0.9374240112304688,0.0
,9128,,,,,16.6900634765625,-69.39697265625,0.02092371826171875,-0.9279979797363281,0.0
,9129,,,,,21.844482421875,-67.3919677734375,0.06463564453125001,-0.9214722656250001,0.0
,9130,,,,,27.94189453125,-65.1031494140625,0.10627591552734375,-0.9248904968261719,0.0
,9131,,,,,34.039306640625,-62.7960205078125,0.12243482666015626,-0.9171217895507813,0.0
,9132,,,,,39.495849609375,-60.2691650390625,0.163246435546875,-0.8968195678710937,0.0
,9133,,,,,44.5220947265625,-57.6873779296875,0.22632833862304688,-0.8559043762207031,0.0
,9134,,,,,50.152587890625,-54.30908203125,0.2557458435058594,-0.8540398864746094,0.0
,9135,,,,,54.9224853515625,-51.251220703125,0.29997568359375,-0.8231722229003906,0.0
,9136,,,,,58.648681640625,-48.614501953125,0.3486595825195313,-0.7986231079101562,0.0
,9137,,,,,61.70654296875,-45.8404541015625,0.4211675170898438,-0.7641300476074219,0.0
,9138,,,,,64.4622802734375,-42.791748046875,0.49160379638671875,-0.7129601623535157,0.0
,9139,,,,,67.2271728515625,-38.6077880859375,0.5511638854980468,-0.6590971252441407,0.0
,9140,,,,,69.4061279296875,-34.82666015625,0.6303011169433594,-0.5977761291503907,0.0
,9141,,,,,70.477294921875,-32.04345703125,0.7207288696289063,-0.5430844299316406,0.0
,9142,,,,,70.34912109375,-30.7708740234375,0.7667196166992187,-0.5070376281738281,0.0
,9143,,,,,70.880126953125,-27.2552490234375,0.7956192077636719,-0.46674393310546874,0.0
,9144,,,,,71.6217041015625,-22.8424072265625,0.8433708618164063,-0.42085676879882816,0.0
,9145,,,,,71.539306640625,-19.22607421875,0.8831466430664062,-0.36999763183593753,0.0
,9146,,,,,72.271728515625,-13.6138916015625,0.9086280029296875,-0.33581531982421875,0.0
,9147,,,,,72.784423828125,-7.91015625,0.9158787963867188,-0.3002864318847656,0.0
,9148,,,,,76.629638671875,4.21142578125,0.9060384338378906,-0.2818486999511719,0.0
,9149,,,,,74.0203857421875,5.0994873046875,0.915671630859375,-0.23047164916992188,0.0
,9150,,,,,74.1851806640625,9.613037109375,0.9366989318847656,-0.16221060791015626,0.0
,9151,,,,,74.3133544921875,14.794921875,0.9310018798828126,-0.10358276367187501,0.0
,9152,,,,,74.08447265625,20.6634521484375,0.9201256896972656,-0.05458811645507813,0.0
,9153,,,,,73.3062744140625,25.4791259765625,0.9185719482421876,0.016158911132812502,0.0
,9154,,,,,72.1893310546875,28.7384033203125,0.9357666870117188,0.09332807006835937,0.0
,9155,,,,,70.3125,32.501220703125,0.9499575256347657,0.1835486572265625,0.0
,9156,,,,,67.987060546875,36.5020751953125,0.9450891357421876,0.26061423339843753,0.0
,9157,,,,,66.357421875,38.525390625,0.9072814270019531,0.3191384948730469,0.0
,9158,,,,,63.9129638671875,40.814208984375,0.9058312683105469,0.39371808471679687,0.0
,9159,,,,,61.7156982421875,42.755126953125,0.905727685546875,0.463222119140625,0.0
,9160,,,,,58.77685546875,44.7601318359375,0.9220937622070313,0.516256494140625,0.0
,9161,,,,,54.45556640625,48.779296875,0.8776567565917969,0.5504388061523438,0.0
,9162,,,,,50.335693359375,51.2420654296875,0.8501037414550782,0.5794419799804688,0.0
,9163,,,,,45.8587646484375,54.6295166015625,0.8025592529296875,0.5877286010742188,0.0
,9164,,,,,41.0797119140625,58.1634521484375,0.7953084594726563,0.6172496887207032,0.0
,9165,,,,,30.7159423828125,62.1826171875,0.7230076904296875,0.6236718200683594,0.0
,9166,,,,,30.1849365234375,65.6982421875,0.7003230651855469,0.6602365356445312,0.0
,9167,,,,,26.220703125,68.3807373046875,0.6216001647949219,0.6589935424804688,0.0
,9168,,,,,20.965576171875,71.246337890625,0.5741592590332032,0.6578541320800781,0.0
,9169,,,,,16.29638671875,73.1689453125,0.511284521484375,0.682817578125,0.0
,9170,,,,,12.2039794921875,74.5330810546875,0.48456016845703126,0.7526323608398438,0.0
,9171,,,,,7.928466796875,75.40283203125,0.4218925964355469,0.8084634704589844,0.0
,9172,,,,,2.7191162109375,75.7965087890625,0.34928107910156253,0.846064013671875,0.0
,9173,,,,,-2.0050048828125,75.732421875,0.25740316772460936,0.8501037414550782,0.0
,9174,,,,,-5.1727294921875,75.1922607421875,0.1918352783203125,0.8724776184082031,0.0
,9175,,,,,-8.8531494140625,74.2218017578125,0.13776507568359375,0.8993055541992188,0.0
,9176,,,,,-11.883544921875,72.747802734375,0.08597369384765625,0.914014306640625,0.0
,9177,,,,,-14.666748046875,71.3287353515625,0.050030474853515625,0.9245797485351562,0.0
,9178,,,,,-18.4661865234375,69.598388671875,0.017298321533203126,0.9386670043945313,0.0
,9179,,,,,-22.88818359375,67.3095703125,-0.048062402343750005,0.9269621520996094,0.0
,9180,,,,,-29.00390625,64.85595703125,-0.09550330810546875,0.9090423339843751,0.0
,9181,,,,,-35.11962890625,62.4298095703125,-0.11777360229492188,0.901584375,0.0
,9182,,,,,-40.264892578125,60.3515625,-0.17060081176757813,0.8636730834960937,0.0
,9183,,,,,-45.15380859375,57.733154296875,-0.22404951782226562,0.8288692749023437,0.0
,9184,,,,,-50.262451171875,55.0872802734375,-0.27791255493164063,0.8023520874023438,0.0
,9185,,,,,-54.8858642578125,52.349853515625,-0.33975146484375,0.7565685058593751,0.0
,9186,,,,,-58.0718994140625,50.3173828125,-0.4155740478515625,0.7020839721679688,0.0
,9187,,,,,-61.4959716796875,47.71728515625,-0.466536767578125,0.6822996643066407,0.0
,9188,,,,,-64.0411376953125,44.9981689453125,-0.5445345886230469,0.6468743591308594,0.0
,9189,,,,,-67.0440673828125,40.704345703125,-0.5864856079101562,0.6260542236328125,0.0
,9190,,,,,-69.1497802734375,36.95068359375,-0.6528821594238281,0.5799598937988282,0.0
,9191,,,,,-69.3328857421875,36.1175537109375,-0.7172070556640625,0.5196747253417969,0.0
,9192,,,,,-70.2667236328125,32.9498291015625,-0.7657873718261718,0.47565205078125,0.0
,9193,,,,,-71.4569091796875,28.4271240234375,-0.8070133117675782,0.4397088317871094,0.0
,9194,,,,,-71.099853515625,25.323486328125,-0.8410920410156251,0.4140203063964844,0.0
,9195,,,,,-71.4935302734375,20.7733154296875,-0.8513467346191407,0.3859493774414063,0.0
,9196,,,,,-72.1435546875,15.3533935546875,-0.8834573913574219,0.3373690612792969,0.0
,9197,,,,,-72.94921875,8.8531494140625,-0.9064527648925782,0.3000792663574219,0.0
,9198,,,,,-80.1544189453125,-8.880615234375,-0.9027237854003907,0.272629833984375,0.0
,9199,,,,,-75.201416015625,-5.364990234375,-0.9075921752929688,0.2332683837890625,0.0
,9200,,,,,-73.7274169921875,-8.4503173828125,-0.9429138977050782,0.1578601318359375,0.0
,9201,,,,,-73.64501953125,-13.2659912109375,-0.9557581604003906,0.10109677734375,0.0
,9202,,,,,-72.674560546875,-18.8232421875,-0.9603158020019531,0.03407872924804688,0.0
,9203,,,,,-71.3104248046875,-23.291015625,-0.9535829223632812,-0.036046801757812504,0.0
,9204,,,,,-69.7174072265625,-27.1728515625,-0.947160791015625,-0.09011700439453126,0.0
,9205,,,,,-67.8497314453125,-31.0821533203125,-0.9564832397460937,-0.14688035888671874,0.0
,9206,,,,,-65.33203125,-35.5224609375,-0.9467464599609375,-0.20540462036132814,0.0
,9207,,,,,-62.6312255859375,-38.7451171875,-0.9133928100585937,-0.27822330322265626,0.0
,9208,,,,,-61.761474609375,-38.9373779296875,-0.8976482299804688,-0.36191817626953127,0.0
,9209,,,,,-59.65576171875,-41.85791015625,-0.8832502258300782,-0.41101640625,0.0
,9210,,,,,-56.7169189453125,-45.2178955078125,-0.8637766662597657,-0.45162084960937504,0.0
,9211,,,,,-53.8330078125,-46.4630126953125,-0.8094992980957032,-0.46487944335937503,0.0
,9212,,,,,-49.713134765625,-49.62158203125,-0.8122960327148437,-0.5334512329101563,0.0
,9213,,,,,-44.879150390625,-53.173828125,-0.7778029724121094,-0.5407020263671876,0.0
,9214,,,,,-39.056396484375,-57.3486328125,-0.7871254211425781,-0.5989155395507813,0.0
,9215,,,,,-33.2977294921875,-61.1572265625,-0.7376128601074219,-0.6055448364257813,0.0
,9216,,,,,-29.2694091796875,-64.3798828125,-0.7324337219238282,-0.6671765808105469,0.0
,9217,,,,,-23.3917236328125,-67.4560546875,-0.6751524536132812,-0.6778456054687501,0.0
,9218,,,,,-18.71337890625,-69.8455810546875,-0.6329942687988281,-0.722593359375,0.0
,9219,,,,,-14.5111083984375,-71.722412109375,-0.5390447021484375,-0.710163427734375,0.0
,9220,,,,,-10.4095458984375,-72.930908203125,-0.5196747253417969,-0.7786316345214844,0.0
,9221,,,,,-5.4473876953125,-74.0936279296875,-0.4268645690917969,-0.7815319519042969,0.0
,9222,,,,,-1.1260986328125,-74.615478515625,-0.36575073852539064,-0.8482392517089844,0.0
,9223,,,,,2.7740478515625,-74.505615234375,-0.2807092895507813,-0.847721337890625,0.0
,9224,,,,,6.5826416015625,-73.9013671875,-0.22259935913085938,-0.8698880493164063,0.0
,9225,,,,,7.72705078125,-73.2421875,-0.12212407836914063,-0.8536255554199219,0.0
,9226,,,,,11.6180419921875,-72.1893310546875,-0.042883264160156254,-0.8558007934570313,0.0
,9227,,,,,15.6097412109375,-70.989990234375,0.006525714111328125,-0.8567330383300782,0.0
,9228,,,,,17.7978515625,-69.488525390625,0.015848162841796874,-0.8865648742675781,0.0
,9229,,,,,22.705078125,-67.49267578125,0.04070802612304688,-0.9087315856933594,0.0
,9230,,,,,28.7017822265625,-64.92919921875,0.09260299072265625,-0.9043811096191406,0.0
,9231,,,,,34.68017578125,-62.6953125,0.12543872680664062,-0.8806606567382813,0.0
,9232,,,,,39.8345947265625,-60.6903076171875,0.17546920166015625,-0.8498965759277344,0.0
,9233,,,,,44.7784423828125,-58.3648681640625,0.23865468750000002,-0.8192360778808594,0.0
,9234,,,,,49.98779296875,-55.1605224609375,0.287545751953125,-0.8138497741699219,0.0
,9235,,,,,54.1900634765625,-52.6336669921875,0.3219352294921875,-0.7827749450683594,0.0
,9236,,,,,57.4676513671875,-50.244140625,0.36989404907226564,-0.7521144470214844,0.0
,9237,,,,,60.1043701171875,-47.8179931640625,0.45452116699218753,-0.7055022033691406,0.0
,9238,,,,,62.6861572265625,-44.9432373046875,0.5191568115234375,-0.6642762634277344,0.0
,9239,,,,,65.3045654296875,-40.997314453125,0.6014015258789063,-0.6031624328613281,0.0
,9240,,,,,66.632080078125,-38.9373779296875,0.6508105041503907,-0.564318896484375,0.0
,9241,,,,,67.7490234375,-36.181640625,0.7031197998046875,-0.5332440673828125,0.0
,9242,,,,,68.1884765625,-33.6456298828125,0.7702414306640625,-0.48766765136718754,0.0
,9243,,,,,68.51806640625,-30.2032470703125,0.8169572570800782,-0.44809903564453124,0.0
,9244,,,,,69.378662109375,-25.323486328125,0.833737664794922,-0.43090429687500004,0.0
,9245,,,,,69.305419921875,-21.42333984375,0.859322607421875,-0.39972588500976564,0.0
,9246,,,,,69.9188232421875,-16.00341796875,0.905727685546875,-0.3570497863769531,0.0
,9247,,,,,70.34912109375,-9.4390869140625,0.9201256896972656,-0.31219844970703126,0.0
,9248,,,,,67.2821044921875,-9.4390869140625,0.9171217895507813,-0.2846454345703125,0.0
,9249,,,,,73.260498046875,5.474853515625,0.9310018798828126,-0.22933223876953127,0.0
,9250,,,,,71.759033203125,7.763671875,0.9371132629394532,-0.1785766845703125,0.0
,9251,,,,,71.4569091796875,13.7603759765625,0.9370096801757812,-0.11000489501953126,0.0
,9252,,,,,71.0357666015625,18.64013671875,0.9468500427246094,-0.027760180664062502,0.0
,9253,,,,,70.3033447265625,22.503662109375,0.9503718566894531,0.05821351318359375,0.0
,9254,,,,,69.3145751953125,26.33056640625,0.9359738525390625,0.11632344360351562,0.0
,9255,,,,,67.9962158203125,30.413818359375,0.9139107238769532,0.16583600463867187,0.0
,9256,,,,,65.789794921875,35.1837158203125,0.9038631958007812,0.22156353149414063,0.0
,9257,,,,,63.427734375,39.3768310546875,0.9027237854003907,0.2931392211914063,0.0
,9258,,,,,61.1846923828125,42.425537109375,0.9008592956542969,0.3497989929199219,0.0
,9259,,,,,59.783935546875,43.39599609375,0.8726847839355469,0.38978193969726566,0.0
,9260,,,,,56.2957763671875,45.941162109375,0.8876007019042969,0.4673654296875,0.0
,9261,,,,,52.5421142578125,49.1455078125,0.8864612915039063,0.5206069702148438,0.0
,9262,,,,,49.5941162109375,50.68359375,0.8697844665527344,0.5617293273925782,0.0
,9263,,,,,45.135498046875,54.3182373046875,0.7976908630371095,0.56514755859375,0.0
,9264,,,,,39.569091796875,58.2183837890625,0.7913723144531251,0.5922862426757812,0.0
,9265,,,,,32.11669921875,62.3565673828125,0.7412382568359375,0.5977761291503907,0.0
,9266,,,,,29.26025390625,65.6524658203125,0.7174142211914063,0.6311297790527344,0.0
,9267,,,,,24.5086669921875,68.536376953125,0.6622046081542969,0.6514320007324219,0.0
,9268,,,,,19.0704345703125,71.2738037109375,0.6160066955566407,0.6714234741210938,0.0
,9269,,,,,14.117431640625,73.095703125,0.5495065612792969,0.6793993469238282,0.0
,9270,,,,,9.9151611328125,74.37744140625,0.49367545166015625,0.7457958984375,0.0
,9271,,,,,5.8868408203125,75.4302978515625,0.4261394897460938,0.7857788452148438,0.0
,9272,,,,,0.98876953125,76.1627197265625,0.39050701904296875,0.84357802734375,0.0
,9273,,,,,-3.076171875,76.4373779296875,0.3126127807617188,0.8579760314941407,0.0
,9274,,,,,-4.7515869140625,76.4373779296875,0.24486965332031252,0.8883257812500001,0.0
,9275,,,,,-8.056640625,75.640869140625,0.16583600463867187,0.9230260070800782,0.0
,9276,,,,,-11.42578125,74.4140625,0.11611627807617188,0.9358702697753907,0.0
,9277,,,,,-13.4674072265625,72.5738525390625,0.05293079223632813,0.9374240112304688,0.0
,9278,,,,,-17.32177734375,70.49560546875,-0.011290521240234375,0.935559521484375,0.0
,9279,,,,,-22.320556640625,68.1793212890625,-0.08038022460937501,0.9187791137695313,0.0
,9280,,,,,-28.38134765625,65.5059814453125,-0.13030711669921877,0.9022058715820312,0.0
,9281,,,,,-34.3048095703125,63.226318359375,-0.15920670776367188,0.8828358947753907,0.0
,9282,,,,,-39.2120361328125,61.3037109375,-0.22094203491210937,0.8432672790527344,0.0
,9283,,,,,-44.0277099609375,59.271240234375,-0.25263836059570316,0.8317695922851562,0.0
,9284,,,,,-48.2940673828125,57.5592041015625,-0.31934566040039064,0.7948941284179688,0.0
,9285,,,,,-53.2745361328125,54.547119140625,-0.38056307373046877,0.7671339477539063,0.0
,9286,,,,,-57.183837890625,51.7913818359375,-0.4372228454589844,0.7274617492675781,0.0
,9287,,,,,-60.09521484375,49.10888671875,-0.5070376281738281,0.6892397094726562,0.0
,9288,,,,,-62.2100830078125,46.160888671875,-0.5736413452148438,0.6461492797851562,0.0
,9289,,,,,-64.617919921875,42.1783447265625,-0.6080308227539063,0.6393128173828125,0.0
,9290,,,,,-66.522216796875,38.4246826171875,-0.6918292785644532,0.5828602111816407,0.0
,9291,,,,,-66.32080078125,37.518310546875,-0.7498356262207031,0.532829736328125,0.0
,9292,,,,,-66.8609619140625,34.2315673828125,-0.8040094116210937,0.49802592773437504,0.0
,9293,,,,,-67.913818359375,29.7088623046875,-0.8298015197753906,0.4704729125976563,0.0
,9294,,,,,-67.78564453125,26.4312744140625,-0.8652268249511719,0.43390819702148437,0.0
,9295,,,,,-68.3807373046875,21.551513671875,-0.8953694091796875,0.3962040710449219,0.0
,9296,,,,,-69.1131591796875,16.021728515625,-0.9119426513671876,0.3650256591796875,0.0
,9297,,,,,-70.0469970703125,10.0799560546875,-0.9273764831542969,0.33291500244140626,0.0
,9298,,,,,-75.0091552734375,-3.47900390625,-0.9271693176269532,0.28630275878906253,0.0
,9299,,,,,-71.9970703125,-2.74658203125,-0.9286194763183594,0.24352307739257814,0.0
,9300,,,,,-72.2442626953125,-8.203125,-0.9353523559570313,0.18820988159179688,0.0
,9301,,,,,-72.418212890625,-13.2843017578125,-0.9475751220703126,0.12243482666015626,0.0
,9302,,,,,-71.8505859375,-18.9239501953125,-0.9296553039550781,0.07302584838867188,0.0
,9303,,,,,-70.697021484375,-24.298095703125,-0.9342129455566407,0.006318548583984375,0.0
,9304,,,,,-69.25048828125,-28.5186767578125,-0.9174325378417969,-0.047233740234375,0.0
,9305,,,,,-67.694091796875,-32.4005126953125,-0.9208507690429688,-0.10254693603515626,0.0
,9306,,,,,-65.3045654296875,-37.371826171875,-0.9351451904296876,-0.1708079772949219,0.0
,9307,,,,,-62.8509521484375,-41.4825439453125,-0.9429138977050782,-0.24922012939453125,0.0
,9308,,,,,-61.7706298828125,-42.6910400390625,-0.9122533996582032,-0.32348897094726564,0.0
,9309,,,,,-59.161376953125,-45.172119140625,-0.8637766662597657,-0.3693761352539063,0.0
,9310,,,,,-56.0577392578125,-47.6806640625,-0.8617050109863281,-0.4406410766601563,0.0
,9311,,,,,-53.192138671875,-48.687744140625,-0.8487571655273438,-0.47181948852539063,0.0
,9312,,,,,-49.310302734375,-51.837158203125,-0.8426457824707031,-0.5231965393066407,0.0
,9313,,,,,-44.5404052734375,-55.316162109375,-0.8131246948242188,-0.552717626953125,0.0
,9314,,,,,-46.6827392578125,-59.0240478515625,-0.7795638793945313,-0.5746771728515625,0.0
,9315,,,,,-29.0130615234375,-63.09814453125,-0.7261151733398438,-0.5667013000488281,0.0
,9316,,,,,-29.4708251953125,-66.2841796875,-0.7296369873046875,-0.6414880554199219,0.0
,9317,,,,,-24.4537353515625,-69.158935546875,-0.6689374877929688,-0.6559896423339844,0.0
,9318,,,,,-19.2901611328125,-71.96044921875,-0.6433525451660157,-0.7174142211914063,0.0
,9319,,,,,-14.4012451171875,-74.0570068359375,-0.5491958129882812,-0.7078846069335938,0.0
,9320,,,,,-10.8123779296875,-75.2197265625,-0.48010610961914063,-0.7396845153808594,0.0
,9321,,,,,-6.6925048828125,-76.2542724609375,-0.36626865234375,-0.7334695495605469,0.0
,9322,,,,,-2.2613525390625,-77.0416259765625,-0.32556062622070314,-0.7999696838378907,0.0
,9323,,,,,1.79443359375,-77.3162841796875,-0.24352307739257814,-0.8140569396972657,0.0
,9324,,,,,4.8248291015625,-76.812744140625,-0.1686327392578125,-0.8397454650878906,0.0
,9325,,,,,5.6488037109375,-76.2908935546875,-0.08814893188476562,-0.8404705444335938,0.0
,9326,,,,,9.228515625,-74.908447265625,-0.06194249267578125,-0.8838717224121094,0.0
,9327,,,,,13.5955810546875,-73.64501953125,-0.014398004150390626,-0.8884293640136719,0.0
,9328,,,,,16.204833984375,-72.03369140625,0.014398004150390626,-0.9155680480957031,0.0
,9329,,,,,21.331787109375,-69.9371337890625,0.059974420166015625,-0.9203328552246094,0.0
,9330,,,,,26.7333984375,-67.85888671875,0.09819645996093751,-0.9199185241699219,0.0
,9331,,,,,32.867431640625,-65.203857421875,0.15464906616210938,-0.8920547607421875,0.0
,9332,,,,,38.8092041015625,-62.5396728515625,0.1944248474121094,-0.8802463256835937,0.0
,9333,,,,,43.4051513671875,-60.498046875,0.251084619140625,-0.8537291381835937,0.0
,9334,,,,,47.900390625,-57.879638671875,0.3103339599609375,-0.8240008850097656,0.0
,9335,,,,,52.3773193359375,-54.730224609375,0.3567390380859375,-0.7952048767089844,0.0
,9336,,,,,55.7830810546875,-52.2216796875,0.41122357177734375,-0.7672375305175781,0.0
,9337,,,,,58.3648681640625,-49.5849609375,0.5058982177734375,-0.7221790283203126,0.0
,9338,,,,,61.1663818359375,-45.81298828125,0.5876250183105469,-0.6769133605957032,0.0
,9339,,,,,63.1805419921875,-42.3248291015625,0.6284366271972657,-0.6451134521484375,0.0
,9340,,,,,65.606689453125,-37.9486083984375,0.6799172607421875,-0.5972582153320313,0.0
,9341,,,,,67.3004150390625,-34.222412109375,0.7187607971191406,-0.5492993957519532,0.0
,9342,,,,,67.108154296875,-33.306884765625,0.7594688232421876,-0.5207105529785157,0.0
,9343,,,,,68.0328369140625,-30.1300048828125,0.8140569396972657,-0.48176343383789066,0.0
,9344,,,,,69.4976806640625,-25.4241943359375,0.8594261901855469,-0.4479954528808594,0.0
,9345,,,,,69.6075439453125,-21.35009765625,0.8829394775390625,-0.4155740478515625,0.0
,9346,,,,,70.3948974609375,-15.966796875,0.8883257812500001,-0.3924750915527344,0.0
,9347,,,,,71.1181640625,-10.0433349609375,0.8928834228515625,-0.357153369140625,0.0
,9348,,,,,76.153564453125,4.4677734375,0.8977518127441406,-0.32224597778320313,0.0
,9349,,,,,72.10693359375,4.0740966796875,0.901584375,-0.28319527587890625,0.0
,9350,,,,,72.0428466796875,9.722900390625,0.9087315856933594,-0.23606511840820313,0.0
,9351,,,,,71.5484619140625,15.3350830078125,0.9273764831542969,-0.15858521118164062,0.0
,9352,,,,,70.9075927734375,21.0113525390625,0.9483002014160157,-0.08897759399414062,0.0
,9353,,,,,70.0927734375,26.092529296875,0.9324520385742188,-0.03583963623046875,0.0
,9354,,,,,68.95751953125,29.864501953125,0.9081100891113282,0.0232025390625,0.0
,9355,,,,,67.7490234375,34.2132568359375,0.9205400207519532,0.11093713989257813,0.0
,9356,,,,,65.5792236328125,38.6993408203125,0.9260299072265625,0.18800271606445312,0.0
,9357,,,,,63.153076171875,42.4072265625,0.8880150329589844,0.26341096801757813,0.0
,9358,,,,,61.0382080078125,44.8333740234375,0.8869792053222657,0.33664398193359374,0.0
,9359,,,,,59.8480224609375,45.22705078125,0.8854254638671876,0.4140203063964844,0.0
,9360,,,,,56.7626953125,47.9278564453125,0.88003916015625,0.4726481506347656,0.0
,9361,,,,,53.28369140625,51.397705078125,0.829490771484375,0.509627197265625,0.0
,9362,,,,,50.3173828125,52.8350830078125,0.8060810668945313,0.5383196228027344,0.0
,9363,,,,,45.8770751953125,56.5338134765625,0.7730381652832031,0.5548928649902344,0.0
,9364,,,,,40.4296875,60.4339599609375,0.7853645141601563,0.6046125915527344,0.0
,9365,,,,,33.3892822265625,64.068603515625,0.7386486877441406,0.6245004821777344,0.0
,9366,,,,,30.633544921875,66.998291015625,0.6863393920898437,0.6426274658203125,0.0
,9367,,,,,25.96435546875,69.854736328125,0.6054412536621094,0.6471851074218751,0.0
,9368,,,,,20.562744140625,72.528076171875,0.5791312316894531,0.6626189392089844,0.0
,9369,,,,,16.22314453125,74.5697021484375,0.5169815734863281,0.7151354003906251,0.0
,9370,,,,,12.5885009765625,76.025390625,0.4656045227050781,0.7677554443359376,0.0
,9371,,,,,8.8165283203125,76.86767578125,0.41733495483398436,0.8168536743164063,0.0
,9372,,,,,3.8177490234375,77.3529052734375,0.36202175903320316,0.87340986328125,0.0
,9373,,,,,-0.347900390625,76.904296875,0.26061423339843753,0.8720632873535157,0.0
,9374,,,,,-1.080322265625,75.970458984375,0.1934926025390625,0.8996163024902344,0.0
,9375,,,,,-4.0557861328125,74.8809814453125,0.11963809204101562,0.9157752136230469,0.0
,9376,,,,,-7.94677734375,73.71826171875,0.087009521484375,0.9450891357421876,0.0
,9377,,,,,-10.3179931640625,71.9696044921875,0.007768707275390625,0.9329699523925782,0.0
,9378,,,,,-14.6209716796875,70.220947265625,-0.05324154052734375,0.918986279296875,0.0
,9379,,,,,-19.6746826171875,68.29833984375,-0.07489033813476563,0.9201256896972656,0.0
,9380,,,,,-25.08544921875,66.339111328125,-0.110212060546875,0.9080065063476562,0.0
,9381,,,,,-31.365966796875,63.46435546875,-0.15723863525390624,0.8917440124511719,0.0
,9382,,,,,-36.8316650390625,60.919189453125,-0.20726911010742188,0.875895849609375,0.0
,9383,,,,,-41.656494140625,58.428955078125,-0.25118820190429686,0.8841824707031251,0.0
,9384,,,,,-45.9869384765625,56.121826171875,-0.3302218505859375,0.8276262817382812,0.0
,9385,,,,,-50.5645751953125,53.21044921875,-0.36647581787109373,0.7932368041992188,0.0
,9386,,,,,-54.2266845703125,49.8138427734375,-0.42945413818359374,0.7497320434570313,0.0
,9387,,,,,-56.7718505859375,47.0306396484375,-0.5002011657714844,0.7071595275878907,0.0
,9388,,,,,-59.2803955078125,44.4854736328125,-0.5749879211425781,0.6494639282226563,0.0
,9389,,,,,-62.420654296875,40.6036376953125,-0.6432489624023437,0.6099988952636719,0.0
,9390,,,,,-64.63623046875,37.1246337890625,-0.6806423400878906,0.5769559936523437,0.0
,9391,,,,,-65.4327392578125,35.7330322265625,-0.7073666931152344,0.5488850646972656,0.0
,9392,,,,,-66.6229248046875,32.11669921875,-0.7614368957519532,0.49388261718750004,0.0
,9393,,,,,-67.56591796875,28.0242919921875,-0.8121924499511719,0.4521387634277344,0.0
,9394,,,,,-67.730712890625,24.71923828125,-0.837880975341797,0.43287236938476564,0.0
,9395,,,,,-68.3258056640625,20.0958251953125,-0.8480320861816406,0.41215581665039064,0.0
,9396,,,,,-68.7103271484375,14.886474609375,-0.8827323120117188,0.35787844848632816,0.0
,9397,,,,,-69.525146484375,8.038330078125,-0.8936085021972656,0.3232818054199219,0.0
,9398,,,,,-72.2076416015625,-2.178955078125,-0.8989948059082031,0.302461669921875,0.0
,9399,,,,,-70.4132080078125,-4.13818359375,-0.9125641479492188,0.26568978881835936,0.0
,9400,,,,,-70.64208984375,-10.2813720703125,-0.897441064453125,0.22839999389648438,0.0
,9401,,,,,-70.3033447265625,-16.1773681640625,-0.9018951232910156,0.16086403198242188,0.0
,9402,,,,,-70.0653076171875,-21.71630859375,-0.8940228332519532,0.10151110839843751,0.0
,9403,,,,,-69.5892333984375,-25.927734375,-0.8968195678710937,0.03459664306640625,0.0
,9404,,,,,-68.44482421875,-30.1666259765625,-0.8784854187011719,-0.03760054321289063,0.0
,9405,,,,,-66.705322265625,-34.3963623046875,-0.8842860534667969,-0.10109677734375,0.0
,9406,,,,,-64.8651123046875,-38.3056640625,-0.8647089111328126,-0.16552525634765625,0.0
,9407,,,,,-63.116455078125,-41.0614013671875,-0.8463747619628906,-0.23855110473632812,0.0
,9408,,,,,-62.1826171875,-41.876220703125,-0.8429565307617187,-0.33467590942382813,0.0
,9409,,,,,-59.2803955078125,-44.7509765625,-0.8242080505371094,-0.37859500122070316,0.0
,9410,,,,,-56.2408447265625,-47.4517822265625,-0.8140569396972657,-0.4189922790527344,0.0
,9411,,,,,-53.997802734375,-48.4405517578125,-0.7803925415039062,-0.4530710083007813,0.0
,9412,,,,,-50.115966796875,-51.7364501953125,-0.7932368041992188,-0.517913818359375,0.0
,9413,,,,,-45.2545166015625,-55.8563232421875,-0.7796674621582032,-0.5375945434570313,0.0
,9414,,,,,-40.301513671875,-59.9212646484375,-0.75408251953125,-0.5577931823730469,0.0
,9415,,,,,-33.7554931640625,-63.61083984375,-0.6692482360839844,-0.5329333190917969,0.0
,9416,,,,,-31.402587890625,-67.0989990234375,-0.6613759460449219,-0.6150744506835938,0.0
,9417,,,,,-25.9918212890625,-69.8455810546875,-0.5888680114746094,-0.6266757202148437,0.0
,9418,,,,,-21.64306640625,-72.1160888671875,-0.5425665161132812,-0.6949367614746094,0.0
,9419,,,,,-18.0450439453125,-73.846435546875,-0.44530230102539065,-0.7067451965332031,0.0
,9420,,,,,-14.0167236328125,-74.9725341796875,-0.4144346374511719,-0.7708629272460937,0.0
,9421,,,,,-9.0545654296875,-75.7049560546875,-0.34907391357421874,-0.7798746276855469,0.0
,9422,,,,,-4.742431640625,-75.9979248046875,-0.3294967712402344,-0.8396418823242188,0.0
,9423,,,,,-0.9246826171875,-75.7232666015625,-0.22829641113281252,-0.8300086853027344,0.0
,9424,,,,,2.52685546875,-74.945068359375,-0.15744580078125,-0.872581201171875,0.0
,9425,,,,,4.229736328125,-74.0386962890625,-0.08462711791992188,-0.8772424255371094,0.0
,9426,,,,,7.6080322265625,-72.7294921875,-0.048994647216796874,-0.8954729919433594,0.0
,9427,,,,,11.2884521484375,-71.1639404296875,0.00103582763671875,-0.8928834228515625,0.0
,9428,,,,,14.3646240234375,-69.2596435546875,0.054898864746093755,-0.8982697265625,0.0
,9429,,,,,20.452880859375,-67.236328125,0.08038022460937501,-0.8994091369628906,0.0
,9430,,,,,26.458740234375,-65.4327392578125,0.12999636840820314,-0.879210498046875,0.0
,9431,,,,,31.7962646484375,-63.5284423828125,0.1636607666015625,-0.8646053283691406,0.0
,9432,,,,,37.554931640625,-61.175537109375,0.20903001708984376,-0.8443031066894532,0.0
,9433,,,,,42.2607421875,-59.3353271484375,0.23513287353515624,-0.8424386169433594,0.0
,9434,,,,,47.5250244140625,-56.5155029296875,0.271801171875,-0.8408848754882813,0.0
,9435,,,,,52.056884765625,-53.5491943359375,0.3386120544433594,-0.8041129943847657,0.0
,9436,,,,,55.4534912109375,-50.6744384765625,0.3799415771484375,-0.7733489135742188,0.0
,9437,,,,,58.5296630859375,-47.64404296875,0.42976488647460936,-0.7379236083984375,0.0
,9438,,,,,61.944580078125,-43.3135986328125,0.48953214111328125,-0.6998051513671876,0.0
,9439,,,,,64.6636962890625,-38.983154296875,0.5549964477539062,-0.658786376953125,0.0
,9440,,,,,66.50390625,-35.7330322265625,0.6317512756347656,-0.6041982604980469,0.0
,9441,,,,,68.023681640625,-32.26318359375,0.7033269653320313,-0.551060302734375,0.0
,9442,,,,,68.5546875,-30.029296875,0.7492141296386718,-0.5025835693359375,0.0
,9443,,,,,69.287109375,-26.5869140625,0.7838107727050782,-0.4635328674316406,0.0
,9444,,,,,69.7906494140625,-22.979736328125,0.8356021545410156,-0.4355655212402344,0.0
,9445,,,,,69.2962646484375,-19.537353515625,0.8707167114257813,-0.4033512817382813,0.0
,9446,,,,,69.8455810546875,-12.9730224609375,0.8711310424804688,-0.38978193969726566,0.0
,9447,,,,,70.5596923828125,-6.610107421875,0.8806606567382813,-0.35767128295898437,0.0
,9448,,,,,73.9288330078125,3.4515380859375,0.8826287292480469,-0.31023037719726565,0.0
,9449,,,,,71.8780517578125,5.126953125,0.8978553955078126,-0.2506702880859375,0.0
,9450,,,,,71.96044921875,11.7828369140625,0.8878078674316406,-0.21638439331054687,0.0
,9451,,,,,71.7132568359375,17.39501953125,0.8910189331054688,-0.1363149169921875,0.0
,9452,,,,,71.7041015625,21.533203125,0.9032416992187501,-0.06567147216796876,0.0
,9453,,,,,71.1090087890625,26.03759765625,0.9031381164550781,0.010047528076171876,0.0
,9454,,,,,69.83642578125,30.6976318359375,0.8807642395019532,0.06629296875,0.0
,9455,,,,,68.389892578125,34.97314453125,0.8646053283691406,0.1396295654296875,0.0
,9456,,,,,66.83349609375,37.939453125,0.8705095458984375,0.216280810546875,0.0
,9457,,,,,65.8447265625,39.3402099609375,0.8761030151367187,0.30556915283203123,0.0
,9458,,,,,63.2537841796875,42.681884765625,0.8650196594238282,0.37818067016601564,0.0
,9459,,,,,60.9649658203125,45.22705078125,0.8298015197753906,0.42085676879882816,0.0
,9460,,,,,58.88671875,46.3714599609375,0.8357057373046876,0.48052044067382815,0.0
,9461,,,,,55.535888671875,49.713134765625,0.8363272338867188,0.5222642944335938,0.0
,9462,,,,,51.287841796875,52.91748046875,0.80711689453125,0.5471241577148438,0.0
,9463,,,,,46.3531494140625,56.8817138671875,0.7535646057128906,0.5706374450683593,0.0
,9464,,,,,41.6107177734375,59.674072265625,0.7600903198242188,0.6198392578125,0.0
,9465,,,,,32.48291015625,62.860107421875,0.7005302307128907,0.6378626586914062,0.0
,9466,,,,,31.7138671875,66.2017822265625,0.6564039733886718,0.6470815246582031,0.0
,9467,,,,,27.0172119140625,69.0765380859375,0.5872106872558593,0.6545394836425782,0.0
,9468,,,,,22.8790283203125,71.4019775390625,0.5577931823730469,0.6769133605957032,0.0
,9469,,,,,18.878173828125,72.747802734375,0.4800025268554688,0.7177249694824219,0.0
,9470,,,,,14.8773193359375,73.9654541015625,0.43535835571289067,0.7882648315429688,0.0
,9471,,,,,9.686279296875,75.054931640625,0.4026262023925781,0.8411956237792969,0.0
,9472,,,,,4.8431396484375,75.3662109375,0.35249214477539065,0.8781746704101563,0.0
,9473,,,,,1.13525390625,75.311279296875,0.23844752197265626,0.8631551696777344,0.0
,9474,,,,,-1.3641357421875,75.0,0.17267246704101563,0.8821108154296875,0.0
,9475,,,,,-5.767822265625,73.9654541015625,0.13227518920898437,0.89992705078125,0.0
,9476,,,,,-8.917236328125,72.8668212890625,0.10959056396484375,0.9334878662109375,0.0
,9477,,,,,-11.1419677734375,71.4019775390625,0.04474775390625,0.9505790222167969,0.0
,9478,,,,,-16.021728515625,69.6990966796875,0.00145015869140625,0.9445712219238281,0.0
,9479,,,,,-21.4874267578125,67.1722412109375,-0.03873995361328125,0.9424995666503907,0.0
,9480,,,,,-27.28271484375,65.2679443359375,-0.09446748046875,0.9157752136230469,0.0
,9481,,,,,-32.48291015625,63.226318359375,-0.1346575927734375,0.9031381164550781,0.0
,9482,,,,,-37.8204345703125,60.7269287109375,-0.17205097045898438,0.8886365295410157,0.0
,9483,,,,,-43.8812255859375,57.7880859375,-0.21244824829101563,0.8715453735351563,0.0
,9484,,,,,-49.072265625,54.78515625,-0.28609559326171874,0.8175787536621094,0.0
,9485,,,,,-53.1463623046875,51.89208984375,-0.3489703308105469,0.7968622009277344,0.0
,9486,,,,,-56.982421875,49.2279052734375,-0.3992079711914063,0.7638192993164062,0.0
,9487,,,,,-60.7635498046875,45.59326171875,-0.45638565673828124,0.7270474182128907,0.0
,9488,,,,,-63.5467529296875,42.37060546875,-0.53034375,0.6769133605957032,0.0
,9489,,,,,-65.643310546875,39.5599365234375,-0.5819279663085938,0.6429382141113281,0.0
,9490,,,,,-67.67578125,35.906982421875,-0.6409701416015625,0.6015051086425781,0.0
,9491,,,,,-68.51806640625,33.6181640625,-0.6774312744140625,0.5699123657226562,0.0
,9492,,,,,-69.873046875,29.498291015625,-0.73750927734375,0.5252681945800781,0.0
,9493,,,,,-70.64208984375,26.055908203125,-0.8020413391113281,0.4806240234375,0.0
,9494,,,,,-70.1202392578125,23.9044189453125,-0.8430601135253907,0.43287236938476564,0.0
,9495,,,,,-70.9259033203125,19.22607421875,-0.8539363037109375,0.40397277832031253,0.0
,9496,,,,,-71.5576171875,12.9730224609375,-0.8771388427734376,0.3674080627441406,0.0
,9497,,,,,-72.2991943359375,6.6925048828125,-0.9196077758789063,0.30401541137695315,0.0
,9498,,,,,-74.9542236328125,-3.057861328125,-0.9285158935546876,0.24714847412109375,0.0
,9499,,,,,-73.2330322265625,-5.072021484375,-0.9316233764648438,0.206336865234375,0.0
,9500,,,,,-73.6724853515625,-11.444091796875,-0.9135999755859375,0.17805877075195314,0.0
,9501,,,,,-73.5260009765625,-16.51611328125,-0.8937120849609376,0.1255423095703125,0.0
,9502,,,,,-73.1048583984375,-20.782470703125,-0.9100781616210938,0.040500860595703125,0.0
,9503,,,,,-72.509765625,-25.0579833984375,-0.9103889099121094,-0.030142584228515627,0.0
,9504,,,,,-71.6033935546875,-29.095458984375,-0.8998234680175782,-0.09394956665039063,0.0
,9505,,,,,-70.1202392578125,-33.9111328125,-0.9048990234375001,-0.13496834106445313,0.0
,9506,,,,,-68.2708740234375,-38.2965087890625,-0.9101817443847656,-0.20291863403320312,0.0
,9507,,,,,-66.3665771484375,-41.0430908203125,-0.8885329467773437,-0.274287158203125,0.0
,9508,,,,,-65.6341552734375,-41.3360595703125,-0.8821108154296875,-0.3583963623046875,0.0
,9509,,,,,-62.603759765625,-43.9910888671875,-0.8639838317871094,-0.42054602050781253,0.0
,9510,,,,,-59.3719482421875,-47.2320556640625,-0.8653304077148438,-0.48217776489257813,0.0
,9511,,,,,-56.7169189453125,-48.2025146484375,-0.8204790710449219,-0.49471127929687503,0.0
,9512,,,,,-52.4322509765625,-51.251220703125,-0.8255546264648438,-0.551060302734375,0.0
,9513,,,,,-47.8912353515625,-54.9224853515625,-0.8061846496582031,-0.5672192138671875,0.0
,9514,,,,,-41.839599609375,-59.234619140625,-0.7923045593261719,-0.6194249267578125,0.0
,9515,,,,,-34.0301513671875,-62.9241943359375,-0.7108885070800781,-0.6009871948242188,0.0
,9516,,,,,-31.6131591796875,-65.899658203125,-0.70104814453125,-0.6510176696777344,0.0
,9517,,,,,-26.641845703125,-68.5546875,-0.6490495971679687,-0.6638619323730469,0.0
,9518,,,,,-21.7437744140625,-71.08154296875,-0.5994334533691407,-0.7221790283203126,0.0
,9519,,,,,-17.1295166015625,-73.2421875,-0.5135633422851563,-0.725079345703125,0.0
,9520,,,,,-13.5406494140625,-74.7161865234375,-0.502997900390625,-0.7973801147460938,0.0
,9521,,,,,-9.3292236328125,-75.6317138671875,-0.4149525512695313,-0.8074276428222656,0.0
,9522,,,,,-4.2572021484375,-75.9429931640625,-0.3481416687011719,-0.8623265075683594,0.0
,9523,,,,,0.604248046875,-76.116943359375,-0.25222402954101564,-0.8610835144042969,0.0
,9524,,,,,4.302978515625,-75.567626953125,-0.217938134765625,-0.9160859619140626,0.0
,9525,,,,,6.060791015625,-74.7894287109375,-0.1542347351074219,-0.9253048278808594,0.0
,9526,,,,,10.36376953125,-73.553466796875,-0.09260299072265625,-0.9406350769042969,0.0
,9527,,,,,14.6392822265625,-72.2900390625,-0.02340970458984375,-0.9166038757324219,0.0
,9528,,,,,16.8548583984375,-70.4864501953125,0.023720452880859375,-0.9094566650390625,0.0
,9529,,,,,21.8902587890625,-68.3624267578125,0.05137705078125,-0.9227152587890626,0.0
,9530,,,,,28.0242919921875,-65.6890869140625,0.09053133544921875,-0.9468500427246094,0.0
,9531,,,,,34.368896484375,-62.8509521484375,0.12730321655273438,-0.9300696350097657,0.0
,9532,,,,,39.7705078125,-60.223388671875,0.18883137817382814,-0.8982697265625,0.0
,9533,,,,,45.0347900390625,-57.4676513671875,0.2291250732421875,-0.8850111328125,0.0
,9534,,,,,50.006103515625,-54.5379638671875,0.2827809448242188,-0.8600476867675781,0.0
,9535,,,,,54.82177734375,-51.45263671875,0.3281501953125,-0.8205826538085937,0.0
,9536,,,,,59.0240478515625,-48.2025146484375,0.3568426208496094,-0.804630908203125,0.0
,9537,,,,,61.834716796875,-45.2362060546875,0.43939808349609377,-0.7498356262207031,0.0
,9538,,,,,64.5263671875,-42.1051025390625,0.519571142578125,-0.6907934509277344,0.0
,9539,,,,,66.741943359375,-38.2965087890625,0.5611078308105469,-0.6682124084472656,0.0
,9540,,,,,68.66455078125,-34.588623046875,0.6223252441406251,-0.6352730895996094,0.0
,9541,,,,,69.7265625,-31.951904296875,0.6790885986328126,-0.5826530456542969,0.0
,9542,,,,,69.342041015625,-30.9814453125,0.7396845153808594,-0.5310688293457031,0.0
,9543,,,,,69.5068359375,-27.410888671875,0.7931332214355469,-0.4779308715820313,0.0
,9544,,,,,70.404052734375,-22.8057861328125,0.8445102722167969,-0.4351511901855469,0.0
,9545,,,,,70.2117919921875,-19.3634033203125,0.8929870056152344,-0.38926402587890624,0.0
,9546,,,,,70.8526611328125,-13.8885498046875,0.9097674133300782,-0.3612966796875,0.0
,9547,,,,,71.44775390625,-7.9833984375,0.8994091369628906,-0.34078729248046874,0.0
,9548,,,,,75.3204345703125,4.229736328125,0.8936085021972656,-0.31416652221679686,0.0
,9549,,,,,72.8851318359375,5.145263671875,0.8985804748535157,-0.24393740844726564,0.0
,9550,,,,,73.077392578125,9.942626953125,0.9090423339843751,-0.17174022216796875,0.0
,9551,,,,,73.3154296875,14.8956298828125,0.9260299072265625,-0.09208507690429688,0.0
,9552,,,,,72.9034423828125,20.1141357421875,0.9427067321777344,-0.0352181396484375,0.0
,9553,,,,,71.8780517578125,24.8382568359375,0.9520291809082032,0.027035101318359376,0.0
,9554,,,,,70.8892822265625,28.3538818359375,0.9313126281738282,0.0882525146484375,0.0
,9555,,,,,69.2047119140625,32.025146484375,0.9154644653320313,0.17671219482421877,0.0
,9556,,,,,67.41943359375,35.3759765625,0.9290338073730469,0.24600906372070314,0.0
,9557,,,,,65.5975341796875,38.177490234375,0.9204364379882812,0.30080434570312503,0.0
,9558,,,,,62.7044677734375,41.2078857421875,0.9407386596679688,0.3904034362792969,0.0
,9559,,,,,60.53466796875,42.645263671875,0.9179504516601563,0.4488241149902344,0.0
,9560,,,,,57.8704833984375,43.98193359375,0.8955765747070312,0.49678293457031253,0.0
,9561,,,,,53.8330078125,47.5616455078125,0.8745492736816407,0.5376981262207031,0.0
,9562,,,,,49.859619140625,50.2716064453125,0.8780710876464844,0.5919754943847656,0.0
,9563,,,,,45.538330078125,54.0435791015625,0.8225507263183593,0.5945650634765626,0.0
,9564,,,,,40.4937744140625,57.5042724609375,0.7846394348144532,0.6055448364257813,0.0
,9565,,,,,30.3497314453125,61.23046875,0.736784197998047,0.6263649719238281,0.0
,9566,,,,,30.0384521484375,64.9566650390625,0.7132709106445313,0.6626189392089844,0.0
,9567,,,,,25.909423828125,67.8497314453125,0.6482209350585938,0.68116025390625,0.0
,9568,,,,,20.489501953125,70.7244873046875,0.6172496887207032,0.6868573059082032,0.0
,9569,,,,,15.93017578125,72.6654052734375,0.5260968566894532,0.7088168518066407,0.0
,9570,,,,,11.846923828125,73.6358642578125,0.47181948852539063,0.7713808410644531,0.0
,9571,,,,,7.708740234375,73.9471435546875,0.41329522705078126,0.815403515625,0.0
,9572,,,,,2.6458740234375,74.5330810546875,0.3631611694335938,0.8620157592773438,0.0
,9573,,,,,-1.995849609375,74.359130859375,0.2538813537597656,0.8356021545410156,0.0
,9574,,,,,-5.1361083984375,73.699951171875,0.21120525512695312,0.8742385253906251,0.0
,9575,,,,,-8.660888671875,72.747802734375,0.1359005859375,0.8825251464843751,0.0
,9576,,,,,-11.4166259765625,71.0723876953125,0.0841092041015625,0.9002377990722656,0.0
,9577,,,,,-14.227294921875,69.4976806640625,0.04443700561523438,0.915671630859375,0.0
,9578,,,,,-17.87109375,68.3349609375,0.0015537414550781251,0.9234403381347657,0.0
,9579,,,,,-21.954345703125,66.741943359375,-0.0484767333984375,0.8979589782714844,0.0
,9580,,,,,-28.0792236328125,64.398193359375,-0.09612480468750001,0.8787961669921875,0.0
,9581,,,,,-34.2132568359375,61.81640625,-0.13134294433593752,0.8700952148437501,0.0
,9582,,,,,-39.3768310546875,59.8114013671875,-0.19390693359375,0.8451317687988281,0.0
,9583,,,,,-44.7509765625,57.4859619140625,-0.22415310058593751,0.8345663269042969,0.0
,9584,,,,,-50.1068115234375,54.4281005859375,-0.2793627136230469,0.8102243774414063,0.0
,9585,,,,,-54.7027587890625,51.4068603515625,-0.3189313293457031,0.7872290039062501,0.0
,9586,,,,,-57.7606201171875,49.40185546875,-0.38853894653320314,0.7555326782226562,0.0
,9587,,,,,-60.82763671875,46.9390869140625,-0.4470632080078125,0.7200037902832032,0.0
,9588,,,,,-63.2080078125,44.1741943359375,-0.5289971740722657,0.6582684631347656,0.0
,9589,,,,,-65.9637451171875,39.8712158203125,-0.585864111328125,0.6098953125000001,0.0
,9590,,,,,-67.8955078125,36.328125,-0.6545394836425782,0.5454668334960938,0.0
,9591,,,,,-67.913818359375,35.4583740234375,-0.7032233825683594,0.5006154968261719,0.0
,9592,,,,,-68.6737060546875,32.2723388671875,-0.7578114990234375,0.48031327514648436,0.0
,9593,,,,,-69.7906494140625,28.0792236328125,-0.7965514526367188,0.43815509033203126,0.0
,9594,,,,,-69.635009765625,25.4791259765625,-0.8465819274902344,0.3904034362792969,0.0
,9595,,,,,-70.367431640625,20.855712890625,-0.8611870971679688,0.3717585388183594,0.0
,9596,,,,,-71.37451171875,15.435791015625,-0.8828358947753907,0.343894775390625,0.0
,9597,,,,,-72.3541259765625,8.990478515625,-0.8754815185546875,0.3188277465820313,0.0
,9598,,,,,-75.54931640625,-2.545166015625,-0.8927798400878907,0.2772910583496094,0.0
,9599,,,,,-73.370361328125,-3.3416748046875,-0.9014807922363282,0.24124425659179688,0.0
,9600,,,,,-73.187255859375,-8.4136962890625,-0.9317269592285157,0.17215455322265624,0.0
,9601,,,,,-72.8118896484375,-12.9364013671875,-0.9493360290527344,0.09218865966796876,0.0
,9602,,,,,-72.0977783203125,-18.475341796875,-0.9579333984375,0.013880090332031251,0.0
,9603,,,,,-71.026611328125,-23.236083984375,-0.9650806091308594,-0.04174385375976562,0.0
,9604,,,,,-69.6441650390625,-27.081298828125,-0.9441568908691407,-0.09819645996093751,0.0
,9605,,,,,-67.9046630859375,-30.72509765625,-0.9380455078125001,-0.14636244506835938,0.0
,9606,,,,,-65.5517578125,-35.3118896484375,-0.9116319030761719,-0.19660008544921875,0.0
,9607,,,,,-63.043212890625,-38.726806640625,-0.9068670959472657,-0.27811972045898437,0.0
,9608,,,,,-62.091064453125,-38.8458251953125,-0.8950586608886719,-0.3467950927734375,0.0
,9609,,,,,-59.7198486328125,-41.3909912109375,-0.8623265075683594,-0.39061060180664064,0.0
,9610,,,,,-56.7352294921875,-45.08056640625,-0.8512431518554687,-0.44405930786132813,0.0
,9611,,,,,-53.79638671875,-46.6094970703125,-0.8017305908203125,-0.4670546813964844,0.0
,9612,,,,,-49.98779296875,-49.84130859375,-0.7966550354003906,-0.5192603942871094,0.0
,9613,,,,,-45.6756591796875,-53.704833984375,-0.7738668273925782,-0.5356264709472657,0.0
,9614,,,,,-40.17333984375,-57.89794921875,-0.7984159423828125,-0.5967403015136719,0.0
,9615,,,,,-33.3160400390625,-62.091064453125,-0.7354376220703125,-0.5942543151855469,0.0
,9616,,,,,-29.9835205078125,-65.1947021484375,-0.7264259216308594,-0.6539179870605469,0.0
,9617,,,,,-23.9227294921875,-68.0694580078125,-0.6710091430664062,-0.6578541320800781,0.0
,9618,,,,,-19.061279296875,-70.42236328125,-0.6316476928710938,-0.6896540405273438,0.0
,9619,,,,,-14.8681640625,-72.2900390625,-0.5539606201171875,-0.6973191650390625,0.0
,9620,,,,,-10.7666015625,-73.7823486328125,-0.5174994873046875,-0.7546004333496094,0.0
,9621,,,,,-6.683349609375,-74.81689453125,-0.43577268676757813,-0.768169775390625,0.0
,9622,,,,,-1.57470703125,-75.25634765625,-0.38356697387695315,-0.821307733154297,0.0
,9623,,,,,3.4332275390625,-75.4119873046875,-0.2994577697753906,-0.8243116333007813,0.0
,9624,,,,,6.9854736328125,-75.2197265625,-0.2487022155761719,-0.87672451171875,0.0
,9625,,,,,8.2305908203125,-74.6978759765625,-0.13548625488281252,-0.8598405212402344,0.0
,9626,,,,,12.0941162109375,-73.223876953125,-0.05407020263671875,-0.8717525390625,0.0
,9627,,,,,16.0400390625,-71.8414306640625,0.010669024658203125,-0.8694737182617188,0.0
,9628,,,,,18.145751953125,-70.12939453125,0.044851336669921874,-0.9063491821289062,0.0
,9629,,,,,22.9339599609375,-68.2708740234375,0.06411773071289063,-0.9125641479492188,0.0
,9630,,,,,29.058837890625,-65.679931640625,0.10907265014648437,-0.9009628784179687,0.0
,9631,,,,,35.1287841796875,-63.0615234375,0.14470512084960938,-0.8897759399414062,0.0
,9632,,,,,40.31982421875,-60.9649658203125,0.1661467529296875,-0.8832502258300782,0.0
,9633,,,,,45.30029296875,-58.88671875,0.2047831237792969,-0.8396418823242188,0.0
,9634,,,,,50.50048828125,-55.8746337890625,0.28537051391601564,-0.8060810668945313,0.0
,9635,,,,,54.7027587890625,-53.0181884765625,0.33291500244140626,-0.7820498657226562,0.0
,9636,,,,,57.879638671875,-50.7110595703125,0.3683403076171875,-0.7562577575683594,0.0
,9637,,,,,60.6170654296875,-48.5321044921875,0.4621862915039063,-0.6899647888183594,0.0
,9638,,,,,63.134765625,-45.6207275390625,0.5279613464355469,-0.6453206176757813,0.0
,9639,,,,,66.082763671875,-41.7572021484375,0.5839996215820312,-0.6230503234863282,0.0
,9640,,,,,67.41943359375,-39.5233154296875,0.6465636108398438,-0.5774739074707032,0.0
,9641,,,,,68.3349609375,-36.2640380859375,0.7185536315917969,-0.5238180358886719,0.0
,9642,,,,,68.84765625,-33.6456298828125,0.7694127685546875,-0.486424658203125,0.0
,9643,,,,,69.1680908203125,-30.28564453125,0.7954120422363281,-0.46280778808593753,0.0
,9644,,,,,70.2392578125,-25.3509521484375,0.8470998413085937,-0.42914338989257816,0.0
,9645,,,,,70.0927734375,-21.368408203125,0.9026202026367188,-0.37310511474609376,0.0
,9646,,,,,70.6695556640625,-15.56396484375,0.9211615173339844,-0.33146484375,0.0
,9647,,,,,71.2188720703125,-8.82568359375,0.918261199951172,-0.3061906494140625,0.0
,9648,,,,,71.8780517578125,-2.874755859375,0.8967159851074219,-0.280916455078125,0.0
,9649,,,,,72.36328125,2.655029296875,0.9079029235839844,-0.20778702392578124,0.0
,9650,,,,,72.5555419921875,7.5531005859375,0.9258227416992187,-0.15392398681640626,0.0
,9651,,,,,72.4365234375,12.4786376953125,0.9249940795898438,-0.09757496337890625,0.0
,9652,,,,,72.015380859375,18.328857421875,0.9180540344238282,-0.045990747070312504,0.0
,9653,,,,,71.319580078125,23.2452392578125,0.9248904968261719,0.0352181396484375,0.0
,9654,,,,,70.0836181640625,26.66015625,0.9449855529785156,0.10990131225585938,0.0
,9655,,,,,68.4539794921875,30.8349609375,0.9395992492675782,0.1753656188964844,0.0
,9656,,,,,66.3665771484375,35.321044921875,0.9341093627929687,0.22166711425781252,0.0
,9657,,,,,63.9678955078125,39.51416015625,0.9105960754394532,0.27490865478515625,0.0
,9658,,,,,61.6241455078125,42.5628662109375,0.9178468688964844,0.3464843444824219,0.0
,9659,,,,,60.3240966796875,43.634033203125,0.8989948059082031,0.4128808959960938,0.0
,9660,,,,,57.110595703125,46.6461181640625,0.8798319946289063,0.46695109863281253,0.0
,9661,,,,,53.5858154296875,49.969482421875,0.8693701354980469,0.5120096008300782,0.0
,9662,,,,,50.299072265625,51.4068603515625,0.8654339904785157,0.5611078308105469,0.0
,9663,,,,,45.3826904296875,54.9957275390625,0.8315624267578126,0.5787169006347657,0.0
,9664,,,,,39.715576171875,58.92333984375,0.8076348083496094,0.6097917297363281,0.0
,9665,,,,,32.4371337890625,62.7410888671875,0.7704485961914063,0.6352730895996094,0.0
,9666,,,,,29.296875,65.8538818359375,0.7537717712402344,0.6656228393554687,0.0
,9667,,,,,24.6368408203125,68.939208984375,0.6719413879394531,0.6644834289550782,0.0
,9668,,,,,19.1070556640625,71.759033203125,0.610827557373047,0.6710091430664062,0.0
,9669,,,,,14.1357421875,73.5809326171875,0.5231965393066407,0.6814710021972656,0.0
,9670,,,,,10.0067138671875,74.945068359375,0.48456016845703126,0.7478675537109375,0.0
,9671,,,,,6.097412109375,76.28173828125,0.4304899658203125,0.7942726318359375,0.0
,9672,,,,,1.13525390625,77.01416015625,0.3791129150390625,0.8428529479980469,0.0
,9673,,,,,-3.167724609375,77.215576171875,0.2692116027832031,0.8397454650878906,0.0
,9674,,,,,-4.6051025390625,77.0416259765625,0.20291863403320312,0.8717525390625,0.0
,9675,,,,,-7.6904296875,76.1993408203125,0.13579700317382812,0.8865648742675781,0.0
,9676,,,,,-11.3433837890625,74.688720703125,0.08607727661132812,0.9085244201660156,0.0
,9677,,,,,-13.73291015625,72.9766845703125,0.03459664306640625,0.9174325378417969,0.0
,9678,,,,,-17.742919921875,71.2646484375,0.00932244873046875,0.9373204284667969,0.0
,9679,,,,,-22.6043701171875,68.7286376953125,-0.025584942626953124,0.9436389770507813,0.0
,9680,,,,,-27.9144287109375,66.8426513671875,-0.08245187988281251,0.904070361328125,0.0
,9681,,,,,-34.3963623046875,64.3524169921875,-0.1288569580078125,0.8832502258300782,0.0
,9682,,,,,-40.081787109375,62.0819091796875,-0.18033759155273438,0.8500001586914063,0.0
,9683,,,,,-44.9249267578125,60.040283203125,-0.23181822509765626,0.83031943359375,0.0
,9684,,,,,-49.1363525390625,57.8704833984375,-0.2911711486816406,0.7895078247070313,0.0
,9685,,,,,-53.8055419921875,54.840087890625,-0.35756770019531253,0.7576043334960938,0.0
,9686,,,,,-57.6873779296875,52.313232421875,-0.42945413818359374,0.7356447875976563,0.0
,9687,,,,,-60.205078125,50.0244140625,-0.49243245849609374,0.7026018859863281,0.0
,9688,,,,,-62.3565673828125,46.9940185546875,-0.5766452453613281,0.6463564453125,0.0
,9689,,,,,-65.2313232421875,42.5628662109375,-0.6308190307617187,0.6211858337402344,0.0
,9690,,,,,-67.0623779296875,38.763427734375,-0.6915185302734376,0.5852426147460937,0.0
,9691,,,,,-66.9158935546875,37.60986328125,-0.7263223388671876,0.5578967651367188,0.0
,9692,,,,,-67.694091796875,34.38720703125,-0.7890934936523438,0.51211318359375,0.0
,9693,,,,,-67.9779052734375,31.2652587890625,-0.8456496826171875,0.461564794921875,0.0
,9694,,,,,-67.7947998046875,27.4566650390625,-0.8946443298339845,0.4144346374511719,0.0
,9695,,,,,-68.975830078125,21.6339111328125,-0.9029309509277345,0.398586474609375,0.0
,9696,,,,,-69.744873046875,16.2506103515625,-0.9094566650390625,0.37279436645507813,0.0
,9697,,,,,-70.9075927734375,10.2264404296875,-0.9225080932617188,0.322349560546875,0.0
,9698,,,,,-76.0894775390625,-4.0283203125,-0.9115283203125,0.27501223754882814,0.0
,9699,,,,,-72.7203369140625,-3.2135009765625,-0.9285158935546876,0.23016090087890625,0.0
,9700,,,,,-73.004150390625,-8.4869384765625,-0.9519255981445313,0.18220208129882812,0.0
,9701,,,,,-72.711181640625,-13.73291015625,-0.9409458251953126,0.135071923828125,0.0
,9702,,,,,-71.6033935546875,-19.189453125,-0.9579333984375,0.05810993041992188,0.0
,9703,,,,,-70.5413818359375,-24.31640625,-0.9470572082519532,0.008597369384765624,0.0
,9704,,,,,-69.1497802734375,-28.5552978515625,-0.926547821044922,-0.029831835937500002,0.0
,9705,,,,,-67.4652099609375,-32.5927734375,-0.9323484558105469,-0.09281015625,0.0
,9706,,,,,-64.92919921875,-37.4908447265625,-0.947160791015625,-0.1702900634765625,0.0
,9707,,,,,-62.1368408203125,-40.887451171875,-0.9434318115234376,-0.22239219360351564,0.0
,9708,,,,,-60.8001708984375,-41.7022705078125,-0.9200221069335938,-0.31188770141601563,0.0
,9709,,,,,-58.0718994140625,-44.183349609375,-0.8797284118652344,-0.3591214416503906,0.0
,9710,,,,,-54.9591064453125,-46.8658447265625,-0.8596333557128907,-0.415159716796875,0.0
,9711,,,,,-52.2216796875,-48.284912109375,-0.844406689453125,-0.45876806030273437,0.0
,9712,,,,,-48.394775390625,-51.104736328125,-0.841920703125,-0.5295150878906251,0.0
,9713,,,,,-43.7530517578125,-54.327392578125,-0.8014198425292969,-0.539459033203125,0.0
,9714,,,,,-45.9869384765625,-58.19091796875,-0.7688948547363281,-0.579234814453125,0.0
,9715,,,,,-28.3721923828125,-62.017822265625,-0.726736669921875,-0.5849318664550781,0.0
,9716,,,,,-28.7567138671875,-65.1031494140625,-0.7413418395996094,-0.6657264221191407,0.0
,9717,,,,,-23.931884765625,-68.0145263671875,-0.6691446533203125,-0.6641726806640625,0.0
,9718,,,,,-18.804931640625,-71.044921875,-0.6061663330078125,-0.6987693237304687,0.0
,9719,,,,,-14.1357421875,-73.27880859375,-0.4975080139160156,-0.685303564453125,0.0
,9720,,,,,-10.693359375,-74.59716796875,-0.45887164306640627,-0.7533574401855468,0.0
,9721,,,,,-6.976318359375,-75.457763671875,-0.38284189453125,-0.7590544921875,0.0
,9722,,,,,-2.60009765625,-75.787353515625,-0.33094692993164065,-0.8006947631835938,0.0
,9723,,,,,1.666259765625,-76.3275146484375,-0.22218502807617188,-0.7944797973632812,0.0
,9724,,,,,4.7149658203125,-75.9613037109375,-0.16645750122070313,-0.8249331298828125,0.0
,9725,,,,,5.45654296875,-75.238037109375,-0.10223618774414063,-0.8362236511230469,0.0
,9726,,,,,8.9630126953125,-73.93798828125,-0.062356823730468754,-0.8665734008789063,0.0
,9727,,,,,13.275146484375,-72.4273681640625,0.00828662109375,-0.8629480041503906,0.0
,9728,,,,,15.8843994140625,-70.5780029296875,0.06308190307617188,-0.8872899536132812,0.0
,9729,,,,,20.9930419921875,-68.756103515625,0.07841215209960938,-0.9031381164550781,0.0
,9730,,,,,26.202392578125,-66.7694091796875,0.08680235595703126,-0.9067635131835938,0.0
,9731,,,,,32.6202392578125,-64.1143798828125,0.1359005859375,-0.89329775390625,0.0
,9732,,,,,38.4979248046875,-61.6241455078125,0.19753233032226564,-0.869266552734375,0.0
,9733,,,,,42.9656982421875,-59.6282958984375,0.26330738525390623,-0.8351878234863281,0.0
,9734,,,,,47.149658203125,-57.275390625,0.31965640869140627,-0.8141605224609375,0.0
,9735,,,,,51.324462890625,-54.364013671875,0.360468017578125,-0.7968622009277344,0.0
,9736,,,,,55.1605224609375,-51.3336181640625,0.4032476989746094,-0.7776993896484375,0.0
,9737,,,,,57.7972412109375,-48.3856201171875,0.46104688110351566,-0.7496284606933594,0.0
,9738,,,,,60.498046875,-44.82421875,0.5363515502929688,-0.7094383483886719,0.0
,9739,,,,,62.9241943359375,-41.0247802734375,0.6252255615234376,-0.6439740417480468,0.0
,9740,,,,,64.5721435546875,-37.8936767578125,0.6972155822753906,-0.5872106872558593,0.0
,9741,,,,,65.4327392578125,-35.19287109375,0.7359555358886719,-0.5412199401855469,0.0
,9742,,,,,65.7257080078125,-33.58154296875,0.7843286865234376,-0.497197265625,0.0
,9743,,,,,66.5496826171875,-30.1849365234375,0.8302158508300782,-0.4497563598632813,0.0
,9744,,,,,68.07861328125,-24.7283935546875,0.8618085937500001,-0.4106020751953125,0.0
,9745,,,,,68.3349609375,-20.5718994140625,0.8653304077148438,-0.40386919555664064,0.0
,9746,,,,,69.122314453125,-15.362548828125,0.8659519042968751,-0.390299853515625,0.0
,9747,,,,,69.7540283203125,-9.4573974609375,0.8806606567382813,-0.352181396484375,0.0
,9748,,,,,74.542236328125,4.4586181640625,0.8934013366699219,-0.3167560913085938,0.0
,9749,,,,,71.1181640625,3.955078125,0.8946443298339845,-0.27283699951171875,0.0
,9750,,,,,71.3836669921875,9.063720703125,0.880867822265625,-0.22529251098632813,0.0
,9751,,,,,71.209716796875,14.3646240234375,0.8807642395019532,-0.1496770935058594,0.0
,9752,,,,,70.5780029296875,19.95849609375,0.9022058715820312,-0.09115283203125,0.0
,9753,,,,,69.6258544921875,25.616455078125,0.9112175720214845,-0.024756280517578125,0.0
,9754,,,,,68.3990478515625,29.7271728515625,0.9060384338378906,0.03666829833984375,0.0
,9755,,,,,66.7144775390625,33.673095703125,0.8903974365234375,0.11207655029296876,0.0
,9756,,,,,64.434814453125,37.8662109375,0.8920547607421875,0.18199491577148438,0.0
,9757,,,,,62.21923828125,41.748046875,0.8949550781250001,0.2470448913574219,0.0
,9758,,,,,60.0128173828125,44.27490234375,0.9071778442382813,0.32649287109375,0.0
,9759,,,,,58.905029296875,44.842529296875,0.8689558044433594,0.3870887878417969,0.0
,9760,,,,,55.975341796875,47.149658203125,0.8487571655273438,0.4397088317871094,0.0
,9761,,,,,52.69775390625,50.4364013671875,0.8310445129394531,0.4719230712890625,0.0
,9762,,,,,49.749755859375,52.4688720703125,0.8405741271972657,0.5358336364746094,0.0
,9763,,,,,45.2362060546875,56.048583984375,0.7811176208496095,0.5418414367675781,0.0
,9764,,,,,39.8162841796875,60.0677490234375,0.7555326782226562,0.5728126831054687,0.0
,9765,,,,,33.819580078125,63.9495849609375,0.7214539489746093,0.5876250183105469,0.0
,9766,,,,,30.7342529296875,66.961669921875,0.6785706848144532,0.623982568359375,0.0
,9767,,,,,26.1016845703125,69.6533203125,0.5979832946777344,0.6452170349121094,0.0
,9768,,,,,20.562744140625,72.0062255859375,0.5635938171386718,0.6568183044433594,0.0
,9769,,,,,16.07666015625,74.029541015625,0.5074519592285156,0.7096455139160156,0.0
,9770,,,,,12.2955322265625,75.1739501953125,0.4653973571777344,0.776456396484375,0.0
,9771,,,,,8.5968017578125,75.7965087890625,0.41339880981445315,0.8164393432617187,0.0
,9772,,,,,3.9825439453125,76.4739990234375,0.3230746398925781,0.83363408203125,0.0
,9773,,,,,0.018310546875,76.702880859375,0.2233244384765625,0.8365343994140625,0.0
,9774,,,,,-0.6866455078125,76.629638671875,0.1785766845703125,0.8813857360839844,0.0
,9775,,,,,-3.9459228515625,75.970458984375,0.1064830810546875,0.8973374816894532,0.0
,9776,,,,,-7.9193115234375,74.5513916015625,0.0795515625,0.9340057800292969,0.0
,9777,,,,,-10.36376953125,72.5738525390625,0.03480380859375,0.945503466796875,0.0
,9778,,,,,-14.83154296875,70.86181640625,-0.02175238037109375,0.9478858703613282,0.0
,9779,,,,,-19.9127197265625,68.7103271484375,-0.08069097290039062,0.9225080932617188,0.0
,9780,,,,,-26.202392578125,66.2017822265625,-0.12398856811523438,0.8976482299804688,0.0
,9781,,,,,-32.208251953125,63.775634765625,-0.14532661743164063,0.889154443359375,0.0
,9782,,,,,-36.712646484375,61.651611328125,-0.22902149047851564,0.8418171203613282,0.0
,9783,,,,,-41.4825439453125,59.381103515625,-0.29075681762695316,0.8119852844238281,0.0
,9784,,,,,-46.490478515625,56.6253662109375,-0.35114556884765624,0.7772850585937501,0.0
,9785,,,,,-50.7568359375,53.887939453125,-0.4065623474121094,0.7692056030273438,0.0
,9786,,,,,-53.94287109375,51.7181396484375,-0.46239345703125,0.730051318359375,0.0
,9787,,,,,-57.366943359375,48.6419677734375,-0.4766878784179688,0.7088168518066407,0.0
,9788,,,,,-60.0494384765625,45.538330078125,-0.5343834777832032,0.6555753112792969,0.0
,9789,,,,,-63.3544921875,41.41845703125,-0.6125884643554688,0.6176640197753906,0.0
,9790,,,,,-65.679931640625,37.518310546875,-0.6716306396484375,0.5940471496582032,0.0
,9791,,,,,-66.229248046875,35.5316162109375,-0.7045699584960937,0.5787169006347657,0.0
,9792,,,,,-67.547607421875,31.732177734375,-0.7703450134277344,0.5152206665039063,0.0
,9793,,,,,-68.572998046875,27.6947021484375,-0.8172680053710938,0.48145268554687504,0.0
,9794,,,,,-68.3807373046875,24.774169921875,-0.8465819274902344,0.45027427368164064,0.0
,9795,,,,,-69.2230224609375,20.1690673828125,-0.8890508605957032,0.40511218872070315,0.0
,9796,,,,,-69.76318359375,15.069580078125,-0.9142214721679688,0.36564715576171875,0.0
,9797,,,,,-70.513916015625,8.5418701171875,-0.8882221984863281,0.3497989929199219,0.0
,9798,,,,,-73.5076904296875,-2.5634765625,-0.8910189331054688,0.30929813232421877,0.0
,9799,,,,,-71.209716796875,-4.2022705078125,-0.8920547607421875,0.2669327819824219,0.0
,9800,,,,,-71.3470458984375,-10.3546142578125,-0.9083172546386719,0.2064404479980469,0.0
,9801,,,,,-70.8892822265625,-16.3970947265625,-0.9158787963867188,0.15361323852539063,0.0
,9802,,,,,-70.3399658203125,-21.990966796875,-0.9317269592285157,0.06898612060546876,0.0
,9803,,,,,-69.9371337890625,-26.239013671875,-0.9467464599609375,-0.00062149658203125,0.0
,9804,,,,,-69.17724609375,-30.3955078125,-0.9303803833007813,-0.05935292358398438,0.0
,9805,,,,,-67.4835205078125,-34.808349609375,-0.9021022888183594,-0.10410067749023438,0.0
,9806,,,,,-65.5059814453125,-38.9373779296875,-0.9035524475097656,-0.17101514282226563,0.0
,9807,,,,,-63.61083984375,-41.619873046875,-0.8830430603027344,-0.24228008422851563,0.0
,9808,,,,,-62.73193359375,-42.3065185546875,-0.8614978454589844,-0.31851699829101565,0.0
,9809,,,,,-60.1043701171875,-45.794677734375,-0.826176123046875,-0.364611328125,0.0
,9810,,,,,-57.1563720703125,-48.7884521484375,-0.8084634704589844,-0.4089447509765625,0.0
,9811,,,,,-54.876708984375,-49.1729736328125,-0.7769743103027344,-0.44229840087890626,0.0
,9812,,,,,-50.7293701171875,-52.11181640625,-0.7817391174316406,-0.5165672424316406,0.0
,9813,,,,,-45.4925537109375,-56.231689453125,-0.7621619750976563,-0.5368694641113282,0.0
,9814,,,,,-40.4937744140625,-60.5621337890625,-0.7506642883300781,-0.5633866516113282,0.0
,9815,,,,,-34.3231201171875,-63.9129638671875,-0.6775348571777344,-0.5547892822265625,0.0
,9816,,,,,-31.8695068359375,-67.1173095703125,-0.6640690979003906,-0.6119669677734375,0.0
,9817,,,,,-26.312255859375,-70.5047607421875,-0.5771631591796875,-0.6143493713378907,0.0
,9818,,,,,-21.478271484375,-73.1414794921875,-0.5616257446289062,-0.6957654235839844,0.0
,9819,,,,,-17.5048828125,-74.652099609375,-0.4919145446777344,-0.71430673828125,0.0
,9820,,,,,-13.65966796875,-75.7232666015625,-0.44519871826171875,-0.7827749450683594,0.0
,9821,,,,,-8.9263916015625,-76.3824462890625,-0.33995863037109375,-0.7873325866699219,0.0
,9822,,,,,-4.7882080078125,-76.446533203125,-0.311576953125,-0.8530040588378907,0.0
,9823,,,,,-1.1444091796875,-76.2451171875,-0.239483349609375,-0.8540398864746094,0.0
,9824,,,,,2.2430419921875,-75.3570556640625,-0.1749512878417969,-0.8823179809570313,0.0
,9825,,,,,4.010009765625,-74.4598388671875,-0.09912870483398438,-0.8865648742675781,0.0
,9826,,,,,7.6995849609375,-73.53515625,-0.04340117797851563,-0.8989948059082031,0.0
,9827,,,,,11.480712890625,-72.1893310546875,0.03376798095703125,-0.8766209289550781,0.0
,9828,,,,,14.61181640625,-70.4864501953125,0.06795029296875,-0.8839753051757813,0.0
,9829,,,,,20.635986328125,-68.3807373046875,0.07530466918945312,-0.8860469604492188,0.0
,9830,,,,,26.62353515625,-66.24755859375,0.0849378662109375,-0.9116319030761719,0.0
,9831,,,,,32.025146484375,-64.306640625,0.13196444091796874,-0.8912260986328125,0.0
,9832,,,,,37.6556396484375,-61.8621826171875,0.18458448486328125,-0.8774495910644532,0.0
,9833,,,,,42.5994873046875,-59.50927734375,0.23036806640625002,-0.8390203857421875,0.0
,9834,,,,,48.15673828125,-56.35986328125,0.2854740966796875,-0.8218256469726563,0.0
,9835,,,,,52.6336669921875,-53.3477783203125,0.33892280273437503,-0.80877421875,0.0
,9836,,,,,56.048583984375,-50.628662109375,0.36616506958007816,-0.8049416564941406,0.0
,9837,,,,,59.3353271484375,-47.698974609375,0.43577268676757813,-0.7396845153808594,0.0
,9838,,,,,62.87841796875,-43.6431884765625,0.522885791015625,-0.6719413879394531,0.0
,9839,,,,,65.5426025390625,-39.9169921875,0.5669084655761719,-0.6377590759277344,0.0
,9840,,,,,67.437744140625,-36.43798828125,0.6240861511230469,-0.5904217529296876,0.0
,9841,,,,,68.84765625,-32.8216552734375,0.6820924987792969,-0.557689599609375,0.0
,9842,,,,,69.0948486328125,-30.4779052734375,0.7501463745117187,-0.5090057006835937,0.0
,9843,,,,,69.708251953125,-26.824951171875,0.8237937194824219,-0.43701567993164064,0.0
,9844,,,,,70.257568359375,-23.309326171875,0.844406689453125,-0.41236298217773437,0.0
,9845,,,,,69.873046875,-19.9493408203125,0.8569402038574219,-0.3783878356933594,0.0
,9846,,,,,70.733642578125,-13.36669921875,0.86678056640625,-0.37403735961914064,0.0
,9847,,,,,71.4752197265625,-6.5093994140625,0.8814893188476562,-0.3550817138671875,0.0
,9848,,,,,74.2034912109375,3.4881591796875,0.8849075500488282,-0.3365403991699219,0.0
,9849,,,,,72.271728515625,5.511474609375,0.8773460083007812,-0.29966493530273436,0.0
,9850,,,,,72.36328125,12.176513671875,0.8737206115722657,-0.244455322265625,0.0
,9851,,,,,72.418212890625,17.9443359375,0.8706131286621094,-0.14574094848632813,0.0
,9852,,,,,72.235107421875,21.8994140625,0.8670913146972656,-0.06722521362304688,0.0
,9853,,,,,71.575927734375,26.2298583984375,0.8685414733886719,0.01470875244140625,0.0
,9854,,,,,70.477294921875,30.79833984375,0.8960944885253906,0.10244335327148438,0.0
,9855,,,,,69.0765380859375,34.918212890625,0.8864612915039063,0.17836951904296874,0.0
,9856,,,,,67.6849365234375,38.19580078125,0.8647089111328126,0.22518892822265626,0.0
,9857,,,,,66.61376953125,40.191650390625,0.8504144897460938,0.27708389282226564,0.0
,9858,,,,,63.8580322265625,43.4051513671875,0.8605656005859376,0.35021332397460936,0.0
,9859,,,,,61.41357421875,45.556640625,0.859322607421875,0.4139167236328125,0.0
,9860,,,,,59.2803955078125,46.3531494140625,0.8664698181152344,0.48238493041992186,0.0
,9861,,,,,55.92041015625,49.786376953125,0.8080491394042969,0.4901536376953125,0.0
,9862,,,,,51.3153076171875,53.21044921875,0.7776993896484375,0.5141848388671875,0.0
,9863,,,,,46.4630126953125,57.073974609375,0.7303620666503906,0.5289971740722657,0.0
,9864,,,,,42.1600341796875,60.4522705078125,0.7280832458496094,0.5764380798339844,0.0
,9865,,,,,33.1787109375,63.885498046875,0.7026018859863281,0.6170425231933594,0.0
,9866,,,,,31.8878173828125,67.05322265625,0.6772241088867188,0.6564039733886718,0.0
,9867,,,,,26.8341064453125,69.4244384765625,0.5801670593261719,0.6602365356445312,0.0
,9868,,,,,22.6959228515625,71.15478515625,0.5481599853515625,0.7056057861328126,0.0
,9869,,,,,18.6126708984375,72.6104736328125,0.4973008483886719,0.7579150817871094,0.0
,9870,,,,,13.3941650390625,73.9654541015625,0.4488241149902344,0.8033879150390625,0.0
,9871,,,,,8.8531494140625,74.725341796875,0.41049849243164066,0.8428529479980469,0.0
,9872,,,,,5.01708984375,74.7894287109375,0.3701012145996094,0.8903974365234375,0.0
,9873,,,,,1.1993408203125,74.652099609375,0.2588533264160156,0.8771388427734376,0.0
,9874,,,,,-0.8056640625,74.2034912109375,0.1898672058105469,0.9005485473632813,0.0
,9875,,,,,-5.31005859375,73.35205078125,0.140043896484375,0.9299660522460937,0.0
,9876,,,,,-8.7615966796875,72.088623046875,0.10378992919921876,0.9635268676757813,0.0
,9877,,,,,-10.7025146484375,70.458984375,0.037393377685546875,0.9646662780761719,0.0
,9878,,,,,-15.1336669921875,68.9208984375,0.0062149658203125005,0.9704669128417969,0.0
,9879,,,,,-20.635986328125,66.5313720703125,-0.024859863281250002,0.9749209716796875,0.0
,9880,,,,,-26.7059326171875,64.16015625,-0.07602974853515625,0.9399099975585937,0.0
,9881,,,,,-31.951904296875,61.92626953125,-0.12978920288085938,0.9176397033691407,0.0
,9882,,,,,-37.4542236328125,59.674072265625,-0.1732939636230469,0.8944371643066407,0.0
,9883,,,,,-43.414306640625,56.6253662109375,-0.19618575439453126,0.8762065979003907,0.0
,9884,,,,,-48.2025146484375,53.6590576171875,-0.24631981201171876,0.8481356689453126,0.0
,9885,,,,,-52.294921875,51.01318359375,-0.31313069458007814,0.7966550354003906,0.0
,9886,,,,,-55.810546875,48.5504150390625,-0.3745552734375,0.7596759887695312,0.0
,9887,,,,,-59.6466064453125,44.970703125,-0.4334938659667969,0.7363698669433594,0.0
,9888,,,,,-62.823486328125,41.363525390625,-0.5027907348632813,0.7045699584960937,0.0
,9889,,,,,-65.0299072265625,38.0218505859375,-0.5511638854980468,0.6629296875,0.0
,9890,,,,,-66.6595458984375,35.064697265625,-0.6305082824707031,0.6160066955566407,0.0
,9891,,,,,-67.8314208984375,32.6202392578125,-0.7020839721679688,0.561004248046875,0.0
,9892,,,,,-69.085693359375,28.656005859375,-0.7734524963378906,0.4810383544921875,0.0
,9893,,,,,-69.3145751953125,25.8636474609375,-0.7828785278320313,0.45483191528320316,0.0
,9894,,,,,-68.8018798828125,23.529052734375,-0.8118817016601563,0.42033885498046875,0.0
,9895,,,,,-69.671630859375,18.2464599609375,-0.8508288208007813,0.39175001220703126,0.0
,9896,,,,,-70.3948974609375,12.6617431640625,-0.8663662353515625,0.37393377685546875,0.0
,9897,,,,,-71.19140625,7.086181640625,-0.8856326293945312,0.32794302978515627,0.0
,9898,,,,,-73.93798828125,-2.4078369140625,-0.8814893188476562,0.2848526000976563,0.0
,9899,,,,,-72.2442626953125,-4.3304443359375,-0.8926762573242187,0.22622475585937502,0.0
,9900,,,,,-72.2991943359375,-11.187744140625,-0.9166038757324219,0.15817088012695313,0.0
,9901,,,,,-72.2900390625,-16.9189453125,-0.9352487731933594,0.08566294555664063,0.0
,9902,,,,,-71.9970703125,-21.2493896484375,-0.9356631042480469,0.0169875732421875,0.0
,9903,,,,,-71.6400146484375,-25.1129150390625,-0.90655634765625,-0.0285888427734375,0.0
,9904,,,,,-70.440673828125,-29.754638671875,-0.8873935363769532,-0.09291373901367188,0.0
,9905,,,,,-68.95751953125,-33.6822509765625,-0.8786925842285157,-0.12461006469726563,0.0
,9906,,,,,-67.4652099609375,-36.785888671875,-0.854350634765625,-0.19256035766601562,0.0
,9907,,,,,-65.4876708984375,-39.7979736328125,-0.8448210205078125,-0.27086892700195314,0.0
,9908,,,,,-64.41650390625,-40.8233642578125,-0.8324946716308594,-0.33581531982421875,0.0
,9909,,,,,-61.6973876953125,-43.487548828125,-0.8217220642089844,-0.3882281982421875,0.0
,9910,,,,,-58.77685546875,-45.7763671875,-0.8289728576660157,-0.4656045227050781,0.0
,9911,,,,,-55.99365234375,-47.0947265625,-0.798001611328125,-0.5048623901367187,0.0
,9912,,,,,-51.544189453125,-50.3631591796875,-0.8161285949707031,-0.5730198486328125,0.0
,9913,,,,,-45.8404541015625,-54.30908203125,-0.7985195251464844,-0.5856569458007813,0.0
,9914,,,,,-40.594482421875,-58.4564208984375,-0.7813247863769531,-0.6136242919921875,0.0
,9915,,,,,-33.0322265625,-61.77978515625,-0.7193822937011719,-0.6104132263183594,0.0
,9916,,,,,-31.622314453125,-65.1214599609375,-0.713478076171875,-0.67453095703125,0.0
,9917,,,,,-25.982666015625,-68.206787109375,-0.6434561279296875,-0.6783635192871094,0.0
,9918,,,,,-21.27685546875,-70.367431640625,-0.6155923645019531,-0.7477639709472657,0.0
,9919,,,,,-17.2576904296875,-71.9970703125,-0.5283756774902344,-0.7538753540039063,0.0
,9920,,,,,-13.3758544921875,-73.553466796875,-0.46684751586914064,-0.79385830078125,0.0
,9921,,,,,-8.441162109375,-74.4415283203125,-0.39071418457031254,-0.8074276428222656,0.0
,9922,,,,,-3.7811279296875,-74.9908447265625,-0.3561175415039063,-0.8620157592773438,0.0
,9923,,,,,0.29296875,-75.0640869140625,-0.25460643310546877,-0.8558007934570313,0.0
,9924,,,,,4.156494140625,-74.267578125,-0.2042652099609375,-0.8958873229980469,0.0
,9925,,,,,6.5643310546875,-73.590087890625,-0.13890448608398437,-0.9018951232910156,0.0
,9926,,,,,10.29052734375,-72.69287109375,-0.06795029296875,-0.9173289550781251,0.0
,9927,,,,,13.7237548828125,-71.063232421875,-0.006111383056640625,-0.9209543518066406,0.0
,9928,,,,,16.3330078125,-68.9300537109375,0.026931518554687502,-0.9308982971191406,0.0
,9929,,,,,22.08251953125,-66.90673828125,0.06567147216796876,-0.9226116760253906,0.0
,9930,,,,,27.9693603515625,-64.5538330078125,0.096953466796875,-0.9216794311523437,0.0
,9931,,,,,33.380126953125,-62.14599609375,0.12108825073242188,-0.9237510864257813,0.0
,9932,,,,,39.1845703125,-59.6282958984375,0.1330002685546875,-0.9179504516601563,0.0
,9933,,,,,44.4854736328125,-57.1014404296875,0.19121378173828127,-0.875895849609375,0.0
,9934,,,,,50.1617431640625,-53.668212890625,0.2571960021972656,-0.8449246032714844,0.0
,9935,,,,,54.345703125,-50.93994140625,0.3146844360351563,-0.8232758056640626,0.0
,9936,,,,,57.6507568359375,-48.614501953125,0.35570321044921877,-0.7981051940917969,0.0
,9937,,,,,60.6903076171875,-45.8404541015625,0.436704931640625,-0.744967236328125,0.0
,9938,,,,,64.3341064453125,-41.6015625,0.5210213012695313,-0.7024983032226563,0.0
,9939,,,,,66.925048828125,-38.0126953125,0.5864856079101562,-0.6646905944824218,0.0
,9940,,,,,68.646240234375,-35.101318359375,0.6381734069824219,-0.6222216613769531,0.0
,9941,,,,,70.367431640625,-31.988525390625,0.7082989379882813,-0.5535462890625,0.0
,9942,,,,,70.3033447265625,-31.292724609375,0.7562577575683594,-0.5120096008300782,0.0
,9943,,,,,70.733642578125,-27.850341796875,0.7934439697265625,-0.483110009765625,0.0
,9944,,,,,71.4202880859375,-23.4100341796875,0.8489643310546875,-0.43090429687500004,0.0
,9945,,,,,70.989990234375,-20.2056884765625,0.8835609741210938,-0.37641976318359377,0.0
,9946,,,,,71.5576171875,-14.4744873046875,0.8803499084472657,-0.36450774536132813,0.0
,9947,,,,,72.10693359375,-7.2235107421875,0.8939192504882812,-0.3219352294921875,0.0
,9948,,,,,74.8992919921875,3.0853271484375,0.9133928100585937,-0.28247019653320316,0.0
,9949,,,,,73.3428955078125,5.3192138671875,0.9101817443847656,-0.23109314575195314,0.0
,9950,,,,,73.71826171875,10.5010986328125,0.9173289550781251,-0.17868026733398437,0.0
,9951,,,,,73.8006591796875,15.0421142578125,0.9254084106445313,-0.1027541015625,0.0
,9952,,,,,73.42529296875,20.0042724609375,0.9083172546386719,-0.04785523681640625,0.0
,9953,,,,,72.9400634765625,24.700927734375,0.9286194763183594,0.029831835937500002,0.0
,9954,,,,,72.0794677734375,28.0975341796875,0.9076957580566406,0.08462711791992188,0.0
,9955,,,,,70.3948974609375,32.11669921875,0.8936085021972656,0.15382040405273437,0.0
,9956,,,,,67.85888671875,36.346435546875,0.9009628784179687,0.2150378173828125,0.0
,9957,,,,,66.0919189453125,38.6627197265625,0.9152572998046875,0.30722647705078127,0.0
,9958,,,,,63.6016845703125,40.8599853515625,0.9432246459960938,0.4025226196289063,0.0
,9959,,,,,61.322021484375,42.425537109375,0.9217830139160157,0.45037785644531253,0.0
,9960,,,,,57.89794921875,44.9981689453125,0.91981494140625,0.5024799865722657,0.0
,9961,,,,,53.8330078125,48.6419677734375,0.9051061889648437,0.5404948608398438,0.0
,9962,,,,,50.555419921875,50.7843017578125,0.8763101806640625,0.5747807556152343,0.0
,9963,,,,,46.0784912109375,54.7393798828125,0.8205826538085937,0.5793383972167969,0.0
,9964,,,,,40.5120849609375,58.721923828125,0.8147820190429688,0.6116562194824219,0.0
,9965,,,,,32.55615234375,62.493896484375,0.763197802734375,0.6301975341796875,0.0
,9966,,,,,30.926513671875,65.5975341796875,0.720107373046875,0.6573362182617187,0.0
,9967,,,,,26.495361328125,68.3807373046875,0.6232574890136718,0.658786376953125,0.0
,9968,,,,,20.8740234375,70.7794189453125,0.5854497802734375,0.6660371704101563,0.0
,9969,,,,,16.0125732421875,72.6837158203125,0.5058982177734375,0.7105777587890625,0.0
,9970,,,,,11.97509765625,73.8189697265625,0.46974783325195313,0.7852609313964845,0.0
,9971,,,,,7.6995849609375,74.3408203125,0.4238606689453125,0.8272119506835938,0.0
,9972,,,,,2.2979736328125,75.03662109375,0.38843536376953125,0.8752743530273438,0.0
,9973,,,,,-2.4169921875,75.1556396484375,0.30380824584960936,0.8927798400878907,0.0
,9974,,,,,-5.291748046875,74.5330810546875,0.227882080078125,0.9058312683105469,0.0
,9975,,,,,-8.8531494140625,73.5260009765625,0.17101514282226563,0.930691131591797,0.0
,9976,,,,,-11.627197265625,72.4365234375,0.10472217407226563,0.9352487731933594,0.0
,9977,,,,,-14.520263671875,70.9442138671875,0.049719726562500004,0.9419816528320313,0.0
,9978,,,,,-18.4112548828125,69.3695068359375,0.015019500732421875,0.9532721740722656,0.0
,9979,,,,,-22.5311279296875,67.327880859375,-0.054173785400390626,0.9248904968261719,0.0
,9980,,,,,-28.6834716796875,64.8193359375,-0.087009521484375,0.9042775268554688,0.0
,9981,,,,,-34.8175048828125,62.0269775390625,-0.09125641479492187,0.9062455993652344,0.0
,9982,,,,,-39.825439453125,60.0677490234375,-0.1563063903808594,0.8660554870605469,0.0
,9983,,,,,-45.0164794921875,57.769775390625,-0.19836099243164063,0.8362236511230469,0.0
,9984,,,,,-50.262451171875,54.6661376953125,-0.27407999267578126,0.7903364868164062,0.0
,9985,,,,,-55.0048828125,51.8646240234375,-0.3519742309570313,0.7508714538574219,0.0
,9986,,,,,-58.154296875,49.9053955078125,-0.4280039794921875,0.6927615234375,0.0
,9987,,,,,-61.5142822265625,47.6165771484375,-0.4760663818359375,0.6665550842285156,0.0
,9988,,,,,-64.727783203125,43.890380859375,-0.5508531372070312,0.6296796203613282,0.0
,9989,,,,,-67.05322265625,40.0634765625,-0.5977761291503907,0.6147637023925782,0.0
,9990,,,,,-68.37158203125,37.5,-0.6629296875,0.5564466064453125,0.0
,9991,,,,,-68.81103515625,36.4654541015625,-0.705191455078125,0.5143920043945313,0.0
,9992,,,,,-69.5526123046875,33.306884765625,-0.7594688232421876,0.4634292846679688,0.0
,9993,,,,,-70.660400390625,28.3355712890625,-0.7826713623046875,0.4447843872070313,0.0
,9994,,,,,-70.5780029296875,24.9298095703125,-0.8398490478515626,0.4069766784667969,0.0
,9995,,,,,-70.806884765625,20.61767578125,-0.8710274597167968,0.3763161804199219,0.0
,9996,,,,,-71.392822265625,15.1611328125,-0.8708202941894532,0.34907391357421874,0.0
,9997,,,,,-72.61962890625,8.349609375,-0.9032416992187501,0.2939678833007813,0.0
,9998,,,,,-73.6724853515625,2.2064208984375,-0.9369060974121094,0.23979409790039063,0.0
,9999,,,,,-74.1943359375,-3.131103515625,-0.9421888183593751,0.19504634399414064,0.0
