Unix Time,Sample Index,Speed,Torque,Power,Efficiency,Voltage alpha,Voltage beta,Current alpha,Current beta,Error flags
1775462296,0,1500.0,0.5769581707803402,0.09836389764031554,92.13487708694714,72.7294921875,-24.334716796875,0.8348770751953125,-0.4634292846679688,0.0
,1,,,,,70.550537109375,-24.334716796875,0.8832502258300782,-0.4200281066894531,0.0
,2,,,,,75.2105712890625,-12.5885009765625,0.9000306335449219,-0.3817024841308594,0.0
,3,,,,,72.1893310546875,-12.5885009765625,0.9285158935546876,-0.35155989990234376,0.0
,4,,,,,78.03955078125,2.8106689453125,0.9054169372558594,-0.3344687438964844,0.0
,5,,,,,75.457763671875,2.8106689453125,0.8961980712890625,-0.28827083129882813,0.0
,6,,,,,77.398681640625,10.4644775390625,0.8937120849609376,-0.22694983520507814,0.0
,7,,,,,71.2921142578125,10.4644775390625,0.9312090454101563,-0.15060933837890625,0.0
,8,,,,,77.728271484375,21.6064453125,0.9342129455566407,-0.07416525878906251,0.0
,9,,,,,71.722412109375,21.6064453125,0.9418780700683594,-0.007975872802734376,0.0
,10,,,,,76.318359375,29.55322265625,0.9326592041015626,0.061631744384765624,0.0
,11,,,,,68.096923828125,29.55322265625,0.9621802917480469,0.13693641357421876,0.0
,12,,,,,72.967529296875,37.9852294921875,0.9398064147949219,0.21151600341796875,0.0
,13,,,,,64.105224609375,37.9852294921875,0.9232331726074219,0.28661350708007816,0.0
,14,,,,,65.606689453125,40.5853271484375,0.9088351684570313,0.3497989929199219,0.0
,15,,,,,60.3424072265625,40.5853271484375,0.9226116760253906,0.4240678344726563,0.0
,16,,,,,63.427734375,45.9228515625,0.9385634216308594,0.5037229797363282,0.0
,17,,,,,53.72314453125,45.9228515625,0.9139107238769532,0.5351085571289063,0.0
,18,,,,,56.9732666015625,51.5533447265625,0.9028273681640625,0.5861748596191406,0.0
,19,,,,,43.9727783203125,51.5533447265625,0.8668841491699218,0.5820315490722656,0.0
,20,,,,,17.5323486328125,55.0140380859375,0.8612906799316407,0.6332014343261719,0.0
,21,,,,,31.93359375,59.0972900390625,0.8031807495117188,0.6379662414550782,0.0
,22,,,,,34.3597412109375,63.2904052734375,0.7628870544433594,0.6631368530273438,0.0
,23,,,,,22.760009765625,66.1376953125,0.6526749938964844,0.6385877380371094,0.0
,24,,,,,24.444580078125,69.0582275390625,0.6352730895996094,0.6884110473632813,0.0
,25,,,,,14.5294189453125,71.6949462890625,0.5473313232421875,0.6914149475097656,0.0
,26,,,,,15.6646728515625,73.663330078125,0.5133561767578125,0.7610225646972657,0.0
,27,,,,,6.005859375,74.7802734375,0.43276878662109375,0.7874361694335937,0.0
,28,,,,,6.207275390625,75.1190185546875,0.40293695068359375,0.8439923583984376,0.0
,29,,,,,-2.1697998046875,75.5767822265625,0.32452479858398436,0.8525897277832032,0.0
,30,,,,,-2.1331787109375,75.640869140625,0.26589695434570315,0.8863577087402345,0.0
,31,,,,,-7.781982421875,74.8260498046875,0.17422620849609374,0.8940228332519532,0.0
,32,,,,,-8.2855224609375,73.9654541015625,0.14532661743164063,0.9266514038085938,0.0
,33,,,,,-14.3096923828125,72.9766845703125,0.08473070068359376,0.9365953491210938,0.0
,34,,,,,-15.19775390625,71.44775390625,0.036771881103515626,0.9395992492675782,0.0
,35,,,,,-17.7337646484375,69.61669921875,-0.01429442138671875,0.9422924011230469,0.0
,36,,,,,-23.3734130859375,67.67578125,-0.059663671875000004,0.9296553039550781,0.0
,37,,,,,-29.18701171875,65.33203125,-0.10886548461914063,0.9097674133300782,0.0
,38,,,,,-34.7625732421875,63.0523681640625,-0.159931787109375,0.8823179809570313,0.0
,39,,,,,-42.5628662109375,57.0556640625,-0.19059228515625,0.8810749877929688,0.0
,40,,,,,-46.7193603515625,57.0556640625,-0.23875827026367188,0.8369487304687501,0.0
,41,,,,,-53.06396484375,51.96533203125,-0.3186205810546875,0.7794602966308594,0.0
,42,,,,,-55.3436279296875,51.96533203125,-0.38429205322265625,0.7155497314453125,0.0
,43,,,,,-60.7269287109375,46.2799072265625,-0.4552462463378906,0.7021875549316406,0.0
,44,,,,,-62.3016357421875,46.2799072265625,-0.511284521484375,0.6659335876464844,0.0
,45,,,,,-66.7694091796875,40.02685546875,-0.5482635681152344,0.6370339965820313,0.0
,46,,,,,-66.632080078125,40.02685546875,-0.6179747680664063,0.5799598937988282,0.0
,47,,,,,-69.5526123046875,35.04638671875,-0.6948331787109375,0.5285828430175782,0.0
,48,,,,,-68.975830078125,35.04638671875,-0.7420669189453125,0.5055874694824218,0.0
,49,,,,,-71.4935302734375,28.60107421875,-0.7916830627441407,0.469851416015625,0.0
,50,,,,,-69.873046875,28.60107421875,-0.84357802734375,0.449963525390625,0.0
,51,,,,,-72.98583984375,20.0958251953125,-0.8854254638671876,0.40801250610351564,0.0
,52,,,,,-93.603515625,-20.123291015625,-0.8954729919433594,0.39340733642578124,0.0
,53,,,,,-83.0841064453125,-7.1319580078125,-0.9318305419921875,0.32960035400390625,0.0
,54,,,,,-79.925537109375,-7.1319580078125,-0.9495431945800782,0.2953144592285156,0.0
,55,,,,,-75.29296875,-4.13818359375,-0.9499575256347657,0.231196728515625,0.0
,56,,,,,-72.216796875,-4.13818359375,-0.9362846008300781,0.20768344116210938,0.0
,57,,,,,-75.238037109375,-15.2252197265625,-0.9544115844726563,0.11922376098632813,0.0
,58,,,,,-69.451904296875,-15.2252197265625,-0.9666343505859375,0.06846820678710938,0.0
,59,,,,,-73.956298828125,-23.016357421875,-0.9802036926269532,-0.02092371826171875,0.0
,60,,,,,-66.3116455078125,-23.016357421875,-0.9814466857910157,-0.06784671020507813,0.0
,61,,,,,-71.2371826171875,-31.5399169921875,-0.9676701782226563,-0.14429078979492188,0.0
,62,,,,,-63.31787109375,-31.5399169921875,-0.9407386596679688,-0.17422620849609374,0.0
,63,,,,,-66.4215087890625,-36.9232177734375,-0.9398064147949219,-0.24062276000976562,0.0
,64,,,,,-59.600830078125,-36.9232177734375,-0.8949550781250001,-0.29282847290039066,0.0
,65,,,,,-62.8692626953125,-42.59033203125,-0.8755851013183594,-0.3692725524902344,0.0
,66,,,,,-54.5928955078125,-42.59033203125,-0.8658483215332031,-0.4199245239257813,0.0
,67,,,,,-57.53173828125,-47.6806640625,-0.8480320861816406,-0.47803445434570313,0.0
,68,,,,,-46.6552734375,-47.6806640625,-0.8167500915527344,-0.4923288757324219,0.0
,69,,,,,-48.2666015625,-50.4638671875,-0.8188217468261719,-0.5483671508789063,0.0
,70,,,,,-36.785888671875,-54.30908203125,-0.8030771667480469,-0.5685657897949219,0.0
,71,,,,,-38.6077880859375,-57.4676513671875,-0.7736596618652344,-0.6073057434082031,0.0
,72,,,,,-25.8636474609375,-60.8917236328125,-0.7472460571289062,-0.6146601196289063,0.0
,73,,,,,-27.996826171875,-64.581298828125,-0.7151354003906251,-0.6556788940429688,0.0
,74,,,,,-17.3126220703125,-67.803955078125,-0.6443883728027344,-0.6941080993652344,0.0
,75,,,,,-18.5943603515625,-70.01953125,-0.5777846557617188,-0.7239399353027344,0.0
,76,,,,,-8.6517333984375,-71.649169921875,-0.5345906433105468,-0.7485926330566407,0.0
,77,,,,,-9.6221923828125,-73.333740234375,-0.4531745910644531,-0.7564649230957031,0.0
,78,,,,,-1.0162353515625,-74.249267578125,-0.38967835693359376,-0.802144921875,0.0
,79,,,,,-1.1810302734375,-74.542236328125,-0.302461669921875,-0.8180966674804688,0.0
,80,,,,,5.89599609375,-74.7161865234375,-0.24300516357421875,-0.8436816101074219,0.0
,81,,,,,6.0150146484375,-74.505615234375,-0.18240924682617188,-0.8624300903320313,0.0
,82,,,,,11.737060546875,-73.370361328125,-0.12202049560546875,-0.8782782531738281,0.0
,83,,,,,12.322998046875,-72.344970703125,-0.06080308227539063,-0.8836645568847656,0.0
,84,,,,,18.109130859375,-70.6146240234375,0.006111383056640625,-0.8727883666992188,0.0
,85,,,,,19.207763671875,-68.7103271484375,0.04754448852539063,-0.8668841491699218,0.0
,86,,,,,24.57275390625,-66.7144775390625,0.09281015625,-0.8564222900390626,0.0
,87,,,,,29.644775390625,-64.5538330078125,0.100268115234375,-0.8581831970214844,0.0
,88,,,,,34.808349609375,-62.5030517578125,0.17350112915039062,-0.8321839233398438,0.0
,89,,,,,40.557861328125,-60.0311279296875,0.20623328247070313,-0.8001768493652344,0.0
,90,,,,,47.076416015625,-55.5267333984375,0.27532298583984377,-0.7807032897949219,0.0
,91,,,,,49.9786376953125,-55.5267333984375,0.3013222595214844,-0.771484423828125,0.0
,92,,,,,55.242919921875,-51.251220703125,0.3540458862304688,-0.7601939025878907,0.0
,93,,,,,57.2479248046875,-51.251220703125,0.40790892333984374,-0.7291190734863281,0.0
,94,,,,,63.153076171875,-44.2657470703125,0.4819705993652344,-0.6956618408203126,0.0
,95,,,,,63.9129638671875,-44.2657470703125,0.5316903259277344,-0.6432489624023437,0.0
,96,,,,,67.5201416015625,-38.067626953125,0.6205643371582031,-0.5711553588867188,0.0
,97,,,,,67.1539306640625,-38.067626953125,0.6832319091796876,-0.5364551330566406,0.0
,98,,,,,69.39697265625,-32.7301025390625,0.74082392578125,-0.5000975830078125,0.0
,99,,,,,68.3349609375,-32.7301025390625,0.7770778930664063,-0.47896669921875,0.0
,100,,,,,70.71533203125,-26.531982421875,0.8260725402832032,-0.44613096313476563,0.0
,101,,,,,68.4539794921875,-26.531982421875,0.8779675048828125,-0.39879364013671875,0.0
,102,,,,,73.0499267578125,-14.4287109375,0.8739277770996094,-0.378698583984375,0.0
,103,,,,,70.3216552734375,-14.4287109375,0.8834573913574219,-0.35549604492187503,0.0
,104,,,,,74.468994140625,-2.471923828125,0.8880150329589844,-0.3355045715332031,0.0
,105,,,,,71.484375,-2.471923828125,0.9196077758789063,-0.28226303100585937,0.0
,106,,,,,75.4669189453125,9.100341796875,0.9401171630859375,-0.20146847534179688,0.0
,107,,,,,69.049072265625,9.100341796875,0.9478858703613282,-0.141701220703125,0.0
,108,,,,,74.4873046875,18.5211181640625,0.9150501342773438,-0.0957104736328125,0.0
,109,,,,,68.26171875,18.5211181640625,0.9183647827148438,-0.025170611572265626,0.0
,110,,,,,73.828125,28.1524658203125,0.9310018798828126,0.049719726562500004,0.0
,111,,,,,65.2679443359375,28.1524658203125,0.945503466796875,0.11953450927734376,0.0
,112,,,,,69.7998046875,35.99853515625,0.9167074584960938,0.17868026733398437,0.0
,113,,,,,61.4593505859375,35.99853515625,0.9339021972656251,0.265171875,0.0
,114,,,,,64.4439697265625,41.1712646484375,0.9153608825683595,0.32763228149414064,0.0
,115,,,,,57.330322265625,41.1712646484375,0.9072814270019531,0.3716549560546875,0.0
,116,,,,,60.552978515625,46.76513671875,0.8952658264160156,0.436704931640625,0.0
,117,,,,,53.1005859375,46.76513671875,0.8796248291015625,0.49046438598632813,0.0
,118,,,,,53.814697265625,48.0194091796875,0.8948514953613281,0.5605899169921875,0.0
,119,,,,,41.729736328125,51.7730712890625,0.8637766662597657,0.5738485107421876,0.0
,120,,,,,20.17822265625,55.462646484375,0.8566294555664062,0.6254327270507812,0.0
,121,,,,,31.4300537109375,59.1522216796875,0.7973801147460938,0.6220144958496094,0.0
,122,,,,,33.4442138671875,62.6495361328125,0.7997625183105469,0.6688339050292968,0.0
,123,,,,,20.947265625,66.2933349609375,0.7128565795898437,0.6626189392089844,0.0
,124,,,,,22.6959228515625,69.32373046875,0.6827139953613282,0.7057093688964844,0.0
,125,,,,,12.70751953125,71.2738037109375,0.565976220703125,0.6626189392089844,0.0
,126,,,,,13.7237548828125,73.040771484375,0.5186388977050781,0.7079881896972656,0.0
,127,,,,,3.7628173828125,74.359130859375,0.420131689453125,0.7509750366210938,0.0
,128,,,,,4.5867919921875,75.7781982421875,0.38843536376953125,0.8271083679199219,0.0
,129,,,,,-2.984619140625,76.1444091796875,0.31592742919921873,0.8416099548339844,0.0
,130,,,,,-3.0029296875,76.1077880859375,0.2538813537597656,0.8707167114257813,0.0
,131,,,,,-8.001708984375,75.7598876953125,0.17381187744140625,0.8827323120117188,0.0
,132,,,,,-8.3770751953125,75.1190185546875,0.15143800048828127,0.9297588867187501,0.0
,133,,,,,-13.9251708984375,74.029541015625,0.08183038330078125,0.9424995666503907,0.0
,134,,,,,-14.6392822265625,72.784423828125,0.006629296875,0.930691131591797,0.0
,135,,,,,-17.4407958984375,70.7794189453125,-0.050755554199218754,0.9221973449707032,0.0
,136,,,,,-23.47412109375,68.22509765625,-0.08234829711914063,0.9138071411132813,0.0
,137,,,,,-29.1778564453125,65.8355712890625,-0.1396295654296875,0.8889472778320313,0.0
,138,,,,,-34.442138671875,63.9129638671875,-0.19328543701171877,0.8532112243652344,0.0
,139,,,,,-40.10009765625,61.834716796875,-0.2337862976074219,0.8388132202148437,0.0
,140,,,,,-45.41015625,59.2254638671875,-0.29438221435546874,0.8082563049316407,0.0
,141,,,,,-51.37939453125,54.3182373046875,-0.35642828979492186,0.7774922241210938,0.0
,142,,,,,-53.5400390625,54.3182373046875,-0.4264502380371094,0.7191751281738281,0.0
,143,,,,,-58.8958740234375,48.37646484375,-0.47005858154296876,0.6939009338378906,0.0
,144,,,,,-60.4339599609375,48.37646484375,-0.5381124572753906,0.6539179870605469,0.0
,145,,,,,-64.617919921875,42.59033203125,-0.5995370361328125,0.6221180786132813,0.0
,146,,,,,-64.7918701171875,42.59033203125,-0.6606508666992188,0.5939435668945313,0.0
,147,,,,,-67.8955078125,36.8408203125,-0.7240435180664063,0.5465026611328125,0.0
,148,,,,,-66.9891357421875,36.8408203125,-0.7855716796875001,0.519571142578125,0.0
,149,,,,,-70.0103759765625,29.7088623046875,-0.846064013671875,0.4802096923828125,0.0
,150,,,,,-68.3349609375,29.7088623046875,-0.8887401123046875,0.4435413940429688,0.0
,151,,,,,-71.1822509765625,21.4141845703125,-0.9163967102050782,0.4023154541015625,0.0
,152,,,,,-68.5272216796875,21.4141845703125,-0.9178468688964844,0.3951682434082031,0.0
,153,,,,,-73.4619140625,8.038330078125,-0.9178468688964844,0.3560139587402344,0.0
,154,,,,,-80.0445556640625,-8.0657958984375,-0.9395992492675782,0.3278394470214844,0.0
,155,,,,,-74.725341796875,-3.2501220703125,-0.963837615966797,0.24631981201171876,0.0
,156,,,,,-71.942138671875,-3.2501220703125,-0.9648734436035157,0.22104561767578126,0.0
,157,,,,,-75.604248046875,-15.1336669921875,-0.9747138061523438,0.12937487182617188,0.0
,158,,,,,-68.939208984375,-15.1336669921875,-0.9331771179199219,0.11632344360351562,0.0
,159,,,,,-74.12109375,-24.1058349609375,-0.9457106323242188,0.02548135986328125,0.0
,160,,,,,-66.064453125,-24.1058349609375,-0.9315197937011719,-0.0136729248046875,0.0
,161,,,,,-72.0977783203125,-34.552001953125,-0.9512005187988282,-0.1081404052734375,0.0
,162,,,,,-63.7939453125,-34.552001953125,-0.9574154846191406,-0.1666646667480469,0.0
,163,,,,,-67.437744140625,-40.8599853515625,-0.9536865051269532,-0.22259935913085938,0.0
,164,,,,,-58.2550048828125,-40.8599853515625,-0.9274800659179688,-0.28153795166015627,0.0
,165,,,,,-60.992431640625,-45.6024169921875,-0.912356982421875,-0.3560139587402344,0.0
,166,,,,,-54.67529296875,-45.6024169921875,-0.875895849609375,-0.3899891052246094,0.0
,167,,,,,-57.403564453125,-50.3265380859375,-0.8595297729492187,-0.4613576293945313,0.0
,168,,,,,-47.0672607421875,-50.3265380859375,-0.8227578918457031,-0.47430547485351565,0.0
,169,,,,,-48.2574462890625,-52.386474609375,-0.8214113159179688,-0.5415306884765625,0.0
,170,,,,,-36.3922119140625,-56.0302734375,-0.8044237426757813,-0.5589325927734375,0.0
,171,,,,,-38.360595703125,-59.43603515625,-0.7796674621582032,-0.5890751770019531,0.0
,172,,,,,-25.9552001953125,-63.0615234375,-0.7398916809082031,-0.6119669677734375,0.0
,173,,,,,-28.1158447265625,-66.8060302734375,-0.6956618408203126,-0.6528821594238281,0.0
,174,,,,,-17.7337646484375,-70.12939453125,-0.6185962646484375,-0.675359619140625,0.0
,175,,,,,-19.0338134765625,-72.381591796875,-0.5607970825195313,-0.7074702758789063,0.0
,176,,,,,-9.283447265625,-74.3316650390625,-0.4850780822753906,-0.7287047424316406,0.0
,177,,,,,-10.3271484375,-76.13525390625,-0.4094626647949219,-0.7580186645507813,0.0
,178,,,,,-1.995849609375,-77.2979736328125,-0.362125341796875,-0.8182002502441407,0.0
,179,,,,,-2.252197265625,-77.74658203125,-0.28609559326171874,-0.8259689575195313,0.0
,180,,,,,2.581787109375,-77.783203125,-0.22187427978515625,-0.8605656005859376,0.0
,181,,,,,2.728271484375,-77.5360107421875,-0.140043896484375,-0.8674020629882813,0.0
,182,,,,,9.99755859375,-76.3458251953125,-0.07830856933593751,-0.8802463256835937,0.0
,183,,,,,10.7208251953125,-75.1007080078125,-0.0244455322265625,-0.8912260986328125,0.0
,184,,,,,15.966796875,-73.4893798828125,0.04661224365234375,-0.8857362121582032,0.0
,185,,,,,17.0196533203125,-71.66748046875,0.07924081420898438,-0.8896723571777344,0.0
,186,,,,,22.9888916015625,-69.5068359375,0.11280162963867188,-0.8979589782714844,0.0
,187,,,,,28.9581298828125,-67.27294921875,0.11321596069335937,-0.9197113586425781,0.0
,188,,,,,34.112548828125,-64.910888671875,0.20385087890625,-0.8842860534667969,0.0
,189,,,,,39.07470703125,-62.8692626953125,0.2249817626953125,-0.8744456909179688,0.0
,190,,,,,46.32568359375,-57.1380615234375,0.2919998107910156,-0.8496894104003907,0.0
,191,,,,,49.2645263671875,-57.1380615234375,0.3386120544433594,-0.8227578918457031,0.0
,192,,,,,54.1259765625,-52.3223876953125,0.3963076538085938,-0.7902329040527344,0.0
,193,,,,,55.7647705078125,-52.3223876953125,0.4786559509277344,-0.7358519531250001,0.0
,194,,,,,61.0107421875,-45.0439453125,0.5605899169921875,-0.6905862854003907,0.0
,195,,,,,61.8072509765625,-45.0439453125,0.5906289184570312,-0.6716306396484375,0.0
,196,,,,,66.1834716796875,-38.0859375,0.6543323181152344,-0.6324763549804687,0.0
,197,,,,,65.9637451171875,-38.0859375,0.7157568969726563,-0.5975689636230469,0.0
,198,,,,,68.6920166015625,-32.977294921875,0.7676518615722656,-0.5318974914550781,0.0
,199,,,,,67.71240234375,-32.977294921875,0.8010055114746094,-0.4939861999511719,0.0
,200,,,,,70.0653076171875,-26.55029296875,0.8424386169433594,-0.470680078125,0.0
,201,,,,,68.170166015625,-26.55029296875,0.8867720397949219,-0.4293505554199219,0.0
,202,,,,,73.040771484375,-14.61181640625,0.9035524475097656,-0.40190112304687503,0.0
,203,,,,,70.01953125,-14.61181640625,0.9090423339843751,-0.3840848876953125,0.0
,204,,,,,77.1240234375,2.691650390625,0.9011700439453125,-0.3600536865234375,0.0
,205,,,,,74.1668701171875,2.691650390625,0.9138071411132813,-0.31395935668945313,0.0
,206,,,,,75.4669189453125,10.07080078125,0.9144286376953126,-0.26330738525390623,0.0
,207,,,,,68.389892578125,10.07080078125,0.9186755310058594,-0.20240072021484376,0.0
,208,,,,,75.1922607421875,21.86279296875,0.9055205200195313,-0.1480197692871094,0.0
,209,,,,,68.133544921875,21.86279296875,0.9361810180664063,-0.07344017944335937,0.0
,210,,,,,73.1048583984375,30.46875,0.935559521484375,0.005282720947265625,0.0
,211,,,,,64.306640625,30.46875,0.9504754394531251,0.10430784301757813,0.0
,212,,,,,69.5159912109375,39.495849609375,0.9313126281738282,0.16511092529296875,0.0
,213,,,,,61.19384765625,39.495849609375,0.9211615173339844,0.232854052734375,0.0
,214,,,,,63.3636474609375,43.24951171875,0.8843896362304687,0.2814343688964844,0.0
,215,,,,,56.50634765625,43.24951171875,0.8774495910644532,0.3634719177246094,0.0
,216,,,,,59.674072265625,48.74267578125,0.8982697265625,0.44830620117187503,0.0
,217,,,,,53.13720703125,48.74267578125,0.8779675048828125,0.47751654052734377,0.0
,218,,,,,55.224609375,52.3590087890625,0.8533148071289063,0.5284792602539062,0.0
,219,,,,,41.6473388671875,52.3590087890625,0.8043201599121094,0.5362479675292969,0.0
,220,,,,,20.947265625,56.06689453125,0.8020413391113281,0.5848282836914063,0.0
,221,,,,,27.960205078125,59.930419921875,0.7397880981445313,0.5785097351074219,0.0
,222,,,,,29.8370361328125,63.189697265625,0.7084025207519532,0.6053376708984375,0.0
,223,,,,,21.86279296875,66.2200927734375,0.6270900512695313,0.6320620239257813,0.0
,224,,,,,23.7762451171875,69.525146484375,0.6033695983886719,0.6708019775390626,0.0
,225,,,,,14.6392822265625,72.2259521484375,0.5075555419921876,0.6529857421875,0.0
,226,,,,,15.7745361328125,74.2034912109375,0.47088724365234375,0.7168963073730469,0.0
,227,,,,,6.683349609375,75.2288818359375,0.4005545471191406,0.7636121337890626,0.0
,228,,,,,7.1136474609375,75.970458984375,0.36699373168945315,0.8292836059570313,0.0
,229,,,,,1.300048828125,76.666259765625,0.2694187683105469,0.8554900451660157,0.0
,230,,,,,1.3092041015625,76.6845703125,0.20074339599609375,0.8867720397949219,0.0
,231,,,,,-4.21142578125,75.91552734375,0.14646602783203125,0.9103889099121094,0.0
,232,,,,,-4.8980712890625,74.74365234375,0.10513650512695313,0.9360774353027344,0.0
,233,,,,,-10.51025390625,73.35205078125,0.0302461669921875,0.9234403381347657,0.0
,234,,,,,-11.5264892578125,71.6033935546875,0.017091156005859375,0.9542044189453125,0.0
,235,,,,,-14.923095703125,69.3511962890625,-0.043194012451171875,0.9390813354492188,0.0
,236,,,,,-21.002197265625,67.27294921875,-0.10544725341796875,0.9202292724609376,0.0
,237,,,,,-26.824951171875,65.2313232421875,-0.14884843139648438,0.8982697265625,0.0
,238,,,,,-31.640625,62.9791259765625,-0.1926639404296875,0.8564222900390626,0.0
,239,,,,,-36.859130859375,60.7269287109375,-0.23896543579101565,0.8398490478515626,0.0
,240,,,,,-42.242431640625,58.33740234375,-0.2771874755859375,0.8179930847167969,0.0
,241,,,,,-48.3123779296875,53.851318359375,-0.35042048950195315,0.7952048767089844,0.0
,242,,,,,-50.7568359375,53.851318359375,-0.39962230224609374,0.7718987548828126,0.0
,243,,,,,-56.25,47.71728515625,-0.46498302612304687,0.7278760803222657,0.0
,244,,,,,-57.696533203125,47.71728515625,-0.5335548156738281,0.6737022949218751,0.0
,245,,,,,-62.7593994140625,40.814208984375,-0.5880393493652344,0.6315441101074218,0.0
,246,,,,,-62.9058837890625,40.814208984375,-0.6545394836425782,0.5768524108886719,0.0
,247,,,,,-67.2271728515625,32.9132080078125,-0.7241471008300782,0.5362479675292969,0.0
,248,,,,,-66.68701171875,32.9132080078125,-0.7676518615722656,0.5017549072265625,0.0
,249,,,,,-68.719482421875,27.923583984375,-0.7857788452148438,0.47523771972656254,0.0
,250,,,,,-67.41943359375,27.923583984375,-0.8225507263183593,0.44395572509765624,0.0
,251,,,,,-70.8709716796875,19.317626953125,-0.8489643310546875,0.41267373046875,0.0
,252,,,,,-90.673828125,-19.3450927734375,-0.8696808837890625,0.4028333679199219,0.0
,253,,,,,-81.4178466796875,-7.672119140625,-0.8828358947753907,0.36689014892578126,0.0
,254,,,,,-78.6895751953125,-7.672119140625,-0.8983733093261719,0.3423410339355469,0.0
,255,,,,,-74.6337890625,-5.731201171875,-0.9181576171875,0.27677314453125,0.0
,256,,,,,-67.236328125,-5.731201171875,-0.930691131591797,0.24145142211914064,0.0
,257,,,,,-73.79150390625,-17.0928955078125,-0.9364917663574219,0.16469659423828126,0.0
,258,,,,,-67.6300048828125,-17.0928955078125,-0.9139107238769532,0.14895201416015624,0.0
,259,,,,,-73.1781005859375,-26.6876220703125,-0.9220937622070313,0.04661224365234375,0.0
,260,,,,,-65.057373046875,-26.6876220703125,-0.9266514038085938,-0.018541314697265627,0.0
,261,,,,,-70.0103759765625,-35.2752685546875,-0.9238546691894531,-0.10513650512695313,0.0
,262,,,,,-63.0706787109375,-35.2752685546875,-0.8935049194335938,-0.1371435791015625,0.0
,263,,,,,-66.0736083984375,-40.4754638671875,-0.9045882751464844,-0.21855963134765627,0.0
,264,,,,,-59.3170166015625,-40.4754638671875,-0.8739277770996094,-0.2952108764648438,0.0
,265,,,,,-61.871337890625,-44.9066162109375,-0.837777392578125,-0.37206928710937504,0.0
,266,,,,,-55.77392578125,-44.9066162109375,-0.8055631530761719,-0.4013832092285156,0.0
,267,,,,,-59.051513671875,-50.592041015625,-0.8077383911132813,-0.46891917114257814,0.0
,268,,,,,-47.9095458984375,-50.592041015625,-0.7889899108886719,-0.48963572387695314,0.0
,269,,,,,-49.273681640625,-52.9449462890625,-0.7653730407714844,-0.5349013916015625,0.0
,270,,,,,-38.067626953125,-56.1492919921875,-0.7571900024414063,-0.5710517761230469,0.0
,271,,,,,-40.1275634765625,-59.7198486328125,-0.7216611145019531,-0.5977761291503907,0.0
,272,,,,,-27.886962890625,-63.9404296875,-0.6797100952148438,-0.6135207092285156,0.0
,273,,,,,-30.0018310546875,-67.6116943359375,-0.6443883728027344,-0.6623081909179688,0.0
,274,,,,,-20.416259765625,-69.9920654296875,-0.5879357666015625,-0.6763954467773438,0.0
,275,,,,,-21.71630859375,-72.2442626953125,-0.5465026611328125,-0.7226969421386719,0.0
,276,,,,,-11.68212890625,-74.1943359375,-0.4808311889648438,-0.7650622924804688,0.0
,277,,,,,-12.506103515625,-75.6134033203125,-0.42375708618164065,-0.8109494567871094,0.0
,278,,,,,-4.39453125,-76.2542724609375,-0.32835736083984374,-0.84357802734375,0.0
,279,,,,,-4.6142578125,-76.6387939453125,-0.2561601745605469,-0.8652268249511719,0.0
,280,,,,,1.190185546875,-76.153564453125,-0.21949187622070312,-0.9076957580566406,0.0
,281,,,,,1.629638671875,-75.3936767578125,-0.14429078979492188,-0.9053133544921875,0.0
,282,,,,,6.9580078125,-74.30419921875,-0.05572752685546875,-0.9023094543457032,0.0
,283,,,,,7.6446533203125,-73.1048583984375,-0.021027301025390625,-0.9137035583496094,0.0
,284,,,,,14.080810546875,-71.4569091796875,0.0476480712890625,-0.8978553955078126,0.0
,285,,,,,15.3717041015625,-69.2047119140625,0.062356823730468754,-0.9063491821289062,0.0
,286,,,,,21.1944580078125,-67.0989990234375,0.10410067749023438,-0.8984768920898438,0.0
,287,,,,,26.7974853515625,-65.3594970703125,0.11901659545898438,-0.9092494995117187,0.0
,288,,,,,32.4920654296875,-63.31787109375,0.16055328369140626,-0.9037596130371094,0.0
,289,,,,,38.4521484375,-60.75439453125,0.18800271606445312,-0.8848039672851563,0.0
,290,,,,,45.3460693359375,-56.378173828125,0.2374116943359375,-0.8458568481445313,0.0
,291,,,,,48.74267578125,-56.378173828125,0.29334638671875,-0.809602880859375,0.0
,292,,,,,54.8126220703125,-50.0885009765625,0.3540458862304688,-0.7940654663085938,0.0
,293,,,,,56.5338134765625,-50.0885009765625,0.39050701904296875,-0.7762492309570312,0.0
,294,,,,,61.834716796875,-42.9840087890625,0.47751654052734377,-0.7321229736328125,0.0
,295,,,,,62.21923828125,-42.9840087890625,0.5559286926269531,-0.6790885986328126,0.0
,296,,,,,67.437744140625,-34.844970703125,0.6130027954101562,-0.6439740417480468,0.0
,297,,,,,67.3553466796875,-34.844970703125,0.6492567626953125,-0.6083415710449219,0.0
,298,,,,,69.68994140625,-29.8370361328125,0.7287047424316406,-0.5632830688476562,0.0
,299,,,,,68.66455078125,-29.8370361328125,0.7708629272460937,-0.5114916870117188,0.0
,300,,,,,71.0357666015625,-23.309326171875,0.8092921325683594,-0.46104688110351566,0.0
,301,,,,,68.6920166015625,-23.309326171875,0.8572509521484375,-0.41930302734375,0.0
,302,,,,,72.747802734375,-12.6617431640625,0.8867720397949219,-0.3858457946777344,0.0
,303,,,,,70.0286865234375,-12.6617431640625,0.8938156677246094,-0.3517670654296875,0.0
,304,,,,,76.4190673828125,3.33251953125,0.8885329467773437,-0.32214239501953124,0.0
,305,,,,,73.1964111328125,3.33251953125,0.9168110412597656,-0.27076534423828125,0.0
,306,,,,,74.96337890625,11.8011474609375,0.8852182983398438,-0.232854052734375,0.0
,307,,,,,69.2047119140625,11.8011474609375,0.8781746704101563,-0.18831346435546875,0.0
,308,,,,,75.2197265625,22.210693359375,0.8772424255371094,-0.1197416748046875,0.0
,309,,,,,67.9595947265625,22.210693359375,0.9117354858398438,-0.032317822265625004,0.0
,310,,,,,73.6541748046875,32.080078125,0.8945407470703125,0.033664398193359375,0.0
,311,,,,,66.815185546875,32.080078125,0.8926762573242187,0.0990251220703125,0.0
,312,,,,,70.697021484375,38.800048828125,0.8604620178222656,0.1732939636230469,0.0
,313,,,,,62.5579833984375,38.800048828125,0.8742385253906251,0.25015237426757814,0.0
,314,,,,,64.9566650390625,42.95654296875,0.8857362121582032,0.33581531982421875,0.0
,315,,,,,60.4522705078125,42.95654296875,0.8796248291015625,0.40221187133789066,0.0
,316,,,,,62.9791259765625,47.3236083984375,0.8555936279296875,0.46405078125,0.0
,317,,,,,53.8787841796875,47.3236083984375,0.8323910888671875,0.4870461547851563,0.0
,318,,,,,57.513427734375,53.631591796875,0.8373630615234375,0.5509567199707032,0.0
,319,,,,,44.3939208984375,53.631591796875,0.7978980285644531,0.5433951782226563,0.0
,320,,,,,19.3084716796875,56.72607421875,0.7885755798339844,0.5954973083496093,0.0
,321,,,,,31.0638427734375,60.333251953125,0.7169998901367187,0.5902145874023438,0.0
,322,,,,,33.14208984375,63.9312744140625,0.6978370788574219,0.6472886901855469,0.0
,323,,,,,25.6439208984375,67.364501953125,0.6271936340332032,0.6503961730957032,0.0
,324,,,,,27.0355224609375,69.7723388671875,0.6069949951171875,0.6900683715820313,0.0
,325,,,,,16.6259765625,71.6949462890625,0.49222529296875,0.6965940856933593,0.0
,326,,,,,17.5506591796875,73.2879638671875,0.471508740234375,0.7749026550292969,0.0
,327,,,,,8.514404296875,74.2767333984375,0.4064587646484375,0.8012126770019532,0.0
,328,,,,,8.8531494140625,74.8626708984375,0.3873995361328125,0.8559043762207031,0.0
,329,,,,,-0.4669189453125,75.1739501953125,0.31603101196289063,0.8824215637207031,0.0
,330,,,,,-0.384521484375,75.311279296875,0.2530526916503906,0.9151537170410157,0.0
,331,,,,,-4.376220703125,75.091552734375,0.15661713867187502,0.9126677307128906,0.0
,332,,,,,-4.833984375,74.2950439453125,0.11994884033203125,0.9531685913085938,0.0
,333,,,,,-12.5152587890625,72.8668212890625,0.06732879638671875,0.9740923095703126,0.0
,334,,,,,-13.3026123046875,71.502685546875,0.022270294189453126,0.9708812438964844,0.0
,335,,,,,-16.5802001953125,69.598388671875,-0.0377041259765625,0.945503466796875,0.0
,336,,,,,-21.3958740234375,67.7398681640625,-0.07447600708007812,0.9323484558105469,0.0
,337,,,,,-26.9073486328125,65.478515625,-0.11207655029296876,0.9195041931152345,0.0
,338,,,,,-33.4716796875,62.7593994140625,-0.14936634521484377,0.9011700439453125,0.0
,339,,,,,-39.7247314453125,60.1043701171875,-0.21358765869140625,0.8628444213867188,0.0
,340,,,,,-44.34814453125,58.1268310546875,-0.26361813354492186,0.8283513610839844,0.0
,341,,,,,-51.0223388671875,52.5238037109375,-0.2980076110839844,0.8224471435546875,0.0
,342,,,,,-53.4210205078125,52.5238037109375,-0.3746588562011719,0.768169775390625,0.0
,343,,,,,-59.7564697265625,45.1263427734375,-0.42158184814453126,0.7510786193847656,0.0
,344,,,,,-61.4501953125,45.1263427734375,-0.47523771972656254,0.7179321350097656,0.0
,345,,,,,-66.0369873046875,38.507080078125,-0.5500244750976563,0.6605472839355468,0.0
,346,,,,,-66.0919189453125,38.507080078125,-0.6087559020996094,0.6207715026855469,0.0
,347,,,,,-70.8526611328125,30.2581787109375,-0.6610651977539063,0.5848282836914063,0.0
,348,,,,,-70.3948974609375,30.2581787109375,-0.7138924072265626,0.539459033203125,0.0
,349,,,,,-71.4752197265625,26.66015625,-0.7964478698730469,0.4497563598632813,0.0
,350,,,,,-69.9737548828125,26.66015625,-0.8274191162109376,0.42665740356445314,0.0
,351,,,,,-73.35205078125,17.999267578125,-0.8371558959960937,0.39796497802734376,0.0
,352,,,,,-91.9097900390625,-18.0267333984375,-0.8681271423339844,0.368754638671875,0.0
,353,,,,,-83.09326171875,-6.591796875,-0.8946443298339845,0.33053259887695313,0.0
,354,,,,,-80.45654296875,-6.591796875,-0.9115283203125,0.30287600097656253,0.0
,355,,,,,-77.01416015625,-6.317138671875,-0.9381490905761719,0.23865468750000002,0.0
,356,,,,,-73.9105224609375,-6.317138671875,-0.9334878662109375,0.21079092407226563,0.0
,357,,,,,-76.9866943359375,-16.7633056640625,-0.9433282287597656,0.12730321655273438,0.0
,358,,,,,-70.6878662109375,-16.7633056640625,-0.9308982971191406,0.08690593872070312,0.0
,359,,,,,-76.28173828125,-26.458740234375,-0.9443640563964844,-0.019784307861328124,0.0
,360,,,,,-68.865966796875,-26.458740234375,-0.9291373901367188,-0.07095419311523438,0.0
,361,,,,,-73.3428955078125,-34.222412109375,-0.9277908142089843,-0.13165369262695312,0.0
,362,,,,,-66.3665771484375,-34.222412109375,-0.8843896362304687,-0.14636244506835938,0.0
,363,,,,,-69.781494140625,-40.1458740234375,-0.89992705078125,-0.26703636474609377,0.0
,364,,,,,-63.0615234375,-40.1458740234375,-0.8727883666992188,-0.32960035400390625,0.0
,365,,,,,-65.6341552734375,-44.5953369140625,-0.8465819274902344,-0.3974470642089844,0.0
,366,,,,,-59.28955078125,-44.5953369140625,-0.8580796142578125,-0.4476847045898438,0.0
,367,,,,,-61.907958984375,-49.1180419921875,-0.8558007934570313,-0.5108701904296875,0.0
,368,,,,,-49.0264892578125,-49.1180419921875,-0.8436816101074219,-0.5442238403320313,0.0
,369,,,,,-51.0406494140625,-52.6153564453125,-0.8398490478515626,-0.59829404296875,0.0
,370,,,,,-39.404296875,-56.4605712890625,-0.7972765319824219,-0.5911468322753907,0.0
,371,,,,,-41.2445068359375,-59.6466064453125,-0.7395809326171875,-0.6114490539550781,0.0
,372,,,,,-28.9215087890625,-63.1439208984375,-0.7378200256347657,-0.6456313659667969,0.0
,373,,,,,-30.889892578125,-66.558837890625,-0.6780527709960937,-0.6854071472167969,0.0
,374,,,,,-20.361328125,-69.10400390625,-0.61155263671875,-0.7185536315917969,0.0
,375,,,,,-21.42333984375,-70.9442138671875,-0.5466062438964844,-0.7535646057128906,0.0
,376,,,,,-11.3800048828125,-72.711181640625,-0.48828914794921874,-0.7799782104492188,0.0
,377,,,,,-12.26806640625,-74.23095703125,-0.4519315979003906,-0.8264868713378907,0.0
,378,,,,,-3.4332275390625,-75.3570556640625,-0.38750311889648437,-0.8591154418945313,0.0
,379,,,,,-3.6712646484375,-75.76904296875,-0.31023037719726565,-0.8675056457519531,0.0
,380,,,,,3.863525390625,-75.6317138671875,-0.2415550048828125,-0.9089387512207031,0.0
,381,,,,,4.119873046875,-75.201416015625,-0.1811662536621094,-0.932244873046875,0.0
,382,,,,,10.107421875,-74.01123046875,-0.1147697021484375,-0.9457106323242188,0.0
,383,,,,,10.7208251953125,-72.94921875,-0.0493053955078125,-0.9411529907226562,0.0
,384,,,,,17.0562744140625,-71.319580078125,0.0087009521484375,-0.9575190673828126,0.0
,385,,,,,18.49365234375,-68.829345703125,0.026931518554687502,-0.9693275024414063,0.0
,386,,,,,23.419189453125,-65.95458984375,0.07613333129882813,-0.9688095886230469,0.0
,387,,,,,28.5552978515625,-63.31787109375,0.10886548461914063,-0.9543080017089844,0.0
,388,,,,,34.185791015625,-60.772705078125,0.1595174560546875,-0.94301748046875,0.0
,389,,,,,40.13671875,-57.952880859375,0.20084697875976562,-0.8931941711425782,0.0
,390,,,,,47.0306396484375,-53.082275390625,0.2518096984863281,-0.8723740356445313,0.0
,391,,,,,49.8687744140625,-53.082275390625,0.28008779296875,-0.8411956237792969,0.0
,392,,,,,55.3802490234375,-48.1109619140625,0.3444126892089844,-0.8001768493652344,0.0
,393,,,,,57.3944091796875,-48.1109619140625,0.41122357177734375,-0.75408251953125,0.0
,394,,,,,63.1439208984375,-41.0980224609375,0.4811419372558594,-0.7090240173339843,0.0
,395,,,,,64.324951171875,-41.0980224609375,0.5512674682617188,-0.6543323181152344,0.0
,396,,,,,68.2159423828125,-35.0189208984375,0.6189070129394532,-0.6154887817382813,0.0
,397,,,,,67.93212890625,-35.0189208984375,0.6692482360839844,-0.5826530456542969,0.0
,398,,,,,70.5963134765625,-29.8553466796875,0.7246650146484376,-0.536144384765625,0.0
,399,,,,,69.818115234375,-29.8553466796875,0.7845358520507812,-0.48342075805664064,0.0
,400,,,,,71.7041015625,-24.1241455078125,0.8204790710449219,-0.4457166320800781,0.0
,401,,,,,69.6441650390625,-24.1241455078125,0.8645017456054688,-0.4213746826171875,0.0
,402,,,,,74.1668701171875,-12.3504638671875,0.8710274597167968,-0.39133568115234374,0.0
,403,,,,,70.9442138671875,-12.3504638671875,0.8859433776855469,-0.37186212158203125,0.0
,404,,,,,76.7578125,2.60009765625,0.8972338989257813,-0.33094692993164065,0.0
,405,,,,,74.139404296875,2.60009765625,0.9325556213378906,-0.2590604919433594,0.0
,406,,,,,76.6021728515625,11.279296875,0.9135999755859375,-0.19753233032226564,0.0
,407,,,,,70.2667236328125,11.279296875,0.915671630859375,-0.14656961059570314,0.0
,408,,,,,75.9521484375,21.13037109375,0.8996163024902344,-0.09830004272460938,0.0
,409,,,,,70.27587890625,21.13037109375,0.9045882751464844,-0.016055328369140625,0.0
,410,,,,,75.3570556640625,29.937744140625,0.9094566650390625,0.060492333984375,0.0
,411,,,,,67.3187255859375,29.937744140625,0.9411529907226562,0.16107119750976562,0.0
,412,,,,,70.8526611328125,36.0626220703125,0.9356631042480469,0.23471854248046875,0.0
,413,,,,,63.1805419921875,36.0626220703125,0.9285158935546876,0.30111509399414066,0.0
,414,,,,,65.185546875,39.55078125,0.9120462341308594,0.367097314453125,0.0
,415,,,,,58.685302734375,39.55078125,0.8935049194335938,0.4148489685058594,0.0
,416,,,,,62.054443359375,45.3826904296875,0.9105960754394532,0.49067155151367187,0.0
,417,,,,,53.3935546875,45.3826904296875,0.8883257812500001,0.526200439453125,0.0
,418,,,,,55.95703125,49.8138427734375,0.8708202941894532,0.5628687377929688,0.0
,419,,,,,41.839599609375,49.8138427734375,0.8364308166503907,0.5743664245605469,0.0
,420,,,,,18.145751953125,54.0985107421875,0.8193396606445312,0.6119669677734375,0.0
,421,,,,,31.0546875,58.721923828125,0.7589509094238281,0.6036803466796875,0.0
,422,,,,,33.1787109375,62.3931884765625,0.7537717712402344,0.6524678283691406,0.0
,423,,,,,22.5860595703125,66.082763671875,0.6689374877929688,0.6600293701171875,0.0
,424,,,,,24.42626953125,69.268798828125,0.65464306640625,0.7065380310058594,0.0
,425,,,,,15.0970458984375,71.0540771484375,0.5738485107421876,0.7078846069335938,0.0
,426,,,,,15.9027099609375,72.454833984375,0.5423593505859375,0.7845358520507812,0.0
,427,,,,,5.6121826171875,73.7548828125,0.4343225280761719,0.8058739013671875,0.0
,428,,,,,6.005859375,74.432373046875,0.40272978515625,0.8561115417480469,0.0
,429,,,,,-2.1240234375,74.30419921875,0.3357117370605469,0.889154443359375,0.0
,430,,,,,-2.2705078125,74.0478515625,0.29044606933593753,0.9242690002441406,0.0
,431,,,,,-8.0474853515625,73.480224609375,0.19753233032226564,0.9115283203125,0.0
,432,,,,,-8.441162109375,72.784423828125,0.12046675415039063,0.9159823791503906,0.0
,433,,,,,-13.8702392578125,71.6217041015625,0.07033269653320312,0.930691131591797,0.0
,434,,,,,-14.703369140625,70.184326171875,0.03760054321289063,0.9383562561035157,0.0
,435,,,,,-17.962646484375,68.2159423828125,-0.041536688232421876,0.91484296875,0.0
,436,,,,,-23.5015869140625,66.5496826171875,-0.07126494140625,0.8998234680175782,0.0
,437,,,,,-28.802490234375,64.2608642578125,-0.08338412475585938,0.9121498168945312,0.0
,438,,,,,-34.4970703125,61.9903564453125,-0.14895201416015624,0.8742385253906251,0.0
,439,,,,,-42.51708984375,56.3507080078125,-0.21048017578125,0.8469962585449219,0.0
,440,,,,,-46.3897705078125,56.3507080078125,-0.2579210815429688,0.81374619140625,0.0
,441,,,,,-51.947021484375,51.96533203125,-0.3112662048339844,0.7791495483398437,0.0
,442,,,,,-54.6661376953125,51.96533203125,-0.37735200805664065,0.7330552185058594,0.0
,443,,,,,-60.4705810546875,45.501708984375,-0.449963525390625,0.6946260131835937,0.0
,444,,,,,-61.9537353515625,45.501708984375,-0.5092128662109375,0.6666586669921876,0.0
,445,,,,,-65.9912109375,40.2374267578125,-0.5673227966308594,0.6274007995605468,0.0
,446,,,,,-66.2750244140625,40.2374267578125,-0.648842431640625,0.5708446105957031,0.0
,447,,,,,-69.6807861328125,34.259033203125,-0.7301549011230469,0.5045516418457031,0.0
,448,,,,,-68.9666748046875,34.259033203125,-0.7601939025878907,0.484767333984375,0.0
,449,,,,,-71.0540771484375,28.9764404296875,-0.7908544006347656,0.4601146362304688,0.0
,450,,,,,-69.5526123046875,28.9764404296875,-0.8194432434082032,0.43535835571289067,0.0
,451,,,,,-73.2879638671875,19.7113037109375,-0.8524861450195312,0.3930965881347656,0.0
,452,,,,,-93.3837890625,-19.73876953125,-0.8649160766601562,0.3841884704589844,0.0
,453,,,,,-83.917236328125,-7.94677734375,-0.8961980712890625,0.324006884765625,0.0
,454,,,,,-81.536865234375,-7.94677734375,-0.9225080932617188,0.28733858642578125,0.0
,455,,,,,-75.8056640625,-3.0120849609375,-0.9278943969726563,0.23844752197265626,0.0
,456,,,,,-72.7020263671875,-3.0120849609375,-0.9218865966796875,0.22529251098632813,0.0
,457,,,,,-76.300048828125,-14.8590087890625,-0.9497503601074219,0.11673777465820313,0.0
,458,,,,,-69.76318359375,-14.8590087890625,-0.9432246459960938,0.09229224243164062,0.0
,459,,,,,-74.5330810546875,-23.1170654296875,-0.9642519470214844,-0.006007800292968751,0.0
,460,,,,,-66.412353515625,-23.1170654296875,-0.9509933532714844,-0.04961614379882812,0.0
,461,,,,,-71.7498779296875,-32.3638916015625,-0.9639411987304688,-0.14439437255859375,0.0
,462,,,,,-63.9129638671875,-32.3638916015625,-0.9563796569824219,-0.18013042602539064,0.0
,463,,,,,-67.0440673828125,-37.79296875,-0.934730859375,-0.23927618408203125,0.0
,464,,,,,-59.783935546875,-37.79296875,-0.9081100891113282,-0.30101151123046876,0.0
,465,,,,,-63.0523681640625,-43.450927734375,-0.9056241027832032,-0.391128515625,0.0
,466,,,,,-56.25,-43.450927734375,-0.8628444213867188,-0.42489649658203127,0.0
,467,,,,,-59.0423583984375,-48.284912109375,-0.8590118591308594,-0.49160379638671875,0.0
,468,,,,,-47.7630615234375,-48.284912109375,-0.8518646484375,-0.5014441589355468,0.0
,469,,,,,-49.2828369140625,-50.921630859375,-0.8315624267578126,-0.5473313232421875,0.0
,470,,,,,-37.2711181640625,-54.7119140625,-0.8143676879882813,-0.5628687377929688,0.0
,471,,,,,-39.36767578125,-58.3282470703125,-0.7850537658691407,-0.6068914123535156,0.0
,472,,,,,-26.641845703125,-62.14599609375,-0.75408251953125,-0.6458385314941406,0.0
,473,,,,,-28.5552978515625,-65.4510498046875,-0.70767744140625,-0.6771205261230469,0.0
,474,,,,,-17.633056640625,-68.0145263671875,-0.6477030212402344,-0.7162748107910156,0.0
,475,,,,,-18.988037109375,-70.34912109375,-0.5886608459472656,-0.7422740844726563,0.0
,476,,,,,-8.1756591796875,-72.5555419921875,-0.5243359497070312,-0.7579150817871094,0.0
,477,,,,,-9.063720703125,-74.0936279296875,-0.4684012573242188,-0.7842251037597656,0.0
,478,,,,,-0.311279296875,-75.3936767578125,-0.41412388916015624,-0.8334269165039063,0.0
,479,,,,,-0.7232666015625,-76.0986328125,-0.33498665771484376,-0.841920703125,0.0
,480,,,,,5.7769775390625,-76.171875,-0.26682919921875003,-0.8594261901855469,0.0
,481,,,,,6.1248779296875,-75.567626953125,-0.17764443969726562,-0.8728919494628906,0.0
,482,,,,,11.9293212890625,-74.285888671875,-0.11072997436523438,-0.8883257812500001,0.0
,483,,,,,12.4237060546875,-73.4161376953125,-0.04205460205078125,-0.8905010192871095,0.0
,484,,,,,18.1182861328125,-71.429443359375,0.03625396728515625,-0.8876007019042969,0.0
,485,,,,,19.3267822265625,-69.3328857421875,0.0642213134765625,-0.8850111328125,0.0
,486,,,,,24.86572265625,-67.49267578125,0.10927981567382813,-0.8967159851074219,0.0
,487,,,,,29.9560546875,-65.606689453125,0.09291373901367188,-0.90655634765625,0.0
,488,,,,,35.2935791015625,-63.427734375,0.14936634521484377,-0.8662626525878907,0.0
,489,,,,,40.9332275390625,-60.479736328125,0.21120525512695312,-0.8488607482910157,0.0
,490,,,,,47.296142578125,-56.0760498046875,0.2673471130371094,-0.8410920410156251,0.0
,491,,,,,50.4364013671875,-56.0760498046875,0.3036010803222656,-0.8191324951171876,0.0
,492,,,,,56.5338134765625,-50.152587890625,0.3526993103027344,-0.7841215209960938,0.0
,493,,,,,58.6578369140625,-50.152587890625,0.4056301025390625,-0.7311907287597657,0.0
,494,,,,,63.3544921875,-44.512939453125,0.4890142272949219,-0.6917256958007812,0.0
,495,,,,,64.013671875,-44.512939453125,0.5521997131347657,-0.6459421142578126,0.0
,496,,,,,68.115234375,-38.37890625,0.6474958557128907,-0.5821351318359376,0.0
,497,,,,,67.8131103515625,-38.37890625,0.6933830200195312,-0.5537534545898438,0.0
,498,,,,,70.3125,-33.4259033203125,0.7439314086914063,-0.5131490112304687,0.0
,499,,,,,69.3603515625,-33.4259033203125,0.8049416564941406,-0.4603218017578125,0.0
,500,,,,,71.7041015625,-26.4404296875,0.8324946716308594,-0.43908733520507814,0.0
,501,,,,,69.4427490234375,-26.4404296875,0.862740838623047,-0.40801250610351564,0.0
,502,,,,,73.8189697265625,-14.5477294921875,0.8906046020507813,-0.3602608520507813,0.0
,503,,,,,71.0174560546875,-14.5477294921875,0.9302768005371094,-0.327321533203125,0.0
,504,,,,,78.11279296875,2.67333984375,0.9311054626464844,-0.2797770446777344,0.0
,505,,,,,75.03662109375,2.67333984375,0.940531494140625,-0.23803319091796876,0.0
,506,,,,,76.080322265625,9.04541015625,0.9362846008300781,-0.18696688842773437,0.0
,507,,,,,69.378662109375,9.04541015625,0.9418780700683594,-0.13196444091796874,0.0
,508,,,,,74.871826171875,18.56689453125,0.9192970275878907,-0.08462711791992188,0.0
,509,,,,,69.1131591796875,18.56689453125,0.9549294982910157,0.008183038330078125,0.0
,510,,,,,74.70703125,28.253173828125,0.9475751220703126,0.06349623413085938,0.0
,511,,,,,66.3299560546875,28.253173828125,0.9435353942871094,0.12098466796875,0.0
,512,,,,,71.044921875,36.4288330078125,0.9199185241699219,0.1889349609375,0.0
,513,,,,,62.2650146484375,36.4288330078125,0.9210579345703125,0.2578174987792969,0.0
,514,,,,,65.2679443359375,41.6290283203125,0.8925726745605469,0.290860400390625,0.0
,515,,,,,57.403564453125,41.6290283203125,0.90655634765625,0.3601572692871094,0.0
,516,,,,,60.5804443359375,47.113037109375,0.9240618347167969,0.44654529418945316,0.0
,517,,,,,53.192138671875,47.113037109375,0.9150501342773438,0.4827992614746094,0.0
,518,,,,,54.034423828125,48.5687255859375,0.8819036499023438,0.5356264709472657,0.0
,519,,,,,41.9952392578125,52.8350830078125,0.8319767578125,0.5283756774902344,0.0
,520,,,,,21.0662841796875,56.414794921875,0.8493786621093751,0.6005728637695312,0.0
,521,,,,,31.658935546875,59.619140625,0.7931332214355469,0.59829404296875,0.0
,522,,,,,33.72802734375,63.2080078125,0.768169775390625,0.6403486450195313,0.0
,523,,,,,21.2860107421875,66.97998046875,0.6677980773925781,0.6408665588378907,0.0
,524,,,,,22.998046875,69.9462890625,0.6472886901855469,0.689446875,0.0
,525,,,,,13.3758544921875,72.088623046875,0.5725019348144531,0.6708019775390626,0.0
,526,,,,,14.3280029296875,73.736572265625,0.5267183532714844,0.7347125427246094,0.0
,527,,,,,3.5980224609375,75.03662109375,0.4304899658203125,0.7550147644042969,0.0
,528,,,,,4.4403076171875,76.4923095703125,0.4036620300292969,0.8188217468261719,0.0
,529,,,,,-3.1494140625,77.0965576171875,0.3301182678222656,0.8447174377441407,0.0
,530,,,,,-3.2318115234375,76.959228515625,0.2788447998046875,0.8851147155761719,0.0
,531,,,,,-8.2672119140625,76.629638671875,0.19432126464843752,0.9076957580566406,0.0
,532,,,,,-8.697509765625,75.8880615234375,0.1412868896484375,0.9319341247558593,0.0
,533,,,,,-14.02587890625,74.4781494140625,0.05407020263671875,0.9278943969726563,0.0
,534,,,,,-14.8956298828125,72.9766845703125,0.005075555419921875,0.9328663696289062,0.0
,535,,,,,-17.7337646484375,70.93505859375,-0.040604443359375,0.9378383422851563,0.0
,536,,,,,-23.4649658203125,68.7652587890625,-0.07654766235351562,0.9316233764648438,0.0
,537,,,,,-29.5623779296875,66.412353515625,-0.12067391967773437,0.8958873229980469,0.0
,538,,,,,-34.7808837890625,64.74609375,-0.18634539184570312,0.860979931640625,0.0
,539,,,,,-40.0177001953125,62.548828125,-0.23886185302734375,0.8374666442871094,0.0
,540,,,,,-45.5841064453125,60.040283203125,-0.2981111938476563,0.7887827453613282,0.0
,541,,,,,-52.020263671875,55.1513671875,-0.3525957275390625,0.7773886413574219,0.0
,542,,,,,-54.400634765625,55.1513671875,-0.3973434814453125,0.7455887329101563,0.0
,543,,,,,-60.076904296875,48.5870361328125,-0.4634292846679688,0.7125458312988281,0.0
,544,,,,,-60.992431640625,48.5870361328125,-0.5484707336425781,0.6756703674316407,0.0
,545,,,,,-65.33203125,42.279052734375,-0.6229467407226563,0.6392092346191407,0.0
,546,,,,,-65.4144287109375,42.279052734375,-0.6824032470703125,0.6019194396972657,0.0
,547,,,,,-68.26171875,36.7218017578125,-0.7493177124023438,0.5565501892089844,0.0
,548,,,,,-67.1630859375,36.7218017578125,-0.8132282775878906,0.5231965393066407,0.0
,549,,,,,-69.9737548828125,29.534912109375,-0.8579760314941407,0.4902572204589844,0.0
,550,,,,,-67.950439453125,29.534912109375,-0.8834573913574219,0.46498302612304687,0.0
,551,,,,,-70.6878662109375,20.7916259765625,-0.9178468688964844,0.4172313720703125,0.0
,552,,,,,-92.0013427734375,-20.819091796875,-0.9354559387207032,0.4045942749023438,0.0
,553,,,,,-81.3446044921875,-7.5164794921875,-0.9552402465820313,0.3562211242675781,0.0
,554,,,,,-78.3416748046875,-7.5164794921875,-0.9617659606933594,0.32017432250976563,0.0
,555,,,,,-73.3428955078125,-3.2867431640625,-0.9642519470214844,0.2582318298339844,0.0
,556,,,,,-70.623779296875,-3.2867431640625,-0.9588656433105469,0.2266390869140625,0.0
,557,,,,,-74.45068359375,-14.1082763671875,-0.9588656433105469,0.15071292114257814,0.0
,558,,,,,-67.6116943359375,-14.1082763671875,-0.9626982055664063,0.09819645996093751,0.0
,559,,,,,-73.35205078125,-24.0509033203125,-0.9953267761230469,-0.001139410400390625,0.0
,560,,,,,-65.95458984375,-24.0509033203125,-0.9814466857910157,-0.03211065673828125,0.0
,561,,,,,-71.4935302734375,-33.6456298828125,-0.9696382507324219,-0.11135147094726563,0.0
,562,,,,,-61.7340087890625,-33.6456298828125,-0.93970283203125,-0.15651355590820312,0.0
,563,,,,,-65.9454345703125,-40.9423828125,-0.9403243286132813,-0.20084697875976562,0.0
,564,,,,,-57.586669921875,-40.9423828125,-0.9268585693359376,-0.25636734008789064,0.0
,565,,,,,-59.9945068359375,-45.1171875,-0.92644423828125,-0.35984652099609377,0.0
,566,,,,,-53.7322998046875,-45.1171875,-0.9017915405273438,-0.4088411682128906,0.0
,567,,,,,-56.1492919921875,-49.310302734375,-0.8668841491699218,-0.4600110534667969,0.0
,568,,,,,-47.2503662109375,-49.310302734375,-0.8283513610839844,-0.47627354736328126,0.0
,569,,,,,-48.193359375,-50.93994140625,-0.8338412475585938,-0.5434987609863281,0.0
,570,,,,,-35.2020263671875,-54.730224609375,-0.7991410217285156,-0.5514746337890625,0.0
,571,,,,,-37.5,-58.7127685546875,-0.7626798889160157,-0.6006764465332032,0.0
,572,,,,,-25.1312255859375,-62.5030517578125,-0.7332623840332031,-0.6334085998535156,0.0
,573,,,,,-27.3193359375,-66.302490234375,-0.6751524536132812,-0.6576469665527344,0.0
,574,,,,,-17.193603515625,-69.2230224609375,-0.6188034301757813,-0.6970084167480469,0.0
,575,,,,,-18.5943603515625,-71.649169921875,-0.5664941345214843,-0.7336767150878907,0.0
,576,,,,,-10.345458984375,-73.64501953125,-0.48559599609375004,-0.74745322265625,0.0
,577,,,,,-11.187744140625,-75.1007080078125,-0.42292842407226566,-0.7872290039062501,0.0
,578,,,,,-1.629638671875,-76.0162353515625,-0.37693767700195313,-0.8341519958496094,0.0
,579,,,,,-1.995849609375,-76.6387939453125,-0.29479654541015626,-0.8408848754882813,0.0
,580,,,,,2.5634765625,-76.46484375,-0.21182675170898438,-0.8743421081542969,0.0
,581,,,,,2.96630859375,-75.76904296875,-0.13113577880859376,-0.8688522216796876,0.0
,582,,,,,9.92431640625,-74.560546875,-0.047958819580078124,-0.8556972106933594,0.0
,583,,,,,10.5743408203125,-73.4344482421875,-0.019991473388671875,-0.88335380859375,0.0
,584,,,,,15.7928466796875,-72.25341796875,0.0484767333984375,-0.8799355773925781,0.0
,585,,,,,16.644287109375,-70.78857421875,0.06246040649414063,-0.9036560302734375,0.0
,586,,,,,22.5860595703125,-68.22509765625,0.09684988403320313,-0.9047954406738281,0.0
,587,,,,,28.5552978515625,-65.9912109375,0.11508045043945313,-0.9079029235839844,0.0
,588,,,,,33.5906982421875,-64.031982421875,0.189763623046875,-0.8810749877929688,0.0
,589,,,,,38.6077880859375,-61.81640625,0.21265541381835937,-0.875895849609375,0.0
,590,,,,,45.355224609375,-56.671142578125,0.28195228271484374,-0.8428529479980469,0.0
,591,,,,,48.3123779296875,-56.671142578125,0.3178955017089844,-0.8287656921386719,0.0
,592,,,,,53.2196044921875,-51.9195556640625,0.367097314453125,-0.8105351257324219,0.0
,593,,,,,54.8583984375,-51.9195556640625,0.43701567993164064,-0.7591580749511719,0.0
,594,,,,,60.589599609375,-44.5587158203125,0.5134597595214844,-0.7205217041015626,0.0
,595,,,,,61.1480712890625,-44.5587158203125,0.5818243835449219,-0.6767061950683594,0.0
,596,,,,,65.0848388671875,-37.5274658203125,0.6517427490234375,-0.6321656066894531,0.0
,597,,,,,64.6453857421875,-37.5274658203125,0.7007373962402343,-0.59166474609375,0.0
,598,,,,,67.1356201171875,-32.208251953125,0.7511822021484376,-0.5473313232421875,0.0
,599,,,,,66.357421875,-32.208251953125,0.7848466003417969,-0.5167744079589844,0.0
,600,,,,,69.012451171875,-26.1474609375,0.8218256469726563,-0.46881558837890625,0.0
,601,,,,,67.3736572265625,-26.1474609375,0.8717525390625,-0.4211675170898438,0.0
,602,,,,,72.198486328125,-14.373779296875,0.8864612915039063,-0.3993115539550781,0.0
,603,,,,,69.17724609375,-14.373779296875,0.8984768920898438,-0.38356697387695315,0.0
,604,,,,,75.98876953125,2.581787109375,0.8965088195800781,-0.34120162353515626,0.0
,605,,,,,73.2421875,2.581787109375,0.926547821044922,-0.2787412170410156,0.0
,606,,,,,75.2105712890625,10.693359375,0.9248904968261719,-0.2191811279296875,0.0
,607,,,,,67.822265625,10.693359375,0.9240618347167969,-0.17132589111328125,0.0
,608,,,,,73.5992431640625,20.6817626953125,0.9110104064941407,-0.1189130126953125,0.0
,609,,,,,67.1722412109375,20.6817626953125,0.914117889404297,-0.06981478271484375,0.0
,610,,,,,72.9034423828125,30.6060791015625,0.908213671875,-0.00352181396484375,0.0
,611,,,,,64.0869140625,30.6060791015625,0.9171217895507813,0.08338412475585938,0.0
,612,,,,,68.719482421875,38.6260986328125,0.9135999755859375,0.14812335205078125,0.0
,613,,,,,60.955810546875,38.6260986328125,0.9133928100585937,0.20954793090820314,0.0
,614,,,,,63.848876953125,43.634033203125,0.894126416015625,0.29883627319335937,0.0
,615,,,,,56.8267822265625,43.634033203125,0.9001342163085938,0.37818067016601564,0.0
,616,,,,,59.28955078125,47.8912353515625,0.885839794921875,0.4434378112792969,0.0
,617,,,,,52.5421142578125,47.8912353515625,0.8600476867675781,0.49471127929687503,0.0
,618,,,,,53.43017578125,49.420166015625,0.8566294555664062,0.5544785339355469,0.0
,619,,,,,41.766357421875,53.302001953125,0.8036986633300781,0.5474349060058594,0.0
,620,,,,,21.7529296875,56.744384765625,0.7972765319824219,0.5929077392578125,0.0
,621,,,,,32.04345703125,60.1959228515625,0.749110546875,0.6044054260253906,0.0
,622,,,,,34.185791015625,63.8946533203125,0.7400988464355469,0.6458385314941406,0.0
,623,,,,,22.3480224609375,67.5384521484375,0.642213134765625,0.6435597106933594,0.0
,624,,,,,24.188232421875,70.7244873046875,0.6291617065429688,0.6903791198730469,0.0
,625,,,,,15.325927734375,72.7020263671875,0.5354193054199219,0.6920364440917969,0.0
,626,,,,,16.1865234375,74.1851806640625,0.4934682861328125,0.7627834716796875,0.0
,627,,,,,6.77490234375,75.62255859375,0.40925549926757815,0.774799072265625,0.0
,628,,,,,7.452392578125,76.8035888671875,0.3401657958984375,0.8041129943847657,0.0
,629,,,,,1.35498046875,76.904296875,0.2694187683105469,0.8472034240722657,0.0
,630,,,,,1.373291015625,76.94091796875,0.21638439331054687,0.8826287292480469,0.0
,631,,,,,-4.3670654296875,76.593017578125,0.11880942993164063,0.8786925842285157,0.0
,632,,,,,-4.8980712890625,75.677490234375,0.0774799072265625,0.8954729919433594,0.0
,633,,,,,-10.931396484375,74.432373046875,0.014087255859375,0.9095602478027344,0.0
,634,,,,,-11.9110107421875,72.7294921875,-0.016158911132812502,0.9316233764648438,0.0
,635,,,,,-14.923095703125,70.56884765625,-0.053034375,0.9390813354492188,0.0
,636,,,,,-20.9564208984375,68.5089111328125,-0.09622838745117188,0.9281015625,0.0
,637,,,,,-27.06298828125,66.10107421875,-0.1520594970703125,0.9042775268554688,0.0
,638,,,,,-32.26318359375,63.9862060546875,-0.18178775024414062,0.8930905883789063,0.0
,639,,,,,-37.646484375,61.834716796875,-0.22301369018554687,0.8780710876464844,0.0
,640,,,,,-42.95654296875,59.1156005859375,-0.27376924438476563,0.8404705444335938,0.0
,641,,,,,-49.0814208984375,54.1168212890625,-0.34306611328125003,0.8050452392578126,0.0
,642,,,,,-51.30615234375,54.1168212890625,-0.39962230224609374,0.7669267822265625,0.0
,643,,,,,-56.65283203125,47.8912353515625,-0.4695406677246094,0.7263223388671876,0.0
,644,,,,,-58.19091796875,47.8912353515625,-0.5273398498535157,0.691932861328125,0.0
,645,,,,,-62.933349609375,41.8670654296875,-0.5911468322753907,0.6450098693847657,0.0
,646,,,,,-63.2537841796875,41.8670654296875,-0.6376554931640626,0.6021266052246094,0.0
,647,,,,,-67.987060546875,33.2611083984375,-0.6845784851074219,0.5599684204101563,0.0
,648,,,,,-67.3828125,33.2611083984375,-0.7385451049804688,0.5301365844726562,0.0
,649,,,,,-69.7723388671875,27.86865234375,-0.7798746276855469,0.49678293457031253,0.0
,650,,,,,-68.3349609375,27.86865234375,-0.8036986633300781,0.4736839782714844,0.0
,651,,,,,-71.5301513671875,19.4549560546875,-0.8598405212402344,0.4260359069824219,0.0
,652,,,,,-91.3330078125,-19.482421875,-0.8739277770996094,0.41236298217773437,0.0
,653,,,,,-81.536865234375,-7.3883056640625,-0.895783740234375,0.3674080627441406,0.0
,654,,,,,-78.8909912109375,-7.3883056640625,-0.9066599304199219,0.3334329162597656,0.0
,655,,,,,-75.0457763671875,-5.438232421875,-0.9229224243164063,0.26154647827148436,0.0
,656,,,,,-67.822265625,-5.438232421875,-0.9166038757324219,0.25046312255859376,0.0
,657,,,,,-74.505615234375,-17.0013427734375,-0.9294481384277344,0.16935781860351562,0.0
,658,,,,,-68.3624267578125,-17.0013427734375,-0.9221973449707032,0.13413967895507814,0.0
,659,,,,,-74.30419921875,-27.2918701171875,-0.9453998840332032,0.040086529541015624,0.0
,660,,,,,-66.3665771484375,-27.2918701171875,-0.9387705871582032,-0.014915917968750001,0.0
,661,,,,,-71.0357666015625,-35.3851318359375,-0.9384598388671875,-0.09923228759765625,0.0
,662,,,,,-63.97705078125,-35.3851318359375,-0.9050026062011719,-0.13641849975585937,0.0
,663,,,,,-67.5750732421875,-41.619873046875,-0.91981494140625,-0.20623328247070313,0.0
,664,,,,,-59.7747802734375,-41.619873046875,-0.8845968017578125,-0.27345849609375,0.0
,665,,,,,-62.164306640625,-45.758056640625,-0.8500001586914063,-0.34948824462890626,0.0
,666,,,,,-56.3873291015625,-45.758056640625,-0.8287656921386719,-0.39465032958984375,0.0
,667,,,,,-59.4635009765625,-51.0955810546875,-0.8150927673339844,-0.4530710083007813,0.0
,668,,,,,-47.7447509765625,-51.0955810546875,-0.81043154296875,-0.49450411376953124,0.0
,669,,,,,-49.3194580078125,-53.8330078125,-0.7922009765625,-0.5523032958984375,0.0
,670,,,,,-38.4613037109375,-56.94580078125,-0.754911181640625,-0.5757130004882812,0.0
,671,,,,,-40.53955078125,-60.552978515625,-0.7279796630859375,-0.6153851989746094,0.0
,672,,,,,-28.5552978515625,-64.581298828125,-0.7094383483886719,-0.6382769897460938,0.0
,673,,,,,-30.5694580078125,-68.0877685546875,-0.6479101867675782,-0.6500854248046876,0.0
,674,,,,,-20.6451416015625,-70.5963134765625,-0.6152816162109375,-0.6949367614746094,0.0
,675,,,,,-21.93603515625,-72.8302001953125,-0.5587254272460938,-0.7348161254882812,0.0
,676,,,,,-11.6363525390625,-74.6978759765625,-0.4670546813964844,-0.7511822021484376,0.0
,677,,,,,-12.5518798828125,-76.2908935546875,-0.40915191650390625,-0.8010055114746094,0.0
,678,,,,,-4.8614501953125,-76.9317626953125,-0.35798203125,-0.8554900451660157,0.0
,679,,,,,-5.0079345703125,-77.178955078125,-0.2681757751464844,-0.8638802490234375,0.0
,680,,,,,0.91552734375,-76.6937255859375,-0.19121378173828127,-0.8840788879394531,0.0
,681,,,,,1.4923095703125,-75.6866455078125,-0.14066539306640624,-0.9018951232910156,0.0
,682,,,,,7.489013671875,-74.7711181640625,-0.06660371704101563,-0.9063491821289062,0.0
,683,,,,,8.2672119140625,-73.4161376953125,-0.018126983642578125,-0.9119426513671876,0.0
,684,,,,,14.9871826171875,-71.5484619140625,0.041122357177734374,-0.9052097717285157,0.0
,685,,,,,15.9027099609375,-69.9554443359375,0.058835009765625,-0.9247869140625,0.0
,686,,,,,21.624755859375,-68.1884765625,0.10575800170898438,-0.9246833312988282,0.0
,687,,,,,27.044677734375,-66.24755859375,0.10513650512695313,-0.9378383422851563,0.0
,688,,,,,32.6019287109375,-64.1326904296875,0.17236171875,-0.9050026062011719,0.0
,689,,,,,38.653564453125,-61.48681640625,0.19794666137695313,-0.8704059631347657,0.0
,690,,,,,45.6024169921875,-56.6162109375,0.2704545959472656,-0.8333233337402344,0.0
,691,,,,,48.724365234375,-56.6162109375,0.2954180419921875,-0.8300086853027344,0.0
,692,,,,,54.949951171875,-50.28076171875,0.34917749633789064,-0.8051488220214844,0.0
,693,,,,,56.9091796875,-50.28076171875,0.3898855224609375,-0.7705521789550781,0.0
,694,,,,,62.2467041015625,-43.450927734375,0.4757556335449219,-0.7174142211914063,0.0
,695,,,,,62.7044677734375,-43.450927734375,0.5341763122558594,-0.6923471923828125,0.0
,696,,,,,67.7947998046875,-35.3302001953125,0.6069949951171875,-0.6430417968750001,0.0
,697,,,,,67.63916015625,-35.3302001953125,0.648842431640625,-0.5968438842773438,0.0
,698,,,,,70.3582763671875,-30.06591796875,0.7162748107910156,-0.5276505981445313,0.0
,699,,,,,69.415283203125,-30.06591796875,0.7721059204101562,-0.48031327514648436,0.0
,700,,,,,72.088623046875,-23.2269287109375,0.8012126770019532,-0.4727517333984375,0.0
,701,,,,,69.5068359375,-23.2269287109375,0.8547649658203125,-0.4247929138183594,0.0
,702,,,,,72.967529296875,-12.5518798828125,0.8603584350585938,-0.39589332275390626,0.0
,703,,,,,70.56884765625,-12.5518798828125,0.8740313598632813,-0.37113704223632815,0.0
,704,,,,,76.904296875,3.240966796875,0.8773460083007812,-0.3301182678222656,0.0
,705,,,,,73.5443115234375,3.240966796875,0.8924690917968751,-0.2771874755859375,0.0
,706,,,,,76.080322265625,12.3046875,0.8900866882324219,-0.23523645629882814,0.0
,707,,,,,70.05615234375,12.3046875,0.91981494140625,-0.15154158325195313,0.0
,708,,,,,76.190185546875,22.9156494140625,0.8872899536132812,-0.10441142578125,0.0
,709,,,,,68.84765625,22.9156494140625,0.8954729919433594,-0.030349749755859377,0.0
,710,,,,,73.5260009765625,31.0272216796875,0.8813857360839844,0.03138557739257813,0.0
,711,,,,,66.8701171875,31.0272216796875,0.8944371643066407,0.11880942993164063,0.0
,712,,,,,71.2371826171875,38.5894775390625,0.8796248291015625,0.18002684326171875,0.0
,713,,,,,62.3931884765625,38.5894775390625,0.8776567565917969,0.25056670532226566,0.0
,714,,,,,64.92919921875,42.974853515625,0.8952658264160156,0.3333293334960938,0.0
,715,,,,,59.72900390625,42.974853515625,0.8942299987792969,0.4010724609375,0.0
,716,,,,,62.127685546875,47.13134765625,0.8701987976074219,0.46809050903320315,0.0
,717,,,,,53.6865234375,47.13134765625,0.8572509521484375,0.5133561767578125,0.0
,718,,,,,56.9000244140625,52.6885986328125,0.8415063720703125,0.5540642028808594,0.0
,719,,,,,43.83544921875,52.6885986328125,0.7798746276855469,0.55188896484375,0.0
,720,,,,,18.914794921875,56.0211181640625,0.7763528137207032,0.5995370361328125,0.0
,721,,,,,30.6884765625,59.710693359375,0.7348161254882812,0.6044054260253906,0.0
,722,,,,,32.757568359375,63.2904052734375,0.7291190734863281,0.6508105041503907,0.0
,723,,,,,24.6826171875,66.4947509765625,0.6410737243652344,0.6577505493164063,0.0
,724,,,,,26.1383056640625,69.012451171875,0.6087559020996094,0.682817578125,0.0
,725,,,,,16.0675048828125,70.78857421875,0.49792234497070315,0.6846820678710938,0.0
,726,,,,,16.9097900390625,72.2442626953125,0.4652937744140625,0.7594688232421876,0.0
,727,,,,,8.697509765625,73.370361328125,0.4057336853027344,0.8030771667480469,0.0
,728,,,,,8.89892578125,73.71826171875,0.38056307373046877,0.8625336730957032,0.0
,729,,,,,0.1739501953125,73.79150390625,0.2890994934082031,0.8785890014648438,0.0
,730,,,,,0.0732421875,73.6175537109375,0.2362722839355469,0.9046918579101563,0.0
,731,,,,,-4.6417236328125,72.784423828125,0.15920670776367188,0.9052097717285157,0.0
,732,,,,,-4.9072265625,72.3358154296875,0.11549478149414062,0.9212651000976563,0.0
,733,,,,,-12.01171875,71.6217041015625,0.059663671875000004,0.9351451904296876,0.0
,734,,,,,-12.6434326171875,70.5322265625,0.010772607421875,0.94301748046875,0.0
,735,,,,,-16.1041259765625,68.975830078125,-0.040086529541015624,0.9235439208984375,0.0
,736,,,,,-21.1669921875,66.998291015625,-0.07893006591796875,0.9083172546386719,0.0
,737,,,,,-26.8157958984375,64.801025390625,-0.12792471313476564,0.8929870056152344,0.0
,738,,,,,-33.2794189453125,62.255859375,-0.15558131103515627,0.8802463256835937,0.0
,739,,,,,-40.8599853515625,56.707763671875,-0.19483917846679688,0.8703023803710938,0.0
,740,,,,,-44.0277099609375,56.707763671875,-0.25678167114257816,0.8438887756347656,0.0
,741,,,,,-50.6103515625,50.8026123046875,-0.31561668090820316,0.8151963500976562,0.0
,742,,,,,-53.2379150390625,50.8026123046875,-0.38543146362304687,0.7738668273925782,0.0
,743,,,,,-58.6578369140625,44.952392578125,-0.4334938659667969,0.7480747192382813,0.0
,744,,,,,-60.0128173828125,44.952392578125,-0.48621749267578124,0.700219482421875,0.0
,745,,,,,-65.0482177734375,37.90283203125,-0.5723983520507813,0.6449062866210937,0.0
,746,,,,,-65.3594970703125,37.90283203125,-0.6259506408691407,0.5985012084960938,0.0
,747,,,,,-69.561767578125,30.5877685546875,-0.6860286437988281,0.5505423889160156,0.0
,748,,,,,-68.7652587890625,30.5877685546875,-0.7280832458496094,0.5122167663574219,0.0
,749,,,,,-70.34912109375,26.2481689453125,-0.7936511352539063,0.4616683776855469,0.0
,750,,,,,-68.8751220703125,26.2481689453125,-0.8283513610839844,0.43908733520507814,0.0
,751,,,,,-72.10693359375,17.742919921875,-0.8716489562988281,0.4073910095214844,0.0
,752,,,,,-90.4815673828125,-17.7703857421875,-0.8825251464843751,0.37849141845703127,0.0
,753,,,,,-82.196044921875,-7.049560546875,-0.8925726745605469,0.320692236328125,0.0
,754,,,,,-79.669189453125,-7.049560546875,-0.8852182983398438,0.3146844360351563,0.0
,755,,,,,-75.8331298828125,-6.280517578125,-0.9090423339843751,0.25833541259765624,0.0
,756,,,,,-69.451904296875,-6.280517578125,-0.9191934448242188,0.22601759033203125,0.0
,757,,,,,-75.4119873046875,-16.607666015625,-0.9293445556640625,0.14646602783203125,0.0
,758,,,,,-69.1497802734375,-16.607666015625,-0.9248904968261719,0.10337559814453125,0.0
,759,,,,,-75.0,-26.7425537109375,-0.9364917663574219,-0.0047648071289062505,0.0
,760,,,,,-68.6004638671875,-26.7425537109375,-0.9019987060546876,-0.04029369506835938,0.0
,761,,,,,-72.9766845703125,-34.3048095703125,-0.9114247375488281,-0.12854620971679687,0.0
,762,,,,,-65.95458984375,-34.3048095703125,-0.8815929016113282,-0.14770902099609376,0.0
,763,,,,,-68.4814453125,-38.690185546875,-0.8896723571777344,-0.2607178161621094,0.0
,764,,,,,-61.92626953125,-38.690185546875,-0.8658483215332031,-0.320692236328125,0.0
,765,,,,,-64.8193359375,-43.7164306640625,-0.8662626525878907,-0.4087375854492188,0.0
,766,,,,,-58.099365234375,-43.7164306640625,-0.8506216552734375,-0.4426091491699219,0.0
,767,,,,,-61.2579345703125,-49.1729736328125,-0.8509324035644531,-0.5033086486816406,0.0
,768,,,,,-48.66943359375,-49.1729736328125,-0.8431636962890625,-0.5289971740722657,0.0
,769,,,,,-50.244140625,-51.89208984375,-0.8125031982421875,-0.5699123657226562,0.0
,770,,,,,-38.4429931640625,-55.04150390625,-0.8025592529296875,-0.594150732421875,0.0
,771,,,,,-40.283203125,-58.2275390625,-0.7680661926269532,-0.6258470581054688,0.0
,772,,,,,-27.850341796875,-61.8804931640625,-0.7255972595214844,-0.6610651977539063,0.0
,773,,,,,-30.0018310546875,-65.606689453125,-0.6878931335449219,-0.7075738586425782,0.0
,774,,,,,-20.54443359375,-68.170166015625,-0.642213134765625,-0.7410310913085938,0.0
,775,,,,,-21.8719482421875,-70.477294921875,-0.5682550415039063,-0.7584329956054687,0.0
,776,,,,,-11.2335205078125,-72.5830078125,-0.4695406677246094,-0.7504571228027344,0.0
,777,,,,,-12.2039794921875,-74.267578125,-0.42334275512695313,-0.7959299560546875,0.0
,778,,,,,-3.8726806640625,-75.18310546875,-0.38677803955078127,-0.8331161682128907,0.0
,779,,,,,-4.0191650390625,-75.4486083984375,-0.30929813232421877,-0.85683662109375,0.0
,780,,,,,3.717041015625,-75.164794921875,-0.25460643310546877,-0.9088351684570313,0.0
,781,,,,,4.083251953125,-74.52392578125,-0.19950040283203124,-0.9246833312988282,0.0
,782,,,,,10.052490234375,-73.7823486328125,-0.11218013305664062,-0.9258227416992187,0.0
,783,,,,,10.6842041015625,-72.69287109375,-0.04536925048828125,-0.9352487731933594,0.0
,784,,,,,17.4407958984375,-70.9075927734375,0.007768707275390625,-0.9427067321777344,0.0
,785,,,,,18.5028076171875,-69.049072265625,0.024341949462890627,-0.9590728088378907,0.0
,786,,,,,23.32763671875,-66.83349609375,0.08234829711914063,-0.9513041015625,0.0
,787,,,,,28.4454345703125,-64.5172119140625,0.10700099487304687,-0.9407386596679688,0.0
,788,,,,,34.149169921875,-61.8438720703125,0.1744333740234375,-0.9028273681640625,0.0
,789,,,,,40.4296875,-58.868408203125,0.18727763671875,-0.8809714050292969,0.0
,790,,,,,47.5250244140625,-53.668212890625,0.24134783935546875,-0.8637766662597657,0.0
,791,,,,,50.5645751953125,-53.668212890625,0.2827809448242188,-0.8436816101074219,0.0
,792,,,,,56.158447265625,-48.980712890625,0.340580126953125,-0.8160250122070313,0.0
,793,,,,,58.2183837890625,-48.980712890625,0.37092987670898436,-0.7871254211425781,0.0
,794,,,,,64.2333984375,-41.6015625,0.4600110534667969,-0.7420669189453125,0.0
,795,,,,,65.057373046875,-41.6015625,0.5277541809082031,-0.6775348571777344,0.0
,796,,,,,69.0399169921875,-35.3302001953125,0.6142457885742187,-0.6126920471191406,0.0
,797,,,,,68.792724609375,-35.3302001953125,0.6584756286621094,-0.5951865600585937,0.0
,798,,,,,71.4569091796875,-29.5440673828125,0.7254936767578125,-0.5507495544433594,0.0
,799,,,,,70.5780029296875,-29.5440673828125,0.775627734375,-0.5090057006835937,0.0
,800,,,,,72.2991943359375,-24.4537353515625,0.8216184814453126,-0.47005858154296876,0.0
,801,,,,,70.294189453125,-24.4537353515625,0.862637255859375,-0.4338046142578125,0.0
,802,,,,,74.74365234375,-12.799072265625,0.8847003845214844,-0.39982946777343753,0.0
,803,,,,,71.7041015625,-12.799072265625,0.9061420166015626,-0.35321722412109374,0.0
,804,,,,,77.9296875,2.545166015625,0.9058312683105469,-0.31437368774414065,0.0
,805,,,,,75.347900390625,2.545166015625,0.9208507690429688,-0.272629833984375,0.0
,806,,,,,77.8564453125,11.5081787109375,0.8951622436523438,-0.23057523193359375,0.0
,807,,,,,71.4202880859375,11.5081787109375,0.9300696350097657,-0.15485623168945312,0.0
,808,,,,,77.1148681640625,21.3775634765625,0.9236475036621095,-0.090324169921875,0.0
,809,,,,,70.916748046875,21.3775634765625,0.9353523559570313,-0.024756280517578125,0.0
,810,,,,,75.3387451171875,29.0313720703125,0.9394956665039063,0.06691446533203126,0.0
,811,,,,,67.41943359375,29.0313720703125,0.9390813354492188,0.13849015502929687,0.0
,812,,,,,72.2625732421875,37.4359130859375,0.9101817443847656,0.2017792236328125,0.0
,813,,,,,63.629150390625,37.4359130859375,0.9173289550781251,0.2777053894042969,0.0
,814,,,,,65.5059814453125,40.68603515625,0.9218865966796875,0.3499025756835938,0.0
,815,,,,,59.307861328125,40.68603515625,0.9277908142089843,0.41743853759765626,0.0
,816,,,,,62.5030517578125,46.234130859375,0.9083172546386719,0.47730937500000004,0.0
,817,,,,,54.2266845703125,46.234130859375,0.8856326293945312,0.5116988525390626,0.0
,818,,,,,56.7535400390625,50.6103515625,0.8951622436523438,0.5871071044921875,0.0
,819,,,,,42.4163818359375,50.6103515625,0.8438887756347656,0.5730198486328125,0.0
,820,,,,,18.42041015625,54.766845703125,0.8371558959960937,0.620667919921875,0.0
,821,,,,,31.2286376953125,59.2529296875,0.7852609313964845,0.6196320922851563,0.0
,822,,,,,33.2977294921875,62.841796875,0.762369140625,0.6599257873535156,0.0
,823,,,,,23.1536865234375,65.9271240234375,0.6795029296875,0.6588899597167969,0.0
,824,,,,,24.86572265625,68.88427734375,0.6512248352050781,0.7006338134765625,0.0
,825,,,,,15.0146484375,71.539306640625,0.559346923828125,0.6879967163085938,0.0
,826,,,,,15.9576416015625,73.1689453125,0.5233001220703125,0.7575007507324218,0.0
,827,,,,,5.9967041015625,74.37744140625,0.4314222106933594,0.7869182556152344,0.0
,828,,,,,6.3995361328125,75.0732421875,0.40190112304687503,0.8492750793457031,0.0
,829,,,,,-2.4444580078125,75.311279296875,0.3393371337890625,0.8651232421875,0.0
,830,,,,,-2.4627685546875,75.274658203125,0.2929320556640625,0.8997198852539062,0.0
,831,,,,,-8.001708984375,74.7894287109375,0.18551672973632813,0.8892580261230469,0.0
,832,,,,,-8.53271484375,73.8739013671875,0.1160126953125,0.909974578857422,0.0
,833,,,,,-14.501953125,72.54638671875,0.06908970336914062,0.9449855529785156,0.0
,834,,,,,-15.4266357421875,70.9442138671875,0.04744090576171875,0.9549294982910157,0.0
,835,,,,,-18.5943603515625,68.646240234375,-0.0236168701171875,0.9283087280273438,0.0
,836,,,,,-23.76708984375,66.76025390625,-0.06556788940429688,0.9199185241699219,0.0
,837,,,,,-28.7841796875,64.471435546875,-0.11249088134765625,0.8912260986328125,0.0
,838,,,,,-34.4512939453125,62.4114990234375,-0.1446015380859375,0.8729955322265626,0.0
,839,,,,,-42.51708984375,56.79931640625,-0.2085121032714844,0.84855,0.0
,840,,,,,-46.3714599609375,56.79931640625,-0.25553867797851565,0.8263832885742187,0.0
,841,,,,,-52.203369140625,52.203369140625,-0.31178411865234373,0.7853645141601563,0.0
,842,,,,,-54.9224853515625,52.203369140625,-0.3817024841308594,0.7431027465820312,0.0
,843,,,,,-60.5072021484375,46.76513671875,-0.4372228454589844,0.7050878723144531,0.0
,844,,,,,-62.384033203125,46.76513671875,-0.5018584899902344,0.6644834289550782,0.0
,845,,,,,-67.144775390625,40.081787109375,-0.5663905517578125,0.6167317749023438,0.0
,846,,,,,-67.12646484375,40.081787109375,-0.6315441101074218,0.5749879211425781,0.0
,847,,,,,-70.6329345703125,34.1400146484375,-0.6947295959472657,0.5360408020019531,0.0
,848,,,,,-69.818115234375,34.1400146484375,-0.7432063293457032,0.49295037231445316,0.0
,849,,,,,-71.4752197265625,29.0496826171875,-0.7999696838378907,0.436704931640625,0.0
,850,,,,,-69.9737548828125,29.0496826171875,-0.8185109985351563,0.42241051025390625,0.0
,851,,,,,-73.2879638671875,20.3704833984375,-0.8512431518554687,0.3981721435546875,0.0
,852,,,,,-94.66552734375,-20.39794921875,-0.8911225158691407,0.3525957275390625,0.0
,853,,,,,-84.99755859375,-8.1207275390625,-0.9172253723144531,0.30194375610351565,0.0
,854,,,,,-82.470703125,-8.1207275390625,-0.9286194763183594,0.29137831420898436,0.0
,855,,,,,-76.9500732421875,-3.167724609375,-0.9466428771972657,0.2254996765136719,0.0
,856,,,,,-73.7548828125,-3.167724609375,-0.95627607421875,0.18489523315429687,0.0
,857,,,,,-77.1240234375,-15.069580078125,-0.9666343505859375,0.1089690673828125,0.0
,858,,,,,-70.9808349609375,-15.069580078125,-0.9383562561035157,0.09436389770507812,0.0
,859,,,,,-75.7598876953125,-23.345947265625,-0.955550994873047,-0.004246893310546875,0.0
,860,,,,,-67.2271728515625,-23.345947265625,-0.9481966186523437,-0.033250067138671874,0.0
,861,,,,,-72.802734375,-33.0047607421875,-0.9605229675292969,-0.12139899902343751,0.0
,862,,,,,-64.78271484375,-33.0047607421875,-0.9442604736328125,-0.16593958740234377,0.0
,863,,,,,-67.7215576171875,-38.104248046875,-0.9417744873046875,-0.23844752197265626,0.0
,864,,,,,-59.765625,-38.104248046875,-0.9095602478027344,-0.29997568359375,0.0
,865,,,,,-62.8509521484375,-43.450927734375,-0.9160859619140626,-0.3990008056640625,0.0
,866,,,,,-56.0760498046875,-43.450927734375,-0.8843896362304687,-0.44012316284179687,0.0
,867,,,,,-58.92333984375,-48.3856201171875,-0.8308373474121094,-0.4695406677246094,0.0
,868,,,,,-48.0194091796875,-48.3856201171875,-0.8140569396972657,-0.4820741821289063,0.0
,869,,,,,-49.62158203125,-51.15966796875,-0.815403515625,-0.5421521850585937,0.0
,870,,,,,-38.0035400390625,-55.1788330078125,-0.8115709533691406,-0.5719840209960938,0.0
,871,,,,,-40.0634765625,-58.7493896484375,-0.7849501831054688,-0.6143493713378907,0.0
,872,,,,,-26.7333984375,-62.4755859375,-0.7492141296386718,-0.6403486450195313,0.0
,873,,,,,-28.9306640625,-66.2841796875,-0.6949367614746094,-0.6537108215332031,0.0
,874,,,,,-17.6513671875,-69.085693359375,-0.6535036560058594,-0.6784671020507813,0.0
,875,,,,,-18.9971923828125,-71.4111328125,-0.5911468322753907,-0.7150318176269531,0.0
,876,,,,,-8.8714599609375,-73.4161376953125,-0.5215392150878907,-0.7428955810546876,0.0
,877,,,,,-9.6771240234375,-74.8077392578125,-0.46922991943359377,-0.7911651489257813,0.0
,878,,,,,-0.714111328125,-75.6683349609375,-0.39941513671875,-0.8359129028320312,0.0
,879,,,,,-0.8880615234375,-75.9613037109375,-0.3282537780761719,-0.8409884582519531,0.0
,880,,,,,6.5093994140625,-75.6317138671875,-0.25761033325195315,-0.8826287292480469,0.0
,881,,,,,6.7108154296875,-75.29296875,-0.18137341918945313,-0.8841824707031251,0.0
,882,,,,,11.993408203125,-74.1943359375,-0.11290521240234376,-0.8994091369628906,0.0
,883,,,,,12.8448486328125,-72.7294921875,-0.050755554199218754,-0.9064527648925782,0.0
,884,,,,,18.0999755859375,-71.392822265625,0.0203022216796875,-0.9162931274414062,0.0
,885,,,,,19.244384765625,-69.39697265625,0.04816598510742188,-0.9122533996582032,0.0
,886,,,,,24.5819091796875,-66.83349609375,0.108554736328125,-0.9066599304199219,0.0
,887,,,,,29.6356201171875,-64.361572265625,0.11746285400390626,-0.9125641479492188,0.0
,888,,,,,35.2935791015625,-61.761474609375,0.16397151489257814,-0.8927798400878907,0.0
,889,,,,,41.0797119140625,-59.161376953125,0.21286257934570313,-0.84357802734375,0.0
,890,,,,,47.2503662109375,-55.059814453125,0.2639288818359375,-0.81706083984375,0.0
,891,,,,,50.1068115234375,-55.059814453125,0.3161345947265625,-0.7900257385253906,0.0
,892,,,,,55.609130859375,-50.0335693359375,0.35974293823242187,-0.7616440612792968,0.0
,893,,,,,57.60498046875,-50.0335693359375,0.4012796264648438,-0.7260115905761719,0.0
,894,,,,,62.457275390625,-44.5770263671875,0.47958819580078127,-0.6955582580566406,0.0
,895,,,,,63.079833984375,-44.5770263671875,0.5535462890625,-0.6577505493164063,0.0
,896,,,,,67.12646484375,-38.2232666015625,0.6408665588378907,-0.5963259704589844,0.0
,897,,,,,66.7877197265625,-38.2232666015625,0.6951439270019532,-0.5658726379394532,0.0
,898,,,,,68.975830078125,-32.4188232421875,0.7609189819335938,-0.5301365844726562,0.0
,899,,,,,67.657470703125,-32.4188232421875,0.815403515625,-0.4829028442382813,0.0
,900,,,,,69.8089599609375,-26.3031005859375,0.8597369384765625,-0.4428163146972656,0.0
,901,,,,,67.4468994140625,-26.3031005859375,0.8829394775390625,-0.430075634765625,0.0
,902,,,,,72.0428466796875,-13.9434814453125,0.8950586608886719,-0.3962040710449219,0.0
,903,,,,,69.54345703125,-13.9434814453125,0.8998234680175782,-0.36471491088867186,0.0
,904,,,,,73.5076904296875,-2.7191162109375,0.8882221984863281,-0.31810266723632813,0.0
,905,,,,,71.063232421875,-2.7191162109375,0.9162931274414062,-0.25212044677734374,0.0
,906,,,,,75.2197265625,9.5306396484375,0.9202292724609376,-0.21451990356445313,0.0
,907,,,,,69.9554443359375,9.5306396484375,0.9273764831542969,-0.1542347351074219,0.0
,908,,,,,74.96337890625,18.2098388671875,0.927272900390625,-0.0890811767578125,0.0
,909,,,,,68.646240234375,18.2098388671875,0.9315197937011719,-0.0261028564453125,0.0
,910,,,,,74.08447265625,27.630615234375,0.9316233764648438,0.056866937255859375,0.0
,911,,,,,65.0482177734375,27.630615234375,0.9359738525390625,0.11994884033203125,0.0
,912,,,,,69.708251953125,35.70556640625,0.9268585693359376,0.17515845336914063,0.0
,913,,,,,61.029052734375,35.70556640625,0.934730859375,0.24725205688476562,0.0
,914,,,,,64.2425537109375,41.2811279296875,0.9242690002441406,0.327321533203125,0.0
,915,,,,,56.28662109375,41.2811279296875,0.9356631042480469,0.4012796264648438,0.0
,916,,,,,59.21630859375,46.3531494140625,0.9384598388671875,0.4601146362304688,0.0
,917,,,,,52.496337890625,46.3531494140625,0.9004449645996094,0.48828914794921874,0.0
,918,,,,,55.572509765625,51.690673828125,0.8724776184082031,0.5416342712402344,0.0
,919,,,,,41.7755126953125,51.690673828125,0.8283513610839844,0.5330369018554688,0.0
,920,,,,,19.95849609375,55.2520751953125,0.8453389343261719,0.5995370361328125,0.0
,921,,,,,31.2286376953125,58.6029052734375,0.798001611328125,0.6093773986816406,0.0
,922,,,,,33.14208984375,61.92626953125,0.7677554443359376,0.6469779418945313,0.0
,923,,,,,20.4345703125,65.5059814453125,0.6673837463378907,0.6222216613769531,0.0
,924,,,,,22.3297119140625,68.7835693359375,0.6572326354980469,0.6705948120117188,0.0
,925,,,,,12.762451171875,71.2738037109375,0.5769559936523437,0.6698697326660157,0.0
,926,,,,,13.80615234375,73.077392578125,0.5412199401855469,0.7413418395996094,0.0
,927,,,,,3.5888671875,74.6337890625,0.43390819702148437,0.7378200256347657,0.0
,928,,,,,4.3304443359375,75.91552734375,0.3971363159179688,0.7923045593261719,0.0
,929,,,,,-2.6824951171875,75.9063720703125,0.2972825317382813,0.80877421875,0.0
,930,,,,,-2.764892578125,75.7598876953125,0.24642339477539063,0.8607727661132812,0.0
,931,,,,,-7.8277587890625,75.274658203125,0.1562028076171875,0.8768280944824219,0.0
,932,,,,,-8.2122802734375,74.6063232421875,0.1031684326171875,0.9003413818359375,0.0
,933,,,,,-13.5955810546875,73.5992431640625,0.053759454345703124,0.920643603515625,0.0
,934,,,,,-14.3096923828125,72.3541259765625,0.02838167724609375,0.9364917663574219,0.0
,935,,,,,-17.9443359375,70.294189453125,-0.053137957763671875,0.9063491821289062,0.0
,936,,,,,-23.675537109375,68.29833984375,-0.09042775268554688,0.9030345336914063,0.0
,937,,,,,-28.8299560546875,65.9454345703125,-0.12916770629882812,0.8956801574707032,0.0
,938,,,,,-34.1949462890625,63.446044921875,-0.18261641235351564,0.8596333557128907,0.0
,939,,,,,-40.2557373046875,60.64453125,-0.24538756713867188,0.8305265991210937,0.0
,940,,,,,-45.4925537109375,58.319091796875,-0.28402393798828124,0.8173715881347656,0.0
,941,,,,,-51.0772705078125,53.924560546875,-0.3360224853515625,0.8045273254394532,0.0
,942,,,,,-53.57666015625,53.924560546875,-0.38936760864257813,0.7566720886230469,0.0
,943,,,,,-58.8134765625,48.4130859375,-0.4677797607421875,0.7150318176269531,0.0
,944,,,,,-60.3515625,48.4130859375,-0.5316903259277344,0.6848892333984375,0.0
,945,,,,,-64.7735595703125,42.1417236328125,-0.614970867919922,0.6305082824707031,0.0
,946,,,,,-64.5904541015625,42.1417236328125,-0.693590185546875,0.583378125,0.0
,947,,,,,-67.7764892578125,36.0809326171875,-0.7654766235351562,0.5352121398925781,0.0
,948,,,,,-67.071533203125,36.0809326171875,-0.7915794799804687,0.5034122314453126,0.0
,949,,,,,-69.3878173828125,30.0750732421875,-0.841920703125,0.43774075927734374,0.0
,950,,,,,-67.6849365234375,30.0750732421875,-0.8656411560058594,0.43090429687500004,0.0
,951,,,,,-70.7427978515625,21.478271484375,-0.8956801574707032,0.41951019287109376,0.0
,952,,,,,-68.206787109375,21.478271484375,-0.9073850097656251,0.39972588500976564,0.0
,953,,,,,-72.98583984375,7.9010009765625,-0.9319341247558593,0.3540458862304688,0.0
,954,,,,,-79.1656494140625,-7.928466796875,-0.9466428771972657,0.322349560546875,0.0
,955,,,,,-73.93798828125,-3.167724609375,-0.9561724914550781,0.26330738525390623,0.0
,956,,,,,-68.2525634765625,-3.167724609375,-0.9491288635253906,0.2279856628417969,0.0
,957,,,,,-75.3021240234375,-15.380859375,-0.9504754394531251,0.15019500732421875,0.0
,958,,,,,-69.10400390625,-15.380859375,-0.9563796569824219,0.100268115234375,0.0
,959,,,,,-74.3316650390625,-24.4354248046875,-0.955550994873047,0.01180843505859375,0.0
,960,,,,,-66.357421875,-24.4354248046875,-0.9427067321777344,-0.024134783935546876,0.0
,961,,,,,-71.74072265625,-33.7738037109375,-0.9667379333496094,-0.11259446411132813,0.0
,962,,,,,-63.427734375,-33.7738037109375,-0.945503466796875,-0.15309532470703124,0.0
,963,,,,,-67.327880859375,-40.5303955078125,-0.9498539428710938,-0.20208997192382813,0.0
,964,,,,,-57.7239990234375,-40.5303955078125,-0.9159823791503906,-0.25212044677734374,0.0
,965,,,,,-60.4248046875,-45.1995849609375,-0.8967159851074219,-0.3508348205566406,0.0
,966,,,,,-54.38232421875,-45.1995849609375,-0.8716489562988281,-0.391128515625,0.0
,967,,,,,-57.0648193359375,-49.84130859375,-0.8738241943359375,-0.47513413696289064,0.0
,968,,,,,-46.7010498046875,-49.84130859375,-0.8454425170898437,-0.49709368286132816,0.0
,969,,,,,-48.0010986328125,-52.093505859375,-0.8146784362792969,-0.5329333190917969,0.0
,970,,,,,-36.492919921875,-55.8563232421875,-0.8116745361328125,-0.5625579895019531,0.0
,971,,,,,-38.470458984375,-59.2803955078125,-0.7626798889160157,-0.5980868774414063,0.0
,972,,,,,-25.9368896484375,-63.0615234375,-0.7400988464355469,-0.6181819335937501,0.0
,973,,,,,-28.216552734375,-67.0074462890625,-0.686960888671875,-0.6478066040039062,0.0
,974,,,,,-17.669677734375,-70.367431640625,-0.6210822509765626,-0.6617902770996094,0.0
,975,,,,,-19.134521484375,-72.894287109375,-0.5746771728515625,-0.7161712280273438,0.0
,976,,,,,-9.539794921875,-74.578857421875,-0.5035158142089844,-0.7406167602539063,0.0
,977,,,,,-10.1806640625,-75.6866455078125,-0.43194012451171876,-0.7771814758300781,0.0
,978,,,,,-1.611328125,-76.7120361328125,-0.3651292419433594,-0.8143676879882813,0.0
,979,,,,,-1.94091796875,-77.2796630859375,-0.3012186767578125,-0.8244152160644531,0.0
,980,,,,,3.753662109375,-76.8310546875,-0.22612117309570312,-0.855179296875,0.0
,981,,,,,3.8360595703125,-76.6937255859375,-0.16169269409179687,-0.8788997497558594,0.0
,982,,,,,9.3017578125,-76.116943359375,-0.07934439697265626,-0.8822143981933595,0.0
,983,,,,,10.0799560546875,-74.7894287109375,-0.02050938720703125,-0.8955765747070312,0.0
,984,,,,,15.6829833984375,-73.20556640625,0.05293079223632813,-0.8987876403808595,0.0
,985,,,,,16.644287109375,-71.5484619140625,0.06411773071289063,-0.9199185241699219,0.0
,986,,,,,22.6318359375,-69.2779541015625,0.10503292236328125,-0.9108032409667969,0.0
,987,,,,,28.656005859375,-66.7510986328125,0.12771754760742188,-0.9007557128906251,0.0
,988,,,,,33.87451171875,-64.361572265625,0.1785766845703125,-0.8893616088867188,0.0
,989,,,,,38.9007568359375,-62.14599609375,0.2183524658203125,-0.8705095458984375,0.0
,990,,,,,45.99609375,-56.982421875,0.2939678833007813,-0.8347734924316407,0.0
,991,,,,,49.237060546875,-56.982421875,0.3290824401855469,-0.8184074157714843,0.0
,992,,,,,54.0802001953125,-52.2674560546875,0.3791129150390625,-0.7850537658691407,0.0
,993,,,,,55.5999755859375,-52.2674560546875,0.4434378112792969,-0.7475568054199219,0.0
,994,,,,,61.065673828125,-45.15380859375,0.5298258361816407,-0.7040520446777344,0.0
,995,,,,,61.8072509765625,-45.15380859375,0.5801670593261719,-0.6896540405273438,0.0
,996,,,,,65.899658203125,-38.1317138671875,0.6570254699707031,-0.6257434753417969,0.0
,997,,,,,65.5517578125,-38.1317138671875,0.709334765625,-0.5839996215820312,0.0
,998,,,,,68.2525634765625,-32.354736328125,0.7874361694335937,-0.5252681945800781,0.0
,999,,,,,67.1539306640625,-32.354736328125,0.8156106811523438,-0.4952291931152344,0.0
,1000,,,,,69.635009765625,-26.220703125,0.8587011108398438,-0.45762864990234375,0.0
,1001,,,,,67.8131103515625,-26.220703125,0.8954729919433594,-0.42044243774414064,0.0
,1002,,,,,72.4639892578125,-14.703369140625,0.8744456909179688,-0.406873095703125,0.0
,1003,,,,,69.927978515625,-14.703369140625,0.8940228332519532,-0.37310511474609376,0.0
,1004,,,,,77.105712890625,2.7557373046875,0.8980625610351562,-0.3396478820800781,0.0
,1005,,,,,74.2034912109375,2.7557373046875,0.9186755310058594,-0.2961431213378906,0.0
,1006,,,,,75.87890625,10.986328125,0.9292409729003906,-0.24124425659179688,0.0
,1007,,,,,68.4356689453125,10.986328125,0.96787734375,-0.16625033569335937,0.0
,1008,,,,,74.3865966796875,21.2860107421875,0.9490252807617188,-0.11135147094726563,0.0
,1009,,,,,67.822265625,21.2860107421875,0.9384598388671875,-0.061735327148437505,0.0
,1010,,,,,73.4344482421875,31.0089111328125,0.927272900390625,0.013362176513671876,0.0
,1011,,,,,64.41650390625,31.0089111328125,0.9494396118164062,0.09943945312500001,0.0
,1012,,,,,68.8568115234375,38.6993408203125,0.9168110412597656,0.15651355590820312,0.0
,1013,,,,,61.2762451171875,38.6993408203125,0.9021022888183594,0.2249817626953125,0.0
,1014,,,,,64.2333984375,43.8262939453125,0.8916404296875,0.2828845275878906,0.0
,1015,,,,,57.3394775390625,43.8262939453125,0.8856326293945312,0.35736053466796874,0.0
,1016,,,,,60.333251953125,49.017333984375,0.8755851013183594,0.4372228454589844,0.0
,1017,,,,,53.6773681640625,49.017333984375,0.8530040588378907,0.48652824096679687,0.0
,1018,,,,,54.0618896484375,49.69482421875,0.8549721313476563,0.552717626953125,0.0
,1019,,,,,42.00439453125,53.6773681640625,0.7964478698730469,0.54525966796875,0.0
,1020,,,,,22.2381591796875,57.6141357421875,0.794686962890625,0.5971546325683594,0.0
,1021,,,,,32.3089599609375,60.68115234375,0.7529431091308594,0.6047161743164062,0.0
,1022,,,,,34.38720703125,64.2791748046875,0.7445529052734375,0.6523642456054688,0.0
,1023,,,,,22.81494140625,67.7581787109375,0.6560932250976562,0.6590971252441407,0.0
,1024,,,,,24.5086669921875,70.6878662109375,0.6174568542480469,0.6863393920898437,0.0
,1025,,,,,15.3350830078125,72.857666015625,0.51211318359375,0.682817578125,0.0
,1026,,,,,16.424560546875,74.74365234375,0.4777237060546875,0.7559470092773438,0.0
,1027,,,,,6.500244140625,76.4923095703125,0.4064587646484375,0.7937547180175781,0.0
,1028,,,,,7.0587158203125,77.4627685546875,0.36564715576171875,0.8430601135253907,0.0
,1029,,,,,1.263427734375,77.9937744140625,0.2751158203125,0.8531076416015625,0.0
,1030,,,,,1.3641357421875,78.167724609375,0.21969904174804689,0.8847003845214844,0.0
,1031,,,,,-4.2938232421875,77.6824951171875,0.13496834106445313,0.9072814270019531,0.0
,1032,,,,,-4.6875,77.01416015625,0.09332807006835937,0.9335914489746094,0.0
,1033,,,,,-11.0504150390625,75.604248046875,0.027449432373046877,0.9315197937011719,0.0
,1034,,,,,-12.0758056640625,73.8372802734375,-0.0078722900390625,0.9473679565429688,0.0
,1035,,,,,-15.5731201171875,71.44775390625,-0.07696199340820313,0.937216845703125,0.0
,1036,,,,,-21.5423583984375,68.865966796875,-0.1160126953125,0.9257191589355469,0.0
,1037,,,,,-27.2552490234375,66.39404296875,-0.14853768310546875,0.9225080932617188,0.0
,1038,,,,,-32.3638916015625,64.16015625,-0.17557278442382812,0.8992019714355469,0.0
,1039,,,,,-37.8753662109375,61.6790771484375,-0.22353160400390626,0.8669877319335938,0.0
,1040,,,,,-43.4051513671875,59.1705322265625,-0.29966493530273436,0.8164393432617187,0.0
,1041,,,,,-49.3743896484375,54.6844482421875,-0.35549604492187503,0.80048759765625,0.0
,1042,,,,,-51.7181396484375,54.6844482421875,-0.4067695129394531,0.7609189819335938,0.0
,1043,,,,,-57.275390625,48.8616943359375,-0.4766878784179688,0.7291190734863281,0.0
,1044,,,,,-58.612060546875,48.8616943359375,-0.5470205749511718,0.6865465576171875,0.0
,1045,,,,,-63.5101318359375,41.9036865234375,-0.5997442016601563,0.6684195739746094,0.0
,1046,,,,,-63.8763427734375,41.9036865234375,-0.6746345397949219,0.6069949951171875,0.0
,1047,,,,,-68.6004638671875,33.1512451171875,-0.7207288696289063,0.5791312316894531,0.0
,1048,,,,,-67.547607421875,33.1512451171875,-0.7712772583007813,0.5430844299316406,0.0
,1049,,,,,-69.6533203125,27.593994140625,-0.8201683227539063,0.4953327758789063,0.0
,1050,,,,,-67.913818359375,27.593994140625,-0.8561115417480469,0.4600110534667969,0.0
,1051,,,,,-70.8343505859375,19.4549560546875,-0.8870827880859375,0.4283147277832031,0.0
,1052,,,,,-90.8294677734375,-19.482421875,-0.8969231506347657,0.41826719970703125,0.0
,1053,,,,,-80.6671142578125,-6.8939208984375,-0.9294481384277344,0.3581891967773438,0.0
,1054,,,,,-77.6824951171875,-6.8939208984375,-0.9464357116699219,0.3456556823730469,0.0
,1055,,,,,-74.1302490234375,-6.1431884765625,-0.9428103149414063,0.2888923278808594,0.0
,1056,,,,,-67.0166015625,-6.1431884765625,-0.9378383422851563,0.24331591186523438,0.0
,1057,,,,,-73.3245849609375,-17.0745849609375,-0.940531494140625,0.17049722900390626,0.0
,1058,,,,,-67.2821044921875,-17.0745849609375,-0.91650029296875,0.13652208251953124,0.0
,1059,,,,,-72.821044921875,-26.6693115234375,-0.9442604736328125,0.029728253173828125,0.0
,1060,,,,,-65.0665283203125,-26.6693115234375,-0.9260299072265625,-0.014605169677734375,0.0
,1061,,,,,-69.964599609375,-35.15625,-0.9161895446777344,-0.09146358032226563,0.0
,1062,,,,,-63.0615234375,-35.15625,-0.8907081848144531,-0.13641849975585937,0.0
,1063,,,,,-66.39404296875,-40.924072265625,-0.9063491821289062,-0.22228861083984375,0.0
,1064,,,,,-59.271240234375,-40.924072265625,-0.8803499084472657,-0.2876493347167969,0.0
,1065,,,,,-61.5875244140625,-44.9249267578125,-0.8657447387695313,-0.36823672485351566,0.0
,1066,,,,,-55.5633544921875,-44.9249267578125,-0.8307337646484375,-0.39879364013671875,0.0
,1067,,,,,-58.3648681640625,-49.7772216796875,-0.8184074157714843,-0.476480712890625,0.0
,1068,,,,,-46.76513671875,-49.7772216796875,-0.801316259765625,-0.4939861999511719,0.0
,1069,,,,,-48.0560302734375,-52.0111083984375,-0.7746954895019531,-0.5414271057128907,0.0
,1070,,,,,-37.3992919921875,-55.4534912109375,-0.7650622924804688,-0.5783025695800782,0.0
,1071,,,,,-39.532470703125,-59.14306640625,-0.7266330871582032,-0.6077200744628907,0.0
,1072,,,,,-27.392578125,-63.336181640625,-0.6756703674316407,-0.6147637023925782,0.0
,1073,,,,,-29.534912109375,-67.0440673828125,-0.63806982421875,-0.6519499145507812,0.0
,1074,,,,,-20.4071044921875,-69.5892333984375,-0.5780954040527344,-0.6548502319335938,0.0
,1075,,,,,-21.826171875,-72.052001953125,-0.5270291015625,-0.7037412963867188,0.0
,1076,,,,,-11.810302734375,-73.93798828125,-0.4728553161621094,-0.7458994812011719,0.0
,1077,,,,,-12.6251220703125,-75.3387451171875,-0.42085676879882816,-0.7987266906738282,0.0
,1078,,,,,-4.7882080078125,-75.6500244140625,-0.3355045715332031,-0.8189253295898438,0.0
,1079,,,,,-4.852294921875,-75.76904296875,-0.24766638793945314,-0.8220328125,0.0
,1080,,,,,1.1077880859375,-75.531005859375,-0.2022971374511719,-0.8622229248046875,0.0
,1081,,,,,1.57470703125,-74.7161865234375,-0.14107972412109376,-0.8885329467773437,0.0
,1082,,,,,7.086181640625,-73.9013671875,-0.05779918212890625,-0.9048990234375001,0.0
,1083,,,,,7.635498046875,-72.94921875,-0.03138557739257813,-0.9285158935546876,0.0
,1084,,,,,14.4195556640625,-71.1456298828125,0.030867663574218752,-0.9153608825683595,0.0
,1085,,,,,15.56396484375,-69.158935546875,0.055831109619140624,-0.9115283203125,0.0
,1086,,,,,21.38671875,-66.9708251953125,0.10006094970703125,-0.9055205200195313,0.0
,1087,,,,,26.66015625,-65.0848388671875,0.1106263916015625,-0.9228188415527344,0.0
,1088,,,,,32.318115234375,-62.8692626953125,0.15433831787109376,-0.8945407470703125,0.0
,1089,,,,,38.5345458984375,-60.16845703125,0.17774802246093752,-0.8718561218261719,0.0
,1090,,,,,45.3277587890625,-55.37109375,0.24352307739257814,-0.8266940368652343,0.0
,1091,,,,,48.1842041015625,-55.37109375,0.2692116027832031,-0.8184074157714843,0.0
,1092,,,,,54.034423828125,-49.4659423828125,0.3416159545898438,-0.7830856933593751,0.0
,1093,,,,,55.938720703125,-49.4659423828125,0.3933037536621094,-0.7450708190917968,0.0
,1094,,,,,61.12060546875,-43.2586669921875,0.48342075805664064,-0.7162748107910156,0.0
,1095,,,,,61.85302734375,-43.2586669921875,0.5472277404785156,-0.6682124084472656,0.0
,1096,,,,,66.8975830078125,-35.2935791015625,0.6154887817382813,-0.6247076477050781,0.0
,1097,,,,,66.6961669921875,-35.2935791015625,0.678674267578125,-0.5864856079101562,0.0
,1098,,,,,69.268798828125,-29.736328125,0.7402024291992187,-0.5346942260742188,0.0
,1099,,,,,68.2891845703125,-29.736328125,0.7819462829589844,-0.4932611206054688,0.0
,1100,,,,,70.7427978515625,-22.705078125,0.8067025634765626,-0.46891917114257814,0.0
,1101,,,,,68.0694580078125,-22.705078125,0.8232758056640626,-0.44437005615234376,0.0
,1102,,,,,71.9879150390625,-11.865234375,0.8616014282226563,-0.3974470642089844,0.0
,1103,,,,,69.561767578125,-11.865234375,0.8720632873535157,-0.3610895141601563,0.0
,1104,,,,,75.9796142578125,3.4698486328125,0.8591154418945313,-0.3351938232421875,0.0
,1105,,,,,72.857666015625,3.4698486328125,0.8925726745605469,-0.2751158203125,0.0
,1106,,,,,74.6978759765625,11.846923828125,0.8877042846679688,-0.22974656982421876,0.0
,1107,,,,,69.1131591796875,11.846923828125,0.8799355773925781,-0.17515845336914063,0.0
,1108,,,,,74.9359130859375,21.9268798828125,0.87340986328125,-0.10472217407226563,0.0
,1109,,,,,67.8131103515625,21.9268798828125,0.9030345336914063,-0.023513287353515627,0.0
,1110,,,,,72.674560546875,30.3497314453125,0.8694737182617188,0.0236168701171875,0.0
,1111,,,,,66.0003662109375,30.3497314453125,0.8777603393554688,0.09353523559570313,0.0
,1112,,,,,70.953369140625,38.9373779296875,0.8729955322265626,0.18738121948242187,0.0
,1113,,,,,62.3565673828125,38.9373779296875,0.8630515869140625,0.2581282470703125,0.0
,1114,,,,,64.34326171875,42.388916015625,0.84689267578125,0.3145808532714844,0.0
,1115,,,,,60.0494384765625,42.388916015625,0.8421278686523438,0.3807702392578125,0.0
,1116,,,,,63.1256103515625,47.71728515625,0.8423350341796876,0.44954919433593754,0.0
,1117,,,,,53.7872314453125,47.71728515625,0.8445102722167969,0.49802592773437504,0.0
,1118,,,,,56.5704345703125,52.532958984375,0.8275226989746094,0.5525104614257813,0.0
,1119,,,,,44.110107421875,52.532958984375,0.7704485961914063,0.5541677856445313,0.0
,1120,,,,,18.6859130859375,56.2408447265625,0.7541861022949219,0.5874178527832031,0.0
,1121,,,,,32.5836181640625,60.0494384765625,0.7061236999511719,0.59166474609375,0.0
,1122,,,,,34.7625732421875,63.83056640625,0.7016696411132812,0.6470815246582031,0.0
,1123,,,,,25.0030517578125,66.8060302734375,0.60823798828125,0.6375519104003906,0.0
,1124,,,,,26.495361328125,69.3878173828125,0.5960152221679688,0.6784671020507813,0.0
,1125,,,,,16.497802734375,71.466064453125,0.5212284667968751,0.6801244262695313,0.0
,1126,,,,,17.523193359375,73.2513427734375,0.5027907348632813,0.779771044921875,0.0
,1127,,,,,8.67919921875,74.1668701171875,0.41640270996093753,0.8162321777343751,0.0
,1128,,,,,8.9263916015625,74.6063232421875,0.38563862915039065,0.88335380859375,0.0
,1129,,,,,-0.1922607421875,74.7802734375,0.28837441406250003,0.8727883666992188,0.0
,1130,,,,,-0.29296875,74.6063232421875,0.23192180786132813,0.8958873229980469,0.0
,1131,,,,,-4.705810546875,73.8555908203125,0.14936634521484377,0.9155680480957031,0.0
,1132,,,,,-5.0079345703125,73.3428955078125,0.10575800170898438,0.9375275939941407,0.0
,1133,,,,,-12.176513671875,72.18017578125,0.058938592529296875,0.9527542602539063,0.0
,1134,,,,,-13.0279541015625,70.7061767578125,0.01760906982421875,0.9497503601074219,0.0
,1135,,,,,-20.0592041015625,69.287109375,-0.048373150634765626,0.9246833312988282,0.0
,1136,,,,,-20.9930419921875,67.67578125,-0.08845968017578125,0.9249940795898438,0.0
,1137,,,,,-26.7425537109375,65.33203125,-0.13558983764648438,0.9128748962402344,0.0
,1138,,,,,-33.544921875,62.6312255859375,-0.146673193359375,0.9048990234375001,0.0
,1139,,,,,-41.1346435546875,57.8338623046875,-0.1985681579589844,0.8787961669921875,0.0
,1140,,,,,-44.5953369140625,57.8338623046875,-0.2710760925292969,0.8305265991210937,0.0
,1141,,,,,-51.4617919921875,51.30615234375,-0.31427010498046876,0.8167500915527344,0.0
,1142,,,,,-53.8238525390625,51.30615234375,-0.37414094238281254,0.7829821105957031,0.0
,1143,,,,,-59.3994140625,45.172119140625,-0.4409518249511719,0.7472460571289062,0.0
,1144,,,,,-60.662841796875,45.172119140625,-0.501340576171875,0.6932794372558594,0.0
,1145,,,,,-65.679931640625,37.939453125,-0.5758165832519532,0.6378626586914062,0.0
,1146,,,,,-66.064453125,37.939453125,-0.6344444274902344,0.6006764465332032,0.0
,1147,,,,,-70.12939453125,31.16455078125,-0.6702840637207031,0.5749879211425781,0.0
,1148,,,,,-69.3511962890625,31.16455078125,-0.7109920898437501,0.5548928649902344,0.0
,1149,,,,,-70.916748046875,26.898193359375,-0.7710700927734375,0.491396630859375,0.0
,1150,,,,,-69.6533203125,26.898193359375,-0.8086706359863282,0.44944561157226565,0.0
,1151,,,,,-72.967529296875,17.4957275390625,-0.8564222900390626,0.4211675170898438,0.0
,1152,,,,,-90.985107421875,-17.523193359375,-0.8923655090332031,0.385327880859375,0.0
,1153,,,,,-82.6080322265625,-6.5093994140625,-0.9028273681640625,0.3236961364746094,0.0
,1154,,,,,-79.8797607421875,-6.5093994140625,-0.8952658264160156,0.2994577697753906,0.0
,1155,,,,,-76.7303466796875,-6.6650390625,-0.904070361328125,0.24373024291992187,0.0
,1156,,,,,-70.697021484375,-6.6650390625,-0.9215758483886719,0.19742874755859374,0.0
,1157,,,,,-76.4739990234375,-16.6717529296875,-0.928930224609375,0.1321716064453125,0.0
,1158,,,,,-70.733642578125,-16.6717529296875,-0.9144286376953126,0.10492933959960937,0.0
,1159,,,,,-76.2725830078125,-26.275634765625,-0.9121498168945312,0.010979772949218751,0.0
,1160,,,,,-68.4173583984375,-26.275634765625,-0.8987876403808595,-0.03407872924804688,0.0
,1161,,,,,-72.9400634765625,-34.1217041015625,-0.9302768005371094,-0.130099951171875,0.0
,1162,,,,,-66.1468505859375,-34.1217041015625,-0.8928834228515625,-0.1491591796875,0.0
,1163,,,,,-69.2413330078125,-39.4866943359375,-0.8928834228515625,-0.2287107421875,0.0
,1164,,,,,-62.347412109375,-39.4866943359375,-0.8818000671386719,-0.30722647705078127,0.0
,1165,,,,,-65.277099609375,-44.5587158203125,-0.8622229248046875,-0.38636370849609375,0.0
,1166,,,,,-58.6944580078125,-44.5587158203125,-0.8578724487304688,-0.43484044189453125,0.0
,1167,,,,,-61.5325927734375,-49.4842529296875,-0.842024285888672,-0.48839273071289063,0.0
,1168,,,,,-48.8525390625,-49.4842529296875,-0.8225507263183593,-0.5066232971191407,0.0
,1169,,,,,-50.72021484375,-52.716064453125,-0.8276262817382812,-0.5664941345214843,0.0
,1170,,,,,-39.7064208984375,-56.011962890625,-0.8053559875488282,-0.5939435668945313,0.0
,1171,,,,,-41.619873046875,-59.3353271484375,-0.7702414306640625,-0.6429382141113281,0.0
,1172,,,,,-28.89404296875,-62.640380859375,-0.7595724060058594,-0.6854071472167969,0.0
,1173,,,,,-31.01806640625,-66.32080078125,-0.6897576232910156,-0.7097490966796876,0.0
,1174,,,,,-20.4345703125,-69.158935546875,-0.6397271484375,-0.74248125,0.0
,1175,,,,,-21.56982421875,-71.1273193359375,-0.5829637939453125,-0.7780101379394532,0.0
,1176,,,,,-11.2335205078125,-72.930908203125,-0.4995796691894531,-0.7861931762695312,0.0
,1177,,,,,-12.139892578125,-74.505615234375,-0.44830620117187503,-0.8247259643554687,0.0
,1178,,,,,-3.314208984375,-75.494384765625,-0.3991043884277344,-0.8719597045898437,0.0
,1179,,,,,-3.4332275390625,-75.7049560546875,-0.31768833618164066,-0.8771388427734376,0.0
,1180,,,,,4.3121337890625,-75.5859375,-0.24279799804687502,-0.9071778442382813,0.0
,1181,,,,,4.5135498046875,-75.238037109375,-0.1836522399902344,-0.922404510498047,0.0
,1182,,,,,10.0341796875,-74.3682861328125,-0.11238729858398439,-0.9176397033691407,0.0
,1183,,,,,10.455322265625,-73.64501953125,-0.047337322998046875,-0.9173289550781251,0.0
,1184,,,,,17.4407958984375,-72.36328125,0.00932244873046875,-0.9271693176269532,0.0
,1185,,,,,18.5302734375,-70.477294921875,0.028899591064453126,-0.9418780700683594,0.0
,1186,,,,,23.69384765625,-67.6849365234375,0.09011700439453126,-0.9252012451171875,0.0
,1187,,,,,29.1046142578125,-65.203857421875,0.09581405639648438,-0.9350416076660156,0.0
,1188,,,,,34.7076416015625,-62.8509521484375,0.13952598266601562,-0.9328663696289062,0.0
,1189,,,,,40.2008056640625,-60.2691650390625,0.16894348754882813,-0.9177432861328125,0.0
,1190,,,,,48.0194091796875,-53.759765625,0.25450285034179687,-0.8834573913574219,0.0
,1191,,,,,51.0772705078125,-53.759765625,0.30266883544921874,-0.844406689453125,0.0
,1192,,,,,56.50634765625,-48.577880859375,0.3520778137207031,-0.8174751708984376,0.0
,1193,,,,,58.502197265625,-48.577880859375,0.3970327331542969,-0.7802889587402344,0.0
,1194,,,,,64.2974853515625,-42.15087890625,0.46695109863281253,-0.7371985290527344,0.0
,1195,,,,,65.4327392578125,-42.15087890625,0.5271326843261719,-0.6859250610351563,0.0
,1196,,,,,69.8455810546875,-35.0738525390625,0.5870035217285157,-0.6409701416015625,0.0
,1197,,,,,70.0103759765625,-35.0738525390625,0.66458701171875,-0.5859676940917969,0.0
,1198,,,,,72.4090576171875,-30.28564453125,0.721764697265625,-0.5329333190917969,0.0
,1199,,,,,71.3470458984375,-30.28564453125,0.7743847412109375,-0.5005119140625001,0.0
,1200,,,,,73.3062744140625,-24.5361328125,0.8274191162109376,-0.47233740234375,0.0
,1201,,,,,70.9075927734375,-24.5361328125,0.8754815185546875,-0.4028333679199219,0.0
,1202,,,,,75.5035400390625,-12.689208984375,0.9029309509277345,-0.37300153198242186,0.0
,1203,,,,,72.6837158203125,-12.689208984375,0.9293445556640625,-0.3351938232421875,0.0
,1204,,,,,78.717041015625,2.67333984375,0.9246833312988282,-0.31344144287109377,0.0
,1205,,,,,75.732421875,2.67333984375,0.955550994873047,-0.25874974365234377,0.0
,1206,,,,,77.581787109375,11.1053466796875,0.9152572998046875,-0.21369124145507812,0.0
,1207,,,,,71.44775390625,11.1053466796875,0.9209543518066406,-0.15599564208984376,0.0
,1208,,,,,77.3529052734375,21.3409423828125,0.9254084106445313,-0.06898612060546876,0.0
,1209,,,,,71.5118408203125,21.3409423828125,0.9518220153808594,0.007354376220703125,0.0
,1210,,,,,75.677490234375,28.546142578125,0.938977752685547,0.07520108642578126,0.0
,1211,,,,,67.3736572265625,28.546142578125,0.94136015625,0.14532661743164063,0.0
,1212,,,,,72.65625,37.6922607421875,0.9331771179199219,0.2117231689453125,0.0
,1213,,,,,64.178466796875,37.6922607421875,0.9422924011230469,0.29044606933593753,0.0
,1214,,,,,65.7440185546875,40.411376953125,0.9327627868652344,0.3460700134277344,0.0
,1215,,,,,59.344482421875,40.411376953125,0.9200221069335938,0.40832325439453127,0.0
,1216,,,,,62.6678466796875,46.160888671875,0.9055205200195313,0.46726184692382816,0.0
,1217,,,,,54.2266845703125,46.160888671875,0.9004449645996094,0.5277541809082031,0.0
,1218,,,,,56.597900390625,50.2716064453125,0.9084208374023438,0.5838960388183594,0.0
,1219,,,,,41.85791015625,50.2716064453125,0.8531076416015625,0.5770595764160157,0.0
,1220,,,,,18.71337890625,54.6661376953125,0.850310906982422,0.62481123046875,0.0
,1221,,,,,31.1737060546875,58.8226318359375,0.7723130859375,0.6064770812988282,0.0
,1222,,,,,33.2427978515625,62.4114990234375,0.7626798889160157,0.6515355834960938,0.0
,1223,,,,,22.7142333984375,65.8538818359375,0.6555753112792969,0.6529857421875,0.0
,1224,,,,,24.4537353515625,68.865966796875,0.6361017517089844,0.6937973510742188,0.0
,1225,,,,,14.3463134765625,70.587158203125,0.5635938171386718,0.7262187561035156,0.0
,1226,,,,,15.1702880859375,72.0062255859375,0.5288935913085938,0.7976908630371095,0.0
,1227,,,,,5.7769775390625,72.9949951171875,0.4509993530273438,0.8253474609375,0.0
,1228,,,,,6.097412109375,73.5443115234375,0.4117414855957031,0.8617050109863281,0.0
,1229,,,,,-2.34375,74.102783203125,0.3336400817871094,0.8666769836425782,0.0
,1230,,,,,-2.4627685546875,73.8922119140625,0.2706617614746094,0.8975446472167969,0.0
,1231,,,,,-7.7178955078125,73.2147216796875,0.17878385009765627,0.8976482299804688,0.0
,1232,,,,,-8.0841064453125,72.5738525390625,0.12025958862304688,0.9138071411132813,0.0
,1233,,,,,-14.1082763671875,71.502685546875,0.0774799072265625,0.9464357116699219,0.0
,1234,,,,,-14.9322509765625,70.0653076171875,0.051687799072265624,0.9619731262207032,0.0
,1235,,,,,-18.3197021484375,68.00537109375,-0.024134783935546876,0.9343165283203125,0.0
,1236,,,,,-23.6572265625,65.9454345703125,-0.0799658935546875,0.9030345336914063,0.0
,1237,,,,,-28.7567138671875,63.482666015625,-0.11746285400390626,0.8878078674316406,0.0
,1238,,,,,-34.2498779296875,61.19384765625,-0.1708079772949219,0.8505180725097656,0.0
,1239,,,,,-42.07763671875,55.755615234375,-0.214623486328125,0.827833447265625,0.0
,1240,,,,,-46.014404296875,55.755615234375,-0.24890938110351563,0.8025592529296875,0.0
,1241,,,,,-51.5899658203125,51.361083984375,-0.3133378601074219,0.7782173034667969,0.0
,1242,,,,,-54.01611328125,51.361083984375,-0.3742445251464844,0.7479711364746094,0.0
,1243,,,,,-59.2803955078125,45.904541015625,-0.44861694946289066,0.6936937683105469,0.0
,1244,,,,,-61.12060546875,45.904541015625,-0.5156349975585938,0.6469779418945313,0.0
,1245,,,,,-65.8172607421875,39.788818359375,-0.5773703247070313,0.6065806640625,0.0
,1246,,,,,-66.0552978515625,39.788818359375,-0.6251219787597656,0.57011953125,0.0
,1247,,,,,-69.580078125,34.09423828125,-0.6854071472167969,0.5214356323242187,0.0
,1248,,,,,-69.0032958984375,34.09423828125,-0.7236291870117187,0.5089021179199219,0.0
,1249,,,,,-70.7977294921875,29.18701171875,-0.7956192077636719,0.45369250488281254,0.0
,1250,,,,,-69.25048828125,29.18701171875,-0.8317695922851562,0.4397088317871094,0.0
,1251,,,,,-72.8851318359375,19.610595703125,-0.8636730834960937,0.39257867431640625,0.0
,1252,,,,,-92.8070068359375,-19.6380615234375,-0.8955765747070312,0.37186212158203125,0.0
,1253,,,,,-83.1939697265625,-7.7362060546875,-0.9161895446777344,0.31654892578125,0.0
,1254,,,,,-80.5755615234375,-7.7362060546875,-0.9242690002441406,0.29893985595703126,0.0
,1255,,,,,-75.4669189453125,-3.2867431640625,-0.9419816528320313,0.22860715942382814,0.0
,1256,,,,,-72.6470947265625,-3.2867431640625,-0.9353523559570313,0.20695836181640626,0.0
,1257,,,,,-75.62255859375,-14.1632080078125,-0.9534793395996094,0.12481723022460937,0.0
,1258,,,,,-69.561767578125,-14.1632080078125,-0.9507861877441407,0.07861931762695312,0.0
,1259,,,,,-74.8260498046875,-23.272705078125,-0.9476787048339844,-0.002175238037109375,0.0
,1260,,,,,-66.6412353515625,-23.272705078125,-0.9446748046875,-0.06639655151367188,0.0
,1261,,,,,-71.81396484375,-32.2265625,-0.9580369812011719,-0.14698394165039064,0.0
,1262,,,,,-63.7115478515625,-32.2265625,-0.932244873046875,-0.17360471191406252,0.0
,1263,,,,,-66.7144775390625,-37.4267578125,-0.9464357116699219,-0.259371240234375,0.0
,1264,,,,,-59.033203125,-37.4267578125,-0.9279979797363281,-0.3220388122558594,0.0
,1265,,,,,-62.457275390625,-43.3502197265625,-0.8954729919433594,-0.3909213500976563,0.0
,1266,,,,,-55.4718017578125,-43.3502197265625,-0.8631551696777344,-0.42261767578125004,0.0
,1267,,,,,-57.9437255859375,-47.625732421875,-0.8621193420410157,-0.4933647033691406,0.0
,1268,,,,,-47.1038818359375,-47.625732421875,-0.8346699096679687,-0.5198818908691406,0.0
,1269,,,,,-48.687744140625,-50.3631591796875,-0.8067025634765626,-0.5512674682617188,0.0
,1270,,,,,-36.9964599609375,-54.473876953125,-0.8018341735839845,-0.56846220703125,0.0
,1271,,,,,-38.96484375,-57.879638671875,-0.776456396484375,-0.6038875122070313,0.0
,1272,,,,,-26.4678955078125,-61.3128662109375,-0.7276689147949219,-0.6185962646484375,0.0
,1273,,,,,-28.619384765625,-65.0482177734375,-0.6657264221191407,-0.6411773071289063,0.0
,1274,,,,,-18.1640625,-68.2708740234375,-0.6255363098144532,-0.6771205261230469,0.0
,1275,,,,,-19.3634033203125,-70.34912109375,-0.5923898254394532,-0.72425068359375,0.0
,1276,,,,,-8.660888671875,-72.32666015625,-0.5258896911621094,-0.7579150817871094,0.0
,1277,,,,,-9.70458984375,-74.1302490234375,-0.46311853637695316,-0.7844322692871094,0.0
,1278,,,,,-0.84228515625,-74.96337890625,-0.4172313720703125,-0.8298015197753906,0.0
,1279,,,,,-0.9063720703125,-75.0640869140625,-0.33881921997070313,-0.8464783447265626,0.0
,1280,,,,,6.610107421875,-75.0823974609375,-0.2663112854003906,-0.8854254638671876,0.0
,1281,,,,,6.7108154296875,-74.908447265625,-0.19535709228515627,-0.8927798400878907,0.0
,1282,,,,,11.8927001953125,-74.1302490234375,-0.11922376098632813,-0.8913296813964844,0.0
,1283,,,,,12.5244140625,-73.040771484375,-0.04826956787109375,-0.8870827880859375,0.0
,1284,,,,,18.035888671875,-71.6033935546875,0.019887890625,-0.8864612915039063,0.0
,1285,,,,,19.1619873046875,-69.6441650390625,0.03542530517578125,-0.9069706787109375,0.0
,1286,,,,,24.5635986328125,-67.1173095703125,0.10171827392578126,-0.8992019714355469,0.0
,1287,,,,,29.55322265625,-65.0848388671875,0.11342312622070314,-0.9130820617675781,0.0
,1288,,,,,35.15625,-62.9058837890625,0.15796371459960937,-0.8923655090332031,0.0
,1289,,,,,41.0980224609375,-60.1318359375,0.181477001953125,-0.8581831970214844,0.0
,1290,,,,,47.64404296875,-55.33447265625,0.25129178466796875,-0.8251402954101563,0.0
,1291,,,,,50.3265380859375,-55.33447265625,0.31841341552734376,-0.7855716796875001,0.0
,1292,,,,,55.718994140625,-50.0885009765625,0.37714484252929686,-0.7470388916015626,0.0
,1293,,,,,57.9986572265625,-50.0885009765625,0.41961377563476565,-0.7074702758789063,0.0
,1294,,,,,63.1072998046875,-44.3572998046875,0.49295037231445316,-0.6730807983398438,0.0
,1295,,,,,64.0045166015625,-44.3572998046875,0.5644224792480469,-0.6363089172363281,0.0
,1296,,,,,68.00537109375,-38.7451171875,0.6242933166503907,-0.6021266052246094,0.0
,1297,,,,,67.96875,-38.7451171875,0.6889289611816406,-0.5479528198242187,0.0
,1298,,,,,70.257568359375,-33.3251953125,0.7435170776367188,-0.4997868347167969,0.0
,1299,,,,,68.792724609375,-33.3251953125,0.794686962890625,-0.46270420532226564,0.0
,1300,,,,,71.1090087890625,-26.6876220703125,0.8358093200683594,-0.44312706298828125,0.0
,1301,,,,,68.7469482421875,-26.6876220703125,0.8865648742675781,-0.4044906921386719,0.0
,1302,,,,,73.3428955078125,-14.2547607421875,0.9199185241699219,-0.364611328125,0.0
,1303,,,,,70.7427978515625,-14.2547607421875,0.9213686828613281,-0.3456556823730469,0.0
,1304,,,,,74.853515625,-2.2796630859375,0.9073850097656251,-0.3174811706542969,0.0
,1305,,,,,72.235107421875,-2.2796630859375,0.9212651000976563,-0.2705581787109375,0.0
,1306,,,,,76.300048828125,8.9080810546875,0.9429138977050782,-0.19618575439453126,0.0
,1307,,,,,69.43359375,8.9080810546875,0.9419816528320313,-0.14429078979492188,0.0
,1308,,,,,75.0274658203125,18.585205078125,0.9307947143554688,-0.09281015625,0.0
,1309,,,,,68.6279296875,18.585205078125,0.9648734436035157,-0.0053863037109375,0.0
,1310,,,,,73.9105224609375,27.7313232421875,0.9576226501464844,0.06463564453125001,0.0
,1311,,,,,65.22216796875,27.7313232421875,0.9519255981445313,0.10751890869140625,0.0
,1312,,,,,70.1751708984375,36.309814453125,0.9333842834472657,0.1744333740234375,0.0
,1313,,,,,61.395263671875,36.309814453125,0.9383562561035157,0.2652754577636719,0.0
,1314,,,,,64.74609375,42.1142578125,0.9133928100585937,0.328978857421875,0.0
,1315,,,,,57.6507568359375,42.1142578125,0.8914332641601562,0.37610901489257814,0.0
,1316,,,,,60.4339599609375,46.9390869140625,0.8903974365234375,0.44644171142578126,0.0
,1317,,,,,53.5400390625,46.9390869140625,0.9011700439453125,0.5144955871582031,0.0
,1318,,,,,56.2957763671875,51.7181396484375,0.8978553955078126,0.5641117309570313,0.0
,1319,,,,,41.839599609375,51.7181396484375,0.841920703125,0.5475384887695313,0.0
,1320,,,,,20.0775146484375,55.535888671875,0.8490679138183594,0.6021266052246094,0.0
,1321,,,,,31.3201904296875,59.1339111328125,0.7850537658691407,0.5910432495117187,0.0
,1322,,,,,33.43505859375,62.80517578125,0.7685841064453125,0.6282294616699219,0.0
,1323,,,,,20.7000732421875,66.4764404296875,0.6966976684570313,0.6386913208007813,0.0
,1324,,,,,22.613525390625,69.8089599609375,0.6754632019042969,0.6879967163085938,0.0
,1325,,,,,13.0279541015625,72.0062255859375,0.5762309143066406,0.6900683715820313,0.0
,1326,,,,,14.1357421875,73.9288330078125,0.5407020263671876,0.7619548095703125,0.0
,1327,,,,,4.5318603515625,75.2105712890625,0.43090429687500004,0.75739716796875,0.0
,1328,,,,,4.94384765625,75.91552734375,0.4057336853027344,0.8182002502441407,0.0
,1329,,,,,-3.3233642578125,76.35498046875,0.34617359619140625,0.8401597961425782,0.0
,1330,,,,,-3.057861328125,76.8218994140625,0.2669327819824219,0.8730991149902344,0.0
,1331,,,,,-7.94677734375,76.4923095703125,0.17826593627929688,0.8798319946289063,0.0
,1332,,,,,-8.38623046875,75.732421875,0.11673777465820313,0.9097674133300782,0.0
,1333,,,,,-14.0350341796875,74.67041015625,0.051791381835937504,0.9304839660644532,0.0
,1334,,,,,-14.8956298828125,73.1781005859375,0.022477459716796877,0.9424995666503907,0.0
,1335,,,,,-17.889404296875,71.0357666015625,-0.04536925048828125,0.9118390686035156,0.0
,1336,,,,,-23.84033203125,69.012451171875,-0.09964661865234375,0.8915368469238282,0.0
,1337,,,,,-29.5440673828125,66.68701171875,-0.13072144775390626,0.8867720397949219,0.0
,1338,,,,,-34.82666015625,64.398193359375,-0.16718258056640625,0.8694737182617188,0.0
,1339,,,,,-41.9769287109375,59.2529296875,-0.20934076538085938,0.8651232421875,0.0
,1340,,,,,-45.6756591796875,59.2529296875,-0.25709241943359373,0.8416099548339844,0.0
,1341,,,,,-51.416015625,54.583740234375,-0.3210029846191406,0.8148856018066406,0.0
,1342,,,,,-53.631591796875,54.583740234375,-0.4044906921386719,0.7497320434570313,0.0
,1343,,,,,-58.8592529296875,49.47509765625,-0.493053955078125,0.695247509765625,0.0
,1344,,,,,-60.260009765625,49.47509765625,-0.5446381713867188,0.6799172607421875,0.0
,1345,,,,,-65.5426025390625,41.5740966796875,-0.6083415710449219,0.6481173522949218,0.0
,1346,,,,,-65.7806396484375,41.5740966796875,-0.6660371704101563,0.60823798828125,0.0
,1347,,,,,-68.3258056640625,36.859130859375,-0.7296369873046875,0.5492993957519532,0.0
,1348,,,,,-67.34619140625,36.859130859375,-0.7850537658691407,0.5093164489746094,0.0
,1349,,,,,-70.27587890625,29.91943359375,-0.8412992065429687,0.45358892211914065,0.0
,1350,,,,,-68.609619140625,29.91943359375,-0.8917440124511719,0.43287236938476564,0.0
,1351,,,,,-71.4569091796875,21.3592529296875,-0.9235439208984375,0.39392525024414066,0.0
,1352,,,,,-69.2138671875,21.3592529296875,-0.9295517211914063,0.3860529602050781,0.0
,1353,,,,,-74.2950439453125,8.441162109375,-0.9331771179199219,0.33871563720703124,0.0
,1354,,,,,-80.7952880859375,-8.4686279296875,-0.9561724914550781,0.30556915283203123,0.0
,1355,,,,,-75.164794921875,-3.80859375,-0.9718134887695313,0.24093350830078125,0.0
,1356,,,,,-72.39990234375,-3.80859375,-0.9579333984375,0.22622475585937502,0.0
,1357,,,,,-75.933837890625,-14.666748046875,-0.9717099060058594,0.1321716064453125,0.0
,1358,,,,,-68.6920166015625,-14.666748046875,-0.9516148498535156,0.0998537841796875,0.0
,1359,,,,,-74.3133544921875,-24.3988037109375,-0.9600050537109376,0.015433831787109376,0.0
,1360,,,,,-67.218017578125,-24.3988037109375,-0.9584513122558594,-0.027035101318359376,0.0
,1361,,,,,-72.65625,-33.819580078125,-0.9575190673828126,-0.09995736694335938,0.0
,1362,,,,,-62.896728515625,-33.819580078125,-0.9419816528320313,-0.1542347351074219,0.0
,1363,,,,,-67.1722412109375,-41.2353515625,-0.94964677734375,-0.22363518676757813,0.0
,1364,,,,,-59.1522216796875,-41.2353515625,-0.9017915405273438,-0.27294058227539064,0.0
,1365,,,,,-61.99951171875,-46.1700439453125,-0.9089387512207031,-0.38615654296875,0.0
,1366,,,,,-54.8675537109375,-46.1700439453125,-0.8921583435058594,-0.43090429687500004,0.0
,1367,,,,,-57.5042724609375,-50.7476806640625,-0.8519682312011719,-0.46933350219726566,0.0
,1368,,,,,-48.1201171875,-50.7476806640625,-0.8156106811523438,-0.48590674438476567,0.0
,1369,,,,,-49.0631103515625,-52.3773193359375,-0.8185109985351563,-0.5506459716796875,0.0
,1370,,,,,-35.980224609375,-56.1492919921875,-0.8101207946777343,-0.570948193359375,0.0
,1371,,,,,-38.104248046875,-59.820556640625,-0.7713808410644531,-0.598397625732422,0.0
,1372,,,,,-26.7608642578125,-63.1439208984375,-0.7299477355957031,-0.6169389404296876,0.0
,1373,,,,,-28.8848876953125,-66.815185546875,-0.6924507751464843,-0.6632404357910157,0.0
,1374,,,,,-17.047119140625,-70.147705078125,-0.6522606628417968,-0.7071595275878907,0.0
,1375,,,,,-18.5760498046875,-72.7935791015625,-0.5889715942382813,-0.7381307739257813,0.0
,1376,,,,,-10.0982666015625,-74.6337890625,-0.4944005310058594,-0.7489033813476563,0.0
,1377,,,,,-10.894775390625,-76.0162353515625,-0.4185779479980469,-0.7710700927734375,0.0
,1378,,,,,-1.2451171875,-77.069091796875,-0.35301005859375,-0.7984159423828125,0.0
,1379,,,,,-1.611328125,-77.7099609375,-0.28951382446289065,-0.8214113159179688,0.0
,1380,,,,,3.0303955078125,-77.6458740234375,-0.2191811279296875,-0.847721337890625,0.0
,1381,,,,,3.167724609375,-77.398681640625,-0.13434684448242187,-0.859322607421875,0.0
,1382,,,,,9.5672607421875,-76.46484375,-0.05324154052734375,-0.8746528564453125,0.0
,1383,,,,,10.4644775390625,-74.908447265625,-0.023306121826171877,-0.8977518127441406,0.0
,1384,,,,,15.728759765625,-73.1048583984375,0.022063128662109376,-0.9173289550781251,0.0
,1385,,,,,16.900634765625,-71.08154296875,0.023720452880859375,-0.9494396118164062,0.0
,1386,,,,,22.6776123046875,-68.44482421875,0.08607727661132812,-0.9416709045410157,0.0
,1387,,,,,28.3538818359375,-66.192626953125,0.13486475830078126,-0.9161895446777344,0.0
,1388,,,,,33.599853515625,-63.629150390625,0.21016942749023437,-0.8862541259765625,0.0
,1389,,,,,38.6627197265625,-61.5325927734375,0.23067881469726564,-0.8620157592773438,0.0
,1390,,,,,44.8150634765625,-56.25,0.31147337036132816,-0.8296979370117188,0.0
,1391,,,,,47.900390625,-56.25,0.348866748046875,-0.8201683227539063,0.0
,1392,,,,,53.4942626953125,-51.1962890625,0.40604443359375003,-0.8064953979492188,0.0
,1393,,,,,55.078125,-51.1962890625,0.4477882873535156,-0.7803925415039062,0.0
,1394,,,,,60.3973388671875,-43.9178466796875,0.54525966796875,-0.7272545837402344,0.0
,1395,,,,,60.8551025390625,-43.9178466796875,0.6217037475585938,-0.6590971252441407,0.0
,1396,,,,,65.1763916015625,-36.822509765625,0.6754632019042969,-0.6285402099609375,0.0
,1397,,,,,64.63623046875,-36.822509765625,0.7121315002441406,-0.592493408203125,0.0
,1398,,,,,66.961669921875,-31.8878173828125,0.7562577575683594,-0.5489886474609376,0.0
,1399,,,,,66.1651611328125,-31.8878173828125,0.8044237426757813,-0.5074519592285156,0.0
,1400,,,,,68.4722900390625,-26.220703125,0.8613942626953125,-0.4583537292480469,0.0
,1401,,,,,66.6961669921875,-26.220703125,0.8881186157226563,-0.4090483337402344,0.0
,1402,,,,,71.0906982421875,-15.1153564453125,0.8905010192871095,-0.3832562255859375,0.0
,1403,,,,,68.66455078125,-15.1153564453125,0.9128748962402344,-0.34938466186523437,0.0
,1404,,,,,75.494384765625,2.2247314453125,0.9135999755859375,-0.32773586425781254,0.0
,1405,,,,,72.4365234375,2.2247314453125,0.9418780700683594,-0.28247019653320316,0.0
,1406,,,,,74.2950439453125,10.3271484375,0.9132892272949219,-0.2357543701171875,0.0
,1407,,,,,67.236328125,10.3271484375,0.9196077758789063,-0.18137341918945313,0.0
,1408,,,,,73.5443115234375,21.258544921875,0.9219901794433594,-0.11818793334960938,0.0
,1409,,,,,66.68701171875,21.258544921875,0.92312958984375,-0.063806982421875,0.0
,1410,,,,,71.4752197265625,29.55322265625,0.9152572998046875,0.0103582763671875,0.0
,1411,,,,,63.09814453125,29.55322265625,0.9333842834472657,0.07447600708007812,0.0
,1412,,,,,68.1884765625,38.3697509765625,0.9130820617675781,0.14066539306640624,0.0
,1413,,,,,60.3424072265625,38.3697509765625,0.9243725830078126,0.2075798583984375,0.0
,1414,,,,,62.7685546875,42.5628662109375,0.9097674133300782,0.28454185180664066,0.0
,1415,,,,,56.4239501953125,42.5628662109375,0.8878078674316406,0.3443091064453125,0.0
,1416,,,,,59.8846435546875,48.5504150390625,0.8890508605957032,0.43183654174804686,0.0
,1417,,,,,53.045654296875,48.5504150390625,0.8720632873535157,0.47730937500000004,0.0
,1418,,,,,55.316162109375,52.4871826171875,0.8452353515625001,0.5316903259277344,0.0
,1419,,,,,41.839599609375,52.4871826171875,0.7890934936523438,0.5334512329101563,0.0
,1420,,,,,21.0845947265625,56.524658203125,0.7999696838378907,0.6034731811523437,0.0
,1421,,,,,32.098388671875,60.3515625,0.7396845153808594,0.6039910949707031,0.0
,1422,,,,,33.9569091796875,63.57421875,0.7135816589355469,0.6265721374511719,0.0
,1423,,,,,22.6043701171875,66.705322265625,0.6247076477050781,0.6196320922851563,0.0
,1424,,,,,24.2889404296875,69.61669921875,0.6229467407226563,0.6826104125976563,0.0
,1425,,,,,14.97802734375,72.125244140625,0.5213320495605469,0.6532964904785157,0.0
,1426,,,,,15.9942626953125,73.8922119140625,0.4832135925292969,0.7200037902832032,0.0
,1427,,,,,6.756591796875,75.0,0.41008416137695314,0.7444493225097657,0.0
,1428,,,,,7.3333740234375,76.007080078125,0.37641976318359377,0.8133318603515626,0.0
,1429,,,,,1.0528564453125,76.702880859375,0.2789483825683594,0.829490771484375,0.0
,1430,,,,,1.0528564453125,76.702880859375,0.23451137695312502,0.8809714050292969,0.0
,1431,,,,,-4.486083984375,76.1444091796875,0.14781260375976563,0.8958873229980469,0.0
,1432,,,,,-4.79736328125,75.604248046875,0.0890811767578125,0.9195041931152345,0.0
,1433,,,,,-10.711669921875,74.432373046875,0.04329759521484375,0.9395992492675782,0.0
,1434,,,,,-11.773681640625,72.5921630859375,0.017091156005859375,0.9446748046875,0.0
,1435,,,,,-19.647216796875,70.49560546875,-0.06650013427734375,0.9201256896972656,0.0
,1436,,,,,-21.0205078125,68.1060791015625,-0.09125641479492187,0.9177432861328125,0.0
,1437,,,,,-26.9073486328125,65.679931640625,-0.13372534790039062,0.9090423339843751,0.0
,1438,,,,,-31.951904296875,63.6932373046875,-0.1823056640625,0.8940228332519532,0.0
,1439,,,,,-37.1429443359375,61.322021484375,-0.21887037963867187,0.8880150329589844,0.0
,1440,,,,,-42.51708984375,58.740234375,-0.29262130737304687,0.8400562133789062,0.0
,1441,,,,,-48.760986328125,54.0069580078125,-0.3481416687011719,0.7904400695800782,0.0
,1442,,,,,-51.0406494140625,54.0069580078125,-0.40014021606445316,0.7552219299316406,0.0
,1443,,,,,-56.5338134765625,47.75390625,-0.47927744750976564,0.7213503662109375,0.0
,1444,,,,,-58.0718994140625,47.75390625,-0.5345906433105468,0.6962833374023438,0.0
,1445,,,,,-62.7593994140625,41.0888671875,-0.5934256530761719,0.6606508666992188,0.0
,1446,,,,,-62.7593994140625,41.0888671875,-0.6575433837890625,0.6230503234863282,0.0
,1447,,,,,-66.8792724609375,33.94775390625,-0.7150318176269531,0.5769559936523437,0.0
,1448,,,,,-66.485595703125,33.94775390625,-0.741652587890625,0.5450525024414062,0.0
,1449,,,,,-69.580078125,27.685546875,-0.7837071899414063,0.49657576904296874,0.0
,1450,,,,,-68.3624267578125,27.685546875,-0.81706083984375,0.4769986267089844,0.0
,1451,,,,,-71.044921875,19.7479248046875,-0.8774495910644532,0.42075318603515627,0.0
,1452,,,,,-91.3421630859375,-19.775390625,-0.9061420166015626,0.38128815307617187,0.0
,1453,,,,,-81.3262939453125,-6.9580078125,-0.9067635131835938,0.3396478820800781,0.0
,1454,,,,,-78.18603515625,-6.9580078125,-0.9075921752929688,0.3303254333496094,0.0
,1455,,,,,-74.029541015625,-5.108642578125,-0.9463321289062501,0.26082139892578127,0.0
,1456,,,,,-67.236328125,-5.108642578125,-0.9269621520996094,0.24051917724609376,0.0
,1457,,,,,-74.4964599609375,-17.6788330078125,-0.9282051452636719,0.15941387329101564,0.0
,1458,,,,,-68.2159423828125,-17.6788330078125,-0.9328663696289062,0.10886548461914063,0.0
,1459,,,,,-73.1048583984375,-26.1474609375,-0.9308982971191406,0.027656597900390625,0.0
,1460,,,,,-65.7623291015625,-26.1474609375,-0.9037596130371094,0.01553741455078125,0.0
,1461,,,,,-70.9991455078125,-35.2294921875,-0.9073850097656251,-0.07364734497070313,0.0
,1462,,,,,-63.8031005859375,-35.2294921875,-0.8918475952148438,-0.13072144775390626,0.0
,1463,,,,,-67.034912109375,-40.8233642578125,-0.8919511779785156,-0.19794666137695313,0.0
,1464,,,,,-59.674072265625,-40.8233642578125,-0.8633623352050781,-0.2697295166015625,0.0
,1465,,,,,-62.6861572265625,-46.03271484375,-0.8651232421875,-0.3633683349609375,0.0
,1466,,,,,-56.0028076171875,-46.03271484375,-0.8351878234863281,-0.4015903747558594,0.0
,1467,,,,,-58.6578369140625,-50.628662109375,-0.8028700012207032,-0.4552462463378906,0.0
,1468,,,,,-48.0743408203125,-50.628662109375,-0.7915794799804687,-0.4819705993652344,0.0
,1469,,,,,-49.4110107421875,-52.9449462890625,-0.7941690490722656,-0.5484707336425781,0.0
,1470,,,,,-38.0035400390625,-56.87255859375,-0.7672375305175781,-0.5703266967773438,0.0
,1471,,,,,-40.0726318359375,-60.46142578125,-0.7431027465820312,-0.6117598022460937,0.0
,1472,,,,,-28.1707763671875,-63.922119140625,-0.6998051513671876,-0.6284366271972657,0.0
,1473,,,,,-30.322265625,-67.6483154296875,-0.6548502319335938,-0.6566111389160156,0.0
,1474,,,,,-20.416259765625,-70.6146240234375,-0.5922862426757812,-0.6878931335449219,0.0
,1475,,,,,-21.478271484375,-72.4456787109375,-0.5401841125488281,-0.7371985290527344,0.0
,1476,,,,,-11.75537109375,-74.01123046875,-0.4666403503417969,-0.766512451171875,0.0
,1477,,,,,-12.615966796875,-75.494384765625,-0.39796497802734376,-0.7873325866699219,0.0
,1478,,,,,-4.522705078125,-76.3824462890625,-0.32587137451171877,-0.8199611572265625,0.0
,1479,,,,,-4.632568359375,-76.57470703125,-0.26154647827148436,-0.8459604309082032,0.0
,1480,,,,,0.8056640625,-76.153564453125,-0.21203391723632814,-0.8806606567382813,0.0
,1481,,,,,1.0986328125,-75.6500244140625,-0.13227518920898437,-0.8995127197265625,0.0
,1482,,,,,7.159423828125,-74.615478515625,-0.046301495361328125,-0.897441064453125,0.0
,1483,,,,,7.9925537109375,-73.1597900390625,-0.013569342041015625,-0.914117889404297,0.0
,1484,,,,,14.6575927734375,-71.74072265625,0.04329759521484375,-0.9161895446777344,0.0
,1485,,,,,15.7745361328125,-69.7998046875,0.0691932861328125,-0.9072814270019531,0.0
,1486,,,,,21.533203125,-67.510986328125,0.11259446411132813,-0.9077993408203126,0.0
,1487,,,,,26.7333984375,-65.643310546875,0.11321596069335937,-0.9212651000976563,0.0
,1488,,,,,32.4371337890625,-63.665771484375,0.17567636718750002,-0.8966124023437501,0.0
,1489,,,,,38.726806640625,-61.12060546875,0.18323790893554687,-0.8794176635742188,0.0
,1490,,,,,45.66650390625,-56.231689453125,0.26268588867187503,-0.8399526306152344,0.0
,1491,,,,,48.504638671875,-56.231689453125,0.32566420898437504,-0.815403515625,0.0
,1492,,,,,53.997802734375,-50.811767578125,0.3745552734375,-0.7935475524902345,0.0
,1493,,,,,55.99365234375,-50.811767578125,0.4130880615234375,-0.7646479614257813,0.0
,1494,,,,,62.29248046875,-42.7459716796875,0.47917386474609375,-0.7347125427246094,0.0
,1495,,,,,62.9974365234375,-42.7459716796875,0.5455704162597657,-0.6834390747070312,0.0
,1496,,,,,67.34619140625,-35.870361328125,0.6164210266113281,-0.6406593933105469,0.0
,1497,,,,,67.2454833984375,-35.870361328125,0.6482209350585938,-0.6222216613769531,0.0
,1498,,,,,70.2667236328125,-29.5257568359375,0.710163427734375,-0.5818243835449219,0.0
,1499,,,,,69.049072265625,-29.5257568359375,0.7803925415039062,-0.5219535461425782,0.0
,1500,,,,,70.8526611328125,-23.7579345703125,0.8248295471191407,-0.4611504638671875,0.0
,1501,,,,,68.756103515625,-23.7579345703125,0.8639838317871094,-0.41039490966796877,0.0
,1502,,,,,73.3245849609375,-11.6546630859375,0.8649160766601562,-0.3811845703125,0.0
,1503,,,,,70.60546875,-11.6546630859375,0.895783740234375,-0.3506276550292969,0.0
,1504,,,,,76.0345458984375,2.0782470703125,0.8895687744140626,-0.32877169189453126,0.0
,1505,,,,,73.13232421875,2.0782470703125,0.9188826965332032,-0.28661350708007816,0.0
,1506,,,,,75.7049560546875,12.322998046875,0.8997198852539062,-0.23710094604492188,0.0
,1507,,,,,69.6624755859375,12.322998046875,0.9003413818359375,-0.17422620849609374,0.0
,1508,,,,,75.2105712890625,21.917724609375,0.875895849609375,-0.11166221923828125,0.0
,1509,,,,,68.5272216796875,21.917724609375,0.9126677307128906,-0.029003173828125,0.0
,1510,,,,,74.08447265625,31.5399169921875,0.8807642395019532,0.03449306030273438,0.0
,1511,,,,,67.12646484375,31.5399169921875,0.887497119140625,0.08763101806640625,0.0
,1512,,,,,71.3653564453125,38.8916015625,0.8717525390625,0.16542167358398438,0.0
,1513,,,,,62.58544921875,38.8916015625,0.8938156677246094,0.23482212524414064,0.0
,1514,,,,,65.1763916015625,43.377685546875,0.8781746704101563,0.31592742919921873,0.0
,1515,,,,,60.8184814453125,43.377685546875,0.8537291381835937,0.37849141845703127,0.0
,1516,,,,,63.0706787109375,47.2686767578125,0.8614978454589844,0.4542104187011719,0.0
,1517,,,,,54.1900634765625,47.2686767578125,0.8474105895996094,0.5005119140625001,0.0
,1518,,,,,57.6324462890625,53.2470703125,0.8335304992675782,0.5425665161132812,0.0
,1519,,,,,44.476318359375,53.2470703125,0.8035950805664063,0.5422557678222656,0.0
,1520,,,,,18.93310546875,56.6070556640625,0.7846394348144532,0.5964295532226562,0.0
,1521,,,,,31.256103515625,60.1409912109375,0.7079881896972656,0.5974653808593751,0.0
,1522,,,,,33.4075927734375,63.8671875,0.7138924072265626,0.6642762634277344,0.0
,1523,,,,,25.341796875,67.254638671875,0.6102060607910157,0.6514320007324219,0.0
,1524,,,,,26.91650390625,69.98291015625,0.5847247009277344,0.6766026123046875,0.0
,1525,,,,,16.66259765625,72.3541259765625,0.5066232971191407,0.6871680541992188,0.0
,1526,,,,,17.706298828125,74.1485595703125,0.47523771972656254,0.7617476440429688,0.0
,1527,,,,,8.734130859375,75.1007080078125,0.4044906921386719,0.7778029724121094,0.0
,1528,,,,,8.9263916015625,75.4302978515625,0.3811845703125,0.84357802734375,0.0
,1529,,,,,-0.0732421875,75.4302978515625,0.28650992431640626,0.8524861450195312,0.0
,1530,,,,,-0.091552734375,75.40283203125,0.25471001586914066,0.9018951232910156,0.0
,1531,,,,,-4.4677734375,74.5513916015625,0.16883990478515626,0.9041739440917969,0.0
,1532,,,,,-4.925537109375,73.7548828125,0.12854620971679687,0.9447783874511719,0.0
,1533,,,,,-11.6729736328125,72.9034423828125,0.0426760986328125,0.9346272766113282,0.0
,1534,,,,,-12.3321533203125,71.759033203125,0.018334149169921876,0.9432246459960938,0.0
,1535,,,,,-20.83740234375,70.1019287109375,-0.03956861572265625,0.9303803833007813,0.0
,1536,,,,,-21.8994140625,68.243408203125,-0.07654766235351562,0.9237510864257813,0.0
,1537,,,,,-27.227783203125,66.1376953125,-0.10979772949218751,0.9227152587890626,0.0
,1538,,,,,-32.9498291015625,63.8946533203125,-0.14822693481445312,0.8882221984863281,0.0
,1539,,,,,-41.27197265625,57.659912109375,-0.18634539184570312,0.8787961669921875,0.0
,1540,,,,,-45.2728271484375,57.659912109375,-0.24300516357421875,0.8531076416015625,0.0
,1541,,,,,-51.470947265625,52.0843505859375,-0.29365713500976565,0.8349806579589844,0.0
,1542,,,,,-53.997802734375,52.0843505859375,-0.35653187255859375,0.8027664184570312,0.0
,1543,,,,,-60.186767578125,45.245361328125,-0.4263466552734375,0.7478675537109375,0.0
,1544,,,,,-61.48681640625,45.245361328125,-0.4848709167480469,0.6980442443847656,0.0
,1545,,,,,-65.8721923828125,38.85498046875,-0.5600720031738281,0.6530893249511719,0.0
,1546,,,,,-66.1376953125,38.85498046875,-0.6141422058105469,0.62481123046875,0.0
,1547,,,,,-70.843505859375,30.21240234375,-0.6863393920898437,0.5707410278320313,0.0
,1548,,,,,-70.166015625,30.21240234375,-0.7321229736328125,0.526200439453125,0.0
,1549,,,,,-71.2646484375,26.605224609375,-0.7726238342285157,0.4892213928222656,0.0
,1550,,,,,-69.7998046875,26.605224609375,-0.8331161682128907,0.4496527770996094,0.0
,1551,,,,,-73.114013671875,17.5140380859375,-0.8639838317871094,0.40386919555664064,0.0
,1552,,,,,-90.8935546875,-17.54150390625,-0.9031381164550781,0.375383935546875,0.0
,1553,,,,,-82.122802734375,-6.4361572265625,-0.9211615173339844,0.33084334716796876,0.0
,1554,,,,,-78.9276123046875,-6.4361572265625,-0.9315197937011719,0.30815872192382815,0.0
,1555,,,,,-75.7965087890625,-6.1798095703125,-0.9294481384277344,0.2752194030761719,0.0
,1556,,,,,-68.756103515625,-6.1798095703125,-0.9321412902832031,0.2398976806640625,0.0
,1557,,,,,-75.0,-17.0013427734375,-0.9603158020019531,0.13455401000976563,0.0
,1558,,,,,-69.2047119140625,-17.0013427734375,-0.952132763671875,0.07861931762695312,0.0
,1559,,,,,-74.4232177734375,-26.0467529296875,-0.9677737609863282,-0.01512308349609375,0.0
,1560,,,,,-67.1630859375,-26.0467529296875,-0.9279979797363281,-0.04505850219726563,0.0
,1561,,,,,-71.6400146484375,-33.8104248046875,-0.9212651000976563,-0.12574947509765624,0.0
,1562,,,,,-65.2862548828125,-33.8104248046875,-0.9071778442382813,-0.15879237670898438,0.0
,1563,,,,,-68.1060791015625,-38.690185546875,-0.88998310546875,-0.24165858764648437,0.0
,1564,,,,,-61.944580078125,-38.690185546875,-0.8836645568847656,-0.31603101196289063,0.0
,1565,,,,,-64.9200439453125,-43.853759765625,-0.8826287292480469,-0.40998057861328124,0.0
,1566,,,,,-58.2275390625,-43.853759765625,-0.8540398864746094,-0.45244951171875003,0.0
,1567,,,,,-60.5072021484375,-47.7996826171875,-0.8614978454589844,-0.5105594421386719,0.0
,1568,,,,,-48.065185546875,-47.7996826171875,-0.8405741271972657,-0.5379052917480469,0.0
,1569,,,,,-49.9969482421875,-51.141357421875,-0.8317695922851562,-0.590007421875,0.0
,1570,,,,,-38.2415771484375,-55.0048828125,-0.8133318603515626,-0.6153851989746094,0.0
,1571,,,,,-40.191650390625,-58.3831787109375,-0.784743017578125,-0.6581648803710938,0.0
,1572,,,,,-28.3447265625,-61.99951171875,-0.7613333129882812,-0.6602365356445312,0.0
,1573,,,,,-30.3863525390625,-65.533447265625,-0.6866501403808594,-0.6892397094726562,0.0
,1574,,,,,-20.2606201171875,-68.5821533203125,-0.6436632934570312,-0.7265295043945312,0.0
,1575,,,,,-21.4874267578125,-70.697021484375,-0.5851390319824219,-0.775627734375,0.0
,1576,,,,,-11.6455078125,-72.015380859375,-0.5022728210449219,-0.7953084594726563,0.0
,1577,,,,,-12.4237060546875,-73.370361328125,-0.4614612121582031,-0.8455460998535157,0.0
,1578,,,,,-3.717041015625,-74.249267578125,-0.3858457946777344,-0.8506216552734375,0.0
,1579,,,,,-3.8543701171875,-74.4873046875,-0.312405615234375,-0.8720632873535157,0.0
,1580,,,,,3.4698486328125,-74.3499755859375,-0.2620643920898438,-0.9180540344238282,0.0
,1581,,,,,3.5430908203125,-74.212646484375,-0.178991015625,-0.9130820617675781,0.0
,1582,,,,,10.491943359375,-73.4344482421875,-0.10907265014648437,-0.9358702697753907,0.0
,1583,,,,,11.1419677734375,-72.308349609375,-0.06225324096679688,-0.9392885009765626,0.0
,1584,,,,,16.7083740234375,-70.8160400390625,-0.0012429931640625,-0.945503466796875,0.0
,1585,,,,,17.816162109375,-68.8934326171875,0.026206439208984376,-0.9594871398925782,0.0
,1586,,,,,23.0255126953125,-66.522216796875,0.07395809326171875,-0.9525470947265625,0.0
,1587,,,,,28.8482666015625,-64.581298828125,0.08359129028320313,-0.9449855529785156,0.0
,1588,,,,,34.1217041015625,-62.2283935546875,0.17308679809570313,-0.8963016540527344,0.0
,1589,,,,,39.7064208984375,-59.454345703125,0.20726911010742188,-0.8794176635742188,0.0
,1590,,,,,47.4151611328125,-53.06396484375,0.2516025329589844,-0.8657447387695313,0.0
,1591,,,,,50.4364013671875,-53.06396484375,0.2731477478027344,-0.8465819274902344,0.0
,1592,,,,,56.0760498046875,-47.589111328125,0.3383013061523438,-0.8192360778808594,0.0
,1593,,,,,58.099365234375,-47.589111328125,0.39993305053710937,-0.7680661926269532,0.0
,1594,,,,,63.4735107421875,-40.97900390625,0.47616996459960936,-0.7193822937011719,0.0
,1595,,,,,64.8193359375,-40.97900390625,0.5345906433105468,-0.6746345397949219,0.0
,1596,,,,,68.865966796875,-35.5224609375,0.6176640197753906,-0.6154887817382813,0.0
,1597,,,,,68.7469482421875,-35.5224609375,0.6599257873535156,-0.5716732727050782,0.0
,1598,,,,,71.173095703125,-30.377197265625,0.7127529968261719,-0.5296186706542969,0.0
,1599,,,,,69.873046875,-30.377197265625,0.7741775756835938,-0.4915002136230469,0.0
,1600,,,,,71.832275390625,-24.3804931640625,0.8234829711914062,-0.4529674255371094,0.0
,1601,,,,,69.7723388671875,-24.3804931640625,0.8807642395019532,-0.4169206237792969,0.0
,1602,,,,,74.2950439453125,-12.506103515625,0.8911225158691407,-0.382013232421875,0.0
,1603,,,,,71.2188720703125,-12.506103515625,0.9217830139160157,-0.35031690673828125,0.0
,1604,,,,,76.8768310546875,2.3895263671875,0.9055205200195313,-0.33622965087890627,0.0
,1605,,,,,74.2767333984375,2.3895263671875,0.9010664611816407,-0.2930356384277344,0.0
,1606,,,,,77.0782470703125,11.4349365234375,0.8802463256835937,-0.2537777709960938,0.0
,1607,,,,,70.8984375,11.4349365234375,0.9139107238769532,-0.18220208129882812,0.0
,1608,,,,,76.300048828125,20.7916259765625,0.9059348510742188,-0.11580552978515625,0.0
,1609,,,,,70.6329345703125,20.7916259765625,0.9293445556640625,-0.024549114990234377,0.0
,1610,,,,,75.2197265625,28.7200927734375,0.9241654174804688,0.058835009765625,0.0
,1611,,,,,67.254638671875,28.7200927734375,0.9353523559570313,0.12243482666015626,0.0
,1612,,,,,71.8048095703125,36.602783203125,0.9360774353027344,0.21845604858398437,0.0
,1613,,,,,63.7298583984375,36.602783203125,0.9387705871582032,0.2816415344238281,0.0
,1614,,,,,65.643310546875,39.9261474609375,0.9129784790039063,0.34089087524414063,0.0
,1615,,,,,58.905029296875,39.9261474609375,0.9188826965332032,0.4202352722167969,0.0
,1616,,,,,62.36572265625,45.9228515625,0.8949550781250001,0.4702657470703125,0.0
,1617,,,,,53.6865234375,45.9228515625,0.8892580261230469,0.49595427246093754,0.0
,1618,,,,,56.4697265625,50.738525390625,0.9120462341308594,0.5851390319824219,0.0
,1619,,,,,42.4072265625,50.738525390625,0.8748600219726563,0.5957044738769531,0.0
,1620,,,,,18.4661865234375,54.7210693359375,0.8590118591308594,0.6390020690917969,0.0
,1621,,,,,31.2103271484375,58.941650390625,0.7692056030273438,0.6200464233398437,0.0
,1622,,,,,33.270263671875,62.51220703125,0.7306728149414062,0.6515355834960938,0.0
,1623,,,,,23.2818603515625,65.972900390625,0.6625153564453126,0.6520534973144532,0.0
,1624,,,,,25.0396728515625,69.012451171875,0.6469779418945313,0.7013588928222656,0.0
,1625,,,,,15.0970458984375,71.15478515625,0.5551000305175782,0.716792724609375,0.0
,1626,,,,,16.0400390625,72.784423828125,0.5217463806152344,0.778113720703125,0.0
,1627,,,,,5.9051513671875,74.1485595703125,0.4364977661132813,0.8094992980957032,0.0
,1628,,,,,6.3079833984375,74.8443603515625,0.40925549926757815,0.8621193420410157,0.0
,1629,,,,,-2.490234375,74.8443603515625,0.33685114746093753,0.8749636047363282,0.0
,1630,,,,,-2.655029296875,74.5697021484375,0.2722155029296875,0.9010664611816407,0.0
,1631,,,,,-8.111572265625,74.12109375,0.16500734252929689,0.8968195678710937,0.0
,1632,,,,,-8.5235595703125,73.406982421875,0.12771754760742188,0.9162931274414062,0.0
,1633,,,,,-14.4195556640625,72.3358154296875,0.07944797973632813,0.9452963012695312,0.0
,1634,,,,,-15.2069091796875,70.9808349609375,0.03387156372070313,0.9457106323242188,0.0
,1635,,,,,-17.669677734375,68.7103271484375,-0.040190112304687504,0.9169146240234375,0.0
,1636,,,,,-23.565673828125,66.302490234375,-0.0766512451171875,0.9124605651855469,0.0
,1637,,,,,-29.2510986328125,64.105224609375,-0.10969414672851563,0.8979589782714844,0.0
,1638,,,,,-34.4329833984375,62.164306640625,-0.158274462890625,0.8722704528808594,0.0
,1639,,,,,-41.9219970703125,56.9915771484375,-0.2017792236328125,0.8407812927246094,0.0
,1640,,,,,-46.2615966796875,56.9915771484375,-0.24766638793945314,0.8063918151855469,0.0
,1641,,,,,-52.7435302734375,51.8646240234375,-0.2971789489746094,0.7935475524902345,0.0
,1642,,,,,-54.986572265625,51.8646240234375,-0.3680295593261719,0.7575007507324218,0.0
,1643,,,,,-60.31494140625,45.9503173828125,-0.4438521423339844,0.7092311828613281,0.0
,1644,,,,,-62.0361328125,45.9503173828125,-0.5077627075195312,0.6638619323730469,0.0
,1645,,,,,-66.5771484375,39.9261474609375,-0.5645260620117187,0.6175604370117188,0.0
,1646,,,,,-66.7694091796875,39.9261474609375,-0.6282294616699219,0.5885572631835938,0.0
,1647,,,,,-69.5343017578125,35.2203369140625,-0.6984585754394531,0.5358336364746094,0.0
,1648,,,,,-68.975830078125,35.2203369140625,-0.7361627014160157,0.5055874694824218,0.0
,1649,,,,,-71.905517578125,28.619384765625,-0.7949977111816406,0.45845731201171874,0.0
,1650,,,,,-70.367431640625,28.619384765625,-0.8511395690917969,0.4128808959960938,0.0
,1651,,,,,-73.5992431640625,20.269775390625,-0.8713382080078125,0.3846028015136719,0.0
,1652,,,,,-94.6014404296875,-20.2972412109375,-0.8834573913574219,0.38242756347656254,0.0
,1653,,,,,-84.4024658203125,-7.58056640625,-0.9255119934082031,0.3144772705078125,0.0
,1654,,,,,-81.683349609375,-7.58056640625,-0.9252012451171875,0.3086766357421875,0.0
,1655,,,,,-76.6754150390625,-3.8543701171875,-0.9374240112304688,0.23388988037109376,0.0
,1656,,,,,-69.90966796875,-3.8543701171875,-0.9576226501464844,0.1843773193359375,0.0
,1657,,,,,-76.3275146484375,-14.959716796875,-0.9670486816406251,0.10140752563476563,0.0
,1658,,,,,-70.220947265625,-14.959716796875,-0.952132763671875,0.06442847900390625,0.0
,1659,,,,,-74.6795654296875,-22.686767578125,-0.9880759826660157,-0.036357550048828124,0.0
,1660,,,,,-66.961669921875,-22.686767578125,-0.9872473205566407,-0.07768707275390625,0.0
,1661,,,,,-72.4365234375,-32.1624755859375,-0.9785463684082032,-0.15547772827148437,0.0
,1662,,,,,-64.1693115234375,-32.1624755859375,-0.943846142578125,-0.17971609497070312,0.0
,1663,,,,,-67.364501953125,-37.68310546875,-0.9541008361816407,-0.2648611267089844,0.0
,1664,,,,,-59.7198486328125,-37.68310546875,-0.927272900390625,-0.3229710571289063,0.0
,1665,,,,,-63.116455078125,-43.560791015625,-0.8882221984863281,-0.3883317810058594,0.0
,1666,,,,,-56.25,-43.560791015625,-0.8603584350585938,-0.41919944458007813,0.0
,1667,,,,,-59.1705322265625,-48.614501953125,-0.8625336730957032,-0.48953214111328125,0.0
,1668,,,,,-48.22998046875,-48.614501953125,-0.8221363952636719,-0.48756406860351564,0.0
,1669,,,,,-49.5849609375,-50.9490966796875,-0.7988302734375,-0.5355228881835937,0.0
,1670,,,,,-37.646484375,-54.8309326171875,-0.7985195251464844,-0.5720876037597656,0.0
,1671,,,,,-39.73388671875,-58.4564208984375,-0.7707593444824219,-0.6088594848632812,0.0
,1672,,,,,-26.5869140625,-62.1734619140625,-0.7531502746582032,-0.62812587890625,0.0
,1673,,,,,-28.8299560546875,-66.0736083984375,-0.70767744140625,-0.6568183044433594,0.0
,1674,,,,,-17.6605224609375,-69.17724609375,-0.6362053344726563,-0.6682124084472656,0.0
,1675,,,,,-18.9422607421875,-71.392822265625,-0.5680478759765625,-0.7038448791503906,0.0
,1676,,,,,-8.53271484375,-73.004150390625,-0.5149099182128907,-0.7295334045410157,0.0
,1677,,,,,-9.2926025390625,-74.322509765625,-0.4489276977539063,-0.7651658752441407,0.0
,1678,,,,,-0.4669189453125,-75.201416015625,-0.37445169067382816,-0.8032843322753906,0.0
,1679,,,,,-0.6134033203125,-75.457763671875,-0.31623817749023436,-0.8323910888671875,0.0
,1680,,,,,6.463623046875,-75.457763671875,-0.26361813354492186,-0.8646053283691406,0.0
,1681,,,,,6.5093994140625,-75.3936767578125,-0.1732939636230469,-0.8658483215332031,0.0
,1682,,,,,12.2222900390625,-74.835205078125,-0.07468317260742188,-0.8607727661132812,0.0
,1683,,,,,12.725830078125,-73.974609375,-0.02133804931640625,-0.8622229248046875,0.0
,1684,,,,,17.5506591796875,-72.4456787109375,0.01512308349609375,-0.8777603393554688,0.0
,1685,,,,,18.3563232421875,-71.044921875,0.025377777099609377,-0.910699658203125,0.0
,1686,,,,,24.1790771484375,-68.5821533203125,0.07758348999023437,-0.9152572998046875,0.0
,1687,,,,,30.1849365234375,-65.8355712890625,0.1139410400390625,-0.8963016540527344,0.0
,1688,,,,,35.7147216796875,-63.5284423828125,0.16428226318359376,-0.8765173461914063,0.0
,1689,,,,,40.997314453125,-61.2762451171875,0.2067511962890625,-0.8680235595703125,0.0
,1690,,,,,48.101806640625,-55.95703125,0.27004026489257815,-0.8188217468261719,0.0
,1691,,,,,51.26953125,-55.95703125,0.30733005981445316,-0.7850537658691407,0.0
,1692,,,,,56.414794921875,-50.811767578125,0.3633683349609375,-0.7587437438964844,0.0
,1693,,,,,58.2550048828125,-50.811767578125,0.40386919555664064,-0.7364734497070313,0.0
,1694,,,,,63.68408203125,-44.2474365234375,0.48766765136718754,-0.70104814453125,0.0
,1695,,,,,64.74609375,-44.2474365234375,0.5636973999023438,-0.635583837890625,0.0
,1696,,,,,68.7469482421875,-38.360595703125,0.6253291442871094,-0.5806849731445313,0.0
,1697,,,,,68.7103271484375,-38.360595703125,0.6644834289550782,-0.5512674682617188,0.0
,1698,,,,,70.7061767578125,-33.9935302734375,0.7270474182128907,-0.5280649291992188,0.0
,1699,,,,,69.68994140625,-33.9935302734375,0.8045273254394532,-0.47130157470703127,0.0
,1700,,,,,72.4456787109375,-26.6876220703125,0.846167596435547,-0.43504760742187504,0.0
,1701,,,,,70.0836181640625,-26.6876220703125,0.8963016540527344,-0.38657087402343754,0.0
,1702,,,,,74.432373046875,-14.7216796875,0.9070742614746095,-0.3612966796875,0.0
,1703,,,,,71.15478515625,-14.7216796875,0.9131856445312501,-0.3540458862304688,0.0
,1704,,,,,71.978759765625,-8.0291748046875,0.8989948059082031,-0.33923355102539066,0.0
,1705,,,,,69.5159912109375,-8.0291748046875,0.9344201110839844,-0.2939678833007813,0.0
,1706,,,,,76.7303466796875,9.2010498046875,0.9508897705078125,-0.2172130554199219,0.0
,1707,,,,,69.964599609375,9.2010498046875,0.9660128540039062,-0.15226666259765625,0.0
,1708,,,,,75.4486083984375,18.695068359375,0.9631125366210938,-0.08970267333984375,0.0
,1709,,,,,69.4061279296875,18.695068359375,0.9715027404785157,-0.01512308349609375,0.0
,1710,,,,,74.5147705078125,27.5390625,0.9297588867187501,0.04205460205078125,0.0
,1711,,,,,65.51513671875,27.5390625,0.9566904052734375,0.11414820556640626,0.0
,1712,,,,,70.86181640625,36.8133544921875,0.9328663696289062,0.17629786376953124,0.0
,1713,,,,,61.70654296875,36.8133544921875,0.934730859375,0.24352307739257814,0.0
,1714,,,,,64.288330078125,41.2811279296875,0.9173289550781251,0.2909639831542969,0.0
,1715,,,,,56.982421875,41.2811279296875,0.91650029296875,0.3602608520507813,0.0
,1716,,,,,60.4339599609375,47.2503662109375,0.9038631958007812,0.4407446594238281,0.0
,1717,,,,,52.8717041015625,47.2503662109375,0.8810749877929688,0.4786559509277344,0.0
,1718,,,,,55.5633544921875,51.910400390625,0.8938156677246094,0.53863037109375,0.0
,1719,,,,,41.8853759765625,51.910400390625,0.8578724487304688,0.5549964477539062,0.0
,1720,,,,,20.196533203125,55.6365966796875,0.8412992065429687,0.5952901428222657,0.0
,1721,,,,,31.1553955078125,59.2437744140625,0.7934439697265625,0.6147637023925782,0.0
,1722,,,,,32.977294921875,62.3931884765625,0.7726238342285157,0.6545394836425782,0.0
,1723,,,,,20.562744140625,65.350341796875,0.678674267578125,0.6536072387695313,0.0
,1724,,,,,22.2747802734375,68.316650390625,0.6691446533203125,0.7033269653320313,0.0
,1725,,,,,12.3138427734375,70.843505859375,0.5863820251464844,0.6829211608886719,0.0
,1726,,,,,13.3575439453125,72.6470947265625,0.557689599609375,0.7514929504394532,0.0
,1727,,,,,3.955078125,74.029541015625,0.4592859741210938,0.7699306823730468,0.0
,1728,,,,,4.4952392578125,74.96337890625,0.4127773132324219,0.8238973022460938,0.0
,1729,,,,,-3.094482421875,75.4302978515625,0.32794302978515627,0.8571473693847657,0.0
,1730,,,,,-3.0670166015625,75.4852294921875,0.2766695617675781,0.8984768920898438,0.0
,1731,,,,,-7.7362060546875,74.8809814453125,0.19173169555664063,0.9068670959472657,0.0
,1732,,,,,-8.23974609375,73.992919921875,0.12108825073242188,0.9211615173339844,0.0
,1733,,,,,-13.5772705078125,72.76611328125,0.054898864746093755,0.9456070495605469,0.0
,1734,,,,,-14.3280029296875,71.466064453125,0.0319034912109375,0.9508897705078125,0.0
,1735,,,,,-17.2943115234375,69.7540283203125,-0.03242140502929688,0.928930224609375,0.0
,1736,,,,,-23.199462890625,67.4835205078125,-0.077065576171875,0.914117889404297,0.0
,1737,,,,,-29.0863037109375,65.2679443359375,-0.12564589233398438,0.8972338989257813,0.0
,1738,,,,,-34.2498779296875,63.555908203125,-0.17174022216796875,0.8771388427734376,0.0
,1739,,,,,-41.162109375,58.5479736328125,-0.2224957763671875,0.8540398864746094,0.0
,1740,,,,,-44.9432373046875,58.5479736328125,-0.2929320556640625,0.8083598876953125,0.0
,1741,,,,,-50.93994140625,53.6590576171875,-0.3444126892089844,0.7783208862304688,0.0
,1742,,,,,-53.1280517578125,53.6590576171875,-0.38967835693359376,0.7619548095703125,0.0
,1743,,,,,-58.355712890625,47.8271484375,-0.4815562683105469,0.7123386657714844,0.0
,1744,,,,,-59.5367431640625,47.8271484375,-0.54525966796875,0.6723557189941406,0.0
,1745,,,,,-63.8671875,41.986083984375,-0.6171461059570312,0.63806982421875,0.0
,1746,,,,,-64.0594482421875,41.986083984375,-0.6742202087402344,0.5986047912597656,0.0
,1747,,,,,-66.9158935546875,36.7767333984375,-0.7351268737792969,0.5562394409179687,0.0
,1748,,,,,-65.9912109375,36.7767333984375,-0.7867110900878906,0.5083842041015625,0.0
,1749,,,,,-69.1131591796875,29.4342041015625,-0.8132282775878906,0.4746162231445313,0.0
,1750,,,,,-67.4102783203125,29.4342041015625,-0.8371558959960937,0.4644651123046875,0.0
,1751,,,,,-70.367431640625,20.6817626953125,-0.8742385253906251,0.41629912719726564,0.0
,1752,,,,,-67.78564453125,20.6817626953125,-0.9103889099121094,0.3849135498046875,0.0
,1753,,,,,-72.2900390625,7.708740234375,-0.9381490905761719,0.34109804077148437,0.0
,1754,,,,,-78.4332275390625,-7.7362060546875,-0.9254084106445313,0.3227638916015625,0.0
,1755,,,,,-73.3612060546875,-2.874755859375,-0.9349380249023438,0.24373024291992187,0.0
,1756,,,,,-67.8680419921875,-2.874755859375,-0.9404279113769531,0.21887037963867187,0.0
,1757,,,,,-74.52392578125,-14.410400390625,-0.9668415161132813,0.11487328491210938,0.0
,1758,,,,,-68.5821533203125,-14.410400390625,-0.930691131591797,0.09508897705078126,0.0
,1759,,,,,-74.0203857421875,-23.8311767578125,-0.9361810180664063,0.019887890625,0.0
,1760,,,,,-65.679931640625,-23.8311767578125,-0.9246833312988282,-0.021648797607421874,0.0
,1761,,,,,-71.5301513671875,-33.966064453125,-0.9370096801757812,-0.11052280883789063,0.0
,1762,,,,,-63.134765625,-33.966064453125,-0.9150501342773438,-0.1425298828125,0.0
,1763,,,,,-66.815185546875,-40.338134765625,-0.9279979797363281,-0.1944248474121094,0.0
,1764,,,,,-57.31201171875,-40.338134765625,-0.8968195678710937,-0.256056591796875,0.0
,1765,,,,,-60.040283203125,-45.062255859375,-0.8986840576171875,-0.34627717895507815,0.0
,1766,,,,,-54.180908203125,-45.062255859375,-0.8622229248046875,-0.38304906005859374,0.0
,1767,,,,,-56.9091796875,-49.7955322265625,-0.8255546264648438,-0.44437005615234376,0.0
,1768,,,,,-46.7376708984375,-49.7955322265625,-0.8077383911132813,-0.46881558837890625,0.0
,1769,,,,,-47.845458984375,-51.7181396484375,-0.8156106811523438,-0.5415306884765625,0.0
,1770,,,,,-36.163330078125,-55.5908203125,-0.8010055114746094,-0.5763344970703125,0.0
,1771,,,,,-38.0218505859375,-58.8134765625,-0.78225703125,-0.6172496887207032,0.0
,1772,,,,,-25.89111328125,-62.36572265625,-0.7139959899902344,-0.5876250183105469,0.0
,1773,,,,,-28.01513671875,-66.0369873046875,-0.6485316833496094,-0.619114178466797,0.0
,1774,,,,,-17.413330078125,-69.122314453125,-0.6092738159179688,-0.6593042907714844,0.0
,1775,,,,,-19.097900390625,-72.03369140625,-0.5741592590332032,-0.7180357177734376,0.0
,1776,,,,,-9.503173828125,-74.0570068359375,-0.49709368286132816,-0.7497320434570313,0.0
,1777,,,,,-10.2447509765625,-75.3387451171875,-0.4344261108398438,-0.7841215209960938,0.0
,1778,,,,,-2.01416015625,-76.6754150390625,-0.3715513732910156,-0.8092921325683594,0.0
,1779,,,,,-2.4169921875,-77.3712158203125,-0.30059718017578124,-0.8288692749023437,0.0
,1780,,,,,2.52685546875,-76.9500732421875,-0.21690230712890626,-0.8561115417480469,0.0
,1781,,,,,2.783203125,-76.50146484375,-0.14729468994140626,-0.8678163940429687,0.0
,1782,,,,,9.6954345703125,-75.54931640625,-0.07841215209960938,-0.889154443359375,0.0
,1783,,,,,10.455322265625,-74.23095703125,-0.020405804443359377,-0.8947479125976563,0.0
,1784,,,,,15.911865234375,-72.4273681640625,0.048994647216796874,-0.8783818359375001,0.0
,1785,,,,,16.80908203125,-70.8892822265625,0.07437242431640625,-0.8918475952148438,0.0
,1786,,,,,22.650146484375,-68.7744140625,0.13600416870117188,-0.8822143981933595,0.0
,1787,,,,,28.4820556640625,-66.522216796875,0.1346575927734375,-0.8869792053222657,0.0
,1788,,,,,33.72802734375,-64.34326171875,0.17060081176757813,-0.8896723571777344,0.0
,1789,,,,,38.9739990234375,-62.2100830078125,0.20250430297851563,-0.8691629699707032,0.0
,1790,,,,,45.73974609375,-57.01904296875,0.2993541870117188,-0.8172680053710938,0.0
,1791,,,,,48.5321044921875,-57.01904296875,0.34410194091796875,-0.7865039245605469,0.0
,1792,,,,,53.6041259765625,-52.0111083984375,0.3932001708984375,-0.7812212036132813,0.0
,1793,,,,,55.1422119140625,-52.0111083984375,0.44747753906250004,-0.7519072814941407,0.0
,1794,,,,,60.223388671875,-44.842529296875,0.531172412109375,-0.7122350830078126,0.0
,1795,,,,,60.882568359375,-44.842529296875,0.6055448364257813,-0.6769133605957032,0.0
,1796,,,,,65.44189453125,-37.4267578125,0.6748417053222656,-0.6403486450195313,0.0
,1797,,,,,65.2496337890625,-37.4267578125,0.7155497314453125,-0.5885572631835938,0.0
,1798,,,,,68.023681640625,-32.0526123046875,0.7565685058593751,-0.5554107788085938,0.0
,1799,,,,,67.12646484375,-32.0526123046875,0.7896114074707031,-0.5023764038085937,0.0
,1800,,,,,69.5159912109375,-26.3946533203125,0.8493786621093751,-0.45648923950195314,0.0
,1801,,,,,67.93212890625,-26.3946533203125,0.8934013366699219,-0.4147453857421875,0.0
,1802,,,,,72.1343994140625,-15.582275390625,0.9019987060546876,-0.38636370849609375,0.0
,1803,,,,,69.415283203125,-15.582275390625,0.9073850097656251,-0.3666829833984375,0.0
,1804,,,,,76.8585205078125,2.63671875,0.8966124023437501,-0.34638076171875,0.0
,1805,,,,,73.699951171875,2.63671875,0.9086280029296875,-0.31810266723632813,0.0
,1806,,,,,74.945068359375,10.0341796875,0.9137035583496094,-0.26165006103515626,0.0
,1807,,,,,67.4652099609375,10.0341796875,0.9548259155273437,-0.20208997192382813,0.0
,1808,,,,,74.322509765625,21.917724609375,0.9216794311523437,-0.1500914245605469,0.0
,1809,,,,,67.6849365234375,21.917724609375,0.9234403381347657,-0.10575800170898438,0.0
,1810,,,,,72.418212890625,30.1025390625,0.9125641479492188,-0.020820135498046875,0.0
,1811,,,,,64.3798828125,30.1025390625,0.92644423828125,0.0766512451171875,0.0
,1812,,,,,69.635009765625,39.22119140625,0.926547821044922,0.17091156005859376,0.0
,1813,,,,,61.2762451171875,39.22119140625,0.9344201110839844,0.23430421142578126,0.0
,1814,,,,,63.592529296875,43.231201171875,0.8900866882324219,0.2868206726074219,0.0
,1815,,,,,56.817626953125,43.231201171875,0.8755851013183594,0.3623325073242188,0.0
,1816,,,,,59.9945068359375,48.74267578125,0.8853218811035156,0.44602738037109374,0.0
,1817,,,,,53.0181884765625,48.74267578125,0.8761030151367187,0.49657576904296874,0.0
,1818,,,,,55.4443359375,52.9541015625,0.8524861450195312,0.5336583984375001,0.0
,1819,,,,,42.1051025390625,52.9541015625,0.8019377563476563,0.5399769470214844,0.0
,1820,,,,,21.2677001953125,56.8359375,0.80711689453125,0.6055448364257813,0.0
,1821,,,,,32.4371337890625,60.97412109375,0.7428955810546876,0.5852426147460937,0.0
,1822,,,,,34.31396484375,64.2242431640625,0.7206252868652344,0.6245004821777344,0.0
,1823,,,,,22.88818359375,67.8497314453125,0.6103096435546875,0.623982568359375,0.0
,1824,,,,,24.71923828125,71.0174560546875,0.6047161743164062,0.6748417053222656,0.0
,1825,,,,,15.087890625,73.077392578125,0.5285828430175782,0.7044663757324219,0.0
,1826,,,,,16.094970703125,74.8260498046875,0.4939861999511719,0.7613333129882812,0.0
,1827,,,,,7.0770263671875,76.1077880859375,0.4117414855957031,0.7646479614257813,0.0
,1828,,,,,7.489013671875,76.8218994140625,0.362125341796875,0.8060810668945313,0.0
,1829,,,,,0.9796142578125,77.252197265625,0.2685901062011719,0.83363408203125,0.0
,1830,,,,,0.933837890625,77.1881103515625,0.21762738647460939,0.8906046020507813,0.0
,1831,,,,,-4.669189453125,76.5106201171875,0.14625886230468751,0.9118390686035156,0.0
,1832,,,,,-5.0445556640625,75.8697509765625,0.10565441894531251,0.9307947143554688,0.0
,1833,,,,,-11.3525390625,74.67041015625,0.0551060302734375,0.9532721740722656,0.0
,1834,,,,,-11.993408203125,73.5626220703125,0.01512308349609375,0.9553438293457032,0.0
,1835,,,,,-19.4732666015625,71.868896484375,-0.03345723266601563,0.9481966186523437,0.0
,1836,,,,,-21.0479736328125,69.1497802734375,-0.0828662109375,0.952132763671875,0.0
,1837,,,,,-26.9256591796875,66.7877197265625,-0.14729468994140626,0.943121063232422,0.0
,1838,,,,,-32.1075439453125,64.398193359375,-0.19525350952148438,0.9081100891113282,0.0
,1839,,,,,-37.628173828125,61.6973876953125,-0.22529251098632813,0.8862541259765625,0.0
,1840,,,,,-42.2515869140625,59.600830078125,-0.2755301513671875,0.8482392517089844,0.0
,1841,,,,,-49.090576171875,53.302001953125,-0.32680361938476565,0.8225507263183593,0.0
,1842,,,,,-51.654052734375,53.302001953125,-0.3881246154785156,0.7932368041992188,0.0
,1843,,,,,-56.4971923828125,48.44970703125,-0.4702657470703125,0.728393994140625,0.0
,1844,,,,,-58.135986328125,48.44970703125,-0.5201926391601562,0.6995979858398438,0.0
,1845,,,,,-63.6474609375,41.05224609375,-0.6057520019531251,0.645527783203125,0.0
,1846,,,,,-64.2242431640625,41.05224609375,-0.6477030212402344,0.6292652893066406,0.0
,1847,,,,,-68.1610107421875,34.1949462890625,-0.677016943359375,0.585864111328125,0.0
,1848,,,,,-67.6666259765625,34.1949462890625,-0.7193822937011719,0.5455704162597657,0.0
,1849,,,,,-70.5780029296875,27.6947021484375,-0.7985195251464844,0.4849744995117188,0.0
,1850,,,,,-68.95751953125,27.6947021484375,-0.8263832885742187,0.46922991943359377,0.0
,1851,,,,,-71.6217041015625,20.0225830078125,-0.8561115417480469,0.41225939941406253,0.0
,1852,,,,,-92.4407958984375,-20.050048828125,-0.8951622436523438,0.3798379943847656,0.0
,1853,,,,,-82.03125,-7.049560546875,-0.9379419250488281,0.335608154296875,0.0
,1854,,,,,-78.973388671875,-7.049560546875,-0.9288266418457032,0.33177559204101564,0.0
,1855,,,,,-74.9267578125,-4.8431396484375,-0.9260299072265625,0.27573731689453124,0.0
,1856,,,,,-67.840576171875,-4.8431396484375,-0.9173289550781251,0.25874974365234377,0.0
,1857,,,,,-74.8626708984375,-17.0013427734375,-0.9456070495605469,0.16625033569335937,0.0
,1858,,,,,-68.1610107421875,-17.0013427734375,-0.9381490905761719,0.12440289916992188,0.0
,1859,,,,,-73.736572265625,-26.6510009765625,-0.938977752685547,0.02672435302734375,0.0
,1860,,,,,-65.753173828125,-26.6510009765625,-0.9233367553710938,-0.0178162353515625,0.0
,1861,,,,,-71.3470458984375,-36.3372802734375,-0.9260299072265625,-0.10099319458007813,0.0
,1862,,,,,-64.12353515625,-36.3372802734375,-0.8954729919433594,-0.13186085815429688,0.0
,1863,,,,,-66.943359375,-41.217041015625,-0.8982697265625,-0.1960821716308594,0.0
,1864,,,,,-60.406494140625,-41.217041015625,-0.8806606567382813,-0.2789483825683594,0.0
,1865,,,,,-63.519287109375,-46.61865234375,-0.8480320861816406,-0.3638862487792969,0.0
,1866,,,,,-57.16552734375,-46.61865234375,-0.8106387084960938,-0.3860529602050781,0.0
,1867,,,,,-59.65576171875,-50.93994140625,-0.8167500915527344,-0.4726481506347656,0.0
,1868,,,,,-48.577880859375,-50.93994140625,-0.789714990234375,-0.4931575378417969,0.0
,1869,,,,,-50.1708984375,-53.704833984375,-0.7766635620117188,-0.5466062438964844,0.0
,1870,,,,,-37.9669189453125,-57.4310302734375,-0.7727274169921875,-0.5731234313964844,0.0
,1871,,,,,-39.935302734375,-60.845947265625,-0.7116135864257813,-0.5805813903808594,0.0
,1872,,,,,-28.2257080078125,-64.5355224609375,-0.6657264221191407,-0.6017122741699219,0.0
,1873,,,,,-30.267333984375,-68.0694580078125,-0.6293688720703126,-0.6539179870605469,0.0
,1874,,,,,-20.4071044921875,-70.9716796875,-0.5944614807128906,-0.6971119995117188,0.0
,1875,,,,,-21.661376953125,-73.1597900390625,-0.5317939086914063,-0.7274617492675781,0.0
,1876,,,,,-12.26806640625,-74.652099609375,-0.44954919433593754,-0.7282904113769532,0.0
,1877,,,,,-13.165283203125,-76.20849609375,-0.38025232543945314,-0.7699306823730468,0.0
,1878,,,,,-4.7882080078125,-77.105712890625,-0.3334329162597656,-0.812917529296875,0.0
,1879,,,,,-4.8797607421875,-77.2796630859375,-0.285888427734375,-0.8571473693847657,0.0
,1880,,,,,0.8056640625,-76.812744140625,-0.21742022094726562,-0.8888436950683594,0.0
,1881,,,,,1.4373779296875,-75.7232666015625,-0.15744580078125,-0.8942299987792969,0.0
,1882,,,,,7.1685791015625,-74.6978759765625,-0.06018158569335938,-0.8915368469238282,0.0
,1883,,,,,8.001708984375,-73.2421875,-0.007768707275390625,-0.908213671875,0.0
,1884,,,,,14.813232421875,-71.429443359375,0.04858031616210938,-0.9252012451171875,0.0
,1885,,,,,15.948486328125,-69.47021484375,0.07509750366210938,-0.9271693176269532,0.0
,1886,,,,,21.5240478515625,-67.0806884765625,0.13641849975585937,-0.9143250549316406,0.0
,1887,,,,,26.98974609375,-64.8284912109375,0.14905559692382814,-0.9051061889648437,0.0
,1888,,,,,32.5653076171875,-62.43896484375,0.17723010864257813,-0.9071778442382813,0.0
,1889,,,,,38.3056640625,-59.80224609375,0.21855963134765627,-0.8713382080078125,0.0
,1890,,,,,44.9066162109375,-55.1971435546875,0.28205586547851563,-0.8393311340332031,0.0
,1891,,,,,47.845458984375,-55.1971435546875,0.3154095153808594,-0.8238973022460938,0.0
,1892,,,,,53.79638671875,-49.0447998046875,0.37693767700195313,-0.7802889587402344,0.0
,1893,,,,,55.6732177734375,-49.0447998046875,0.4262430725097656,-0.7496284606933594,0.0
,1894,,,,,60.8001708984375,-42.81005859375,0.49087871704101566,-0.7142031555175782,0.0
,1895,,,,,61.5142822265625,-42.81005859375,0.5665977172851563,-0.670387646484375,0.0
,1896,,,,,65.899658203125,-35.9893798828125,0.6203571716308593,-0.6535036560058594,0.0
,1897,,,,,65.753173828125,-35.9893798828125,0.6598222045898438,-0.6058555847167969,0.0
,1898,,,,,68.9849853515625,-29.150390625,0.7147210693359375,-0.5748843383789063,0.0
,1899,,,,,67.9229736328125,-29.150390625,0.7616440612792968,-0.5445345886230469,0.0
,1900,,,,,70.037841796875,-23.2086181640625,0.8219292297363282,-0.47565205078125,0.0
,1901,,,,,67.9595947265625,-23.2086181640625,0.8603584350585938,-0.41464180297851566,0.0
,1902,,,,,72.161865234375,-11.517333984375,0.8781746704101563,-0.37828425292968754,0.0
,1903,,,,,69.4244384765625,-11.517333984375,0.9027237854003907,-0.3517670654296875,0.0
,1904,,,,,74.7161865234375,1.904296875,0.8906046020507813,-0.3271143676757813,0.0
,1905,,,,,68.572998046875,1.904296875,0.9214722656250001,-0.26672561645507814,0.0
,1906,,,,,74.5330810546875,12.2314453125,0.9160859619140626,-0.21855963134765627,0.0
,1907,,,,,68.6737060546875,12.2314453125,0.9266514038085938,-0.16625033569335937,0.0
,1908,,,,,73.992919921875,21.4508056640625,0.8831466430664062,-0.11124788818359375,0.0
,1909,,,,,67.4560546875,21.4508056640625,0.8842860534667969,-0.03956861572265625,0.0
,1910,,,,,73.223876953125,31.439208984375,0.8854254638671876,0.0451620849609375,0.0
,1911,,,,,66.3299560546875,31.439208984375,0.8851147155761719,0.09229224243164062,0.0
,1912,,,,,70.4132080078125,38.525390625,0.8513467346191407,0.15589205932617187,0.0
,1913,,,,,61.9720458984375,38.525390625,0.8495858276367187,0.23306121826171874,0.0
,1914,,,,,64.3798828125,42.681884765625,0.8669877319335938,0.3161345947265625,0.0
,1915,,,,,59.9761962890625,42.681884765625,0.8463747619628906,0.3909213500976563,0.0
,1916,,,,,62.3565673828125,46.8017578125,0.8409884582519531,0.4637400329589844,0.0
,1917,,,,,53.4393310546875,46.8017578125,0.8300086853027344,0.5084877868652344,0.0
,1918,,,,,56.597900390625,52.276611328125,0.8167500915527344,0.5567573547363281,0.0
,1919,,,,,43.817138671875,52.276611328125,0.7965514526367188,0.5671156311035156,0.0
,1920,,,,,18.4478759765625,55.5816650390625,0.7818427001953125,0.602437353515625,0.0
,1921,,,,,30.377197265625,59.1705322265625,0.6944188476562501,0.5802706420898438,0.0
,1922,,,,,32.8399658203125,63.427734375,0.6843713195800781,0.6276079650878906,0.0
,1923,,,,,25.1678466796875,67.1539306640625,0.6117598022460937,0.6398307312011718,0.0
,1924,,,,,26.495361328125,69.4610595703125,0.6055448364257813,0.6848892333984375,0.0
,1925,,,,,16.4886474609375,71.173095703125,0.511284521484375,0.703534130859375,0.0
,1926,,,,,17.32177734375,72.6287841796875,0.4737875610351563,0.7707593444824219,0.0
,1927,,,,,8.8531494140625,73.71826171875,0.4045942749023438,0.8146784362792969,0.0
,1928,,,,,9.1552734375,74.2401123046875,0.3848099670410156,0.8691629699707032,0.0
,1929,,,,,0.3021240234375,74.322509765625,0.2951072937011719,0.8841824707031251,0.0
,1930,,,,,0.2471923828125,74.2218017578125,0.2581282470703125,0.9246833312988282,0.0
,1931,,,,,-4.339599609375,73.992919921875,0.1795089294433594,0.9243725830078126,0.0
,1932,,,,,-4.6051025390625,73.5443115234375,0.1372471618652344,0.9437425598144532,0.0
,1933,,,,,-12.19482421875,72.418212890625,0.061735327148437505,0.9400135803222657,0.0
,1934,,,,,-13.1011962890625,70.843505859375,0.02506702880859375,0.9584513122558594,0.0
,1935,,,,,-20.32470703125,68.8385009765625,-0.03179990844726563,0.9378383422851563,0.0
,1936,,,,,-21.35009765625,67.05322265625,-0.061631744384765624,0.9307947143554688,0.0
,1937,,,,,-26.934814453125,64.8651123046875,-0.10513650512695313,0.9039667785644532,0.0
,1938,,,,,-33.3892822265625,62.3748779296875,-0.13703999633789063,0.8990983886718751,0.0
,1939,,,,,-40.850830078125,57.110595703125,-0.183134326171875,0.8880150329589844,0.0
,1940,,,,,-44.1741943359375,57.110595703125,-0.2487022155761719,0.8412992065429687,0.0
,1941,,,,,-50.28076171875,51.96533203125,-0.3126127807617188,0.8061846496582031,0.0
,1942,,,,,-52.7801513671875,51.96533203125,-0.37621259765625004,0.7671339477539063,0.0
,1943,,,,,-59.2803955078125,44.86083984375,-0.428418310546875,0.7410310913085938,0.0
,1944,,,,,-60.7269287109375,44.86083984375,-0.4984402587890625,0.6929686889648438,0.0
,1945,,,,,-65.33203125,38.3331298828125,-0.5686693725585937,0.6613759460449219,0.0
,1946,,,,,-65.51513671875,38.3331298828125,-0.6354802551269532,0.6200464233398437,0.0
,1947,,,,,-70.05615234375,30.6060791015625,-0.7082989379882813,0.565976220703125,0.0
,1948,,,,,-69.818115234375,30.6060791015625,-0.7590544921875,0.5282720947265626,0.0
,1949,,,,,-71.3836669921875,26.605224609375,-0.7793567138671875,0.4766878784179688,0.0
,1950,,,,,-69.8822021484375,26.605224609375,-0.8152999328613282,0.43162937622070313,0.0
,1951,,,,,-72.930908203125,17.6513671875,-0.8605656005859376,0.3777663391113281,0.0
,1952,,,,,-90.9942626953125,-17.6788330078125,-0.8849075500488282,0.36699373168945315,0.0
,1953,,,,,-82.379150390625,-7.03125,-0.8954729919433594,0.32970393676757814,0.0
,1954,,,,,-79.4677734375,-7.03125,-0.8985804748535157,0.311576953125,0.0
,1955,,,,,-76.153564453125,-5.657958984375,-0.9194006103515625,0.2540885192871094,0.0
,1956,,,,,-69.0765380859375,-5.657958984375,-0.909974578857422,0.24486965332031252,0.0
,1957,,,,,-75.5218505859375,-16.827392578125,-0.9240618347167969,0.16676824951171876,0.0
,1958,,,,,-69.6990966796875,-16.827392578125,-0.9154644653320313,0.131757275390625,0.0
,1959,,,,,-75.2197265625,-26.3946533203125,-0.9139107238769532,0.02154521484375,0.0
,1960,,,,,-68.8201904296875,-26.3946533203125,-0.9013772094726563,-0.03211065673828125,0.0
,1961,,,,,-73.4344482421875,-34.3780517578125,-0.8994091369628906,-0.11135147094726563,0.0
,1962,,,,,-66.61376953125,-34.3780517578125,-0.8824215637207031,-0.1454302001953125,0.0
,1963,,,,,-69.3878173828125,-39.1754150390625,-0.9105960754394532,-0.2619608093261719,0.0
,1964,,,,,-62.6220703125,-39.1754150390625,-0.8837681396484375,-0.3063978149414063,0.0
,1965,,,,,-65.771484375,-44.6319580078125,-0.8605656005859376,-0.3779735046386719,0.0
,1966,,,,,-58.4747314453125,-44.6319580078125,-0.8578724487304688,-0.4238606689453125,0.0
,1967,,,,,-60.9100341796875,-48.8616943359375,-0.8733062805175782,-0.5016513244628906,0.0
,1968,,,,,-48.5321044921875,-48.8616943359375,-0.851035986328125,-0.5293079223632813,0.0
,1969,,,,,-50.3265380859375,-51.9561767578125,-0.8223435607910157,-0.5936328186035157,0.0
,1970,,,,,-38.616943359375,-55.8929443359375,-0.8164393432617187,-0.6275043823242188,0.0
,1971,,,,,-40.447998046875,-59.0606689453125,-0.7899221557617188,-0.6616866943359375,0.0
,1972,,,,,-28.363037109375,-62.4847412109375,-0.7414454223632813,-0.6693518188476563,0.0
,1973,,,,,-30.523681640625,-66.229248046875,-0.6921400268554688,-0.7212467834472657,0.0
,1974,,,,,-20.3338623046875,-69.0216064453125,-0.6495675109863281,-0.7551183471679688,0.0
,1975,,,,,-21.4508056640625,-70.9625244140625,-0.5947722290039062,-0.7820498657226562,0.0
,1976,,,,,-11.6729736328125,-72.8302001953125,-0.5046552246093751,-0.7877469177246094,0.0
,1977,,,,,-12.506103515625,-74.267578125,-0.43981241455078124,-0.8201683227539063,0.0
,1978,,,,,-3.5614013671875,-74.81689453125,-0.3974470642089844,-0.86346591796875,0.0
,1979,,,,,-3.7353515625,-75.1190185546875,-0.3227638916015625,-0.8883257812500001,0.0
,1980,,,,,3.0670166015625,-75.0457763671875,-0.26869368896484375,-0.9079029235839844,0.0
,1981,,,,,3.1219482421875,-74.945068359375,-0.20126130981445314,-0.9242690002441406,0.0
,1982,,,,,10.5377197265625,-74.652099609375,-0.13766149291992189,-0.922300927734375,0.0
,1983,,,,,11.1602783203125,-73.57177734375,-0.08214113159179688,-0.9295517211914063,0.0
,1984,,,,,17.083740234375,-71.8963623046875,0.008079455566406251,-0.9274800659179688,0.0
,1985,,,,,18.072509765625,-70.1751708984375,0.0542773681640625,-0.9345236938476563,0.0
,1986,,,,,23.2452392578125,-67.529296875,0.0932244873046875,-0.953790087890625,0.0
,1987,,,,,29.1778564453125,-64.947509765625,0.10927981567382813,-0.9634232849121094,0.0
,1988,,,,,34.5977783203125,-62.2100830078125,0.17412262573242188,-0.9453998840332032,0.0
,1989,,,,,40.4205322265625,-59.234619140625,0.18468806762695314,-0.9118390686035156,0.0
,1990,,,,,47.625732421875,-53.5308837890625,0.2398976806640625,-0.8778639221191407,0.0
,1991,,,,,50.9674072265625,-53.5308837890625,0.2993541870117188,-0.8395382995605469,0.0
,1992,,,,,56.3690185546875,-49.0264892578125,0.3526993103027344,-0.8204790710449219,0.0
,1993,,,,,58.447265625,-49.0264892578125,0.3857422119140625,-0.8116745361328125,0.0
,1994,,,,,64.141845703125,-42.0684814453125,0.4768950439453125,-0.7404095947265625,0.0
,1995,,,,,65.3228759765625,-42.0684814453125,0.5488850646972656,-0.6863393920898437,0.0
,1996,,,,,69.9371337890625,-35.3302001953125,0.6172496887207032,-0.6393128173828125,0.0
,1997,,,,,69.6533203125,-35.3302001953125,0.6627225219726562,-0.6086523193359376,0.0
,1998,,,,,72.0245361328125,-30.120849609375,0.7309835632324219,-0.5567573547363281,0.0
,1999,,,,,70.9259033203125,-30.120849609375,0.7904400695800782,-0.49295037231445316,0.0
,2000,,,,,72.8485107421875,-24.1973876953125,0.8221363952636719,-0.4583537292480469,0.0
,2001,,,,,70.770263671875,-24.1973876953125,0.8691629699707032,-0.4170242065429688,0.0
,2002,,,,,74.52392578125,-13.7969970703125,0.8994091369628906,-0.4014867919921875,0.0
,2003,,,,,71.7681884765625,-13.7969970703125,0.9131856445312501,-0.3691689697265625,0.0
,2004,,,,,77.7191162109375,1.904296875,0.9194006103515625,-0.3259749572753906,0.0
,2005,,,,,75.03662109375,1.904296875,0.9457106323242188,-0.2785340515136719,0.0
,2006,,,,,77.6641845703125,11.24267578125,0.9159823791503906,-0.229539404296875,0.0
,2007,,,,,71.5667724609375,11.24267578125,0.9341093627929687,-0.17018648071289064,0.0
,2008,,,,,77.5177001953125,21.551513671875,0.9408422424316406,-0.08576652832031251,0.0
,2009,,,,,71.173095703125,21.551513671875,0.9441568908691407,-0.019577142333984377,0.0
,2010,,,,,75.7049560546875,29.3975830078125,0.9121498168945312,0.05707410278320313,0.0
,2011,,,,,68.9666748046875,29.3975830078125,0.9420852355957031,0.13776507568359375,0.0
,2012,,,,,73.5443115234375,37.3260498046875,0.9376311767578125,0.22612117309570312,0.0
,2013,,,,,63.6474609375,37.3260498046875,0.9502682739257813,0.2932428039550781,0.0
,2014,,,,,65.80810546875,41.070556640625,0.9276872314453125,0.3531136413574219,0.0
,2015,,,,,60.5072021484375,41.070556640625,0.9342129455566407,0.4304899658203125,0.0
,2016,,,,,63.720703125,46.6278076171875,0.9225080932617188,0.4841458374023438,0.0
,2017,,,,,53.9154052734375,46.6278076171875,0.9152572998046875,0.5150135009765625,0.0
,2018,,,,,56.6070556640625,51.287841796875,0.9117354858398438,0.584206787109375,0.0
,2019,,,,,43.8629150390625,51.287841796875,0.8700952148437501,0.5859676940917969,0.0
,2020,,,,,17.449951171875,54.9224853515625,0.870923876953125,0.6443883728027344,0.0
,2021,,,,,31.8328857421875,59.06982421875,0.7808068725585938,0.6451134521484375,0.0
,2022,,,,,33.9752197265625,62.7685546875,0.7561541748046875,0.6691446533203125,0.0
,2023,,,,,23.62060546875,65.6158447265625,0.6918292785644532,0.6724593017578125,0.0
,2024,,,,,25.1678466796875,68.29833984375,0.6801244262695313,0.7208324523925781,0.0
,2025,,,,,14.0167236328125,70.9808349609375,0.5801670593261719,0.6965940856933593,0.0
,2026,,,,,15.3533935546875,73.3062744140625,0.5364551330566406,0.7587437438964844,0.0
,2027,,,,,5.52978515625,74.4598388671875,0.43753359375,0.7841215209960938,0.0
,2028,,,,,5.96923828125,75.2288818359375,0.41049849243164066,0.8490679138183594,0.0
,2029,,,,,-2.3895263671875,75.7781982421875,0.353838720703125,0.8781746704101563,0.0
,2030,,,,,-2.252197265625,76.025390625,0.2828845275878906,0.8973374816894532,0.0
,2031,,,,,-7.6080322265625,75.6591796875,0.1752620361328125,0.8828358947753907,0.0
,2032,,,,,-8.16650390625,74.688720703125,0.14366929321289063,0.9166038757324219,0.0
,2033,,,,,-14.0533447265625,73.114013671875,0.07178285522460938,0.9232331726074219,0.0
,2034,,,,,-15.032958984375,71.4202880859375,0.022684625244140624,0.9225080932617188,0.0
,2035,,,,,-17.7978515625,69.232177734375,-0.026931518554687502,0.9117354858398438,0.0
,2036,,,,,-23.583984375,66.7877197265625,-0.06577505493164063,0.9092494995117187,0.0
,2037,,,,,-29.7454833984375,64.3341064453125,-0.1064830810546875,0.8865648742675781,0.0
,2038,,,,,-35.3668212890625,62.530517578125,-0.16024253540039063,0.8464783447265626,0.0
,2039,,,,,-42.6361083984375,57.0098876953125,-0.19297468872070314,0.8434744445800781,0.0
,2040,,,,,-46.5728759765625,57.0098876953125,-0.24580189819335937,0.8126067810058594,0.0
,2041,,,,,-52.8350830078125,52.3956298828125,-0.32670003662109376,0.7766635620117188,0.0
,2042,,,,,-54.9957275390625,52.3956298828125,-0.39340733642578124,0.7272545837402344,0.0
,2043,,,,,-60.4522705078125,46.7193603515625,-0.4366013488769531,0.705191455078125,0.0
,2044,,,,,-62.2100830078125,46.7193603515625,-0.47565205078125,0.6692482360839844,0.0
,2045,,,,,-66.90673828125,40.5303955078125,-0.54857431640625,0.6259506408691407,0.0
,2046,,,,,-66.943359375,40.5303955078125,-0.6296796203613282,0.5638009826660156,0.0
,2047,,,,,-69.9371337890625,34.97314453125,-0.7142031555175782,0.522885791015625,0.0
,2048,,,,,-69.2779541015625,34.97314453125,-0.7616440612792968,0.4749269714355469,0.0
,2049,,,,,-71.96044921875,28.656005859375,-0.8020413391113281,0.44012316284179687,0.0
,2050,,,,,-70.3399658203125,28.656005859375,-0.8535219726562501,0.4165062927246094,0.0
,2051,,,,,-73.297119140625,19.8394775390625,-0.8967159851074219,0.3791129150390625,0.0
,2052,,,,,-93.71337890625,-19.866943359375,-0.9172253723144531,0.3480380859375,0.0
,2053,,,,,-83.0474853515625,-6.8206787109375,-0.9349380249023438,0.314062939453125,0.0
,2054,,,,,-79.7882080078125,-6.8206787109375,-0.9351451904296876,0.28340244140625,0.0
,2055,,,,,-75.3204345703125,-3.5980224609375,-0.9456070495605469,0.229539404296875,0.0
,2056,,,,,-69.0216064453125,-3.5980224609375,-0.9665307678222657,0.19577142333984376,0.0
,2057,,,,,-75.4119873046875,-14.666748046875,-0.9533757568359376,0.1325859375,0.0
,2058,,,,,-68.8751220703125,-14.666748046875,-0.94136015625,0.07830856933593751,0.0
,2059,,,,,-73.8372802734375,-23.25439453125,-0.9608337158203125,-0.027656597900390625,0.0
,2060,,,,,-66.0919189453125,-23.25439453125,-0.9475751220703126,-0.06898612060546876,0.0
,2061,,,,,-70.9808349609375,-31.7230224609375,-0.9759567993164063,-0.15775654907226563,0.0
,2062,,,,,-62.9058837890625,-31.7230224609375,-0.9493360290527344,-0.1794053466796875,0.0
,2063,,,,,-65.716552734375,-36.5936279296875,-0.9329699523925782,-0.259371240234375,0.0
,2064,,,,,-58.7127685546875,-36.5936279296875,-0.9018951232910156,-0.31509876708984375,0.0
,2065,,,,,-62.109375,-42.48046875,-0.8814893188476562,-0.38356697387695315,0.0
,2066,,,,,-55.169677734375,-42.48046875,-0.8791069152832032,-0.42251409301757814,0.0
,2067,,,,,-57.9345703125,-47.259521484375,-0.8562151245117188,-0.4894285583496094,0.0
,2068,,,,,-46.9940185546875,-47.259521484375,-0.8115709533691406,-0.47927744750976564,0.0
,2069,,,,,-48.6419677734375,-50.1251220703125,-0.8176823364257813,-0.5447417541503906,0.0
,2070,,,,,-36.8316650390625,-54.08935546875,-0.8098100463867188,-0.5741592590332032,0.0
,2071,,,,,-38.873291015625,-57.623291015625,-0.7634049682617188,-0.598397625732422,0.0
,2072,,,,,-26.40380859375,-61.138916015625,-0.7472460571289062,-0.6278151306152344,0.0
,2073,,,,,-28.5369873046875,-64.8284912109375,-0.70104814453125,-0.6656228393554687,0.0
,2074,,,,,-17.7520751953125,-68.2891845703125,-0.6161102783203125,-0.6722521362304688,0.0
,2075,,,,,-18.951416015625,-70.367431640625,-0.5652511413574219,-0.713478076171875,0.0
,2076,,,,,-8.2672119140625,-72.015380859375,-0.5221607116699218,-0.7602974853515625,0.0
,2077,,,,,-9.2559814453125,-73.7274169921875,-0.47088724365234375,-0.8043201599121094,0.0
,2078,,,,,-0.84228515625,-74.9267578125,-0.38750311889648437,-0.821307733154297,0.0
,2079,,,,,-0.9246826171875,-75.0640869140625,-0.31644534301757815,-0.8281441955566406,0.0
,2080,,,,,6.005859375,-74.835205078125,-0.2528455261230469,-0.846064013671875,0.0
,2081,,,,,6.134033203125,-74.615478515625,-0.16552525634765625,-0.8555936279296875,0.0
,2082,,,,,11.627197265625,-73.6907958984375,-0.08804534912109375,-0.854350634765625,0.0
,2083,,,,,12.26806640625,-72.5830078125,-0.033250067138671874,-0.8704059631347657,0.0
,2084,,,,,17.7337646484375,-70.9075927734375,0.028796008300781252,-0.8697844665527344,0.0
,2085,,,,,19.024658203125,-68.6737060546875,0.04329759521484375,-0.8866684570312501,0.0
,2086,,,,,24.5819091796875,-66.2109375,0.09964661865234375,-0.8837681396484375,0.0
,2087,,,,,29.5806884765625,-64.1143798828125,0.13911165161132813,-0.8733062805175782,0.0
,2088,,,,,34.8175048828125,-62.14599609375,0.1955642578125,-0.8515539001464844,0.0
,2089,,,,,39.9169921875,-60.1318359375,0.20923718261718752,-0.8429565307617187,0.0
,2090,,,,,47.05810546875,-55.078125,0.25854257812500003,-0.8200647399902344,0.0
,2091,,,,,50.4180908203125,-55.078125,0.30474049072265624,-0.7755241516113281,0.0
,2092,,,,,55.55419921875,-50.537109375,0.3546673828125,-0.7476603881835938,0.0
,2093,,,,,57.476806640625,-50.537109375,0.38304906005859374,-0.7477639709472657,0.0
,2094,,,,,63.006591796875,-43.8720703125,0.4841458374023438,-0.6944188476562501,0.0
,2095,,,,,63.90380859375,-43.8720703125,0.5349013916015625,-0.6434561279296875,0.0
,2096,,,,,67.5018310546875,-38.323974609375,0.6162138610839843,-0.5868999389648437,0.0
,2097,,,,,67.3828125,-38.323974609375,0.67453095703125,-0.5295150878906251,0.0
,2098,,,,,69.7906494140625,-33.0596923828125,0.7475568054199219,-0.4985438415527344,0.0
,2099,,,,,68.609619140625,-33.0596923828125,0.7787352172851563,-0.48331717529296875,0.0
,2100,,,,,70.6787109375,-26.91650390625,0.8300086853027344,-0.44540588378906254,0.0
,2101,,,,,68.6920166015625,-26.91650390625,0.8690593872070312,-0.40925549926757815,0.0
,2102,,,,,73.828125,-14.1082763671875,0.8771388427734376,-0.3849135498046875,0.0
,2103,,,,,70.2667236328125,-14.1082763671875,0.9177432861328125,-0.3435840270996094,0.0
,2104,,,,,73.53515625,-2.7008056640625,0.9283087280273438,-0.31302711181640624,0.0
,2105,,,,,71.0540771484375,-2.7008056640625,0.9295517211914063,-0.27988062744140624,0.0
,2106,,,,,75.5126953125,9.11865234375,0.9138071411132813,-0.21638439331054687,0.0
,2107,,,,,68.6920166015625,9.11865234375,0.938874169921875,-0.14770902099609376,0.0
,2108,,,,,74.212646484375,18.6767578125,0.9412565734863282,-0.06732879638671875,0.0
,2109,,,,,68.5546875,18.6767578125,0.9435353942871094,-0.004454058837890625,0.0
,2110,,,,,73.919677734375,27.960205078125,0.9172253723144531,0.06080308227539063,0.0
,2111,,,,,65.1397705078125,27.960205078125,0.9616623779296876,0.14263346557617188,0.0
,2112,,,,,69.873046875,36.1724853515625,0.9341093627929687,0.19991473388671877,0.0
,2113,,,,,61.6607666015625,36.1724853515625,0.9349380249023438,0.2578174987792969,0.0
,2114,,,,,64.4439697265625,40.997314453125,0.9240618347167969,0.3219352294921875,0.0
,2115,,,,,57.110595703125,40.997314453125,0.9058312683105469,0.38646729125976564,0.0
,2116,,,,,60.2783203125,46.490478515625,0.9171217895507813,0.4644651123046875,0.0
,2117,,,,,52.9998779296875,46.490478515625,0.9051061889648437,0.5007190795898437,0.0
,2118,,,,,55.682373046875,51.1505126953125,0.8791069152832032,0.5407020263671876,0.0
,2119,,,,,41.8487548828125,51.1505126953125,0.8196504089355469,0.5422557678222656,0.0
,2120,,,,,19.482421875,55.096435546875,0.8437851928710938,0.6030588500976563,0.0
,2121,,,,,30.9722900390625,59.06982421875,0.7881612487792969,0.5874178527832031,0.0
,2122,,,,,32.8582763671875,62.3199462890625,0.7648551269531251,0.6234646545410156,0.0
,2123,,,,,20.8831787109375,65.8721923828125,0.6915185302734376,0.6522606628417968,0.0
,2124,,,,,22.833251953125,69.25048828125,0.6518463317871094,0.6920364440917969,0.0
,2125,,,,,12.9180908203125,71.6766357421875,0.5794419799804688,0.6683159912109375,0.0
,2126,,,,,13.916015625,73.406982421875,0.5572752685546876,0.72425068359375,0.0
,2127,,,,,4.0008544921875,74.688720703125,0.4445772216796875,0.7477639709472657,0.0
,2128,,,,,4.7607421875,76.007080078125,0.40386919555664064,0.8084634704589844,0.0
,2129,,,,,-3.314208984375,76.64794921875,0.3332257507324219,0.8434744445800781,0.0
,2130,,,,,-3.2501220703125,76.7486572265625,0.2806057067871094,0.88335380859375,0.0
,2131,,,,,-7.8643798828125,76.556396484375,0.1790945983886719,0.8928834228515625,0.0
,2132,,,,,-8.5052490234375,75.4486083984375,0.1205703369140625,0.9119426513671876,0.0
,2133,,,,,-13.7969970703125,73.9471435546875,0.07126494140625,0.9398064147949219,0.0
,2134,,,,,-14.7674560546875,72.2625732421875,0.04381550903320312,0.9671522644042969,0.0
,2135,,,,,-17.5872802734375,70.0836181640625,-0.04951256103515625,0.9443640563964844,0.0
,2136,,,,,-23.309326171875,67.987060546875,-0.10586158447265626,0.9074885925292969,0.0
,2137,,,,,-29.18701171875,65.9912109375,-0.11994884033203125,0.9150501342773438,0.0
,2138,,,,,-34.423828125,64.0869140625,-0.16127836303710938,0.8803499084472657,0.0
,2139,,,,,-41.3543701171875,59.051513671875,-0.23886185302734375,0.8332197509765625,0.0
,2140,,,,,-45.2545166015625,59.051513671875,-0.30329033203125,0.8069097290039062,0.0
,2141,,,,,-51.287841796875,54.3914794921875,-0.3683403076171875,0.7826713623046875,0.0
,2142,,,,,-53.741455078125,54.3914794921875,-0.4362906005859375,0.7306728149414062,0.0
,2143,,,,,-58.6212158203125,49.6124267578125,-0.47554846801757816,0.7001158996582032,0.0
,2144,,,,,-60.0677490234375,49.6124267578125,-0.5364551330566406,0.6711127258300782,0.0
,2145,,,,,-65.29541015625,42.1783447265625,-0.6109311401367188,0.6428346313476563,0.0
,2146,,,,,-65.093994140625,42.1783447265625,-0.6669694152832032,0.6083415710449219,0.0
,2147,,,,,-68.1243896484375,36.273193359375,-0.72425068359375,0.5535462890625,0.0
,2148,,,,,-67.41943359375,36.273193359375,-0.7810140380859375,0.5134597595214844,0.0
,2149,,,,,-70.1019287109375,29.205322265625,-0.8354985717773438,0.4788631164550781,0.0
,2150,,,,,-68.1610107421875,29.205322265625,-0.8651232421875,0.45472833251953126,0.0
,2151,,,,,-71.30126953125,20.6451416015625,-0.9006521301269531,0.4147453857421875,0.0
,2152,,,,,-68.8201904296875,20.6451416015625,-0.9135999755859375,0.4028333679199219,0.0
,2153,,,,,-73.370361328125,8.7890625,-0.9416709045410157,0.34420552368164065,0.0
,2154,,,,,-80.67626953125,-8.8165283203125,-0.9672558471679688,0.30660498046875,0.0
,2155,,,,,-74.4415283203125,-3.0120849609375,-0.9748173889160157,0.24062276000976562,0.0
,2156,,,,,-69.2047119140625,-3.0120849609375,-0.9677737609863282,0.2238423522949219,0.0
,2157,,,,,-75.8148193359375,-14.4561767578125,-0.976267547607422,0.14574094848632813,0.0
,2158,,,,,-68.2159423828125,-14.4561767578125,-0.9689131713867187,0.11093713989257813,0.0
,2159,,,,,-73.9837646484375,-24.4537353515625,-0.9498539428710938,0.03293931884765625,0.0
,2160,,,,,-66.97998046875,-24.4537353515625,-0.9408422424316406,-0.024031201171875002,0.0
,2161,,,,,-72.491455078125,-33.9935302734375,-0.9599014709472656,-0.12378140258789062,0.0
,2162,,,,,-62.8143310546875,-33.9935302734375,-0.9318305419921875,-0.15195591430664063,0.0
,2163,,,,,-66.9158935546875,-41.0980224609375,-0.9489216979980469,-0.20571536865234374,0.0
,2164,,,,,-58.7127685546875,-41.0980224609375,-0.9273764831542969,-0.2640324645996094,0.0
,2165,,,,,-61.19384765625,-45.391845703125,-0.9218865966796875,-0.3622289245605469,0.0
,2166,,,,,-54.01611328125,-45.391845703125,-0.8811785705566406,-0.39786139526367187,0.0
,2167,,,,,-57.0556640625,-50.6561279296875,-0.8457532653808594,-0.46477586059570314,0.0
,2168,,,,,-48.0743408203125,-50.6561279296875,-0.8397454650878906,-0.4954363586425781,0.0
,2169,,,,,-49.03564453125,-52.3223876953125,-0.8248295471191407,-0.556032275390625,0.0
,2170,,,,,-36.62109375,-56.2225341796875,-0.7908544006347656,-0.5578967651367188,0.0
,2171,,,,,-38.836669921875,-60.0494384765625,-0.7708629272460937,-0.5964295532226562,0.0
,2172,,,,,-27.1636962890625,-63.2171630859375,-0.7212467834472657,-0.6101024780273437,0.0
,2173,,,,,-29.132080078125,-66.632080078125,-0.6651049255371094,-0.6357910034179688,0.0
,2174,,,,,-16.973876953125,-69.8822021484375,-0.6261578063964844,-0.6542287353515626,0.0
,2175,,,,,-18.49365234375,-72.5189208984375,-0.5797527282714844,-0.7142031555175782,0.0
,2176,,,,,-9.7412109375,-74.1943359375,-0.5092128662109375,-0.7335731323242187,0.0
,2177,,,,,-10.7574462890625,-75.9429931640625,-0.4560749084472656,-0.7741775756835938,0.0
,2178,,,,,-1.1444091796875,-77.2430419921875,-0.3827383117675781,-0.7941690490722656,0.0
,2179,,,,,-1.483154296875,-77.838134765625,-0.3016330078125,-0.8243116333007813,0.0
,2180,,,,,2.8656005859375,-77.5360107421875,-0.23565078735351563,-0.8646053283691406,0.0
,2181,,,,,3.1036376953125,-77.1240234375,-0.14429078979492188,-0.8719597045898437,0.0
,2182,,,,,9.9334716796875,-76.3458251953125,-0.06318548583984375,-0.8749636047363282,0.0
,2183,,,,,10.6292724609375,-75.146484375,-0.0343894775390625,-0.9036560302734375,0.0
,2184,,,,,15.9576416015625,-73.5076904296875,0.04340117797851563,-0.9042775268554688,0.0
,2185,,,,,16.9281005859375,-71.8231201171875,0.0725079345703125,-0.9105960754394532,0.0
,2186,,,,,21.78955078125,-70.0927734375,0.12036317138671876,-0.9096638305664063,0.0
,2187,,,,,28.179931640625,-67.510986328125,0.12357423706054688,-0.9041739440917969,0.0
,2188,,,,,34.4970703125,-64.7735595703125,0.16417868041992187,-0.8822143981933595,0.0
,2189,,,,,39.29443359375,-62.7960205078125,0.21742022094726562,-0.8698880493164063,0.0
,2190,,,,,45.7672119140625,-57.6873779296875,0.31623817749023436,-0.8197539916992188,0.0
,2191,,,,,49.0447998046875,-57.6873779296875,0.34907391357421874,-0.804630908203125,0.0
,2192,,,,,54.7119140625,-52.093505859375,0.3899891052246094,-0.8064953979492188,0.0
,2193,,,,,56.1126708984375,-52.093505859375,0.4351511901855469,-0.7692056030273438,0.0
,2194,,,,,60.882568359375,-45.428466796875,0.5280649291992188,-0.7161712280273438,0.0
,2195,,,,,61.4501953125,-45.428466796875,0.5990191223144531,-0.6797100952148438,0.0
,2196,,,,,66.5771484375,-37.3077392578125,0.6617902770996094,-0.6414880554199219,0.0
,2197,,,,,66.412353515625,-37.3077392578125,0.7239399353027344,-0.5767488281250001,0.0
,2198,,,,,68.206787109375,-33.3709716796875,0.7676518615722656,-0.53200107421875,0.0
,2199,,,,,67.2821044921875,-33.3709716796875,0.8010055114746094,-0.5020656555175781,0.0
,2200,,,,,70.2484130859375,-26.0284423828125,0.8525897277832032,-0.4489276977539063,0.0
,2201,,,,,68.426513671875,-26.0284423828125,0.8784854187011719,-0.42582874145507815,0.0
,2202,,,,,72.7203369140625,-15.032958984375,0.8821108154296875,-0.40811608886718753,0.0
,2203,,,,,69.9737548828125,-15.032958984375,0.9134963928222657,-0.3561175415039063,0.0
,2204,,,,,76.666259765625,1.995849609375,0.9282051452636719,-0.32245314331054686,0.0
,2205,,,,,73.5626220703125,1.995849609375,0.9273764831542969,-0.2871314208984375,0.0
,2206,,,,,75.5767822265625,10.1898193359375,0.9069706787109375,-0.2432123291015625,0.0
,2207,,,,,68.5546875,10.1898193359375,0.9489216979980469,-0.18800271606445312,0.0
,2208,,,,,75.18310546875,21.6705322265625,0.9327627868652344,-0.12999636840820314,0.0
,2209,,,,,68.023681640625,21.6705322265625,0.9331771179199219,-0.058938592529296875,0.0
,2210,,,,,72.967529296875,30.230712890625,0.9133928100585937,0.014812335205078126,0.0
,2211,,,,,64.5263671875,30.230712890625,0.9346272766113282,0.09498539428710938,0.0
,2212,,,,,69.61669921875,39.0472412109375,0.9290338073730469,0.17868026733398437,0.0
,2213,,,,,61.431884765625,39.0472412109375,0.9345236938476563,0.24103709106445315,0.0
,2214,,,,,63.7481689453125,43.048095703125,0.9027237854003907,0.2869242553710938,0.0
,2215,,,,,56.72607421875,43.048095703125,0.8853218811035156,0.3437911926269531,0.0
,2216,,,,,60.2691650390625,49.1729736328125,0.8738241943359375,0.41671345825195316,0.0
,2217,,,,,52.9449462890625,49.1729736328125,0.8623265075683594,0.4656045227050781,0.0
,2218,,,,,55.352783203125,53.3477783203125,0.8708202941894532,0.5465026611328125,0.0
,2219,,,,,41.912841796875,53.3477783203125,0.8223435607910157,0.5532355407714844,0.0
,2220,,,,,21.6156005859375,56.707763671875,0.8026628356933594,0.5910432495117187,0.0
,2221,,,,,31.7962646484375,60.2783203125,0.7558434265136719,0.5959116394042969,0.0
,2222,,,,,33.6273193359375,63.446044921875,0.7520108642578125,0.640555810546875,0.0
,2223,,,,,22.22900390625,66.4947509765625,0.6494639282226563,0.645527783203125,0.0
,2224,,,,,23.91357421875,69.4244384765625,0.6056484191894531,0.6705948120117188,0.0
,2225,,,,,14.8223876953125,71.9329833984375,0.516256494140625,0.6626189392089844,0.0
,2226,,,,,15.8843994140625,73.773193359375,0.468194091796875,0.7361627014160157,0.0
,2227,,,,,6.793212890625,75.311279296875,0.4053193542480469,0.8027664184570312,0.0
,2228,,,,,7.379150390625,76.318359375,0.38967835693359376,0.8762065979003907,0.0
,2229,,,,,1.3641357421875,76.5472412109375,0.25750675048828126,0.854454217529297,0.0
,2230,,,,,1.190185546875,76.226806640625,0.19494276123046875,0.8819036499023438,0.0
,2231,,,,,-3.900146484375,75.62255859375,0.12740679931640625,0.8973374816894532,0.0
,2232,,,,,-4.486083984375,74.6246337890625,0.09498539428710938,0.9307947143554688,0.0
,2233,,,,,-10.601806640625,73.1689453125,0.048891064453125,0.9558617431640626,0.0
,2234,,,,,-11.444091796875,71.7132568359375,0.002589569091796875,0.9464357116699219,0.0
,2235,,,,,-19.3634033203125,69.598388671875,-0.06991836547851563,0.9260299072265625,0.0
,2236,,,,,-20.7550048828125,67.1905517578125,-0.1114550537109375,0.9175361206054687,0.0
,2237,,,,,-26.6326904296875,64.9017333984375,-0.14511945190429687,0.9081100891113282,0.0
,2238,,,,,-31.732177734375,62.51220703125,-0.1728796325683594,0.8769316772460938,0.0
,2239,,,,,-38.4246826171875,57.9254150390625,-0.22777849731445313,0.8429565307617187,0.0
,2240,,,,,-42.66357421875,57.9254150390625,-0.29262130737304687,0.8053559875488282,0.0
,2241,,,,,-48.394775390625,53.61328125,-0.3500061584472656,0.7808068725585938,0.0
,2242,,,,,-50.57373046875,53.61328125,-0.42354992065429686,0.7394773498535157,0.0
,2243,,,,,-55.99365234375,48.065185546875,-0.46891917114257814,0.7104741760253906,0.0
,2244,,,,,-57.696533203125,48.065185546875,-0.5074519592285156,0.6816781677246094,0.0
,2245,,,,,-62.6861572265625,41.400146484375,-0.5814100524902344,0.6334085998535156,0.0
,2246,,,,,-62.9241943359375,41.400146484375,-0.6490495971679687,0.6003656982421876,0.0
,2247,,,,,-67.34619140625,33.2611083984375,-0.7144103210449219,0.5461919128417969,0.0
,2248,,,,,-66.6595458984375,33.2611083984375,-0.7520108642578125,0.5307580810546875,0.0
,2249,,,,,-68.975830078125,27.7313232421875,-0.801316259765625,0.4819705993652344,0.0
,2250,,,,,-67.4102783203125,27.7313232421875,-0.8313552612304688,0.4621862915039063,0.0
,2251,,,,,-70.147705078125,20.0225830078125,-0.8439923583984376,0.42976488647460936,0.0
,2252,,,,,-90.985107421875,-20.050048828125,-0.8608763488769532,0.41215581665039064,0.0
,2253,,,,,-80.4473876953125,-7.03125,-0.9031381164550781,0.3507312377929688,0.0
,2254,,,,,-77.545166015625,-7.03125,-0.9181576171875,0.3340544128417969,0.0
,2255,,,,,-74.3316650390625,-5.621337890625,-0.9137035583496094,0.27780897216796874,0.0
,2256,,,,,-67.218017578125,-5.621337890625,-0.9166038757324219,0.2551243469238281,0.0
,2257,,,,,-73.6358642578125,-16.7449951171875,-0.9241654174804688,0.16842557373046876,0.0
,2258,,,,,-67.5567626953125,-16.7449951171875,-0.8881186157226563,0.15640997314453126,0.0
,2259,,,,,-73.3795166015625,-26.84326171875,-0.8958873229980469,0.05438095092773438,0.0
,2260,,,,,-65.606689453125,-26.84326171875,-0.8832502258300782,0.02175238037109375,0.0
,2261,,,,,-70.20263671875,-34.808349609375,-0.9114247375488281,-0.09011700439453126,0.0
,2262,,,,,-63.2080078125,-34.808349609375,-0.8911225158691407,-0.131757275390625,0.0
,2263,,,,,-66.76025390625,-40.97900390625,-0.9072814270019531,-0.20861568603515626,0.0
,2264,,,,,-59.088134765625,-40.97900390625,-0.8580796142578125,-0.2590604919433594,0.0
,2265,,,,,-61.541748046875,-45.2362060546875,-0.8191324951171876,-0.33902638549804687,0.0
,2266,,,,,-56.06689453125,-45.2362060546875,-0.8108458740234376,-0.3991043884277344,0.0
,2267,,,,,-59.0423583984375,-50.3997802734375,-0.812917529296875,-0.4695406677246094,0.0
,2268,,,,,-47.6806640625,-50.3997802734375,-0.7737632446289062,-0.48549241333007814,0.0
,2269,,,,,-49.090576171875,-52.84423828125,-0.7490069641113282,-0.5306544982910156,0.0
,2270,,,,,-38.287353515625,-56.011962890625,-0.7470388916015626,-0.5652511413574219,0.0
,2271,,,,,-40.2740478515625,-59.454345703125,-0.7161712280273438,-0.5969474670410156,0.0
,2272,,,,,-27.740478515625,-63.702392578125,-0.6787778503417969,-0.5952901428222657,0.0
,2273,,,,,-29.9652099609375,-67.547607421875,-0.6303011169433594,-0.6376554931640626,0.0
,2274,,,,,-20.379638671875,-70.0103759765625,-0.5612114135742188,-0.6637583496093751,0.0
,2275,,,,,-21.7529296875,-72.381591796875,-0.5188460632324219,-0.7061236999511719,0.0
,2276,,,,,-11.7828369140625,-74.4415283203125,-0.4702657470703125,-0.7559470092773438,0.0
,2277,,,,,-12.4237060546875,-75.54931640625,-0.4075981750488281,-0.7936511352539063,0.0
,2278,,,,,-4.6417236328125,-75.897216796875,-0.34120162353515626,-0.8148856018066406,0.0
,2279,,,,,-4.705810546875,-75.9979248046875,-0.26082139892578127,-0.8275226989746094,0.0
,2280,,,,,1.4190673828125,-75.6866455078125,-0.1944248474121094,-0.8530040588378907,0.0
,2281,,,,,1.812744140625,-74.9908447265625,-0.14035464477539064,-0.8795212463378906,0.0
,2282,,,,,6.9488525390625,-74.322509765625,-0.05769559936523438,-0.8850111328125,0.0
,2283,,,,,7.4798583984375,-73.3978271484375,0.00766512451171875,-0.8887401123046875,0.0
,2284,,,,,14.2181396484375,-71.5301513671875,0.0484767333984375,-0.9075921752929688,0.0
,2285,,,,,15.5181884765625,-69.2779541015625,0.06670729980468751,-0.910699658203125,0.0
,2286,,,,,21.4599609375,-67.3004150390625,0.10254693603515626,-0.9109068237304688,0.0
,2287,,,,,26.7425537109375,-65.7257080078125,0.10120036010742188,-0.9146358032226563,0.0
,2288,,,,,32.3455810546875,-63.5101318359375,0.17453695678710937,-0.8851147155761719,0.0
,2289,,,,,38.4979248046875,-60.8642578125,0.19680725097656251,-0.8690593872070312,0.0
,2290,,,,,45.574951171875,-55.70068359375,0.24963446044921875,-0.846167596435547,0.0
,2291,,,,,48.3123779296875,-55.70068359375,0.3002864318847656,-0.8199611572265625,0.0
,2292,,,,,54.1259765625,-49.896240234375,0.35539246215820314,-0.7911651489257813,0.0
,2293,,,,,56.3232421875,-49.896240234375,0.391957177734375,-0.7741775756835938,0.0
,2294,,,,,61.7523193359375,-43.4051513671875,0.47927744750976564,-0.7336767150878907,0.0
,2295,,,,,62.51220703125,-43.4051513671875,0.5571716857910156,-0.6796065124511719,0.0
,2296,,,,,67.2821044921875,-35.5224609375,0.6384841552734375,-0.6230503234863282,0.0
,2297,,,,,66.8426513671875,-35.5224609375,0.6904827026367187,-0.5600720031738281,0.0
,2298,,,,,69.873046875,-29.2327880859375,0.7131673278808593,-0.5429808471679688,0.0
,2299,,,,,68.73779296875,-29.2327880859375,0.7463138122558594,-0.5082806213378906,0.0
,2300,,,,,71.22802734375,-22.9156494140625,0.8034914978027344,-0.44602738037109374,0.0
,2301,,,,,69.305419921875,-22.9156494140625,0.8639838317871094,-0.41598837890625,0.0
,2302,,,,,73.114013671875,-11.9842529296875,0.8909153503417969,-0.3766269287109375,0.0
,2303,,,,,70.3125,-11.9842529296875,0.8982697265625,-0.3425481994628906,0.0
,2304,,,,,76.6845703125,3.55224609375,0.8855290466308594,-0.3327078369140625,0.0
,2305,,,,,73.3245849609375,3.55224609375,0.9302768005371094,-0.2826773620605469,0.0
,2306,,,,,75.0,11.7828369140625,0.9084208374023438,-0.24259083251953126,0.0
,2307,,,,,68.8934326171875,11.7828369140625,0.9017915405273438,-0.19224960937500002,0.0
,2308,,,,,74.6063232421875,21.6705322265625,0.9003413818359375,-0.11321596069335937,0.0
,2309,,,,,68.0877685546875,21.6705322265625,0.9054169372558594,-0.036357550048828124,0.0
,2310,,,,,73.7274169921875,31.439208984375,0.8841824707031251,0.021855963134765625,0.0
,2311,,,,,66.668701171875,31.439208984375,0.9124605651855469,0.10865831909179688,0.0
,2312,,,,,70.9442138671875,38.85498046875,0.8813857360839844,0.17919818115234376,0.0
,2313,,,,,62.347412109375,38.85498046875,0.8845968017578125,0.26568978881835936,0.0
,2314,,,,,64.7918701171875,43.0938720703125,0.869266552734375,0.33291500244140626,0.0
,2315,,,,,60.479736328125,43.0938720703125,0.8720632873535157,0.3993115539550781,0.0
,2316,,,,,62.896728515625,47.2869873046875,0.8705095458984375,0.47389114379882813,0.0
,2317,,,,,54.19921875,47.2869873046875,0.8405741271972657,0.5023764038085937,0.0
,2318,,,,,57.6507568359375,53.265380859375,0.8473070068359375,0.5668048828125,0.0
,2319,,,,,44.970703125,53.265380859375,0.814574853515625,0.5603827514648437,0.0
,2320,,,,,18.402099609375,56.524658203125,0.7828785278320313,0.5940471496582032,0.0
,2321,,,,,31.1737060546875,60.24169921875,0.7156533142089844,0.59663671875,0.0
,2322,,,,,33.3526611328125,64.0228271484375,0.7064344482421875,0.6523642456054688,0.0
,2323,,,,,25.0579833984375,67.41943359375,0.610723974609375,0.6425238830566407,0.0
,2324,,,,,26.47705078125,69.873046875,0.6225324096679687,0.6978370788574219,0.0
,2325,,,,,16.2506103515625,71.759033203125,0.5421521850585937,0.7277724975585937,0.0
,2326,,,,,17.2943115234375,73.5809326171875,0.4952291931152344,0.7906472351074219,0.0
,2327,,,,,8.5235595703125,74.6337890625,0.4119486511230469,0.8148856018066406,0.0
,2328,,,,,8.8165283203125,75.1373291015625,0.391957177734375,0.8744456909179688,0.0
,2329,,,,,0.018310546875,75.347900390625,0.29137831420898436,0.8701987976074219,0.0
,2330,,,,,0.018310546875,75.347900390625,0.2456983154296875,0.9110104064941407,0.0
,2331,,,,,-4.6875,75.03662109375,0.19007437133789062,0.9358702697753907,0.0
,2332,,,,,-5.0628662109375,74.37744140625,0.1413904724121094,0.9561724914550781,0.0
,2333,,,,,-12.48779296875,73.3428955078125,0.060595916748046874,0.9533757568359376,0.0
,2334,,,,,-13.2568359375,72.0062255859375,0.018126983642578125,0.9520291809082032,0.0
,2335,,,,,-20.159912109375,69.98291015625,-0.036771881103515626,0.9451927185058594,0.0
,2336,,,,,-21.3134765625,67.987060546875,-0.07199002075195313,0.9353523559570313,0.0
,2337,,,,,-26.9622802734375,65.716552734375,-0.09550330810546875,0.9401171630859375,0.0
,2338,,,,,-33.5357666015625,62.823486328125,-0.13786865844726562,0.9293445556640625,0.0
,2339,,,,,-41.619873046875,56.5704345703125,-0.18541314697265626,0.9111139892578125,0.0
,2340,,,,,-44.86083984375,56.5704345703125,-0.24642339477539063,0.8657447387695313,0.0
,2341,,,,,-50.6103515625,51.910400390625,-0.29997568359375,0.8276262817382812,0.0
,2342,,,,,-53.192138671875,51.910400390625,-0.36160742797851564,0.7829821105957031,0.0
,2343,,,,,-59.5367431640625,45.3643798828125,-0.4396052490234375,0.7339874633789063,0.0
,2344,,,,,-61.212158203125,45.3643798828125,-0.5020656555175781,0.6955582580566406,0.0
,2345,,,,,-65.460205078125,39.22119140625,-0.5561358581542969,0.6462528625488282,0.0
,2346,,,,,-65.899658203125,39.22119140625,-0.6001585327148438,0.616524609375,0.0
,2347,,,,,-70.953369140625,30.853271484375,-0.6657264221191407,0.5767488281250001,0.0
,2348,,,,,-70.34912109375,30.853271484375,-0.7426884155273438,0.5152206665039063,0.0
,2349,,,,,-71.8597412109375,26.8157958984375,-0.7882648315429688,0.45441758422851564,0.0
,2350,,,,,-70.42236328125,26.8157958984375,-0.8246223815917969,0.4396052490234375,0.0
,2351,,,,,-73.42529296875,18.017578125,-0.855179296875,0.39775781250000003,0.0
,2352,,,,,-91.7633056640625,-18.0450439453125,-0.8672984802246094,0.39982946777343753,0.0
,2353,,,,,-82.763671875,-6.610107421875,-0.9089387512207031,0.3365403991699219,0.0
,2354,,,,,-80.126953125,-6.610107421875,-0.9038631958007812,0.3218316467285156,0.0
,2355,,,,,-77.01416015625,-5.9051513671875,-0.9242690002441406,0.24538756713867188,0.0
,2356,,,,,-70.074462890625,-5.9051513671875,-0.9179504516601563,0.21193033447265625,0.0
,2357,,,,,-76.3458251953125,-16.7633056640625,-0.9137035583496094,0.14781260375976563,0.0
,2358,,,,,-70.4681396484375,-16.7633056640625,-0.9056241027832032,0.10461859130859376,0.0
,2359,,,,,-76.3092041015625,-26.898193359375,-0.9414637390136719,-0.00849378662109375,0.0
,2360,,,,,-68.9300537109375,-26.898193359375,-0.9242690002441406,-0.05085913696289063,0.0
,2361,,,,,-73.297119140625,-34.4512939453125,-0.932244873046875,-0.1388009033203125,0.0
,2362,,,,,-66.7327880859375,-34.4512939453125,-0.8928834228515625,-0.15257741088867188,0.0
,2363,,,,,-69.8822021484375,-39.898681640625,-0.8954729919433594,-0.24466248779296876,0.0
,2364,,,,,-63.02490234375,-39.898681640625,-0.8640874145507813,-0.29334638671875,0.0
,2365,,,,,-66.156005859375,-45.3277587890625,-0.8540398864746094,-0.3859493774414063,0.0
,2366,,,,,-59.893798828125,-45.3277587890625,-0.8578724487304688,-0.43152579345703124,0.0
,2367,,,,,-61.944580078125,-48.870849609375,-0.8555936279296875,-0.5026871520996093,0.0
,2368,,,,,-48.980712890625,-48.870849609375,-0.8197539916992188,-0.5225750427246094,0.0
,2369,,,,,-50.885009765625,-52.166748046875,-0.817164422607422,-0.5826530456542969,0.0
,2370,,,,,-38.96484375,-56.1126708984375,-0.80711689453125,-0.6128992126464844,0.0
,2371,,,,,-40.887451171875,-59.43603515625,-0.7642336303710938,-0.6477030212402344,0.0
,2372,,,,,-28.3538818359375,-62.8143310546875,-0.7504571228027344,-0.6771205261230469,0.0
,2373,,,,,-30.4779052734375,-66.485595703125,-0.7108885070800781,-0.7158604797363282,0.0
,2374,,,,,-20.452880859375,-69.2230224609375,-0.6357910034179688,-0.7438278259277344,0.0
,2375,,,,,-21.6064453125,-71.2188720703125,-0.56846220703125,-0.7725202514648438,0.0
,2376,,,,,-11.407470703125,-73.0499267578125,-0.5194675598144531,-0.7919938110351563,0.0
,2377,,,,,-12.4053955078125,-74.7894287109375,-0.4642579467773438,-0.8296979370117188,0.0
,2378,,,,,-3.8909912109375,-75.567626953125,-0.38729595336914063,-0.8679199768066407,0.0
,2379,,,,,-3.936767578125,-75.6317138671875,-0.3000792663574219,-0.8746528564453125,0.0
,2380,,,,,3.7445068359375,-75.567626953125,-0.25212044677734374,-0.9000306335449219,0.0
,2381,,,,,4.06494140625,-75.0091552734375,-0.16997931518554688,-0.9005485473632813,0.0
,2382,,,,,10.1531982421875,-74.0936279296875,-0.08814893188476562,-0.908213671875,0.0
,2383,,,,,10.7757568359375,-73.0224609375,-0.051687799072265624,-0.9424995666503907,0.0
,2384,,,,,16.534423828125,-71.4935302734375,0.01263709716796875,-0.93307353515625,0.0
,2385,,,,,17.4224853515625,-69.9554443359375,0.035736053466796876,-0.9491288635253906,0.0
,2386,,,,,22.9156494140625,-67.3004150390625,0.09995736694335938,-0.9469536254882813,0.0
,2387,,,,,28.875732421875,-64.324951171875,0.11445895385742187,-0.9327627868652344,0.0
,2388,,,,,34.16748046875,-61.70654296875,0.16138194580078125,-0.9253048278808594,0.0
,2389,,,,,39.8345947265625,-59.197998046875,0.1919388610839844,-0.9158787963867188,0.0
,2390,,,,,47.625732421875,-52.6702880859375,0.25243119506835937,-0.8878078674316406,0.0
,2391,,,,,50.830078125,-52.6702880859375,0.28226303100585937,-0.8638802490234375,0.0
,2392,,,,,56.4605712890625,-47.27783203125,0.34948824462890626,-0.8300086853027344,0.0
,2393,,,,,58.2366943359375,-47.27783203125,0.39589332275390626,-0.7886791625976562,0.0
,2394,,,,,63.555908203125,-40.667724609375,0.48217776489257813,-0.7340910461425781,0.0
,2395,,,,,64.4989013671875,-40.667724609375,0.5605899169921875,-0.6926579406738281,0.0
,2396,,,,,68.22509765625,-34.82666015625,0.6285402099609375,-0.6409701416015625,0.0
,2397,,,,,68.023681640625,-34.82666015625,0.6667622497558594,-0.604094677734375,0.0
,2398,,,,,70.2850341796875,-30.1483154296875,0.7322265563964844,-0.5516817993164063,0.0
,2399,,,,,69.085693359375,-30.1483154296875,0.7809104553222657,-0.5046552246093751,0.0
,2400,,,,,71.22802734375,-24.0234375,0.8199611572265625,-0.4675725952148438,0.0
,2401,,,,,69.122314453125,-24.0234375,0.8587011108398438,-0.42541441040039063,0.0
,2402,,,,,73.7823486328125,-11.75537109375,0.8751707702636718,-0.4025226196289063,0.0
,2403,,,,,70.9625244140625,-11.75537109375,0.8910189331054688,-0.36564715576171875,0.0
,2404,,,,,76.4739990234375,2.3895263671875,0.8981661437988282,-0.31592742919921873,0.0
,2405,,,,,73.974609375,2.3895263671875,0.9079029235839844,-0.2652754577636719,0.0
,2406,,,,,76.42822265625,11.1419677734375,0.894126416015625,-0.2142091552734375,0.0
,2407,,,,,70.86181640625,11.1419677734375,0.9257191589355469,-0.1359005859375,0.0
,2408,,,,,76.13525390625,20.269775390625,0.9191934448242188,-0.08089813842773438,0.0
,2409,,,,,70.49560546875,20.269775390625,0.9428103149414063,0.0047648071289062505,0.0
,2410,,,,,75.10986328125,28.253173828125,0.9152572998046875,0.08100172119140625,0.0
,2411,,,,,66.6229248046875,28.253173828125,0.9200221069335938,0.13186085815429688,0.0
,2412,,,,,71.4385986328125,36.58447265625,0.9386670043945313,0.20188280639648437,0.0
,2413,,,,,62.8326416015625,36.58447265625,0.9611444641113281,0.2848526000976563,0.0
,2414,,,,,64.9200439453125,40.191650390625,0.9334878662109375,0.35031690673828125,0.0
,2415,,,,,58.3740234375,40.191650390625,0.9145322204589844,0.40428352661132816,0.0
,2416,,,,,61.3861083984375,45.4010009765625,0.9114247375488281,0.483110009765625,0.0
,2417,,,,,53.3843994140625,45.4010009765625,0.8976482299804688,0.519571142578125,0.0
,2418,,,,,55.9478759765625,49.8321533203125,0.8844932189941407,0.5728126831054687,0.0
,2419,,,,,41.986083984375,49.8321533203125,0.8249331298828125,0.5785097351074219,0.0
,2420,,,,,17.9443359375,53.9886474609375,0.8376738098144532,0.64138447265625,0.0
,2421,,,,,30.853271484375,58.5845947265625,0.7728309997558594,0.6310261962890625,0.0
,2422,,,,,32.9498291015625,62.200927734375,0.7505607055664063,0.6671765808105469,0.0
,2423,,,,,23.199462890625,65.716552734375,0.6528821594238281,0.6444919555664063,0.0
,2424,,,,,25.1129150390625,69.0399169921875,0.619114178466797,0.6843713195800781,0.0
,2425,,,,,15.142822265625,71.246337890625,0.5574824340820312,0.6843713195800781,0.0
,2426,,,,,15.93017578125,72.5921630859375,0.5346942260742188,0.768169775390625,0.0
,2427,,,,,6.005859375,73.6358642578125,0.42862547607421875,0.8052524047851563,0.0
,2428,,,,,6.3079833984375,74.1485595703125,0.3923715087890625,0.8592190246582031,0.0
,2429,,,,,-2.3162841796875,74.2584228515625,0.3321899230957031,0.8696808837890625,0.0
,2430,,,,,-2.3345947265625,74.2218017578125,0.2890994934082031,0.901584375,0.0
,2431,,,,,-8.1024169921875,73.8555908203125,0.18261641235351564,0.8886365295410157,0.0
,2432,,,,,-8.3953857421875,73.35205078125,0.138386572265625,0.9228188415527344,0.0
,2433,,,,,-14.3829345703125,71.9512939453125,0.083694873046875,0.9337986145019531,0.0
,2434,,,,,-15.3167724609375,70.3399658203125,0.03987936401367188,0.9358702697753907,0.0
,2435,,,,,-22.6409912109375,68.2159423828125,-0.014190838623046875,0.9284123107910156,0.0
,2436,,,,,-23.822021484375,66.1651611328125,-0.06328906860351563,0.9073850097656251,0.0
,2437,,,,,-28.7933349609375,64.0411376953125,-0.10710457763671875,0.9029309509277345,0.0
,2438,,,,,-34.38720703125,61.907958984375,-0.135071923828125,0.8805570739746094,0.0
,2439,,,,,-42.352294921875,55.9661865234375,-0.19038511962890625,0.8516574829101563,0.0
,2440,,,,,-46.03271484375,55.9661865234375,-0.24745922241210938,0.8059774841308593,0.0
,2441,,,,,-51.910400390625,51.1505126953125,-0.28360960693359377,0.7907508178710938,0.0
,2442,,,,,-54.45556640625,51.1505126953125,-0.3444126892089844,0.7529431091308594,0.0
,2443,,,,,-60.1318359375,45.6756591796875,-0.4351511901855469,0.6926579406738281,0.0
,2444,,,,,-61.9720458984375,45.6756591796875,-0.49222529296875,0.6639655151367188,0.0
,2445,,,,,-65.9820556640625,40.045166015625,-0.5544785339355469,0.6335121826171876,0.0
,2446,,,,,-66.082763671875,40.045166015625,-0.6086523193359376,0.5774739074707032,0.0
,2447,,,,,-69.10400390625,34.332275390625,-0.6738058776855469,0.5126310974121094,0.0
,2448,,,,,-68.44482421875,34.332275390625,-0.7351268737792969,0.4757556335449219,0.0
,2449,,,,,-70.7977294921875,29.150390625,-0.7724166687011719,0.43328670043945317,0.0
,2450,,,,,-69.25048828125,29.150390625,-0.8188217468261719,0.41433105468750003,0.0
,2451,,,,,-72.98583984375,19.3634033203125,-0.8481356689453126,0.38957477416992187,0.0
,2452,,,,,-92.8619384765625,-19.390869140625,-0.8757922668457031,0.364611328125,0.0
,2453,,,,,-84.0911865234375,-8.0841064453125,-0.9161895446777344,0.29572879028320315,0.0
,2454,,,,,-81.8572998046875,-8.0841064453125,-0.915671630859375,0.28526693115234375,0.0
,2455,,,,,-76.1810302734375,-2.9754638671875,-0.9308982971191406,0.2125518310546875,0.0
,2456,,,,,-69.6441650390625,-2.9754638671875,-0.9187791137695313,0.18634539184570312,0.0
,2457,,,,,-76.3824462890625,-14.6484375,-0.9370096801757812,0.10265051879882812,0.0
,2458,,,,,-69.6441650390625,-14.6484375,-0.9307947143554688,0.07468317260742188,0.0
,2459,,,,,-74.6337890625,-23.291015625,-0.9494396118164062,-0.011290521240234375,0.0
,2460,,,,,-66.9158935546875,-23.291015625,-0.9592799743652344,-0.05945650634765625,0.0
,2461,,,,,-72.052001953125,-32.1990966796875,-0.9643555297851563,-0.1454302001953125,0.0
,2462,,,,,-63.9312744140625,-32.1990966796875,-0.9260299072265625,-0.16480017700195312,0.0
,2463,,,,,-67.27294921875,-37.97607421875,-0.9110104064941407,-0.22694983520507814,0.0
,2464,,,,,-59.197998046875,-37.97607421875,-0.8885329467773437,-0.29075681762695316,0.0
,2465,,,,,-62.384033203125,-43.505859375,-0.8895687744140626,-0.39340733642578124,0.0
,2466,,,,,-55.84716796875,-43.505859375,-0.856007958984375,-0.4106020751953125,0.0
,2467,,,,,-58.2366943359375,-47.64404296875,-0.8492750793457031,-0.4787595336914063,0.0
,2468,,,,,-47.5341796875,-47.64404296875,-0.8318731750488282,-0.4894285583496094,0.0
,2469,,,,,-51.5625,-54.6295166015625,-0.7902329040527344,-0.5247502807617188,0.0
,2470,,,,,-37.3626708984375,-54.6295166015625,-0.7772850585937501,-0.5472277404785156,0.0
,2471,,,,,-39.4500732421875,-58.245849609375,-0.7826713623046875,-0.610827557373047,0.0
,2472,,,,,-26.40380859375,-61.798095703125,-0.7699306823730468,-0.656300390625,0.0
,2473,,,,,-28.4912109375,-65.4144287109375,-0.6979406616210938,-0.6713198913574219,0.0
,2474,,,,,-17.7154541015625,-68.7744140625,-0.6369304138183594,-0.6789850158691406,0.0
,2475,,,,,-18.896484375,-70.8160400390625,-0.5685657897949219,-0.7086096862792969,0.0
,2476,,,,,-8.3404541015625,-72.4639892578125,-0.514599169921875,-0.7471424743652344,0.0
,2477,,,,,-9.3658447265625,-74.23095703125,-0.45265667724609376,-0.7792531311035157,0.0
,2478,,,,,-0.6866455078125,-75.1007080078125,-0.3841884704589844,-0.8055631530761719,0.0
,2479,,,,,-0.9246826171875,-75.5126953125,-0.32960035400390625,-0.8231722229003906,0.0
,2480,,,,,6.1798095703125,-75.6500244140625,-0.2465269775390625,-0.8343591613769531,0.0
,2481,,,,,6.353759765625,-75.3387451171875,-0.17712652587890626,-0.8515539001464844,0.0
,2482,,,,,11.7279052734375,-74.560546875,-0.12409215087890625,-0.8781746704101563,0.0
,2483,,,,,12.4603271484375,-73.297119140625,-0.07157568969726563,-0.9009628784179687,0.0
,2484,,,,,18.2098388671875,-71.685791015625,0.010461859130859376,-0.8877042846679688,0.0
,2485,,,,,19.097900390625,-70.147705078125,0.05365587158203125,-0.8918475952148438,0.0
,2486,,,,,24.5361328125,-67.85888671875,0.09788571166992188,-0.8919511779785156,0.0
,2487,,,,,29.608154296875,-65.4876708984375,0.10865831909179688,-0.887497119140625,0.0
,2488,,,,,36.9964599609375,-59.9578857421875,0.16625033569335937,-0.8685414733886719,0.0
,2489,,,,,41.253662109375,-59.9578857421875,0.19411409912109376,-0.8635695007324219,0.0
,2490,,,,,47.6531982421875,-55.4534912109375,0.2641360473632813,-0.8428529479980469,0.0
,2491,,,,,50.6561279296875,-55.4534912109375,0.3174811706542969,-0.7914758972167969,0.0
,2492,,,,,56.0028076171875,-51.104736328125,0.365439990234375,-0.7634049682617188,0.0
,2493,,,,,57.9254150390625,-51.104736328125,0.40511218872070315,-0.7249757629394531,0.0
,2494,,,,,63.262939453125,-44.53125,0.5042408935546875,-0.6710091430664062,0.0
,2495,,,,,64.544677734375,-44.53125,0.5649403930664063,-0.6241897338867187,0.0
,2496,,,,,68.5821533203125,-38.983154296875,0.6125884643554688,-0.6052340881347656,0.0
,2497,,,,,68.3441162109375,-38.983154296875,0.6706983947753906,-0.5768524108886719,0.0
,2498,,,,,70.751953125,-32.977294921875,0.7448636535644532,-0.5192603942871094,0.0
,2499,,,,,69.4976806640625,-32.977294921875,0.7951012939453125,-0.46767617797851563,0.0
,2500,,,,,72.7294921875,-24.334716796875,0.8348770751953125,-0.4634292846679688,0.0
,2501,,,,,70.550537109375,-24.334716796875,0.8832502258300782,-0.4200281066894531,0.0
,2502,,,,,75.2105712890625,-12.5885009765625,0.9000306335449219,-0.3817024841308594,0.0
,2503,,,,,72.1893310546875,-12.5885009765625,0.9285158935546876,-0.35155989990234376,0.0
,2504,,,,,78.03955078125,2.8106689453125,0.9054169372558594,-0.3344687438964844,0.0
,2505,,,,,75.457763671875,2.8106689453125,0.8961980712890625,-0.28827083129882813,0.0
,2506,,,,,77.398681640625,10.4644775390625,0.8937120849609376,-0.22694983520507814,0.0
,2507,,,,,71.2921142578125,10.4644775390625,0.9312090454101563,-0.15060933837890625,0.0
,2508,,,,,77.728271484375,21.6064453125,0.9342129455566407,-0.07416525878906251,0.0
,2509,,,,,71.722412109375,21.6064453125,0.9418780700683594,-0.007975872802734376,0.0
,2510,,,,,76.318359375,29.55322265625,0.9326592041015626,0.061631744384765624,0.0
,2511,,,,,68.096923828125,29.55322265625,0.9621802917480469,0.13693641357421876,0.0
,2512,,,,,72.967529296875,37.9852294921875,0.9398064147949219,0.21151600341796875,0.0
,2513,,,,,64.105224609375,37.9852294921875,0.9232331726074219,0.28661350708007816,0.0
,2514,,,,,65.606689453125,40.5853271484375,0.9088351684570313,0.3497989929199219,0.0
,2515,,,,,60.3424072265625,40.5853271484375,0.9226116760253906,0.4240678344726563,0.0
,2516,,,,,63.427734375,45.9228515625,0.9385634216308594,0.5037229797363282,0.0
,2517,,,,,53.72314453125,45.9228515625,0.9139107238769532,0.5351085571289063,0.0
,2518,,,,,56.9732666015625,51.5533447265625,0.9028273681640625,0.5861748596191406,0.0
,2519,,,,,43.9727783203125,51.5533447265625,0.8668841491699218,0.5820315490722656,0.0
,2520,,,,,17.5323486328125,55.0140380859375,0.8612906799316407,0.6332014343261719,0.0
,2521,,,,,31.93359375,59.0972900390625,0.8031807495117188,0.6379662414550782,0.0
,2522,,,,,34.3597412109375,63.2904052734375,0.7628870544433594,0.6631368530273438,0.0
,2523,,,,,22.760009765625,66.1376953125,0.6526749938964844,0.6385877380371094,0.0
,2524,,,,,24.444580078125,69.0582275390625,0.6352730895996094,0.6884110473632813,0.0
,2525,,,,,14.5294189453125,71.6949462890625,0.5473313232421875,0.6914149475097656,0.0
,2526,,,,,15.6646728515625,73.663330078125,0.5133561767578125,0.7610225646972657,0.0
,2527,,,,,6.005859375,74.7802734375,0.43276878662109375,0.7874361694335937,0.0
,2528,,,,,6.207275390625,75.1190185546875,0.40293695068359375,0.8439923583984376,0.0
,2529,,,,,-2.1697998046875,75.5767822265625,0.32452479858398436,0.8525897277832032,0.0
,2530,,,,,-2.1331787109375,75.640869140625,0.26589695434570315,0.8863577087402345,0.0
,2531,,,,,-7.781982421875,74.8260498046875,0.17422620849609374,0.8940228332519532,0.0
,2532,,,,,-8.2855224609375,73.9654541015625,0.14532661743164063,0.9266514038085938,0.0
,2533,,,,,-14.3096923828125,72.9766845703125,0.08473070068359376,0.9365953491210938,0.0
,2534,,,,,-15.19775390625,71.44775390625,0.036771881103515626,0.9395992492675782,0.0
,2535,,,,,-17.7337646484375,69.61669921875,-0.01429442138671875,0.9422924011230469,0.0
,2536,,,,,-23.3734130859375,67.67578125,-0.059663671875000004,0.9296553039550781,0.0
,2537,,,,,-29.18701171875,65.33203125,-0.10886548461914063,0.9097674133300782,0.0
,2538,,,,,-34.7625732421875,63.0523681640625,-0.159931787109375,0.8823179809570313,0.0
,2539,,,,,-42.5628662109375,57.0556640625,-0.19059228515625,0.8810749877929688,0.0
,2540,,,,,-46.7193603515625,57.0556640625,-0.23875827026367188,0.8369487304687501,0.0
,2541,,,,,-53.06396484375,51.96533203125,-0.3186205810546875,0.7794602966308594,0.0
,2542,,,,,-55.3436279296875,51.96533203125,-0.38429205322265625,0.7155497314453125,0.0
,2543,,,,,-60.7269287109375,46.2799072265625,-0.4552462463378906,0.7021875549316406,0.0
,2544,,,,,-62.3016357421875,46.2799072265625,-0.511284521484375,0.6659335876464844,0.0
,2545,,,,,-66.7694091796875,40.02685546875,-0.5482635681152344,0.6370339965820313,0.0
,2546,,,,,-66.632080078125,40.02685546875,-0.6179747680664063,0.5799598937988282,0.0
,2547,,,,,-69.5526123046875,35.04638671875,-0.6948331787109375,0.5285828430175782,0.0
,2548,,,,,-68.975830078125,35.04638671875,-0.7420669189453125,0.5055874694824218,0.0
,2549,,,,,-71.4935302734375,28.60107421875,-0.7916830627441407,0.469851416015625,0.0
,2550,,,,,-69.873046875,28.60107421875,-0.84357802734375,0.449963525390625,0.0
,2551,,,,,-72.98583984375,20.0958251953125,-0.8854254638671876,0.40801250610351564,0.0
,2552,,,,,-93.603515625,-20.123291015625,-0.8954729919433594,0.39340733642578124,0.0
,2553,,,,,-83.0841064453125,-7.1319580078125,-0.9318305419921875,0.32960035400390625,0.0
,2554,,,,,-79.925537109375,-7.1319580078125,-0.9495431945800782,0.2953144592285156,0.0
,2555,,,,,-75.29296875,-4.13818359375,-0.9499575256347657,0.231196728515625,0.0
,2556,,,,,-72.216796875,-4.13818359375,-0.9362846008300781,0.20768344116210938,0.0
,2557,,,,,-75.238037109375,-15.2252197265625,-0.9544115844726563,0.11922376098632813,0.0
,2558,,,,,-69.451904296875,-15.2252197265625,-0.9666343505859375,0.06846820678710938,0.0
,2559,,,,,-73.956298828125,-23.016357421875,-0.9802036926269532,-0.02092371826171875,0.0
,2560,,,,,-66.3116455078125,-23.016357421875,-0.9814466857910157,-0.06784671020507813,0.0
,2561,,,,,-71.2371826171875,-31.5399169921875,-0.9676701782226563,-0.14429078979492188,0.0
,2562,,,,,-63.31787109375,-31.5399169921875,-0.9407386596679688,-0.17422620849609374,0.0
,2563,,,,,-66.4215087890625,-36.9232177734375,-0.9398064147949219,-0.24062276000976562,0.0
,2564,,,,,-59.600830078125,-36.9232177734375,-0.8949550781250001,-0.29282847290039066,0.0
,2565,,,,,-62.8692626953125,-42.59033203125,-0.8755851013183594,-0.3692725524902344,0.0
,2566,,,,,-54.5928955078125,-42.59033203125,-0.8658483215332031,-0.4199245239257813,0.0
,2567,,,,,-57.53173828125,-47.6806640625,-0.8480320861816406,-0.47803445434570313,0.0
,2568,,,,,-46.6552734375,-47.6806640625,-0.8167500915527344,-0.4923288757324219,0.0
,2569,,,,,-48.2666015625,-50.4638671875,-0.8188217468261719,-0.5483671508789063,0.0
,2570,,,,,-36.785888671875,-54.30908203125,-0.8030771667480469,-0.5685657897949219,0.0
,2571,,,,,-38.6077880859375,-57.4676513671875,-0.7736596618652344,-0.6073057434082031,0.0
,2572,,,,,-25.8636474609375,-60.8917236328125,-0.7472460571289062,-0.6146601196289063,0.0
,2573,,,,,-27.996826171875,-64.581298828125,-0.7151354003906251,-0.6556788940429688,0.0
,2574,,,,,-17.3126220703125,-67.803955078125,-0.6443883728027344,-0.6941080993652344,0.0
,2575,,,,,-18.5943603515625,-70.01953125,-0.5777846557617188,-0.7239399353027344,0.0
,2576,,,,,-8.6517333984375,-71.649169921875,-0.5345906433105468,-0.7485926330566407,0.0
,2577,,,,,-9.6221923828125,-73.333740234375,-0.4531745910644531,-0.7564649230957031,0.0
,2578,,,,,-1.0162353515625,-74.249267578125,-0.38967835693359376,-0.802144921875,0.0
,2579,,,,,-1.1810302734375,-74.542236328125,-0.302461669921875,-0.8180966674804688,0.0
,2580,,,,,5.89599609375,-74.7161865234375,-0.24300516357421875,-0.8436816101074219,0.0
,2581,,,,,6.0150146484375,-74.505615234375,-0.18240924682617188,-0.8624300903320313,0.0
,2582,,,,,11.737060546875,-73.370361328125,-0.12202049560546875,-0.8782782531738281,0.0
,2583,,,,,12.322998046875,-72.344970703125,-0.06080308227539063,-0.8836645568847656,0.0
,2584,,,,,18.109130859375,-70.6146240234375,0.006111383056640625,-0.8727883666992188,0.0
,2585,,,,,19.207763671875,-68.7103271484375,0.04754448852539063,-0.8668841491699218,0.0
,2586,,,,,24.57275390625,-66.7144775390625,0.09281015625,-0.8564222900390626,0.0
,2587,,,,,29.644775390625,-64.5538330078125,0.100268115234375,-0.8581831970214844,0.0
,2588,,,,,34.808349609375,-62.5030517578125,0.17350112915039062,-0.8321839233398438,0.0
,2589,,,,,40.557861328125,-60.0311279296875,0.20623328247070313,-0.8001768493652344,0.0
,2590,,,,,47.076416015625,-55.5267333984375,0.27532298583984377,-0.7807032897949219,0.0
,2591,,,,,49.9786376953125,-55.5267333984375,0.3013222595214844,-0.771484423828125,0.0
,2592,,,,,55.242919921875,-51.251220703125,0.3540458862304688,-0.7601939025878907,0.0
,2593,,,,,57.2479248046875,-51.251220703125,0.40790892333984374,-0.7291190734863281,0.0
,2594,,,,,63.153076171875,-44.2657470703125,0.4819705993652344,-0.6956618408203126,0.0
,2595,,,,,63.9129638671875,-44.2657470703125,0.5316903259277344,-0.6432489624023437,0.0
,2596,,,,,67.5201416015625,-38.067626953125,0.6205643371582031,-0.5711553588867188,0.0
,2597,,,,,67.1539306640625,-38.067626953125,0.6832319091796876,-0.5364551330566406,0.0
,2598,,,,,69.39697265625,-32.7301025390625,0.74082392578125,-0.5000975830078125,0.0
,2599,,,,,68.3349609375,-32.7301025390625,0.7770778930664063,-0.47896669921875,0.0
,2600,,,,,70.71533203125,-26.531982421875,0.8260725402832032,-0.44613096313476563,0.0
,2601,,,,,68.4539794921875,-26.531982421875,0.8779675048828125,-0.39879364013671875,0.0
,2602,,,,,73.0499267578125,-14.4287109375,0.8739277770996094,-0.378698583984375,0.0
,2603,,,,,70.3216552734375,-14.4287109375,0.8834573913574219,-0.35549604492187503,0.0
,2604,,,,,74.468994140625,-2.471923828125,0.8880150329589844,-0.3355045715332031,0.0
,2605,,,,,71.484375,-2.471923828125,0.9196077758789063,-0.28226303100585937,0.0
,2606,,,,,75.4669189453125,9.100341796875,0.9401171630859375,-0.20146847534179688,0.0
,2607,,,,,69.049072265625,9.100341796875,0.9478858703613282,-0.141701220703125,0.0
,2608,,,,,74.4873046875,18.5211181640625,0.9150501342773438,-0.0957104736328125,0.0
,2609,,,,,68.26171875,18.5211181640625,0.9183647827148438,-0.025170611572265626,0.0
,2610,,,,,73.828125,28.1524658203125,0.9310018798828126,0.049719726562500004,0.0
,2611,,,,,65.2679443359375,28.1524658203125,0.945503466796875,0.11953450927734376,0.0
,2612,,,,,69.7998046875,35.99853515625,0.9167074584960938,0.17868026733398437,0.0
,2613,,,,,61.4593505859375,35.99853515625,0.9339021972656251,0.265171875,0.0
,2614,,,,,64.4439697265625,41.1712646484375,0.9153608825683595,0.32763228149414064,0.0
,2615,,,,,57.330322265625,41.1712646484375,0.9072814270019531,0.3716549560546875,0.0
,2616,,,,,60.552978515625,46.76513671875,0.8952658264160156,0.436704931640625,0.0
,2617,,,,,53.1005859375,46.76513671875,0.8796248291015625,0.49046438598632813,0.0
,2618,,,,,53.814697265625,48.0194091796875,0.8948514953613281,0.5605899169921875,0.0
,2619,,,,,41.729736328125,51.7730712890625,0.8637766662597657,0.5738485107421876,0.0
,2620,,,,,20.17822265625,55.462646484375,0.8566294555664062,0.6254327270507812,0.0
,2621,,,,,31.4300537109375,59.1522216796875,0.7973801147460938,0.6220144958496094,0.0
,2622,,,,,33.4442138671875,62.6495361328125,0.7997625183105469,0.6688339050292968,0.0
,2623,,,,,20.947265625,66.2933349609375,0.7128565795898437,0.6626189392089844,0.0
,2624,,,,,22.6959228515625,69.32373046875,0.6827139953613282,0.7057093688964844,0.0
,2625,,,,,12.70751953125,71.2738037109375,0.565976220703125,0.6626189392089844,0.0
,2626,,,,,13.7237548828125,73.040771484375,0.5186388977050781,0.7079881896972656,0.0
,2627,,,,,3.7628173828125,74.359130859375,0.420131689453125,0.7509750366210938,0.0
,2628,,,,,4.5867919921875,75.7781982421875,0.38843536376953125,0.8271083679199219,0.0
,2629,,,,,-2.984619140625,76.1444091796875,0.31592742919921873,0.8416099548339844,0.0
,2630,,,,,-3.0029296875,76.1077880859375,0.2538813537597656,0.8707167114257813,0.0
,2631,,,,,-8.001708984375,75.7598876953125,0.17381187744140625,0.8827323120117188,0.0
,2632,,,,,-8.3770751953125,75.1190185546875,0.15143800048828127,0.9297588867187501,0.0
,2633,,,,,-13.9251708984375,74.029541015625,0.08183038330078125,0.9424995666503907,0.0
,2634,,,,,-14.6392822265625,72.784423828125,0.006629296875,0.930691131591797,0.0
,2635,,,,,-17.4407958984375,70.7794189453125,-0.050755554199218754,0.9221973449707032,0.0
,2636,,,,,-23.47412109375,68.22509765625,-0.08234829711914063,0.9138071411132813,0.0
,2637,,,,,-29.1778564453125,65.8355712890625,-0.1396295654296875,0.8889472778320313,0.0
,2638,,,,,-34.442138671875,63.9129638671875,-0.19328543701171877,0.8532112243652344,0.0
,2639,,,,,-40.10009765625,61.834716796875,-0.2337862976074219,0.8388132202148437,0.0
,2640,,,,,-45.41015625,59.2254638671875,-0.29438221435546874,0.8082563049316407,0.0
,2641,,,,,-51.37939453125,54.3182373046875,-0.35642828979492186,0.7774922241210938,0.0
,2642,,,,,-53.5400390625,54.3182373046875,-0.4264502380371094,0.7191751281738281,0.0
,2643,,,,,-58.8958740234375,48.37646484375,-0.47005858154296876,0.6939009338378906,0.0
,2644,,,,,-60.4339599609375,48.37646484375,-0.5381124572753906,0.6539179870605469,0.0
,2645,,,,,-64.617919921875,42.59033203125,-0.5995370361328125,0.6221180786132813,0.0
,2646,,,,,-64.7918701171875,42.59033203125,-0.6606508666992188,0.5939435668945313,0.0
,2647,,,,,-67.8955078125,36.8408203125,-0.7240435180664063,0.5465026611328125,0.0
,2648,,,,,-66.9891357421875,36.8408203125,-0.7855716796875001,0.519571142578125,0.0
,2649,,,,,-70.0103759765625,29.7088623046875,-0.846064013671875,0.4802096923828125,0.0
,2650,,,,,-68.3349609375,29.7088623046875,-0.8887401123046875,0.4435413940429688,0.0
,2651,,,,,-71.1822509765625,21.4141845703125,-0.9163967102050782,0.4023154541015625,0.0
,2652,,,,,-68.5272216796875,21.4141845703125,-0.9178468688964844,0.3951682434082031,0.0
,2653,,,,,-73.4619140625,8.038330078125,-0.9178468688964844,0.3560139587402344,0.0
,2654,,,,,-80.0445556640625,-8.0657958984375,-0.9395992492675782,0.3278394470214844,0.0
,2655,,,,,-74.725341796875,-3.2501220703125,-0.963837615966797,0.24631981201171876,0.0
,2656,,,,,-71.942138671875,-3.2501220703125,-0.9648734436035157,0.22104561767578126,0.0
,2657,,,,,-75.604248046875,-15.1336669921875,-0.9747138061523438,0.12937487182617188,0.0
,2658,,,,,-68.939208984375,-15.1336669921875,-0.9331771179199219,0.11632344360351562,0.0
,2659,,,,,-74.12109375,-24.1058349609375,-0.9457106323242188,0.02548135986328125,0.0
,2660,,,,,-66.064453125,-24.1058349609375,-0.9315197937011719,-0.0136729248046875,0.0
,2661,,,,,-72.0977783203125,-34.552001953125,-0.9512005187988282,-0.1081404052734375,0.0
,2662,,,,,-63.7939453125,-34.552001953125,-0.9574154846191406,-0.1666646667480469,0.0
,2663,,,,,-67.437744140625,-40.8599853515625,-0.9536865051269532,-0.22259935913085938,0.0
,2664,,,,,-58.2550048828125,-40.8599853515625,-0.9274800659179688,-0.28153795166015627,0.0
,2665,,,,,-60.992431640625,-45.6024169921875,-0.912356982421875,-0.3560139587402344,0.0
,2666,,,,,-54.67529296875,-45.6024169921875,-0.875895849609375,-0.3899891052246094,0.0
,2667,,,,,-57.403564453125,-50.3265380859375,-0.8595297729492187,-0.4613576293945313,0.0
,2668,,,,,-47.0672607421875,-50.3265380859375,-0.8227578918457031,-0.47430547485351565,0.0
,2669,,,,,-48.2574462890625,-52.386474609375,-0.8214113159179688,-0.5415306884765625,0.0
,2670,,,,,-36.3922119140625,-56.0302734375,-0.8044237426757813,-0.5589325927734375,0.0
,2671,,,,,-38.360595703125,-59.43603515625,-0.7796674621582032,-0.5890751770019531,0.0
,2672,,,,,-25.9552001953125,-63.0615234375,-0.7398916809082031,-0.6119669677734375,0.0
,2673,,,,,-28.1158447265625,-66.8060302734375,-0.6956618408203126,-0.6528821594238281,0.0
,2674,,,,,-17.7337646484375,-70.12939453125,-0.6185962646484375,-0.675359619140625,0.0
,2675,,,,,-19.0338134765625,-72.381591796875,-0.5607970825195313,-0.7074702758789063,0.0
,2676,,,,,-9.283447265625,-74.3316650390625,-0.4850780822753906,-0.7287047424316406,0.0
,2677,,,,,-10.3271484375,-76.13525390625,-0.4094626647949219,-0.7580186645507813,0.0
,2678,,,,,-1.995849609375,-77.2979736328125,-0.362125341796875,-0.8182002502441407,0.0
,2679,,,,,-2.252197265625,-77.74658203125,-0.28609559326171874,-0.8259689575195313,0.0
,2680,,,,,2.581787109375,-77.783203125,-0.22187427978515625,-0.8605656005859376,0.0
,2681,,,,,2.728271484375,-77.5360107421875,-0.140043896484375,-0.8674020629882813,0.0
,2682,,,,,9.99755859375,-76.3458251953125,-0.07830856933593751,-0.8802463256835937,0.0
,2683,,,,,10.7208251953125,-75.1007080078125,-0.0244455322265625,-0.8912260986328125,0.0
,2684,,,,,15.966796875,-73.4893798828125,0.04661224365234375,-0.8857362121582032,0.0
,2685,,,,,17.0196533203125,-71.66748046875,0.07924081420898438,-0.8896723571777344,0.0
,2686,,,,,22.9888916015625,-69.5068359375,0.11280162963867188,-0.8979589782714844,0.0
,2687,,,,,28.9581298828125,-67.27294921875,0.11321596069335937,-0.9197113586425781,0.0
,2688,,,,,34.112548828125,-64.910888671875,0.20385087890625,-0.8842860534667969,0.0
,2689,,,,,39.07470703125,-62.8692626953125,0.2249817626953125,-0.8744456909179688,0.0
,2690,,,,,46.32568359375,-57.1380615234375,0.2919998107910156,-0.8496894104003907,0.0
,2691,,,,,49.2645263671875,-57.1380615234375,0.3386120544433594,-0.8227578918457031,0.0
,2692,,,,,54.1259765625,-52.3223876953125,0.3963076538085938,-0.7902329040527344,0.0
,2693,,,,,55.7647705078125,-52.3223876953125,0.4786559509277344,-0.7358519531250001,0.0
,2694,,,,,61.0107421875,-45.0439453125,0.5605899169921875,-0.6905862854003907,0.0
,2695,,,,,61.8072509765625,-45.0439453125,0.5906289184570312,-0.6716306396484375,0.0
,2696,,,,,66.1834716796875,-38.0859375,0.6543323181152344,-0.6324763549804687,0.0
,2697,,,,,65.9637451171875,-38.0859375,0.7157568969726563,-0.5975689636230469,0.0
,2698,,,,,68.6920166015625,-32.977294921875,0.7676518615722656,-0.5318974914550781,0.0
,2699,,,,,67.71240234375,-32.977294921875,0.8010055114746094,-0.4939861999511719,0.0
,2700,,,,,70.0653076171875,-26.55029296875,0.8424386169433594,-0.470680078125,0.0
,2701,,,,,68.170166015625,-26.55029296875,0.8867720397949219,-0.4293505554199219,0.0
,2702,,,,,73.040771484375,-14.61181640625,0.9035524475097656,-0.40190112304687503,0.0
,2703,,,,,70.01953125,-14.61181640625,0.9090423339843751,-0.3840848876953125,0.0
,2704,,,,,77.1240234375,2.691650390625,0.9011700439453125,-0.3600536865234375,0.0
,2705,,,,,74.1668701171875,2.691650390625,0.9138071411132813,-0.31395935668945313,0.0
,2706,,,,,75.4669189453125,10.07080078125,0.9144286376953126,-0.26330738525390623,0.0
,2707,,,,,68.389892578125,10.07080078125,0.9186755310058594,-0.20240072021484376,0.0
,2708,,,,,75.1922607421875,21.86279296875,0.9055205200195313,-0.1480197692871094,0.0
,2709,,,,,68.133544921875,21.86279296875,0.9361810180664063,-0.07344017944335937,0.0
,2710,,,,,73.1048583984375,30.46875,0.935559521484375,0.005282720947265625,0.0
,2711,,,,,64.306640625,30.46875,0.9504754394531251,0.10430784301757813,0.0
,2712,,,,,69.5159912109375,39.495849609375,0.9313126281738282,0.16511092529296875,0.0
,2713,,,,,61.19384765625,39.495849609375,0.9211615173339844,0.232854052734375,0.0
,2714,,,,,63.3636474609375,43.24951171875,0.8843896362304687,0.2814343688964844,0.0
,2715,,,,,56.50634765625,43.24951171875,0.8774495910644532,0.3634719177246094,0.0
,2716,,,,,59.674072265625,48.74267578125,0.8982697265625,0.44830620117187503,0.0
,2717,,,,,53.13720703125,48.74267578125,0.8779675048828125,0.47751654052734377,0.0
,2718,,,,,55.224609375,52.3590087890625,0.8533148071289063,0.5284792602539062,0.0
,2719,,,,,41.6473388671875,52.3590087890625,0.8043201599121094,0.5362479675292969,0.0
,2720,,,,,20.947265625,56.06689453125,0.8020413391113281,0.5848282836914063,0.0
,2721,,,,,27.960205078125,59.930419921875,0.7397880981445313,0.5785097351074219,0.0
,2722,,,,,29.8370361328125,63.189697265625,0.7084025207519532,0.6053376708984375,0.0
,2723,,,,,21.86279296875,66.2200927734375,0.6270900512695313,0.6320620239257813,0.0
,2724,,,,,23.7762451171875,69.525146484375,0.6033695983886719,0.6708019775390626,0.0
,2725,,,,,14.6392822265625,72.2259521484375,0.5075555419921876,0.6529857421875,0.0
,2726,,,,,15.7745361328125,74.2034912109375,0.47088724365234375,0.7168963073730469,0.0
,2727,,,,,6.683349609375,75.2288818359375,0.4005545471191406,0.7636121337890626,0.0
,2728,,,,,7.1136474609375,75.970458984375,0.36699373168945315,0.8292836059570313,0.0
,2729,,,,,1.300048828125,76.666259765625,0.2694187683105469,0.8554900451660157,0.0
,2730,,,,,1.3092041015625,76.6845703125,0.20074339599609375,0.8867720397949219,0.0
,2731,,,,,-4.21142578125,75.91552734375,0.14646602783203125,0.9103889099121094,0.0
,2732,,,,,-4.8980712890625,74.74365234375,0.10513650512695313,0.9360774353027344,0.0
,2733,,,,,-10.51025390625,73.35205078125,0.0302461669921875,0.9234403381347657,0.0
,2734,,,,,-11.5264892578125,71.6033935546875,0.017091156005859375,0.9542044189453125,0.0
,2735,,,,,-14.923095703125,69.3511962890625,-0.043194012451171875,0.9390813354492188,0.0
,2736,,,,,-21.002197265625,67.27294921875,-0.10544725341796875,0.9202292724609376,0.0
,2737,,,,,-26.824951171875,65.2313232421875,-0.14884843139648438,0.8982697265625,0.0
,2738,,,,,-31.640625,62.9791259765625,-0.1926639404296875,0.8564222900390626,0.0
,2739,,,,,-36.859130859375,60.7269287109375,-0.23896543579101565,0.8398490478515626,0.0
,2740,,,,,-42.242431640625,58.33740234375,-0.2771874755859375,0.8179930847167969,0.0
,2741,,,,,-48.3123779296875,53.851318359375,-0.35042048950195315,0.7952048767089844,0.0
,2742,,,,,-50.7568359375,53.851318359375,-0.39962230224609374,0.7718987548828126,0.0
,2743,,,,,-56.25,47.71728515625,-0.46498302612304687,0.7278760803222657,0.0
,2744,,,,,-57.696533203125,47.71728515625,-0.5335548156738281,0.6737022949218751,0.0
,2745,,,,,-62.7593994140625,40.814208984375,-0.5880393493652344,0.6315441101074218,0.0
,2746,,,,,-62.9058837890625,40.814208984375,-0.6545394836425782,0.5768524108886719,0.0
,2747,,,,,-67.2271728515625,32.9132080078125,-0.7241471008300782,0.5362479675292969,0.0
,2748,,,,,-66.68701171875,32.9132080078125,-0.7676518615722656,0.5017549072265625,0.0
,2749,,,,,-68.719482421875,27.923583984375,-0.7857788452148438,0.47523771972656254,0.0
,2750,,,,,-67.41943359375,27.923583984375,-0.8225507263183593,0.44395572509765624,0.0
,2751,,,,,-70.8709716796875,19.317626953125,-0.8489643310546875,0.41267373046875,0.0
,2752,,,,,-90.673828125,-19.3450927734375,-0.8696808837890625,0.4028333679199219,0.0
,2753,,,,,-81.4178466796875,-7.672119140625,-0.8828358947753907,0.36689014892578126,0.0
,2754,,,,,-78.6895751953125,-7.672119140625,-0.8983733093261719,0.3423410339355469,0.0
,2755,,,,,-74.6337890625,-5.731201171875,-0.9181576171875,0.27677314453125,0.0
,2756,,,,,-67.236328125,-5.731201171875,-0.930691131591797,0.24145142211914064,0.0
,2757,,,,,-73.79150390625,-17.0928955078125,-0.9364917663574219,0.16469659423828126,0.0
,2758,,,,,-67.6300048828125,-17.0928955078125,-0.9139107238769532,0.14895201416015624,0.0
,2759,,,,,-73.1781005859375,-26.6876220703125,-0.9220937622070313,0.04661224365234375,0.0
,2760,,,,,-65.057373046875,-26.6876220703125,-0.9266514038085938,-0.018541314697265627,0.0
,2761,,,,,-70.0103759765625,-35.2752685546875,-0.9238546691894531,-0.10513650512695313,0.0
,2762,,,,,-63.0706787109375,-35.2752685546875,-0.8935049194335938,-0.1371435791015625,0.0
,2763,,,,,-66.0736083984375,-40.4754638671875,-0.9045882751464844,-0.21855963134765627,0.0
,2764,,,,,-59.3170166015625,-40.4754638671875,-0.8739277770996094,-0.2952108764648438,0.0
,2765,,,,,-61.871337890625,-44.9066162109375,-0.837777392578125,-0.37206928710937504,0.0
,2766,,,,,-55.77392578125,-44.9066162109375,-0.8055631530761719,-0.4013832092285156,0.0
,2767,,,,,-59.051513671875,-50.592041015625,-0.8077383911132813,-0.46891917114257814,0.0
,2768,,,,,-47.9095458984375,-50.592041015625,-0.7889899108886719,-0.48963572387695314,0.0
,2769,,,,,-49.273681640625,-52.9449462890625,-0.7653730407714844,-0.5349013916015625,0.0
,2770,,,,,-38.067626953125,-56.1492919921875,-0.7571900024414063,-0.5710517761230469,0.0
,2771,,,,,-40.1275634765625,-59.7198486328125,-0.7216611145019531,-0.5977761291503907,0.0
,2772,,,,,-27.886962890625,-63.9404296875,-0.6797100952148438,-0.6135207092285156,0.0
,2773,,,,,-30.0018310546875,-67.6116943359375,-0.6443883728027344,-0.6623081909179688,0.0
,2774,,,,,-20.416259765625,-69.9920654296875,-0.5879357666015625,-0.6763954467773438,0.0
,2775,,,,,-21.71630859375,-72.2442626953125,-0.5465026611328125,-0.7226969421386719,0.0
,2776,,,,,-11.68212890625,-74.1943359375,-0.4808311889648438,-0.7650622924804688,0.0
,2777,,,,,-12.506103515625,-75.6134033203125,-0.42375708618164065,-0.8109494567871094,0.0
,2778,,,,,-4.39453125,-76.2542724609375,-0.32835736083984374,-0.84357802734375,0.0
,2779,,,,,-4.6142578125,-76.6387939453125,-0.2561601745605469,-0.8652268249511719,0.0
,2780,,,,,1.190185546875,-76.153564453125,-0.21949187622070312,-0.9076957580566406,0.0
,2781,,,,,1.629638671875,-75.3936767578125,-0.14429078979492188,-0.9053133544921875,0.0
,2782,,,,,6.9580078125,-74.30419921875,-0.05572752685546875,-0.9023094543457032,0.0
,2783,,,,,7.6446533203125,-73.1048583984375,-0.021027301025390625,-0.9137035583496094,0.0
,2784,,,,,14.080810546875,-71.4569091796875,0.0476480712890625,-0.8978553955078126,0.0
,2785,,,,,15.3717041015625,-69.2047119140625,0.062356823730468754,-0.9063491821289062,0.0
,2786,,,,,21.1944580078125,-67.0989990234375,0.10410067749023438,-0.8984768920898438,0.0
,2787,,,,,26.7974853515625,-65.3594970703125,0.11901659545898438,-0.9092494995117187,0.0
,2788,,,,,32.4920654296875,-63.31787109375,0.16055328369140626,-0.9037596130371094,0.0
,2789,,,,,38.4521484375,-60.75439453125,0.18800271606445312,-0.8848039672851563,0.0
,2790,,,,,45.3460693359375,-56.378173828125,0.2374116943359375,-0.8458568481445313,0.0
,2791,,,,,48.74267578125,-56.378173828125,0.29334638671875,-0.809602880859375,0.0
,2792,,,,,54.8126220703125,-50.0885009765625,0.3540458862304688,-0.7940654663085938,0.0
,2793,,,,,56.5338134765625,-50.0885009765625,0.39050701904296875,-0.7762492309570312,0.0
,2794,,,,,61.834716796875,-42.9840087890625,0.47751654052734377,-0.7321229736328125,0.0
,2795,,,,,62.21923828125,-42.9840087890625,0.5559286926269531,-0.6790885986328126,0.0
,2796,,,,,67.437744140625,-34.844970703125,0.6130027954101562,-0.6439740417480468,0.0
,2797,,,,,67.3553466796875,-34.844970703125,0.6492567626953125,-0.6083415710449219,0.0
,2798,,,,,69.68994140625,-29.8370361328125,0.7287047424316406,-0.5632830688476562,0.0
,2799,,,,,68.66455078125,-29.8370361328125,0.7708629272460937,-0.5114916870117188,0.0
,2800,,,,,71.0357666015625,-23.309326171875,0.8092921325683594,-0.46104688110351566,0.0
,2801,,,,,68.6920166015625,-23.309326171875,0.8572509521484375,-0.41930302734375,0.0
,2802,,,,,72.747802734375,-12.6617431640625,0.8867720397949219,-0.3858457946777344,0.0
,2803,,,,,70.0286865234375,-12.6617431640625,0.8938156677246094,-0.3517670654296875,0.0
,2804,,,,,76.4190673828125,3.33251953125,0.8885329467773437,-0.32214239501953124,0.0
,2805,,,,,73.1964111328125,3.33251953125,0.9168110412597656,-0.27076534423828125,0.0
,2806,,,,,74.96337890625,11.8011474609375,0.8852182983398438,-0.232854052734375,0.0
,2807,,,,,69.2047119140625,11.8011474609375,0.8781746704101563,-0.18831346435546875,0.0
,2808,,,,,75.2197265625,22.210693359375,0.8772424255371094,-0.1197416748046875,0.0
,2809,,,,,67.9595947265625,22.210693359375,0.9117354858398438,-0.032317822265625004,0.0
,2810,,,,,73.6541748046875,32.080078125,0.8945407470703125,0.033664398193359375,0.0
,2811,,,,,66.815185546875,32.080078125,0.8926762573242187,0.0990251220703125,0.0
,2812,,,,,70.697021484375,38.800048828125,0.8604620178222656,0.1732939636230469,0.0
,2813,,,,,62.5579833984375,38.800048828125,0.8742385253906251,0.25015237426757814,0.0
,2814,,,,,64.9566650390625,42.95654296875,0.8857362121582032,0.33581531982421875,0.0
,2815,,,,,60.4522705078125,42.95654296875,0.8796248291015625,0.40221187133789066,0.0
,2816,,,,,62.9791259765625,47.3236083984375,0.8555936279296875,0.46405078125,0.0
,2817,,,,,53.8787841796875,47.3236083984375,0.8323910888671875,0.4870461547851563,0.0
,2818,,,,,57.513427734375,53.631591796875,0.8373630615234375,0.5509567199707032,0.0
,2819,,,,,44.3939208984375,53.631591796875,0.7978980285644531,0.5433951782226563,0.0
,2820,,,,,19.3084716796875,56.72607421875,0.7885755798339844,0.5954973083496093,0.0
,2821,,,,,31.0638427734375,60.333251953125,0.7169998901367187,0.5902145874023438,0.0
,2822,,,,,33.14208984375,63.9312744140625,0.6978370788574219,0.6472886901855469,0.0
,2823,,,,,25.6439208984375,67.364501953125,0.6271936340332032,0.6503961730957032,0.0
,2824,,,,,27.0355224609375,69.7723388671875,0.6069949951171875,0.6900683715820313,0.0
,2825,,,,,16.6259765625,71.6949462890625,0.49222529296875,0.6965940856933593,0.0
,2826,,,,,17.5506591796875,73.2879638671875,0.471508740234375,0.7749026550292969,0.0
,2827,,,,,8.514404296875,74.2767333984375,0.4064587646484375,0.8012126770019532,0.0
,2828,,,,,8.8531494140625,74.8626708984375,0.3873995361328125,0.8559043762207031,0.0
,2829,,,,,-0.4669189453125,75.1739501953125,0.31603101196289063,0.8824215637207031,0.0
,2830,,,,,-0.384521484375,75.311279296875,0.2530526916503906,0.9151537170410157,0.0
,2831,,,,,-4.376220703125,75.091552734375,0.15661713867187502,0.9126677307128906,0.0
,2832,,,,,-4.833984375,74.2950439453125,0.11994884033203125,0.9531685913085938,0.0
,2833,,,,,-12.5152587890625,72.8668212890625,0.06732879638671875,0.9740923095703126,0.0
,2834,,,,,-13.3026123046875,71.502685546875,0.022270294189453126,0.9708812438964844,0.0
,2835,,,,,-16.5802001953125,69.598388671875,-0.0377041259765625,0.945503466796875,0.0
,2836,,,,,-21.3958740234375,67.7398681640625,-0.07447600708007812,0.9323484558105469,0.0
,2837,,,,,-26.9073486328125,65.478515625,-0.11207655029296876,0.9195041931152345,0.0
,2838,,,,,-33.4716796875,62.7593994140625,-0.14936634521484377,0.9011700439453125,0.0
,2839,,,,,-39.7247314453125,60.1043701171875,-0.21358765869140625,0.8628444213867188,0.0
,2840,,,,,-44.34814453125,58.1268310546875,-0.26361813354492186,0.8283513610839844,0.0
,2841,,,,,-51.0223388671875,52.5238037109375,-0.2980076110839844,0.8224471435546875,0.0
,2842,,,,,-53.4210205078125,52.5238037109375,-0.3746588562011719,0.768169775390625,0.0
,2843,,,,,-59.7564697265625,45.1263427734375,-0.42158184814453126,0.7510786193847656,0.0
,2844,,,,,-61.4501953125,45.1263427734375,-0.47523771972656254,0.7179321350097656,0.0
,2845,,,,,-66.0369873046875,38.507080078125,-0.5500244750976563,0.6605472839355468,0.0
,2846,,,,,-66.0919189453125,38.507080078125,-0.6087559020996094,0.6207715026855469,0.0
,2847,,,,,-70.8526611328125,30.2581787109375,-0.6610651977539063,0.5848282836914063,0.0
,2848,,,,,-70.3948974609375,30.2581787109375,-0.7138924072265626,0.539459033203125,0.0
,2849,,,,,-71.4752197265625,26.66015625,-0.7964478698730469,0.4497563598632813,0.0
,2850,,,,,-69.9737548828125,26.66015625,-0.8274191162109376,0.42665740356445314,0.0
,2851,,,,,-73.35205078125,17.999267578125,-0.8371558959960937,0.39796497802734376,0.0
,2852,,,,,-91.9097900390625,-18.0267333984375,-0.8681271423339844,0.368754638671875,0.0
,2853,,,,,-83.09326171875,-6.591796875,-0.8946443298339845,0.33053259887695313,0.0
,2854,,,,,-80.45654296875,-6.591796875,-0.9115283203125,0.30287600097656253,0.0
,2855,,,,,-77.01416015625,-6.317138671875,-0.9381490905761719,0.23865468750000002,0.0
,2856,,,,,-73.9105224609375,-6.317138671875,-0.9334878662109375,0.21079092407226563,0.0
,2857,,,,,-76.9866943359375,-16.7633056640625,-0.9433282287597656,0.12730321655273438,0.0
,2858,,,,,-70.6878662109375,-16.7633056640625,-0.9308982971191406,0.08690593872070312,0.0
,2859,,,,,-76.28173828125,-26.458740234375,-0.9443640563964844,-0.019784307861328124,0.0
,2860,,,,,-68.865966796875,-26.458740234375,-0.9291373901367188,-0.07095419311523438,0.0
,2861,,,,,-73.3428955078125,-34.222412109375,-0.9277908142089843,-0.13165369262695312,0.0
,2862,,,,,-66.3665771484375,-34.222412109375,-0.8843896362304687,-0.14636244506835938,0.0
,2863,,,,,-69.781494140625,-40.1458740234375,-0.89992705078125,-0.26703636474609377,0.0
,2864,,,,,-63.0615234375,-40.1458740234375,-0.8727883666992188,-0.32960035400390625,0.0
,2865,,,,,-65.6341552734375,-44.5953369140625,-0.8465819274902344,-0.3974470642089844,0.0
,2866,,,,,-59.28955078125,-44.5953369140625,-0.8580796142578125,-0.4476847045898438,0.0
,2867,,,,,-61.907958984375,-49.1180419921875,-0.8558007934570313,-0.5108701904296875,0.0
,2868,,,,,-49.0264892578125,-49.1180419921875,-0.8436816101074219,-0.5442238403320313,0.0
,2869,,,,,-51.0406494140625,-52.6153564453125,-0.8398490478515626,-0.59829404296875,0.0
,2870,,,,,-39.404296875,-56.4605712890625,-0.7972765319824219,-0.5911468322753907,0.0
,2871,,,,,-41.2445068359375,-59.6466064453125,-0.7395809326171875,-0.6114490539550781,0.0
,2872,,,,,-28.9215087890625,-63.1439208984375,-0.7378200256347657,-0.6456313659667969,0.0
,2873,,,,,-30.889892578125,-66.558837890625,-0.6780527709960937,-0.6854071472167969,0.0
,2874,,,,,-20.361328125,-69.10400390625,-0.61155263671875,-0.7185536315917969,0.0
,2875,,,,,-21.42333984375,-70.9442138671875,-0.5466062438964844,-0.7535646057128906,0.0
,2876,,,,,-11.3800048828125,-72.711181640625,-0.48828914794921874,-0.7799782104492188,0.0
,2877,,,,,-12.26806640625,-74.23095703125,-0.4519315979003906,-0.8264868713378907,0.0
,2878,,,,,-3.4332275390625,-75.3570556640625,-0.38750311889648437,-0.8591154418945313,0.0
,2879,,,,,-3.6712646484375,-75.76904296875,-0.31023037719726565,-0.8675056457519531,0.0
,2880,,,,,3.863525390625,-75.6317138671875,-0.2415550048828125,-0.9089387512207031,0.0
,2881,,,,,4.119873046875,-75.201416015625,-0.1811662536621094,-0.932244873046875,0.0
,2882,,,,,10.107421875,-74.01123046875,-0.1147697021484375,-0.9457106323242188,0.0
,2883,,,,,10.7208251953125,-72.94921875,-0.0493053955078125,-0.9411529907226562,0.0
,2884,,,,,17.0562744140625,-71.319580078125,0.0087009521484375,-0.9575190673828126,0.0
,2885,,,,,18.49365234375,-68.829345703125,0.026931518554687502,-0.9693275024414063,0.0
,2886,,,,,23.419189453125,-65.95458984375,0.07613333129882813,-0.9688095886230469,0.0
,2887,,,,,28.5552978515625,-63.31787109375,0.10886548461914063,-0.9543080017089844,0.0
,2888,,,,,34.185791015625,-60.772705078125,0.1595174560546875,-0.94301748046875,0.0
,2889,,,,,40.13671875,-57.952880859375,0.20084697875976562,-0.8931941711425782,0.0
,2890,,,,,47.0306396484375,-53.082275390625,0.2518096984863281,-0.8723740356445313,0.0
,2891,,,,,49.8687744140625,-53.082275390625,0.28008779296875,-0.8411956237792969,0.0
,2892,,,,,55.3802490234375,-48.1109619140625,0.3444126892089844,-0.8001768493652344,0.0
,2893,,,,,57.3944091796875,-48.1109619140625,0.41122357177734375,-0.75408251953125,0.0
,2894,,,,,63.1439208984375,-41.0980224609375,0.4811419372558594,-0.7090240173339843,0.0
,2895,,,,,64.324951171875,-41.0980224609375,0.5512674682617188,-0.6543323181152344,0.0
,2896,,,,,68.2159423828125,-35.0189208984375,0.6189070129394532,-0.6154887817382813,0.0
,2897,,,,,67.93212890625,-35.0189208984375,0.6692482360839844,-0.5826530456542969,0.0
,2898,,,,,70.5963134765625,-29.8553466796875,0.7246650146484376,-0.536144384765625,0.0
,2899,,,,,69.818115234375,-29.8553466796875,0.7845358520507812,-0.48342075805664064,0.0
,2900,,,,,71.7041015625,-24.1241455078125,0.8204790710449219,-0.4457166320800781,0.0
,2901,,,,,69.6441650390625,-24.1241455078125,0.8645017456054688,-0.4213746826171875,0.0
,2902,,,,,74.1668701171875,-12.3504638671875,0.8710274597167968,-0.39133568115234374,0.0
,2903,,,,,70.9442138671875,-12.3504638671875,0.8859433776855469,-0.37186212158203125,0.0
,2904,,,,,76.7578125,2.60009765625,0.8972338989257813,-0.33094692993164065,0.0
,2905,,,,,74.139404296875,2.60009765625,0.9325556213378906,-0.2590604919433594,0.0
,2906,,,,,76.6021728515625,11.279296875,0.9135999755859375,-0.19753233032226564,0.0
,2907,,,,,70.2667236328125,11.279296875,0.915671630859375,-0.14656961059570314,0.0
,2908,,,,,75.9521484375,21.13037109375,0.8996163024902344,-0.09830004272460938,0.0
,2909,,,,,70.27587890625,21.13037109375,0.9045882751464844,-0.016055328369140625,0.0
,2910,,,,,75.3570556640625,29.937744140625,0.9094566650390625,0.060492333984375,0.0
,2911,,,,,67.3187255859375,29.937744140625,0.9411529907226562,0.16107119750976562,0.0
,2912,,,,,70.8526611328125,36.0626220703125,0.9356631042480469,0.23471854248046875,0.0
,2913,,,,,63.1805419921875,36.0626220703125,0.9285158935546876,0.30111509399414066,0.0
,2914,,,,,65.185546875,39.55078125,0.9120462341308594,0.367097314453125,0.0
,2915,,,,,58.685302734375,39.55078125,0.8935049194335938,0.4148489685058594,0.0
,2916,,,,,62.054443359375,45.3826904296875,0.9105960754394532,0.49067155151367187,0.0
,2917,,,,,53.3935546875,45.3826904296875,0.8883257812500001,0.526200439453125,0.0
,2918,,,,,55.95703125,49.8138427734375,0.8708202941894532,0.5628687377929688,0.0
,2919,,,,,41.839599609375,49.8138427734375,0.8364308166503907,0.5743664245605469,0.0
,2920,,,,,18.145751953125,54.0985107421875,0.8193396606445312,0.6119669677734375,0.0
,2921,,,,,31.0546875,58.721923828125,0.7589509094238281,0.6036803466796875,0.0
,2922,,,,,33.1787109375,62.3931884765625,0.7537717712402344,0.6524678283691406,0.0
,2923,,,,,22.5860595703125,66.082763671875,0.6689374877929688,0.6600293701171875,0.0
,2924,,,,,24.42626953125,69.268798828125,0.65464306640625,0.7065380310058594,0.0
,2925,,,,,15.0970458984375,71.0540771484375,0.5738485107421876,0.7078846069335938,0.0
,2926,,,,,15.9027099609375,72.454833984375,0.5423593505859375,0.7845358520507812,0.0
,2927,,,,,5.6121826171875,73.7548828125,0.4343225280761719,0.8058739013671875,0.0
,2928,,,,,6.005859375,74.432373046875,0.40272978515625,0.8561115417480469,0.0
,2929,,,,,-2.1240234375,74.30419921875,0.3357117370605469,0.889154443359375,0.0
,2930,,,,,-2.2705078125,74.0478515625,0.29044606933593753,0.9242690002441406,0.0
,2931,,,,,-8.0474853515625,73.480224609375,0.19753233032226564,0.9115283203125,0.0
,2932,,,,,-8.441162109375,72.784423828125,0.12046675415039063,0.9159823791503906,0.0
,2933,,,,,-13.8702392578125,71.6217041015625,0.07033269653320312,0.930691131591797,0.0
,2934,,,,,-14.703369140625,70.184326171875,0.03760054321289063,0.9383562561035157,0.0
,2935,,,,,-17.962646484375,68.2159423828125,-0.041536688232421876,0.91484296875,0.0
,2936,,,,,-23.5015869140625,66.5496826171875,-0.07126494140625,0.8998234680175782,0.0
,2937,,,,,-28.802490234375,64.2608642578125,-0.08338412475585938,0.9121498168945312,0.0
,2938,,,,,-34.4970703125,61.9903564453125,-0.14895201416015624,0.8742385253906251,0.0
,2939,,,,,-42.51708984375,56.3507080078125,-0.21048017578125,0.8469962585449219,0.0
,2940,,,,,-46.3897705078125,56.3507080078125,-0.2579210815429688,0.81374619140625,0.0
,2941,,,,,-51.947021484375,51.96533203125,-0.3112662048339844,0.7791495483398437,0.0
,2942,,,,,-54.6661376953125,51.96533203125,-0.37735200805664065,0.7330552185058594,0.0
,2943,,,,,-60.4705810546875,45.501708984375,-0.449963525390625,0.6946260131835937,0.0
,2944,,,,,-61.9537353515625,45.501708984375,-0.5092128662109375,0.6666586669921876,0.0
,2945,,,,,-65.9912109375,40.2374267578125,-0.5673227966308594,0.6274007995605468,0.0
,2946,,,,,-66.2750244140625,40.2374267578125,-0.648842431640625,0.5708446105957031,0.0
,2947,,,,,-69.6807861328125,34.259033203125,-0.7301549011230469,0.5045516418457031,0.0
,2948,,,,,-68.9666748046875,34.259033203125,-0.7601939025878907,0.484767333984375,0.0
,2949,,,,,-71.0540771484375,28.9764404296875,-0.7908544006347656,0.4601146362304688,0.0
,2950,,,,,-69.5526123046875,28.9764404296875,-0.8194432434082032,0.43535835571289067,0.0
,2951,,,,,-73.2879638671875,19.7113037109375,-0.8524861450195312,0.3930965881347656,0.0
,2952,,,,,-93.3837890625,-19.73876953125,-0.8649160766601562,0.3841884704589844,0.0
,2953,,,,,-83.917236328125,-7.94677734375,-0.8961980712890625,0.324006884765625,0.0
,2954,,,,,-81.536865234375,-7.94677734375,-0.9225080932617188,0.28733858642578125,0.0
,2955,,,,,-75.8056640625,-3.0120849609375,-0.9278943969726563,0.23844752197265626,0.0
,2956,,,,,-72.7020263671875,-3.0120849609375,-0.9218865966796875,0.22529251098632813,0.0
,2957,,,,,-76.300048828125,-14.8590087890625,-0.9497503601074219,0.11673777465820313,0.0
,2958,,,,,-69.76318359375,-14.8590087890625,-0.9432246459960938,0.09229224243164062,0.0
,2959,,,,,-74.5330810546875,-23.1170654296875,-0.9642519470214844,-0.006007800292968751,0.0
,2960,,,,,-66.412353515625,-23.1170654296875,-0.9509933532714844,-0.04961614379882812,0.0
,2961,,,,,-71.7498779296875,-32.3638916015625,-0.9639411987304688,-0.14439437255859375,0.0
,2962,,,,,-63.9129638671875,-32.3638916015625,-0.9563796569824219,-0.18013042602539064,0.0
,2963,,,,,-67.0440673828125,-37.79296875,-0.934730859375,-0.23927618408203125,0.0
,2964,,,,,-59.783935546875,-37.79296875,-0.9081100891113282,-0.30101151123046876,0.0
,2965,,,,,-63.0523681640625,-43.450927734375,-0.9056241027832032,-0.391128515625,0.0
,2966,,,,,-56.25,-43.450927734375,-0.8628444213867188,-0.42489649658203127,0.0
,2967,,,,,-59.0423583984375,-48.284912109375,-0.8590118591308594,-0.49160379638671875,0.0
,2968,,,,,-47.7630615234375,-48.284912109375,-0.8518646484375,-0.5014441589355468,0.0
,2969,,,,,-49.2828369140625,-50.921630859375,-0.8315624267578126,-0.5473313232421875,0.0
,2970,,,,,-37.2711181640625,-54.7119140625,-0.8143676879882813,-0.5628687377929688,0.0
,2971,,,,,-39.36767578125,-58.3282470703125,-0.7850537658691407,-0.6068914123535156,0.0
,2972,,,,,-26.641845703125,-62.14599609375,-0.75408251953125,-0.6458385314941406,0.0
,2973,,,,,-28.5552978515625,-65.4510498046875,-0.70767744140625,-0.6771205261230469,0.0
,2974,,,,,-17.633056640625,-68.0145263671875,-0.6477030212402344,-0.7162748107910156,0.0
,2975,,,,,-18.988037109375,-70.34912109375,-0.5886608459472656,-0.7422740844726563,0.0
,2976,,,,,-8.1756591796875,-72.5555419921875,-0.5243359497070312,-0.7579150817871094,0.0
,2977,,,,,-9.063720703125,-74.0936279296875,-0.4684012573242188,-0.7842251037597656,0.0
,2978,,,,,-0.311279296875,-75.3936767578125,-0.41412388916015624,-0.8334269165039063,0.0
,2979,,,,,-0.7232666015625,-76.0986328125,-0.33498665771484376,-0.841920703125,0.0
,2980,,,,,5.7769775390625,-76.171875,-0.26682919921875003,-0.8594261901855469,0.0
,2981,,,,,6.1248779296875,-75.567626953125,-0.17764443969726562,-0.8728919494628906,0.0
,2982,,,,,11.9293212890625,-74.285888671875,-0.11072997436523438,-0.8883257812500001,0.0
,2983,,,,,12.4237060546875,-73.4161376953125,-0.04205460205078125,-0.8905010192871095,0.0
,2984,,,,,18.1182861328125,-71.429443359375,0.03625396728515625,-0.8876007019042969,0.0
,2985,,,,,19.3267822265625,-69.3328857421875,0.0642213134765625,-0.8850111328125,0.0
,2986,,,,,24.86572265625,-67.49267578125,0.10927981567382813,-0.8967159851074219,0.0
,2987,,,,,29.9560546875,-65.606689453125,0.09291373901367188,-0.90655634765625,0.0
,2988,,,,,35.2935791015625,-63.427734375,0.14936634521484377,-0.8662626525878907,0.0
,2989,,,,,40.9332275390625,-60.479736328125,0.21120525512695312,-0.8488607482910157,0.0
,2990,,,,,47.296142578125,-56.0760498046875,0.2673471130371094,-0.8410920410156251,0.0
,2991,,,,,50.4364013671875,-56.0760498046875,0.3036010803222656,-0.8191324951171876,0.0
,2992,,,,,56.5338134765625,-50.152587890625,0.3526993103027344,-0.7841215209960938,0.0
,2993,,,,,58.6578369140625,-50.152587890625,0.4056301025390625,-0.7311907287597657,0.0
,2994,,,,,63.3544921875,-44.512939453125,0.4890142272949219,-0.6917256958007812,0.0
,2995,,,,,64.013671875,-44.512939453125,0.5521997131347657,-0.6459421142578126,0.0
,2996,,,,,68.115234375,-38.37890625,0.6474958557128907,-0.5821351318359376,0.0
,2997,,,,,67.8131103515625,-38.37890625,0.6933830200195312,-0.5537534545898438,0.0
,2998,,,,,70.3125,-33.4259033203125,0.7439314086914063,-0.5131490112304687,0.0
,2999,,,,,69.3603515625,-33.4259033203125,0.8049416564941406,-0.4603218017578125,0.0
,3000,,,,,71.7041015625,-26.4404296875,0.8324946716308594,-0.43908733520507814,0.0
,3001,,,,,69.4427490234375,-26.4404296875,0.862740838623047,-0.40801250610351564,0.0
,3002,,,,,73.8189697265625,-14.5477294921875,0.8906046020507813,-0.3602608520507813,0.0
,3003,,,,,71.0174560546875,-14.5477294921875,0.9302768005371094,-0.327321533203125,0.0
,3004,,,,,78.11279296875,2.67333984375,0.9311054626464844,-0.2797770446777344,0.0
,3005,,,,,75.03662109375,2.67333984375,0.940531494140625,-0.23803319091796876,0.0
,3006,,,,,76.080322265625,9.04541015625,0.9362846008300781,-0.18696688842773437,0.0
,3007,,,,,69.378662109375,9.04541015625,0.9418780700683594,-0.13196444091796874,0.0
,3008,,,,,74.871826171875,18.56689453125,0.9192970275878907,-0.08462711791992188,0.0
,3009,,,,,69.1131591796875,18.56689453125,0.9549294982910157,0.008183038330078125,0.0
,3010,,,,,74.70703125,28.253173828125,0.9475751220703126,0.06349623413085938,0.0
,3011,,,,,66.3299560546875,28.253173828125,0.9435353942871094,0.12098466796875,0.0
,3012,,,,,71.044921875,36.4288330078125,0.9199185241699219,0.1889349609375,0.0
,3013,,,,,62.2650146484375,36.4288330078125,0.9210579345703125,0.2578174987792969,0.0
,3014,,,,,65.2679443359375,41.6290283203125,0.8925726745605469,0.290860400390625,0.0
,3015,,,,,57.403564453125,41.6290283203125,0.90655634765625,0.3601572692871094,0.0
,3016,,,,,60.5804443359375,47.113037109375,0.9240618347167969,0.44654529418945316,0.0
,3017,,,,,53.192138671875,47.113037109375,0.9150501342773438,0.4827992614746094,0.0
,3018,,,,,54.034423828125,48.5687255859375,0.8819036499023438,0.5356264709472657,0.0
,3019,,,,,41.9952392578125,52.8350830078125,0.8319767578125,0.5283756774902344,0.0
,3020,,,,,21.0662841796875,56.414794921875,0.8493786621093751,0.6005728637695312,0.0
,3021,,,,,31.658935546875,59.619140625,0.7931332214355469,0.59829404296875,0.0
,3022,,,,,33.72802734375,63.2080078125,0.768169775390625,0.6403486450195313,0.0
,3023,,,,,21.2860107421875,66.97998046875,0.6677980773925781,0.6408665588378907,0.0
,3024,,,,,22.998046875,69.9462890625,0.6472886901855469,0.689446875,0.0
,3025,,,,,13.3758544921875,72.088623046875,0.5725019348144531,0.6708019775390626,0.0
,3026,,,,,14.3280029296875,73.736572265625,0.5267183532714844,0.7347125427246094,0.0
,3027,,,,,3.5980224609375,75.03662109375,0.4304899658203125,0.7550147644042969,0.0
,3028,,,,,4.4403076171875,76.4923095703125,0.4036620300292969,0.8188217468261719,0.0
,3029,,,,,-3.1494140625,77.0965576171875,0.3301182678222656,0.8447174377441407,0.0
,3030,,,,,-3.2318115234375,76.959228515625,0.2788447998046875,0.8851147155761719,0.0
,3031,,,,,-8.2672119140625,76.629638671875,0.19432126464843752,0.9076957580566406,0.0
,3032,,,,,-8.697509765625,75.8880615234375,0.1412868896484375,0.9319341247558593,0.0
,3033,,,,,-14.02587890625,74.4781494140625,0.05407020263671875,0.9278943969726563,0.0
,3034,,,,,-14.8956298828125,72.9766845703125,0.005075555419921875,0.9328663696289062,0.0
,3035,,,,,-17.7337646484375,70.93505859375,-0.040604443359375,0.9378383422851563,0.0
,3036,,,,,-23.4649658203125,68.7652587890625,-0.07654766235351562,0.9316233764648438,0.0
,3037,,,,,-29.5623779296875,66.412353515625,-0.12067391967773437,0.8958873229980469,0.0
,3038,,,,,-34.7808837890625,64.74609375,-0.18634539184570312,0.860979931640625,0.0
,3039,,,,,-40.0177001953125,62.548828125,-0.23886185302734375,0.8374666442871094,0.0
,3040,,,,,-45.5841064453125,60.040283203125,-0.2981111938476563,0.7887827453613282,0.0
,3041,,,,,-52.020263671875,55.1513671875,-0.3525957275390625,0.7773886413574219,0.0
,3042,,,,,-54.400634765625,55.1513671875,-0.3973434814453125,0.7455887329101563,0.0
,3043,,,,,-60.076904296875,48.5870361328125,-0.4634292846679688,0.7125458312988281,0.0
,3044,,,,,-60.992431640625,48.5870361328125,-0.5484707336425781,0.6756703674316407,0.0
,3045,,,,,-65.33203125,42.279052734375,-0.6229467407226563,0.6392092346191407,0.0
,3046,,,,,-65.4144287109375,42.279052734375,-0.6824032470703125,0.6019194396972657,0.0
,3047,,,,,-68.26171875,36.7218017578125,-0.7493177124023438,0.5565501892089844,0.0
,3048,,,,,-67.1630859375,36.7218017578125,-0.8132282775878906,0.5231965393066407,0.0
,3049,,,,,-69.9737548828125,29.534912109375,-0.8579760314941407,0.4902572204589844,0.0
,3050,,,,,-67.950439453125,29.534912109375,-0.8834573913574219,0.46498302612304687,0.0
,3051,,,,,-70.6878662109375,20.7916259765625,-0.9178468688964844,0.4172313720703125,0.0
,3052,,,,,-92.0013427734375,-20.819091796875,-0.9354559387207032,0.4045942749023438,0.0
,3053,,,,,-81.3446044921875,-7.5164794921875,-0.9552402465820313,0.3562211242675781,0.0
,3054,,,,,-78.3416748046875,-7.5164794921875,-0.9617659606933594,0.32017432250976563,0.0
,3055,,,,,-73.3428955078125,-3.2867431640625,-0.9642519470214844,0.2582318298339844,0.0
,3056,,,,,-70.623779296875,-3.2867431640625,-0.9588656433105469,0.2266390869140625,0.0
,3057,,,,,-74.45068359375,-14.1082763671875,-0.9588656433105469,0.15071292114257814,0.0
,3058,,,,,-67.6116943359375,-14.1082763671875,-0.9626982055664063,0.09819645996093751,0.0
,3059,,,,,-73.35205078125,-24.0509033203125,-0.9953267761230469,-0.001139410400390625,0.0
,3060,,,,,-65.95458984375,-24.0509033203125,-0.9814466857910157,-0.03211065673828125,0.0
,3061,,,,,-71.4935302734375,-33.6456298828125,-0.9696382507324219,-0.11135147094726563,0.0
,3062,,,,,-61.7340087890625,-33.6456298828125,-0.93970283203125,-0.15651355590820312,0.0
,3063,,,,,-65.9454345703125,-40.9423828125,-0.9403243286132813,-0.20084697875976562,0.0
,3064,,,,,-57.586669921875,-40.9423828125,-0.9268585693359376,-0.25636734008789064,0.0
,3065,,,,,-59.9945068359375,-45.1171875,-0.92644423828125,-0.35984652099609377,0.0
,3066,,,,,-53.7322998046875,-45.1171875,-0.9017915405273438,-0.4088411682128906,0.0
,3067,,,,,-56.1492919921875,-49.310302734375,-0.8668841491699218,-0.4600110534667969,0.0
,3068,,,,,-47.2503662109375,-49.310302734375,-0.8283513610839844,-0.47627354736328126,0.0
,3069,,,,,-48.193359375,-50.93994140625,-0.8338412475585938,-0.5434987609863281,0.0
,3070,,,,,-35.2020263671875,-54.730224609375,-0.7991410217285156,-0.5514746337890625,0.0
,3071,,,,,-37.5,-58.7127685546875,-0.7626798889160157,-0.6006764465332032,0.0
,3072,,,,,-25.1312255859375,-62.5030517578125,-0.7332623840332031,-0.6334085998535156,0.0
,3073,,,,,-27.3193359375,-66.302490234375,-0.6751524536132812,-0.6576469665527344,0.0
,3074,,,,,-17.193603515625,-69.2230224609375,-0.6188034301757813,-0.6970084167480469,0.0
,3075,,,,,-18.5943603515625,-71.649169921875,-0.5664941345214843,-0.7336767150878907,0.0
,3076,,,,,-10.345458984375,-73.64501953125,-0.48559599609375004,-0.74745322265625,0.0
,3077,,,,,-11.187744140625,-75.1007080078125,-0.42292842407226566,-0.7872290039062501,0.0
,3078,,,,,-1.629638671875,-76.0162353515625,-0.37693767700195313,-0.8341519958496094,0.0
,3079,,,,,-1.995849609375,-76.6387939453125,-0.29479654541015626,-0.8408848754882813,0.0
,3080,,,,,2.5634765625,-76.46484375,-0.21182675170898438,-0.8743421081542969,0.0
,3081,,,,,2.96630859375,-75.76904296875,-0.13113577880859376,-0.8688522216796876,0.0
,3082,,,,,9.92431640625,-74.560546875,-0.047958819580078124,-0.8556972106933594,0.0
,3083,,,,,10.5743408203125,-73.4344482421875,-0.019991473388671875,-0.88335380859375,0.0
,3084,,,,,15.7928466796875,-72.25341796875,0.0484767333984375,-0.8799355773925781,0.0
,3085,,,,,16.644287109375,-70.78857421875,0.06246040649414063,-0.9036560302734375,0.0
,3086,,,,,22.5860595703125,-68.22509765625,0.09684988403320313,-0.9047954406738281,0.0
,3087,,,,,28.5552978515625,-65.9912109375,0.11508045043945313,-0.9079029235839844,0.0
,3088,,,,,33.5906982421875,-64.031982421875,0.189763623046875,-0.8810749877929688,0.0
,3089,,,,,38.6077880859375,-61.81640625,0.21265541381835937,-0.875895849609375,0.0
,3090,,,,,45.355224609375,-56.671142578125,0.28195228271484374,-0.8428529479980469,0.0
,3091,,,,,48.3123779296875,-56.671142578125,0.3178955017089844,-0.8287656921386719,0.0
,3092,,,,,53.2196044921875,-51.9195556640625,0.367097314453125,-0.8105351257324219,0.0
,3093,,,,,54.8583984375,-51.9195556640625,0.43701567993164064,-0.7591580749511719,0.0
,3094,,,,,60.589599609375,-44.5587158203125,0.5134597595214844,-0.7205217041015626,0.0
,3095,,,,,61.1480712890625,-44.5587158203125,0.5818243835449219,-0.6767061950683594,0.0
,3096,,,,,65.0848388671875,-37.5274658203125,0.6517427490234375,-0.6321656066894531,0.0
,3097,,,,,64.6453857421875,-37.5274658203125,0.7007373962402343,-0.59166474609375,0.0
,3098,,,,,67.1356201171875,-32.208251953125,0.7511822021484376,-0.5473313232421875,0.0
,3099,,,,,66.357421875,-32.208251953125,0.7848466003417969,-0.5167744079589844,0.0
,3100,,,,,69.012451171875,-26.1474609375,0.8218256469726563,-0.46881558837890625,0.0
,3101,,,,,67.3736572265625,-26.1474609375,0.8717525390625,-0.4211675170898438,0.0
,3102,,,,,72.198486328125,-14.373779296875,0.8864612915039063,-0.3993115539550781,0.0
,3103,,,,,69.17724609375,-14.373779296875,0.8984768920898438,-0.38356697387695315,0.0
,3104,,,,,75.98876953125,2.581787109375,0.8965088195800781,-0.34120162353515626,0.0
,3105,,,,,73.2421875,2.581787109375,0.926547821044922,-0.2787412170410156,0.0
,3106,,,,,75.2105712890625,10.693359375,0.9248904968261719,-0.2191811279296875,0.0
,3107,,,,,67.822265625,10.693359375,0.9240618347167969,-0.17132589111328125,0.0
,3108,,,,,73.5992431640625,20.6817626953125,0.9110104064941407,-0.1189130126953125,0.0
,3109,,,,,67.1722412109375,20.6817626953125,0.914117889404297,-0.06981478271484375,0.0
,3110,,,,,72.9034423828125,30.6060791015625,0.908213671875,-0.00352181396484375,0.0
,3111,,,,,64.0869140625,30.6060791015625,0.9171217895507813,0.08338412475585938,0.0
,3112,,,,,68.719482421875,38.6260986328125,0.9135999755859375,0.14812335205078125,0.0
,3113,,,,,60.955810546875,38.6260986328125,0.9133928100585937,0.20954793090820314,0.0
,3114,,,,,63.848876953125,43.634033203125,0.894126416015625,0.29883627319335937,0.0
,3115,,,,,56.8267822265625,43.634033203125,0.9001342163085938,0.37818067016601564,0.0
,3116,,,,,59.28955078125,47.8912353515625,0.885839794921875,0.4434378112792969,0.0
,3117,,,,,52.5421142578125,47.8912353515625,0.8600476867675781,0.49471127929687503,0.0
,3118,,,,,53.43017578125,49.420166015625,0.8566294555664062,0.5544785339355469,0.0
,3119,,,,,41.766357421875,53.302001953125,0.8036986633300781,0.5474349060058594,0.0
,3120,,,,,21.7529296875,56.744384765625,0.7972765319824219,0.5929077392578125,0.0
,3121,,,,,32.04345703125,60.1959228515625,0.749110546875,0.6044054260253906,0.0
,3122,,,,,34.185791015625,63.8946533203125,0.7400988464355469,0.6458385314941406,0.0
,3123,,,,,22.3480224609375,67.5384521484375,0.642213134765625,0.6435597106933594,0.0
,3124,,,,,24.188232421875,70.7244873046875,0.6291617065429688,0.6903791198730469,0.0
,3125,,,,,15.325927734375,72.7020263671875,0.5354193054199219,0.6920364440917969,0.0
,3126,,,,,16.1865234375,74.1851806640625,0.4934682861328125,0.7627834716796875,0.0
,3127,,,,,6.77490234375,75.62255859375,0.40925549926757815,0.774799072265625,0.0
,3128,,,,,7.452392578125,76.8035888671875,0.3401657958984375,0.8041129943847657,0.0
,3129,,,,,1.35498046875,76.904296875,0.2694187683105469,0.8472034240722657,0.0
,3130,,,,,1.373291015625,76.94091796875,0.21638439331054687,0.8826287292480469,0.0
,3131,,,,,-4.3670654296875,76.593017578125,0.11880942993164063,0.8786925842285157,0.0
,3132,,,,,-4.8980712890625,75.677490234375,0.0774799072265625,0.8954729919433594,0.0
,3133,,,,,-10.931396484375,74.432373046875,0.014087255859375,0.9095602478027344,0.0
,3134,,,,,-11.9110107421875,72.7294921875,-0.016158911132812502,0.9316233764648438,0.0
,3135,,,,,-14.923095703125,70.56884765625,-0.053034375,0.9390813354492188,0.0
,3136,,,,,-20.9564208984375,68.5089111328125,-0.09622838745117188,0.9281015625,0.0
,3137,,,,,-27.06298828125,66.10107421875,-0.1520594970703125,0.9042775268554688,0.0
,3138,,,,,-32.26318359375,63.9862060546875,-0.18178775024414062,0.8930905883789063,0.0
,3139,,,,,-37.646484375,61.834716796875,-0.22301369018554687,0.8780710876464844,0.0
,3140,,,,,-42.95654296875,59.1156005859375,-0.27376924438476563,0.8404705444335938,0.0
,3141,,,,,-49.0814208984375,54.1168212890625,-0.34306611328125003,0.8050452392578126,0.0
,3142,,,,,-51.30615234375,54.1168212890625,-0.39962230224609374,0.7669267822265625,0.0
,3143,,,,,-56.65283203125,47.8912353515625,-0.4695406677246094,0.7263223388671876,0.0
,3144,,,,,-58.19091796875,47.8912353515625,-0.5273398498535157,0.691932861328125,0.0
,3145,,,,,-62.933349609375,41.8670654296875,-0.5911468322753907,0.6450098693847657,0.0
,3146,,,,,-63.2537841796875,41.8670654296875,-0.6376554931640626,0.6021266052246094,0.0
,3147,,,,,-67.987060546875,33.2611083984375,-0.6845784851074219,0.5599684204101563,0.0
,3148,,,,,-67.3828125,33.2611083984375,-0.7385451049804688,0.5301365844726562,0.0
,3149,,,,,-69.7723388671875,27.86865234375,-0.7798746276855469,0.49678293457031253,0.0
,3150,,,,,-68.3349609375,27.86865234375,-0.8036986633300781,0.4736839782714844,0.0
,3151,,,,,-71.5301513671875,19.4549560546875,-0.8598405212402344,0.4260359069824219,0.0
,3152,,,,,-91.3330078125,-19.482421875,-0.8739277770996094,0.41236298217773437,0.0
,3153,,,,,-81.536865234375,-7.3883056640625,-0.895783740234375,0.3674080627441406,0.0
,3154,,,,,-78.8909912109375,-7.3883056640625,-0.9066599304199219,0.3334329162597656,0.0
,3155,,,,,-75.0457763671875,-5.438232421875,-0.9229224243164063,0.26154647827148436,0.0
,3156,,,,,-67.822265625,-5.438232421875,-0.9166038757324219,0.25046312255859376,0.0
,3157,,,,,-74.505615234375,-17.0013427734375,-0.9294481384277344,0.16935781860351562,0.0
,3158,,,,,-68.3624267578125,-17.0013427734375,-0.9221973449707032,0.13413967895507814,0.0
,3159,,,,,-74.30419921875,-27.2918701171875,-0.9453998840332032,0.040086529541015624,0.0
,3160,,,,,-66.3665771484375,-27.2918701171875,-0.9387705871582032,-0.014915917968750001,0.0
,3161,,,,,-71.0357666015625,-35.3851318359375,-0.9384598388671875,-0.09923228759765625,0.0
,3162,,,,,-63.97705078125,-35.3851318359375,-0.9050026062011719,-0.13641849975585937,0.0
,3163,,,,,-67.5750732421875,-41.619873046875,-0.91981494140625,-0.20623328247070313,0.0
,3164,,,,,-59.7747802734375,-41.619873046875,-0.8845968017578125,-0.27345849609375,0.0
,3165,,,,,-62.164306640625,-45.758056640625,-0.8500001586914063,-0.34948824462890626,0.0
,3166,,,,,-56.3873291015625,-45.758056640625,-0.8287656921386719,-0.39465032958984375,0.0
,3167,,,,,-59.4635009765625,-51.0955810546875,-0.8150927673339844,-0.4530710083007813,0.0
,3168,,,,,-47.7447509765625,-51.0955810546875,-0.81043154296875,-0.49450411376953124,0.0
,3169,,,,,-49.3194580078125,-53.8330078125,-0.7922009765625,-0.5523032958984375,0.0
,3170,,,,,-38.4613037109375,-56.94580078125,-0.754911181640625,-0.5757130004882812,0.0
,3171,,,,,-40.53955078125,-60.552978515625,-0.7279796630859375,-0.6153851989746094,0.0
,3172,,,,,-28.5552978515625,-64.581298828125,-0.7094383483886719,-0.6382769897460938,0.0
,3173,,,,,-30.5694580078125,-68.0877685546875,-0.6479101867675782,-0.6500854248046876,0.0
,3174,,,,,-20.6451416015625,-70.5963134765625,-0.6152816162109375,-0.6949367614746094,0.0
,3175,,,,,-21.93603515625,-72.8302001953125,-0.5587254272460938,-0.7348161254882812,0.0
,3176,,,,,-11.6363525390625,-74.6978759765625,-0.4670546813964844,-0.7511822021484376,0.0
,3177,,,,,-12.5518798828125,-76.2908935546875,-0.40915191650390625,-0.8010055114746094,0.0
,3178,,,,,-4.8614501953125,-76.9317626953125,-0.35798203125,-0.8554900451660157,0.0
,3179,,,,,-5.0079345703125,-77.178955078125,-0.2681757751464844,-0.8638802490234375,0.0
,3180,,,,,0.91552734375,-76.6937255859375,-0.19121378173828127,-0.8840788879394531,0.0
,3181,,,,,1.4923095703125,-75.6866455078125,-0.14066539306640624,-0.9018951232910156,0.0
,3182,,,,,7.489013671875,-74.7711181640625,-0.06660371704101563,-0.9063491821289062,0.0
,3183,,,,,8.2672119140625,-73.4161376953125,-0.018126983642578125,-0.9119426513671876,0.0
,3184,,,,,14.9871826171875,-71.5484619140625,0.041122357177734374,-0.9052097717285157,0.0
,3185,,,,,15.9027099609375,-69.9554443359375,0.058835009765625,-0.9247869140625,0.0
,3186,,,,,21.624755859375,-68.1884765625,0.10575800170898438,-0.9246833312988282,0.0
,3187,,,,,27.044677734375,-66.24755859375,0.10513650512695313,-0.9378383422851563,0.0
,3188,,,,,32.6019287109375,-64.1326904296875,0.17236171875,-0.9050026062011719,0.0
,3189,,,,,38.653564453125,-61.48681640625,0.19794666137695313,-0.8704059631347657,0.0
,3190,,,,,45.6024169921875,-56.6162109375,0.2704545959472656,-0.8333233337402344,0.0
,3191,,,,,48.724365234375,-56.6162109375,0.2954180419921875,-0.8300086853027344,0.0
,3192,,,,,54.949951171875,-50.28076171875,0.34917749633789064,-0.8051488220214844,0.0
,3193,,,,,56.9091796875,-50.28076171875,0.3898855224609375,-0.7705521789550781,0.0
,3194,,,,,62.2467041015625,-43.450927734375,0.4757556335449219,-0.7174142211914063,0.0
,3195,,,,,62.7044677734375,-43.450927734375,0.5341763122558594,-0.6923471923828125,0.0
,3196,,,,,67.7947998046875,-35.3302001953125,0.6069949951171875,-0.6430417968750001,0.0
,3197,,,,,67.63916015625,-35.3302001953125,0.648842431640625,-0.5968438842773438,0.0
,3198,,,,,70.3582763671875,-30.06591796875,0.7162748107910156,-0.5276505981445313,0.0
,3199,,,,,69.415283203125,-30.06591796875,0.7721059204101562,-0.48031327514648436,0.0
,3200,,,,,72.088623046875,-23.2269287109375,0.8012126770019532,-0.4727517333984375,0.0
,3201,,,,,69.5068359375,-23.2269287109375,0.8547649658203125,-0.4247929138183594,0.0
,3202,,,,,72.967529296875,-12.5518798828125,0.8603584350585938,-0.39589332275390626,0.0
,3203,,,,,70.56884765625,-12.5518798828125,0.8740313598632813,-0.37113704223632815,0.0
,3204,,,,,76.904296875,3.240966796875,0.8773460083007812,-0.3301182678222656,0.0
,3205,,,,,73.5443115234375,3.240966796875,0.8924690917968751,-0.2771874755859375,0.0
,3206,,,,,76.080322265625,12.3046875,0.8900866882324219,-0.23523645629882814,0.0
,3207,,,,,70.05615234375,12.3046875,0.91981494140625,-0.15154158325195313,0.0
,3208,,,,,76.190185546875,22.9156494140625,0.8872899536132812,-0.10441142578125,0.0
,3209,,,,,68.84765625,22.9156494140625,0.8954729919433594,-0.030349749755859377,0.0
,3210,,,,,73.5260009765625,31.0272216796875,0.8813857360839844,0.03138557739257813,0.0
,3211,,,,,66.8701171875,31.0272216796875,0.8944371643066407,0.11880942993164063,0.0
,3212,,,,,71.2371826171875,38.5894775390625,0.8796248291015625,0.18002684326171875,0.0
,3213,,,,,62.3931884765625,38.5894775390625,0.8776567565917969,0.25056670532226566,0.0
,3214,,,,,64.92919921875,42.974853515625,0.8952658264160156,0.3333293334960938,0.0
,3215,,,,,59.72900390625,42.974853515625,0.8942299987792969,0.4010724609375,0.0
,3216,,,,,62.127685546875,47.13134765625,0.8701987976074219,0.46809050903320315,0.0
,3217,,,,,53.6865234375,47.13134765625,0.8572509521484375,0.5133561767578125,0.0
,3218,,,,,56.9000244140625,52.6885986328125,0.8415063720703125,0.5540642028808594,0.0
,3219,,,,,43.83544921875,52.6885986328125,0.7798746276855469,0.55188896484375,0.0
,3220,,,,,18.914794921875,56.0211181640625,0.7763528137207032,0.5995370361328125,0.0
,3221,,,,,30.6884765625,59.710693359375,0.7348161254882812,0.6044054260253906,0.0
,3222,,,,,32.757568359375,63.2904052734375,0.7291190734863281,0.6508105041503907,0.0
,3223,,,,,24.6826171875,66.4947509765625,0.6410737243652344,0.6577505493164063,0.0
,3224,,,,,26.1383056640625,69.012451171875,0.6087559020996094,0.682817578125,0.0
,3225,,,,,16.0675048828125,70.78857421875,0.49792234497070315,0.6846820678710938,0.0
,3226,,,,,16.9097900390625,72.2442626953125,0.4652937744140625,0.7594688232421876,0.0
,3227,,,,,8.697509765625,73.370361328125,0.4057336853027344,0.8030771667480469,0.0
,3228,,,,,8.89892578125,73.71826171875,0.38056307373046877,0.8625336730957032,0.0
,3229,,,,,0.1739501953125,73.79150390625,0.2890994934082031,0.8785890014648438,0.0
,3230,,,,,0.0732421875,73.6175537109375,0.2362722839355469,0.9046918579101563,0.0
,3231,,,,,-4.6417236328125,72.784423828125,0.15920670776367188,0.9052097717285157,0.0
,3232,,,,,-4.9072265625,72.3358154296875,0.11549478149414062,0.9212651000976563,0.0
,3233,,,,,-12.01171875,71.6217041015625,0.059663671875000004,0.9351451904296876,0.0
,3234,,,,,-12.6434326171875,70.5322265625,0.010772607421875,0.94301748046875,0.0
,3235,,,,,-16.1041259765625,68.975830078125,-0.040086529541015624,0.9235439208984375,0.0
,3236,,,,,-21.1669921875,66.998291015625,-0.07893006591796875,0.9083172546386719,0.0
,3237,,,,,-26.8157958984375,64.801025390625,-0.12792471313476564,0.8929870056152344,0.0
,3238,,,,,-33.2794189453125,62.255859375,-0.15558131103515627,0.8802463256835937,0.0
,3239,,,,,-40.8599853515625,56.707763671875,-0.19483917846679688,0.8703023803710938,0.0
,3240,,,,,-44.0277099609375,56.707763671875,-0.25678167114257816,0.8438887756347656,0.0
,3241,,,,,-50.6103515625,50.8026123046875,-0.31561668090820316,0.8151963500976562,0.0
,3242,,,,,-53.2379150390625,50.8026123046875,-0.38543146362304687,0.7738668273925782,0.0
,3243,,,,,-58.6578369140625,44.952392578125,-0.4334938659667969,0.7480747192382813,0.0
,3244,,,,,-60.0128173828125,44.952392578125,-0.48621749267578124,0.700219482421875,0.0
,3245,,,,,-65.0482177734375,37.90283203125,-0.5723983520507813,0.6449062866210937,0.0
,3246,,,,,-65.3594970703125,37.90283203125,-0.6259506408691407,0.5985012084960938,0.0
,3247,,,,,-69.561767578125,30.5877685546875,-0.6860286437988281,0.5505423889160156,0.0
,3248,,,,,-68.7652587890625,30.5877685546875,-0.7280832458496094,0.5122167663574219,0.0
,3249,,,,,-70.34912109375,26.2481689453125,-0.7936511352539063,0.4616683776855469,0.0
,3250,,,,,-68.8751220703125,26.2481689453125,-0.8283513610839844,0.43908733520507814,0.0
,3251,,,,,-72.10693359375,17.742919921875,-0.8716489562988281,0.4073910095214844,0.0
,3252,,,,,-90.4815673828125,-17.7703857421875,-0.8825251464843751,0.37849141845703127,0.0
,3253,,,,,-82.196044921875,-7.049560546875,-0.8925726745605469,0.320692236328125,0.0
,3254,,,,,-79.669189453125,-7.049560546875,-0.8852182983398438,0.3146844360351563,0.0
,3255,,,,,-75.8331298828125,-6.280517578125,-0.9090423339843751,0.25833541259765624,0.0
,3256,,,,,-69.451904296875,-6.280517578125,-0.9191934448242188,0.22601759033203125,0.0
,3257,,,,,-75.4119873046875,-16.607666015625,-0.9293445556640625,0.14646602783203125,0.0
,3258,,,,,-69.1497802734375,-16.607666015625,-0.9248904968261719,0.10337559814453125,0.0
,3259,,,,,-75.0,-26.7425537109375,-0.9364917663574219,-0.0047648071289062505,0.0
,3260,,,,,-68.6004638671875,-26.7425537109375,-0.9019987060546876,-0.04029369506835938,0.0
,3261,,,,,-72.9766845703125,-34.3048095703125,-0.9114247375488281,-0.12854620971679687,0.0
,3262,,,,,-65.95458984375,-34.3048095703125,-0.8815929016113282,-0.14770902099609376,0.0
,3263,,,,,-68.4814453125,-38.690185546875,-0.8896723571777344,-0.2607178161621094,0.0
,3264,,,,,-61.92626953125,-38.690185546875,-0.8658483215332031,-0.320692236328125,0.0
,3265,,,,,-64.8193359375,-43.7164306640625,-0.8662626525878907,-0.4087375854492188,0.0
,3266,,,,,-58.099365234375,-43.7164306640625,-0.8506216552734375,-0.4426091491699219,0.0
,3267,,,,,-61.2579345703125,-49.1729736328125,-0.8509324035644531,-0.5033086486816406,0.0
,3268,,,,,-48.66943359375,-49.1729736328125,-0.8431636962890625,-0.5289971740722657,0.0
,3269,,,,,-50.244140625,-51.89208984375,-0.8125031982421875,-0.5699123657226562,0.0
,3270,,,,,-38.4429931640625,-55.04150390625,-0.8025592529296875,-0.594150732421875,0.0
,3271,,,,,-40.283203125,-58.2275390625,-0.7680661926269532,-0.6258470581054688,0.0
,3272,,,,,-27.850341796875,-61.8804931640625,-0.7255972595214844,-0.6610651977539063,0.0
,3273,,,,,-30.0018310546875,-65.606689453125,-0.6878931335449219,-0.7075738586425782,0.0
,3274,,,,,-20.54443359375,-68.170166015625,-0.642213134765625,-0.7410310913085938,0.0
,3275,,,,,-21.8719482421875,-70.477294921875,-0.5682550415039063,-0.7584329956054687,0.0
,3276,,,,,-11.2335205078125,-72.5830078125,-0.4695406677246094,-0.7504571228027344,0.0
,3277,,,,,-12.2039794921875,-74.267578125,-0.42334275512695313,-0.7959299560546875,0.0
,3278,,,,,-3.8726806640625,-75.18310546875,-0.38677803955078127,-0.8331161682128907,0.0
,3279,,,,,-4.0191650390625,-75.4486083984375,-0.30929813232421877,-0.85683662109375,0.0
,3280,,,,,3.717041015625,-75.164794921875,-0.25460643310546877,-0.9088351684570313,0.0
,3281,,,,,4.083251953125,-74.52392578125,-0.19950040283203124,-0.9246833312988282,0.0
,3282,,,,,10.052490234375,-73.7823486328125,-0.11218013305664062,-0.9258227416992187,0.0
,3283,,,,,10.6842041015625,-72.69287109375,-0.04536925048828125,-0.9352487731933594,0.0
,3284,,,,,17.4407958984375,-70.9075927734375,0.007768707275390625,-0.9427067321777344,0.0
,3285,,,,,18.5028076171875,-69.049072265625,0.024341949462890627,-0.9590728088378907,0.0
,3286,,,,,23.32763671875,-66.83349609375,0.08234829711914063,-0.9513041015625,0.0
,3287,,,,,28.4454345703125,-64.5172119140625,0.10700099487304687,-0.9407386596679688,0.0
,3288,,,,,34.149169921875,-61.8438720703125,0.1744333740234375,-0.9028273681640625,0.0
,3289,,,,,40.4296875,-58.868408203125,0.18727763671875,-0.8809714050292969,0.0
,3290,,,,,47.5250244140625,-53.668212890625,0.24134783935546875,-0.8637766662597657,0.0
,3291,,,,,50.5645751953125,-53.668212890625,0.2827809448242188,-0.8436816101074219,0.0
,3292,,,,,56.158447265625,-48.980712890625,0.340580126953125,-0.8160250122070313,0.0
,3293,,,,,58.2183837890625,-48.980712890625,0.37092987670898436,-0.7871254211425781,0.0
,3294,,,,,64.2333984375,-41.6015625,0.4600110534667969,-0.7420669189453125,0.0
,3295,,,,,65.057373046875,-41.6015625,0.5277541809082031,-0.6775348571777344,0.0
,3296,,,,,69.0399169921875,-35.3302001953125,0.6142457885742187,-0.6126920471191406,0.0
,3297,,,,,68.792724609375,-35.3302001953125,0.6584756286621094,-0.5951865600585937,0.0
,3298,,,,,71.4569091796875,-29.5440673828125,0.7254936767578125,-0.5507495544433594,0.0
,3299,,,,,70.5780029296875,-29.5440673828125,0.775627734375,-0.5090057006835937,0.0
,3300,,,,,72.2991943359375,-24.4537353515625,0.8216184814453126,-0.47005858154296876,0.0
,3301,,,,,70.294189453125,-24.4537353515625,0.862637255859375,-0.4338046142578125,0.0
,3302,,,,,74.74365234375,-12.799072265625,0.8847003845214844,-0.39982946777343753,0.0
,3303,,,,,71.7041015625,-12.799072265625,0.9061420166015626,-0.35321722412109374,0.0
,3304,,,,,77.9296875,2.545166015625,0.9058312683105469,-0.31437368774414065,0.0
,3305,,,,,75.347900390625,2.545166015625,0.9208507690429688,-0.272629833984375,0.0
,3306,,,,,77.8564453125,11.5081787109375,0.8951622436523438,-0.23057523193359375,0.0
,3307,,,,,71.4202880859375,11.5081787109375,0.9300696350097657,-0.15485623168945312,0.0
,3308,,,,,77.1148681640625,21.3775634765625,0.9236475036621095,-0.090324169921875,0.0
,3309,,,,,70.916748046875,21.3775634765625,0.9353523559570313,-0.024756280517578125,0.0
,3310,,,,,75.3387451171875,29.0313720703125,0.9394956665039063,0.06691446533203126,0.0
,3311,,,,,67.41943359375,29.0313720703125,0.9390813354492188,0.13849015502929687,0.0
,3312,,,,,72.2625732421875,37.4359130859375,0.9101817443847656,0.2017792236328125,0.0
,3313,,,,,63.629150390625,37.4359130859375,0.9173289550781251,0.2777053894042969,0.0
,3314,,,,,65.5059814453125,40.68603515625,0.9218865966796875,0.3499025756835938,0.0
,3315,,,,,59.307861328125,40.68603515625,0.9277908142089843,0.41743853759765626,0.0
,3316,,,,,62.5030517578125,46.234130859375,0.9083172546386719,0.47730937500000004,0.0
,3317,,,,,54.2266845703125,46.234130859375,0.8856326293945312,0.5116988525390626,0.0
,3318,,,,,56.7535400390625,50.6103515625,0.8951622436523438,0.5871071044921875,0.0
,3319,,,,,42.4163818359375,50.6103515625,0.8438887756347656,0.5730198486328125,0.0
,3320,,,,,18.42041015625,54.766845703125,0.8371558959960937,0.620667919921875,0.0
,3321,,,,,31.2286376953125,59.2529296875,0.7852609313964845,0.6196320922851563,0.0
,3322,,,,,33.2977294921875,62.841796875,0.762369140625,0.6599257873535156,0.0
,3323,,,,,23.1536865234375,65.9271240234375,0.6795029296875,0.6588899597167969,0.0
,3324,,,,,24.86572265625,68.88427734375,0.6512248352050781,0.7006338134765625,0.0
,3325,,,,,15.0146484375,71.539306640625,0.559346923828125,0.6879967163085938,0.0
,3326,,,,,15.9576416015625,73.1689453125,0.5233001220703125,0.7575007507324218,0.0
,3327,,,,,5.9967041015625,74.37744140625,0.4314222106933594,0.7869182556152344,0.0
,3328,,,,,6.3995361328125,75.0732421875,0.40190112304687503,0.8492750793457031,0.0
,3329,,,,,-2.4444580078125,75.311279296875,0.3393371337890625,0.8651232421875,0.0
,3330,,,,,-2.4627685546875,75.274658203125,0.2929320556640625,0.8997198852539062,0.0
,3331,,,,,-8.001708984375,74.7894287109375,0.18551672973632813,0.8892580261230469,0.0
,3332,,,,,-8.53271484375,73.8739013671875,0.1160126953125,0.909974578857422,0.0
,3333,,,,,-14.501953125,72.54638671875,0.06908970336914062,0.9449855529785156,0.0
,3334,,,,,-15.4266357421875,70.9442138671875,0.04744090576171875,0.9549294982910157,0.0
,3335,,,,,-18.5943603515625,68.646240234375,-0.0236168701171875,0.9283087280273438,0.0
,3336,,,,,-23.76708984375,66.76025390625,-0.06556788940429688,0.9199185241699219,0.0
,3337,,,,,-28.7841796875,64.471435546875,-0.11249088134765625,0.8912260986328125,0.0
,3338,,,,,-34.4512939453125,62.4114990234375,-0.1446015380859375,0.8729955322265626,0.0
,3339,,,,,-42.51708984375,56.79931640625,-0.2085121032714844,0.84855,0.0
,3340,,,,,-46.3714599609375,56.79931640625,-0.25553867797851565,0.8263832885742187,0.0
,3341,,,,,-52.203369140625,52.203369140625,-0.31178411865234373,0.7853645141601563,0.0
,3342,,,,,-54.9224853515625,52.203369140625,-0.3817024841308594,0.7431027465820312,0.0
,3343,,,,,-60.5072021484375,46.76513671875,-0.4372228454589844,0.7050878723144531,0.0
,3344,,,,,-62.384033203125,46.76513671875,-0.5018584899902344,0.6644834289550782,0.0
,3345,,,,,-67.144775390625,40.081787109375,-0.5663905517578125,0.6167317749023438,0.0
,3346,,,,,-67.12646484375,40.081787109375,-0.6315441101074218,0.5749879211425781,0.0
,3347,,,,,-70.6329345703125,34.1400146484375,-0.6947295959472657,0.5360408020019531,0.0
,3348,,,,,-69.818115234375,34.1400146484375,-0.7432063293457032,0.49295037231445316,0.0
,3349,,,,,-71.4752197265625,29.0496826171875,-0.7999696838378907,0.436704931640625,0.0
,3350,,,,,-69.9737548828125,29.0496826171875,-0.8185109985351563,0.42241051025390625,0.0
,3351,,,,,-73.2879638671875,20.3704833984375,-0.8512431518554687,0.3981721435546875,0.0
,3352,,,,,-94.66552734375,-20.39794921875,-0.8911225158691407,0.3525957275390625,0.0
,3353,,,,,-84.99755859375,-8.1207275390625,-0.9172253723144531,0.30194375610351565,0.0
,3354,,,,,-82.470703125,-8.1207275390625,-0.9286194763183594,0.29137831420898436,0.0
,3355,,,,,-76.9500732421875,-3.167724609375,-0.9466428771972657,0.2254996765136719,0.0
,3356,,,,,-73.7548828125,-3.167724609375,-0.95627607421875,0.18489523315429687,0.0
,3357,,,,,-77.1240234375,-15.069580078125,-0.9666343505859375,0.1089690673828125,0.0
,3358,,,,,-70.9808349609375,-15.069580078125,-0.9383562561035157,0.09436389770507812,0.0
,3359,,,,,-75.7598876953125,-23.345947265625,-0.955550994873047,-0.004246893310546875,0.0
,3360,,,,,-67.2271728515625,-23.345947265625,-0.9481966186523437,-0.033250067138671874,0.0
,3361,,,,,-72.802734375,-33.0047607421875,-0.9605229675292969,-0.12139899902343751,0.0
,3362,,,,,-64.78271484375,-33.0047607421875,-0.9442604736328125,-0.16593958740234377,0.0
,3363,,,,,-67.7215576171875,-38.104248046875,-0.9417744873046875,-0.23844752197265626,0.0
,3364,,,,,-59.765625,-38.104248046875,-0.9095602478027344,-0.29997568359375,0.0
,3365,,,,,-62.8509521484375,-43.450927734375,-0.9160859619140626,-0.3990008056640625,0.0
,3366,,,,,-56.0760498046875,-43.450927734375,-0.8843896362304687,-0.44012316284179687,0.0
,3367,,,,,-58.92333984375,-48.3856201171875,-0.8308373474121094,-0.4695406677246094,0.0
,3368,,,,,-48.0194091796875,-48.3856201171875,-0.8140569396972657,-0.4820741821289063,0.0
,3369,,,,,-49.62158203125,-51.15966796875,-0.815403515625,-0.5421521850585937,0.0
,3370,,,,,-38.0035400390625,-55.1788330078125,-0.8115709533691406,-0.5719840209960938,0.0
,3371,,,,,-40.0634765625,-58.7493896484375,-0.7849501831054688,-0.6143493713378907,0.0
,3372,,,,,-26.7333984375,-62.4755859375,-0.7492141296386718,-0.6403486450195313,0.0
,3373,,,,,-28.9306640625,-66.2841796875,-0.6949367614746094,-0.6537108215332031,0.0
,3374,,,,,-17.6513671875,-69.085693359375,-0.6535036560058594,-0.6784671020507813,0.0
,3375,,,,,-18.9971923828125,-71.4111328125,-0.5911468322753907,-0.7150318176269531,0.0
,3376,,,,,-8.8714599609375,-73.4161376953125,-0.5215392150878907,-0.7428955810546876,0.0
,3377,,,,,-9.6771240234375,-74.8077392578125,-0.46922991943359377,-0.7911651489257813,0.0
,3378,,,,,-0.714111328125,-75.6683349609375,-0.39941513671875,-0.8359129028320312,0.0
,3379,,,,,-0.8880615234375,-75.9613037109375,-0.3282537780761719,-0.8409884582519531,0.0
,3380,,,,,6.5093994140625,-75.6317138671875,-0.25761033325195315,-0.8826287292480469,0.0
,3381,,,,,6.7108154296875,-75.29296875,-0.18137341918945313,-0.8841824707031251,0.0
,3382,,,,,11.993408203125,-74.1943359375,-0.11290521240234376,-0.8994091369628906,0.0
,3383,,,,,12.8448486328125,-72.7294921875,-0.050755554199218754,-0.9064527648925782,0.0
,3384,,,,,18.0999755859375,-71.392822265625,0.0203022216796875,-0.9162931274414062,0.0
,3385,,,,,19.244384765625,-69.39697265625,0.04816598510742188,-0.9122533996582032,0.0
,3386,,,,,24.5819091796875,-66.83349609375,0.108554736328125,-0.9066599304199219,0.0
,3387,,,,,29.6356201171875,-64.361572265625,0.11746285400390626,-0.9125641479492188,0.0
,3388,,,,,35.2935791015625,-61.761474609375,0.16397151489257814,-0.8927798400878907,0.0
,3389,,,,,41.0797119140625,-59.161376953125,0.21286257934570313,-0.84357802734375,0.0
,3390,,,,,47.2503662109375,-55.059814453125,0.2639288818359375,-0.81706083984375,0.0
,3391,,,,,50.1068115234375,-55.059814453125,0.3161345947265625,-0.7900257385253906,0.0
,3392,,,,,55.609130859375,-50.0335693359375,0.35974293823242187,-0.7616440612792968,0.0
,3393,,,,,57.60498046875,-50.0335693359375,0.4012796264648438,-0.7260115905761719,0.0
,3394,,,,,62.457275390625,-44.5770263671875,0.47958819580078127,-0.6955582580566406,0.0
,3395,,,,,63.079833984375,-44.5770263671875,0.5535462890625,-0.6577505493164063,0.0
,3396,,,,,67.12646484375,-38.2232666015625,0.6408665588378907,-0.5963259704589844,0.0
,3397,,,,,66.7877197265625,-38.2232666015625,0.6951439270019532,-0.5658726379394532,0.0
,3398,,,,,68.975830078125,-32.4188232421875,0.7609189819335938,-0.5301365844726562,0.0
,3399,,,,,67.657470703125,-32.4188232421875,0.815403515625,-0.4829028442382813,0.0
,3400,,,,,69.8089599609375,-26.3031005859375,0.8597369384765625,-0.4428163146972656,0.0
,3401,,,,,67.4468994140625,-26.3031005859375,0.8829394775390625,-0.430075634765625,0.0
,3402,,,,,72.0428466796875,-13.9434814453125,0.8950586608886719,-0.3962040710449219,0.0
,3403,,,,,69.54345703125,-13.9434814453125,0.8998234680175782,-0.36471491088867186,0.0
,3404,,,,,73.5076904296875,-2.7191162109375,0.8882221984863281,-0.31810266723632813,0.0
,3405,,,,,71.063232421875,-2.7191162109375,0.9162931274414062,-0.25212044677734374,0.0
,3406,,,,,75.2197265625,9.5306396484375,0.9202292724609376,-0.21451990356445313,0.0
,3407,,,,,69.9554443359375,9.5306396484375,0.9273764831542969,-0.1542347351074219,0.0
,3408,,,,,74.96337890625,18.2098388671875,0.927272900390625,-0.0890811767578125,0.0
,3409,,,,,68.646240234375,18.2098388671875,0.9315197937011719,-0.0261028564453125,0.0
,3410,,,,,74.08447265625,27.630615234375,0.9316233764648438,0.056866937255859375,0.0
,3411,,,,,65.0482177734375,27.630615234375,0.9359738525390625,0.11994884033203125,0.0
,3412,,,,,69.708251953125,35.70556640625,0.9268585693359376,0.17515845336914063,0.0
,3413,,,,,61.029052734375,35.70556640625,0.934730859375,0.24725205688476562,0.0
,3414,,,,,64.2425537109375,41.2811279296875,0.9242690002441406,0.327321533203125,0.0
,3415,,,,,56.28662109375,41.2811279296875,0.9356631042480469,0.4012796264648438,0.0
,3416,,,,,59.21630859375,46.3531494140625,0.9384598388671875,0.4601146362304688,0.0
,3417,,,,,52.496337890625,46.3531494140625,0.9004449645996094,0.48828914794921874,0.0
,3418,,,,,55.572509765625,51.690673828125,0.8724776184082031,0.5416342712402344,0.0
,3419,,,,,41.7755126953125,51.690673828125,0.8283513610839844,0.5330369018554688,0.0
,3420,,,,,19.95849609375,55.2520751953125,0.8453389343261719,0.5995370361328125,0.0
,3421,,,,,31.2286376953125,58.6029052734375,0.798001611328125,0.6093773986816406,0.0
,3422,,,,,33.14208984375,61.92626953125,0.7677554443359376,0.6469779418945313,0.0
,3423,,,,,20.4345703125,65.5059814453125,0.6673837463378907,0.6222216613769531,0.0
,3424,,,,,22.3297119140625,68.7835693359375,0.6572326354980469,0.6705948120117188,0.0
,3425,,,,,12.762451171875,71.2738037109375,0.5769559936523437,0.6698697326660157,0.0
,3426,,,,,13.80615234375,73.077392578125,0.5412199401855469,0.7413418395996094,0.0
,3427,,,,,3.5888671875,74.6337890625,0.43390819702148437,0.7378200256347657,0.0
,3428,,,,,4.3304443359375,75.91552734375,0.3971363159179688,0.7923045593261719,0.0
,3429,,,,,-2.6824951171875,75.9063720703125,0.2972825317382813,0.80877421875,0.0
,3430,,,,,-2.764892578125,75.7598876953125,0.24642339477539063,0.8607727661132812,0.0
,3431,,,,,-7.8277587890625,75.274658203125,0.1562028076171875,0.8768280944824219,0.0
,3432,,,,,-8.2122802734375,74.6063232421875,0.1031684326171875,0.9003413818359375,0.0
,3433,,,,,-13.5955810546875,73.5992431640625,0.053759454345703124,0.920643603515625,0.0
,3434,,,,,-14.3096923828125,72.3541259765625,0.02838167724609375,0.9364917663574219,0.0
,3435,,,,,-17.9443359375,70.294189453125,-0.053137957763671875,0.9063491821289062,0.0
,3436,,,,,-23.675537109375,68.29833984375,-0.09042775268554688,0.9030345336914063,0.0
,3437,,,,,-28.8299560546875,65.9454345703125,-0.12916770629882812,0.8956801574707032,0.0
,3438,,,,,-34.1949462890625,63.446044921875,-0.18261641235351564,0.8596333557128907,0.0
,3439,,,,,-40.2557373046875,60.64453125,-0.24538756713867188,0.8305265991210937,0.0
,3440,,,,,-45.4925537109375,58.319091796875,-0.28402393798828124,0.8173715881347656,0.0
,3441,,,,,-51.0772705078125,53.924560546875,-0.3360224853515625,0.8045273254394532,0.0
,3442,,,,,-53.57666015625,53.924560546875,-0.38936760864257813,0.7566720886230469,0.0
,3443,,,,,-58.8134765625,48.4130859375,-0.4677797607421875,0.7150318176269531,0.0
,3444,,,,,-60.3515625,48.4130859375,-0.5316903259277344,0.6848892333984375,0.0
,3445,,,,,-64.7735595703125,42.1417236328125,-0.614970867919922,0.6305082824707031,0.0
,3446,,,,,-64.5904541015625,42.1417236328125,-0.693590185546875,0.583378125,0.0
,3447,,,,,-67.7764892578125,36.0809326171875,-0.7654766235351562,0.5352121398925781,0.0
,3448,,,,,-67.071533203125,36.0809326171875,-0.7915794799804687,0.5034122314453126,0.0
,3449,,,,,-69.3878173828125,30.0750732421875,-0.841920703125,0.43774075927734374,0.0
,3450,,,,,-67.6849365234375,30.0750732421875,-0.8656411560058594,0.43090429687500004,0.0
,3451,,,,,-70.7427978515625,21.478271484375,-0.8956801574707032,0.41951019287109376,0.0
,3452,,,,,-68.206787109375,21.478271484375,-0.9073850097656251,0.39972588500976564,0.0
,3453,,,,,-72.98583984375,7.9010009765625,-0.9319341247558593,0.3540458862304688,0.0
,3454,,,,,-79.1656494140625,-7.928466796875,-0.9466428771972657,0.322349560546875,0.0
,3455,,,,,-73.93798828125,-3.167724609375,-0.9561724914550781,0.26330738525390623,0.0
,3456,,,,,-68.2525634765625,-3.167724609375,-0.9491288635253906,0.2279856628417969,0.0
,3457,,,,,-75.3021240234375,-15.380859375,-0.9504754394531251,0.15019500732421875,0.0
,3458,,,,,-69.10400390625,-15.380859375,-0.9563796569824219,0.100268115234375,0.0
,3459,,,,,-74.3316650390625,-24.4354248046875,-0.955550994873047,0.01180843505859375,0.0
,3460,,,,,-66.357421875,-24.4354248046875,-0.9427067321777344,-0.024134783935546876,0.0
,3461,,,,,-71.74072265625,-33.7738037109375,-0.9667379333496094,-0.11259446411132813,0.0
,3462,,,,,-63.427734375,-33.7738037109375,-0.945503466796875,-0.15309532470703124,0.0
,3463,,,,,-67.327880859375,-40.5303955078125,-0.9498539428710938,-0.20208997192382813,0.0
,3464,,,,,-57.7239990234375,-40.5303955078125,-0.9159823791503906,-0.25212044677734374,0.0
,3465,,,,,-60.4248046875,-45.1995849609375,-0.8967159851074219,-0.3508348205566406,0.0
,3466,,,,,-54.38232421875,-45.1995849609375,-0.8716489562988281,-0.391128515625,0.0
,3467,,,,,-57.0648193359375,-49.84130859375,-0.8738241943359375,-0.47513413696289064,0.0
,3468,,,,,-46.7010498046875,-49.84130859375,-0.8454425170898437,-0.49709368286132816,0.0
,3469,,,,,-48.0010986328125,-52.093505859375,-0.8146784362792969,-0.5329333190917969,0.0
,3470,,,,,-36.492919921875,-55.8563232421875,-0.8116745361328125,-0.5625579895019531,0.0
,3471,,,,,-38.470458984375,-59.2803955078125,-0.7626798889160157,-0.5980868774414063,0.0
,3472,,,,,-25.9368896484375,-63.0615234375,-0.7400988464355469,-0.6181819335937501,0.0
,3473,,,,,-28.216552734375,-67.0074462890625,-0.686960888671875,-0.6478066040039062,0.0
,3474,,,,,-17.669677734375,-70.367431640625,-0.6210822509765626,-0.6617902770996094,0.0
,3475,,,,,-19.134521484375,-72.894287109375,-0.5746771728515625,-0.7161712280273438,0.0
,3476,,,,,-9.539794921875,-74.578857421875,-0.5035158142089844,-0.7406167602539063,0.0
,3477,,,,,-10.1806640625,-75.6866455078125,-0.43194012451171876,-0.7771814758300781,0.0
,3478,,,,,-1.611328125,-76.7120361328125,-0.3651292419433594,-0.8143676879882813,0.0
,3479,,,,,-1.94091796875,-77.2796630859375,-0.3012186767578125,-0.8244152160644531,0.0
,3480,,,,,3.753662109375,-76.8310546875,-0.22612117309570312,-0.855179296875,0.0
,3481,,,,,3.8360595703125,-76.6937255859375,-0.16169269409179687,-0.8788997497558594,0.0
,3482,,,,,9.3017578125,-76.116943359375,-0.07934439697265626,-0.8822143981933595,0.0
,3483,,,,,10.0799560546875,-74.7894287109375,-0.02050938720703125,-0.8955765747070312,0.0
,3484,,,,,15.6829833984375,-73.20556640625,0.05293079223632813,-0.8987876403808595,0.0
,3485,,,,,16.644287109375,-71.5484619140625,0.06411773071289063,-0.9199185241699219,0.0
,3486,,,,,22.6318359375,-69.2779541015625,0.10503292236328125,-0.9108032409667969,0.0
,3487,,,,,28.656005859375,-66.7510986328125,0.12771754760742188,-0.9007557128906251,0.0
,3488,,,,,33.87451171875,-64.361572265625,0.1785766845703125,-0.8893616088867188,0.0
,3489,,,,,38.9007568359375,-62.14599609375,0.2183524658203125,-0.8705095458984375,0.0
,3490,,,,,45.99609375,-56.982421875,0.2939678833007813,-0.8347734924316407,0.0
,3491,,,,,49.237060546875,-56.982421875,0.3290824401855469,-0.8184074157714843,0.0
,3492,,,,,54.0802001953125,-52.2674560546875,0.3791129150390625,-0.7850537658691407,0.0
,3493,,,,,55.5999755859375,-52.2674560546875,0.4434378112792969,-0.7475568054199219,0.0
,3494,,,,,61.065673828125,-45.15380859375,0.5298258361816407,-0.7040520446777344,0.0
,3495,,,,,61.8072509765625,-45.15380859375,0.5801670593261719,-0.6896540405273438,0.0
,3496,,,,,65.899658203125,-38.1317138671875,0.6570254699707031,-0.6257434753417969,0.0
,3497,,,,,65.5517578125,-38.1317138671875,0.709334765625,-0.5839996215820312,0.0
,3498,,,,,68.2525634765625,-32.354736328125,0.7874361694335937,-0.5252681945800781,0.0
,3499,,,,,67.1539306640625,-32.354736328125,0.8156106811523438,-0.4952291931152344,0.0
,3500,,,,,69.635009765625,-26.220703125,0.8587011108398438,-0.45762864990234375,0.0
,3501,,,,,67.8131103515625,-26.220703125,0.8954729919433594,-0.42044243774414064,0.0
,3502,,,,,72.4639892578125,-14.703369140625,0.8744456909179688,-0.406873095703125,0.0
,3503,,,,,69.927978515625,-14.703369140625,0.8940228332519532,-0.37310511474609376,0.0
,3504,,,,,77.105712890625,2.7557373046875,0.8980625610351562,-0.3396478820800781,0.0
,3505,,,,,74.2034912109375,2.7557373046875,0.9186755310058594,-0.2961431213378906,0.0
,3506,,,,,75.87890625,10.986328125,0.9292409729003906,-0.24124425659179688,0.0
,3507,,,,,68.4356689453125,10.986328125,0.96787734375,-0.16625033569335937,0.0
,3508,,,,,74.3865966796875,21.2860107421875,0.9490252807617188,-0.11135147094726563,0.0
,3509,,,,,67.822265625,21.2860107421875,0.9384598388671875,-0.061735327148437505,0.0
,3510,,,,,73.4344482421875,31.0089111328125,0.927272900390625,0.013362176513671876,0.0
,3511,,,,,64.41650390625,31.0089111328125,0.9494396118164062,0.09943945312500001,0.0
,3512,,,,,68.8568115234375,38.6993408203125,0.9168110412597656,0.15651355590820312,0.0
,3513,,,,,61.2762451171875,38.6993408203125,0.9021022888183594,0.2249817626953125,0.0
,3514,,,,,64.2333984375,43.8262939453125,0.8916404296875,0.2828845275878906,0.0
,3515,,,,,57.3394775390625,43.8262939453125,0.8856326293945312,0.35736053466796874,0.0
,3516,,,,,60.333251953125,49.017333984375,0.8755851013183594,0.4372228454589844,0.0
,3517,,,,,53.6773681640625,49.017333984375,0.8530040588378907,0.48652824096679687,0.0
,3518,,,,,54.0618896484375,49.69482421875,0.8549721313476563,0.552717626953125,0.0
,3519,,,,,42.00439453125,53.6773681640625,0.7964478698730469,0.54525966796875,0.0
,3520,,,,,22.2381591796875,57.6141357421875,0.794686962890625,0.5971546325683594,0.0
,3521,,,,,32.3089599609375,60.68115234375,0.7529431091308594,0.6047161743164062,0.0
,3522,,,,,34.38720703125,64.2791748046875,0.7445529052734375,0.6523642456054688,0.0
,3523,,,,,22.81494140625,67.7581787109375,0.6560932250976562,0.6590971252441407,0.0
,3524,,,,,24.5086669921875,70.6878662109375,0.6174568542480469,0.6863393920898437,0.0
,3525,,,,,15.3350830078125,72.857666015625,0.51211318359375,0.682817578125,0.0
,3526,,,,,16.424560546875,74.74365234375,0.4777237060546875,0.7559470092773438,0.0
,3527,,,,,6.500244140625,76.4923095703125,0.4064587646484375,0.7937547180175781,0.0
,3528,,,,,7.0587158203125,77.4627685546875,0.36564715576171875,0.8430601135253907,0.0
,3529,,,,,1.263427734375,77.9937744140625,0.2751158203125,0.8531076416015625,0.0
,3530,,,,,1.3641357421875,78.167724609375,0.21969904174804689,0.8847003845214844,0.0
,3531,,,,,-4.2938232421875,77.6824951171875,0.13496834106445313,0.9072814270019531,0.0
,3532,,,,,-4.6875,77.01416015625,0.09332807006835937,0.9335914489746094,0.0
,3533,,,,,-11.0504150390625,75.604248046875,0.027449432373046877,0.9315197937011719,0.0
,3534,,,,,-12.0758056640625,73.8372802734375,-0.0078722900390625,0.9473679565429688,0.0
,3535,,,,,-15.5731201171875,71.44775390625,-0.07696199340820313,0.937216845703125,0.0
,3536,,,,,-21.5423583984375,68.865966796875,-0.1160126953125,0.9257191589355469,0.0
,3537,,,,,-27.2552490234375,66.39404296875,-0.14853768310546875,0.9225080932617188,0.0
,3538,,,,,-32.3638916015625,64.16015625,-0.17557278442382812,0.8992019714355469,0.0
,3539,,,,,-37.8753662109375,61.6790771484375,-0.22353160400390626,0.8669877319335938,0.0
,3540,,,,,-43.4051513671875,59.1705322265625,-0.29966493530273436,0.8164393432617187,0.0
,3541,,,,,-49.3743896484375,54.6844482421875,-0.35549604492187503,0.80048759765625,0.0
,3542,,,,,-51.7181396484375,54.6844482421875,-0.4067695129394531,0.7609189819335938,0.0
,3543,,,,,-57.275390625,48.8616943359375,-0.4766878784179688,0.7291190734863281,0.0
,3544,,,,,-58.612060546875,48.8616943359375,-0.5470205749511718,0.6865465576171875,0.0
,3545,,,,,-63.5101318359375,41.9036865234375,-0.5997442016601563,0.6684195739746094,0.0
,3546,,,,,-63.8763427734375,41.9036865234375,-0.6746345397949219,0.6069949951171875,0.0
,3547,,,,,-68.6004638671875,33.1512451171875,-0.7207288696289063,0.5791312316894531,0.0
,3548,,,,,-67.547607421875,33.1512451171875,-0.7712772583007813,0.5430844299316406,0.0
,3549,,,,,-69.6533203125,27.593994140625,-0.8201683227539063,0.4953327758789063,0.0
,3550,,,,,-67.913818359375,27.593994140625,-0.8561115417480469,0.4600110534667969,0.0
,3551,,,,,-70.8343505859375,19.4549560546875,-0.8870827880859375,0.4283147277832031,0.0
,3552,,,,,-90.8294677734375,-19.482421875,-0.8969231506347657,0.41826719970703125,0.0
,3553,,,,,-80.6671142578125,-6.8939208984375,-0.9294481384277344,0.3581891967773438,0.0
,3554,,,,,-77.6824951171875,-6.8939208984375,-0.9464357116699219,0.3456556823730469,0.0
,3555,,,,,-74.1302490234375,-6.1431884765625,-0.9428103149414063,0.2888923278808594,0.0
,3556,,,,,-67.0166015625,-6.1431884765625,-0.9378383422851563,0.24331591186523438,0.0
,3557,,,,,-73.3245849609375,-17.0745849609375,-0.940531494140625,0.17049722900390626,0.0
,3558,,,,,-67.2821044921875,-17.0745849609375,-0.91650029296875,0.13652208251953124,0.0
,3559,,,,,-72.821044921875,-26.6693115234375,-0.9442604736328125,0.029728253173828125,0.0
,3560,,,,,-65.0665283203125,-26.6693115234375,-0.9260299072265625,-0.014605169677734375,0.0
,3561,,,,,-69.964599609375,-35.15625,-0.9161895446777344,-0.09146358032226563,0.0
,3562,,,,,-63.0615234375,-35.15625,-0.8907081848144531,-0.13641849975585937,0.0
,3563,,,,,-66.39404296875,-40.924072265625,-0.9063491821289062,-0.22228861083984375,0.0
,3564,,,,,-59.271240234375,-40.924072265625,-0.8803499084472657,-0.2876493347167969,0.0
,3565,,,,,-61.5875244140625,-44.9249267578125,-0.8657447387695313,-0.36823672485351566,0.0
,3566,,,,,-55.5633544921875,-44.9249267578125,-0.8307337646484375,-0.39879364013671875,0.0
,3567,,,,,-58.3648681640625,-49.7772216796875,-0.8184074157714843,-0.476480712890625,0.0
,3568,,,,,-46.76513671875,-49.7772216796875,-0.801316259765625,-0.4939861999511719,0.0
,3569,,,,,-48.0560302734375,-52.0111083984375,-0.7746954895019531,-0.5414271057128907,0.0
,3570,,,,,-37.3992919921875,-55.4534912109375,-0.7650622924804688,-0.5783025695800782,0.0
,3571,,,,,-39.532470703125,-59.14306640625,-0.7266330871582032,-0.6077200744628907,0.0
,3572,,,,,-27.392578125,-63.336181640625,-0.6756703674316407,-0.6147637023925782,0.0
,3573,,,,,-29.534912109375,-67.0440673828125,-0.63806982421875,-0.6519499145507812,0.0
,3574,,,,,-20.4071044921875,-69.5892333984375,-0.5780954040527344,-0.6548502319335938,0.0
,3575,,,,,-21.826171875,-72.052001953125,-0.5270291015625,-0.7037412963867188,0.0
,3576,,,,,-11.810302734375,-73.93798828125,-0.4728553161621094,-0.7458994812011719,0.0
,3577,,,,,-12.6251220703125,-75.3387451171875,-0.42085676879882816,-0.7987266906738282,0.0
,3578,,,,,-4.7882080078125,-75.6500244140625,-0.3355045715332031,-0.8189253295898438,0.0
,3579,,,,,-4.852294921875,-75.76904296875,-0.24766638793945314,-0.8220328125,0.0
,3580,,,,,1.1077880859375,-75.531005859375,-0.2022971374511719,-0.8622229248046875,0.0
,3581,,,,,1.57470703125,-74.7161865234375,-0.14107972412109376,-0.8885329467773437,0.0
,3582,,,,,7.086181640625,-73.9013671875,-0.05779918212890625,-0.9048990234375001,0.0
,3583,,,,,7.635498046875,-72.94921875,-0.03138557739257813,-0.9285158935546876,0.0
,3584,,,,,14.4195556640625,-71.1456298828125,0.030867663574218752,-0.9153608825683595,0.0
,3585,,,,,15.56396484375,-69.158935546875,0.055831109619140624,-0.9115283203125,0.0
,3586,,,,,21.38671875,-66.9708251953125,0.10006094970703125,-0.9055205200195313,0.0
,3587,,,,,26.66015625,-65.0848388671875,0.1106263916015625,-0.9228188415527344,0.0
,3588,,,,,32.318115234375,-62.8692626953125,0.15433831787109376,-0.8945407470703125,0.0
,3589,,,,,38.5345458984375,-60.16845703125,0.17774802246093752,-0.8718561218261719,0.0
,3590,,,,,45.3277587890625,-55.37109375,0.24352307739257814,-0.8266940368652343,0.0
,3591,,,,,48.1842041015625,-55.37109375,0.2692116027832031,-0.8184074157714843,0.0
,3592,,,,,54.034423828125,-49.4659423828125,0.3416159545898438,-0.7830856933593751,0.0
,3593,,,,,55.938720703125,-49.4659423828125,0.3933037536621094,-0.7450708190917968,0.0
,3594,,,,,61.12060546875,-43.2586669921875,0.48342075805664064,-0.7162748107910156,0.0
,3595,,,,,61.85302734375,-43.2586669921875,0.5472277404785156,-0.6682124084472656,0.0
,3596,,,,,66.8975830078125,-35.2935791015625,0.6154887817382813,-0.6247076477050781,0.0
,3597,,,,,66.6961669921875,-35.2935791015625,0.678674267578125,-0.5864856079101562,0.0
,3598,,,,,69.268798828125,-29.736328125,0.7402024291992187,-0.5346942260742188,0.0
,3599,,,,,68.2891845703125,-29.736328125,0.7819462829589844,-0.4932611206054688,0.0
,3600,,,,,70.7427978515625,-22.705078125,0.8067025634765626,-0.46891917114257814,0.0
,3601,,,,,68.0694580078125,-22.705078125,0.8232758056640626,-0.44437005615234376,0.0
,3602,,,,,71.9879150390625,-11.865234375,0.8616014282226563,-0.3974470642089844,0.0
,3603,,,,,69.561767578125,-11.865234375,0.8720632873535157,-0.3610895141601563,0.0
,3604,,,,,75.9796142578125,3.4698486328125,0.8591154418945313,-0.3351938232421875,0.0
,3605,,,,,72.857666015625,3.4698486328125,0.8925726745605469,-0.2751158203125,0.0
,3606,,,,,74.6978759765625,11.846923828125,0.8877042846679688,-0.22974656982421876,0.0
,3607,,,,,69.1131591796875,11.846923828125,0.8799355773925781,-0.17515845336914063,0.0
,3608,,,,,74.9359130859375,21.9268798828125,0.87340986328125,-0.10472217407226563,0.0
,3609,,,,,67.8131103515625,21.9268798828125,0.9030345336914063,-0.023513287353515627,0.0
,3610,,,,,72.674560546875,30.3497314453125,0.8694737182617188,0.0236168701171875,0.0
,3611,,,,,66.0003662109375,30.3497314453125,0.8777603393554688,0.09353523559570313,0.0
,3612,,,,,70.953369140625,38.9373779296875,0.8729955322265626,0.18738121948242187,0.0
,3613,,,,,62.3565673828125,38.9373779296875,0.8630515869140625,0.2581282470703125,0.0
,3614,,,,,64.34326171875,42.388916015625,0.84689267578125,0.3145808532714844,0.0
,3615,,,,,60.0494384765625,42.388916015625,0.8421278686523438,0.3807702392578125,0.0
,3616,,,,,63.1256103515625,47.71728515625,0.8423350341796876,0.44954919433593754,0.0
,3617,,,,,53.7872314453125,47.71728515625,0.8445102722167969,0.49802592773437504,0.0
,3618,,,,,56.5704345703125,52.532958984375,0.8275226989746094,0.5525104614257813,0.0
,3619,,,,,44.110107421875,52.532958984375,0.7704485961914063,0.5541677856445313,0.0
,3620,,,,,18.6859130859375,56.2408447265625,0.7541861022949219,0.5874178527832031,0.0
,3621,,,,,32.5836181640625,60.0494384765625,0.7061236999511719,0.59166474609375,0.0
,3622,,,,,34.7625732421875,63.83056640625,0.7016696411132812,0.6470815246582031,0.0
,3623,,,,,25.0030517578125,66.8060302734375,0.60823798828125,0.6375519104003906,0.0
,3624,,,,,26.495361328125,69.3878173828125,0.5960152221679688,0.6784671020507813,0.0
,3625,,,,,16.497802734375,71.466064453125,0.5212284667968751,0.6801244262695313,0.0
,3626,,,,,17.523193359375,73.2513427734375,0.5027907348632813,0.779771044921875,0.0
,3627,,,,,8.67919921875,74.1668701171875,0.41640270996093753,0.8162321777343751,0.0
,3628,,,,,8.9263916015625,74.6063232421875,0.38563862915039065,0.88335380859375,0.0
,3629,,,,,-0.1922607421875,74.7802734375,0.28837441406250003,0.8727883666992188,0.0
,3630,,,,,-0.29296875,74.6063232421875,0.23192180786132813,0.8958873229980469,0.0
,3631,,,,,-4.705810546875,73.8555908203125,0.14936634521484377,0.9155680480957031,0.0
,3632,,,,,-5.0079345703125,73.3428955078125,0.10575800170898438,0.9375275939941407,0.0
,3633,,,,,-12.176513671875,72.18017578125,0.058938592529296875,0.9527542602539063,0.0
,3634,,,,,-13.0279541015625,70.7061767578125,0.01760906982421875,0.9497503601074219,0.0
,3635,,,,,-20.0592041015625,69.287109375,-0.048373150634765626,0.9246833312988282,0.0
,3636,,,,,-20.9930419921875,67.67578125,-0.08845968017578125,0.9249940795898438,0.0
,3637,,,,,-26.7425537109375,65.33203125,-0.13558983764648438,0.9128748962402344,0.0
,3638,,,,,-33.544921875,62.6312255859375,-0.146673193359375,0.9048990234375001,0.0
,3639,,,,,-41.1346435546875,57.8338623046875,-0.1985681579589844,0.8787961669921875,0.0
,3640,,,,,-44.5953369140625,57.8338623046875,-0.2710760925292969,0.8305265991210937,0.0
,3641,,,,,-51.4617919921875,51.30615234375,-0.31427010498046876,0.8167500915527344,0.0
,3642,,,,,-53.8238525390625,51.30615234375,-0.37414094238281254,0.7829821105957031,0.0
,3643,,,,,-59.3994140625,45.172119140625,-0.4409518249511719,0.7472460571289062,0.0
,3644,,,,,-60.662841796875,45.172119140625,-0.501340576171875,0.6932794372558594,0.0
,3645,,,,,-65.679931640625,37.939453125,-0.5758165832519532,0.6378626586914062,0.0
,3646,,,,,-66.064453125,37.939453125,-0.6344444274902344,0.6006764465332032,0.0
,3647,,,,,-70.12939453125,31.16455078125,-0.6702840637207031,0.5749879211425781,0.0
,3648,,,,,-69.3511962890625,31.16455078125,-0.7109920898437501,0.5548928649902344,0.0
,3649,,,,,-70.916748046875,26.898193359375,-0.7710700927734375,0.491396630859375,0.0
,3650,,,,,-69.6533203125,26.898193359375,-0.8086706359863282,0.44944561157226565,0.0
,3651,,,,,-72.967529296875,17.4957275390625,-0.8564222900390626,0.4211675170898438,0.0
,3652,,,,,-90.985107421875,-17.523193359375,-0.8923655090332031,0.385327880859375,0.0
,3653,,,,,-82.6080322265625,-6.5093994140625,-0.9028273681640625,0.3236961364746094,0.0
,3654,,,,,-79.8797607421875,-6.5093994140625,-0.8952658264160156,0.2994577697753906,0.0
,3655,,,,,-76.7303466796875,-6.6650390625,-0.904070361328125,0.24373024291992187,0.0
,3656,,,,,-70.697021484375,-6.6650390625,-0.9215758483886719,0.19742874755859374,0.0
,3657,,,,,-76.4739990234375,-16.6717529296875,-0.928930224609375,0.1321716064453125,0.0
,3658,,,,,-70.733642578125,-16.6717529296875,-0.9144286376953126,0.10492933959960937,0.0
,3659,,,,,-76.2725830078125,-26.275634765625,-0.9121498168945312,0.010979772949218751,0.0
,3660,,,,,-68.4173583984375,-26.275634765625,-0.8987876403808595,-0.03407872924804688,0.0
,3661,,,,,-72.9400634765625,-34.1217041015625,-0.9302768005371094,-0.130099951171875,0.0
,3662,,,,,-66.1468505859375,-34.1217041015625,-0.8928834228515625,-0.1491591796875,0.0
,3663,,,,,-69.2413330078125,-39.4866943359375,-0.8928834228515625,-0.2287107421875,0.0
,3664,,,,,-62.347412109375,-39.4866943359375,-0.8818000671386719,-0.30722647705078127,0.0
,3665,,,,,-65.277099609375,-44.5587158203125,-0.8622229248046875,-0.38636370849609375,0.0
,3666,,,,,-58.6944580078125,-44.5587158203125,-0.8578724487304688,-0.43484044189453125,0.0
,3667,,,,,-61.5325927734375,-49.4842529296875,-0.842024285888672,-0.48839273071289063,0.0
,3668,,,,,-48.8525390625,-49.4842529296875,-0.8225507263183593,-0.5066232971191407,0.0
,3669,,,,,-50.72021484375,-52.716064453125,-0.8276262817382812,-0.5664941345214843,0.0
,3670,,,,,-39.7064208984375,-56.011962890625,-0.8053559875488282,-0.5939435668945313,0.0
,3671,,,,,-41.619873046875,-59.3353271484375,-0.7702414306640625,-0.6429382141113281,0.0
,3672,,,,,-28.89404296875,-62.640380859375,-0.7595724060058594,-0.6854071472167969,0.0
,3673,,,,,-31.01806640625,-66.32080078125,-0.6897576232910156,-0.7097490966796876,0.0
,3674,,,,,-20.4345703125,-69.158935546875,-0.6397271484375,-0.74248125,0.0
,3675,,,,,-21.56982421875,-71.1273193359375,-0.5829637939453125,-0.7780101379394532,0.0
,3676,,,,,-11.2335205078125,-72.930908203125,-0.4995796691894531,-0.7861931762695312,0.0
,3677,,,,,-12.139892578125,-74.505615234375,-0.44830620117187503,-0.8247259643554687,0.0
,3678,,,,,-3.314208984375,-75.494384765625,-0.3991043884277344,-0.8719597045898437,0.0
,3679,,,,,-3.4332275390625,-75.7049560546875,-0.31768833618164066,-0.8771388427734376,0.0
,3680,,,,,4.3121337890625,-75.5859375,-0.24279799804687502,-0.9071778442382813,0.0
,3681,,,,,4.5135498046875,-75.238037109375,-0.1836522399902344,-0.922404510498047,0.0
,3682,,,,,10.0341796875,-74.3682861328125,-0.11238729858398439,-0.9176397033691407,0.0
,3683,,,,,10.455322265625,-73.64501953125,-0.047337322998046875,-0.9173289550781251,0.0
,3684,,,,,17.4407958984375,-72.36328125,0.00932244873046875,-0.9271693176269532,0.0
,3685,,,,,18.5302734375,-70.477294921875,0.028899591064453126,-0.9418780700683594,0.0
,3686,,,,,23.69384765625,-67.6849365234375,0.09011700439453126,-0.9252012451171875,0.0
,3687,,,,,29.1046142578125,-65.203857421875,0.09581405639648438,-0.9350416076660156,0.0
,3688,,,,,34.7076416015625,-62.8509521484375,0.13952598266601562,-0.9328663696289062,0.0
,3689,,,,,40.2008056640625,-60.2691650390625,0.16894348754882813,-0.9177432861328125,0.0
,3690,,,,,48.0194091796875,-53.759765625,0.25450285034179687,-0.8834573913574219,0.0
,3691,,,,,51.0772705078125,-53.759765625,0.30266883544921874,-0.844406689453125,0.0
,3692,,,,,56.50634765625,-48.577880859375,0.3520778137207031,-0.8174751708984376,0.0
,3693,,,,,58.502197265625,-48.577880859375,0.3970327331542969,-0.7802889587402344,0.0
,3694,,,,,64.2974853515625,-42.15087890625,0.46695109863281253,-0.7371985290527344,0.0
,3695,,,,,65.4327392578125,-42.15087890625,0.5271326843261719,-0.6859250610351563,0.0
,3696,,,,,69.8455810546875,-35.0738525390625,0.5870035217285157,-0.6409701416015625,0.0
,3697,,,,,70.0103759765625,-35.0738525390625,0.66458701171875,-0.5859676940917969,0.0
,3698,,,,,72.4090576171875,-30.28564453125,0.721764697265625,-0.5329333190917969,0.0
,3699,,,,,71.3470458984375,-30.28564453125,0.7743847412109375,-0.5005119140625001,0.0
,3700,,,,,73.3062744140625,-24.5361328125,0.8274191162109376,-0.47233740234375,0.0
,3701,,,,,70.9075927734375,-24.5361328125,0.8754815185546875,-0.4028333679199219,0.0
,3702,,,,,75.5035400390625,-12.689208984375,0.9029309509277345,-0.37300153198242186,0.0
,3703,,,,,72.6837158203125,-12.689208984375,0.9293445556640625,-0.3351938232421875,0.0
,3704,,,,,78.717041015625,2.67333984375,0.9246833312988282,-0.31344144287109377,0.0
,3705,,,,,75.732421875,2.67333984375,0.955550994873047,-0.25874974365234377,0.0
,3706,,,,,77.581787109375,11.1053466796875,0.9152572998046875,-0.21369124145507812,0.0
,3707,,,,,71.44775390625,11.1053466796875,0.9209543518066406,-0.15599564208984376,0.0
,3708,,,,,77.3529052734375,21.3409423828125,0.9254084106445313,-0.06898612060546876,0.0
,3709,,,,,71.5118408203125,21.3409423828125,0.9518220153808594,0.007354376220703125,0.0
,3710,,,,,75.677490234375,28.546142578125,0.938977752685547,0.07520108642578126,0.0
,3711,,,,,67.3736572265625,28.546142578125,0.94136015625,0.14532661743164063,0.0
,3712,,,,,72.65625,37.6922607421875,0.9331771179199219,0.2117231689453125,0.0
,3713,,,,,64.178466796875,37.6922607421875,0.9422924011230469,0.29044606933593753,0.0
,3714,,,,,65.7440185546875,40.411376953125,0.9327627868652344,0.3460700134277344,0.0
,3715,,,,,59.344482421875,40.411376953125,0.9200221069335938,0.40832325439453127,0.0
,3716,,,,,62.6678466796875,46.160888671875,0.9055205200195313,0.46726184692382816,0.0
,3717,,,,,54.2266845703125,46.160888671875,0.9004449645996094,0.5277541809082031,0.0
,3718,,,,,56.597900390625,50.2716064453125,0.9084208374023438,0.5838960388183594,0.0
,3719,,,,,41.85791015625,50.2716064453125,0.8531076416015625,0.5770595764160157,0.0
,3720,,,,,18.71337890625,54.6661376953125,0.850310906982422,0.62481123046875,0.0
,3721,,,,,31.1737060546875,58.8226318359375,0.7723130859375,0.6064770812988282,0.0
,3722,,,,,33.2427978515625,62.4114990234375,0.7626798889160157,0.6515355834960938,0.0
,3723,,,,,22.7142333984375,65.8538818359375,0.6555753112792969,0.6529857421875,0.0
,3724,,,,,24.4537353515625,68.865966796875,0.6361017517089844,0.6937973510742188,0.0
,3725,,,,,14.3463134765625,70.587158203125,0.5635938171386718,0.7262187561035156,0.0
,3726,,,,,15.1702880859375,72.0062255859375,0.5288935913085938,0.7976908630371095,0.0
,3727,,,,,5.7769775390625,72.9949951171875,0.4509993530273438,0.8253474609375,0.0
,3728,,,,,6.097412109375,73.5443115234375,0.4117414855957031,0.8617050109863281,0.0
,3729,,,,,-2.34375,74.102783203125,0.3336400817871094,0.8666769836425782,0.0
,3730,,,,,-2.4627685546875,73.8922119140625,0.2706617614746094,0.8975446472167969,0.0
,3731,,,,,-7.7178955078125,73.2147216796875,0.17878385009765627,0.8976482299804688,0.0
,3732,,,,,-8.0841064453125,72.5738525390625,0.12025958862304688,0.9138071411132813,0.0
,3733,,,,,-14.1082763671875,71.502685546875,0.0774799072265625,0.9464357116699219,0.0
,3734,,,,,-14.9322509765625,70.0653076171875,0.051687799072265624,0.9619731262207032,0.0
,3735,,,,,-18.3197021484375,68.00537109375,-0.024134783935546876,0.9343165283203125,0.0
,3736,,,,,-23.6572265625,65.9454345703125,-0.0799658935546875,0.9030345336914063,0.0
,3737,,,,,-28.7567138671875,63.482666015625,-0.11746285400390626,0.8878078674316406,0.0
,3738,,,,,-34.2498779296875,61.19384765625,-0.1708079772949219,0.8505180725097656,0.0
,3739,,,,,-42.07763671875,55.755615234375,-0.214623486328125,0.827833447265625,0.0
,3740,,,,,-46.014404296875,55.755615234375,-0.24890938110351563,0.8025592529296875,0.0
,3741,,,,,-51.5899658203125,51.361083984375,-0.3133378601074219,0.7782173034667969,0.0
,3742,,,,,-54.01611328125,51.361083984375,-0.3742445251464844,0.7479711364746094,0.0
,3743,,,,,-59.2803955078125,45.904541015625,-0.44861694946289066,0.6936937683105469,0.0
,3744,,,,,-61.12060546875,45.904541015625,-0.5156349975585938,0.6469779418945313,0.0
,3745,,,,,-65.8172607421875,39.788818359375,-0.5773703247070313,0.6065806640625,0.0
,3746,,,,,-66.0552978515625,39.788818359375,-0.6251219787597656,0.57011953125,0.0
,3747,,,,,-69.580078125,34.09423828125,-0.6854071472167969,0.5214356323242187,0.0
,3748,,,,,-69.0032958984375,34.09423828125,-0.7236291870117187,0.5089021179199219,0.0
,3749,,,,,-70.7977294921875,29.18701171875,-0.7956192077636719,0.45369250488281254,0.0
,3750,,,,,-69.25048828125,29.18701171875,-0.8317695922851562,0.4397088317871094,0.0
,3751,,,,,-72.8851318359375,19.610595703125,-0.8636730834960937,0.39257867431640625,0.0
,3752,,,,,-92.8070068359375,-19.6380615234375,-0.8955765747070312,0.37186212158203125,0.0
,3753,,,,,-83.1939697265625,-7.7362060546875,-0.9161895446777344,0.31654892578125,0.0
,3754,,,,,-80.5755615234375,-7.7362060546875,-0.9242690002441406,0.29893985595703126,0.0
,3755,,,,,-75.4669189453125,-3.2867431640625,-0.9419816528320313,0.22860715942382814,0.0
,3756,,,,,-72.6470947265625,-3.2867431640625,-0.9353523559570313,0.20695836181640626,0.0
,3757,,,,,-75.62255859375,-14.1632080078125,-0.9534793395996094,0.12481723022460937,0.0
,3758,,,,,-69.561767578125,-14.1632080078125,-0.9507861877441407,0.07861931762695312,0.0
,3759,,,,,-74.8260498046875,-23.272705078125,-0.9476787048339844,-0.002175238037109375,0.0
,3760,,,,,-66.6412353515625,-23.272705078125,-0.9446748046875,-0.06639655151367188,0.0
,3761,,,,,-71.81396484375,-32.2265625,-0.9580369812011719,-0.14698394165039064,0.0
,3762,,,,,-63.7115478515625,-32.2265625,-0.932244873046875,-0.17360471191406252,0.0
,3763,,,,,-66.7144775390625,-37.4267578125,-0.9464357116699219,-0.259371240234375,0.0
,3764,,,,,-59.033203125,-37.4267578125,-0.9279979797363281,-0.3220388122558594,0.0
,3765,,,,,-62.457275390625,-43.3502197265625,-0.8954729919433594,-0.3909213500976563,0.0
,3766,,,,,-55.4718017578125,-43.3502197265625,-0.8631551696777344,-0.42261767578125004,0.0
,3767,,,,,-57.9437255859375,-47.625732421875,-0.8621193420410157,-0.4933647033691406,0.0
,3768,,,,,-47.1038818359375,-47.625732421875,-0.8346699096679687,-0.5198818908691406,0.0
,3769,,,,,-48.687744140625,-50.3631591796875,-0.8067025634765626,-0.5512674682617188,0.0
,3770,,,,,-36.9964599609375,-54.473876953125,-0.8018341735839845,-0.56846220703125,0.0
,3771,,,,,-38.96484375,-57.879638671875,-0.776456396484375,-0.6038875122070313,0.0
,3772,,,,,-26.4678955078125,-61.3128662109375,-0.7276689147949219,-0.6185962646484375,0.0
,3773,,,,,-28.619384765625,-65.0482177734375,-0.6657264221191407,-0.6411773071289063,0.0
,3774,,,,,-18.1640625,-68.2708740234375,-0.6255363098144532,-0.6771205261230469,0.0
,3775,,,,,-19.3634033203125,-70.34912109375,-0.5923898254394532,-0.72425068359375,0.0
,3776,,,,,-8.660888671875,-72.32666015625,-0.5258896911621094,-0.7579150817871094,0.0
,3777,,,,,-9.70458984375,-74.1302490234375,-0.46311853637695316,-0.7844322692871094,0.0
,3778,,,,,-0.84228515625,-74.96337890625,-0.4172313720703125,-0.8298015197753906,0.0
,3779,,,,,-0.9063720703125,-75.0640869140625,-0.33881921997070313,-0.8464783447265626,0.0
,3780,,,,,6.610107421875,-75.0823974609375,-0.2663112854003906,-0.8854254638671876,0.0
,3781,,,,,6.7108154296875,-74.908447265625,-0.19535709228515627,-0.8927798400878907,0.0
,3782,,,,,11.8927001953125,-74.1302490234375,-0.11922376098632813,-0.8913296813964844,0.0
,3783,,,,,12.5244140625,-73.040771484375,-0.04826956787109375,-0.8870827880859375,0.0
,3784,,,,,18.035888671875,-71.6033935546875,0.019887890625,-0.8864612915039063,0.0
,3785,,,,,19.1619873046875,-69.6441650390625,0.03542530517578125,-0.9069706787109375,0.0
,3786,,,,,24.5635986328125,-67.1173095703125,0.10171827392578126,-0.8992019714355469,0.0
,3787,,,,,29.55322265625,-65.0848388671875,0.11342312622070314,-0.9130820617675781,0.0
,3788,,,,,35.15625,-62.9058837890625,0.15796371459960937,-0.8923655090332031,0.0
,3789,,,,,41.0980224609375,-60.1318359375,0.181477001953125,-0.8581831970214844,0.0
,3790,,,,,47.64404296875,-55.33447265625,0.25129178466796875,-0.8251402954101563,0.0
,3791,,,,,50.3265380859375,-55.33447265625,0.31841341552734376,-0.7855716796875001,0.0
,3792,,,,,55.718994140625,-50.0885009765625,0.37714484252929686,-0.7470388916015626,0.0
,3793,,,,,57.9986572265625,-50.0885009765625,0.41961377563476565,-0.7074702758789063,0.0
,3794,,,,,63.1072998046875,-44.3572998046875,0.49295037231445316,-0.6730807983398438,0.0
,3795,,,,,64.0045166015625,-44.3572998046875,0.5644224792480469,-0.6363089172363281,0.0
,3796,,,,,68.00537109375,-38.7451171875,0.6242933166503907,-0.6021266052246094,0.0
,3797,,,,,67.96875,-38.7451171875,0.6889289611816406,-0.5479528198242187,0.0
,3798,,,,,70.257568359375,-33.3251953125,0.7435170776367188,-0.4997868347167969,0.0
,3799,,,,,68.792724609375,-33.3251953125,0.794686962890625,-0.46270420532226564,0.0
,3800,,,,,71.1090087890625,-26.6876220703125,0.8358093200683594,-0.44312706298828125,0.0
,3801,,,,,68.7469482421875,-26.6876220703125,0.8865648742675781,-0.4044906921386719,0.0
,3802,,,,,73.3428955078125,-14.2547607421875,0.9199185241699219,-0.364611328125,0.0
,3803,,,,,70.7427978515625,-14.2547607421875,0.9213686828613281,-0.3456556823730469,0.0
,3804,,,,,74.853515625,-2.2796630859375,0.9073850097656251,-0.3174811706542969,0.0
,3805,,,,,72.235107421875,-2.2796630859375,0.9212651000976563,-0.2705581787109375,0.0
,3806,,,,,76.300048828125,8.9080810546875,0.9429138977050782,-0.19618575439453126,0.0
,3807,,,,,69.43359375,8.9080810546875,0.9419816528320313,-0.14429078979492188,0.0
,3808,,,,,75.0274658203125,18.585205078125,0.9307947143554688,-0.09281015625,0.0
,3809,,,,,68.6279296875,18.585205078125,0.9648734436035157,-0.0053863037109375,0.0
,3810,,,,,73.9105224609375,27.7313232421875,0.9576226501464844,0.06463564453125001,0.0
,3811,,,,,65.22216796875,27.7313232421875,0.9519255981445313,0.10751890869140625,0.0
,3812,,,,,70.1751708984375,36.309814453125,0.9333842834472657,0.1744333740234375,0.0
,3813,,,,,61.395263671875,36.309814453125,0.9383562561035157,0.2652754577636719,0.0
,3814,,,,,64.74609375,42.1142578125,0.9133928100585937,0.328978857421875,0.0
,3815,,,,,57.6507568359375,42.1142578125,0.8914332641601562,0.37610901489257814,0.0
,3816,,,,,60.4339599609375,46.9390869140625,0.8903974365234375,0.44644171142578126,0.0
,3817,,,,,53.5400390625,46.9390869140625,0.9011700439453125,0.5144955871582031,0.0
,3818,,,,,56.2957763671875,51.7181396484375,0.8978553955078126,0.5641117309570313,0.0
,3819,,,,,41.839599609375,51.7181396484375,0.841920703125,0.5475384887695313,0.0
,3820,,,,,20.0775146484375,55.535888671875,0.8490679138183594,0.6021266052246094,0.0
,3821,,,,,31.3201904296875,59.1339111328125,0.7850537658691407,0.5910432495117187,0.0
,3822,,,,,33.43505859375,62.80517578125,0.7685841064453125,0.6282294616699219,0.0
,3823,,,,,20.7000732421875,66.4764404296875,0.6966976684570313,0.6386913208007813,0.0
,3824,,,,,22.613525390625,69.8089599609375,0.6754632019042969,0.6879967163085938,0.0
,3825,,,,,13.0279541015625,72.0062255859375,0.5762309143066406,0.6900683715820313,0.0
,3826,,,,,14.1357421875,73.9288330078125,0.5407020263671876,0.7619548095703125,0.0
,3827,,,,,4.5318603515625,75.2105712890625,0.43090429687500004,0.75739716796875,0.0
,3828,,,,,4.94384765625,75.91552734375,0.4057336853027344,0.8182002502441407,0.0
,3829,,,,,-3.3233642578125,76.35498046875,0.34617359619140625,0.8401597961425782,0.0
,3830,,,,,-3.057861328125,76.8218994140625,0.2669327819824219,0.8730991149902344,0.0
,3831,,,,,-7.94677734375,76.4923095703125,0.17826593627929688,0.8798319946289063,0.0
,3832,,,,,-8.38623046875,75.732421875,0.11673777465820313,0.9097674133300782,0.0
,3833,,,,,-14.0350341796875,74.67041015625,0.051791381835937504,0.9304839660644532,0.0
,3834,,,,,-14.8956298828125,73.1781005859375,0.022477459716796877,0.9424995666503907,0.0
,3835,,,,,-17.889404296875,71.0357666015625,-0.04536925048828125,0.9118390686035156,0.0
,3836,,,,,-23.84033203125,69.012451171875,-0.09964661865234375,0.8915368469238282,0.0
,3837,,,,,-29.5440673828125,66.68701171875,-0.13072144775390626,0.8867720397949219,0.0
,3838,,,,,-34.82666015625,64.398193359375,-0.16718258056640625,0.8694737182617188,0.0
,3839,,,,,-41.9769287109375,59.2529296875,-0.20934076538085938,0.8651232421875,0.0
,3840,,,,,-45.6756591796875,59.2529296875,-0.25709241943359373,0.8416099548339844,0.0
,3841,,,,,-51.416015625,54.583740234375,-0.3210029846191406,0.8148856018066406,0.0
,3842,,,,,-53.631591796875,54.583740234375,-0.4044906921386719,0.7497320434570313,0.0
,3843,,,,,-58.8592529296875,49.47509765625,-0.493053955078125,0.695247509765625,0.0
,3844,,,,,-60.260009765625,49.47509765625,-0.5446381713867188,0.6799172607421875,0.0
,3845,,,,,-65.5426025390625,41.5740966796875,-0.6083415710449219,0.6481173522949218,0.0
,3846,,,,,-65.7806396484375,41.5740966796875,-0.6660371704101563,0.60823798828125,0.0
,3847,,,,,-68.3258056640625,36.859130859375,-0.7296369873046875,0.5492993957519532,0.0
,3848,,,,,-67.34619140625,36.859130859375,-0.7850537658691407,0.5093164489746094,0.0
,3849,,,,,-70.27587890625,29.91943359375,-0.8412992065429687,0.45358892211914065,0.0
,3850,,,,,-68.609619140625,29.91943359375,-0.8917440124511719,0.43287236938476564,0.0
,3851,,,,,-71.4569091796875,21.3592529296875,-0.9235439208984375,0.39392525024414066,0.0
,3852,,,,,-69.2138671875,21.3592529296875,-0.9295517211914063,0.3860529602050781,0.0
,3853,,,,,-74.2950439453125,8.441162109375,-0.9331771179199219,0.33871563720703124,0.0
,3854,,,,,-80.7952880859375,-8.4686279296875,-0.9561724914550781,0.30556915283203123,0.0
,3855,,,,,-75.164794921875,-3.80859375,-0.9718134887695313,0.24093350830078125,0.0
,3856,,,,,-72.39990234375,-3.80859375,-0.9579333984375,0.22622475585937502,0.0
,3857,,,,,-75.933837890625,-14.666748046875,-0.9717099060058594,0.1321716064453125,0.0
,3858,,,,,-68.6920166015625,-14.666748046875,-0.9516148498535156,0.0998537841796875,0.0
,3859,,,,,-74.3133544921875,-24.3988037109375,-0.9600050537109376,0.015433831787109376,0.0
,3860,,,,,-67.218017578125,-24.3988037109375,-0.9584513122558594,-0.027035101318359376,0.0
,3861,,,,,-72.65625,-33.819580078125,-0.9575190673828126,-0.09995736694335938,0.0
,3862,,,,,-62.896728515625,-33.819580078125,-0.9419816528320313,-0.1542347351074219,0.0
,3863,,,,,-67.1722412109375,-41.2353515625,-0.94964677734375,-0.22363518676757813,0.0
,3864,,,,,-59.1522216796875,-41.2353515625,-0.9017915405273438,-0.27294058227539064,0.0
,3865,,,,,-61.99951171875,-46.1700439453125,-0.9089387512207031,-0.38615654296875,0.0
,3866,,,,,-54.8675537109375,-46.1700439453125,-0.8921583435058594,-0.43090429687500004,0.0
,3867,,,,,-57.5042724609375,-50.7476806640625,-0.8519682312011719,-0.46933350219726566,0.0
,3868,,,,,-48.1201171875,-50.7476806640625,-0.8156106811523438,-0.48590674438476567,0.0
,3869,,,,,-49.0631103515625,-52.3773193359375,-0.8185109985351563,-0.5506459716796875,0.0
,3870,,,,,-35.980224609375,-56.1492919921875,-0.8101207946777343,-0.570948193359375,0.0
,3871,,,,,-38.104248046875,-59.820556640625,-0.7713808410644531,-0.598397625732422,0.0
,3872,,,,,-26.7608642578125,-63.1439208984375,-0.7299477355957031,-0.6169389404296876,0.0
,3873,,,,,-28.8848876953125,-66.815185546875,-0.6924507751464843,-0.6632404357910157,0.0
,3874,,,,,-17.047119140625,-70.147705078125,-0.6522606628417968,-0.7071595275878907,0.0
,3875,,,,,-18.5760498046875,-72.7935791015625,-0.5889715942382813,-0.7381307739257813,0.0
,3876,,,,,-10.0982666015625,-74.6337890625,-0.4944005310058594,-0.7489033813476563,0.0
,3877,,,,,-10.894775390625,-76.0162353515625,-0.4185779479980469,-0.7710700927734375,0.0
,3878,,,,,-1.2451171875,-77.069091796875,-0.35301005859375,-0.7984159423828125,0.0
,3879,,,,,-1.611328125,-77.7099609375,-0.28951382446289065,-0.8214113159179688,0.0
,3880,,,,,3.0303955078125,-77.6458740234375,-0.2191811279296875,-0.847721337890625,0.0
,3881,,,,,3.167724609375,-77.398681640625,-0.13434684448242187,-0.859322607421875,0.0
,3882,,,,,9.5672607421875,-76.46484375,-0.05324154052734375,-0.8746528564453125,0.0
,3883,,,,,10.4644775390625,-74.908447265625,-0.023306121826171877,-0.8977518127441406,0.0
,3884,,,,,15.728759765625,-73.1048583984375,0.022063128662109376,-0.9173289550781251,0.0
,3885,,,,,16.900634765625,-71.08154296875,0.023720452880859375,-0.9494396118164062,0.0
,3886,,,,,22.6776123046875,-68.44482421875,0.08607727661132812,-0.9416709045410157,0.0
,3887,,,,,28.3538818359375,-66.192626953125,0.13486475830078126,-0.9161895446777344,0.0
,3888,,,,,33.599853515625,-63.629150390625,0.21016942749023437,-0.8862541259765625,0.0
,3889,,,,,38.6627197265625,-61.5325927734375,0.23067881469726564,-0.8620157592773438,0.0
,3890,,,,,44.8150634765625,-56.25,0.31147337036132816,-0.8296979370117188,0.0
,3891,,,,,47.900390625,-56.25,0.348866748046875,-0.8201683227539063,0.0
,3892,,,,,53.4942626953125,-51.1962890625,0.40604443359375003,-0.8064953979492188,0.0
,3893,,,,,55.078125,-51.1962890625,0.4477882873535156,-0.7803925415039062,0.0
,3894,,,,,60.3973388671875,-43.9178466796875,0.54525966796875,-0.7272545837402344,0.0
,3895,,,,,60.8551025390625,-43.9178466796875,0.6217037475585938,-0.6590971252441407,0.0
,3896,,,,,65.1763916015625,-36.822509765625,0.6754632019042969,-0.6285402099609375,0.0
,3897,,,,,64.63623046875,-36.822509765625,0.7121315002441406,-0.592493408203125,0.0
,3898,,,,,66.961669921875,-31.8878173828125,0.7562577575683594,-0.5489886474609376,0.0
,3899,,,,,66.1651611328125,-31.8878173828125,0.8044237426757813,-0.5074519592285156,0.0
,3900,,,,,68.4722900390625,-26.220703125,0.8613942626953125,-0.4583537292480469,0.0
,3901,,,,,66.6961669921875,-26.220703125,0.8881186157226563,-0.4090483337402344,0.0
,3902,,,,,71.0906982421875,-15.1153564453125,0.8905010192871095,-0.3832562255859375,0.0
,3903,,,,,68.66455078125,-15.1153564453125,0.9128748962402344,-0.34938466186523437,0.0
,3904,,,,,75.494384765625,2.2247314453125,0.9135999755859375,-0.32773586425781254,0.0
,3905,,,,,72.4365234375,2.2247314453125,0.9418780700683594,-0.28247019653320316,0.0
,3906,,,,,74.2950439453125,10.3271484375,0.9132892272949219,-0.2357543701171875,0.0
,3907,,,,,67.236328125,10.3271484375,0.9196077758789063,-0.18137341918945313,0.0
,3908,,,,,73.5443115234375,21.258544921875,0.9219901794433594,-0.11818793334960938,0.0
,3909,,,,,66.68701171875,21.258544921875,0.92312958984375,-0.063806982421875,0.0
,3910,,,,,71.4752197265625,29.55322265625,0.9152572998046875,0.0103582763671875,0.0
,3911,,,,,63.09814453125,29.55322265625,0.9333842834472657,0.07447600708007812,0.0
,3912,,,,,68.1884765625,38.3697509765625,0.9130820617675781,0.14066539306640624,0.0
,3913,,,,,60.3424072265625,38.3697509765625,0.9243725830078126,0.2075798583984375,0.0
,3914,,,,,62.7685546875,42.5628662109375,0.9097674133300782,0.28454185180664066,0.0
,3915,,,,,56.4239501953125,42.5628662109375,0.8878078674316406,0.3443091064453125,0.0
,3916,,,,,59.8846435546875,48.5504150390625,0.8890508605957032,0.43183654174804686,0.0
,3917,,,,,53.045654296875,48.5504150390625,0.8720632873535157,0.47730937500000004,0.0
,3918,,,,,55.316162109375,52.4871826171875,0.8452353515625001,0.5316903259277344,0.0
,3919,,,,,41.839599609375,52.4871826171875,0.7890934936523438,0.5334512329101563,0.0
,3920,,,,,21.0845947265625,56.524658203125,0.7999696838378907,0.6034731811523437,0.0
,3921,,,,,32.098388671875,60.3515625,0.7396845153808594,0.6039910949707031,0.0
,3922,,,,,33.9569091796875,63.57421875,0.7135816589355469,0.6265721374511719,0.0
,3923,,,,,22.6043701171875,66.705322265625,0.6247076477050781,0.6196320922851563,0.0
,3924,,,,,24.2889404296875,69.61669921875,0.6229467407226563,0.6826104125976563,0.0
,3925,,,,,14.97802734375,72.125244140625,0.5213320495605469,0.6532964904785157,0.0
,3926,,,,,15.9942626953125,73.8922119140625,0.4832135925292969,0.7200037902832032,0.0
,3927,,,,,6.756591796875,75.0,0.41008416137695314,0.7444493225097657,0.0
,3928,,,,,7.3333740234375,76.007080078125,0.37641976318359377,0.8133318603515626,0.0
,3929,,,,,1.0528564453125,76.702880859375,0.2789483825683594,0.829490771484375,0.0
,3930,,,,,1.0528564453125,76.702880859375,0.23451137695312502,0.8809714050292969,0.0
,3931,,,,,-4.486083984375,76.1444091796875,0.14781260375976563,0.8958873229980469,0.0
,3932,,,,,-4.79736328125,75.604248046875,0.0890811767578125,0.9195041931152345,0.0
,3933,,,,,-10.711669921875,74.432373046875,0.04329759521484375,0.9395992492675782,0.0
,3934,,,,,-11.773681640625,72.5921630859375,0.017091156005859375,0.9446748046875,0.0
,3935,,,,,-19.647216796875,70.49560546875,-0.06650013427734375,0.9201256896972656,0.0
,3936,,,,,-21.0205078125,68.1060791015625,-0.09125641479492187,0.9177432861328125,0.0
,3937,,,,,-26.9073486328125,65.679931640625,-0.13372534790039062,0.9090423339843751,0.0
,3938,,,,,-31.951904296875,63.6932373046875,-0.1823056640625,0.8940228332519532,0.0
,3939,,,,,-37.1429443359375,61.322021484375,-0.21887037963867187,0.8880150329589844,0.0
,3940,,,,,-42.51708984375,58.740234375,-0.29262130737304687,0.8400562133789062,0.0
,3941,,,,,-48.760986328125,54.0069580078125,-0.3481416687011719,0.7904400695800782,0.0
,3942,,,,,-51.0406494140625,54.0069580078125,-0.40014021606445316,0.7552219299316406,0.0
,3943,,,,,-56.5338134765625,47.75390625,-0.47927744750976564,0.7213503662109375,0.0
,3944,,,,,-58.0718994140625,47.75390625,-0.5345906433105468,0.6962833374023438,0.0
,3945,,,,,-62.7593994140625,41.0888671875,-0.5934256530761719,0.6606508666992188,0.0
,3946,,,,,-62.7593994140625,41.0888671875,-0.6575433837890625,0.6230503234863282,0.0
,3947,,,,,-66.8792724609375,33.94775390625,-0.7150318176269531,0.5769559936523437,0.0
,3948,,,,,-66.485595703125,33.94775390625,-0.741652587890625,0.5450525024414062,0.0
,3949,,,,,-69.580078125,27.685546875,-0.7837071899414063,0.49657576904296874,0.0
,3950,,,,,-68.3624267578125,27.685546875,-0.81706083984375,0.4769986267089844,0.0
,3951,,,,,-71.044921875,19.7479248046875,-0.8774495910644532,0.42075318603515627,0.0
,3952,,,,,-91.3421630859375,-19.775390625,-0.9061420166015626,0.38128815307617187,0.0
,3953,,,,,-81.3262939453125,-6.9580078125,-0.9067635131835938,0.3396478820800781,0.0
,3954,,,,,-78.18603515625,-6.9580078125,-0.9075921752929688,0.3303254333496094,0.0
,3955,,,,,-74.029541015625,-5.108642578125,-0.9463321289062501,0.26082139892578127,0.0
,3956,,,,,-67.236328125,-5.108642578125,-0.9269621520996094,0.24051917724609376,0.0
,3957,,,,,-74.4964599609375,-17.6788330078125,-0.9282051452636719,0.15941387329101564,0.0
,3958,,,,,-68.2159423828125,-17.6788330078125,-0.9328663696289062,0.10886548461914063,0.0
,3959,,,,,-73.1048583984375,-26.1474609375,-0.9308982971191406,0.027656597900390625,0.0
,3960,,,,,-65.7623291015625,-26.1474609375,-0.9037596130371094,0.01553741455078125,0.0
,3961,,,,,-70.9991455078125,-35.2294921875,-0.9073850097656251,-0.07364734497070313,0.0
,3962,,,,,-63.8031005859375,-35.2294921875,-0.8918475952148438,-0.13072144775390626,0.0
,3963,,,,,-67.034912109375,-40.8233642578125,-0.8919511779785156,-0.19794666137695313,0.0
,3964,,,,,-59.674072265625,-40.8233642578125,-0.8633623352050781,-0.2697295166015625,0.0
,3965,,,,,-62.6861572265625,-46.03271484375,-0.8651232421875,-0.3633683349609375,0.0
,3966,,,,,-56.0028076171875,-46.03271484375,-0.8351878234863281,-0.4015903747558594,0.0
,3967,,,,,-58.6578369140625,-50.628662109375,-0.8028700012207032,-0.4552462463378906,0.0
,3968,,,,,-48.0743408203125,-50.628662109375,-0.7915794799804687,-0.4819705993652344,0.0
,3969,,,,,-49.4110107421875,-52.9449462890625,-0.7941690490722656,-0.5484707336425781,0.0
,3970,,,,,-38.0035400390625,-56.87255859375,-0.7672375305175781,-0.5703266967773438,0.0
,3971,,,,,-40.0726318359375,-60.46142578125,-0.7431027465820312,-0.6117598022460937,0.0
,3972,,,,,-28.1707763671875,-63.922119140625,-0.6998051513671876,-0.6284366271972657,0.0
,3973,,,,,-30.322265625,-67.6483154296875,-0.6548502319335938,-0.6566111389160156,0.0
,3974,,,,,-20.416259765625,-70.6146240234375,-0.5922862426757812,-0.6878931335449219,0.0
,3975,,,,,-21.478271484375,-72.4456787109375,-0.5401841125488281,-0.7371985290527344,0.0
,3976,,,,,-11.75537109375,-74.01123046875,-0.4666403503417969,-0.766512451171875,0.0
,3977,,,,,-12.615966796875,-75.494384765625,-0.39796497802734376,-0.7873325866699219,0.0
,3978,,,,,-4.522705078125,-76.3824462890625,-0.32587137451171877,-0.8199611572265625,0.0
,3979,,,,,-4.632568359375,-76.57470703125,-0.26154647827148436,-0.8459604309082032,0.0
,3980,,,,,0.8056640625,-76.153564453125,-0.21203391723632814,-0.8806606567382813,0.0
,3981,,,,,1.0986328125,-75.6500244140625,-0.13227518920898437,-0.8995127197265625,0.0
,3982,,,,,7.159423828125,-74.615478515625,-0.046301495361328125,-0.897441064453125,0.0
,3983,,,,,7.9925537109375,-73.1597900390625,-0.013569342041015625,-0.914117889404297,0.0
,3984,,,,,14.6575927734375,-71.74072265625,0.04329759521484375,-0.9161895446777344,0.0
,3985,,,,,15.7745361328125,-69.7998046875,0.0691932861328125,-0.9072814270019531,0.0
,3986,,,,,21.533203125,-67.510986328125,0.11259446411132813,-0.9077993408203126,0.0
,3987,,,,,26.7333984375,-65.643310546875,0.11321596069335937,-0.9212651000976563,0.0
,3988,,,,,32.4371337890625,-63.665771484375,0.17567636718750002,-0.8966124023437501,0.0
,3989,,,,,38.726806640625,-61.12060546875,0.18323790893554687,-0.8794176635742188,0.0
,3990,,,,,45.66650390625,-56.231689453125,0.26268588867187503,-0.8399526306152344,0.0
,3991,,,,,48.504638671875,-56.231689453125,0.32566420898437504,-0.815403515625,0.0
,3992,,,,,53.997802734375,-50.811767578125,0.3745552734375,-0.7935475524902345,0.0
,3993,,,,,55.99365234375,-50.811767578125,0.4130880615234375,-0.7646479614257813,0.0
,3994,,,,,62.29248046875,-42.7459716796875,0.47917386474609375,-0.7347125427246094,0.0
,3995,,,,,62.9974365234375,-42.7459716796875,0.5455704162597657,-0.6834390747070312,0.0
,3996,,,,,67.34619140625,-35.870361328125,0.6164210266113281,-0.6406593933105469,0.0
,3997,,,,,67.2454833984375,-35.870361328125,0.6482209350585938,-0.6222216613769531,0.0
,3998,,,,,70.2667236328125,-29.5257568359375,0.710163427734375,-0.5818243835449219,0.0
,3999,,,,,69.049072265625,-29.5257568359375,0.7803925415039062,-0.5219535461425782,0.0
,4000,,,,,70.8526611328125,-23.7579345703125,0.8248295471191407,-0.4611504638671875,0.0
,4001,,,,,68.756103515625,-23.7579345703125,0.8639838317871094,-0.41039490966796877,0.0
,4002,,,,,73.3245849609375,-11.6546630859375,0.8649160766601562,-0.3811845703125,0.0
,4003,,,,,70.60546875,-11.6546630859375,0.895783740234375,-0.3506276550292969,0.0
,4004,,,,,76.0345458984375,2.0782470703125,0.8895687744140626,-0.32877169189453126,0.0
,4005,,,,,73.13232421875,2.0782470703125,0.9188826965332032,-0.28661350708007816,0.0
,4006,,,,,75.7049560546875,12.322998046875,0.8997198852539062,-0.23710094604492188,0.0
,4007,,,,,69.6624755859375,12.322998046875,0.9003413818359375,-0.17422620849609374,0.0
,4008,,,,,75.2105712890625,21.917724609375,0.875895849609375,-0.11166221923828125,0.0
,4009,,,,,68.5272216796875,21.917724609375,0.9126677307128906,-0.029003173828125,0.0
,4010,,,,,74.08447265625,31.5399169921875,0.8807642395019532,0.03449306030273438,0.0
,4011,,,,,67.12646484375,31.5399169921875,0.887497119140625,0.08763101806640625,0.0
,4012,,,,,71.3653564453125,38.8916015625,0.8717525390625,0.16542167358398438,0.0
,4013,,,,,62.58544921875,38.8916015625,0.8938156677246094,0.23482212524414064,0.0
,4014,,,,,65.1763916015625,43.377685546875,0.8781746704101563,0.31592742919921873,0.0
,4015,,,,,60.8184814453125,43.377685546875,0.8537291381835937,0.37849141845703127,0.0
,4016,,,,,63.0706787109375,47.2686767578125,0.8614978454589844,0.4542104187011719,0.0
,4017,,,,,54.1900634765625,47.2686767578125,0.8474105895996094,0.5005119140625001,0.0
,4018,,,,,57.6324462890625,53.2470703125,0.8335304992675782,0.5425665161132812,0.0
,4019,,,,,44.476318359375,53.2470703125,0.8035950805664063,0.5422557678222656,0.0
,4020,,,,,18.93310546875,56.6070556640625,0.7846394348144532,0.5964295532226562,0.0
,4021,,,,,31.256103515625,60.1409912109375,0.7079881896972656,0.5974653808593751,0.0
,4022,,,,,33.4075927734375,63.8671875,0.7138924072265626,0.6642762634277344,0.0
,4023,,,,,25.341796875,67.254638671875,0.6102060607910157,0.6514320007324219,0.0
,4024,,,,,26.91650390625,69.98291015625,0.5847247009277344,0.6766026123046875,0.0
,4025,,,,,16.66259765625,72.3541259765625,0.5066232971191407,0.6871680541992188,0.0
,4026,,,,,17.706298828125,74.1485595703125,0.47523771972656254,0.7617476440429688,0.0
,4027,,,,,8.734130859375,75.1007080078125,0.4044906921386719,0.7778029724121094,0.0
,4028,,,,,8.9263916015625,75.4302978515625,0.3811845703125,0.84357802734375,0.0
,4029,,,,,-0.0732421875,75.4302978515625,0.28650992431640626,0.8524861450195312,0.0
,4030,,,,,-0.091552734375,75.40283203125,0.25471001586914066,0.9018951232910156,0.0
,4031,,,,,-4.4677734375,74.5513916015625,0.16883990478515626,0.9041739440917969,0.0
,4032,,,,,-4.925537109375,73.7548828125,0.12854620971679687,0.9447783874511719,0.0
,4033,,,,,-11.6729736328125,72.9034423828125,0.0426760986328125,0.9346272766113282,0.0
,4034,,,,,-12.3321533203125,71.759033203125,0.018334149169921876,0.9432246459960938,0.0
,4035,,,,,-20.83740234375,70.1019287109375,-0.03956861572265625,0.9303803833007813,0.0
,4036,,,,,-21.8994140625,68.243408203125,-0.07654766235351562,0.9237510864257813,0.0
,4037,,,,,-27.227783203125,66.1376953125,-0.10979772949218751,0.9227152587890626,0.0
,4038,,,,,-32.9498291015625,63.8946533203125,-0.14822693481445312,0.8882221984863281,0.0
,4039,,,,,-41.27197265625,57.659912109375,-0.18634539184570312,0.8787961669921875,0.0
,4040,,,,,-45.2728271484375,57.659912109375,-0.24300516357421875,0.8531076416015625,0.0
,4041,,,,,-51.470947265625,52.0843505859375,-0.29365713500976565,0.8349806579589844,0.0
,4042,,,,,-53.997802734375,52.0843505859375,-0.35653187255859375,0.8027664184570312,0.0
,4043,,,,,-60.186767578125,45.245361328125,-0.4263466552734375,0.7478675537109375,0.0
,4044,,,,,-61.48681640625,45.245361328125,-0.4848709167480469,0.6980442443847656,0.0
,4045,,,,,-65.8721923828125,38.85498046875,-0.5600720031738281,0.6530893249511719,0.0
,4046,,,,,-66.1376953125,38.85498046875,-0.6141422058105469,0.62481123046875,0.0
,4047,,,,,-70.843505859375,30.21240234375,-0.6863393920898437,0.5707410278320313,0.0
,4048,,,,,-70.166015625,30.21240234375,-0.7321229736328125,0.526200439453125,0.0
,4049,,,,,-71.2646484375,26.605224609375,-0.7726238342285157,0.4892213928222656,0.0
,4050,,,,,-69.7998046875,26.605224609375,-0.8331161682128907,0.4496527770996094,0.0
,4051,,,,,-73.114013671875,17.5140380859375,-0.8639838317871094,0.40386919555664064,0.0
,4052,,,,,-90.8935546875,-17.54150390625,-0.9031381164550781,0.375383935546875,0.0
,4053,,,,,-82.122802734375,-6.4361572265625,-0.9211615173339844,0.33084334716796876,0.0
,4054,,,,,-78.9276123046875,-6.4361572265625,-0.9315197937011719,0.30815872192382815,0.0
,4055,,,,,-75.7965087890625,-6.1798095703125,-0.9294481384277344,0.2752194030761719,0.0
,4056,,,,,-68.756103515625,-6.1798095703125,-0.9321412902832031,0.2398976806640625,0.0
,4057,,,,,-75.0,-17.0013427734375,-0.9603158020019531,0.13455401000976563,0.0
,4058,,,,,-69.2047119140625,-17.0013427734375,-0.952132763671875,0.07861931762695312,0.0
,4059,,,,,-74.4232177734375,-26.0467529296875,-0.9677737609863282,-0.01512308349609375,0.0
,4060,,,,,-67.1630859375,-26.0467529296875,-0.9279979797363281,-0.04505850219726563,0.0
,4061,,,,,-71.6400146484375,-33.8104248046875,-0.9212651000976563,-0.12574947509765624,0.0
,4062,,,,,-65.2862548828125,-33.8104248046875,-0.9071778442382813,-0.15879237670898438,0.0
,4063,,,,,-68.1060791015625,-38.690185546875,-0.88998310546875,-0.24165858764648437,0.0
,4064,,,,,-61.944580078125,-38.690185546875,-0.8836645568847656,-0.31603101196289063,0.0
,4065,,,,,-64.9200439453125,-43.853759765625,-0.8826287292480469,-0.40998057861328124,0.0
,4066,,,,,-58.2275390625,-43.853759765625,-0.8540398864746094,-0.45244951171875003,0.0
,4067,,,,,-60.5072021484375,-47.7996826171875,-0.8614978454589844,-0.5105594421386719,0.0
,4068,,,,,-48.065185546875,-47.7996826171875,-0.8405741271972657,-0.5379052917480469,0.0
,4069,,,,,-49.9969482421875,-51.141357421875,-0.8317695922851562,-0.590007421875,0.0
,4070,,,,,-38.2415771484375,-55.0048828125,-0.8133318603515626,-0.6153851989746094,0.0
,4071,,,,,-40.191650390625,-58.3831787109375,-0.784743017578125,-0.6581648803710938,0.0
,4072,,,,,-28.3447265625,-61.99951171875,-0.7613333129882812,-0.6602365356445312,0.0
,4073,,,,,-30.3863525390625,-65.533447265625,-0.6866501403808594,-0.6892397094726562,0.0
,4074,,,,,-20.2606201171875,-68.5821533203125,-0.6436632934570312,-0.7265295043945312,0.0
,4075,,,,,-21.4874267578125,-70.697021484375,-0.5851390319824219,-0.775627734375,0.0
,4076,,,,,-11.6455078125,-72.015380859375,-0.5022728210449219,-0.7953084594726563,0.0
,4077,,,,,-12.4237060546875,-73.370361328125,-0.4614612121582031,-0.8455460998535157,0.0
,4078,,,,,-3.717041015625,-74.249267578125,-0.3858457946777344,-0.8506216552734375,0.0
,4079,,,,,-3.8543701171875,-74.4873046875,-0.312405615234375,-0.8720632873535157,0.0
,4080,,,,,3.4698486328125,-74.3499755859375,-0.2620643920898438,-0.9180540344238282,0.0
,4081,,,,,3.5430908203125,-74.212646484375,-0.178991015625,-0.9130820617675781,0.0
,4082,,,,,10.491943359375,-73.4344482421875,-0.10907265014648437,-0.9358702697753907,0.0
,4083,,,,,11.1419677734375,-72.308349609375,-0.06225324096679688,-0.9392885009765626,0.0
,4084,,,,,16.7083740234375,-70.8160400390625,-0.0012429931640625,-0.945503466796875,0.0
,4085,,,,,17.816162109375,-68.8934326171875,0.026206439208984376,-0.9594871398925782,0.0
,4086,,,,,23.0255126953125,-66.522216796875,0.07395809326171875,-0.9525470947265625,0.0
,4087,,,,,28.8482666015625,-64.581298828125,0.08359129028320313,-0.9449855529785156,0.0
,4088,,,,,34.1217041015625,-62.2283935546875,0.17308679809570313,-0.8963016540527344,0.0
,4089,,,,,39.7064208984375,-59.454345703125,0.20726911010742188,-0.8794176635742188,0.0
,4090,,,,,47.4151611328125,-53.06396484375,0.2516025329589844,-0.8657447387695313,0.0
,4091,,,,,50.4364013671875,-53.06396484375,0.2731477478027344,-0.8465819274902344,0.0
,4092,,,,,56.0760498046875,-47.589111328125,0.3383013061523438,-0.8192360778808594,0.0
,4093,,,,,58.099365234375,-47.589111328125,0.39993305053710937,-0.7680661926269532,0.0
,4094,,,,,63.4735107421875,-40.97900390625,0.47616996459960936,-0.7193822937011719,0.0
,4095,,,,,64.8193359375,-40.97900390625,0.5345906433105468,-0.6746345397949219,0.0
,4096,,,,,68.865966796875,-35.5224609375,0.6176640197753906,-0.6154887817382813,0.0
,4097,,,,,68.7469482421875,-35.5224609375,0.6599257873535156,-0.5716732727050782,0.0
,4098,,,,,71.173095703125,-30.377197265625,0.7127529968261719,-0.5296186706542969,0.0
,4099,,,,,69.873046875,-30.377197265625,0.7741775756835938,-0.4915002136230469,0.0
,4100,,,,,71.832275390625,-24.3804931640625,0.8234829711914062,-0.4529674255371094,0.0
,4101,,,,,69.7723388671875,-24.3804931640625,0.8807642395019532,-0.4169206237792969,0.0
,4102,,,,,74.2950439453125,-12.506103515625,0.8911225158691407,-0.382013232421875,0.0
,4103,,,,,71.2188720703125,-12.506103515625,0.9217830139160157,-0.35031690673828125,0.0
,4104,,,,,76.8768310546875,2.3895263671875,0.9055205200195313,-0.33622965087890627,0.0
,4105,,,,,74.2767333984375,2.3895263671875,0.9010664611816407,-0.2930356384277344,0.0
,4106,,,,,77.0782470703125,11.4349365234375,0.8802463256835937,-0.2537777709960938,0.0
,4107,,,,,70.8984375,11.4349365234375,0.9139107238769532,-0.18220208129882812,0.0
,4108,,,,,76.300048828125,20.7916259765625,0.9059348510742188,-0.11580552978515625,0.0
,4109,,,,,70.6329345703125,20.7916259765625,0.9293445556640625,-0.024549114990234377,0.0
,4110,,,,,75.2197265625,28.7200927734375,0.9241654174804688,0.058835009765625,0.0
,4111,,,,,67.254638671875,28.7200927734375,0.9353523559570313,0.12243482666015626,0.0
,4112,,,,,71.8048095703125,36.602783203125,0.9360774353027344,0.21845604858398437,0.0
,4113,,,,,63.7298583984375,36.602783203125,0.9387705871582032,0.2816415344238281,0.0
,4114,,,,,65.643310546875,39.9261474609375,0.9129784790039063,0.34089087524414063,0.0
,4115,,,,,58.905029296875,39.9261474609375,0.9188826965332032,0.4202352722167969,0.0
,4116,,,,,62.36572265625,45.9228515625,0.8949550781250001,0.4702657470703125,0.0
,4117,,,,,53.6865234375,45.9228515625,0.8892580261230469,0.49595427246093754,0.0
,4118,,,,,56.4697265625,50.738525390625,0.9120462341308594,0.5851390319824219,0.0
,4119,,,,,42.4072265625,50.738525390625,0.8748600219726563,0.5957044738769531,0.0
,4120,,,,,18.4661865234375,54.7210693359375,0.8590118591308594,0.6390020690917969,0.0
,4121,,,,,31.2103271484375,58.941650390625,0.7692056030273438,0.6200464233398437,0.0
,4122,,,,,33.270263671875,62.51220703125,0.7306728149414062,0.6515355834960938,0.0
,4123,,,,,23.2818603515625,65.972900390625,0.6625153564453126,0.6520534973144532,0.0
,4124,,,,,25.0396728515625,69.012451171875,0.6469779418945313,0.7013588928222656,0.0
,4125,,,,,15.0970458984375,71.15478515625,0.5551000305175782,0.716792724609375,0.0
,4126,,,,,16.0400390625,72.784423828125,0.5217463806152344,0.778113720703125,0.0
,4127,,,,,5.9051513671875,74.1485595703125,0.4364977661132813,0.8094992980957032,0.0
,4128,,,,,6.3079833984375,74.8443603515625,0.40925549926757815,0.8621193420410157,0.0
,4129,,,,,-2.490234375,74.8443603515625,0.33685114746093753,0.8749636047363282,0.0
,4130,,,,,-2.655029296875,74.5697021484375,0.2722155029296875,0.9010664611816407,0.0
,4131,,,,,-8.111572265625,74.12109375,0.16500734252929689,0.8968195678710937,0.0
,4132,,,,,-8.5235595703125,73.406982421875,0.12771754760742188,0.9162931274414062,0.0
,4133,,,,,-14.4195556640625,72.3358154296875,0.07944797973632813,0.9452963012695312,0.0
,4134,,,,,-15.2069091796875,70.9808349609375,0.03387156372070313,0.9457106323242188,0.0
,4135,,,,,-17.669677734375,68.7103271484375,-0.040190112304687504,0.9169146240234375,0.0
,4136,,,,,-23.565673828125,66.302490234375,-0.0766512451171875,0.9124605651855469,0.0
,4137,,,,,-29.2510986328125,64.105224609375,-0.10969414672851563,0.8979589782714844,0.0
,4138,,,,,-34.4329833984375,62.164306640625,-0.158274462890625,0.8722704528808594,0.0
,4139,,,,,-41.9219970703125,56.9915771484375,-0.2017792236328125,0.8407812927246094,0.0
,4140,,,,,-46.2615966796875,56.9915771484375,-0.24766638793945314,0.8063918151855469,0.0
,4141,,,,,-52.7435302734375,51.8646240234375,-0.2971789489746094,0.7935475524902345,0.0
,4142,,,,,-54.986572265625,51.8646240234375,-0.3680295593261719,0.7575007507324218,0.0
,4143,,,,,-60.31494140625,45.9503173828125,-0.4438521423339844,0.7092311828613281,0.0
,4144,,,,,-62.0361328125,45.9503173828125,-0.5077627075195312,0.6638619323730469,0.0
,4145,,,,,-66.5771484375,39.9261474609375,-0.5645260620117187,0.6175604370117188,0.0
,4146,,,,,-66.7694091796875,39.9261474609375,-0.6282294616699219,0.5885572631835938,0.0
,4147,,,,,-69.5343017578125,35.2203369140625,-0.6984585754394531,0.5358336364746094,0.0
,4148,,,,,-68.975830078125,35.2203369140625,-0.7361627014160157,0.5055874694824218,0.0
,4149,,,,,-71.905517578125,28.619384765625,-0.7949977111816406,0.45845731201171874,0.0
,4150,,,,,-70.367431640625,28.619384765625,-0.8511395690917969,0.4128808959960938,0.0
,4151,,,,,-73.5992431640625,20.269775390625,-0.8713382080078125,0.3846028015136719,0.0
,4152,,,,,-94.6014404296875,-20.2972412109375,-0.8834573913574219,0.38242756347656254,0.0
,4153,,,,,-84.4024658203125,-7.58056640625,-0.9255119934082031,0.3144772705078125,0.0
,4154,,,,,-81.683349609375,-7.58056640625,-0.9252012451171875,0.3086766357421875,0.0
,4155,,,,,-76.6754150390625,-3.8543701171875,-0.9374240112304688,0.23388988037109376,0.0
,4156,,,,,-69.90966796875,-3.8543701171875,-0.9576226501464844,0.1843773193359375,0.0
,4157,,,,,-76.3275146484375,-14.959716796875,-0.9670486816406251,0.10140752563476563,0.0
,4158,,,,,-70.220947265625,-14.959716796875,-0.952132763671875,0.06442847900390625,0.0
,4159,,,,,-74.6795654296875,-22.686767578125,-0.9880759826660157,-0.036357550048828124,0.0
,4160,,,,,-66.961669921875,-22.686767578125,-0.9872473205566407,-0.07768707275390625,0.0
,4161,,,,,-72.4365234375,-32.1624755859375,-0.9785463684082032,-0.15547772827148437,0.0
,4162,,,,,-64.1693115234375,-32.1624755859375,-0.943846142578125,-0.17971609497070312,0.0
,4163,,,,,-67.364501953125,-37.68310546875,-0.9541008361816407,-0.2648611267089844,0.0
,4164,,,,,-59.7198486328125,-37.68310546875,-0.927272900390625,-0.3229710571289063,0.0
,4165,,,,,-63.116455078125,-43.560791015625,-0.8882221984863281,-0.3883317810058594,0.0
,4166,,,,,-56.25,-43.560791015625,-0.8603584350585938,-0.41919944458007813,0.0
,4167,,,,,-59.1705322265625,-48.614501953125,-0.8625336730957032,-0.48953214111328125,0.0
,4168,,,,,-48.22998046875,-48.614501953125,-0.8221363952636719,-0.48756406860351564,0.0
,4169,,,,,-49.5849609375,-50.9490966796875,-0.7988302734375,-0.5355228881835937,0.0
,4170,,,,,-37.646484375,-54.8309326171875,-0.7985195251464844,-0.5720876037597656,0.0
,4171,,,,,-39.73388671875,-58.4564208984375,-0.7707593444824219,-0.6088594848632812,0.0
,4172,,,,,-26.5869140625,-62.1734619140625,-0.7531502746582032,-0.62812587890625,0.0
,4173,,,,,-28.8299560546875,-66.0736083984375,-0.70767744140625,-0.6568183044433594,0.0
,4174,,,,,-17.6605224609375,-69.17724609375,-0.6362053344726563,-0.6682124084472656,0.0
,4175,,,,,-18.9422607421875,-71.392822265625,-0.5680478759765625,-0.7038448791503906,0.0
,4176,,,,,-8.53271484375,-73.004150390625,-0.5149099182128907,-0.7295334045410157,0.0
,4177,,,,,-9.2926025390625,-74.322509765625,-0.4489276977539063,-0.7651658752441407,0.0
,4178,,,,,-0.4669189453125,-75.201416015625,-0.37445169067382816,-0.8032843322753906,0.0
,4179,,,,,-0.6134033203125,-75.457763671875,-0.31623817749023436,-0.8323910888671875,0.0
,4180,,,,,6.463623046875,-75.457763671875,-0.26361813354492186,-0.8646053283691406,0.0
,4181,,,,,6.5093994140625,-75.3936767578125,-0.1732939636230469,-0.8658483215332031,0.0
,4182,,,,,12.2222900390625,-74.835205078125,-0.07468317260742188,-0.8607727661132812,0.0
,4183,,,,,12.725830078125,-73.974609375,-0.02133804931640625,-0.8622229248046875,0.0
,4184,,,,,17.5506591796875,-72.4456787109375,0.01512308349609375,-0.8777603393554688,0.0
,4185,,,,,18.3563232421875,-71.044921875,0.025377777099609377,-0.910699658203125,0.0
,4186,,,,,24.1790771484375,-68.5821533203125,0.07758348999023437,-0.9152572998046875,0.0
,4187,,,,,30.1849365234375,-65.8355712890625,0.1139410400390625,-0.8963016540527344,0.0
,4188,,,,,35.7147216796875,-63.5284423828125,0.16428226318359376,-0.8765173461914063,0.0
,4189,,,,,40.997314453125,-61.2762451171875,0.2067511962890625,-0.8680235595703125,0.0
,4190,,,,,48.101806640625,-55.95703125,0.27004026489257815,-0.8188217468261719,0.0
,4191,,,,,51.26953125,-55.95703125,0.30733005981445316,-0.7850537658691407,0.0
,4192,,,,,56.414794921875,-50.811767578125,0.3633683349609375,-0.7587437438964844,0.0
,4193,,,,,58.2550048828125,-50.811767578125,0.40386919555664064,-0.7364734497070313,0.0
,4194,,,,,63.68408203125,-44.2474365234375,0.48766765136718754,-0.70104814453125,0.0
,4195,,,,,64.74609375,-44.2474365234375,0.5636973999023438,-0.635583837890625,0.0
,4196,,,,,68.7469482421875,-38.360595703125,0.6253291442871094,-0.5806849731445313,0.0
,4197,,,,,68.7103271484375,-38.360595703125,0.6644834289550782,-0.5512674682617188,0.0
,4198,,,,,70.7061767578125,-33.9935302734375,0.7270474182128907,-0.5280649291992188,0.0
,4199,,,,,69.68994140625,-33.9935302734375,0.8045273254394532,-0.47130157470703127,0.0
,4200,,,,,72.4456787109375,-26.6876220703125,0.846167596435547,-0.43504760742187504,0.0
,4201,,,,,70.0836181640625,-26.6876220703125,0.8963016540527344,-0.38657087402343754,0.0
,4202,,,,,74.432373046875,-14.7216796875,0.9070742614746095,-0.3612966796875,0.0
,4203,,,,,71.15478515625,-14.7216796875,0.9131856445312501,-0.3540458862304688,0.0
,4204,,,,,71.978759765625,-8.0291748046875,0.8989948059082031,-0.33923355102539066,0.0
,4205,,,,,69.5159912109375,-8.0291748046875,0.9344201110839844,-0.2939678833007813,0.0
,4206,,,,,76.7303466796875,9.2010498046875,0.9508897705078125,-0.2172130554199219,0.0
,4207,,,,,69.964599609375,9.2010498046875,0.9660128540039062,-0.15226666259765625,0.0
,4208,,,,,75.4486083984375,18.695068359375,0.9631125366210938,-0.08970267333984375,0.0
,4209,,,,,69.4061279296875,18.695068359375,0.9715027404785157,-0.01512308349609375,0.0
,4210,,,,,74.5147705078125,27.5390625,0.9297588867187501,0.04205460205078125,0.0
,4211,,,,,65.51513671875,27.5390625,0.9566904052734375,0.11414820556640626,0.0
,4212,,,,,70.86181640625,36.8133544921875,0.9328663696289062,0.17629786376953124,0.0
,4213,,,,,61.70654296875,36.8133544921875,0.934730859375,0.24352307739257814,0.0
,4214,,,,,64.288330078125,41.2811279296875,0.9173289550781251,0.2909639831542969,0.0
,4215,,,,,56.982421875,41.2811279296875,0.91650029296875,0.3602608520507813,0.0
,4216,,,,,60.4339599609375,47.2503662109375,0.9038631958007812,0.4407446594238281,0.0
,4217,,,,,52.8717041015625,47.2503662109375,0.8810749877929688,0.4786559509277344,0.0
,4218,,,,,55.5633544921875,51.910400390625,0.8938156677246094,0.53863037109375,0.0
,4219,,,,,41.8853759765625,51.910400390625,0.8578724487304688,0.5549964477539062,0.0
,4220,,,,,20.196533203125,55.6365966796875,0.8412992065429687,0.5952901428222657,0.0
,4221,,,,,31.1553955078125,59.2437744140625,0.7934439697265625,0.6147637023925782,0.0
,4222,,,,,32.977294921875,62.3931884765625,0.7726238342285157,0.6545394836425782,0.0
,4223,,,,,20.562744140625,65.350341796875,0.678674267578125,0.6536072387695313,0.0
,4224,,,,,22.2747802734375,68.316650390625,0.6691446533203125,0.7033269653320313,0.0
,4225,,,,,12.3138427734375,70.843505859375,0.5863820251464844,0.6829211608886719,0.0
,4226,,,,,13.3575439453125,72.6470947265625,0.557689599609375,0.7514929504394532,0.0
,4227,,,,,3.955078125,74.029541015625,0.4592859741210938,0.7699306823730468,0.0
,4228,,,,,4.4952392578125,74.96337890625,0.4127773132324219,0.8238973022460938,0.0
,4229,,,,,-3.094482421875,75.4302978515625,0.32794302978515627,0.8571473693847657,0.0
,4230,,,,,-3.0670166015625,75.4852294921875,0.2766695617675781,0.8984768920898438,0.0
,4231,,,,,-7.7362060546875,74.8809814453125,0.19173169555664063,0.9068670959472657,0.0
,4232,,,,,-8.23974609375,73.992919921875,0.12108825073242188,0.9211615173339844,0.0
,4233,,,,,-13.5772705078125,72.76611328125,0.054898864746093755,0.9456070495605469,0.0
,4234,,,,,-14.3280029296875,71.466064453125,0.0319034912109375,0.9508897705078125,0.0
,4235,,,,,-17.2943115234375,69.7540283203125,-0.03242140502929688,0.928930224609375,0.0
,4236,,,,,-23.199462890625,67.4835205078125,-0.077065576171875,0.914117889404297,0.0
,4237,,,,,-29.0863037109375,65.2679443359375,-0.12564589233398438,0.8972338989257813,0.0
,4238,,,,,-34.2498779296875,63.555908203125,-0.17174022216796875,0.8771388427734376,0.0
,4239,,,,,-41.162109375,58.5479736328125,-0.2224957763671875,0.8540398864746094,0.0
,4240,,,,,-44.9432373046875,58.5479736328125,-0.2929320556640625,0.8083598876953125,0.0
,4241,,,,,-50.93994140625,53.6590576171875,-0.3444126892089844,0.7783208862304688,0.0
,4242,,,,,-53.1280517578125,53.6590576171875,-0.38967835693359376,0.7619548095703125,0.0
,4243,,,,,-58.355712890625,47.8271484375,-0.4815562683105469,0.7123386657714844,0.0
,4244,,,,,-59.5367431640625,47.8271484375,-0.54525966796875,0.6723557189941406,0.0
,4245,,,,,-63.8671875,41.986083984375,-0.6171461059570312,0.63806982421875,0.0
,4246,,,,,-64.0594482421875,41.986083984375,-0.6742202087402344,0.5986047912597656,0.0
,4247,,,,,-66.9158935546875,36.7767333984375,-0.7351268737792969,0.5562394409179687,0.0
,4248,,,,,-65.9912109375,36.7767333984375,-0.7867110900878906,0.5083842041015625,0.0
,4249,,,,,-69.1131591796875,29.4342041015625,-0.8132282775878906,0.4746162231445313,0.0
,4250,,,,,-67.4102783203125,29.4342041015625,-0.8371558959960937,0.4644651123046875,0.0
,4251,,,,,-70.367431640625,20.6817626953125,-0.8742385253906251,0.41629912719726564,0.0
,4252,,,,,-67.78564453125,20.6817626953125,-0.9103889099121094,0.3849135498046875,0.0
,4253,,,,,-72.2900390625,7.708740234375,-0.9381490905761719,0.34109804077148437,0.0
,4254,,,,,-78.4332275390625,-7.7362060546875,-0.9254084106445313,0.3227638916015625,0.0
,4255,,,,,-73.3612060546875,-2.874755859375,-0.9349380249023438,0.24373024291992187,0.0
,4256,,,,,-67.8680419921875,-2.874755859375,-0.9404279113769531,0.21887037963867187,0.0
,4257,,,,,-74.52392578125,-14.410400390625,-0.9668415161132813,0.11487328491210938,0.0
,4258,,,,,-68.5821533203125,-14.410400390625,-0.930691131591797,0.09508897705078126,0.0
,4259,,,,,-74.0203857421875,-23.8311767578125,-0.9361810180664063,0.019887890625,0.0
,4260,,,,,-65.679931640625,-23.8311767578125,-0.9246833312988282,-0.021648797607421874,0.0
,4261,,,,,-71.5301513671875,-33.966064453125,-0.9370096801757812,-0.11052280883789063,0.0
,4262,,,,,-63.134765625,-33.966064453125,-0.9150501342773438,-0.1425298828125,0.0
,4263,,,,,-66.815185546875,-40.338134765625,-0.9279979797363281,-0.1944248474121094,0.0
,4264,,,,,-57.31201171875,-40.338134765625,-0.8968195678710937,-0.256056591796875,0.0
,4265,,,,,-60.040283203125,-45.062255859375,-0.8986840576171875,-0.34627717895507815,0.0
,4266,,,,,-54.180908203125,-45.062255859375,-0.8622229248046875,-0.38304906005859374,0.0
,4267,,,,,-56.9091796875,-49.7955322265625,-0.8255546264648438,-0.44437005615234376,0.0
,4268,,,,,-46.7376708984375,-49.7955322265625,-0.8077383911132813,-0.46881558837890625,0.0
,4269,,,,,-47.845458984375,-51.7181396484375,-0.8156106811523438,-0.5415306884765625,0.0
,4270,,,,,-36.163330078125,-55.5908203125,-0.8010055114746094,-0.5763344970703125,0.0
,4271,,,,,-38.0218505859375,-58.8134765625,-0.78225703125,-0.6172496887207032,0.0
,4272,,,,,-25.89111328125,-62.36572265625,-0.7139959899902344,-0.5876250183105469,0.0
,4273,,,,,-28.01513671875,-66.0369873046875,-0.6485316833496094,-0.619114178466797,0.0
,4274,,,,,-17.413330078125,-69.122314453125,-0.6092738159179688,-0.6593042907714844,0.0
,4275,,,,,-19.097900390625,-72.03369140625,-0.5741592590332032,-0.7180357177734376,0.0
,4276,,,,,-9.503173828125,-74.0570068359375,-0.49709368286132816,-0.7497320434570313,0.0
,4277,,,,,-10.2447509765625,-75.3387451171875,-0.4344261108398438,-0.7841215209960938,0.0
,4278,,,,,-2.01416015625,-76.6754150390625,-0.3715513732910156,-0.8092921325683594,0.0
,4279,,,,,-2.4169921875,-77.3712158203125,-0.30059718017578124,-0.8288692749023437,0.0
,4280,,,,,2.52685546875,-76.9500732421875,-0.21690230712890626,-0.8561115417480469,0.0
,4281,,,,,2.783203125,-76.50146484375,-0.14729468994140626,-0.8678163940429687,0.0
,4282,,,,,9.6954345703125,-75.54931640625,-0.07841215209960938,-0.889154443359375,0.0
,4283,,,,,10.455322265625,-74.23095703125,-0.020405804443359377,-0.8947479125976563,0.0
,4284,,,,,15.911865234375,-72.4273681640625,0.048994647216796874,-0.8783818359375001,0.0
,4285,,,,,16.80908203125,-70.8892822265625,0.07437242431640625,-0.8918475952148438,0.0
,4286,,,,,22.650146484375,-68.7744140625,0.13600416870117188,-0.8822143981933595,0.0
,4287,,,,,28.4820556640625,-66.522216796875,0.1346575927734375,-0.8869792053222657,0.0
,4288,,,,,33.72802734375,-64.34326171875,0.17060081176757813,-0.8896723571777344,0.0
,4289,,,,,38.9739990234375,-62.2100830078125,0.20250430297851563,-0.8691629699707032,0.0
,4290,,,,,45.73974609375,-57.01904296875,0.2993541870117188,-0.8172680053710938,0.0
,4291,,,,,48.5321044921875,-57.01904296875,0.34410194091796875,-0.7865039245605469,0.0
,4292,,,,,53.6041259765625,-52.0111083984375,0.3932001708984375,-0.7812212036132813,0.0
,4293,,,,,55.1422119140625,-52.0111083984375,0.44747753906250004,-0.7519072814941407,0.0
,4294,,,,,60.223388671875,-44.842529296875,0.531172412109375,-0.7122350830078126,0.0
,4295,,,,,60.882568359375,-44.842529296875,0.6055448364257813,-0.6769133605957032,0.0
,4296,,,,,65.44189453125,-37.4267578125,0.6748417053222656,-0.6403486450195313,0.0
,4297,,,,,65.2496337890625,-37.4267578125,0.7155497314453125,-0.5885572631835938,0.0
,4298,,,,,68.023681640625,-32.0526123046875,0.7565685058593751,-0.5554107788085938,0.0
,4299,,,,,67.12646484375,-32.0526123046875,0.7896114074707031,-0.5023764038085937,0.0
,4300,,,,,69.5159912109375,-26.3946533203125,0.8493786621093751,-0.45648923950195314,0.0
,4301,,,,,67.93212890625,-26.3946533203125,0.8934013366699219,-0.4147453857421875,0.0
,4302,,,,,72.1343994140625,-15.582275390625,0.9019987060546876,-0.38636370849609375,0.0
,4303,,,,,69.415283203125,-15.582275390625,0.9073850097656251,-0.3666829833984375,0.0
,4304,,,,,76.8585205078125,2.63671875,0.8966124023437501,-0.34638076171875,0.0
,4305,,,,,73.699951171875,2.63671875,0.9086280029296875,-0.31810266723632813,0.0
,4306,,,,,74.945068359375,10.0341796875,0.9137035583496094,-0.26165006103515626,0.0
,4307,,,,,67.4652099609375,10.0341796875,0.9548259155273437,-0.20208997192382813,0.0
,4308,,,,,74.322509765625,21.917724609375,0.9216794311523437,-0.1500914245605469,0.0
,4309,,,,,67.6849365234375,21.917724609375,0.9234403381347657,-0.10575800170898438,0.0
,4310,,,,,72.418212890625,30.1025390625,0.9125641479492188,-0.020820135498046875,0.0
,4311,,,,,64.3798828125,30.1025390625,0.92644423828125,0.0766512451171875,0.0
,4312,,,,,69.635009765625,39.22119140625,0.926547821044922,0.17091156005859376,0.0
,4313,,,,,61.2762451171875,39.22119140625,0.9344201110839844,0.23430421142578126,0.0
,4314,,,,,63.592529296875,43.231201171875,0.8900866882324219,0.2868206726074219,0.0
,4315,,,,,56.817626953125,43.231201171875,0.8755851013183594,0.3623325073242188,0.0
,4316,,,,,59.9945068359375,48.74267578125,0.8853218811035156,0.44602738037109374,0.0
,4317,,,,,53.0181884765625,48.74267578125,0.8761030151367187,0.49657576904296874,0.0
,4318,,,,,55.4443359375,52.9541015625,0.8524861450195312,0.5336583984375001,0.0
,4319,,,,,42.1051025390625,52.9541015625,0.8019377563476563,0.5399769470214844,0.0
,4320,,,,,21.2677001953125,56.8359375,0.80711689453125,0.6055448364257813,0.0
,4321,,,,,32.4371337890625,60.97412109375,0.7428955810546876,0.5852426147460937,0.0
,4322,,,,,34.31396484375,64.2242431640625,0.7206252868652344,0.6245004821777344,0.0
,4323,,,,,22.88818359375,67.8497314453125,0.6103096435546875,0.623982568359375,0.0
,4324,,,,,24.71923828125,71.0174560546875,0.6047161743164062,0.6748417053222656,0.0
,4325,,,,,15.087890625,73.077392578125,0.5285828430175782,0.7044663757324219,0.0
,4326,,,,,16.094970703125,74.8260498046875,0.4939861999511719,0.7613333129882812,0.0
,4327,,,,,7.0770263671875,76.1077880859375,0.4117414855957031,0.7646479614257813,0.0
,4328,,,,,7.489013671875,76.8218994140625,0.362125341796875,0.8060810668945313,0.0
,4329,,,,,0.9796142578125,77.252197265625,0.2685901062011719,0.83363408203125,0.0
,4330,,,,,0.933837890625,77.1881103515625,0.21762738647460939,0.8906046020507813,0.0
,4331,,,,,-4.669189453125,76.5106201171875,0.14625886230468751,0.9118390686035156,0.0
,4332,,,,,-5.0445556640625,75.8697509765625,0.10565441894531251,0.9307947143554688,0.0
,4333,,,,,-11.3525390625,74.67041015625,0.0551060302734375,0.9532721740722656,0.0
,4334,,,,,-11.993408203125,73.5626220703125,0.01512308349609375,0.9553438293457032,0.0
,4335,,,,,-19.4732666015625,71.868896484375,-0.03345723266601563,0.9481966186523437,0.0
,4336,,,,,-21.0479736328125,69.1497802734375,-0.0828662109375,0.952132763671875,0.0
,4337,,,,,-26.9256591796875,66.7877197265625,-0.14729468994140626,0.943121063232422,0.0
,4338,,,,,-32.1075439453125,64.398193359375,-0.19525350952148438,0.9081100891113282,0.0
,4339,,,,,-37.628173828125,61.6973876953125,-0.22529251098632813,0.8862541259765625,0.0
,4340,,,,,-42.2515869140625,59.600830078125,-0.2755301513671875,0.8482392517089844,0.0
,4341,,,,,-49.090576171875,53.302001953125,-0.32680361938476565,0.8225507263183593,0.0
,4342,,,,,-51.654052734375,53.302001953125,-0.3881246154785156,0.7932368041992188,0.0
,4343,,,,,-56.4971923828125,48.44970703125,-0.4702657470703125,0.728393994140625,0.0
,4344,,,,,-58.135986328125,48.44970703125,-0.5201926391601562,0.6995979858398438,0.0
,4345,,,,,-63.6474609375,41.05224609375,-0.6057520019531251,0.645527783203125,0.0
,4346,,,,,-64.2242431640625,41.05224609375,-0.6477030212402344,0.6292652893066406,0.0
,4347,,,,,-68.1610107421875,34.1949462890625,-0.677016943359375,0.585864111328125,0.0
,4348,,,,,-67.6666259765625,34.1949462890625,-0.7193822937011719,0.5455704162597657,0.0
,4349,,,,,-70.5780029296875,27.6947021484375,-0.7985195251464844,0.4849744995117188,0.0
,4350,,,,,-68.95751953125,27.6947021484375,-0.8263832885742187,0.46922991943359377,0.0
,4351,,,,,-71.6217041015625,20.0225830078125,-0.8561115417480469,0.41225939941406253,0.0
,4352,,,,,-92.4407958984375,-20.050048828125,-0.8951622436523438,0.3798379943847656,0.0
,4353,,,,,-82.03125,-7.049560546875,-0.9379419250488281,0.335608154296875,0.0
,4354,,,,,-78.973388671875,-7.049560546875,-0.9288266418457032,0.33177559204101564,0.0
,4355,,,,,-74.9267578125,-4.8431396484375,-0.9260299072265625,0.27573731689453124,0.0
,4356,,,,,-67.840576171875,-4.8431396484375,-0.9173289550781251,0.25874974365234377,0.0
,4357,,,,,-74.8626708984375,-17.0013427734375,-0.9456070495605469,0.16625033569335937,0.0
,4358,,,,,-68.1610107421875,-17.0013427734375,-0.9381490905761719,0.12440289916992188,0.0
,4359,,,,,-73.736572265625,-26.6510009765625,-0.938977752685547,0.02672435302734375,0.0
,4360,,,,,-65.753173828125,-26.6510009765625,-0.9233367553710938,-0.0178162353515625,0.0
,4361,,,,,-71.3470458984375,-36.3372802734375,-0.9260299072265625,-0.10099319458007813,0.0
,4362,,,,,-64.12353515625,-36.3372802734375,-0.8954729919433594,-0.13186085815429688,0.0
,4363,,,,,-66.943359375,-41.217041015625,-0.8982697265625,-0.1960821716308594,0.0
,4364,,,,,-60.406494140625,-41.217041015625,-0.8806606567382813,-0.2789483825683594,0.0
,4365,,,,,-63.519287109375,-46.61865234375,-0.8480320861816406,-0.3638862487792969,0.0
,4366,,,,,-57.16552734375,-46.61865234375,-0.8106387084960938,-0.3860529602050781,0.0
,4367,,,,,-59.65576171875,-50.93994140625,-0.8167500915527344,-0.4726481506347656,0.0
,4368,,,,,-48.577880859375,-50.93994140625,-0.789714990234375,-0.4931575378417969,0.0
,4369,,,,,-50.1708984375,-53.704833984375,-0.7766635620117188,-0.5466062438964844,0.0
,4370,,,,,-37.9669189453125,-57.4310302734375,-0.7727274169921875,-0.5731234313964844,0.0
,4371,,,,,-39.935302734375,-60.845947265625,-0.7116135864257813,-0.5805813903808594,0.0
,4372,,,,,-28.2257080078125,-64.5355224609375,-0.6657264221191407,-0.6017122741699219,0.0
,4373,,,,,-30.267333984375,-68.0694580078125,-0.6293688720703126,-0.6539179870605469,0.0
,4374,,,,,-20.4071044921875,-70.9716796875,-0.5944614807128906,-0.6971119995117188,0.0
,4375,,,,,-21.661376953125,-73.1597900390625,-0.5317939086914063,-0.7274617492675781,0.0
,4376,,,,,-12.26806640625,-74.652099609375,-0.44954919433593754,-0.7282904113769532,0.0
,4377,,,,,-13.165283203125,-76.20849609375,-0.38025232543945314,-0.7699306823730468,0.0
,4378,,,,,-4.7882080078125,-77.105712890625,-0.3334329162597656,-0.812917529296875,0.0
,4379,,,,,-4.8797607421875,-77.2796630859375,-0.285888427734375,-0.8571473693847657,0.0
,4380,,,,,0.8056640625,-76.812744140625,-0.21742022094726562,-0.8888436950683594,0.0
,4381,,,,,1.4373779296875,-75.7232666015625,-0.15744580078125,-0.8942299987792969,0.0
,4382,,,,,7.1685791015625,-74.6978759765625,-0.06018158569335938,-0.8915368469238282,0.0
,4383,,,,,8.001708984375,-73.2421875,-0.007768707275390625,-0.908213671875,0.0
,4384,,,,,14.813232421875,-71.429443359375,0.04858031616210938,-0.9252012451171875,0.0
,4385,,,,,15.948486328125,-69.47021484375,0.07509750366210938,-0.9271693176269532,0.0
,4386,,,,,21.5240478515625,-67.0806884765625,0.13641849975585937,-0.9143250549316406,0.0
,4387,,,,,26.98974609375,-64.8284912109375,0.14905559692382814,-0.9051061889648437,0.0
,4388,,,,,32.5653076171875,-62.43896484375,0.17723010864257813,-0.9071778442382813,0.0
,4389,,,,,38.3056640625,-59.80224609375,0.21855963134765627,-0.8713382080078125,0.0
,4390,,,,,44.9066162109375,-55.1971435546875,0.28205586547851563,-0.8393311340332031,0.0
,4391,,,,,47.845458984375,-55.1971435546875,0.3154095153808594,-0.8238973022460938,0.0
,4392,,,,,53.79638671875,-49.0447998046875,0.37693767700195313,-0.7802889587402344,0.0
,4393,,,,,55.6732177734375,-49.0447998046875,0.4262430725097656,-0.7496284606933594,0.0
,4394,,,,,60.8001708984375,-42.81005859375,0.49087871704101566,-0.7142031555175782,0.0
,4395,,,,,61.5142822265625,-42.81005859375,0.5665977172851563,-0.670387646484375,0.0
,4396,,,,,65.899658203125,-35.9893798828125,0.6203571716308593,-0.6535036560058594,0.0
,4397,,,,,65.753173828125,-35.9893798828125,0.6598222045898438,-0.6058555847167969,0.0
,4398,,,,,68.9849853515625,-29.150390625,0.7147210693359375,-0.5748843383789063,0.0
,4399,,,,,67.9229736328125,-29.150390625,0.7616440612792968,-0.5445345886230469,0.0
,4400,,,,,70.037841796875,-23.2086181640625,0.8219292297363282,-0.47565205078125,0.0
,4401,,,,,67.9595947265625,-23.2086181640625,0.8603584350585938,-0.41464180297851566,0.0
,4402,,,,,72.161865234375,-11.517333984375,0.8781746704101563,-0.37828425292968754,0.0
,4403,,,,,69.4244384765625,-11.517333984375,0.9027237854003907,-0.3517670654296875,0.0
,4404,,,,,74.7161865234375,1.904296875,0.8906046020507813,-0.3271143676757813,0.0
,4405,,,,,68.572998046875,1.904296875,0.9214722656250001,-0.26672561645507814,0.0
,4406,,,,,74.5330810546875,12.2314453125,0.9160859619140626,-0.21855963134765627,0.0
,4407,,,,,68.6737060546875,12.2314453125,0.9266514038085938,-0.16625033569335937,0.0
,4408,,,,,73.992919921875,21.4508056640625,0.8831466430664062,-0.11124788818359375,0.0
,4409,,,,,67.4560546875,21.4508056640625,0.8842860534667969,-0.03956861572265625,0.0
,4410,,,,,73.223876953125,31.439208984375,0.8854254638671876,0.0451620849609375,0.0
,4411,,,,,66.3299560546875,31.439208984375,0.8851147155761719,0.09229224243164062,0.0
,4412,,,,,70.4132080078125,38.525390625,0.8513467346191407,0.15589205932617187,0.0
,4413,,,,,61.9720458984375,38.525390625,0.8495858276367187,0.23306121826171874,0.0
,4414,,,,,64.3798828125,42.681884765625,0.8669877319335938,0.3161345947265625,0.0
,4415,,,,,59.9761962890625,42.681884765625,0.8463747619628906,0.3909213500976563,0.0
,4416,,,,,62.3565673828125,46.8017578125,0.8409884582519531,0.4637400329589844,0.0
,4417,,,,,53.4393310546875,46.8017578125,0.8300086853027344,0.5084877868652344,0.0
,4418,,,,,56.597900390625,52.276611328125,0.8167500915527344,0.5567573547363281,0.0
,4419,,,,,43.817138671875,52.276611328125,0.7965514526367188,0.5671156311035156,0.0
,4420,,,,,18.4478759765625,55.5816650390625,0.7818427001953125,0.602437353515625,0.0
,4421,,,,,30.377197265625,59.1705322265625,0.6944188476562501,0.5802706420898438,0.0
,4422,,,,,32.8399658203125,63.427734375,0.6843713195800781,0.6276079650878906,0.0
,4423,,,,,25.1678466796875,67.1539306640625,0.6117598022460937,0.6398307312011718,0.0
,4424,,,,,26.495361328125,69.4610595703125,0.6055448364257813,0.6848892333984375,0.0
,4425,,,,,16.4886474609375,71.173095703125,0.511284521484375,0.703534130859375,0.0
,4426,,,,,17.32177734375,72.6287841796875,0.4737875610351563,0.7707593444824219,0.0
,4427,,,,,8.8531494140625,73.71826171875,0.4045942749023438,0.8146784362792969,0.0
,4428,,,,,9.1552734375,74.2401123046875,0.3848099670410156,0.8691629699707032,0.0
,4429,,,,,0.3021240234375,74.322509765625,0.2951072937011719,0.8841824707031251,0.0
,4430,,,,,0.2471923828125,74.2218017578125,0.2581282470703125,0.9246833312988282,0.0
,4431,,,,,-4.339599609375,73.992919921875,0.1795089294433594,0.9243725830078126,0.0
,4432,,,,,-4.6051025390625,73.5443115234375,0.1372471618652344,0.9437425598144532,0.0
,4433,,,,,-12.19482421875,72.418212890625,0.061735327148437505,0.9400135803222657,0.0
,4434,,,,,-13.1011962890625,70.843505859375,0.02506702880859375,0.9584513122558594,0.0
,4435,,,,,-20.32470703125,68.8385009765625,-0.03179990844726563,0.9378383422851563,0.0
,4436,,,,,-21.35009765625,67.05322265625,-0.061631744384765624,0.9307947143554688,0.0
,4437,,,,,-26.934814453125,64.8651123046875,-0.10513650512695313,0.9039667785644532,0.0
,4438,,,,,-33.3892822265625,62.3748779296875,-0.13703999633789063,0.8990983886718751,0.0
,4439,,,,,-40.850830078125,57.110595703125,-0.183134326171875,0.8880150329589844,0.0
,4440,,,,,-44.1741943359375,57.110595703125,-0.2487022155761719,0.8412992065429687,0.0
,4441,,,,,-50.28076171875,51.96533203125,-0.3126127807617188,0.8061846496582031,0.0
,4442,,,,,-52.7801513671875,51.96533203125,-0.37621259765625004,0.7671339477539063,0.0
,4443,,,,,-59.2803955078125,44.86083984375,-0.428418310546875,0.7410310913085938,0.0
,4444,,,,,-60.7269287109375,44.86083984375,-0.4984402587890625,0.6929686889648438,0.0
,4445,,,,,-65.33203125,38.3331298828125,-0.5686693725585937,0.6613759460449219,0.0
,4446,,,,,-65.51513671875,38.3331298828125,-0.6354802551269532,0.6200464233398437,0.0
,4447,,,,,-70.05615234375,30.6060791015625,-0.7082989379882813,0.565976220703125,0.0
,4448,,,,,-69.818115234375,30.6060791015625,-0.7590544921875,0.5282720947265626,0.0
,4449,,,,,-71.3836669921875,26.605224609375,-0.7793567138671875,0.4766878784179688,0.0
,4450,,,,,-69.8822021484375,26.605224609375,-0.8152999328613282,0.43162937622070313,0.0
,4451,,,,,-72.930908203125,17.6513671875,-0.8605656005859376,0.3777663391113281,0.0
,4452,,,,,-90.9942626953125,-17.6788330078125,-0.8849075500488282,0.36699373168945315,0.0
,4453,,,,,-82.379150390625,-7.03125,-0.8954729919433594,0.32970393676757814,0.0
,4454,,,,,-79.4677734375,-7.03125,-0.8985804748535157,0.311576953125,0.0
,4455,,,,,-76.153564453125,-5.657958984375,-0.9194006103515625,0.2540885192871094,0.0
,4456,,,,,-69.0765380859375,-5.657958984375,-0.909974578857422,0.24486965332031252,0.0
,4457,,,,,-75.5218505859375,-16.827392578125,-0.9240618347167969,0.16676824951171876,0.0
,4458,,,,,-69.6990966796875,-16.827392578125,-0.9154644653320313,0.131757275390625,0.0
,4459,,,,,-75.2197265625,-26.3946533203125,-0.9139107238769532,0.02154521484375,0.0
,4460,,,,,-68.8201904296875,-26.3946533203125,-0.9013772094726563,-0.03211065673828125,0.0
,4461,,,,,-73.4344482421875,-34.3780517578125,-0.8994091369628906,-0.11135147094726563,0.0
,4462,,,,,-66.61376953125,-34.3780517578125,-0.8824215637207031,-0.1454302001953125,0.0
,4463,,,,,-69.3878173828125,-39.1754150390625,-0.9105960754394532,-0.2619608093261719,0.0
,4464,,,,,-62.6220703125,-39.1754150390625,-0.8837681396484375,-0.3063978149414063,0.0
,4465,,,,,-65.771484375,-44.6319580078125,-0.8605656005859376,-0.3779735046386719,0.0
,4466,,,,,-58.4747314453125,-44.6319580078125,-0.8578724487304688,-0.4238606689453125,0.0
,4467,,,,,-60.9100341796875,-48.8616943359375,-0.8733062805175782,-0.5016513244628906,0.0
,4468,,,,,-48.5321044921875,-48.8616943359375,-0.851035986328125,-0.5293079223632813,0.0
,4469,,,,,-50.3265380859375,-51.9561767578125,-0.8223435607910157,-0.5936328186035157,0.0
,4470,,,,,-38.616943359375,-55.8929443359375,-0.8164393432617187,-0.6275043823242188,0.0
,4471,,,,,-40.447998046875,-59.0606689453125,-0.7899221557617188,-0.6616866943359375,0.0
,4472,,,,,-28.363037109375,-62.4847412109375,-0.7414454223632813,-0.6693518188476563,0.0
,4473,,,,,-30.523681640625,-66.229248046875,-0.6921400268554688,-0.7212467834472657,0.0
,4474,,,,,-20.3338623046875,-69.0216064453125,-0.6495675109863281,-0.7551183471679688,0.0
,4475,,,,,-21.4508056640625,-70.9625244140625,-0.5947722290039062,-0.7820498657226562,0.0
,4476,,,,,-11.6729736328125,-72.8302001953125,-0.5046552246093751,-0.7877469177246094,0.0
,4477,,,,,-12.506103515625,-74.267578125,-0.43981241455078124,-0.8201683227539063,0.0
,4478,,,,,-3.5614013671875,-74.81689453125,-0.3974470642089844,-0.86346591796875,0.0
,4479,,,,,-3.7353515625,-75.1190185546875,-0.3227638916015625,-0.8883257812500001,0.0
,4480,,,,,3.0670166015625,-75.0457763671875,-0.26869368896484375,-0.9079029235839844,0.0
,4481,,,,,3.1219482421875,-74.945068359375,-0.20126130981445314,-0.9242690002441406,0.0
,4482,,,,,10.5377197265625,-74.652099609375,-0.13766149291992189,-0.922300927734375,0.0
,4483,,,,,11.1602783203125,-73.57177734375,-0.08214113159179688,-0.9295517211914063,0.0
,4484,,,,,17.083740234375,-71.8963623046875,0.008079455566406251,-0.9274800659179688,0.0
,4485,,,,,18.072509765625,-70.1751708984375,0.0542773681640625,-0.9345236938476563,0.0
,4486,,,,,23.2452392578125,-67.529296875,0.0932244873046875,-0.953790087890625,0.0
,4487,,,,,29.1778564453125,-64.947509765625,0.10927981567382813,-0.9634232849121094,0.0
,4488,,,,,34.5977783203125,-62.2100830078125,0.17412262573242188,-0.9453998840332032,0.0
,4489,,,,,40.4205322265625,-59.234619140625,0.18468806762695314,-0.9118390686035156,0.0
,4490,,,,,47.625732421875,-53.5308837890625,0.2398976806640625,-0.8778639221191407,0.0
,4491,,,,,50.9674072265625,-53.5308837890625,0.2993541870117188,-0.8395382995605469,0.0
,4492,,,,,56.3690185546875,-49.0264892578125,0.3526993103027344,-0.8204790710449219,0.0
,4493,,,,,58.447265625,-49.0264892578125,0.3857422119140625,-0.8116745361328125,0.0
,4494,,,,,64.141845703125,-42.0684814453125,0.4768950439453125,-0.7404095947265625,0.0
,4495,,,,,65.3228759765625,-42.0684814453125,0.5488850646972656,-0.6863393920898437,0.0
,4496,,,,,69.9371337890625,-35.3302001953125,0.6172496887207032,-0.6393128173828125,0.0
,4497,,,,,69.6533203125,-35.3302001953125,0.6627225219726562,-0.6086523193359376,0.0
,4498,,,,,72.0245361328125,-30.120849609375,0.7309835632324219,-0.5567573547363281,0.0
,4499,,,,,70.9259033203125,-30.120849609375,0.7904400695800782,-0.49295037231445316,0.0
,4500,,,,,72.8485107421875,-24.1973876953125,0.8221363952636719,-0.4583537292480469,0.0
,4501,,,,,70.770263671875,-24.1973876953125,0.8691629699707032,-0.4170242065429688,0.0
,4502,,,,,74.52392578125,-13.7969970703125,0.8994091369628906,-0.4014867919921875,0.0
,4503,,,,,71.7681884765625,-13.7969970703125,0.9131856445312501,-0.3691689697265625,0.0
,4504,,,,,77.7191162109375,1.904296875,0.9194006103515625,-0.3259749572753906,0.0
,4505,,,,,75.03662109375,1.904296875,0.9457106323242188,-0.2785340515136719,0.0
,4506,,,,,77.6641845703125,11.24267578125,0.9159823791503906,-0.229539404296875,0.0
,4507,,,,,71.5667724609375,11.24267578125,0.9341093627929687,-0.17018648071289064,0.0
,4508,,,,,77.5177001953125,21.551513671875,0.9408422424316406,-0.08576652832031251,0.0
,4509,,,,,71.173095703125,21.551513671875,0.9441568908691407,-0.019577142333984377,0.0
,4510,,,,,75.7049560546875,29.3975830078125,0.9121498168945312,0.05707410278320313,0.0
,4511,,,,,68.9666748046875,29.3975830078125,0.9420852355957031,0.13776507568359375,0.0
,4512,,,,,73.5443115234375,37.3260498046875,0.9376311767578125,0.22612117309570312,0.0
,4513,,,,,63.6474609375,37.3260498046875,0.9502682739257813,0.2932428039550781,0.0
,4514,,,,,65.80810546875,41.070556640625,0.9276872314453125,0.3531136413574219,0.0
,4515,,,,,60.5072021484375,41.070556640625,0.9342129455566407,0.4304899658203125,0.0
,4516,,,,,63.720703125,46.6278076171875,0.9225080932617188,0.4841458374023438,0.0
,4517,,,,,53.9154052734375,46.6278076171875,0.9152572998046875,0.5150135009765625,0.0
,4518,,,,,56.6070556640625,51.287841796875,0.9117354858398438,0.584206787109375,0.0
,4519,,,,,43.8629150390625,51.287841796875,0.8700952148437501,0.5859676940917969,0.0
,4520,,,,,17.449951171875,54.9224853515625,0.870923876953125,0.6443883728027344,0.0
,4521,,,,,31.8328857421875,59.06982421875,0.7808068725585938,0.6451134521484375,0.0
,4522,,,,,33.9752197265625,62.7685546875,0.7561541748046875,0.6691446533203125,0.0
,4523,,,,,23.62060546875,65.6158447265625,0.6918292785644532,0.6724593017578125,0.0
,4524,,,,,25.1678466796875,68.29833984375,0.6801244262695313,0.7208324523925781,0.0
,4525,,,,,14.0167236328125,70.9808349609375,0.5801670593261719,0.6965940856933593,0.0
,4526,,,,,15.3533935546875,73.3062744140625,0.5364551330566406,0.7587437438964844,0.0
,4527,,,,,5.52978515625,74.4598388671875,0.43753359375,0.7841215209960938,0.0
,4528,,,,,5.96923828125,75.2288818359375,0.41049849243164066,0.8490679138183594,0.0
,4529,,,,,-2.3895263671875,75.7781982421875,0.353838720703125,0.8781746704101563,0.0
,4530,,,,,-2.252197265625,76.025390625,0.2828845275878906,0.8973374816894532,0.0
,4531,,,,,-7.6080322265625,75.6591796875,0.1752620361328125,0.8828358947753907,0.0
,4532,,,,,-8.16650390625,74.688720703125,0.14366929321289063,0.9166038757324219,0.0
,4533,,,,,-14.0533447265625,73.114013671875,0.07178285522460938,0.9232331726074219,0.0
,4534,,,,,-15.032958984375,71.4202880859375,0.022684625244140624,0.9225080932617188,0.0
,4535,,,,,-17.7978515625,69.232177734375,-0.026931518554687502,0.9117354858398438,0.0
,4536,,,,,-23.583984375,66.7877197265625,-0.06577505493164063,0.9092494995117187,0.0
,4537,,,,,-29.7454833984375,64.3341064453125,-0.1064830810546875,0.8865648742675781,0.0
,4538,,,,,-35.3668212890625,62.530517578125,-0.16024253540039063,0.8464783447265626,0.0
,4539,,,,,-42.6361083984375,57.0098876953125,-0.19297468872070314,0.8434744445800781,0.0
,4540,,,,,-46.5728759765625,57.0098876953125,-0.24580189819335937,0.8126067810058594,0.0
,4541,,,,,-52.8350830078125,52.3956298828125,-0.32670003662109376,0.7766635620117188,0.0
,4542,,,,,-54.9957275390625,52.3956298828125,-0.39340733642578124,0.7272545837402344,0.0
,4543,,,,,-60.4522705078125,46.7193603515625,-0.4366013488769531,0.705191455078125,0.0
,4544,,,,,-62.2100830078125,46.7193603515625,-0.47565205078125,0.6692482360839844,0.0
,4545,,,,,-66.90673828125,40.5303955078125,-0.54857431640625,0.6259506408691407,0.0
,4546,,,,,-66.943359375,40.5303955078125,-0.6296796203613282,0.5638009826660156,0.0
,4547,,,,,-69.9371337890625,34.97314453125,-0.7142031555175782,0.522885791015625,0.0
,4548,,,,,-69.2779541015625,34.97314453125,-0.7616440612792968,0.4749269714355469,0.0
,4549,,,,,-71.96044921875,28.656005859375,-0.8020413391113281,0.44012316284179687,0.0
,4550,,,,,-70.3399658203125,28.656005859375,-0.8535219726562501,0.4165062927246094,0.0
,4551,,,,,-73.297119140625,19.8394775390625,-0.8967159851074219,0.3791129150390625,0.0
,4552,,,,,-93.71337890625,-19.866943359375,-0.9172253723144531,0.3480380859375,0.0
,4553,,,,,-83.0474853515625,-6.8206787109375,-0.9349380249023438,0.314062939453125,0.0
,4554,,,,,-79.7882080078125,-6.8206787109375,-0.9351451904296876,0.28340244140625,0.0
,4555,,,,,-75.3204345703125,-3.5980224609375,-0.9456070495605469,0.229539404296875,0.0
,4556,,,,,-69.0216064453125,-3.5980224609375,-0.9665307678222657,0.19577142333984376,0.0
,4557,,,,,-75.4119873046875,-14.666748046875,-0.9533757568359376,0.1325859375,0.0
,4558,,,,,-68.8751220703125,-14.666748046875,-0.94136015625,0.07830856933593751,0.0
,4559,,,,,-73.8372802734375,-23.25439453125,-0.9608337158203125,-0.027656597900390625,0.0
,4560,,,,,-66.0919189453125,-23.25439453125,-0.9475751220703126,-0.06898612060546876,0.0
,4561,,,,,-70.9808349609375,-31.7230224609375,-0.9759567993164063,-0.15775654907226563,0.0
,4562,,,,,-62.9058837890625,-31.7230224609375,-0.9493360290527344,-0.1794053466796875,0.0
,4563,,,,,-65.716552734375,-36.5936279296875,-0.9329699523925782,-0.259371240234375,0.0
,4564,,,,,-58.7127685546875,-36.5936279296875,-0.9018951232910156,-0.31509876708984375,0.0
,4565,,,,,-62.109375,-42.48046875,-0.8814893188476562,-0.38356697387695315,0.0
,4566,,,,,-55.169677734375,-42.48046875,-0.8791069152832032,-0.42251409301757814,0.0
,4567,,,,,-57.9345703125,-47.259521484375,-0.8562151245117188,-0.4894285583496094,0.0
,4568,,,,,-46.9940185546875,-47.259521484375,-0.8115709533691406,-0.47927744750976564,0.0
,4569,,,,,-48.6419677734375,-50.1251220703125,-0.8176823364257813,-0.5447417541503906,0.0
,4570,,,,,-36.8316650390625,-54.08935546875,-0.8098100463867188,-0.5741592590332032,0.0
,4571,,,,,-38.873291015625,-57.623291015625,-0.7634049682617188,-0.598397625732422,0.0
,4572,,,,,-26.40380859375,-61.138916015625,-0.7472460571289062,-0.6278151306152344,0.0
,4573,,,,,-28.5369873046875,-64.8284912109375,-0.70104814453125,-0.6656228393554687,0.0
,4574,,,,,-17.7520751953125,-68.2891845703125,-0.6161102783203125,-0.6722521362304688,0.0
,4575,,,,,-18.951416015625,-70.367431640625,-0.5652511413574219,-0.713478076171875,0.0
,4576,,,,,-8.2672119140625,-72.015380859375,-0.5221607116699218,-0.7602974853515625,0.0
,4577,,,,,-9.2559814453125,-73.7274169921875,-0.47088724365234375,-0.8043201599121094,0.0
,4578,,,,,-0.84228515625,-74.9267578125,-0.38750311889648437,-0.821307733154297,0.0
,4579,,,,,-0.9246826171875,-75.0640869140625,-0.31644534301757815,-0.8281441955566406,0.0
,4580,,,,,6.005859375,-74.835205078125,-0.2528455261230469,-0.846064013671875,0.0
,4581,,,,,6.134033203125,-74.615478515625,-0.16552525634765625,-0.8555936279296875,0.0
,4582,,,,,11.627197265625,-73.6907958984375,-0.08804534912109375,-0.854350634765625,0.0
,4583,,,,,12.26806640625,-72.5830078125,-0.033250067138671874,-0.8704059631347657,0.0
,4584,,,,,17.7337646484375,-70.9075927734375,0.028796008300781252,-0.8697844665527344,0.0
,4585,,,,,19.024658203125,-68.6737060546875,0.04329759521484375,-0.8866684570312501,0.0
,4586,,,,,24.5819091796875,-66.2109375,0.09964661865234375,-0.8837681396484375,0.0
,4587,,,,,29.5806884765625,-64.1143798828125,0.13911165161132813,-0.8733062805175782,0.0
,4588,,,,,34.8175048828125,-62.14599609375,0.1955642578125,-0.8515539001464844,0.0
,4589,,,,,39.9169921875,-60.1318359375,0.20923718261718752,-0.8429565307617187,0.0
,4590,,,,,47.05810546875,-55.078125,0.25854257812500003,-0.8200647399902344,0.0
,4591,,,,,50.4180908203125,-55.078125,0.30474049072265624,-0.7755241516113281,0.0
,4592,,,,,55.55419921875,-50.537109375,0.3546673828125,-0.7476603881835938,0.0
,4593,,,,,57.476806640625,-50.537109375,0.38304906005859374,-0.7477639709472657,0.0
,4594,,,,,63.006591796875,-43.8720703125,0.4841458374023438,-0.6944188476562501,0.0
,4595,,,,,63.90380859375,-43.8720703125,0.5349013916015625,-0.6434561279296875,0.0
,4596,,,,,67.5018310546875,-38.323974609375,0.6162138610839843,-0.5868999389648437,0.0
,4597,,,,,67.3828125,-38.323974609375,0.67453095703125,-0.5295150878906251,0.0
,4598,,,,,69.7906494140625,-33.0596923828125,0.7475568054199219,-0.4985438415527344,0.0
,4599,,,,,68.609619140625,-33.0596923828125,0.7787352172851563,-0.48331717529296875,0.0
,4600,,,,,70.6787109375,-26.91650390625,0.8300086853027344,-0.44540588378906254,0.0
,4601,,,,,68.6920166015625,-26.91650390625,0.8690593872070312,-0.40925549926757815,0.0
,4602,,,,,73.828125,-14.1082763671875,0.8771388427734376,-0.3849135498046875,0.0
,4603,,,,,70.2667236328125,-14.1082763671875,0.9177432861328125,-0.3435840270996094,0.0
,4604,,,,,73.53515625,-2.7008056640625,0.9283087280273438,-0.31302711181640624,0.0
,4605,,,,,71.0540771484375,-2.7008056640625,0.9295517211914063,-0.27988062744140624,0.0
,4606,,,,,75.5126953125,9.11865234375,0.9138071411132813,-0.21638439331054687,0.0
,4607,,,,,68.6920166015625,9.11865234375,0.938874169921875,-0.14770902099609376,0.0
,4608,,,,,74.212646484375,18.6767578125,0.9412565734863282,-0.06732879638671875,0.0
,4609,,,,,68.5546875,18.6767578125,0.9435353942871094,-0.004454058837890625,0.0
,4610,,,,,73.919677734375,27.960205078125,0.9172253723144531,0.06080308227539063,0.0
,4611,,,,,65.1397705078125,27.960205078125,0.9616623779296876,0.14263346557617188,0.0
,4612,,,,,69.873046875,36.1724853515625,0.9341093627929687,0.19991473388671877,0.0
,4613,,,,,61.6607666015625,36.1724853515625,0.9349380249023438,0.2578174987792969,0.0
,4614,,,,,64.4439697265625,40.997314453125,0.9240618347167969,0.3219352294921875,0.0
,4615,,,,,57.110595703125,40.997314453125,0.9058312683105469,0.38646729125976564,0.0
,4616,,,,,60.2783203125,46.490478515625,0.9171217895507813,0.4644651123046875,0.0
,4617,,,,,52.9998779296875,46.490478515625,0.9051061889648437,0.5007190795898437,0.0
,4618,,,,,55.682373046875,51.1505126953125,0.8791069152832032,0.5407020263671876,0.0
,4619,,,,,41.8487548828125,51.1505126953125,0.8196504089355469,0.5422557678222656,0.0
,4620,,,,,19.482421875,55.096435546875,0.8437851928710938,0.6030588500976563,0.0
,4621,,,,,30.9722900390625,59.06982421875,0.7881612487792969,0.5874178527832031,0.0
,4622,,,,,32.8582763671875,62.3199462890625,0.7648551269531251,0.6234646545410156,0.0
,4623,,,,,20.8831787109375,65.8721923828125,0.6915185302734376,0.6522606628417968,0.0
,4624,,,,,22.833251953125,69.25048828125,0.6518463317871094,0.6920364440917969,0.0
,4625,,,,,12.9180908203125,71.6766357421875,0.5794419799804688,0.6683159912109375,0.0
,4626,,,,,13.916015625,73.406982421875,0.5572752685546876,0.72425068359375,0.0
,4627,,,,,4.0008544921875,74.688720703125,0.4445772216796875,0.7477639709472657,0.0
,4628,,,,,4.7607421875,76.007080078125,0.40386919555664064,0.8084634704589844,0.0
,4629,,,,,-3.314208984375,76.64794921875,0.3332257507324219,0.8434744445800781,0.0
,4630,,,,,-3.2501220703125,76.7486572265625,0.2806057067871094,0.88335380859375,0.0
,4631,,,,,-7.8643798828125,76.556396484375,0.1790945983886719,0.8928834228515625,0.0
,4632,,,,,-8.5052490234375,75.4486083984375,0.1205703369140625,0.9119426513671876,0.0
,4633,,,,,-13.7969970703125,73.9471435546875,0.07126494140625,0.9398064147949219,0.0
,4634,,,,,-14.7674560546875,72.2625732421875,0.04381550903320312,0.9671522644042969,0.0
,4635,,,,,-17.5872802734375,70.0836181640625,-0.04951256103515625,0.9443640563964844,0.0
,4636,,,,,-23.309326171875,67.987060546875,-0.10586158447265626,0.9074885925292969,0.0
,4637,,,,,-29.18701171875,65.9912109375,-0.11994884033203125,0.9150501342773438,0.0
,4638,,,,,-34.423828125,64.0869140625,-0.16127836303710938,0.8803499084472657,0.0
,4639,,,,,-41.3543701171875,59.051513671875,-0.23886185302734375,0.8332197509765625,0.0
,4640,,,,,-45.2545166015625,59.051513671875,-0.30329033203125,0.8069097290039062,0.0
,4641,,,,,-51.287841796875,54.3914794921875,-0.3683403076171875,0.7826713623046875,0.0
,4642,,,,,-53.741455078125,54.3914794921875,-0.4362906005859375,0.7306728149414062,0.0
,4643,,,,,-58.6212158203125,49.6124267578125,-0.47554846801757816,0.7001158996582032,0.0
,4644,,,,,-60.0677490234375,49.6124267578125,-0.5364551330566406,0.6711127258300782,0.0
,4645,,,,,-65.29541015625,42.1783447265625,-0.6109311401367188,0.6428346313476563,0.0
,4646,,,,,-65.093994140625,42.1783447265625,-0.6669694152832032,0.6083415710449219,0.0
,4647,,,,,-68.1243896484375,36.273193359375,-0.72425068359375,0.5535462890625,0.0
,4648,,,,,-67.41943359375,36.273193359375,-0.7810140380859375,0.5134597595214844,0.0
,4649,,,,,-70.1019287109375,29.205322265625,-0.8354985717773438,0.4788631164550781,0.0
,4650,,,,,-68.1610107421875,29.205322265625,-0.8651232421875,0.45472833251953126,0.0
,4651,,,,,-71.30126953125,20.6451416015625,-0.9006521301269531,0.4147453857421875,0.0
,4652,,,,,-68.8201904296875,20.6451416015625,-0.9135999755859375,0.4028333679199219,0.0
,4653,,,,,-73.370361328125,8.7890625,-0.9416709045410157,0.34420552368164065,0.0
,4654,,,,,-80.67626953125,-8.8165283203125,-0.9672558471679688,0.30660498046875,0.0
,4655,,,,,-74.4415283203125,-3.0120849609375,-0.9748173889160157,0.24062276000976562,0.0
,4656,,,,,-69.2047119140625,-3.0120849609375,-0.9677737609863282,0.2238423522949219,0.0
,4657,,,,,-75.8148193359375,-14.4561767578125,-0.976267547607422,0.14574094848632813,0.0
,4658,,,,,-68.2159423828125,-14.4561767578125,-0.9689131713867187,0.11093713989257813,0.0
,4659,,,,,-73.9837646484375,-24.4537353515625,-0.9498539428710938,0.03293931884765625,0.0
,4660,,,,,-66.97998046875,-24.4537353515625,-0.9408422424316406,-0.024031201171875002,0.0
,4661,,,,,-72.491455078125,-33.9935302734375,-0.9599014709472656,-0.12378140258789062,0.0
,4662,,,,,-62.8143310546875,-33.9935302734375,-0.9318305419921875,-0.15195591430664063,0.0
,4663,,,,,-66.9158935546875,-41.0980224609375,-0.9489216979980469,-0.20571536865234374,0.0
,4664,,,,,-58.7127685546875,-41.0980224609375,-0.9273764831542969,-0.2640324645996094,0.0
,4665,,,,,-61.19384765625,-45.391845703125,-0.9218865966796875,-0.3622289245605469,0.0
,4666,,,,,-54.01611328125,-45.391845703125,-0.8811785705566406,-0.39786139526367187,0.0
,4667,,,,,-57.0556640625,-50.6561279296875,-0.8457532653808594,-0.46477586059570314,0.0
,4668,,,,,-48.0743408203125,-50.6561279296875,-0.8397454650878906,-0.4954363586425781,0.0
,4669,,,,,-49.03564453125,-52.3223876953125,-0.8248295471191407,-0.556032275390625,0.0
,4670,,,,,-36.62109375,-56.2225341796875,-0.7908544006347656,-0.5578967651367188,0.0
,4671,,,,,-38.836669921875,-60.0494384765625,-0.7708629272460937,-0.5964295532226562,0.0
,4672,,,,,-27.1636962890625,-63.2171630859375,-0.7212467834472657,-0.6101024780273437,0.0
,4673,,,,,-29.132080078125,-66.632080078125,-0.6651049255371094,-0.6357910034179688,0.0
,4674,,,,,-16.973876953125,-69.8822021484375,-0.6261578063964844,-0.6542287353515626,0.0
,4675,,,,,-18.49365234375,-72.5189208984375,-0.5797527282714844,-0.7142031555175782,0.0
,4676,,,,,-9.7412109375,-74.1943359375,-0.5092128662109375,-0.7335731323242187,0.0
,4677,,,,,-10.7574462890625,-75.9429931640625,-0.4560749084472656,-0.7741775756835938,0.0
,4678,,,,,-1.1444091796875,-77.2430419921875,-0.3827383117675781,-0.7941690490722656,0.0
,4679,,,,,-1.483154296875,-77.838134765625,-0.3016330078125,-0.8243116333007813,0.0
,4680,,,,,2.8656005859375,-77.5360107421875,-0.23565078735351563,-0.8646053283691406,0.0
,4681,,,,,3.1036376953125,-77.1240234375,-0.14429078979492188,-0.8719597045898437,0.0
,4682,,,,,9.9334716796875,-76.3458251953125,-0.06318548583984375,-0.8749636047363282,0.0
,4683,,,,,10.6292724609375,-75.146484375,-0.0343894775390625,-0.9036560302734375,0.0
,4684,,,,,15.9576416015625,-73.5076904296875,0.04340117797851563,-0.9042775268554688,0.0
,4685,,,,,16.9281005859375,-71.8231201171875,0.0725079345703125,-0.9105960754394532,0.0
,4686,,,,,21.78955078125,-70.0927734375,0.12036317138671876,-0.9096638305664063,0.0
,4687,,,,,28.179931640625,-67.510986328125,0.12357423706054688,-0.9041739440917969,0.0
,4688,,,,,34.4970703125,-64.7735595703125,0.16417868041992187,-0.8822143981933595,0.0
,4689,,,,,39.29443359375,-62.7960205078125,0.21742022094726562,-0.8698880493164063,0.0
,4690,,,,,45.7672119140625,-57.6873779296875,0.31623817749023436,-0.8197539916992188,0.0
,4691,,,,,49.0447998046875,-57.6873779296875,0.34907391357421874,-0.804630908203125,0.0
,4692,,,,,54.7119140625,-52.093505859375,0.3899891052246094,-0.8064953979492188,0.0
,4693,,,,,56.1126708984375,-52.093505859375,0.4351511901855469,-0.7692056030273438,0.0
,4694,,,,,60.882568359375,-45.428466796875,0.5280649291992188,-0.7161712280273438,0.0
,4695,,,,,61.4501953125,-45.428466796875,0.5990191223144531,-0.6797100952148438,0.0
,4696,,,,,66.5771484375,-37.3077392578125,0.6617902770996094,-0.6414880554199219,0.0
,4697,,,,,66.412353515625,-37.3077392578125,0.7239399353027344,-0.5767488281250001,0.0
,4698,,,,,68.206787109375,-33.3709716796875,0.7676518615722656,-0.53200107421875,0.0
,4699,,,,,67.2821044921875,-33.3709716796875,0.8010055114746094,-0.5020656555175781,0.0
,4700,,,,,70.2484130859375,-26.0284423828125,0.8525897277832032,-0.4489276977539063,0.0
,4701,,,,,68.426513671875,-26.0284423828125,0.8784854187011719,-0.42582874145507815,0.0
,4702,,,,,72.7203369140625,-15.032958984375,0.8821108154296875,-0.40811608886718753,0.0
,4703,,,,,69.9737548828125,-15.032958984375,0.9134963928222657,-0.3561175415039063,0.0
,4704,,,,,76.666259765625,1.995849609375,0.9282051452636719,-0.32245314331054686,0.0
,4705,,,,,73.5626220703125,1.995849609375,0.9273764831542969,-0.2871314208984375,0.0
,4706,,,,,75.5767822265625,10.1898193359375,0.9069706787109375,-0.2432123291015625,0.0
,4707,,,,,68.5546875,10.1898193359375,0.9489216979980469,-0.18800271606445312,0.0
,4708,,,,,75.18310546875,21.6705322265625,0.9327627868652344,-0.12999636840820314,0.0
,4709,,,,,68.023681640625,21.6705322265625,0.9331771179199219,-0.058938592529296875,0.0
,4710,,,,,72.967529296875,30.230712890625,0.9133928100585937,0.014812335205078126,0.0
,4711,,,,,64.5263671875,30.230712890625,0.9346272766113282,0.09498539428710938,0.0
,4712,,,,,69.61669921875,39.0472412109375,0.9290338073730469,0.17868026733398437,0.0
,4713,,,,,61.431884765625,39.0472412109375,0.9345236938476563,0.24103709106445315,0.0
,4714,,,,,63.7481689453125,43.048095703125,0.9027237854003907,0.2869242553710938,0.0
,4715,,,,,56.72607421875,43.048095703125,0.8853218811035156,0.3437911926269531,0.0
,4716,,,,,60.2691650390625,49.1729736328125,0.8738241943359375,0.41671345825195316,0.0
,4717,,,,,52.9449462890625,49.1729736328125,0.8623265075683594,0.4656045227050781,0.0
,4718,,,,,55.352783203125,53.3477783203125,0.8708202941894532,0.5465026611328125,0.0
,4719,,,,,41.912841796875,53.3477783203125,0.8223435607910157,0.5532355407714844,0.0
,4720,,,,,21.6156005859375,56.707763671875,0.8026628356933594,0.5910432495117187,0.0
,4721,,,,,31.7962646484375,60.2783203125,0.7558434265136719,0.5959116394042969,0.0
,4722,,,,,33.6273193359375,63.446044921875,0.7520108642578125,0.640555810546875,0.0
,4723,,,,,22.22900390625,66.4947509765625,0.6494639282226563,0.645527783203125,0.0
,4724,,,,,23.91357421875,69.4244384765625,0.6056484191894531,0.6705948120117188,0.0
,4725,,,,,14.8223876953125,71.9329833984375,0.516256494140625,0.6626189392089844,0.0
,4726,,,,,15.8843994140625,73.773193359375,0.468194091796875,0.7361627014160157,0.0
,4727,,,,,6.793212890625,75.311279296875,0.4053193542480469,0.8027664184570312,0.0
,4728,,,,,7.379150390625,76.318359375,0.38967835693359376,0.8762065979003907,0.0
,4729,,,,,1.3641357421875,76.5472412109375,0.25750675048828126,0.854454217529297,0.0
,4730,,,,,1.190185546875,76.226806640625,0.19494276123046875,0.8819036499023438,0.0
,4731,,,,,-3.900146484375,75.62255859375,0.12740679931640625,0.8973374816894532,0.0
,4732,,,,,-4.486083984375,74.6246337890625,0.09498539428710938,0.9307947143554688,0.0
,4733,,,,,-10.601806640625,73.1689453125,0.048891064453125,0.9558617431640626,0.0
,4734,,,,,-11.444091796875,71.7132568359375,0.002589569091796875,0.9464357116699219,0.0
,4735,,,,,-19.3634033203125,69.598388671875,-0.06991836547851563,0.9260299072265625,0.0
,4736,,,,,-20.7550048828125,67.1905517578125,-0.1114550537109375,0.9175361206054687,0.0
,4737,,,,,-26.6326904296875,64.9017333984375,-0.14511945190429687,0.9081100891113282,0.0
,4738,,,,,-31.732177734375,62.51220703125,-0.1728796325683594,0.8769316772460938,0.0
,4739,,,,,-38.4246826171875,57.9254150390625,-0.22777849731445313,0.8429565307617187,0.0
,4740,,,,,-42.66357421875,57.9254150390625,-0.29262130737304687,0.8053559875488282,0.0
,4741,,,,,-48.394775390625,53.61328125,-0.3500061584472656,0.7808068725585938,0.0
,4742,,,,,-50.57373046875,53.61328125,-0.42354992065429686,0.7394773498535157,0.0
,4743,,,,,-55.99365234375,48.065185546875,-0.46891917114257814,0.7104741760253906,0.0
,4744,,,,,-57.696533203125,48.065185546875,-0.5074519592285156,0.6816781677246094,0.0
,4745,,,,,-62.6861572265625,41.400146484375,-0.5814100524902344,0.6334085998535156,0.0
,4746,,,,,-62.9241943359375,41.400146484375,-0.6490495971679687,0.6003656982421876,0.0
,4747,,,,,-67.34619140625,33.2611083984375,-0.7144103210449219,0.5461919128417969,0.0
,4748,,,,,-66.6595458984375,33.2611083984375,-0.7520108642578125,0.5307580810546875,0.0
,4749,,,,,-68.975830078125,27.7313232421875,-0.801316259765625,0.4819705993652344,0.0
,4750,,,,,-67.4102783203125,27.7313232421875,-0.8313552612304688,0.4621862915039063,0.0
,4751,,,,,-70.147705078125,20.0225830078125,-0.8439923583984376,0.42976488647460936,0.0
,4752,,,,,-90.985107421875,-20.050048828125,-0.8608763488769532,0.41215581665039064,0.0
,4753,,,,,-80.4473876953125,-7.03125,-0.9031381164550781,0.3507312377929688,0.0
,4754,,,,,-77.545166015625,-7.03125,-0.9181576171875,0.3340544128417969,0.0
,4755,,,,,-74.3316650390625,-5.621337890625,-0.9137035583496094,0.27780897216796874,0.0
,4756,,,,,-67.218017578125,-5.621337890625,-0.9166038757324219,0.2551243469238281,0.0
,4757,,,,,-73.6358642578125,-16.7449951171875,-0.9241654174804688,0.16842557373046876,0.0
,4758,,,,,-67.5567626953125,-16.7449951171875,-0.8881186157226563,0.15640997314453126,0.0
,4759,,,,,-73.3795166015625,-26.84326171875,-0.8958873229980469,0.05438095092773438,0.0
,4760,,,,,-65.606689453125,-26.84326171875,-0.8832502258300782,0.02175238037109375,0.0
,4761,,,,,-70.20263671875,-34.808349609375,-0.9114247375488281,-0.09011700439453126,0.0
,4762,,,,,-63.2080078125,-34.808349609375,-0.8911225158691407,-0.131757275390625,0.0
,4763,,,,,-66.76025390625,-40.97900390625,-0.9072814270019531,-0.20861568603515626,0.0
,4764,,,,,-59.088134765625,-40.97900390625,-0.8580796142578125,-0.2590604919433594,0.0
,4765,,,,,-61.541748046875,-45.2362060546875,-0.8191324951171876,-0.33902638549804687,0.0
,4766,,,,,-56.06689453125,-45.2362060546875,-0.8108458740234376,-0.3991043884277344,0.0
,4767,,,,,-59.0423583984375,-50.3997802734375,-0.812917529296875,-0.4695406677246094,0.0
,4768,,,,,-47.6806640625,-50.3997802734375,-0.7737632446289062,-0.48549241333007814,0.0
,4769,,,,,-49.090576171875,-52.84423828125,-0.7490069641113282,-0.5306544982910156,0.0
,4770,,,,,-38.287353515625,-56.011962890625,-0.7470388916015626,-0.5652511413574219,0.0
,4771,,,,,-40.2740478515625,-59.454345703125,-0.7161712280273438,-0.5969474670410156,0.0
,4772,,,,,-27.740478515625,-63.702392578125,-0.6787778503417969,-0.5952901428222657,0.0
,4773,,,,,-29.9652099609375,-67.547607421875,-0.6303011169433594,-0.6376554931640626,0.0
,4774,,,,,-20.379638671875,-70.0103759765625,-0.5612114135742188,-0.6637583496093751,0.0
,4775,,,,,-21.7529296875,-72.381591796875,-0.5188460632324219,-0.7061236999511719,0.0
,4776,,,,,-11.7828369140625,-74.4415283203125,-0.4702657470703125,-0.7559470092773438,0.0
,4777,,,,,-12.4237060546875,-75.54931640625,-0.4075981750488281,-0.7936511352539063,0.0
,4778,,,,,-4.6417236328125,-75.897216796875,-0.34120162353515626,-0.8148856018066406,0.0
,4779,,,,,-4.705810546875,-75.9979248046875,-0.26082139892578127,-0.8275226989746094,0.0
,4780,,,,,1.4190673828125,-75.6866455078125,-0.1944248474121094,-0.8530040588378907,0.0
,4781,,,,,1.812744140625,-74.9908447265625,-0.14035464477539064,-0.8795212463378906,0.0
,4782,,,,,6.9488525390625,-74.322509765625,-0.05769559936523438,-0.8850111328125,0.0
,4783,,,,,7.4798583984375,-73.3978271484375,0.00766512451171875,-0.8887401123046875,0.0
,4784,,,,,14.2181396484375,-71.5301513671875,0.0484767333984375,-0.9075921752929688,0.0
,4785,,,,,15.5181884765625,-69.2779541015625,0.06670729980468751,-0.910699658203125,0.0
,4786,,,,,21.4599609375,-67.3004150390625,0.10254693603515626,-0.9109068237304688,0.0
,4787,,,,,26.7425537109375,-65.7257080078125,0.10120036010742188,-0.9146358032226563,0.0
,4788,,,,,32.3455810546875,-63.5101318359375,0.17453695678710937,-0.8851147155761719,0.0
,4789,,,,,38.4979248046875,-60.8642578125,0.19680725097656251,-0.8690593872070312,0.0
,4790,,,,,45.574951171875,-55.70068359375,0.24963446044921875,-0.846167596435547,0.0
,4791,,,,,48.3123779296875,-55.70068359375,0.3002864318847656,-0.8199611572265625,0.0
,4792,,,,,54.1259765625,-49.896240234375,0.35539246215820314,-0.7911651489257813,0.0
,4793,,,,,56.3232421875,-49.896240234375,0.391957177734375,-0.7741775756835938,0.0
,4794,,,,,61.7523193359375,-43.4051513671875,0.47927744750976564,-0.7336767150878907,0.0
,4795,,,,,62.51220703125,-43.4051513671875,0.5571716857910156,-0.6796065124511719,0.0
,4796,,,,,67.2821044921875,-35.5224609375,0.6384841552734375,-0.6230503234863282,0.0
,4797,,,,,66.8426513671875,-35.5224609375,0.6904827026367187,-0.5600720031738281,0.0
,4798,,,,,69.873046875,-29.2327880859375,0.7131673278808593,-0.5429808471679688,0.0
,4799,,,,,68.73779296875,-29.2327880859375,0.7463138122558594,-0.5082806213378906,0.0
,4800,,,,,71.22802734375,-22.9156494140625,0.8034914978027344,-0.44602738037109374,0.0
,4801,,,,,69.305419921875,-22.9156494140625,0.8639838317871094,-0.41598837890625,0.0
,4802,,,,,73.114013671875,-11.9842529296875,0.8909153503417969,-0.3766269287109375,0.0
,4803,,,,,70.3125,-11.9842529296875,0.8982697265625,-0.3425481994628906,0.0
,4804,,,,,76.6845703125,3.55224609375,0.8855290466308594,-0.3327078369140625,0.0
,4805,,,,,73.3245849609375,3.55224609375,0.9302768005371094,-0.2826773620605469,0.0
,4806,,,,,75.0,11.7828369140625,0.9084208374023438,-0.24259083251953126,0.0
,4807,,,,,68.8934326171875,11.7828369140625,0.9017915405273438,-0.19224960937500002,0.0
,4808,,,,,74.6063232421875,21.6705322265625,0.9003413818359375,-0.11321596069335937,0.0
,4809,,,,,68.0877685546875,21.6705322265625,0.9054169372558594,-0.036357550048828124,0.0
,4810,,,,,73.7274169921875,31.439208984375,0.8841824707031251,0.021855963134765625,0.0
,4811,,,,,66.668701171875,31.439208984375,0.9124605651855469,0.10865831909179688,0.0
,4812,,,,,70.9442138671875,38.85498046875,0.8813857360839844,0.17919818115234376,0.0
,4813,,,,,62.347412109375,38.85498046875,0.8845968017578125,0.26568978881835936,0.0
,4814,,,,,64.7918701171875,43.0938720703125,0.869266552734375,0.33291500244140626,0.0
,4815,,,,,60.479736328125,43.0938720703125,0.8720632873535157,0.3993115539550781,0.0
,4816,,,,,62.896728515625,47.2869873046875,0.8705095458984375,0.47389114379882813,0.0
,4817,,,,,54.19921875,47.2869873046875,0.8405741271972657,0.5023764038085937,0.0
,4818,,,,,57.6507568359375,53.265380859375,0.8473070068359375,0.5668048828125,0.0
,4819,,,,,44.970703125,53.265380859375,0.814574853515625,0.5603827514648437,0.0
,4820,,,,,18.402099609375,56.524658203125,0.7828785278320313,0.5940471496582032,0.0
,4821,,,,,31.1737060546875,60.24169921875,0.7156533142089844,0.59663671875,0.0
,4822,,,,,33.3526611328125,64.0228271484375,0.7064344482421875,0.6523642456054688,0.0
,4823,,,,,25.0579833984375,67.41943359375,0.610723974609375,0.6425238830566407,0.0
,4824,,,,,26.47705078125,69.873046875,0.6225324096679687,0.6978370788574219,0.0
,4825,,,,,16.2506103515625,71.759033203125,0.5421521850585937,0.7277724975585937,0.0
,4826,,,,,17.2943115234375,73.5809326171875,0.4952291931152344,0.7906472351074219,0.0
,4827,,,,,8.5235595703125,74.6337890625,0.4119486511230469,0.8148856018066406,0.0
,4828,,,,,8.8165283203125,75.1373291015625,0.391957177734375,0.8744456909179688,0.0
,4829,,,,,0.018310546875,75.347900390625,0.29137831420898436,0.8701987976074219,0.0
,4830,,,,,0.018310546875,75.347900390625,0.2456983154296875,0.9110104064941407,0.0
,4831,,,,,-4.6875,75.03662109375,0.19007437133789062,0.9358702697753907,0.0
,4832,,,,,-5.0628662109375,74.37744140625,0.1413904724121094,0.9561724914550781,0.0
,4833,,,,,-12.48779296875,73.3428955078125,0.060595916748046874,0.9533757568359376,0.0
,4834,,,,,-13.2568359375,72.0062255859375,0.018126983642578125,0.9520291809082032,0.0
,4835,,,,,-20.159912109375,69.98291015625,-0.036771881103515626,0.9451927185058594,0.0
,4836,,,,,-21.3134765625,67.987060546875,-0.07199002075195313,0.9353523559570313,0.0
,4837,,,,,-26.9622802734375,65.716552734375,-0.09550330810546875,0.9401171630859375,0.0
,4838,,,,,-33.5357666015625,62.823486328125,-0.13786865844726562,0.9293445556640625,0.0
,4839,,,,,-41.619873046875,56.5704345703125,-0.18541314697265626,0.9111139892578125,0.0
,4840,,,,,-44.86083984375,56.5704345703125,-0.24642339477539063,0.8657447387695313,0.0
,4841,,,,,-50.6103515625,51.910400390625,-0.29997568359375,0.8276262817382812,0.0
,4842,,,,,-53.192138671875,51.910400390625,-0.36160742797851564,0.7829821105957031,0.0
,4843,,,,,-59.5367431640625,45.3643798828125,-0.4396052490234375,0.7339874633789063,0.0
,4844,,,,,-61.212158203125,45.3643798828125,-0.5020656555175781,0.6955582580566406,0.0
,4845,,,,,-65.460205078125,39.22119140625,-0.5561358581542969,0.6462528625488282,0.0
,4846,,,,,-65.899658203125,39.22119140625,-0.6001585327148438,0.616524609375,0.0
,4847,,,,,-70.953369140625,30.853271484375,-0.6657264221191407,0.5767488281250001,0.0
,4848,,,,,-70.34912109375,30.853271484375,-0.7426884155273438,0.5152206665039063,0.0
,4849,,,,,-71.8597412109375,26.8157958984375,-0.7882648315429688,0.45441758422851564,0.0
,4850,,,,,-70.42236328125,26.8157958984375,-0.8246223815917969,0.4396052490234375,0.0
,4851,,,,,-73.42529296875,18.017578125,-0.855179296875,0.39775781250000003,0.0
,4852,,,,,-91.7633056640625,-18.0450439453125,-0.8672984802246094,0.39982946777343753,0.0
,4853,,,,,-82.763671875,-6.610107421875,-0.9089387512207031,0.3365403991699219,0.0
,4854,,,,,-80.126953125,-6.610107421875,-0.9038631958007812,0.3218316467285156,0.0
,4855,,,,,-77.01416015625,-5.9051513671875,-0.9242690002441406,0.24538756713867188,0.0
,4856,,,,,-70.074462890625,-5.9051513671875,-0.9179504516601563,0.21193033447265625,0.0
,4857,,,,,-76.3458251953125,-16.7633056640625,-0.9137035583496094,0.14781260375976563,0.0
,4858,,,,,-70.4681396484375,-16.7633056640625,-0.9056241027832032,0.10461859130859376,0.0
,4859,,,,,-76.3092041015625,-26.898193359375,-0.9414637390136719,-0.00849378662109375,0.0
,4860,,,,,-68.9300537109375,-26.898193359375,-0.9242690002441406,-0.05085913696289063,0.0
,4861,,,,,-73.297119140625,-34.4512939453125,-0.932244873046875,-0.1388009033203125,0.0
,4862,,,,,-66.7327880859375,-34.4512939453125,-0.8928834228515625,-0.15257741088867188,0.0
,4863,,,,,-69.8822021484375,-39.898681640625,-0.8954729919433594,-0.24466248779296876,0.0
,4864,,,,,-63.02490234375,-39.898681640625,-0.8640874145507813,-0.29334638671875,0.0
,4865,,,,,-66.156005859375,-45.3277587890625,-0.8540398864746094,-0.3859493774414063,0.0
,4866,,,,,-59.893798828125,-45.3277587890625,-0.8578724487304688,-0.43152579345703124,0.0
,4867,,,,,-61.944580078125,-48.870849609375,-0.8555936279296875,-0.5026871520996093,0.0
,4868,,,,,-48.980712890625,-48.870849609375,-0.8197539916992188,-0.5225750427246094,0.0
,4869,,,,,-50.885009765625,-52.166748046875,-0.817164422607422,-0.5826530456542969,0.0
,4870,,,,,-38.96484375,-56.1126708984375,-0.80711689453125,-0.6128992126464844,0.0
,4871,,,,,-40.887451171875,-59.43603515625,-0.7642336303710938,-0.6477030212402344,0.0
,4872,,,,,-28.3538818359375,-62.8143310546875,-0.7504571228027344,-0.6771205261230469,0.0
,4873,,,,,-30.4779052734375,-66.485595703125,-0.7108885070800781,-0.7158604797363282,0.0
,4874,,,,,-20.452880859375,-69.2230224609375,-0.6357910034179688,-0.7438278259277344,0.0
,4875,,,,,-21.6064453125,-71.2188720703125,-0.56846220703125,-0.7725202514648438,0.0
,4876,,,,,-11.407470703125,-73.0499267578125,-0.5194675598144531,-0.7919938110351563,0.0
,4877,,,,,-12.4053955078125,-74.7894287109375,-0.4642579467773438,-0.8296979370117188,0.0
,4878,,,,,-3.8909912109375,-75.567626953125,-0.38729595336914063,-0.8679199768066407,0.0
,4879,,,,,-3.936767578125,-75.6317138671875,-0.3000792663574219,-0.8746528564453125,0.0
,4880,,,,,3.7445068359375,-75.567626953125,-0.25212044677734374,-0.9000306335449219,0.0
,4881,,,,,4.06494140625,-75.0091552734375,-0.16997931518554688,-0.9005485473632813,0.0
,4882,,,,,10.1531982421875,-74.0936279296875,-0.08814893188476562,-0.908213671875,0.0
,4883,,,,,10.7757568359375,-73.0224609375,-0.051687799072265624,-0.9424995666503907,0.0
,4884,,,,,16.534423828125,-71.4935302734375,0.01263709716796875,-0.93307353515625,0.0
,4885,,,,,17.4224853515625,-69.9554443359375,0.035736053466796876,-0.9491288635253906,0.0
,4886,,,,,22.9156494140625,-67.3004150390625,0.09995736694335938,-0.9469536254882813,0.0
,4887,,,,,28.875732421875,-64.324951171875,0.11445895385742187,-0.9327627868652344,0.0
,4888,,,,,34.16748046875,-61.70654296875,0.16138194580078125,-0.9253048278808594,0.0
,4889,,,,,39.8345947265625,-59.197998046875,0.1919388610839844,-0.9158787963867188,0.0
,4890,,,,,47.625732421875,-52.6702880859375,0.25243119506835937,-0.8878078674316406,0.0
,4891,,,,,50.830078125,-52.6702880859375,0.28226303100585937,-0.8638802490234375,0.0
,4892,,,,,56.4605712890625,-47.27783203125,0.34948824462890626,-0.8300086853027344,0.0
,4893,,,,,58.2366943359375,-47.27783203125,0.39589332275390626,-0.7886791625976562,0.0
,4894,,,,,63.555908203125,-40.667724609375,0.48217776489257813,-0.7340910461425781,0.0
,4895,,,,,64.4989013671875,-40.667724609375,0.5605899169921875,-0.6926579406738281,0.0
,4896,,,,,68.22509765625,-34.82666015625,0.6285402099609375,-0.6409701416015625,0.0
,4897,,,,,68.023681640625,-34.82666015625,0.6667622497558594,-0.604094677734375,0.0
,4898,,,,,70.2850341796875,-30.1483154296875,0.7322265563964844,-0.5516817993164063,0.0
,4899,,,,,69.085693359375,-30.1483154296875,0.7809104553222657,-0.5046552246093751,0.0
,4900,,,,,71.22802734375,-24.0234375,0.8199611572265625,-0.4675725952148438,0.0
,4901,,,,,69.122314453125,-24.0234375,0.8587011108398438,-0.42541441040039063,0.0
,4902,,,,,73.7823486328125,-11.75537109375,0.8751707702636718,-0.4025226196289063,0.0
,4903,,,,,70.9625244140625,-11.75537109375,0.8910189331054688,-0.36564715576171875,0.0
,4904,,,,,76.4739990234375,2.3895263671875,0.8981661437988282,-0.31592742919921873,0.0
,4905,,,,,73.974609375,2.3895263671875,0.9079029235839844,-0.2652754577636719,0.0
,4906,,,,,76.42822265625,11.1419677734375,0.894126416015625,-0.2142091552734375,0.0
,4907,,,,,70.86181640625,11.1419677734375,0.9257191589355469,-0.1359005859375,0.0
,4908,,,,,76.13525390625,20.269775390625,0.9191934448242188,-0.08089813842773438,0.0
,4909,,,,,70.49560546875,20.269775390625,0.9428103149414063,0.0047648071289062505,0.0
,4910,,,,,75.10986328125,28.253173828125,0.9152572998046875,0.08100172119140625,0.0
,4911,,,,,66.6229248046875,28.253173828125,0.9200221069335938,0.13186085815429688,0.0
,4912,,,,,71.4385986328125,36.58447265625,0.9386670043945313,0.20188280639648437,0.0
,4913,,,,,62.8326416015625,36.58447265625,0.9611444641113281,0.2848526000976563,0.0
,4914,,,,,64.9200439453125,40.191650390625,0.9334878662109375,0.35031690673828125,0.0
,4915,,,,,58.3740234375,40.191650390625,0.9145322204589844,0.40428352661132816,0.0
,4916,,,,,61.3861083984375,45.4010009765625,0.9114247375488281,0.483110009765625,0.0
,4917,,,,,53.3843994140625,45.4010009765625,0.8976482299804688,0.519571142578125,0.0
,4918,,,,,55.9478759765625,49.8321533203125,0.8844932189941407,0.5728126831054687,0.0
,4919,,,,,41.986083984375,49.8321533203125,0.8249331298828125,0.5785097351074219,0.0
,4920,,,,,17.9443359375,53.9886474609375,0.8376738098144532,0.64138447265625,0.0
,4921,,,,,30.853271484375,58.5845947265625,0.7728309997558594,0.6310261962890625,0.0
,4922,,,,,32.9498291015625,62.200927734375,0.7505607055664063,0.6671765808105469,0.0
,4923,,,,,23.199462890625,65.716552734375,0.6528821594238281,0.6444919555664063,0.0
,4924,,,,,25.1129150390625,69.0399169921875,0.619114178466797,0.6843713195800781,0.0
,4925,,,,,15.142822265625,71.246337890625,0.5574824340820312,0.6843713195800781,0.0
,4926,,,,,15.93017578125,72.5921630859375,0.5346942260742188,0.768169775390625,0.0
,4927,,,,,6.005859375,73.6358642578125,0.42862547607421875,0.8052524047851563,0.0
,4928,,,,,6.3079833984375,74.1485595703125,0.3923715087890625,0.8592190246582031,0.0
,4929,,,,,-2.3162841796875,74.2584228515625,0.3321899230957031,0.8696808837890625,0.0
,4930,,,,,-2.3345947265625,74.2218017578125,0.2890994934082031,0.901584375,0.0
,4931,,,,,-8.1024169921875,73.8555908203125,0.18261641235351564,0.8886365295410157,0.0
,4932,,,,,-8.3953857421875,73.35205078125,0.138386572265625,0.9228188415527344,0.0
,4933,,,,,-14.3829345703125,71.9512939453125,0.083694873046875,0.9337986145019531,0.0
,4934,,,,,-15.3167724609375,70.3399658203125,0.03987936401367188,0.9358702697753907,0.0
,4935,,,,,-22.6409912109375,68.2159423828125,-0.014190838623046875,0.9284123107910156,0.0
,4936,,,,,-23.822021484375,66.1651611328125,-0.06328906860351563,0.9073850097656251,0.0
,4937,,,,,-28.7933349609375,64.0411376953125,-0.10710457763671875,0.9029309509277345,0.0
,4938,,,,,-34.38720703125,61.907958984375,-0.135071923828125,0.8805570739746094,0.0
,4939,,,,,-42.352294921875,55.9661865234375,-0.19038511962890625,0.8516574829101563,0.0
,4940,,,,,-46.03271484375,55.9661865234375,-0.24745922241210938,0.8059774841308593,0.0
,4941,,,,,-51.910400390625,51.1505126953125,-0.28360960693359377,0.7907508178710938,0.0
,4942,,,,,-54.45556640625,51.1505126953125,-0.3444126892089844,0.7529431091308594,0.0
,4943,,,,,-60.1318359375,45.6756591796875,-0.4351511901855469,0.6926579406738281,0.0
,4944,,,,,-61.9720458984375,45.6756591796875,-0.49222529296875,0.6639655151367188,0.0
,4945,,,,,-65.9820556640625,40.045166015625,-0.5544785339355469,0.6335121826171876,0.0
,4946,,,,,-66.082763671875,40.045166015625,-0.6086523193359376,0.5774739074707032,0.0
,4947,,,,,-69.10400390625,34.332275390625,-0.6738058776855469,0.5126310974121094,0.0
,4948,,,,,-68.44482421875,34.332275390625,-0.7351268737792969,0.4757556335449219,0.0
,4949,,,,,-70.7977294921875,29.150390625,-0.7724166687011719,0.43328670043945317,0.0
,4950,,,,,-69.25048828125,29.150390625,-0.8188217468261719,0.41433105468750003,0.0
,4951,,,,,-72.98583984375,19.3634033203125,-0.8481356689453126,0.38957477416992187,0.0
,4952,,,,,-92.8619384765625,-19.390869140625,-0.8757922668457031,0.364611328125,0.0
,4953,,,,,-84.0911865234375,-8.0841064453125,-0.9161895446777344,0.29572879028320315,0.0
,4954,,,,,-81.8572998046875,-8.0841064453125,-0.915671630859375,0.28526693115234375,0.0
,4955,,,,,-76.1810302734375,-2.9754638671875,-0.9308982971191406,0.2125518310546875,0.0
,4956,,,,,-69.6441650390625,-2.9754638671875,-0.9187791137695313,0.18634539184570312,0.0
,4957,,,,,-76.3824462890625,-14.6484375,-0.9370096801757812,0.10265051879882812,0.0
,4958,,,,,-69.6441650390625,-14.6484375,-0.9307947143554688,0.07468317260742188,0.0
,4959,,,,,-74.6337890625,-23.291015625,-0.9494396118164062,-0.011290521240234375,0.0
,4960,,,,,-66.9158935546875,-23.291015625,-0.9592799743652344,-0.05945650634765625,0.0
,4961,,,,,-72.052001953125,-32.1990966796875,-0.9643555297851563,-0.1454302001953125,0.0
,4962,,,,,-63.9312744140625,-32.1990966796875,-0.9260299072265625,-0.16480017700195312,0.0
,4963,,,,,-67.27294921875,-37.97607421875,-0.9110104064941407,-0.22694983520507814,0.0
,4964,,,,,-59.197998046875,-37.97607421875,-0.8885329467773437,-0.29075681762695316,0.0
,4965,,,,,-62.384033203125,-43.505859375,-0.8895687744140626,-0.39340733642578124,0.0
,4966,,,,,-55.84716796875,-43.505859375,-0.856007958984375,-0.4106020751953125,0.0
,4967,,,,,-58.2366943359375,-47.64404296875,-0.8492750793457031,-0.4787595336914063,0.0
,4968,,,,,-47.5341796875,-47.64404296875,-0.8318731750488282,-0.4894285583496094,0.0
,4969,,,,,-51.5625,-54.6295166015625,-0.7902329040527344,-0.5247502807617188,0.0
,4970,,,,,-37.3626708984375,-54.6295166015625,-0.7772850585937501,-0.5472277404785156,0.0
,4971,,,,,-39.4500732421875,-58.245849609375,-0.7826713623046875,-0.610827557373047,0.0
,4972,,,,,-26.40380859375,-61.798095703125,-0.7699306823730468,-0.656300390625,0.0
,4973,,,,,-28.4912109375,-65.4144287109375,-0.6979406616210938,-0.6713198913574219,0.0
,4974,,,,,-17.7154541015625,-68.7744140625,-0.6369304138183594,-0.6789850158691406,0.0
,4975,,,,,-18.896484375,-70.8160400390625,-0.5685657897949219,-0.7086096862792969,0.0
,4976,,,,,-8.3404541015625,-72.4639892578125,-0.514599169921875,-0.7471424743652344,0.0
,4977,,,,,-9.3658447265625,-74.23095703125,-0.45265667724609376,-0.7792531311035157,0.0
,4978,,,,,-0.6866455078125,-75.1007080078125,-0.3841884704589844,-0.8055631530761719,0.0
,4979,,,,,-0.9246826171875,-75.5126953125,-0.32960035400390625,-0.8231722229003906,0.0
,4980,,,,,6.1798095703125,-75.6500244140625,-0.2465269775390625,-0.8343591613769531,0.0
,4981,,,,,6.353759765625,-75.3387451171875,-0.17712652587890626,-0.8515539001464844,0.0
,4982,,,,,11.7279052734375,-74.560546875,-0.12409215087890625,-0.8781746704101563,0.0
,4983,,,,,12.4603271484375,-73.297119140625,-0.07157568969726563,-0.9009628784179687,0.0
,4984,,,,,18.2098388671875,-71.685791015625,0.010461859130859376,-0.8877042846679688,0.0
,4985,,,,,19.097900390625,-70.147705078125,0.05365587158203125,-0.8918475952148438,0.0
,4986,,,,,24.5361328125,-67.85888671875,0.09788571166992188,-0.8919511779785156,0.0
,4987,,,,,29.608154296875,-65.4876708984375,0.10865831909179688,-0.887497119140625,0.0
,4988,,,,,36.9964599609375,-59.9578857421875,0.16625033569335937,-0.8685414733886719,0.0
,4989,,,,,41.253662109375,-59.9578857421875,0.19411409912109376,-0.8635695007324219,0.0
,4990,,,,,47.6531982421875,-55.4534912109375,0.2641360473632813,-0.8428529479980469,0.0
,4991,,,,,50.6561279296875,-55.4534912109375,0.3174811706542969,-0.7914758972167969,0.0
,4992,,,,,56.0028076171875,-51.104736328125,0.365439990234375,-0.7634049682617188,0.0
,4993,,,,,57.9254150390625,-51.104736328125,0.40511218872070315,-0.7249757629394531,0.0
,4994,,,,,63.262939453125,-44.53125,0.5042408935546875,-0.6710091430664062,0.0
,4995,,,,,64.544677734375,-44.53125,0.5649403930664063,-0.6241897338867187,0.0
,4996,,,,,68.5821533203125,-38.983154296875,0.6125884643554688,-0.6052340881347656,0.0
,4997,,,,,68.3441162109375,-38.983154296875,0.6706983947753906,-0.5768524108886719,0.0
,4998,,,,,70.751953125,-32.977294921875,0.7448636535644532,-0.5192603942871094,0.0
,4999,,,,,69.4976806640625,-32.977294921875,0.7951012939453125,-0.46767617797851563,0.0
,5000,,,,,72.7294921875,-24.334716796875,0.8348770751953125,-0.4634292846679688,0.0
,5001,,,,,70.550537109375,-24.334716796875,0.8832502258300782,-0.4200281066894531,0.0
,5002,,,,,75.2105712890625,-12.5885009765625,0.9000306335449219,-0.3817024841308594,0.0
,5003,,,,,72.1893310546875,-12.5885009765625,0.9285158935546876,-0.35155989990234376,0.0
,5004,,,,,78.03955078125,2.8106689453125,0.9054169372558594,-0.3344687438964844,0.0
,5005,,,,,75.457763671875,2.8106689453125,0.8961980712890625,-0.28827083129882813,0.0
,5006,,,,,77.398681640625,10.4644775390625,0.8937120849609376,-0.22694983520507814,0.0
,5007,,,,,71.2921142578125,10.4644775390625,0.9312090454101563,-0.15060933837890625,0.0
,5008,,,,,77.728271484375,21.6064453125,0.9342129455566407,-0.07416525878906251,0.0
,5009,,,,,71.722412109375,21.6064453125,0.9418780700683594,-0.007975872802734376,0.0
,5010,,,,,76.318359375,29.55322265625,0.9326592041015626,0.061631744384765624,0.0
,5011,,,,,68.096923828125,29.55322265625,0.9621802917480469,0.13693641357421876,0.0
,5012,,,,,72.967529296875,37.9852294921875,0.9398064147949219,0.21151600341796875,0.0
,5013,,,,,64.105224609375,37.9852294921875,0.9232331726074219,0.28661350708007816,0.0
,5014,,,,,65.606689453125,40.5853271484375,0.9088351684570313,0.3497989929199219,0.0
,5015,,,,,60.3424072265625,40.5853271484375,0.9226116760253906,0.4240678344726563,0.0
,5016,,,,,63.427734375,45.9228515625,0.9385634216308594,0.5037229797363282,0.0
,5017,,,,,53.72314453125,45.9228515625,0.9139107238769532,0.5351085571289063,0.0
,5018,,,,,56.9732666015625,51.5533447265625,0.9028273681640625,0.5861748596191406,0.0
,5019,,,,,43.9727783203125,51.5533447265625,0.8668841491699218,0.5820315490722656,0.0
,5020,,,,,17.5323486328125,55.0140380859375,0.8612906799316407,0.6332014343261719,0.0
,5021,,,,,31.93359375,59.0972900390625,0.8031807495117188,0.6379662414550782,0.0
,5022,,,,,34.3597412109375,63.2904052734375,0.7628870544433594,0.6631368530273438,0.0
,5023,,,,,22.760009765625,66.1376953125,0.6526749938964844,0.6385877380371094,0.0
,5024,,,,,24.444580078125,69.0582275390625,0.6352730895996094,0.6884110473632813,0.0
,5025,,,,,14.5294189453125,71.6949462890625,0.5473313232421875,0.6914149475097656,0.0
,5026,,,,,15.6646728515625,73.663330078125,0.5133561767578125,0.7610225646972657,0.0
,5027,,,,,6.005859375,74.7802734375,0.43276878662109375,0.7874361694335937,0.0
,5028,,,,,6.207275390625,75.1190185546875,0.40293695068359375,0.8439923583984376,0.0
,5029,,,,,-2.1697998046875,75.5767822265625,0.32452479858398436,0.8525897277832032,0.0
,5030,,,,,-2.1331787109375,75.640869140625,0.26589695434570315,0.8863577087402345,0.0
,5031,,,,,-7.781982421875,74.8260498046875,0.17422620849609374,0.8940228332519532,0.0
,5032,,,,,-8.2855224609375,73.9654541015625,0.14532661743164063,0.9266514038085938,0.0
,5033,,,,,-14.3096923828125,72.9766845703125,0.08473070068359376,0.9365953491210938,0.0
,5034,,,,,-15.19775390625,71.44775390625,0.036771881103515626,0.9395992492675782,0.0
,5035,,,,,-17.7337646484375,69.61669921875,-0.01429442138671875,0.9422924011230469,0.0
,5036,,,,,-23.3734130859375,67.67578125,-0.059663671875000004,0.9296553039550781,0.0
,5037,,,,,-29.18701171875,65.33203125,-0.10886548461914063,0.9097674133300782,0.0
,5038,,,,,-34.7625732421875,63.0523681640625,-0.159931787109375,0.8823179809570313,0.0
,5039,,,,,-42.5628662109375,57.0556640625,-0.19059228515625,0.8810749877929688,0.0
,5040,,,,,-46.7193603515625,57.0556640625,-0.23875827026367188,0.8369487304687501,0.0
,5041,,,,,-53.06396484375,51.96533203125,-0.3186205810546875,0.7794602966308594,0.0
,5042,,,,,-55.3436279296875,51.96533203125,-0.38429205322265625,0.7155497314453125,0.0
,5043,,,,,-60.7269287109375,46.2799072265625,-0.4552462463378906,0.7021875549316406,0.0
,5044,,,,,-62.3016357421875,46.2799072265625,-0.511284521484375,0.6659335876464844,0.0
,5045,,,,,-66.7694091796875,40.02685546875,-0.5482635681152344,0.6370339965820313,0.0
,5046,,,,,-66.632080078125,40.02685546875,-0.6179747680664063,0.5799598937988282,0.0
,5047,,,,,-69.5526123046875,35.04638671875,-0.6948331787109375,0.5285828430175782,0.0
,5048,,,,,-68.975830078125,35.04638671875,-0.7420669189453125,0.5055874694824218,0.0
,5049,,,,,-71.4935302734375,28.60107421875,-0.7916830627441407,0.469851416015625,0.0
,5050,,,,,-69.873046875,28.60107421875,-0.84357802734375,0.449963525390625,0.0
,5051,,,,,-72.98583984375,20.0958251953125,-0.8854254638671876,0.40801250610351564,0.0
,5052,,,,,-93.603515625,-20.123291015625,-0.8954729919433594,0.39340733642578124,0.0
,5053,,,,,-83.0841064453125,-7.1319580078125,-0.9318305419921875,0.32960035400390625,0.0
,5054,,,,,-79.925537109375,-7.1319580078125,-0.9495431945800782,0.2953144592285156,0.0
,5055,,,,,-75.29296875,-4.13818359375,-0.9499575256347657,0.231196728515625,0.0
,5056,,,,,-72.216796875,-4.13818359375,-0.9362846008300781,0.20768344116210938,0.0
,5057,,,,,-75.238037109375,-15.2252197265625,-0.9544115844726563,0.11922376098632813,0.0
,5058,,,,,-69.451904296875,-15.2252197265625,-0.9666343505859375,0.06846820678710938,0.0
,5059,,,,,-73.956298828125,-23.016357421875,-0.9802036926269532,-0.02092371826171875,0.0
,5060,,,,,-66.3116455078125,-23.016357421875,-0.9814466857910157,-0.06784671020507813,0.0
,5061,,,,,-71.2371826171875,-31.5399169921875,-0.9676701782226563,-0.14429078979492188,0.0
,5062,,,,,-63.31787109375,-31.5399169921875,-0.9407386596679688,-0.17422620849609374,0.0
,5063,,,,,-66.4215087890625,-36.9232177734375,-0.9398064147949219,-0.24062276000976562,0.0
,5064,,,,,-59.600830078125,-36.9232177734375,-0.8949550781250001,-0.29282847290039066,0.0
,5065,,,,,-62.8692626953125,-42.59033203125,-0.8755851013183594,-0.3692725524902344,0.0
,5066,,,,,-54.5928955078125,-42.59033203125,-0.8658483215332031,-0.4199245239257813,0.0
,5067,,,,,-57.53173828125,-47.6806640625,-0.8480320861816406,-0.47803445434570313,0.0
,5068,,,,,-46.6552734375,-47.6806640625,-0.8167500915527344,-0.4923288757324219,0.0
,5069,,,,,-48.2666015625,-50.4638671875,-0.8188217468261719,-0.5483671508789063,0.0
,5070,,,,,-36.785888671875,-54.30908203125,-0.8030771667480469,-0.5685657897949219,0.0
,5071,,,,,-38.6077880859375,-57.4676513671875,-0.7736596618652344,-0.6073057434082031,0.0
,5072,,,,,-25.8636474609375,-60.8917236328125,-0.7472460571289062,-0.6146601196289063,0.0
,5073,,,,,-27.996826171875,-64.581298828125,-0.7151354003906251,-0.6556788940429688,0.0
,5074,,,,,-17.3126220703125,-67.803955078125,-0.6443883728027344,-0.6941080993652344,0.0
,5075,,,,,-18.5943603515625,-70.01953125,-0.5777846557617188,-0.7239399353027344,0.0
,5076,,,,,-8.6517333984375,-71.649169921875,-0.5345906433105468,-0.7485926330566407,0.0
,5077,,,,,-9.6221923828125,-73.333740234375,-0.4531745910644531,-0.7564649230957031,0.0
,5078,,,,,-1.0162353515625,-74.249267578125,-0.38967835693359376,-0.802144921875,0.0
,5079,,,,,-1.1810302734375,-74.542236328125,-0.302461669921875,-0.8180966674804688,0.0
,5080,,,,,5.89599609375,-74.7161865234375,-0.24300516357421875,-0.8436816101074219,0.0
,5081,,,,,6.0150146484375,-74.505615234375,-0.18240924682617188,-0.8624300903320313,0.0
,5082,,,,,11.737060546875,-73.370361328125,-0.12202049560546875,-0.8782782531738281,0.0
,5083,,,,,12.322998046875,-72.344970703125,-0.06080308227539063,-0.8836645568847656,0.0
,5084,,,,,18.109130859375,-70.6146240234375,0.006111383056640625,-0.8727883666992188,0.0
,5085,,,,,19.207763671875,-68.7103271484375,0.04754448852539063,-0.8668841491699218,0.0
,5086,,,,,24.57275390625,-66.7144775390625,0.09281015625,-0.8564222900390626,0.0
,5087,,,,,29.644775390625,-64.5538330078125,0.100268115234375,-0.8581831970214844,0.0
,5088,,,,,34.808349609375,-62.5030517578125,0.17350112915039062,-0.8321839233398438,0.0
,5089,,,,,40.557861328125,-60.0311279296875,0.20623328247070313,-0.8001768493652344,0.0
,5090,,,,,47.076416015625,-55.5267333984375,0.27532298583984377,-0.7807032897949219,0.0
,5091,,,,,49.9786376953125,-55.5267333984375,0.3013222595214844,-0.771484423828125,0.0
,5092,,,,,55.242919921875,-51.251220703125,0.3540458862304688,-0.7601939025878907,0.0
,5093,,,,,57.2479248046875,-51.251220703125,0.40790892333984374,-0.7291190734863281,0.0
,5094,,,,,63.153076171875,-44.2657470703125,0.4819705993652344,-0.6956618408203126,0.0
,5095,,,,,63.9129638671875,-44.2657470703125,0.5316903259277344,-0.6432489624023437,0.0
,5096,,,,,67.5201416015625,-38.067626953125,0.6205643371582031,-0.5711553588867188,0.0
,5097,,,,,67.1539306640625,-38.067626953125,0.6832319091796876,-0.5364551330566406,0.0
,5098,,,,,69.39697265625,-32.7301025390625,0.74082392578125,-0.5000975830078125,0.0
,5099,,,,,68.3349609375,-32.7301025390625,0.7770778930664063,-0.47896669921875,0.0
,5100,,,,,70.71533203125,-26.531982421875,0.8260725402832032,-0.44613096313476563,0.0
,5101,,,,,68.4539794921875,-26.531982421875,0.8779675048828125,-0.39879364013671875,0.0
,5102,,,,,73.0499267578125,-14.4287109375,0.8739277770996094,-0.378698583984375,0.0
,5103,,,,,70.3216552734375,-14.4287109375,0.8834573913574219,-0.35549604492187503,0.0
,5104,,,,,74.468994140625,-2.471923828125,0.8880150329589844,-0.3355045715332031,0.0
,5105,,,,,71.484375,-2.471923828125,0.9196077758789063,-0.28226303100585937,0.0
,5106,,,,,75.4669189453125,9.100341796875,0.9401171630859375,-0.20146847534179688,0.0
,5107,,,,,69.049072265625,9.100341796875,0.9478858703613282,-0.141701220703125,0.0
,5108,,,,,74.4873046875,18.5211181640625,0.9150501342773438,-0.0957104736328125,0.0
,5109,,,,,68.26171875,18.5211181640625,0.9183647827148438,-0.025170611572265626,0.0
,5110,,,,,73.828125,28.1524658203125,0.9310018798828126,0.049719726562500004,0.0
,5111,,,,,65.2679443359375,28.1524658203125,0.945503466796875,0.11953450927734376,0.0
,5112,,,,,69.7998046875,35.99853515625,0.9167074584960938,0.17868026733398437,0.0
,5113,,,,,61.4593505859375,35.99853515625,0.9339021972656251,0.265171875,0.0
,5114,,,,,64.4439697265625,41.1712646484375,0.9153608825683595,0.32763228149414064,0.0
,5115,,,,,57.330322265625,41.1712646484375,0.9072814270019531,0.3716549560546875,0.0
,5116,,,,,60.552978515625,46.76513671875,0.8952658264160156,0.436704931640625,0.0
,5117,,,,,53.1005859375,46.76513671875,0.8796248291015625,0.49046438598632813,0.0
,5118,,,,,53.814697265625,48.0194091796875,0.8948514953613281,0.5605899169921875,0.0
,5119,,,,,41.729736328125,51.7730712890625,0.8637766662597657,0.5738485107421876,0.0
,5120,,,,,20.17822265625,55.462646484375,0.8566294555664062,0.6254327270507812,0.0
,5121,,,,,31.4300537109375,59.1522216796875,0.7973801147460938,0.6220144958496094,0.0
,5122,,,,,33.4442138671875,62.6495361328125,0.7997625183105469,0.6688339050292968,0.0
,5123,,,,,20.947265625,66.2933349609375,0.7128565795898437,0.6626189392089844,0.0
,5124,,,,,22.6959228515625,69.32373046875,0.6827139953613282,0.7057093688964844,0.0
,5125,,,,,12.70751953125,71.2738037109375,0.565976220703125,0.6626189392089844,0.0
,5126,,,,,13.7237548828125,73.040771484375,0.5186388977050781,0.7079881896972656,0.0
,5127,,,,,3.7628173828125,74.359130859375,0.420131689453125,0.7509750366210938,0.0
,5128,,,,,4.5867919921875,75.7781982421875,0.38843536376953125,0.8271083679199219,0.0
,5129,,,,,-2.984619140625,76.1444091796875,0.31592742919921873,0.8416099548339844,0.0
,5130,,,,,-3.0029296875,76.1077880859375,0.2538813537597656,0.8707167114257813,0.0
,5131,,,,,-8.001708984375,75.7598876953125,0.17381187744140625,0.8827323120117188,0.0
,5132,,,,,-8.3770751953125,75.1190185546875,0.15143800048828127,0.9297588867187501,0.0
,5133,,,,,-13.9251708984375,74.029541015625,0.08183038330078125,0.9424995666503907,0.0
,5134,,,,,-14.6392822265625,72.784423828125,0.006629296875,0.930691131591797,0.0
,5135,,,,,-17.4407958984375,70.7794189453125,-0.050755554199218754,0.9221973449707032,0.0
,5136,,,,,-23.47412109375,68.22509765625,-0.08234829711914063,0.9138071411132813,0.0
,5137,,,,,-29.1778564453125,65.8355712890625,-0.1396295654296875,0.8889472778320313,0.0
,5138,,,,,-34.442138671875,63.9129638671875,-0.19328543701171877,0.8532112243652344,0.0
,5139,,,,,-40.10009765625,61.834716796875,-0.2337862976074219,0.8388132202148437,0.0
,5140,,,,,-45.41015625,59.2254638671875,-0.29438221435546874,0.8082563049316407,0.0
,5141,,,,,-51.37939453125,54.3182373046875,-0.35642828979492186,0.7774922241210938,0.0
,5142,,,,,-53.5400390625,54.3182373046875,-0.4264502380371094,0.7191751281738281,0.0
,5143,,,,,-58.8958740234375,48.37646484375,-0.47005858154296876,0.6939009338378906,0.0
,5144,,,,,-60.4339599609375,48.37646484375,-0.5381124572753906,0.6539179870605469,0.0
,5145,,,,,-64.617919921875,42.59033203125,-0.5995370361328125,0.6221180786132813,0.0
,5146,,,,,-64.7918701171875,42.59033203125,-0.6606508666992188,0.5939435668945313,0.0
,5147,,,,,-67.8955078125,36.8408203125,-0.7240435180664063,0.5465026611328125,0.0
,5148,,,,,-66.9891357421875,36.8408203125,-0.7855716796875001,0.519571142578125,0.0
,5149,,,,,-70.0103759765625,29.7088623046875,-0.846064013671875,0.4802096923828125,0.0
,5150,,,,,-68.3349609375,29.7088623046875,-0.8887401123046875,0.4435413940429688,0.0
,5151,,,,,-71.1822509765625,21.4141845703125,-0.9163967102050782,0.4023154541015625,0.0
,5152,,,,,-68.5272216796875,21.4141845703125,-0.9178468688964844,0.3951682434082031,0.0
,5153,,,,,-73.4619140625,8.038330078125,-0.9178468688964844,0.3560139587402344,0.0
,5154,,,,,-80.0445556640625,-8.0657958984375,-0.9395992492675782,0.3278394470214844,0.0
,5155,,,,,-74.725341796875,-3.2501220703125,-0.963837615966797,0.24631981201171876,0.0
,5156,,,,,-71.942138671875,-3.2501220703125,-0.9648734436035157,0.22104561767578126,0.0
,5157,,,,,-75.604248046875,-15.1336669921875,-0.9747138061523438,0.12937487182617188,0.0
,5158,,,,,-68.939208984375,-15.1336669921875,-0.9331771179199219,0.11632344360351562,0.0
,5159,,,,,-74.12109375,-24.1058349609375,-0.9457106323242188,0.02548135986328125,0.0
,5160,,,,,-66.064453125,-24.1058349609375,-0.9315197937011719,-0.0136729248046875,0.0
,5161,,,,,-72.0977783203125,-34.552001953125,-0.9512005187988282,-0.1081404052734375,0.0
,5162,,,,,-63.7939453125,-34.552001953125,-0.9574154846191406,-0.1666646667480469,0.0
,5163,,,,,-67.437744140625,-40.8599853515625,-0.9536865051269532,-0.22259935913085938,0.0
,5164,,,,,-58.2550048828125,-40.8599853515625,-0.9274800659179688,-0.28153795166015627,0.0
,5165,,,,,-60.992431640625,-45.6024169921875,-0.912356982421875,-0.3560139587402344,0.0
,5166,,,,,-54.67529296875,-45.6024169921875,-0.875895849609375,-0.3899891052246094,0.0
,5167,,,,,-57.403564453125,-50.3265380859375,-0.8595297729492187,-0.4613576293945313,0.0
,5168,,,,,-47.0672607421875,-50.3265380859375,-0.8227578918457031,-0.47430547485351565,0.0
,5169,,,,,-48.2574462890625,-52.386474609375,-0.8214113159179688,-0.5415306884765625,0.0
,5170,,,,,-36.3922119140625,-56.0302734375,-0.8044237426757813,-0.5589325927734375,0.0
,5171,,,,,-38.360595703125,-59.43603515625,-0.7796674621582032,-0.5890751770019531,0.0
,5172,,,,,-25.9552001953125,-63.0615234375,-0.7398916809082031,-0.6119669677734375,0.0
,5173,,,,,-28.1158447265625,-66.8060302734375,-0.6956618408203126,-0.6528821594238281,0.0
,5174,,,,,-17.7337646484375,-70.12939453125,-0.6185962646484375,-0.675359619140625,0.0
,5175,,,,,-19.0338134765625,-72.381591796875,-0.5607970825195313,-0.7074702758789063,0.0
,5176,,,,,-9.283447265625,-74.3316650390625,-0.4850780822753906,-0.7287047424316406,0.0
,5177,,,,,-10.3271484375,-76.13525390625,-0.4094626647949219,-0.7580186645507813,0.0
,5178,,,,,-1.995849609375,-77.2979736328125,-0.362125341796875,-0.8182002502441407,0.0
,5179,,,,,-2.252197265625,-77.74658203125,-0.28609559326171874,-0.8259689575195313,0.0
,5180,,,,,2.581787109375,-77.783203125,-0.22187427978515625,-0.8605656005859376,0.0
,5181,,,,,2.728271484375,-77.5360107421875,-0.140043896484375,-0.8674020629882813,0.0
,5182,,,,,9.99755859375,-76.3458251953125,-0.07830856933593751,-0.8802463256835937,0.0
,5183,,,,,10.7208251953125,-75.1007080078125,-0.0244455322265625,-0.8912260986328125,0.0
,5184,,,,,15.966796875,-73.4893798828125,0.04661224365234375,-0.8857362121582032,0.0
,5185,,,,,17.0196533203125,-71.66748046875,0.07924081420898438,-0.8896723571777344,0.0
,5186,,,,,22.9888916015625,-69.5068359375,0.11280162963867188,-0.8979589782714844,0.0
,5187,,,,,28.9581298828125,-67.27294921875,0.11321596069335937,-0.9197113586425781,0.0
,5188,,,,,34.112548828125,-64.910888671875,0.20385087890625,-0.8842860534667969,0.0
,5189,,,,,39.07470703125,-62.8692626953125,0.2249817626953125,-0.8744456909179688,0.0
,5190,,,,,46.32568359375,-57.1380615234375,0.2919998107910156,-0.8496894104003907,0.0
,5191,,,,,49.2645263671875,-57.1380615234375,0.3386120544433594,-0.8227578918457031,0.0
,5192,,,,,54.1259765625,-52.3223876953125,0.3963076538085938,-0.7902329040527344,0.0
,5193,,,,,55.7647705078125,-52.3223876953125,0.4786559509277344,-0.7358519531250001,0.0
,5194,,,,,61.0107421875,-45.0439453125,0.5605899169921875,-0.6905862854003907,0.0
,5195,,,,,61.8072509765625,-45.0439453125,0.5906289184570312,-0.6716306396484375,0.0
,5196,,,,,66.1834716796875,-38.0859375,0.6543323181152344,-0.6324763549804687,0.0
,5197,,,,,65.9637451171875,-38.0859375,0.7157568969726563,-0.5975689636230469,0.0
,5198,,,,,68.6920166015625,-32.977294921875,0.7676518615722656,-0.5318974914550781,0.0
,5199,,,,,67.71240234375,-32.977294921875,0.8010055114746094,-0.4939861999511719,0.0
,5200,,,,,70.0653076171875,-26.55029296875,0.8424386169433594,-0.470680078125,0.0
,5201,,,,,68.170166015625,-26.55029296875,0.8867720397949219,-0.4293505554199219,0.0
,5202,,,,,73.040771484375,-14.61181640625,0.9035524475097656,-0.40190112304687503,0.0
,5203,,,,,70.01953125,-14.61181640625,0.9090423339843751,-0.3840848876953125,0.0
,5204,,,,,77.1240234375,2.691650390625,0.9011700439453125,-0.3600536865234375,0.0
,5205,,,,,74.1668701171875,2.691650390625,0.9138071411132813,-0.31395935668945313,0.0
,5206,,,,,75.4669189453125,10.07080078125,0.9144286376953126,-0.26330738525390623,0.0
,5207,,,,,68.389892578125,10.07080078125,0.9186755310058594,-0.20240072021484376,0.0
,5208,,,,,75.1922607421875,21.86279296875,0.9055205200195313,-0.1480197692871094,0.0
,5209,,,,,68.133544921875,21.86279296875,0.9361810180664063,-0.07344017944335937,0.0
,5210,,,,,73.1048583984375,30.46875,0.935559521484375,0.005282720947265625,0.0
,5211,,,,,64.306640625,30.46875,0.9504754394531251,0.10430784301757813,0.0
,5212,,,,,69.5159912109375,39.495849609375,0.9313126281738282,0.16511092529296875,0.0
,5213,,,,,61.19384765625,39.495849609375,0.9211615173339844,0.232854052734375,0.0
,5214,,,,,63.3636474609375,43.24951171875,0.8843896362304687,0.2814343688964844,0.0
,5215,,,,,56.50634765625,43.24951171875,0.8774495910644532,0.3634719177246094,0.0
,5216,,,,,59.674072265625,48.74267578125,0.8982697265625,0.44830620117187503,0.0
,5217,,,,,53.13720703125,48.74267578125,0.8779675048828125,0.47751654052734377,0.0
,5218,,,,,55.224609375,52.3590087890625,0.8533148071289063,0.5284792602539062,0.0
,5219,,,,,41.6473388671875,52.3590087890625,0.8043201599121094,0.5362479675292969,0.0
,5220,,,,,20.947265625,56.06689453125,0.8020413391113281,0.5848282836914063,0.0
,5221,,,,,27.960205078125,59.930419921875,0.7397880981445313,0.5785097351074219,0.0
,5222,,,,,29.8370361328125,63.189697265625,0.7084025207519532,0.6053376708984375,0.0
,5223,,,,,21.86279296875,66.2200927734375,0.6270900512695313,0.6320620239257813,0.0
,5224,,,,,23.7762451171875,69.525146484375,0.6033695983886719,0.6708019775390626,0.0
,5225,,,,,14.6392822265625,72.2259521484375,0.5075555419921876,0.6529857421875,0.0
,5226,,,,,15.7745361328125,74.2034912109375,0.47088724365234375,0.7168963073730469,0.0
,5227,,,,,6.683349609375,75.2288818359375,0.4005545471191406,0.7636121337890626,0.0
,5228,,,,,7.1136474609375,75.970458984375,0.36699373168945315,0.8292836059570313,0.0
,5229,,,,,1.300048828125,76.666259765625,0.2694187683105469,0.8554900451660157,0.0
,5230,,,,,1.3092041015625,76.6845703125,0.20074339599609375,0.8867720397949219,0.0
,5231,,,,,-4.21142578125,75.91552734375,0.14646602783203125,0.9103889099121094,0.0
,5232,,,,,-4.8980712890625,74.74365234375,0.10513650512695313,0.9360774353027344,0.0
,5233,,,,,-10.51025390625,73.35205078125,0.0302461669921875,0.9234403381347657,0.0
,5234,,,,,-11.5264892578125,71.6033935546875,0.017091156005859375,0.9542044189453125,0.0
,5235,,,,,-14.923095703125,69.3511962890625,-0.043194012451171875,0.9390813354492188,0.0
,5236,,,,,-21.002197265625,67.27294921875,-0.10544725341796875,0.9202292724609376,0.0
,5237,,,,,-26.824951171875,65.2313232421875,-0.14884843139648438,0.8982697265625,0.0
,5238,,,,,-31.640625,62.9791259765625,-0.1926639404296875,0.8564222900390626,0.0
,5239,,,,,-36.859130859375,60.7269287109375,-0.23896543579101565,0.8398490478515626,0.0
,5240,,,,,-42.242431640625,58.33740234375,-0.2771874755859375,0.8179930847167969,0.0
,5241,,,,,-48.3123779296875,53.851318359375,-0.35042048950195315,0.7952048767089844,0.0
,5242,,,,,-50.7568359375,53.851318359375,-0.39962230224609374,0.7718987548828126,0.0
,5243,,,,,-56.25,47.71728515625,-0.46498302612304687,0.7278760803222657,0.0
,5244,,,,,-57.696533203125,47.71728515625,-0.5335548156738281,0.6737022949218751,0.0
,5245,,,,,-62.7593994140625,40.814208984375,-0.5880393493652344,0.6315441101074218,0.0
,5246,,,,,-62.9058837890625,40.814208984375,-0.6545394836425782,0.5768524108886719,0.0
,5247,,,,,-67.2271728515625,32.9132080078125,-0.7241471008300782,0.5362479675292969,0.0
,5248,,,,,-66.68701171875,32.9132080078125,-0.7676518615722656,0.5017549072265625,0.0
,5249,,,,,-68.719482421875,27.923583984375,-0.7857788452148438,0.47523771972656254,0.0
,5250,,,,,-67.41943359375,27.923583984375,-0.8225507263183593,0.44395572509765624,0.0
,5251,,,,,-70.8709716796875,19.317626953125,-0.8489643310546875,0.41267373046875,0.0
,5252,,,,,-90.673828125,-19.3450927734375,-0.8696808837890625,0.4028333679199219,0.0
,5253,,,,,-81.4178466796875,-7.672119140625,-0.8828358947753907,0.36689014892578126,0.0
,5254,,,,,-78.6895751953125,-7.672119140625,-0.8983733093261719,0.3423410339355469,0.0
,5255,,,,,-74.6337890625,-5.731201171875,-0.9181576171875,0.27677314453125,0.0
,5256,,,,,-67.236328125,-5.731201171875,-0.930691131591797,0.24145142211914064,0.0
,5257,,,,,-73.79150390625,-17.0928955078125,-0.9364917663574219,0.16469659423828126,0.0
,5258,,,,,-67.6300048828125,-17.0928955078125,-0.9139107238769532,0.14895201416015624,0.0
,5259,,,,,-73.1781005859375,-26.6876220703125,-0.9220937622070313,0.04661224365234375,0.0
,5260,,,,,-65.057373046875,-26.6876220703125,-0.9266514038085938,-0.018541314697265627,0.0
,5261,,,,,-70.0103759765625,-35.2752685546875,-0.9238546691894531,-0.10513650512695313,0.0
,5262,,,,,-63.0706787109375,-35.2752685546875,-0.8935049194335938,-0.1371435791015625,0.0
,5263,,,,,-66.0736083984375,-40.4754638671875,-0.9045882751464844,-0.21855963134765627,0.0
,5264,,,,,-59.3170166015625,-40.4754638671875,-0.8739277770996094,-0.2952108764648438,0.0
,5265,,,,,-61.871337890625,-44.9066162109375,-0.837777392578125,-0.37206928710937504,0.0
,5266,,,,,-55.77392578125,-44.9066162109375,-0.8055631530761719,-0.4013832092285156,0.0
,5267,,,,,-59.051513671875,-50.592041015625,-0.8077383911132813,-0.46891917114257814,0.0
,5268,,,,,-47.9095458984375,-50.592041015625,-0.7889899108886719,-0.48963572387695314,0.0
,5269,,,,,-49.273681640625,-52.9449462890625,-0.7653730407714844,-0.5349013916015625,0.0
,5270,,,,,-38.067626953125,-56.1492919921875,-0.7571900024414063,-0.5710517761230469,0.0
,5271,,,,,-40.1275634765625,-59.7198486328125,-0.7216611145019531,-0.5977761291503907,0.0
,5272,,,,,-27.886962890625,-63.9404296875,-0.6797100952148438,-0.6135207092285156,0.0
,5273,,,,,-30.0018310546875,-67.6116943359375,-0.6443883728027344,-0.6623081909179688,0.0
,5274,,,,,-20.416259765625,-69.9920654296875,-0.5879357666015625,-0.6763954467773438,0.0
,5275,,,,,-21.71630859375,-72.2442626953125,-0.5465026611328125,-0.7226969421386719,0.0
,5276,,,,,-11.68212890625,-74.1943359375,-0.4808311889648438,-0.7650622924804688,0.0
,5277,,,,,-12.506103515625,-75.6134033203125,-0.42375708618164065,-0.8109494567871094,0.0
,5278,,,,,-4.39453125,-76.2542724609375,-0.32835736083984374,-0.84357802734375,0.0
,5279,,,,,-4.6142578125,-76.6387939453125,-0.2561601745605469,-0.8652268249511719,0.0
,5280,,,,,1.190185546875,-76.153564453125,-0.21949187622070312,-0.9076957580566406,0.0
,5281,,,,,1.629638671875,-75.3936767578125,-0.14429078979492188,-0.9053133544921875,0.0
,5282,,,,,6.9580078125,-74.30419921875,-0.05572752685546875,-0.9023094543457032,0.0
,5283,,,,,7.6446533203125,-73.1048583984375,-0.021027301025390625,-0.9137035583496094,0.0
,5284,,,,,14.080810546875,-71.4569091796875,0.0476480712890625,-0.8978553955078126,0.0
,5285,,,,,15.3717041015625,-69.2047119140625,0.062356823730468754,-0.9063491821289062,0.0
,5286,,,,,21.1944580078125,-67.0989990234375,0.10410067749023438,-0.8984768920898438,0.0
,5287,,,,,26.7974853515625,-65.3594970703125,0.11901659545898438,-0.9092494995117187,0.0
,5288,,,,,32.4920654296875,-63.31787109375,0.16055328369140626,-0.9037596130371094,0.0
,5289,,,,,38.4521484375,-60.75439453125,0.18800271606445312,-0.8848039672851563,0.0
,5290,,,,,45.3460693359375,-56.378173828125,0.2374116943359375,-0.8458568481445313,0.0
,5291,,,,,48.74267578125,-56.378173828125,0.29334638671875,-0.809602880859375,0.0
,5292,,,,,54.8126220703125,-50.0885009765625,0.3540458862304688,-0.7940654663085938,0.0
,5293,,,,,56.5338134765625,-50.0885009765625,0.39050701904296875,-0.7762492309570312,0.0
,5294,,,,,61.834716796875,-42.9840087890625,0.47751654052734377,-0.7321229736328125,0.0
,5295,,,,,62.21923828125,-42.9840087890625,0.5559286926269531,-0.6790885986328126,0.0
,5296,,,,,67.437744140625,-34.844970703125,0.6130027954101562,-0.6439740417480468,0.0
,5297,,,,,67.3553466796875,-34.844970703125,0.6492567626953125,-0.6083415710449219,0.0
,5298,,,,,69.68994140625,-29.8370361328125,0.7287047424316406,-0.5632830688476562,0.0
,5299,,,,,68.66455078125,-29.8370361328125,0.7708629272460937,-0.5114916870117188,0.0
,5300,,,,,71.0357666015625,-23.309326171875,0.8092921325683594,-0.46104688110351566,0.0
,5301,,,,,68.6920166015625,-23.309326171875,0.8572509521484375,-0.41930302734375,0.0
,5302,,,,,72.747802734375,-12.6617431640625,0.8867720397949219,-0.3858457946777344,0.0
,5303,,,,,70.0286865234375,-12.6617431640625,0.8938156677246094,-0.3517670654296875,0.0
,5304,,,,,76.4190673828125,3.33251953125,0.8885329467773437,-0.32214239501953124,0.0
,5305,,,,,73.1964111328125,3.33251953125,0.9168110412597656,-0.27076534423828125,0.0
,5306,,,,,74.96337890625,11.8011474609375,0.8852182983398438,-0.232854052734375,0.0
,5307,,,,,69.2047119140625,11.8011474609375,0.8781746704101563,-0.18831346435546875,0.0
,5308,,,,,75.2197265625,22.210693359375,0.8772424255371094,-0.1197416748046875,0.0
,5309,,,,,67.9595947265625,22.210693359375,0.9117354858398438,-0.032317822265625004,0.0
,5310,,,,,73.6541748046875,32.080078125,0.8945407470703125,0.033664398193359375,0.0
,5311,,,,,66.815185546875,32.080078125,0.8926762573242187,0.0990251220703125,0.0
,5312,,,,,70.697021484375,38.800048828125,0.8604620178222656,0.1732939636230469,0.0
,5313,,,,,62.5579833984375,38.800048828125,0.8742385253906251,0.25015237426757814,0.0
,5314,,,,,64.9566650390625,42.95654296875,0.8857362121582032,0.33581531982421875,0.0
,5315,,,,,60.4522705078125,42.95654296875,0.8796248291015625,0.40221187133789066,0.0
,5316,,,,,62.9791259765625,47.3236083984375,0.8555936279296875,0.46405078125,0.0
,5317,,,,,53.8787841796875,47.3236083984375,0.8323910888671875,0.4870461547851563,0.0
,5318,,,,,57.513427734375,53.631591796875,0.8373630615234375,0.5509567199707032,0.0
,5319,,,,,44.3939208984375,53.631591796875,0.7978980285644531,0.5433951782226563,0.0
,5320,,,,,19.3084716796875,56.72607421875,0.7885755798339844,0.5954973083496093,0.0
,5321,,,,,31.0638427734375,60.333251953125,0.7169998901367187,0.5902145874023438,0.0
,5322,,,,,33.14208984375,63.9312744140625,0.6978370788574219,0.6472886901855469,0.0
,5323,,,,,25.6439208984375,67.364501953125,0.6271936340332032,0.6503961730957032,0.0
,5324,,,,,27.0355224609375,69.7723388671875,0.6069949951171875,0.6900683715820313,0.0
,5325,,,,,16.6259765625,71.6949462890625,0.49222529296875,0.6965940856933593,0.0
,5326,,,,,17.5506591796875,73.2879638671875,0.471508740234375,0.7749026550292969,0.0
,5327,,,,,8.514404296875,74.2767333984375,0.4064587646484375,0.8012126770019532,0.0
,5328,,,,,8.8531494140625,74.8626708984375,0.3873995361328125,0.8559043762207031,0.0
,5329,,,,,-0.4669189453125,75.1739501953125,0.31603101196289063,0.8824215637207031,0.0
,5330,,,,,-0.384521484375,75.311279296875,0.2530526916503906,0.9151537170410157,0.0
,5331,,,,,-4.376220703125,75.091552734375,0.15661713867187502,0.9126677307128906,0.0
,5332,,,,,-4.833984375,74.2950439453125,0.11994884033203125,0.9531685913085938,0.0
,5333,,,,,-12.5152587890625,72.8668212890625,0.06732879638671875,0.9740923095703126,0.0
,5334,,,,,-13.3026123046875,71.502685546875,0.022270294189453126,0.9708812438964844,0.0
,5335,,,,,-16.5802001953125,69.598388671875,-0.0377041259765625,0.945503466796875,0.0
,5336,,,,,-21.3958740234375,67.7398681640625,-0.07447600708007812,0.9323484558105469,0.0
,5337,,,,,-26.9073486328125,65.478515625,-0.11207655029296876,0.9195041931152345,0.0
,5338,,,,,-33.4716796875,62.7593994140625,-0.14936634521484377,0.9011700439453125,0.0
,5339,,,,,-39.7247314453125,60.1043701171875,-0.21358765869140625,0.8628444213867188,0.0
,5340,,,,,-44.34814453125,58.1268310546875,-0.26361813354492186,0.8283513610839844,0.0
,5341,,,,,-51.0223388671875,52.5238037109375,-0.2980076110839844,0.8224471435546875,0.0
,5342,,,,,-53.4210205078125,52.5238037109375,-0.3746588562011719,0.768169775390625,0.0
,5343,,,,,-59.7564697265625,45.1263427734375,-0.42158184814453126,0.7510786193847656,0.0
,5344,,,,,-61.4501953125,45.1263427734375,-0.47523771972656254,0.7179321350097656,0.0
,5345,,,,,-66.0369873046875,38.507080078125,-0.5500244750976563,0.6605472839355468,0.0
,5346,,,,,-66.0919189453125,38.507080078125,-0.6087559020996094,0.6207715026855469,0.0
,5347,,,,,-70.8526611328125,30.2581787109375,-0.6610651977539063,0.5848282836914063,0.0
,5348,,,,,-70.3948974609375,30.2581787109375,-0.7138924072265626,0.539459033203125,0.0
,5349,,,,,-71.4752197265625,26.66015625,-0.7964478698730469,0.4497563598632813,0.0
,5350,,,,,-69.9737548828125,26.66015625,-0.8274191162109376,0.42665740356445314,0.0
,5351,,,,,-73.35205078125,17.999267578125,-0.8371558959960937,0.39796497802734376,0.0
,5352,,,,,-91.9097900390625,-18.0267333984375,-0.8681271423339844,0.368754638671875,0.0
,5353,,,,,-83.09326171875,-6.591796875,-0.8946443298339845,0.33053259887695313,0.0
,5354,,,,,-80.45654296875,-6.591796875,-0.9115283203125,0.30287600097656253,0.0
,5355,,,,,-77.01416015625,-6.317138671875,-0.9381490905761719,0.23865468750000002,0.0
,5356,,,,,-73.9105224609375,-6.317138671875,-0.9334878662109375,0.21079092407226563,0.0
,5357,,,,,-76.9866943359375,-16.7633056640625,-0.9433282287597656,0.12730321655273438,0.0
,5358,,,,,-70.6878662109375,-16.7633056640625,-0.9308982971191406,0.08690593872070312,0.0
,5359,,,,,-76.28173828125,-26.458740234375,-0.9443640563964844,-0.019784307861328124,0.0
,5360,,,,,-68.865966796875,-26.458740234375,-0.9291373901367188,-0.07095419311523438,0.0
,5361,,,,,-73.3428955078125,-34.222412109375,-0.9277908142089843,-0.13165369262695312,0.0
,5362,,,,,-66.3665771484375,-34.222412109375,-0.8843896362304687,-0.14636244506835938,0.0
,5363,,,,,-69.781494140625,-40.1458740234375,-0.89992705078125,-0.26703636474609377,0.0
,5364,,,,,-63.0615234375,-40.1458740234375,-0.8727883666992188,-0.32960035400390625,0.0
,5365,,,,,-65.6341552734375,-44.5953369140625,-0.8465819274902344,-0.3974470642089844,0.0
,5366,,,,,-59.28955078125,-44.5953369140625,-0.8580796142578125,-0.4476847045898438,0.0
,5367,,,,,-61.907958984375,-49.1180419921875,-0.8558007934570313,-0.5108701904296875,0.0
,5368,,,,,-49.0264892578125,-49.1180419921875,-0.8436816101074219,-0.5442238403320313,0.0
,5369,,,,,-51.0406494140625,-52.6153564453125,-0.8398490478515626,-0.59829404296875,0.0
,5370,,,,,-39.404296875,-56.4605712890625,-0.7972765319824219,-0.5911468322753907,0.0
,5371,,,,,-41.2445068359375,-59.6466064453125,-0.7395809326171875,-0.6114490539550781,0.0
,5372,,,,,-28.9215087890625,-63.1439208984375,-0.7378200256347657,-0.6456313659667969,0.0
,5373,,,,,-30.889892578125,-66.558837890625,-0.6780527709960937,-0.6854071472167969,0.0
,5374,,,,,-20.361328125,-69.10400390625,-0.61155263671875,-0.7185536315917969,0.0
,5375,,,,,-21.42333984375,-70.9442138671875,-0.5466062438964844,-0.7535646057128906,0.0
,5376,,,,,-11.3800048828125,-72.711181640625,-0.48828914794921874,-0.7799782104492188,0.0
,5377,,,,,-12.26806640625,-74.23095703125,-0.4519315979003906,-0.8264868713378907,0.0
,5378,,,,,-3.4332275390625,-75.3570556640625,-0.38750311889648437,-0.8591154418945313,0.0
,5379,,,,,-3.6712646484375,-75.76904296875,-0.31023037719726565,-0.8675056457519531,0.0
,5380,,,,,3.863525390625,-75.6317138671875,-0.2415550048828125,-0.9089387512207031,0.0
,5381,,,,,4.119873046875,-75.201416015625,-0.1811662536621094,-0.932244873046875,0.0
,5382,,,,,10.107421875,-74.01123046875,-0.1147697021484375,-0.9457106323242188,0.0
,5383,,,,,10.7208251953125,-72.94921875,-0.0493053955078125,-0.9411529907226562,0.0
,5384,,,,,17.0562744140625,-71.319580078125,0.0087009521484375,-0.9575190673828126,0.0
,5385,,,,,18.49365234375,-68.829345703125,0.026931518554687502,-0.9693275024414063,0.0
,5386,,,,,23.419189453125,-65.95458984375,0.07613333129882813,-0.9688095886230469,0.0
,5387,,,,,28.5552978515625,-63.31787109375,0.10886548461914063,-0.9543080017089844,0.0
,5388,,,,,34.185791015625,-60.772705078125,0.1595174560546875,-0.94301748046875,0.0
,5389,,,,,40.13671875,-57.952880859375,0.20084697875976562,-0.8931941711425782,0.0
,5390,,,,,47.0306396484375,-53.082275390625,0.2518096984863281,-0.8723740356445313,0.0
,5391,,,,,49.8687744140625,-53.082275390625,0.28008779296875,-0.8411956237792969,0.0
,5392,,,,,55.3802490234375,-48.1109619140625,0.3444126892089844,-0.8001768493652344,0.0
,5393,,,,,57.3944091796875,-48.1109619140625,0.41122357177734375,-0.75408251953125,0.0
,5394,,,,,63.1439208984375,-41.0980224609375,0.4811419372558594,-0.7090240173339843,0.0
,5395,,,,,64.324951171875,-41.0980224609375,0.5512674682617188,-0.6543323181152344,0.0
,5396,,,,,68.2159423828125,-35.0189208984375,0.6189070129394532,-0.6154887817382813,0.0
,5397,,,,,67.93212890625,-35.0189208984375,0.6692482360839844,-0.5826530456542969,0.0
,5398,,,,,70.5963134765625,-29.8553466796875,0.7246650146484376,-0.536144384765625,0.0
,5399,,,,,69.818115234375,-29.8553466796875,0.7845358520507812,-0.48342075805664064,0.0
,5400,,,,,71.7041015625,-24.1241455078125,0.8204790710449219,-0.4457166320800781,0.0
,5401,,,,,69.6441650390625,-24.1241455078125,0.8645017456054688,-0.4213746826171875,0.0
,5402,,,,,74.1668701171875,-12.3504638671875,0.8710274597167968,-0.39133568115234374,0.0
,5403,,,,,70.9442138671875,-12.3504638671875,0.8859433776855469,-0.37186212158203125,0.0
,5404,,,,,76.7578125,2.60009765625,0.8972338989257813,-0.33094692993164065,0.0
,5405,,,,,74.139404296875,2.60009765625,0.9325556213378906,-0.2590604919433594,0.0
,5406,,,,,76.6021728515625,11.279296875,0.9135999755859375,-0.19753233032226564,0.0
,5407,,,,,70.2667236328125,11.279296875,0.915671630859375,-0.14656961059570314,0.0
,5408,,,,,75.9521484375,21.13037109375,0.8996163024902344,-0.09830004272460938,0.0
,5409,,,,,70.27587890625,21.13037109375,0.9045882751464844,-0.016055328369140625,0.0
,5410,,,,,75.3570556640625,29.937744140625,0.9094566650390625,0.060492333984375,0.0
,5411,,,,,67.3187255859375,29.937744140625,0.9411529907226562,0.16107119750976562,0.0
,5412,,,,,70.8526611328125,36.0626220703125,0.9356631042480469,0.23471854248046875,0.0
,5413,,,,,63.1805419921875,36.0626220703125,0.9285158935546876,0.30111509399414066,0.0
,5414,,,,,65.185546875,39.55078125,0.9120462341308594,0.367097314453125,0.0
,5415,,,,,58.685302734375,39.55078125,0.8935049194335938,0.4148489685058594,0.0
,5416,,,,,62.054443359375,45.3826904296875,0.9105960754394532,0.49067155151367187,0.0
,5417,,,,,53.3935546875,45.3826904296875,0.8883257812500001,0.526200439453125,0.0
,5418,,,,,55.95703125,49.8138427734375,0.8708202941894532,0.5628687377929688,0.0
,5419,,,,,41.839599609375,49.8138427734375,0.8364308166503907,0.5743664245605469,0.0
,5420,,,,,18.145751953125,54.0985107421875,0.8193396606445312,0.6119669677734375,0.0
,5421,,,,,31.0546875,58.721923828125,0.7589509094238281,0.6036803466796875,0.0
,5422,,,,,33.1787109375,62.3931884765625,0.7537717712402344,0.6524678283691406,0.0
,5423,,,,,22.5860595703125,66.082763671875,0.6689374877929688,0.6600293701171875,0.0
,5424,,,,,24.42626953125,69.268798828125,0.65464306640625,0.7065380310058594,0.0
,5425,,,,,15.0970458984375,71.0540771484375,0.5738485107421876,0.7078846069335938,0.0
,5426,,,,,15.9027099609375,72.454833984375,0.5423593505859375,0.7845358520507812,0.0
,5427,,,,,5.6121826171875,73.7548828125,0.4343225280761719,0.8058739013671875,0.0
,5428,,,,,6.005859375,74.432373046875,0.40272978515625,0.8561115417480469,0.0
,5429,,,,,-2.1240234375,74.30419921875,0.3357117370605469,0.889154443359375,0.0
,5430,,,,,-2.2705078125,74.0478515625,0.29044606933593753,0.9242690002441406,0.0
,5431,,,,,-8.0474853515625,73.480224609375,0.19753233032226564,0.9115283203125,0.0
,5432,,,,,-8.441162109375,72.784423828125,0.12046675415039063,0.9159823791503906,0.0
,5433,,,,,-13.8702392578125,71.6217041015625,0.07033269653320312,0.930691131591797,0.0
,5434,,,,,-14.703369140625,70.184326171875,0.03760054321289063,0.9383562561035157,0.0
,5435,,,,,-17.962646484375,68.2159423828125,-0.041536688232421876,0.91484296875,0.0
,5436,,,,,-23.5015869140625,66.5496826171875,-0.07126494140625,0.8998234680175782,0.0
,5437,,,,,-28.802490234375,64.2608642578125,-0.08338412475585938,0.9121498168945312,0.0
,5438,,,,,-34.4970703125,61.9903564453125,-0.14895201416015624,0.8742385253906251,0.0
,5439,,,,,-42.51708984375,56.3507080078125,-0.21048017578125,0.8469962585449219,0.0
,5440,,,,,-46.3897705078125,56.3507080078125,-0.2579210815429688,0.81374619140625,0.0
,5441,,,,,-51.947021484375,51.96533203125,-0.3112662048339844,0.7791495483398437,0.0
,5442,,,,,-54.6661376953125,51.96533203125,-0.37735200805664065,0.7330552185058594,0.0
,5443,,,,,-60.4705810546875,45.501708984375,-0.449963525390625,0.6946260131835937,0.0
,5444,,,,,-61.9537353515625,45.501708984375,-0.5092128662109375,0.6666586669921876,0.0
,5445,,,,,-65.9912109375,40.2374267578125,-0.5673227966308594,0.6274007995605468,0.0
,5446,,,,,-66.2750244140625,40.2374267578125,-0.648842431640625,0.5708446105957031,0.0
,5447,,,,,-69.6807861328125,34.259033203125,-0.7301549011230469,0.5045516418457031,0.0
,5448,,,,,-68.9666748046875,34.259033203125,-0.7601939025878907,0.484767333984375,0.0
,5449,,,,,-71.0540771484375,28.9764404296875,-0.7908544006347656,0.4601146362304688,0.0
,5450,,,,,-69.5526123046875,28.9764404296875,-0.8194432434082032,0.43535835571289067,0.0
,5451,,,,,-73.2879638671875,19.7113037109375,-0.8524861450195312,0.3930965881347656,0.0
,5452,,,,,-93.3837890625,-19.73876953125,-0.8649160766601562,0.3841884704589844,0.0
,5453,,,,,-83.917236328125,-7.94677734375,-0.8961980712890625,0.324006884765625,0.0
,5454,,,,,-81.536865234375,-7.94677734375,-0.9225080932617188,0.28733858642578125,0.0
,5455,,,,,-75.8056640625,-3.0120849609375,-0.9278943969726563,0.23844752197265626,0.0
,5456,,,,,-72.7020263671875,-3.0120849609375,-0.9218865966796875,0.22529251098632813,0.0
,5457,,,,,-76.300048828125,-14.8590087890625,-0.9497503601074219,0.11673777465820313,0.0
,5458,,,,,-69.76318359375,-14.8590087890625,-0.9432246459960938,0.09229224243164062,0.0
,5459,,,,,-74.5330810546875,-23.1170654296875,-0.9642519470214844,-0.006007800292968751,0.0
,5460,,,,,-66.412353515625,-23.1170654296875,-0.9509933532714844,-0.04961614379882812,0.0
,5461,,,,,-71.7498779296875,-32.3638916015625,-0.9639411987304688,-0.14439437255859375,0.0
,5462,,,,,-63.9129638671875,-32.3638916015625,-0.9563796569824219,-0.18013042602539064,0.0
,5463,,,,,-67.0440673828125,-37.79296875,-0.934730859375,-0.23927618408203125,0.0
,5464,,,,,-59.783935546875,-37.79296875,-0.9081100891113282,-0.30101151123046876,0.0
,5465,,,,,-63.0523681640625,-43.450927734375,-0.9056241027832032,-0.391128515625,0.0
,5466,,,,,-56.25,-43.450927734375,-0.8628444213867188,-0.42489649658203127,0.0
,5467,,,,,-59.0423583984375,-48.284912109375,-0.8590118591308594,-0.49160379638671875,0.0
,5468,,,,,-47.7630615234375,-48.284912109375,-0.8518646484375,-0.5014441589355468,0.0
,5469,,,,,-49.2828369140625,-50.921630859375,-0.8315624267578126,-0.5473313232421875,0.0
,5470,,,,,-37.2711181640625,-54.7119140625,-0.8143676879882813,-0.5628687377929688,0.0
,5471,,,,,-39.36767578125,-58.3282470703125,-0.7850537658691407,-0.6068914123535156,0.0
,5472,,,,,-26.641845703125,-62.14599609375,-0.75408251953125,-0.6458385314941406,0.0
,5473,,,,,-28.5552978515625,-65.4510498046875,-0.70767744140625,-0.6771205261230469,0.0
,5474,,,,,-17.633056640625,-68.0145263671875,-0.6477030212402344,-0.7162748107910156,0.0
,5475,,,,,-18.988037109375,-70.34912109375,-0.5886608459472656,-0.7422740844726563,0.0
,5476,,,,,-8.1756591796875,-72.5555419921875,-0.5243359497070312,-0.7579150817871094,0.0
,5477,,,,,-9.063720703125,-74.0936279296875,-0.4684012573242188,-0.7842251037597656,0.0
,5478,,,,,-0.311279296875,-75.3936767578125,-0.41412388916015624,-0.8334269165039063,0.0
,5479,,,,,-0.7232666015625,-76.0986328125,-0.33498665771484376,-0.841920703125,0.0
,5480,,,,,5.7769775390625,-76.171875,-0.26682919921875003,-0.8594261901855469,0.0
,5481,,,,,6.1248779296875,-75.567626953125,-0.17764443969726562,-0.8728919494628906,0.0
,5482,,,,,11.9293212890625,-74.285888671875,-0.11072997436523438,-0.8883257812500001,0.0
,5483,,,,,12.4237060546875,-73.4161376953125,-0.04205460205078125,-0.8905010192871095,0.0
,5484,,,,,18.1182861328125,-71.429443359375,0.03625396728515625,-0.8876007019042969,0.0
,5485,,,,,19.3267822265625,-69.3328857421875,0.0642213134765625,-0.8850111328125,0.0
,5486,,,,,24.86572265625,-67.49267578125,0.10927981567382813,-0.8967159851074219,0.0
,5487,,,,,29.9560546875,-65.606689453125,0.09291373901367188,-0.90655634765625,0.0
,5488,,,,,35.2935791015625,-63.427734375,0.14936634521484377,-0.8662626525878907,0.0
,5489,,,,,40.9332275390625,-60.479736328125,0.21120525512695312,-0.8488607482910157,0.0
,5490,,,,,47.296142578125,-56.0760498046875,0.2673471130371094,-0.8410920410156251,0.0
,5491,,,,,50.4364013671875,-56.0760498046875,0.3036010803222656,-0.8191324951171876,0.0
,5492,,,,,56.5338134765625,-50.152587890625,0.3526993103027344,-0.7841215209960938,0.0
,5493,,,,,58.6578369140625,-50.152587890625,0.4056301025390625,-0.7311907287597657,0.0
,5494,,,,,63.3544921875,-44.512939453125,0.4890142272949219,-0.6917256958007812,0.0
,5495,,,,,64.013671875,-44.512939453125,0.5521997131347657,-0.6459421142578126,0.0
,5496,,,,,68.115234375,-38.37890625,0.6474958557128907,-0.5821351318359376,0.0
,5497,,,,,67.8131103515625,-38.37890625,0.6933830200195312,-0.5537534545898438,0.0
,5498,,,,,70.3125,-33.4259033203125,0.7439314086914063,-0.5131490112304687,0.0
,5499,,,,,69.3603515625,-33.4259033203125,0.8049416564941406,-0.4603218017578125,0.0
,5500,,,,,71.7041015625,-26.4404296875,0.8324946716308594,-0.43908733520507814,0.0
,5501,,,,,69.4427490234375,-26.4404296875,0.862740838623047,-0.40801250610351564,0.0
,5502,,,,,73.8189697265625,-14.5477294921875,0.8906046020507813,-0.3602608520507813,0.0
,5503,,,,,71.0174560546875,-14.5477294921875,0.9302768005371094,-0.327321533203125,0.0
,5504,,,,,78.11279296875,2.67333984375,0.9311054626464844,-0.2797770446777344,0.0
,5505,,,,,75.03662109375,2.67333984375,0.940531494140625,-0.23803319091796876,0.0
,5506,,,,,76.080322265625,9.04541015625,0.9362846008300781,-0.18696688842773437,0.0
,5507,,,,,69.378662109375,9.04541015625,0.9418780700683594,-0.13196444091796874,0.0
,5508,,,,,74.871826171875,18.56689453125,0.9192970275878907,-0.08462711791992188,0.0
,5509,,,,,69.1131591796875,18.56689453125,0.9549294982910157,0.008183038330078125,0.0
,5510,,,,,74.70703125,28.253173828125,0.9475751220703126,0.06349623413085938,0.0
,5511,,,,,66.3299560546875,28.253173828125,0.9435353942871094,0.12098466796875,0.0
,5512,,,,,71.044921875,36.4288330078125,0.9199185241699219,0.1889349609375,0.0
,5513,,,,,62.2650146484375,36.4288330078125,0.9210579345703125,0.2578174987792969,0.0
,5514,,,,,65.2679443359375,41.6290283203125,0.8925726745605469,0.290860400390625,0.0
,5515,,,,,57.403564453125,41.6290283203125,0.90655634765625,0.3601572692871094,0.0
,5516,,,,,60.5804443359375,47.113037109375,0.9240618347167969,0.44654529418945316,0.0
,5517,,,,,53.192138671875,47.113037109375,0.9150501342773438,0.4827992614746094,0.0
,5518,,,,,54.034423828125,48.5687255859375,0.8819036499023438,0.5356264709472657,0.0
,5519,,,,,41.9952392578125,52.8350830078125,0.8319767578125,0.5283756774902344,0.0
,5520,,,,,21.0662841796875,56.414794921875,0.8493786621093751,0.6005728637695312,0.0
,5521,,,,,31.658935546875,59.619140625,0.7931332214355469,0.59829404296875,0.0
,5522,,,,,33.72802734375,63.2080078125,0.768169775390625,0.6403486450195313,0.0
,5523,,,,,21.2860107421875,66.97998046875,0.6677980773925781,0.6408665588378907,0.0
,5524,,,,,22.998046875,69.9462890625,0.6472886901855469,0.689446875,0.0
,5525,,,,,13.3758544921875,72.088623046875,0.5725019348144531,0.6708019775390626,0.0
,5526,,,,,14.3280029296875,73.736572265625,0.5267183532714844,0.7347125427246094,0.0
,5527,,,,,3.5980224609375,75.03662109375,0.4304899658203125,0.7550147644042969,0.0
,5528,,,,,4.4403076171875,76.4923095703125,0.4036620300292969,0.8188217468261719,0.0
,5529,,,,,-3.1494140625,77.0965576171875,0.3301182678222656,0.8447174377441407,0.0
,5530,,,,,-3.2318115234375,76.959228515625,0.2788447998046875,0.8851147155761719,0.0
,5531,,,,,-8.2672119140625,76.629638671875,0.19432126464843752,0.9076957580566406,0.0
,5532,,,,,-8.697509765625,75.8880615234375,0.1412868896484375,0.9319341247558593,0.0
,5533,,,,,-14.02587890625,74.4781494140625,0.05407020263671875,0.9278943969726563,0.0
,5534,,,,,-14.8956298828125,72.9766845703125,0.005075555419921875,0.9328663696289062,0.0
,5535,,,,,-17.7337646484375,70.93505859375,-0.040604443359375,0.9378383422851563,0.0
,5536,,,,,-23.4649658203125,68.7652587890625,-0.07654766235351562,0.9316233764648438,0.0
,5537,,,,,-29.5623779296875,66.412353515625,-0.12067391967773437,0.8958873229980469,0.0
,5538,,,,,-34.7808837890625,64.74609375,-0.18634539184570312,0.860979931640625,0.0
,5539,,,,,-40.0177001953125,62.548828125,-0.23886185302734375,0.8374666442871094,0.0
,5540,,,,,-45.5841064453125,60.040283203125,-0.2981111938476563,0.7887827453613282,0.0
,5541,,,,,-52.020263671875,55.1513671875,-0.3525957275390625,0.7773886413574219,0.0
,5542,,,,,-54.400634765625,55.1513671875,-0.3973434814453125,0.7455887329101563,0.0
,5543,,,,,-60.076904296875,48.5870361328125,-0.4634292846679688,0.7125458312988281,0.0
,5544,,,,,-60.992431640625,48.5870361328125,-0.5484707336425781,0.6756703674316407,0.0
,5545,,,,,-65.33203125,42.279052734375,-0.6229467407226563,0.6392092346191407,0.0
,5546,,,,,-65.4144287109375,42.279052734375,-0.6824032470703125,0.6019194396972657,0.0
,5547,,,,,-68.26171875,36.7218017578125,-0.7493177124023438,0.5565501892089844,0.0
,5548,,,,,-67.1630859375,36.7218017578125,-0.8132282775878906,0.5231965393066407,0.0
,5549,,,,,-69.9737548828125,29.534912109375,-0.8579760314941407,0.4902572204589844,0.0
,5550,,,,,-67.950439453125,29.534912109375,-0.8834573913574219,0.46498302612304687,0.0
,5551,,,,,-70.6878662109375,20.7916259765625,-0.9178468688964844,0.4172313720703125,0.0
,5552,,,,,-92.0013427734375,-20.819091796875,-0.9354559387207032,0.4045942749023438,0.0
,5553,,,,,-81.3446044921875,-7.5164794921875,-0.9552402465820313,0.3562211242675781,0.0
,5554,,,,,-78.3416748046875,-7.5164794921875,-0.9617659606933594,0.32017432250976563,0.0
,5555,,,,,-73.3428955078125,-3.2867431640625,-0.9642519470214844,0.2582318298339844,0.0
,5556,,,,,-70.623779296875,-3.2867431640625,-0.9588656433105469,0.2266390869140625,0.0
,5557,,,,,-74.45068359375,-14.1082763671875,-0.9588656433105469,0.15071292114257814,0.0
,5558,,,,,-67.6116943359375,-14.1082763671875,-0.9626982055664063,0.09819645996093751,0.0
,5559,,,,,-73.35205078125,-24.0509033203125,-0.9953267761230469,-0.001139410400390625,0.0
,5560,,,,,-65.95458984375,-24.0509033203125,-0.9814466857910157,-0.03211065673828125,0.0
,5561,,,,,-71.4935302734375,-33.6456298828125,-0.9696382507324219,-0.11135147094726563,0.0
,5562,,,,,-61.7340087890625,-33.6456298828125,-0.93970283203125,-0.15651355590820312,0.0
,5563,,,,,-65.9454345703125,-40.9423828125,-0.9403243286132813,-0.20084697875976562,0.0
,5564,,,,,-57.586669921875,-40.9423828125,-0.9268585693359376,-0.25636734008789064,0.0
,5565,,,,,-59.9945068359375,-45.1171875,-0.92644423828125,-0.35984652099609377,0.0
,5566,,,,,-53.7322998046875,-45.1171875,-0.9017915405273438,-0.4088411682128906,0.0
,5567,,,,,-56.1492919921875,-49.310302734375,-0.8668841491699218,-0.4600110534667969,0.0
,5568,,,,,-47.2503662109375,-49.310302734375,-0.8283513610839844,-0.47627354736328126,0.0
,5569,,,,,-48.193359375,-50.93994140625,-0.8338412475585938,-0.5434987609863281,0.0
,5570,,,,,-35.2020263671875,-54.730224609375,-0.7991410217285156,-0.5514746337890625,0.0
,5571,,,,,-37.5,-58.7127685546875,-0.7626798889160157,-0.6006764465332032,0.0
,5572,,,,,-25.1312255859375,-62.5030517578125,-0.7332623840332031,-0.6334085998535156,0.0
,5573,,,,,-27.3193359375,-66.302490234375,-0.6751524536132812,-0.6576469665527344,0.0
,5574,,,,,-17.193603515625,-69.2230224609375,-0.6188034301757813,-0.6970084167480469,0.0
,5575,,,,,-18.5943603515625,-71.649169921875,-0.5664941345214843,-0.7336767150878907,0.0
,5576,,,,,-10.345458984375,-73.64501953125,-0.48559599609375004,-0.74745322265625,0.0
,5577,,,,,-11.187744140625,-75.1007080078125,-0.42292842407226566,-0.7872290039062501,0.0
,5578,,,,,-1.629638671875,-76.0162353515625,-0.37693767700195313,-0.8341519958496094,0.0
,5579,,,,,-1.995849609375,-76.6387939453125,-0.29479654541015626,-0.8408848754882813,0.0
,5580,,,,,2.5634765625,-76.46484375,-0.21182675170898438,-0.8743421081542969,0.0
,5581,,,,,2.96630859375,-75.76904296875,-0.13113577880859376,-0.8688522216796876,0.0
,5582,,,,,9.92431640625,-74.560546875,-0.047958819580078124,-0.8556972106933594,0.0
,5583,,,,,10.5743408203125,-73.4344482421875,-0.019991473388671875,-0.88335380859375,0.0
,5584,,,,,15.7928466796875,-72.25341796875,0.0484767333984375,-0.8799355773925781,0.0
,5585,,,,,16.644287109375,-70.78857421875,0.06246040649414063,-0.9036560302734375,0.0
,5586,,,,,22.5860595703125,-68.22509765625,0.09684988403320313,-0.9047954406738281,0.0
,5587,,,,,28.5552978515625,-65.9912109375,0.11508045043945313,-0.9079029235839844,0.0
,5588,,,,,33.5906982421875,-64.031982421875,0.189763623046875,-0.8810749877929688,0.0
,5589,,,,,38.6077880859375,-61.81640625,0.21265541381835937,-0.875895849609375,0.0
,5590,,,,,45.355224609375,-56.671142578125,0.28195228271484374,-0.8428529479980469,0.0
,5591,,,,,48.3123779296875,-56.671142578125,0.3178955017089844,-0.8287656921386719,0.0
,5592,,,,,53.2196044921875,-51.9195556640625,0.367097314453125,-0.8105351257324219,0.0
,5593,,,,,54.8583984375,-51.9195556640625,0.43701567993164064,-0.7591580749511719,0.0
,5594,,,,,60.589599609375,-44.5587158203125,0.5134597595214844,-0.7205217041015626,0.0
,5595,,,,,61.1480712890625,-44.5587158203125,0.5818243835449219,-0.6767061950683594,0.0
,5596,,,,,65.0848388671875,-37.5274658203125,0.6517427490234375,-0.6321656066894531,0.0
,5597,,,,,64.6453857421875,-37.5274658203125,0.7007373962402343,-0.59166474609375,0.0
,5598,,,,,67.1356201171875,-32.208251953125,0.7511822021484376,-0.5473313232421875,0.0
,5599,,,,,66.357421875,-32.208251953125,0.7848466003417969,-0.5167744079589844,0.0
,5600,,,,,69.012451171875,-26.1474609375,0.8218256469726563,-0.46881558837890625,0.0
,5601,,,,,67.3736572265625,-26.1474609375,0.8717525390625,-0.4211675170898438,0.0
,5602,,,,,72.198486328125,-14.373779296875,0.8864612915039063,-0.3993115539550781,0.0
,5603,,,,,69.17724609375,-14.373779296875,0.8984768920898438,-0.38356697387695315,0.0
,5604,,,,,75.98876953125,2.581787109375,0.8965088195800781,-0.34120162353515626,0.0
,5605,,,,,73.2421875,2.581787109375,0.926547821044922,-0.2787412170410156,0.0
,5606,,,,,75.2105712890625,10.693359375,0.9248904968261719,-0.2191811279296875,0.0
,5607,,,,,67.822265625,10.693359375,0.9240618347167969,-0.17132589111328125,0.0
,5608,,,,,73.5992431640625,20.6817626953125,0.9110104064941407,-0.1189130126953125,0.0
,5609,,,,,67.1722412109375,20.6817626953125,0.914117889404297,-0.06981478271484375,0.0
,5610,,,,,72.9034423828125,30.6060791015625,0.908213671875,-0.00352181396484375,0.0
,5611,,,,,64.0869140625,30.6060791015625,0.9171217895507813,0.08338412475585938,0.0
,5612,,,,,68.719482421875,38.6260986328125,0.9135999755859375,0.14812335205078125,0.0
,5613,,,,,60.955810546875,38.6260986328125,0.9133928100585937,0.20954793090820314,0.0
,5614,,,,,63.848876953125,43.634033203125,0.894126416015625,0.29883627319335937,0.0
,5615,,,,,56.8267822265625,43.634033203125,0.9001342163085938,0.37818067016601564,0.0
,5616,,,,,59.28955078125,47.8912353515625,0.885839794921875,0.4434378112792969,0.0
,5617,,,,,52.5421142578125,47.8912353515625,0.8600476867675781,0.49471127929687503,0.0
,5618,,,,,53.43017578125,49.420166015625,0.8566294555664062,0.5544785339355469,0.0
,5619,,,,,41.766357421875,53.302001953125,0.8036986633300781,0.5474349060058594,0.0
,5620,,,,,21.7529296875,56.744384765625,0.7972765319824219,0.5929077392578125,0.0
,5621,,,,,32.04345703125,60.1959228515625,0.749110546875,0.6044054260253906,0.0
,5622,,,,,34.185791015625,63.8946533203125,0.7400988464355469,0.6458385314941406,0.0
,5623,,,,,22.3480224609375,67.5384521484375,0.642213134765625,0.6435597106933594,0.0
,5624,,,,,24.188232421875,70.7244873046875,0.6291617065429688,0.6903791198730469,0.0
,5625,,,,,15.325927734375,72.7020263671875,0.5354193054199219,0.6920364440917969,0.0
,5626,,,,,16.1865234375,74.1851806640625,0.4934682861328125,0.7627834716796875,0.0
,5627,,,,,6.77490234375,75.62255859375,0.40925549926757815,0.774799072265625,0.0
,5628,,,,,7.452392578125,76.8035888671875,0.3401657958984375,0.8041129943847657,0.0
,5629,,,,,1.35498046875,76.904296875,0.2694187683105469,0.8472034240722657,0.0
,5630,,,,,1.373291015625,76.94091796875,0.21638439331054687,0.8826287292480469,0.0
,5631,,,,,-4.3670654296875,76.593017578125,0.11880942993164063,0.8786925842285157,0.0
,5632,,,,,-4.8980712890625,75.677490234375,0.0774799072265625,0.8954729919433594,0.0
,5633,,,,,-10.931396484375,74.432373046875,0.014087255859375,0.9095602478027344,0.0
,5634,,,,,-11.9110107421875,72.7294921875,-0.016158911132812502,0.9316233764648438,0.0
,5635,,,,,-14.923095703125,70.56884765625,-0.053034375,0.9390813354492188,0.0
,5636,,,,,-20.9564208984375,68.5089111328125,-0.09622838745117188,0.9281015625,0.0
,5637,,,,,-27.06298828125,66.10107421875,-0.1520594970703125,0.9042775268554688,0.0
,5638,,,,,-32.26318359375,63.9862060546875,-0.18178775024414062,0.8930905883789063,0.0
,5639,,,,,-37.646484375,61.834716796875,-0.22301369018554687,0.8780710876464844,0.0
,5640,,,,,-42.95654296875,59.1156005859375,-0.27376924438476563,0.8404705444335938,0.0
,5641,,,,,-49.0814208984375,54.1168212890625,-0.34306611328125003,0.8050452392578126,0.0
,5642,,,,,-51.30615234375,54.1168212890625,-0.39962230224609374,0.7669267822265625,0.0
,5643,,,,,-56.65283203125,47.8912353515625,-0.4695406677246094,0.7263223388671876,0.0
,5644,,,,,-58.19091796875,47.8912353515625,-0.5273398498535157,0.691932861328125,0.0
,5645,,,,,-62.933349609375,41.8670654296875,-0.5911468322753907,0.6450098693847657,0.0
,5646,,,,,-63.2537841796875,41.8670654296875,-0.6376554931640626,0.6021266052246094,0.0
,5647,,,,,-67.987060546875,33.2611083984375,-0.6845784851074219,0.5599684204101563,0.0
,5648,,,,,-67.3828125,33.2611083984375,-0.7385451049804688,0.5301365844726562,0.0
,5649,,,,,-69.7723388671875,27.86865234375,-0.7798746276855469,0.49678293457031253,0.0
,5650,,,,,-68.3349609375,27.86865234375,-0.8036986633300781,0.4736839782714844,0.0
,5651,,,,,-71.5301513671875,19.4549560546875,-0.8598405212402344,0.4260359069824219,0.0
,5652,,,,,-91.3330078125,-19.482421875,-0.8739277770996094,0.41236298217773437,0.0
,5653,,,,,-81.536865234375,-7.3883056640625,-0.895783740234375,0.3674080627441406,0.0
,5654,,,,,-78.8909912109375,-7.3883056640625,-0.9066599304199219,0.3334329162597656,0.0
,5655,,,,,-75.0457763671875,-5.438232421875,-0.9229224243164063,0.26154647827148436,0.0
,5656,,,,,-67.822265625,-5.438232421875,-0.9166038757324219,0.25046312255859376,0.0
,5657,,,,,-74.505615234375,-17.0013427734375,-0.9294481384277344,0.16935781860351562,0.0
,5658,,,,,-68.3624267578125,-17.0013427734375,-0.9221973449707032,0.13413967895507814,0.0
,5659,,,,,-74.30419921875,-27.2918701171875,-0.9453998840332032,0.040086529541015624,0.0
,5660,,,,,-66.3665771484375,-27.2918701171875,-0.9387705871582032,-0.014915917968750001,0.0
,5661,,,,,-71.0357666015625,-35.3851318359375,-0.9384598388671875,-0.09923228759765625,0.0
,5662,,,,,-63.97705078125,-35.3851318359375,-0.9050026062011719,-0.13641849975585937,0.0
,5663,,,,,-67.5750732421875,-41.619873046875,-0.91981494140625,-0.20623328247070313,0.0
,5664,,,,,-59.7747802734375,-41.619873046875,-0.8845968017578125,-0.27345849609375,0.0
,5665,,,,,-62.164306640625,-45.758056640625,-0.8500001586914063,-0.34948824462890626,0.0
,5666,,,,,-56.3873291015625,-45.758056640625,-0.8287656921386719,-0.39465032958984375,0.0
,5667,,,,,-59.4635009765625,-51.0955810546875,-0.8150927673339844,-0.4530710083007813,0.0
,5668,,,,,-47.7447509765625,-51.0955810546875,-0.81043154296875,-0.49450411376953124,0.0
,5669,,,,,-49.3194580078125,-53.8330078125,-0.7922009765625,-0.5523032958984375,0.0
,5670,,,,,-38.4613037109375,-56.94580078125,-0.754911181640625,-0.5757130004882812,0.0
,5671,,,,,-40.53955078125,-60.552978515625,-0.7279796630859375,-0.6153851989746094,0.0
,5672,,,,,-28.5552978515625,-64.581298828125,-0.7094383483886719,-0.6382769897460938,0.0
,5673,,,,,-30.5694580078125,-68.0877685546875,-0.6479101867675782,-0.6500854248046876,0.0
,5674,,,,,-20.6451416015625,-70.5963134765625,-0.6152816162109375,-0.6949367614746094,0.0
,5675,,,,,-21.93603515625,-72.8302001953125,-0.5587254272460938,-0.7348161254882812,0.0
,5676,,,,,-11.6363525390625,-74.6978759765625,-0.4670546813964844,-0.7511822021484376,0.0
,5677,,,,,-12.5518798828125,-76.2908935546875,-0.40915191650390625,-0.8010055114746094,0.0
,5678,,,,,-4.8614501953125,-76.9317626953125,-0.35798203125,-0.8554900451660157,0.0
,5679,,,,,-5.0079345703125,-77.178955078125,-0.2681757751464844,-0.8638802490234375,0.0
,5680,,,,,0.91552734375,-76.6937255859375,-0.19121378173828127,-0.8840788879394531,0.0
,5681,,,,,1.4923095703125,-75.6866455078125,-0.14066539306640624,-0.9018951232910156,0.0
,5682,,,,,7.489013671875,-74.7711181640625,-0.06660371704101563,-0.9063491821289062,0.0
,5683,,,,,8.2672119140625,-73.4161376953125,-0.018126983642578125,-0.9119426513671876,0.0
,5684,,,,,14.9871826171875,-71.5484619140625,0.041122357177734374,-0.9052097717285157,0.0
,5685,,,,,15.9027099609375,-69.9554443359375,0.058835009765625,-0.9247869140625,0.0
,5686,,,,,21.624755859375,-68.1884765625,0.10575800170898438,-0.9246833312988282,0.0
,5687,,,,,27.044677734375,-66.24755859375,0.10513650512695313,-0.9378383422851563,0.0
,5688,,,,,32.6019287109375,-64.1326904296875,0.17236171875,-0.9050026062011719,0.0
,5689,,,,,38.653564453125,-61.48681640625,0.19794666137695313,-0.8704059631347657,0.0
,5690,,,,,45.6024169921875,-56.6162109375,0.2704545959472656,-0.8333233337402344,0.0
,5691,,,,,48.724365234375,-56.6162109375,0.2954180419921875,-0.8300086853027344,0.0
,5692,,,,,54.949951171875,-50.28076171875,0.34917749633789064,-0.8051488220214844,0.0
,5693,,,,,56.9091796875,-50.28076171875,0.3898855224609375,-0.7705521789550781,0.0
,5694,,,,,62.2467041015625,-43.450927734375,0.4757556335449219,-0.7174142211914063,0.0
,5695,,,,,62.7044677734375,-43.450927734375,0.5341763122558594,-0.6923471923828125,0.0
,5696,,,,,67.7947998046875,-35.3302001953125,0.6069949951171875,-0.6430417968750001,0.0
,5697,,,,,67.63916015625,-35.3302001953125,0.648842431640625,-0.5968438842773438,0.0
,5698,,,,,70.3582763671875,-30.06591796875,0.7162748107910156,-0.5276505981445313,0.0
,5699,,,,,69.415283203125,-30.06591796875,0.7721059204101562,-0.48031327514648436,0.0
,5700,,,,,72.088623046875,-23.2269287109375,0.8012126770019532,-0.4727517333984375,0.0
,5701,,,,,69.5068359375,-23.2269287109375,0.8547649658203125,-0.4247929138183594,0.0
,5702,,,,,72.967529296875,-12.5518798828125,0.8603584350585938,-0.39589332275390626,0.0
,5703,,,,,70.56884765625,-12.5518798828125,0.8740313598632813,-0.37113704223632815,0.0
,5704,,,,,76.904296875,3.240966796875,0.8773460083007812,-0.3301182678222656,0.0
,5705,,,,,73.5443115234375,3.240966796875,0.8924690917968751,-0.2771874755859375,0.0
,5706,,,,,76.080322265625,12.3046875,0.8900866882324219,-0.23523645629882814,0.0
,5707,,,,,70.05615234375,12.3046875,0.91981494140625,-0.15154158325195313,0.0
,5708,,,,,76.190185546875,22.9156494140625,0.8872899536132812,-0.10441142578125,0.0
,5709,,,,,68.84765625,22.9156494140625,0.8954729919433594,-0.030349749755859377,0.0
,5710,,,,,73.5260009765625,31.0272216796875,0.8813857360839844,0.03138557739257813,0.0
,5711,,,,,66.8701171875,31.0272216796875,0.8944371643066407,0.11880942993164063,0.0
,5712,,,,,71.2371826171875,38.5894775390625,0.8796248291015625,0.18002684326171875,0.0
,5713,,,,,62.3931884765625,38.5894775390625,0.8776567565917969,0.25056670532226566,0.0
,5714,,,,,64.92919921875,42.974853515625,0.8952658264160156,0.3333293334960938,0.0
,5715,,,,,59.72900390625,42.974853515625,0.8942299987792969,0.4010724609375,0.0
,5716,,,,,62.127685546875,47.13134765625,0.8701987976074219,0.46809050903320315,0.0
,5717,,,,,53.6865234375,47.13134765625,0.8572509521484375,0.5133561767578125,0.0
,5718,,,,,56.9000244140625,52.6885986328125,0.8415063720703125,0.5540642028808594,0.0
,5719,,,,,43.83544921875,52.6885986328125,0.7798746276855469,0.55188896484375,0.0
,5720,,,,,18.914794921875,56.0211181640625,0.7763528137207032,0.5995370361328125,0.0
,5721,,,,,30.6884765625,59.710693359375,0.7348161254882812,0.6044054260253906,0.0
,5722,,,,,32.757568359375,63.2904052734375,0.7291190734863281,0.6508105041503907,0.0
,5723,,,,,24.6826171875,66.4947509765625,0.6410737243652344,0.6577505493164063,0.0
,5724,,,,,26.1383056640625,69.012451171875,0.6087559020996094,0.682817578125,0.0
,5725,,,,,16.0675048828125,70.78857421875,0.49792234497070315,0.6846820678710938,0.0
,5726,,,,,16.9097900390625,72.2442626953125,0.4652937744140625,0.7594688232421876,0.0
,5727,,,,,8.697509765625,73.370361328125,0.4057336853027344,0.8030771667480469,0.0
,5728,,,,,8.89892578125,73.71826171875,0.38056307373046877,0.8625336730957032,0.0
,5729,,,,,0.1739501953125,73.79150390625,0.2890994934082031,0.8785890014648438,0.0
,5730,,,,,0.0732421875,73.6175537109375,0.2362722839355469,0.9046918579101563,0.0
,5731,,,,,-4.6417236328125,72.784423828125,0.15920670776367188,0.9052097717285157,0.0
,5732,,,,,-4.9072265625,72.3358154296875,0.11549478149414062,0.9212651000976563,0.0
,5733,,,,,-12.01171875,71.6217041015625,0.059663671875000004,0.9351451904296876,0.0
,5734,,,,,-12.6434326171875,70.5322265625,0.010772607421875,0.94301748046875,0.0
,5735,,,,,-16.1041259765625,68.975830078125,-0.040086529541015624,0.9235439208984375,0.0
,5736,,,,,-21.1669921875,66.998291015625,-0.07893006591796875,0.9083172546386719,0.0
,5737,,,,,-26.8157958984375,64.801025390625,-0.12792471313476564,0.8929870056152344,0.0
,5738,,,,,-33.2794189453125,62.255859375,-0.15558131103515627,0.8802463256835937,0.0
,5739,,,,,-40.8599853515625,56.707763671875,-0.19483917846679688,0.8703023803710938,0.0
,5740,,,,,-44.0277099609375,56.707763671875,-0.25678167114257816,0.8438887756347656,0.0
,5741,,,,,-50.6103515625,50.8026123046875,-0.31561668090820316,0.8151963500976562,0.0
,5742,,,,,-53.2379150390625,50.8026123046875,-0.38543146362304687,0.7738668273925782,0.0
,5743,,,,,-58.6578369140625,44.952392578125,-0.4334938659667969,0.7480747192382813,0.0
,5744,,,,,-60.0128173828125,44.952392578125,-0.48621749267578124,0.700219482421875,0.0
,5745,,,,,-65.0482177734375,37.90283203125,-0.5723983520507813,0.6449062866210937,0.0
,5746,,,,,-65.3594970703125,37.90283203125,-0.6259506408691407,0.5985012084960938,0.0
,5747,,,,,-69.561767578125,30.5877685546875,-0.6860286437988281,0.5505423889160156,0.0
,5748,,,,,-68.7652587890625,30.5877685546875,-0.7280832458496094,0.5122167663574219,0.0
,5749,,,,,-70.34912109375,26.2481689453125,-0.7936511352539063,0.4616683776855469,0.0
,5750,,,,,-68.8751220703125,26.2481689453125,-0.8283513610839844,0.43908733520507814,0.0
,5751,,,,,-72.10693359375,17.742919921875,-0.8716489562988281,0.4073910095214844,0.0
,5752,,,,,-90.4815673828125,-17.7703857421875,-0.8825251464843751,0.37849141845703127,0.0
,5753,,,,,-82.196044921875,-7.049560546875,-0.8925726745605469,0.320692236328125,0.0
,5754,,,,,-79.669189453125,-7.049560546875,-0.8852182983398438,0.3146844360351563,0.0
,5755,,,,,-75.8331298828125,-6.280517578125,-0.9090423339843751,0.25833541259765624,0.0
,5756,,,,,-69.451904296875,-6.280517578125,-0.9191934448242188,0.22601759033203125,0.0
,5757,,,,,-75.4119873046875,-16.607666015625,-0.9293445556640625,0.14646602783203125,0.0
,5758,,,,,-69.1497802734375,-16.607666015625,-0.9248904968261719,0.10337559814453125,0.0
,5759,,,,,-75.0,-26.7425537109375,-0.9364917663574219,-0.0047648071289062505,0.0
,5760,,,,,-68.6004638671875,-26.7425537109375,-0.9019987060546876,-0.04029369506835938,0.0
,5761,,,,,-72.9766845703125,-34.3048095703125,-0.9114247375488281,-0.12854620971679687,0.0
,5762,,,,,-65.95458984375,-34.3048095703125,-0.8815929016113282,-0.14770902099609376,0.0
,5763,,,,,-68.4814453125,-38.690185546875,-0.8896723571777344,-0.2607178161621094,0.0
,5764,,,,,-61.92626953125,-38.690185546875,-0.8658483215332031,-0.320692236328125,0.0
,5765,,,,,-64.8193359375,-43.7164306640625,-0.8662626525878907,-0.4087375854492188,0.0
,5766,,,,,-58.099365234375,-43.7164306640625,-0.8506216552734375,-0.4426091491699219,0.0
,5767,,,,,-61.2579345703125,-49.1729736328125,-0.8509324035644531,-0.5033086486816406,0.0
,5768,,,,,-48.66943359375,-49.1729736328125,-0.8431636962890625,-0.5289971740722657,0.0
,5769,,,,,-50.244140625,-51.89208984375,-0.8125031982421875,-0.5699123657226562,0.0
,5770,,,,,-38.4429931640625,-55.04150390625,-0.8025592529296875,-0.594150732421875,0.0
,5771,,,,,-40.283203125,-58.2275390625,-0.7680661926269532,-0.6258470581054688,0.0
,5772,,,,,-27.850341796875,-61.8804931640625,-0.7255972595214844,-0.6610651977539063,0.0
,5773,,,,,-30.0018310546875,-65.606689453125,-0.6878931335449219,-0.7075738586425782,0.0
,5774,,,,,-20.54443359375,-68.170166015625,-0.642213134765625,-0.7410310913085938,0.0
,5775,,,,,-21.8719482421875,-70.477294921875,-0.5682550415039063,-0.7584329956054687,0.0
,5776,,,,,-11.2335205078125,-72.5830078125,-0.4695406677246094,-0.7504571228027344,0.0
,5777,,,,,-12.2039794921875,-74.267578125,-0.42334275512695313,-0.7959299560546875,0.0
,5778,,,,,-3.8726806640625,-75.18310546875,-0.38677803955078127,-0.8331161682128907,0.0
,5779,,,,,-4.0191650390625,-75.4486083984375,-0.30929813232421877,-0.85683662109375,0.0
,5780,,,,,3.717041015625,-75.164794921875,-0.25460643310546877,-0.9088351684570313,0.0
,5781,,,,,4.083251953125,-74.52392578125,-0.19950040283203124,-0.9246833312988282,0.0
,5782,,,,,10.052490234375,-73.7823486328125,-0.11218013305664062,-0.9258227416992187,0.0
,5783,,,,,10.6842041015625,-72.69287109375,-0.04536925048828125,-0.9352487731933594,0.0
,5784,,,,,17.4407958984375,-70.9075927734375,0.007768707275390625,-0.9427067321777344,0.0
,5785,,,,,18.5028076171875,-69.049072265625,0.024341949462890627,-0.9590728088378907,0.0
,5786,,,,,23.32763671875,-66.83349609375,0.08234829711914063,-0.9513041015625,0.0
,5787,,,,,28.4454345703125,-64.5172119140625,0.10700099487304687,-0.9407386596679688,0.0
,5788,,,,,34.149169921875,-61.8438720703125,0.1744333740234375,-0.9028273681640625,0.0
,5789,,,,,40.4296875,-58.868408203125,0.18727763671875,-0.8809714050292969,0.0
,5790,,,,,47.5250244140625,-53.668212890625,0.24134783935546875,-0.8637766662597657,0.0
,5791,,,,,50.5645751953125,-53.668212890625,0.2827809448242188,-0.8436816101074219,0.0
,5792,,,,,56.158447265625,-48.980712890625,0.340580126953125,-0.8160250122070313,0.0
,5793,,,,,58.2183837890625,-48.980712890625,0.37092987670898436,-0.7871254211425781,0.0
,5794,,,,,64.2333984375,-41.6015625,0.4600110534667969,-0.7420669189453125,0.0
,5795,,,,,65.057373046875,-41.6015625,0.5277541809082031,-0.6775348571777344,0.0
,5796,,,,,69.0399169921875,-35.3302001953125,0.6142457885742187,-0.6126920471191406,0.0
,5797,,,,,68.792724609375,-35.3302001953125,0.6584756286621094,-0.5951865600585937,0.0
,5798,,,,,71.4569091796875,-29.5440673828125,0.7254936767578125,-0.5507495544433594,0.0
,5799,,,,,70.5780029296875,-29.5440673828125,0.775627734375,-0.5090057006835937,0.0
,5800,,,,,72.2991943359375,-24.4537353515625,0.8216184814453126,-0.47005858154296876,0.0
,5801,,,,,70.294189453125,-24.4537353515625,0.862637255859375,-0.4338046142578125,0.0
,5802,,,,,74.74365234375,-12.799072265625,0.8847003845214844,-0.39982946777343753,0.0
,5803,,,,,71.7041015625,-12.799072265625,0.9061420166015626,-0.35321722412109374,0.0
,5804,,,,,77.9296875,2.545166015625,0.9058312683105469,-0.31437368774414065,0.0
,5805,,,,,75.347900390625,2.545166015625,0.9208507690429688,-0.272629833984375,0.0
,5806,,,,,77.8564453125,11.5081787109375,0.8951622436523438,-0.23057523193359375,0.0
,5807,,,,,71.4202880859375,11.5081787109375,0.9300696350097657,-0.15485623168945312,0.0
,5808,,,,,77.1148681640625,21.3775634765625,0.9236475036621095,-0.090324169921875,0.0
,5809,,,,,70.916748046875,21.3775634765625,0.9353523559570313,-0.024756280517578125,0.0
,5810,,,,,75.3387451171875,29.0313720703125,0.9394956665039063,0.06691446533203126,0.0
,5811,,,,,67.41943359375,29.0313720703125,0.9390813354492188,0.13849015502929687,0.0
,5812,,,,,72.2625732421875,37.4359130859375,0.9101817443847656,0.2017792236328125,0.0
,5813,,,,,63.629150390625,37.4359130859375,0.9173289550781251,0.2777053894042969,0.0
,5814,,,,,65.5059814453125,40.68603515625,0.9218865966796875,0.3499025756835938,0.0
,5815,,,,,59.307861328125,40.68603515625,0.9277908142089843,0.41743853759765626,0.0
,5816,,,,,62.5030517578125,46.234130859375,0.9083172546386719,0.47730937500000004,0.0
,5817,,,,,54.2266845703125,46.234130859375,0.8856326293945312,0.5116988525390626,0.0
,5818,,,,,56.7535400390625,50.6103515625,0.8951622436523438,0.5871071044921875,0.0
,5819,,,,,42.4163818359375,50.6103515625,0.8438887756347656,0.5730198486328125,0.0
,5820,,,,,18.42041015625,54.766845703125,0.8371558959960937,0.620667919921875,0.0
,5821,,,,,31.2286376953125,59.2529296875,0.7852609313964845,0.6196320922851563,0.0
,5822,,,,,33.2977294921875,62.841796875,0.762369140625,0.6599257873535156,0.0
,5823,,,,,23.1536865234375,65.9271240234375,0.6795029296875,0.6588899597167969,0.0
,5824,,,,,24.86572265625,68.88427734375,0.6512248352050781,0.7006338134765625,0.0
,5825,,,,,15.0146484375,71.539306640625,0.559346923828125,0.6879967163085938,0.0
,5826,,,,,15.9576416015625,73.1689453125,0.5233001220703125,0.7575007507324218,0.0
,5827,,,,,5.9967041015625,74.37744140625,0.4314222106933594,0.7869182556152344,0.0
,5828,,,,,6.3995361328125,75.0732421875,0.40190112304687503,0.8492750793457031,0.0
,5829,,,,,-2.4444580078125,75.311279296875,0.3393371337890625,0.8651232421875,0.0
,5830,,,,,-2.4627685546875,75.274658203125,0.2929320556640625,0.8997198852539062,0.0
,5831,,,,,-8.001708984375,74.7894287109375,0.18551672973632813,0.8892580261230469,0.0
,5832,,,,,-8.53271484375,73.8739013671875,0.1160126953125,0.909974578857422,0.0
,5833,,,,,-14.501953125,72.54638671875,0.06908970336914062,0.9449855529785156,0.0
,5834,,,,,-15.4266357421875,70.9442138671875,0.04744090576171875,0.9549294982910157,0.0
,5835,,,,,-18.5943603515625,68.646240234375,-0.0236168701171875,0.9283087280273438,0.0
,5836,,,,,-23.76708984375,66.76025390625,-0.06556788940429688,0.9199185241699219,0.0
,5837,,,,,-28.7841796875,64.471435546875,-0.11249088134765625,0.8912260986328125,0.0
,5838,,,,,-34.4512939453125,62.4114990234375,-0.1446015380859375,0.8729955322265626,0.0
,5839,,,,,-42.51708984375,56.79931640625,-0.2085121032714844,0.84855,0.0
,5840,,,,,-46.3714599609375,56.79931640625,-0.25553867797851565,0.8263832885742187,0.0
,5841,,,,,-52.203369140625,52.203369140625,-0.31178411865234373,0.7853645141601563,0.0
,5842,,,,,-54.9224853515625,52.203369140625,-0.3817024841308594,0.7431027465820312,0.0
,5843,,,,,-60.5072021484375,46.76513671875,-0.4372228454589844,0.7050878723144531,0.0
,5844,,,,,-62.384033203125,46.76513671875,-0.5018584899902344,0.6644834289550782,0.0
,5845,,,,,-67.144775390625,40.081787109375,-0.5663905517578125,0.6167317749023438,0.0
,5846,,,,,-67.12646484375,40.081787109375,-0.6315441101074218,0.5749879211425781,0.0
,5847,,,,,-70.6329345703125,34.1400146484375,-0.6947295959472657,0.5360408020019531,0.0
,5848,,,,,-69.818115234375,34.1400146484375,-0.7432063293457032,0.49295037231445316,0.0
,5849,,,,,-71.4752197265625,29.0496826171875,-0.7999696838378907,0.436704931640625,0.0
,5850,,,,,-69.9737548828125,29.0496826171875,-0.8185109985351563,0.42241051025390625,0.0
,5851,,,,,-73.2879638671875,20.3704833984375,-0.8512431518554687,0.3981721435546875,0.0
,5852,,,,,-94.66552734375,-20.39794921875,-0.8911225158691407,0.3525957275390625,0.0
,5853,,,,,-84.99755859375,-8.1207275390625,-0.9172253723144531,0.30194375610351565,0.0
,5854,,,,,-82.470703125,-8.1207275390625,-0.9286194763183594,0.29137831420898436,0.0
,5855,,,,,-76.9500732421875,-3.167724609375,-0.9466428771972657,0.2254996765136719,0.0
,5856,,,,,-73.7548828125,-3.167724609375,-0.95627607421875,0.18489523315429687,0.0
,5857,,,,,-77.1240234375,-15.069580078125,-0.9666343505859375,0.1089690673828125,0.0
,5858,,,,,-70.9808349609375,-15.069580078125,-0.9383562561035157,0.09436389770507812,0.0
,5859,,,,,-75.7598876953125,-23.345947265625,-0.955550994873047,-0.004246893310546875,0.0
,5860,,,,,-67.2271728515625,-23.345947265625,-0.9481966186523437,-0.033250067138671874,0.0
,5861,,,,,-72.802734375,-33.0047607421875,-0.9605229675292969,-0.12139899902343751,0.0
,5862,,,,,-64.78271484375,-33.0047607421875,-0.9442604736328125,-0.16593958740234377,0.0
,5863,,,,,-67.7215576171875,-38.104248046875,-0.9417744873046875,-0.23844752197265626,0.0
,5864,,,,,-59.765625,-38.104248046875,-0.9095602478027344,-0.29997568359375,0.0
,5865,,,,,-62.8509521484375,-43.450927734375,-0.9160859619140626,-0.3990008056640625,0.0
,5866,,,,,-56.0760498046875,-43.450927734375,-0.8843896362304687,-0.44012316284179687,0.0
,5867,,,,,-58.92333984375,-48.3856201171875,-0.8308373474121094,-0.4695406677246094,0.0
,5868,,,,,-48.0194091796875,-48.3856201171875,-0.8140569396972657,-0.4820741821289063,0.0
,5869,,,,,-49.62158203125,-51.15966796875,-0.815403515625,-0.5421521850585937,0.0
,5870,,,,,-38.0035400390625,-55.1788330078125,-0.8115709533691406,-0.5719840209960938,0.0
,5871,,,,,-40.0634765625,-58.7493896484375,-0.7849501831054688,-0.6143493713378907,0.0
,5872,,,,,-26.7333984375,-62.4755859375,-0.7492141296386718,-0.6403486450195313,0.0
,5873,,,,,-28.9306640625,-66.2841796875,-0.6949367614746094,-0.6537108215332031,0.0
,5874,,,,,-17.6513671875,-69.085693359375,-0.6535036560058594,-0.6784671020507813,0.0
,5875,,,,,-18.9971923828125,-71.4111328125,-0.5911468322753907,-0.7150318176269531,0.0
,5876,,,,,-8.8714599609375,-73.4161376953125,-0.5215392150878907,-0.7428955810546876,0.0
,5877,,,,,-9.6771240234375,-74.8077392578125,-0.46922991943359377,-0.7911651489257813,0.0
,5878,,,,,-0.714111328125,-75.6683349609375,-0.39941513671875,-0.8359129028320312,0.0
,5879,,,,,-0.8880615234375,-75.9613037109375,-0.3282537780761719,-0.8409884582519531,0.0
,5880,,,,,6.5093994140625,-75.6317138671875,-0.25761033325195315,-0.8826287292480469,0.0
,5881,,,,,6.7108154296875,-75.29296875,-0.18137341918945313,-0.8841824707031251,0.0
,5882,,,,,11.993408203125,-74.1943359375,-0.11290521240234376,-0.8994091369628906,0.0
,5883,,,,,12.8448486328125,-72.7294921875,-0.050755554199218754,-0.9064527648925782,0.0
,5884,,,,,18.0999755859375,-71.392822265625,0.0203022216796875,-0.9162931274414062,0.0
,5885,,,,,19.244384765625,-69.39697265625,0.04816598510742188,-0.9122533996582032,0.0
,5886,,,,,24.5819091796875,-66.83349609375,0.108554736328125,-0.9066599304199219,0.0
,5887,,,,,29.6356201171875,-64.361572265625,0.11746285400390626,-0.9125641479492188,0.0
,5888,,,,,35.2935791015625,-61.761474609375,0.16397151489257814,-0.8927798400878907,0.0
,5889,,,,,41.0797119140625,-59.161376953125,0.21286257934570313,-0.84357802734375,0.0
,5890,,,,,47.2503662109375,-55.059814453125,0.2639288818359375,-0.81706083984375,0.0
,5891,,,,,50.1068115234375,-55.059814453125,0.3161345947265625,-0.7900257385253906,0.0
,5892,,,,,55.609130859375,-50.0335693359375,0.35974293823242187,-0.7616440612792968,0.0
,5893,,,,,57.60498046875,-50.0335693359375,0.4012796264648438,-0.7260115905761719,0.0
,5894,,,,,62.457275390625,-44.5770263671875,0.47958819580078127,-0.6955582580566406,0.0
,5895,,,,,63.079833984375,-44.5770263671875,0.5535462890625,-0.6577505493164063,0.0
,5896,,,,,67.12646484375,-38.2232666015625,0.6408665588378907,-0.5963259704589844,0.0
,5897,,,,,66.7877197265625,-38.2232666015625,0.6951439270019532,-0.5658726379394532,0.0
,5898,,,,,68.975830078125,-32.4188232421875,0.7609189819335938,-0.5301365844726562,0.0
,5899,,,,,67.657470703125,-32.4188232421875,0.815403515625,-0.4829028442382813,0.0
,5900,,,,,69.8089599609375,-26.3031005859375,0.8597369384765625,-0.4428163146972656,0.0
,5901,,,,,67.4468994140625,-26.3031005859375,0.8829394775390625,-0.430075634765625,0.0
,5902,,,,,72.0428466796875,-13.9434814453125,0.8950586608886719,-0.3962040710449219,0.0
,5903,,,,,69.54345703125,-13.9434814453125,0.8998234680175782,-0.36471491088867186,0.0
,5904,,,,,73.5076904296875,-2.7191162109375,0.8882221984863281,-0.31810266723632813,0.0
,5905,,,,,71.063232421875,-2.7191162109375,0.9162931274414062,-0.25212044677734374,0.0
,5906,,,,,75.2197265625,9.5306396484375,0.9202292724609376,-0.21451990356445313,0.0
,5907,,,,,69.9554443359375,9.5306396484375,0.9273764831542969,-0.1542347351074219,0.0
,5908,,,,,74.96337890625,18.2098388671875,0.927272900390625,-0.0890811767578125,0.0
,5909,,,,,68.646240234375,18.2098388671875,0.9315197937011719,-0.0261028564453125,0.0
,5910,,,,,74.08447265625,27.630615234375,0.9316233764648438,0.056866937255859375,0.0
,5911,,,,,65.0482177734375,27.630615234375,0.9359738525390625,0.11994884033203125,0.0
,5912,,,,,69.708251953125,35.70556640625,0.9268585693359376,0.17515845336914063,0.0
,5913,,,,,61.029052734375,35.70556640625,0.934730859375,0.24725205688476562,0.0
,5914,,,,,64.2425537109375,41.2811279296875,0.9242690002441406,0.327321533203125,0.0
,5915,,,,,56.28662109375,41.2811279296875,0.9356631042480469,0.4012796264648438,0.0
,5916,,,,,59.21630859375,46.3531494140625,0.9384598388671875,0.4601146362304688,0.0
,5917,,,,,52.496337890625,46.3531494140625,0.9004449645996094,0.48828914794921874,0.0
,5918,,,,,55.572509765625,51.690673828125,0.8724776184082031,0.5416342712402344,0.0
,5919,,,,,41.7755126953125,51.690673828125,0.8283513610839844,0.5330369018554688,0.0
,5920,,,,,19.95849609375,55.2520751953125,0.8453389343261719,0.5995370361328125,0.0
,5921,,,,,31.2286376953125,58.6029052734375,0.798001611328125,0.6093773986816406,0.0
,5922,,,,,33.14208984375,61.92626953125,0.7677554443359376,0.6469779418945313,0.0
,5923,,,,,20.4345703125,65.5059814453125,0.6673837463378907,0.6222216613769531,0.0
,5924,,,,,22.3297119140625,68.7835693359375,0.6572326354980469,0.6705948120117188,0.0
,5925,,,,,12.762451171875,71.2738037109375,0.5769559936523437,0.6698697326660157,0.0
,5926,,,,,13.80615234375,73.077392578125,0.5412199401855469,0.7413418395996094,0.0
,5927,,,,,3.5888671875,74.6337890625,0.43390819702148437,0.7378200256347657,0.0
,5928,,,,,4.3304443359375,75.91552734375,0.3971363159179688,0.7923045593261719,0.0
,5929,,,,,-2.6824951171875,75.9063720703125,0.2972825317382813,0.80877421875,0.0
,5930,,,,,-2.764892578125,75.7598876953125,0.24642339477539063,0.8607727661132812,0.0
,5931,,,,,-7.8277587890625,75.274658203125,0.1562028076171875,0.8768280944824219,0.0
,5932,,,,,-8.2122802734375,74.6063232421875,0.1031684326171875,0.9003413818359375,0.0
,5933,,,,,-13.5955810546875,73.5992431640625,0.053759454345703124,0.920643603515625,0.0
,5934,,,,,-14.3096923828125,72.3541259765625,0.02838167724609375,0.9364917663574219,0.0
,5935,,,,,-17.9443359375,70.294189453125,-0.053137957763671875,0.9063491821289062,0.0
,5936,,,,,-23.675537109375,68.29833984375,-0.09042775268554688,0.9030345336914063,0.0
,5937,,,,,-28.8299560546875,65.9454345703125,-0.12916770629882812,0.8956801574707032,0.0
,5938,,,,,-34.1949462890625,63.446044921875,-0.18261641235351564,0.8596333557128907,0.0
,5939,,,,,-40.2557373046875,60.64453125,-0.24538756713867188,0.8305265991210937,0.0
,5940,,,,,-45.4925537109375,58.319091796875,-0.28402393798828124,0.8173715881347656,0.0
,5941,,,,,-51.0772705078125,53.924560546875,-0.3360224853515625,0.8045273254394532,0.0
,5942,,,,,-53.57666015625,53.924560546875,-0.38936760864257813,0.7566720886230469,0.0
,5943,,,,,-58.8134765625,48.4130859375,-0.4677797607421875,0.7150318176269531,0.0
,5944,,,,,-60.3515625,48.4130859375,-0.5316903259277344,0.6848892333984375,0.0
,5945,,,,,-64.7735595703125,42.1417236328125,-0.614970867919922,0.6305082824707031,0.0
,5946,,,,,-64.5904541015625,42.1417236328125,-0.693590185546875,0.583378125,0.0
,5947,,,,,-67.7764892578125,36.0809326171875,-0.7654766235351562,0.5352121398925781,0.0
,5948,,,,,-67.071533203125,36.0809326171875,-0.7915794799804687,0.5034122314453126,0.0
,5949,,,,,-69.3878173828125,30.0750732421875,-0.841920703125,0.43774075927734374,0.0
,5950,,,,,-67.6849365234375,30.0750732421875,-0.8656411560058594,0.43090429687500004,0.0
,5951,,,,,-70.7427978515625,21.478271484375,-0.8956801574707032,0.41951019287109376,0.0
,5952,,,,,-68.206787109375,21.478271484375,-0.9073850097656251,0.39972588500976564,0.0
,5953,,,,,-72.98583984375,7.9010009765625,-0.9319341247558593,0.3540458862304688,0.0
,5954,,,,,-79.1656494140625,-7.928466796875,-0.9466428771972657,0.322349560546875,0.0
,5955,,,,,-73.93798828125,-3.167724609375,-0.9561724914550781,0.26330738525390623,0.0
,5956,,,,,-68.2525634765625,-3.167724609375,-0.9491288635253906,0.2279856628417969,0.0
,5957,,,,,-75.3021240234375,-15.380859375,-0.9504754394531251,0.15019500732421875,0.0
,5958,,,,,-69.10400390625,-15.380859375,-0.9563796569824219,0.100268115234375,0.0
,5959,,,,,-74.3316650390625,-24.4354248046875,-0.955550994873047,0.01180843505859375,0.0
,5960,,,,,-66.357421875,-24.4354248046875,-0.9427067321777344,-0.024134783935546876,0.0
,5961,,,,,-71.74072265625,-33.7738037109375,-0.9667379333496094,-0.11259446411132813,0.0
,5962,,,,,-63.427734375,-33.7738037109375,-0.945503466796875,-0.15309532470703124,0.0
,5963,,,,,-67.327880859375,-40.5303955078125,-0.9498539428710938,-0.20208997192382813,0.0
,5964,,,,,-57.7239990234375,-40.5303955078125,-0.9159823791503906,-0.25212044677734374,0.0
,5965,,,,,-60.4248046875,-45.1995849609375,-0.8967159851074219,-0.3508348205566406,0.0
,5966,,,,,-54.38232421875,-45.1995849609375,-0.8716489562988281,-0.391128515625,0.0
,5967,,,,,-57.0648193359375,-49.84130859375,-0.8738241943359375,-0.47513413696289064,0.0
,5968,,,,,-46.7010498046875,-49.84130859375,-0.8454425170898437,-0.49709368286132816,0.0
,5969,,,,,-48.0010986328125,-52.093505859375,-0.8146784362792969,-0.5329333190917969,0.0
,5970,,,,,-36.492919921875,-55.8563232421875,-0.8116745361328125,-0.5625579895019531,0.0
,5971,,,,,-38.470458984375,-59.2803955078125,-0.7626798889160157,-0.5980868774414063,0.0
,5972,,,,,-25.9368896484375,-63.0615234375,-0.7400988464355469,-0.6181819335937501,0.0
,5973,,,,,-28.216552734375,-67.0074462890625,-0.686960888671875,-0.6478066040039062,0.0
,5974,,,,,-17.669677734375,-70.367431640625,-0.6210822509765626,-0.6617902770996094,0.0
,5975,,,,,-19.134521484375,-72.894287109375,-0.5746771728515625,-0.7161712280273438,0.0
,5976,,,,,-9.539794921875,-74.578857421875,-0.5035158142089844,-0.7406167602539063,0.0
,5977,,,,,-10.1806640625,-75.6866455078125,-0.43194012451171876,-0.7771814758300781,0.0
,5978,,,,,-1.611328125,-76.7120361328125,-0.3651292419433594,-0.8143676879882813,0.0
,5979,,,,,-1.94091796875,-77.2796630859375,-0.3012186767578125,-0.8244152160644531,0.0
,5980,,,,,3.753662109375,-76.8310546875,-0.22612117309570312,-0.855179296875,0.0
,5981,,,,,3.8360595703125,-76.6937255859375,-0.16169269409179687,-0.8788997497558594,0.0
,5982,,,,,9.3017578125,-76.116943359375,-0.07934439697265626,-0.8822143981933595,0.0
,5983,,,,,10.0799560546875,-74.7894287109375,-0.02050938720703125,-0.8955765747070312,0.0
,5984,,,,,15.6829833984375,-73.20556640625,0.05293079223632813,-0.8987876403808595,0.0
,5985,,,,,16.644287109375,-71.5484619140625,0.06411773071289063,-0.9199185241699219,0.0
,5986,,,,,22.6318359375,-69.2779541015625,0.10503292236328125,-0.9108032409667969,0.0
,5987,,,,,28.656005859375,-66.7510986328125,0.12771754760742188,-0.9007557128906251,0.0
,5988,,,,,33.87451171875,-64.361572265625,0.1785766845703125,-0.8893616088867188,0.0
,5989,,,,,38.9007568359375,-62.14599609375,0.2183524658203125,-0.8705095458984375,0.0
,5990,,,,,45.99609375,-56.982421875,0.2939678833007813,-0.8347734924316407,0.0
,5991,,,,,49.237060546875,-56.982421875,0.3290824401855469,-0.8184074157714843,0.0
,5992,,,,,54.0802001953125,-52.2674560546875,0.3791129150390625,-0.7850537658691407,0.0
,5993,,,,,55.5999755859375,-52.2674560546875,0.4434378112792969,-0.7475568054199219,0.0
,5994,,,,,61.065673828125,-45.15380859375,0.5298258361816407,-0.7040520446777344,0.0
,5995,,,,,61.8072509765625,-45.15380859375,0.5801670593261719,-0.6896540405273438,0.0
,5996,,,,,65.899658203125,-38.1317138671875,0.6570254699707031,-0.6257434753417969,0.0
,5997,,,,,65.5517578125,-38.1317138671875,0.709334765625,-0.5839996215820312,0.0
,5998,,,,,68.2525634765625,-32.354736328125,0.7874361694335937,-0.5252681945800781,0.0
,5999,,,,,67.1539306640625,-32.354736328125,0.8156106811523438,-0.4952291931152344,0.0
,6000,,,,,69.635009765625,-26.220703125,0.8587011108398438,-0.45762864990234375,0.0
,6001,,,,,67.8131103515625,-26.220703125,0.8954729919433594,-0.42044243774414064,0.0
,6002,,,,,72.4639892578125,-14.703369140625,0.8744456909179688,-0.406873095703125,0.0
,6003,,,,,69.927978515625,-14.703369140625,0.8940228332519532,-0.37310511474609376,0.0
,6004,,,,,77.105712890625,2.7557373046875,0.8980625610351562,-0.3396478820800781,0.0
,6005,,,,,74.2034912109375,2.7557373046875,0.9186755310058594,-0.2961431213378906,0.0
,6006,,,,,75.87890625,10.986328125,0.9292409729003906,-0.24124425659179688,0.0
,6007,,,,,68.4356689453125,10.986328125,0.96787734375,-0.16625033569335937,0.0
,6008,,,,,74.3865966796875,21.2860107421875,0.9490252807617188,-0.11135147094726563,0.0
,6009,,,,,67.822265625,21.2860107421875,0.9384598388671875,-0.061735327148437505,0.0
,6010,,,,,73.4344482421875,31.0089111328125,0.927272900390625,0.013362176513671876,0.0
,6011,,,,,64.41650390625,31.0089111328125,0.9494396118164062,0.09943945312500001,0.0
,6012,,,,,68.8568115234375,38.6993408203125,0.9168110412597656,0.15651355590820312,0.0
,6013,,,,,61.2762451171875,38.6993408203125,0.9021022888183594,0.2249817626953125,0.0
,6014,,,,,64.2333984375,43.8262939453125,0.8916404296875,0.2828845275878906,0.0
,6015,,,,,57.3394775390625,43.8262939453125,0.8856326293945312,0.35736053466796874,0.0
,6016,,,,,60.333251953125,49.017333984375,0.8755851013183594,0.4372228454589844,0.0
,6017,,,,,53.6773681640625,49.017333984375,0.8530040588378907,0.48652824096679687,0.0
,6018,,,,,54.0618896484375,49.69482421875,0.8549721313476563,0.552717626953125,0.0
,6019,,,,,42.00439453125,53.6773681640625,0.7964478698730469,0.54525966796875,0.0
,6020,,,,,22.2381591796875,57.6141357421875,0.794686962890625,0.5971546325683594,0.0
,6021,,,,,32.3089599609375,60.68115234375,0.7529431091308594,0.6047161743164062,0.0
,6022,,,,,34.38720703125,64.2791748046875,0.7445529052734375,0.6523642456054688,0.0
,6023,,,,,22.81494140625,67.7581787109375,0.6560932250976562,0.6590971252441407,0.0
,6024,,,,,24.5086669921875,70.6878662109375,0.6174568542480469,0.6863393920898437,0.0
,6025,,,,,15.3350830078125,72.857666015625,0.51211318359375,0.682817578125,0.0
,6026,,,,,16.424560546875,74.74365234375,0.4777237060546875,0.7559470092773438,0.0
,6027,,,,,6.500244140625,76.4923095703125,0.4064587646484375,0.7937547180175781,0.0
,6028,,,,,7.0587158203125,77.4627685546875,0.36564715576171875,0.8430601135253907,0.0
,6029,,,,,1.263427734375,77.9937744140625,0.2751158203125,0.8531076416015625,0.0
,6030,,,,,1.3641357421875,78.167724609375,0.21969904174804689,0.8847003845214844,0.0
,6031,,,,,-4.2938232421875,77.6824951171875,0.13496834106445313,0.9072814270019531,0.0
,6032,,,,,-4.6875,77.01416015625,0.09332807006835937,0.9335914489746094,0.0
,6033,,,,,-11.0504150390625,75.604248046875,0.027449432373046877,0.9315197937011719,0.0
,6034,,,,,-12.0758056640625,73.8372802734375,-0.0078722900390625,0.9473679565429688,0.0
,6035,,,,,-15.5731201171875,71.44775390625,-0.07696199340820313,0.937216845703125,0.0
,6036,,,,,-21.5423583984375,68.865966796875,-0.1160126953125,0.9257191589355469,0.0
,6037,,,,,-27.2552490234375,66.39404296875,-0.14853768310546875,0.9225080932617188,0.0
,6038,,,,,-32.3638916015625,64.16015625,-0.17557278442382812,0.8992019714355469,0.0
,6039,,,,,-37.8753662109375,61.6790771484375,-0.22353160400390626,0.8669877319335938,0.0
,6040,,,,,-43.4051513671875,59.1705322265625,-0.29966493530273436,0.8164393432617187,0.0
,6041,,,,,-49.3743896484375,54.6844482421875,-0.35549604492187503,0.80048759765625,0.0
,6042,,,,,-51.7181396484375,54.6844482421875,-0.4067695129394531,0.7609189819335938,0.0
,6043,,,,,-57.275390625,48.8616943359375,-0.4766878784179688,0.7291190734863281,0.0
,6044,,,,,-58.612060546875,48.8616943359375,-0.5470205749511718,0.6865465576171875,0.0
,6045,,,,,-63.5101318359375,41.9036865234375,-0.5997442016601563,0.6684195739746094,0.0
,6046,,,,,-63.8763427734375,41.9036865234375,-0.6746345397949219,0.6069949951171875,0.0
,6047,,,,,-68.6004638671875,33.1512451171875,-0.7207288696289063,0.5791312316894531,0.0
,6048,,,,,-67.547607421875,33.1512451171875,-0.7712772583007813,0.5430844299316406,0.0
,6049,,,,,-69.6533203125,27.593994140625,-0.8201683227539063,0.4953327758789063,0.0
,6050,,,,,-67.913818359375,27.593994140625,-0.8561115417480469,0.4600110534667969,0.0
,6051,,,,,-70.8343505859375,19.4549560546875,-0.8870827880859375,0.4283147277832031,0.0
,6052,,,,,-90.8294677734375,-19.482421875,-0.8969231506347657,0.41826719970703125,0.0
,6053,,,,,-80.6671142578125,-6.8939208984375,-0.9294481384277344,0.3581891967773438,0.0
,6054,,,,,-77.6824951171875,-6.8939208984375,-0.9464357116699219,0.3456556823730469,0.0
,6055,,,,,-74.1302490234375,-6.1431884765625,-0.9428103149414063,0.2888923278808594,0.0
,6056,,,,,-67.0166015625,-6.1431884765625,-0.9378383422851563,0.24331591186523438,0.0
,6057,,,,,-73.3245849609375,-17.0745849609375,-0.940531494140625,0.17049722900390626,0.0
,6058,,,,,-67.2821044921875,-17.0745849609375,-0.91650029296875,0.13652208251953124,0.0
,6059,,,,,-72.821044921875,-26.6693115234375,-0.9442604736328125,0.029728253173828125,0.0
,6060,,,,,-65.0665283203125,-26.6693115234375,-0.9260299072265625,-0.014605169677734375,0.0
,6061,,,,,-69.964599609375,-35.15625,-0.9161895446777344,-0.09146358032226563,0.0
,6062,,,,,-63.0615234375,-35.15625,-0.8907081848144531,-0.13641849975585937,0.0
,6063,,,,,-66.39404296875,-40.924072265625,-0.9063491821289062,-0.22228861083984375,0.0
,6064,,,,,-59.271240234375,-40.924072265625,-0.8803499084472657,-0.2876493347167969,0.0
,6065,,,,,-61.5875244140625,-44.9249267578125,-0.8657447387695313,-0.36823672485351566,0.0
,6066,,,,,-55.5633544921875,-44.9249267578125,-0.8307337646484375,-0.39879364013671875,0.0
,6067,,,,,-58.3648681640625,-49.7772216796875,-0.8184074157714843,-0.476480712890625,0.0
,6068,,,,,-46.76513671875,-49.7772216796875,-0.801316259765625,-0.4939861999511719,0.0
,6069,,,,,-48.0560302734375,-52.0111083984375,-0.7746954895019531,-0.5414271057128907,0.0
,6070,,,,,-37.3992919921875,-55.4534912109375,-0.7650622924804688,-0.5783025695800782,0.0
,6071,,,,,-39.532470703125,-59.14306640625,-0.7266330871582032,-0.6077200744628907,0.0
,6072,,,,,-27.392578125,-63.336181640625,-0.6756703674316407,-0.6147637023925782,0.0
,6073,,,,,-29.534912109375,-67.0440673828125,-0.63806982421875,-0.6519499145507812,0.0
,6074,,,,,-20.4071044921875,-69.5892333984375,-0.5780954040527344,-0.6548502319335938,0.0
,6075,,,,,-21.826171875,-72.052001953125,-0.5270291015625,-0.7037412963867188,0.0
,6076,,,,,-11.810302734375,-73.93798828125,-0.4728553161621094,-0.7458994812011719,0.0
,6077,,,,,-12.6251220703125,-75.3387451171875,-0.42085676879882816,-0.7987266906738282,0.0
,6078,,,,,-4.7882080078125,-75.6500244140625,-0.3355045715332031,-0.8189253295898438,0.0
,6079,,,,,-4.852294921875,-75.76904296875,-0.24766638793945314,-0.8220328125,0.0
,6080,,,,,1.1077880859375,-75.531005859375,-0.2022971374511719,-0.8622229248046875,0.0
,6081,,,,,1.57470703125,-74.7161865234375,-0.14107972412109376,-0.8885329467773437,0.0
,6082,,,,,7.086181640625,-73.9013671875,-0.05779918212890625,-0.9048990234375001,0.0
,6083,,,,,7.635498046875,-72.94921875,-0.03138557739257813,-0.9285158935546876,0.0
,6084,,,,,14.4195556640625,-71.1456298828125,0.030867663574218752,-0.9153608825683595,0.0
,6085,,,,,15.56396484375,-69.158935546875,0.055831109619140624,-0.9115283203125,0.0
,6086,,,,,21.38671875,-66.9708251953125,0.10006094970703125,-0.9055205200195313,0.0
,6087,,,,,26.66015625,-65.0848388671875,0.1106263916015625,-0.9228188415527344,0.0
,6088,,,,,32.318115234375,-62.8692626953125,0.15433831787109376,-0.8945407470703125,0.0
,6089,,,,,38.5345458984375,-60.16845703125,0.17774802246093752,-0.8718561218261719,0.0
,6090,,,,,45.3277587890625,-55.37109375,0.24352307739257814,-0.8266940368652343,0.0
,6091,,,,,48.1842041015625,-55.37109375,0.2692116027832031,-0.8184074157714843,0.0
,6092,,,,,54.034423828125,-49.4659423828125,0.3416159545898438,-0.7830856933593751,0.0
,6093,,,,,55.938720703125,-49.4659423828125,0.3933037536621094,-0.7450708190917968,0.0
,6094,,,,,61.12060546875,-43.2586669921875,0.48342075805664064,-0.7162748107910156,0.0
,6095,,,,,61.85302734375,-43.2586669921875,0.5472277404785156,-0.6682124084472656,0.0
,6096,,,,,66.8975830078125,-35.2935791015625,0.6154887817382813,-0.6247076477050781,0.0
,6097,,,,,66.6961669921875,-35.2935791015625,0.678674267578125,-0.5864856079101562,0.0
,6098,,,,,69.268798828125,-29.736328125,0.7402024291992187,-0.5346942260742188,0.0
,6099,,,,,68.2891845703125,-29.736328125,0.7819462829589844,-0.4932611206054688,0.0
,6100,,,,,70.7427978515625,-22.705078125,0.8067025634765626,-0.46891917114257814,0.0
,6101,,,,,68.0694580078125,-22.705078125,0.8232758056640626,-0.44437005615234376,0.0
,6102,,,,,71.9879150390625,-11.865234375,0.8616014282226563,-0.3974470642089844,0.0
,6103,,,,,69.561767578125,-11.865234375,0.8720632873535157,-0.3610895141601563,0.0
,6104,,,,,75.9796142578125,3.4698486328125,0.8591154418945313,-0.3351938232421875,0.0
,6105,,,,,72.857666015625,3.4698486328125,0.8925726745605469,-0.2751158203125,0.0
,6106,,,,,74.6978759765625,11.846923828125,0.8877042846679688,-0.22974656982421876,0.0
,6107,,,,,69.1131591796875,11.846923828125,0.8799355773925781,-0.17515845336914063,0.0
,6108,,,,,74.9359130859375,21.9268798828125,0.87340986328125,-0.10472217407226563,0.0
,6109,,,,,67.8131103515625,21.9268798828125,0.9030345336914063,-0.023513287353515627,0.0
,6110,,,,,72.674560546875,30.3497314453125,0.8694737182617188,0.0236168701171875,0.0
,6111,,,,,66.0003662109375,30.3497314453125,0.8777603393554688,0.09353523559570313,0.0
,6112,,,,,70.953369140625,38.9373779296875,0.8729955322265626,0.18738121948242187,0.0
,6113,,,,,62.3565673828125,38.9373779296875,0.8630515869140625,0.2581282470703125,0.0
,6114,,,,,64.34326171875,42.388916015625,0.84689267578125,0.3145808532714844,0.0
,6115,,,,,60.0494384765625,42.388916015625,0.8421278686523438,0.3807702392578125,0.0
,6116,,,,,63.1256103515625,47.71728515625,0.8423350341796876,0.44954919433593754,0.0
,6117,,,,,53.7872314453125,47.71728515625,0.8445102722167969,0.49802592773437504,0.0
,6118,,,,,56.5704345703125,52.532958984375,0.8275226989746094,0.5525104614257813,0.0
,6119,,,,,44.110107421875,52.532958984375,0.7704485961914063,0.5541677856445313,0.0
,6120,,,,,18.6859130859375,56.2408447265625,0.7541861022949219,0.5874178527832031,0.0
,6121,,,,,32.5836181640625,60.0494384765625,0.7061236999511719,0.59166474609375,0.0
,6122,,,,,34.7625732421875,63.83056640625,0.7016696411132812,0.6470815246582031,0.0
,6123,,,,,25.0030517578125,66.8060302734375,0.60823798828125,0.6375519104003906,0.0
,6124,,,,,26.495361328125,69.3878173828125,0.5960152221679688,0.6784671020507813,0.0
,6125,,,,,16.497802734375,71.466064453125,0.5212284667968751,0.6801244262695313,0.0
,6126,,,,,17.523193359375,73.2513427734375,0.5027907348632813,0.779771044921875,0.0
,6127,,,,,8.67919921875,74.1668701171875,0.41640270996093753,0.8162321777343751,0.0
,6128,,,,,8.9263916015625,74.6063232421875,0.38563862915039065,0.88335380859375,0.0
,6129,,,,,-0.1922607421875,74.7802734375,0.28837441406250003,0.8727883666992188,0.0
,6130,,,,,-0.29296875,74.6063232421875,0.23192180786132813,0.8958873229980469,0.0
,6131,,,,,-4.705810546875,73.8555908203125,0.14936634521484377,0.9155680480957031,0.0
,6132,,,,,-5.0079345703125,73.3428955078125,0.10575800170898438,0.9375275939941407,0.0
,6133,,,,,-12.176513671875,72.18017578125,0.058938592529296875,0.9527542602539063,0.0
,6134,,,,,-13.0279541015625,70.7061767578125,0.01760906982421875,0.9497503601074219,0.0
,6135,,,,,-20.0592041015625,69.287109375,-0.048373150634765626,0.9246833312988282,0.0
,6136,,,,,-20.9930419921875,67.67578125,-0.08845968017578125,0.9249940795898438,0.0
,6137,,,,,-26.7425537109375,65.33203125,-0.13558983764648438,0.9128748962402344,0.0
,6138,,,,,-33.544921875,62.6312255859375,-0.146673193359375,0.9048990234375001,0.0
,6139,,,,,-41.1346435546875,57.8338623046875,-0.1985681579589844,0.8787961669921875,0.0
,6140,,,,,-44.5953369140625,57.8338623046875,-0.2710760925292969,0.8305265991210937,0.0
,6141,,,,,-51.4617919921875,51.30615234375,-0.31427010498046876,0.8167500915527344,0.0
,6142,,,,,-53.8238525390625,51.30615234375,-0.37414094238281254,0.7829821105957031,0.0
,6143,,,,,-59.3994140625,45.172119140625,-0.4409518249511719,0.7472460571289062,0.0
,6144,,,,,-60.662841796875,45.172119140625,-0.501340576171875,0.6932794372558594,0.0
,6145,,,,,-65.679931640625,37.939453125,-0.5758165832519532,0.6378626586914062,0.0
,6146,,,,,-66.064453125,37.939453125,-0.6344444274902344,0.6006764465332032,0.0
,6147,,,,,-70.12939453125,31.16455078125,-0.6702840637207031,0.5749879211425781,0.0
,6148,,,,,-69.3511962890625,31.16455078125,-0.7109920898437501,0.5548928649902344,0.0
,6149,,,,,-70.916748046875,26.898193359375,-0.7710700927734375,0.491396630859375,0.0
,6150,,,,,-69.6533203125,26.898193359375,-0.8086706359863282,0.44944561157226565,0.0
,6151,,,,,-72.967529296875,17.4957275390625,-0.8564222900390626,0.4211675170898438,0.0
,6152,,,,,-90.985107421875,-17.523193359375,-0.8923655090332031,0.385327880859375,0.0
,6153,,,,,-82.6080322265625,-6.5093994140625,-0.9028273681640625,0.3236961364746094,0.0
,6154,,,,,-79.8797607421875,-6.5093994140625,-0.8952658264160156,0.2994577697753906,0.0
,6155,,,,,-76.7303466796875,-6.6650390625,-0.904070361328125,0.24373024291992187,0.0
,6156,,,,,-70.697021484375,-6.6650390625,-0.9215758483886719,0.19742874755859374,0.0
,6157,,,,,-76.4739990234375,-16.6717529296875,-0.928930224609375,0.1321716064453125,0.0
,6158,,,,,-70.733642578125,-16.6717529296875,-0.9144286376953126,0.10492933959960937,0.0
,6159,,,,,-76.2725830078125,-26.275634765625,-0.9121498168945312,0.010979772949218751,0.0
,6160,,,,,-68.4173583984375,-26.275634765625,-0.8987876403808595,-0.03407872924804688,0.0
,6161,,,,,-72.9400634765625,-34.1217041015625,-0.9302768005371094,-0.130099951171875,0.0
,6162,,,,,-66.1468505859375,-34.1217041015625,-0.8928834228515625,-0.1491591796875,0.0
,6163,,,,,-69.2413330078125,-39.4866943359375,-0.8928834228515625,-0.2287107421875,0.0
,6164,,,,,-62.347412109375,-39.4866943359375,-0.8818000671386719,-0.30722647705078127,0.0
,6165,,,,,-65.277099609375,-44.5587158203125,-0.8622229248046875,-0.38636370849609375,0.0
,6166,,,,,-58.6944580078125,-44.5587158203125,-0.8578724487304688,-0.43484044189453125,0.0
,6167,,,,,-61.5325927734375,-49.4842529296875,-0.842024285888672,-0.48839273071289063,0.0
,6168,,,,,-48.8525390625,-49.4842529296875,-0.8225507263183593,-0.5066232971191407,0.0
,6169,,,,,-50.72021484375,-52.716064453125,-0.8276262817382812,-0.5664941345214843,0.0
,6170,,,,,-39.7064208984375,-56.011962890625,-0.8053559875488282,-0.5939435668945313,0.0
,6171,,,,,-41.619873046875,-59.3353271484375,-0.7702414306640625,-0.6429382141113281,0.0
,6172,,,,,-28.89404296875,-62.640380859375,-0.7595724060058594,-0.6854071472167969,0.0
,6173,,,,,-31.01806640625,-66.32080078125,-0.6897576232910156,-0.7097490966796876,0.0
,6174,,,,,-20.4345703125,-69.158935546875,-0.6397271484375,-0.74248125,0.0
,6175,,,,,-21.56982421875,-71.1273193359375,-0.5829637939453125,-0.7780101379394532,0.0
,6176,,,,,-11.2335205078125,-72.930908203125,-0.4995796691894531,-0.7861931762695312,0.0
,6177,,,,,-12.139892578125,-74.505615234375,-0.44830620117187503,-0.8247259643554687,0.0
,6178,,,,,-3.314208984375,-75.494384765625,-0.3991043884277344,-0.8719597045898437,0.0
,6179,,,,,-3.4332275390625,-75.7049560546875,-0.31768833618164066,-0.8771388427734376,0.0
,6180,,,,,4.3121337890625,-75.5859375,-0.24279799804687502,-0.9071778442382813,0.0
,6181,,,,,4.5135498046875,-75.238037109375,-0.1836522399902344,-0.922404510498047,0.0
,6182,,,,,10.0341796875,-74.3682861328125,-0.11238729858398439,-0.9176397033691407,0.0
,6183,,,,,10.455322265625,-73.64501953125,-0.047337322998046875,-0.9173289550781251,0.0
,6184,,,,,17.4407958984375,-72.36328125,0.00932244873046875,-0.9271693176269532,0.0
,6185,,,,,18.5302734375,-70.477294921875,0.028899591064453126,-0.9418780700683594,0.0
,6186,,,,,23.69384765625,-67.6849365234375,0.09011700439453126,-0.9252012451171875,0.0
,6187,,,,,29.1046142578125,-65.203857421875,0.09581405639648438,-0.9350416076660156,0.0
,6188,,,,,34.7076416015625,-62.8509521484375,0.13952598266601562,-0.9328663696289062,0.0
,6189,,,,,40.2008056640625,-60.2691650390625,0.16894348754882813,-0.9177432861328125,0.0
,6190,,,,,48.0194091796875,-53.759765625,0.25450285034179687,-0.8834573913574219,0.0
,6191,,,,,51.0772705078125,-53.759765625,0.30266883544921874,-0.844406689453125,0.0
,6192,,,,,56.50634765625,-48.577880859375,0.3520778137207031,-0.8174751708984376,0.0
,6193,,,,,58.502197265625,-48.577880859375,0.3970327331542969,-0.7802889587402344,0.0
,6194,,,,,64.2974853515625,-42.15087890625,0.46695109863281253,-0.7371985290527344,0.0
,6195,,,,,65.4327392578125,-42.15087890625,0.5271326843261719,-0.6859250610351563,0.0
,6196,,,,,69.8455810546875,-35.0738525390625,0.5870035217285157,-0.6409701416015625,0.0
,6197,,,,,70.0103759765625,-35.0738525390625,0.66458701171875,-0.5859676940917969,0.0
,6198,,,,,72.4090576171875,-30.28564453125,0.721764697265625,-0.5329333190917969,0.0
,6199,,,,,71.3470458984375,-30.28564453125,0.7743847412109375,-0.5005119140625001,0.0
,6200,,,,,73.3062744140625,-24.5361328125,0.8274191162109376,-0.47233740234375,0.0
,6201,,,,,70.9075927734375,-24.5361328125,0.8754815185546875,-0.4028333679199219,0.0
,6202,,,,,75.5035400390625,-12.689208984375,0.9029309509277345,-0.37300153198242186,0.0
,6203,,,,,72.6837158203125,-12.689208984375,0.9293445556640625,-0.3351938232421875,0.0
,6204,,,,,78.717041015625,2.67333984375,0.9246833312988282,-0.31344144287109377,0.0
,6205,,,,,75.732421875,2.67333984375,0.955550994873047,-0.25874974365234377,0.0
,6206,,,,,77.581787109375,11.1053466796875,0.9152572998046875,-0.21369124145507812,0.0
,6207,,,,,71.44775390625,11.1053466796875,0.9209543518066406,-0.15599564208984376,0.0
,6208,,,,,77.3529052734375,21.3409423828125,0.9254084106445313,-0.06898612060546876,0.0
,6209,,,,,71.5118408203125,21.3409423828125,0.9518220153808594,0.007354376220703125,0.0
,6210,,,,,75.677490234375,28.546142578125,0.938977752685547,0.07520108642578126,0.0
,6211,,,,,67.3736572265625,28.546142578125,0.94136015625,0.14532661743164063,0.0
,6212,,,,,72.65625,37.6922607421875,0.9331771179199219,0.2117231689453125,0.0
,6213,,,,,64.178466796875,37.6922607421875,0.9422924011230469,0.29044606933593753,0.0
,6214,,,,,65.7440185546875,40.411376953125,0.9327627868652344,0.3460700134277344,0.0
,6215,,,,,59.344482421875,40.411376953125,0.9200221069335938,0.40832325439453127,0.0
,6216,,,,,62.6678466796875,46.160888671875,0.9055205200195313,0.46726184692382816,0.0
,6217,,,,,54.2266845703125,46.160888671875,0.9004449645996094,0.5277541809082031,0.0
,6218,,,,,56.597900390625,50.2716064453125,0.9084208374023438,0.5838960388183594,0.0
,6219,,,,,41.85791015625,50.2716064453125,0.8531076416015625,0.5770595764160157,0.0
,6220,,,,,18.71337890625,54.6661376953125,0.850310906982422,0.62481123046875,0.0
,6221,,,,,31.1737060546875,58.8226318359375,0.7723130859375,0.6064770812988282,0.0
,6222,,,,,33.2427978515625,62.4114990234375,0.7626798889160157,0.6515355834960938,0.0
,6223,,,,,22.7142333984375,65.8538818359375,0.6555753112792969,0.6529857421875,0.0
,6224,,,,,24.4537353515625,68.865966796875,0.6361017517089844,0.6937973510742188,0.0
,6225,,,,,14.3463134765625,70.587158203125,0.5635938171386718,0.7262187561035156,0.0
,6226,,,,,15.1702880859375,72.0062255859375,0.5288935913085938,0.7976908630371095,0.0
,6227,,,,,5.7769775390625,72.9949951171875,0.4509993530273438,0.8253474609375,0.0
,6228,,,,,6.097412109375,73.5443115234375,0.4117414855957031,0.8617050109863281,0.0
,6229,,,,,-2.34375,74.102783203125,0.3336400817871094,0.8666769836425782,0.0
,6230,,,,,-2.4627685546875,73.8922119140625,0.2706617614746094,0.8975446472167969,0.0
,6231,,,,,-7.7178955078125,73.2147216796875,0.17878385009765627,0.8976482299804688,0.0
,6232,,,,,-8.0841064453125,72.5738525390625,0.12025958862304688,0.9138071411132813,0.0
,6233,,,,,-14.1082763671875,71.502685546875,0.0774799072265625,0.9464357116699219,0.0
,6234,,,,,-14.9322509765625,70.0653076171875,0.051687799072265624,0.9619731262207032,0.0
,6235,,,,,-18.3197021484375,68.00537109375,-0.024134783935546876,0.9343165283203125,0.0
,6236,,,,,-23.6572265625,65.9454345703125,-0.0799658935546875,0.9030345336914063,0.0
,6237,,,,,-28.7567138671875,63.482666015625,-0.11746285400390626,0.8878078674316406,0.0
,6238,,,,,-34.2498779296875,61.19384765625,-0.1708079772949219,0.8505180725097656,0.0
,6239,,,,,-42.07763671875,55.755615234375,-0.214623486328125,0.827833447265625,0.0
,6240,,,,,-46.014404296875,55.755615234375,-0.24890938110351563,0.8025592529296875,0.0
,6241,,,,,-51.5899658203125,51.361083984375,-0.3133378601074219,0.7782173034667969,0.0
,6242,,,,,-54.01611328125,51.361083984375,-0.3742445251464844,0.7479711364746094,0.0
,6243,,,,,-59.2803955078125,45.904541015625,-0.44861694946289066,0.6936937683105469,0.0
,6244,,,,,-61.12060546875,45.904541015625,-0.5156349975585938,0.6469779418945313,0.0
,6245,,,,,-65.8172607421875,39.788818359375,-0.5773703247070313,0.6065806640625,0.0
,6246,,,,,-66.0552978515625,39.788818359375,-0.6251219787597656,0.57011953125,0.0
,6247,,,,,-69.580078125,34.09423828125,-0.6854071472167969,0.5214356323242187,0.0
,6248,,,,,-69.0032958984375,34.09423828125,-0.7236291870117187,0.5089021179199219,0.0
,6249,,,,,-70.7977294921875,29.18701171875,-0.7956192077636719,0.45369250488281254,0.0
,6250,,,,,-69.25048828125,29.18701171875,-0.8317695922851562,0.4397088317871094,0.0
,6251,,,,,-72.8851318359375,19.610595703125,-0.8636730834960937,0.39257867431640625,0.0
,6252,,,,,-92.8070068359375,-19.6380615234375,-0.8955765747070312,0.37186212158203125,0.0
,6253,,,,,-83.1939697265625,-7.7362060546875,-0.9161895446777344,0.31654892578125,0.0
,6254,,,,,-80.5755615234375,-7.7362060546875,-0.9242690002441406,0.29893985595703126,0.0
,6255,,,,,-75.4669189453125,-3.2867431640625,-0.9419816528320313,0.22860715942382814,0.0
,6256,,,,,-72.6470947265625,-3.2867431640625,-0.9353523559570313,0.20695836181640626,0.0
,6257,,,,,-75.62255859375,-14.1632080078125,-0.9534793395996094,0.12481723022460937,0.0
,6258,,,,,-69.561767578125,-14.1632080078125,-0.9507861877441407,0.07861931762695312,0.0
,6259,,,,,-74.8260498046875,-23.272705078125,-0.9476787048339844,-0.002175238037109375,0.0
,6260,,,,,-66.6412353515625,-23.272705078125,-0.9446748046875,-0.06639655151367188,0.0
,6261,,,,,-71.81396484375,-32.2265625,-0.9580369812011719,-0.14698394165039064,0.0
,6262,,,,,-63.7115478515625,-32.2265625,-0.932244873046875,-0.17360471191406252,0.0
,6263,,,,,-66.7144775390625,-37.4267578125,-0.9464357116699219,-0.259371240234375,0.0
,6264,,,,,-59.033203125,-37.4267578125,-0.9279979797363281,-0.3220388122558594,0.0
,6265,,,,,-62.457275390625,-43.3502197265625,-0.8954729919433594,-0.3909213500976563,0.0
,6266,,,,,-55.4718017578125,-43.3502197265625,-0.8631551696777344,-0.42261767578125004,0.0
,6267,,,,,-57.9437255859375,-47.625732421875,-0.8621193420410157,-0.4933647033691406,0.0
,6268,,,,,-47.1038818359375,-47.625732421875,-0.8346699096679687,-0.5198818908691406,0.0
,6269,,,,,-48.687744140625,-50.3631591796875,-0.8067025634765626,-0.5512674682617188,0.0
,6270,,,,,-36.9964599609375,-54.473876953125,-0.8018341735839845,-0.56846220703125,0.0
,6271,,,,,-38.96484375,-57.879638671875,-0.776456396484375,-0.6038875122070313,0.0
,6272,,,,,-26.4678955078125,-61.3128662109375,-0.7276689147949219,-0.6185962646484375,0.0
,6273,,,,,-28.619384765625,-65.0482177734375,-0.6657264221191407,-0.6411773071289063,0.0
,6274,,,,,-18.1640625,-68.2708740234375,-0.6255363098144532,-0.6771205261230469,0.0
,6275,,,,,-19.3634033203125,-70.34912109375,-0.5923898254394532,-0.72425068359375,0.0
,6276,,,,,-8.660888671875,-72.32666015625,-0.5258896911621094,-0.7579150817871094,0.0
,6277,,,,,-9.70458984375,-74.1302490234375,-0.46311853637695316,-0.7844322692871094,0.0
,6278,,,,,-0.84228515625,-74.96337890625,-0.4172313720703125,-0.8298015197753906,0.0
,6279,,,,,-0.9063720703125,-75.0640869140625,-0.33881921997070313,-0.8464783447265626,0.0
,6280,,,,,6.610107421875,-75.0823974609375,-0.2663112854003906,-0.8854254638671876,0.0
,6281,,,,,6.7108154296875,-74.908447265625,-0.19535709228515627,-0.8927798400878907,0.0
,6282,,,,,11.8927001953125,-74.1302490234375,-0.11922376098632813,-0.8913296813964844,0.0
,6283,,,,,12.5244140625,-73.040771484375,-0.04826956787109375,-0.8870827880859375,0.0
,6284,,,,,18.035888671875,-71.6033935546875,0.019887890625,-0.8864612915039063,0.0
,6285,,,,,19.1619873046875,-69.6441650390625,0.03542530517578125,-0.9069706787109375,0.0
,6286,,,,,24.5635986328125,-67.1173095703125,0.10171827392578126,-0.8992019714355469,0.0
,6287,,,,,29.55322265625,-65.0848388671875,0.11342312622070314,-0.9130820617675781,0.0
,6288,,,,,35.15625,-62.9058837890625,0.15796371459960937,-0.8923655090332031,0.0
,6289,,,,,41.0980224609375,-60.1318359375,0.181477001953125,-0.8581831970214844,0.0
,6290,,,,,47.64404296875,-55.33447265625,0.25129178466796875,-0.8251402954101563,0.0
,6291,,,,,50.3265380859375,-55.33447265625,0.31841341552734376,-0.7855716796875001,0.0
,6292,,,,,55.718994140625,-50.0885009765625,0.37714484252929686,-0.7470388916015626,0.0
,6293,,,,,57.9986572265625,-50.0885009765625,0.41961377563476565,-0.7074702758789063,0.0
,6294,,,,,63.1072998046875,-44.3572998046875,0.49295037231445316,-0.6730807983398438,0.0
,6295,,,,,64.0045166015625,-44.3572998046875,0.5644224792480469,-0.6363089172363281,0.0
,6296,,,,,68.00537109375,-38.7451171875,0.6242933166503907,-0.6021266052246094,0.0
,6297,,,,,67.96875,-38.7451171875,0.6889289611816406,-0.5479528198242187,0.0
,6298,,,,,70.257568359375,-33.3251953125,0.7435170776367188,-0.4997868347167969,0.0
,6299,,,,,68.792724609375,-33.3251953125,0.794686962890625,-0.46270420532226564,0.0
,6300,,,,,71.1090087890625,-26.6876220703125,0.8358093200683594,-0.44312706298828125,0.0
,6301,,,,,68.7469482421875,-26.6876220703125,0.8865648742675781,-0.4044906921386719,0.0
,6302,,,,,73.3428955078125,-14.2547607421875,0.9199185241699219,-0.364611328125,0.0
,6303,,,,,70.7427978515625,-14.2547607421875,0.9213686828613281,-0.3456556823730469,0.0
,6304,,,,,74.853515625,-2.2796630859375,0.9073850097656251,-0.3174811706542969,0.0
,6305,,,,,72.235107421875,-2.2796630859375,0.9212651000976563,-0.2705581787109375,0.0
,6306,,,,,76.300048828125,8.9080810546875,0.9429138977050782,-0.19618575439453126,0.0
,6307,,,,,69.43359375,8.9080810546875,0.9419816528320313,-0.14429078979492188,0.0
,6308,,,,,75.0274658203125,18.585205078125,0.9307947143554688,-0.09281015625,0.0
,6309,,,,,68.6279296875,18.585205078125,0.9648734436035157,-0.0053863037109375,0.0
,6310,,,,,73.9105224609375,27.7313232421875,0.9576226501464844,0.06463564453125001,0.0
,6311,,,,,65.22216796875,27.7313232421875,0.9519255981445313,0.10751890869140625,0.0
,6312,,,,,70.1751708984375,36.309814453125,0.9333842834472657,0.1744333740234375,0.0
,6313,,,,,61.395263671875,36.309814453125,0.9383562561035157,0.2652754577636719,0.0
,6314,,,,,64.74609375,42.1142578125,0.9133928100585937,0.328978857421875,0.0
,6315,,,,,57.6507568359375,42.1142578125,0.8914332641601562,0.37610901489257814,0.0
,6316,,,,,60.4339599609375,46.9390869140625,0.8903974365234375,0.44644171142578126,0.0
,6317,,,,,53.5400390625,46.9390869140625,0.9011700439453125,0.5144955871582031,0.0
,6318,,,,,56.2957763671875,51.7181396484375,0.8978553955078126,0.5641117309570313,0.0
,6319,,,,,41.839599609375,51.7181396484375,0.841920703125,0.5475384887695313,0.0
,6320,,,,,20.0775146484375,55.535888671875,0.8490679138183594,0.6021266052246094,0.0
,6321,,,,,31.3201904296875,59.1339111328125,0.7850537658691407,0.5910432495117187,0.0
,6322,,,,,33.43505859375,62.80517578125,0.7685841064453125,0.6282294616699219,0.0
,6323,,,,,20.7000732421875,66.4764404296875,0.6966976684570313,0.6386913208007813,0.0
,6324,,,,,22.613525390625,69.8089599609375,0.6754632019042969,0.6879967163085938,0.0
,6325,,,,,13.0279541015625,72.0062255859375,0.5762309143066406,0.6900683715820313,0.0
,6326,,,,,14.1357421875,73.9288330078125,0.5407020263671876,0.7619548095703125,0.0
,6327,,,,,4.5318603515625,75.2105712890625,0.43090429687500004,0.75739716796875,0.0
,6328,,,,,4.94384765625,75.91552734375,0.4057336853027344,0.8182002502441407,0.0
,6329,,,,,-3.3233642578125,76.35498046875,0.34617359619140625,0.8401597961425782,0.0
,6330,,,,,-3.057861328125,76.8218994140625,0.2669327819824219,0.8730991149902344,0.0
,6331,,,,,-7.94677734375,76.4923095703125,0.17826593627929688,0.8798319946289063,0.0
,6332,,,,,-8.38623046875,75.732421875,0.11673777465820313,0.9097674133300782,0.0
,6333,,,,,-14.0350341796875,74.67041015625,0.051791381835937504,0.9304839660644532,0.0
,6334,,,,,-14.8956298828125,73.1781005859375,0.022477459716796877,0.9424995666503907,0.0
,6335,,,,,-17.889404296875,71.0357666015625,-0.04536925048828125,0.9118390686035156,0.0
,6336,,,,,-23.84033203125,69.012451171875,-0.09964661865234375,0.8915368469238282,0.0
,6337,,,,,-29.5440673828125,66.68701171875,-0.13072144775390626,0.8867720397949219,0.0
,6338,,,,,-34.82666015625,64.398193359375,-0.16718258056640625,0.8694737182617188,0.0
,6339,,,,,-41.9769287109375,59.2529296875,-0.20934076538085938,0.8651232421875,0.0
,6340,,,,,-45.6756591796875,59.2529296875,-0.25709241943359373,0.8416099548339844,0.0
,6341,,,,,-51.416015625,54.583740234375,-0.3210029846191406,0.8148856018066406,0.0
,6342,,,,,-53.631591796875,54.583740234375,-0.4044906921386719,0.7497320434570313,0.0
,6343,,,,,-58.8592529296875,49.47509765625,-0.493053955078125,0.695247509765625,0.0
,6344,,,,,-60.260009765625,49.47509765625,-0.5446381713867188,0.6799172607421875,0.0
,6345,,,,,-65.5426025390625,41.5740966796875,-0.6083415710449219,0.6481173522949218,0.0
,6346,,,,,-65.7806396484375,41.5740966796875,-0.6660371704101563,0.60823798828125,0.0
,6347,,,,,-68.3258056640625,36.859130859375,-0.7296369873046875,0.5492993957519532,0.0
,6348,,,,,-67.34619140625,36.859130859375,-0.7850537658691407,0.5093164489746094,0.0
,6349,,,,,-70.27587890625,29.91943359375,-0.8412992065429687,0.45358892211914065,0.0
,6350,,,,,-68.609619140625,29.91943359375,-0.8917440124511719,0.43287236938476564,0.0
,6351,,,,,-71.4569091796875,21.3592529296875,-0.9235439208984375,0.39392525024414066,0.0
,6352,,,,,-69.2138671875,21.3592529296875,-0.9295517211914063,0.3860529602050781,0.0
,6353,,,,,-74.2950439453125,8.441162109375,-0.9331771179199219,0.33871563720703124,0.0
,6354,,,,,-80.7952880859375,-8.4686279296875,-0.9561724914550781,0.30556915283203123,0.0
,6355,,,,,-75.164794921875,-3.80859375,-0.9718134887695313,0.24093350830078125,0.0
,6356,,,,,-72.39990234375,-3.80859375,-0.9579333984375,0.22622475585937502,0.0
,6357,,,,,-75.933837890625,-14.666748046875,-0.9717099060058594,0.1321716064453125,0.0
,6358,,,,,-68.6920166015625,-14.666748046875,-0.9516148498535156,0.0998537841796875,0.0
,6359,,,,,-74.3133544921875,-24.3988037109375,-0.9600050537109376,0.015433831787109376,0.0
,6360,,,,,-67.218017578125,-24.3988037109375,-0.9584513122558594,-0.027035101318359376,0.0
,6361,,,,,-72.65625,-33.819580078125,-0.9575190673828126,-0.09995736694335938,0.0
,6362,,,,,-62.896728515625,-33.819580078125,-0.9419816528320313,-0.1542347351074219,0.0
,6363,,,,,-67.1722412109375,-41.2353515625,-0.94964677734375,-0.22363518676757813,0.0
,6364,,,,,-59.1522216796875,-41.2353515625,-0.9017915405273438,-0.27294058227539064,0.0
,6365,,,,,-61.99951171875,-46.1700439453125,-0.9089387512207031,-0.38615654296875,0.0
,6366,,,,,-54.8675537109375,-46.1700439453125,-0.8921583435058594,-0.43090429687500004,0.0
,6367,,,,,-57.5042724609375,-50.7476806640625,-0.8519682312011719,-0.46933350219726566,0.0
,6368,,,,,-48.1201171875,-50.7476806640625,-0.8156106811523438,-0.48590674438476567,0.0
,6369,,,,,-49.0631103515625,-52.3773193359375,-0.8185109985351563,-0.5506459716796875,0.0
,6370,,,,,-35.980224609375,-56.1492919921875,-0.8101207946777343,-0.570948193359375,0.0
,6371,,,,,-38.104248046875,-59.820556640625,-0.7713808410644531,-0.598397625732422,0.0
,6372,,,,,-26.7608642578125,-63.1439208984375,-0.7299477355957031,-0.6169389404296876,0.0
,6373,,,,,-28.8848876953125,-66.815185546875,-0.6924507751464843,-0.6632404357910157,0.0
,6374,,,,,-17.047119140625,-70.147705078125,-0.6522606628417968,-0.7071595275878907,0.0
,6375,,,,,-18.5760498046875,-72.7935791015625,-0.5889715942382813,-0.7381307739257813,0.0
,6376,,,,,-10.0982666015625,-74.6337890625,-0.4944005310058594,-0.7489033813476563,0.0
,6377,,,,,-10.894775390625,-76.0162353515625,-0.4185779479980469,-0.7710700927734375,0.0
,6378,,,,,-1.2451171875,-77.069091796875,-0.35301005859375,-0.7984159423828125,0.0
,6379,,,,,-1.611328125,-77.7099609375,-0.28951382446289065,-0.8214113159179688,0.0
,6380,,,,,3.0303955078125,-77.6458740234375,-0.2191811279296875,-0.847721337890625,0.0
,6381,,,,,3.167724609375,-77.398681640625,-0.13434684448242187,-0.859322607421875,0.0
,6382,,,,,9.5672607421875,-76.46484375,-0.05324154052734375,-0.8746528564453125,0.0
,6383,,,,,10.4644775390625,-74.908447265625,-0.023306121826171877,-0.8977518127441406,0.0
,6384,,,,,15.728759765625,-73.1048583984375,0.022063128662109376,-0.9173289550781251,0.0
,6385,,,,,16.900634765625,-71.08154296875,0.023720452880859375,-0.9494396118164062,0.0
,6386,,,,,22.6776123046875,-68.44482421875,0.08607727661132812,-0.9416709045410157,0.0
,6387,,,,,28.3538818359375,-66.192626953125,0.13486475830078126,-0.9161895446777344,0.0
,6388,,,,,33.599853515625,-63.629150390625,0.21016942749023437,-0.8862541259765625,0.0
,6389,,,,,38.6627197265625,-61.5325927734375,0.23067881469726564,-0.8620157592773438,0.0
,6390,,,,,44.8150634765625,-56.25,0.31147337036132816,-0.8296979370117188,0.0
,6391,,,,,47.900390625,-56.25,0.348866748046875,-0.8201683227539063,0.0
,6392,,,,,53.4942626953125,-51.1962890625,0.40604443359375003,-0.8064953979492188,0.0
,6393,,,,,55.078125,-51.1962890625,0.4477882873535156,-0.7803925415039062,0.0
,6394,,,,,60.3973388671875,-43.9178466796875,0.54525966796875,-0.7272545837402344,0.0
,6395,,,,,60.8551025390625,-43.9178466796875,0.6217037475585938,-0.6590971252441407,0.0
,6396,,,,,65.1763916015625,-36.822509765625,0.6754632019042969,-0.6285402099609375,0.0
,6397,,,,,64.63623046875,-36.822509765625,0.7121315002441406,-0.592493408203125,0.0
,6398,,,,,66.961669921875,-31.8878173828125,0.7562577575683594,-0.5489886474609376,0.0
,6399,,,,,66.1651611328125,-31.8878173828125,0.8044237426757813,-0.5074519592285156,0.0
,6400,,,,,68.4722900390625,-26.220703125,0.8613942626953125,-0.4583537292480469,0.0
,6401,,,,,66.6961669921875,-26.220703125,0.8881186157226563,-0.4090483337402344,0.0
,6402,,,,,71.0906982421875,-15.1153564453125,0.8905010192871095,-0.3832562255859375,0.0
,6403,,,,,68.66455078125,-15.1153564453125,0.9128748962402344,-0.34938466186523437,0.0
,6404,,,,,75.494384765625,2.2247314453125,0.9135999755859375,-0.32773586425781254,0.0
,6405,,,,,72.4365234375,2.2247314453125,0.9418780700683594,-0.28247019653320316,0.0
,6406,,,,,74.2950439453125,10.3271484375,0.9132892272949219,-0.2357543701171875,0.0
,6407,,,,,67.236328125,10.3271484375,0.9196077758789063,-0.18137341918945313,0.0
,6408,,,,,73.5443115234375,21.258544921875,0.9219901794433594,-0.11818793334960938,0.0
,6409,,,,,66.68701171875,21.258544921875,0.92312958984375,-0.063806982421875,0.0
,6410,,,,,71.4752197265625,29.55322265625,0.9152572998046875,0.0103582763671875,0.0
,6411,,,,,63.09814453125,29.55322265625,0.9333842834472657,0.07447600708007812,0.0
,6412,,,,,68.1884765625,38.3697509765625,0.9130820617675781,0.14066539306640624,0.0
,6413,,,,,60.3424072265625,38.3697509765625,0.9243725830078126,0.2075798583984375,0.0
,6414,,,,,62.7685546875,42.5628662109375,0.9097674133300782,0.28454185180664066,0.0
,6415,,,,,56.4239501953125,42.5628662109375,0.8878078674316406,0.3443091064453125,0.0
,6416,,,,,59.8846435546875,48.5504150390625,0.8890508605957032,0.43183654174804686,0.0
,6417,,,,,53.045654296875,48.5504150390625,0.8720632873535157,0.47730937500000004,0.0
,6418,,,,,55.316162109375,52.4871826171875,0.8452353515625001,0.5316903259277344,0.0
,6419,,,,,41.839599609375,52.4871826171875,0.7890934936523438,0.5334512329101563,0.0
,6420,,,,,21.0845947265625,56.524658203125,0.7999696838378907,0.6034731811523437,0.0
,6421,,,,,32.098388671875,60.3515625,0.7396845153808594,0.6039910949707031,0.0
,6422,,,,,33.9569091796875,63.57421875,0.7135816589355469,0.6265721374511719,0.0
,6423,,,,,22.6043701171875,66.705322265625,0.6247076477050781,0.6196320922851563,0.0
,6424,,,,,24.2889404296875,69.61669921875,0.6229467407226563,0.6826104125976563,0.0
,6425,,,,,14.97802734375,72.125244140625,0.5213320495605469,0.6532964904785157,0.0
,6426,,,,,15.9942626953125,73.8922119140625,0.4832135925292969,0.7200037902832032,0.0
,6427,,,,,6.756591796875,75.0,0.41008416137695314,0.7444493225097657,0.0
,6428,,,,,7.3333740234375,76.007080078125,0.37641976318359377,0.8133318603515626,0.0
,6429,,,,,1.0528564453125,76.702880859375,0.2789483825683594,0.829490771484375,0.0
,6430,,,,,1.0528564453125,76.702880859375,0.23451137695312502,0.8809714050292969,0.0
,6431,,,,,-4.486083984375,76.1444091796875,0.14781260375976563,0.8958873229980469,0.0
,6432,,,,,-4.79736328125,75.604248046875,0.0890811767578125,0.9195041931152345,0.0
,6433,,,,,-10.711669921875,74.432373046875,0.04329759521484375,0.9395992492675782,0.0
,6434,,,,,-11.773681640625,72.5921630859375,0.017091156005859375,0.9446748046875,0.0
,6435,,,,,-19.647216796875,70.49560546875,-0.06650013427734375,0.9201256896972656,0.0
,6436,,,,,-21.0205078125,68.1060791015625,-0.09125641479492187,0.9177432861328125,0.0
,6437,,,,,-26.9073486328125,65.679931640625,-0.13372534790039062,0.9090423339843751,0.0
,6438,,,,,-31.951904296875,63.6932373046875,-0.1823056640625,0.8940228332519532,0.0
,6439,,,,,-37.1429443359375,61.322021484375,-0.21887037963867187,0.8880150329589844,0.0
,6440,,,,,-42.51708984375,58.740234375,-0.29262130737304687,0.8400562133789062,0.0
,6441,,,,,-48.760986328125,54.0069580078125,-0.3481416687011719,0.7904400695800782,0.0
,6442,,,,,-51.0406494140625,54.0069580078125,-0.40014021606445316,0.7552219299316406,0.0
,6443,,,,,-56.5338134765625,47.75390625,-0.47927744750976564,0.7213503662109375,0.0
,6444,,,,,-58.0718994140625,47.75390625,-0.5345906433105468,0.6962833374023438,0.0
,6445,,,,,-62.7593994140625,41.0888671875,-0.5934256530761719,0.6606508666992188,0.0
,6446,,,,,-62.7593994140625,41.0888671875,-0.6575433837890625,0.6230503234863282,0.0
,6447,,,,,-66.8792724609375,33.94775390625,-0.7150318176269531,0.5769559936523437,0.0
,6448,,,,,-66.485595703125,33.94775390625,-0.741652587890625,0.5450525024414062,0.0
,6449,,,,,-69.580078125,27.685546875,-0.7837071899414063,0.49657576904296874,0.0
,6450,,,,,-68.3624267578125,27.685546875,-0.81706083984375,0.4769986267089844,0.0
,6451,,,,,-71.044921875,19.7479248046875,-0.8774495910644532,0.42075318603515627,0.0
,6452,,,,,-91.3421630859375,-19.775390625,-0.9061420166015626,0.38128815307617187,0.0
,6453,,,,,-81.3262939453125,-6.9580078125,-0.9067635131835938,0.3396478820800781,0.0
,6454,,,,,-78.18603515625,-6.9580078125,-0.9075921752929688,0.3303254333496094,0.0
,6455,,,,,-74.029541015625,-5.108642578125,-0.9463321289062501,0.26082139892578127,0.0
,6456,,,,,-67.236328125,-5.108642578125,-0.9269621520996094,0.24051917724609376,0.0
,6457,,,,,-74.4964599609375,-17.6788330078125,-0.9282051452636719,0.15941387329101564,0.0
,6458,,,,,-68.2159423828125,-17.6788330078125,-0.9328663696289062,0.10886548461914063,0.0
,6459,,,,,-73.1048583984375,-26.1474609375,-0.9308982971191406,0.027656597900390625,0.0
,6460,,,,,-65.7623291015625,-26.1474609375,-0.9037596130371094,0.01553741455078125,0.0
,6461,,,,,-70.9991455078125,-35.2294921875,-0.9073850097656251,-0.07364734497070313,0.0
,6462,,,,,-63.8031005859375,-35.2294921875,-0.8918475952148438,-0.13072144775390626,0.0
,6463,,,,,-67.034912109375,-40.8233642578125,-0.8919511779785156,-0.19794666137695313,0.0
,6464,,,,,-59.674072265625,-40.8233642578125,-0.8633623352050781,-0.2697295166015625,0.0
,6465,,,,,-62.6861572265625,-46.03271484375,-0.8651232421875,-0.3633683349609375,0.0
,6466,,,,,-56.0028076171875,-46.03271484375,-0.8351878234863281,-0.4015903747558594,0.0
,6467,,,,,-58.6578369140625,-50.628662109375,-0.8028700012207032,-0.4552462463378906,0.0
,6468,,,,,-48.0743408203125,-50.628662109375,-0.7915794799804687,-0.4819705993652344,0.0
,6469,,,,,-49.4110107421875,-52.9449462890625,-0.7941690490722656,-0.5484707336425781,0.0
,6470,,,,,-38.0035400390625,-56.87255859375,-0.7672375305175781,-0.5703266967773438,0.0
,6471,,,,,-40.0726318359375,-60.46142578125,-0.7431027465820312,-0.6117598022460937,0.0
,6472,,,,,-28.1707763671875,-63.922119140625,-0.6998051513671876,-0.6284366271972657,0.0
,6473,,,,,-30.322265625,-67.6483154296875,-0.6548502319335938,-0.6566111389160156,0.0
,6474,,,,,-20.416259765625,-70.6146240234375,-0.5922862426757812,-0.6878931335449219,0.0
,6475,,,,,-21.478271484375,-72.4456787109375,-0.5401841125488281,-0.7371985290527344,0.0
,6476,,,,,-11.75537109375,-74.01123046875,-0.4666403503417969,-0.766512451171875,0.0
,6477,,,,,-12.615966796875,-75.494384765625,-0.39796497802734376,-0.7873325866699219,0.0
,6478,,,,,-4.522705078125,-76.3824462890625,-0.32587137451171877,-0.8199611572265625,0.0
,6479,,,,,-4.632568359375,-76.57470703125,-0.26154647827148436,-0.8459604309082032,0.0
,6480,,,,,0.8056640625,-76.153564453125,-0.21203391723632814,-0.8806606567382813,0.0
,6481,,,,,1.0986328125,-75.6500244140625,-0.13227518920898437,-0.8995127197265625,0.0
,6482,,,,,7.159423828125,-74.615478515625,-0.046301495361328125,-0.897441064453125,0.0
,6483,,,,,7.9925537109375,-73.1597900390625,-0.013569342041015625,-0.914117889404297,0.0
,6484,,,,,14.6575927734375,-71.74072265625,0.04329759521484375,-0.9161895446777344,0.0
,6485,,,,,15.7745361328125,-69.7998046875,0.0691932861328125,-0.9072814270019531,0.0
,6486,,,,,21.533203125,-67.510986328125,0.11259446411132813,-0.9077993408203126,0.0
,6487,,,,,26.7333984375,-65.643310546875,0.11321596069335937,-0.9212651000976563,0.0
,6488,,,,,32.4371337890625,-63.665771484375,0.17567636718750002,-0.8966124023437501,0.0
,6489,,,,,38.726806640625,-61.12060546875,0.18323790893554687,-0.8794176635742188,0.0
,6490,,,,,45.66650390625,-56.231689453125,0.26268588867187503,-0.8399526306152344,0.0
,6491,,,,,48.504638671875,-56.231689453125,0.32566420898437504,-0.815403515625,0.0
,6492,,,,,53.997802734375,-50.811767578125,0.3745552734375,-0.7935475524902345,0.0
,6493,,,,,55.99365234375,-50.811767578125,0.4130880615234375,-0.7646479614257813,0.0
,6494,,,,,62.29248046875,-42.7459716796875,0.47917386474609375,-0.7347125427246094,0.0
,6495,,,,,62.9974365234375,-42.7459716796875,0.5455704162597657,-0.6834390747070312,0.0
,6496,,,,,67.34619140625,-35.870361328125,0.6164210266113281,-0.6406593933105469,0.0
,6497,,,,,67.2454833984375,-35.870361328125,0.6482209350585938,-0.6222216613769531,0.0
,6498,,,,,70.2667236328125,-29.5257568359375,0.710163427734375,-0.5818243835449219,0.0
,6499,,,,,69.049072265625,-29.5257568359375,0.7803925415039062,-0.5219535461425782,0.0
,6500,,,,,70.8526611328125,-23.7579345703125,0.8248295471191407,-0.4611504638671875,0.0
,6501,,,,,68.756103515625,-23.7579345703125,0.8639838317871094,-0.41039490966796877,0.0
,6502,,,,,73.3245849609375,-11.6546630859375,0.8649160766601562,-0.3811845703125,0.0
,6503,,,,,70.60546875,-11.6546630859375,0.895783740234375,-0.3506276550292969,0.0
,6504,,,,,76.0345458984375,2.0782470703125,0.8895687744140626,-0.32877169189453126,0.0
,6505,,,,,73.13232421875,2.0782470703125,0.9188826965332032,-0.28661350708007816,0.0
,6506,,,,,75.7049560546875,12.322998046875,0.8997198852539062,-0.23710094604492188,0.0
,6507,,,,,69.6624755859375,12.322998046875,0.9003413818359375,-0.17422620849609374,0.0
,6508,,,,,75.2105712890625,21.917724609375,0.875895849609375,-0.11166221923828125,0.0
,6509,,,,,68.5272216796875,21.917724609375,0.9126677307128906,-0.029003173828125,0.0
,6510,,,,,74.08447265625,31.5399169921875,0.8807642395019532,0.03449306030273438,0.0
,6511,,,,,67.12646484375,31.5399169921875,0.887497119140625,0.08763101806640625,0.0
,6512,,,,,71.3653564453125,38.8916015625,0.8717525390625,0.16542167358398438,0.0
,6513,,,,,62.58544921875,38.8916015625,0.8938156677246094,0.23482212524414064,0.0
,6514,,,,,65.1763916015625,43.377685546875,0.8781746704101563,0.31592742919921873,0.0
,6515,,,,,60.8184814453125,43.377685546875,0.8537291381835937,0.37849141845703127,0.0
,6516,,,,,63.0706787109375,47.2686767578125,0.8614978454589844,0.4542104187011719,0.0
,6517,,,,,54.1900634765625,47.2686767578125,0.8474105895996094,0.5005119140625001,0.0
,6518,,,,,57.6324462890625,53.2470703125,0.8335304992675782,0.5425665161132812,0.0
,6519,,,,,44.476318359375,53.2470703125,0.8035950805664063,0.5422557678222656,0.0
,6520,,,,,18.93310546875,56.6070556640625,0.7846394348144532,0.5964295532226562,0.0
,6521,,,,,31.256103515625,60.1409912109375,0.7079881896972656,0.5974653808593751,0.0
,6522,,,,,33.4075927734375,63.8671875,0.7138924072265626,0.6642762634277344,0.0
,6523,,,,,25.341796875,67.254638671875,0.6102060607910157,0.6514320007324219,0.0
,6524,,,,,26.91650390625,69.98291015625,0.5847247009277344,0.6766026123046875,0.0
,6525,,,,,16.66259765625,72.3541259765625,0.5066232971191407,0.6871680541992188,0.0
,6526,,,,,17.706298828125,74.1485595703125,0.47523771972656254,0.7617476440429688,0.0
,6527,,,,,8.734130859375,75.1007080078125,0.4044906921386719,0.7778029724121094,0.0
,6528,,,,,8.9263916015625,75.4302978515625,0.3811845703125,0.84357802734375,0.0
,6529,,,,,-0.0732421875,75.4302978515625,0.28650992431640626,0.8524861450195312,0.0
,6530,,,,,-0.091552734375,75.40283203125,0.25471001586914066,0.9018951232910156,0.0
,6531,,,,,-4.4677734375,74.5513916015625,0.16883990478515626,0.9041739440917969,0.0
,6532,,,,,-4.925537109375,73.7548828125,0.12854620971679687,0.9447783874511719,0.0
,6533,,,,,-11.6729736328125,72.9034423828125,0.0426760986328125,0.9346272766113282,0.0
,6534,,,,,-12.3321533203125,71.759033203125,0.018334149169921876,0.9432246459960938,0.0
,6535,,,,,-20.83740234375,70.1019287109375,-0.03956861572265625,0.9303803833007813,0.0
,6536,,,,,-21.8994140625,68.243408203125,-0.07654766235351562,0.9237510864257813,0.0
,6537,,,,,-27.227783203125,66.1376953125,-0.10979772949218751,0.9227152587890626,0.0
,6538,,,,,-32.9498291015625,63.8946533203125,-0.14822693481445312,0.8882221984863281,0.0
,6539,,,,,-41.27197265625,57.659912109375,-0.18634539184570312,0.8787961669921875,0.0
,6540,,,,,-45.2728271484375,57.659912109375,-0.24300516357421875,0.8531076416015625,0.0
,6541,,,,,-51.470947265625,52.0843505859375,-0.29365713500976565,0.8349806579589844,0.0
,6542,,,,,-53.997802734375,52.0843505859375,-0.35653187255859375,0.8027664184570312,0.0
,6543,,,,,-60.186767578125,45.245361328125,-0.4263466552734375,0.7478675537109375,0.0
,6544,,,,,-61.48681640625,45.245361328125,-0.4848709167480469,0.6980442443847656,0.0
,6545,,,,,-65.8721923828125,38.85498046875,-0.5600720031738281,0.6530893249511719,0.0
,6546,,,,,-66.1376953125,38.85498046875,-0.6141422058105469,0.62481123046875,0.0
,6547,,,,,-70.843505859375,30.21240234375,-0.6863393920898437,0.5707410278320313,0.0
,6548,,,,,-70.166015625,30.21240234375,-0.7321229736328125,0.526200439453125,0.0
,6549,,,,,-71.2646484375,26.605224609375,-0.7726238342285157,0.4892213928222656,0.0
,6550,,,,,-69.7998046875,26.605224609375,-0.8331161682128907,0.4496527770996094,0.0
,6551,,,,,-73.114013671875,17.5140380859375,-0.8639838317871094,0.40386919555664064,0.0
,6552,,,,,-90.8935546875,-17.54150390625,-0.9031381164550781,0.375383935546875,0.0
,6553,,,,,-82.122802734375,-6.4361572265625,-0.9211615173339844,0.33084334716796876,0.0
,6554,,,,,-78.9276123046875,-6.4361572265625,-0.9315197937011719,0.30815872192382815,0.0
,6555,,,,,-75.7965087890625,-6.1798095703125,-0.9294481384277344,0.2752194030761719,0.0
,6556,,,,,-68.756103515625,-6.1798095703125,-0.9321412902832031,0.2398976806640625,0.0
,6557,,,,,-75.0,-17.0013427734375,-0.9603158020019531,0.13455401000976563,0.0
,6558,,,,,-69.2047119140625,-17.0013427734375,-0.952132763671875,0.07861931762695312,0.0
,6559,,,,,-74.4232177734375,-26.0467529296875,-0.9677737609863282,-0.01512308349609375,0.0
,6560,,,,,-67.1630859375,-26.0467529296875,-0.9279979797363281,-0.04505850219726563,0.0
,6561,,,,,-71.6400146484375,-33.8104248046875,-0.9212651000976563,-0.12574947509765624,0.0
,6562,,,,,-65.2862548828125,-33.8104248046875,-0.9071778442382813,-0.15879237670898438,0.0
,6563,,,,,-68.1060791015625,-38.690185546875,-0.88998310546875,-0.24165858764648437,0.0
,6564,,,,,-61.944580078125,-38.690185546875,-0.8836645568847656,-0.31603101196289063,0.0
,6565,,,,,-64.9200439453125,-43.853759765625,-0.8826287292480469,-0.40998057861328124,0.0
,6566,,,,,-58.2275390625,-43.853759765625,-0.8540398864746094,-0.45244951171875003,0.0
,6567,,,,,-60.5072021484375,-47.7996826171875,-0.8614978454589844,-0.5105594421386719,0.0
,6568,,,,,-48.065185546875,-47.7996826171875,-0.8405741271972657,-0.5379052917480469,0.0
,6569,,,,,-49.9969482421875,-51.141357421875,-0.8317695922851562,-0.590007421875,0.0
,6570,,,,,-38.2415771484375,-55.0048828125,-0.8133318603515626,-0.6153851989746094,0.0
,6571,,,,,-40.191650390625,-58.3831787109375,-0.784743017578125,-0.6581648803710938,0.0
,6572,,,,,-28.3447265625,-61.99951171875,-0.7613333129882812,-0.6602365356445312,0.0
,6573,,,,,-30.3863525390625,-65.533447265625,-0.6866501403808594,-0.6892397094726562,0.0
,6574,,,,,-20.2606201171875,-68.5821533203125,-0.6436632934570312,-0.7265295043945312,0.0
,6575,,,,,-21.4874267578125,-70.697021484375,-0.5851390319824219,-0.775627734375,0.0
,6576,,,,,-11.6455078125,-72.015380859375,-0.5022728210449219,-0.7953084594726563,0.0
,6577,,,,,-12.4237060546875,-73.370361328125,-0.4614612121582031,-0.8455460998535157,0.0
,6578,,,,,-3.717041015625,-74.249267578125,-0.3858457946777344,-0.8506216552734375,0.0
,6579,,,,,-3.8543701171875,-74.4873046875,-0.312405615234375,-0.8720632873535157,0.0
,6580,,,,,3.4698486328125,-74.3499755859375,-0.2620643920898438,-0.9180540344238282,0.0
,6581,,,,,3.5430908203125,-74.212646484375,-0.178991015625,-0.9130820617675781,0.0
,6582,,,,,10.491943359375,-73.4344482421875,-0.10907265014648437,-0.9358702697753907,0.0
,6583,,,,,11.1419677734375,-72.308349609375,-0.06225324096679688,-0.9392885009765626,0.0
,6584,,,,,16.7083740234375,-70.8160400390625,-0.0012429931640625,-0.945503466796875,0.0
,6585,,,,,17.816162109375,-68.8934326171875,0.026206439208984376,-0.9594871398925782,0.0
,6586,,,,,23.0255126953125,-66.522216796875,0.07395809326171875,-0.9525470947265625,0.0
,6587,,,,,28.8482666015625,-64.581298828125,0.08359129028320313,-0.9449855529785156,0.0
,6588,,,,,34.1217041015625,-62.2283935546875,0.17308679809570313,-0.8963016540527344,0.0
,6589,,,,,39.7064208984375,-59.454345703125,0.20726911010742188,-0.8794176635742188,0.0
,6590,,,,,47.4151611328125,-53.06396484375,0.2516025329589844,-0.8657447387695313,0.0
,6591,,,,,50.4364013671875,-53.06396484375,0.2731477478027344,-0.8465819274902344,0.0
,6592,,,,,56.0760498046875,-47.589111328125,0.3383013061523438,-0.8192360778808594,0.0
,6593,,,,,58.099365234375,-47.589111328125,0.39993305053710937,-0.7680661926269532,0.0
,6594,,,,,63.4735107421875,-40.97900390625,0.47616996459960936,-0.7193822937011719,0.0
,6595,,,,,64.8193359375,-40.97900390625,0.5345906433105468,-0.6746345397949219,0.0
,6596,,,,,68.865966796875,-35.5224609375,0.6176640197753906,-0.6154887817382813,0.0
,6597,,,,,68.7469482421875,-35.5224609375,0.6599257873535156,-0.5716732727050782,0.0
,6598,,,,,71.173095703125,-30.377197265625,0.7127529968261719,-0.5296186706542969,0.0
,6599,,,,,69.873046875,-30.377197265625,0.7741775756835938,-0.4915002136230469,0.0
,6600,,,,,71.832275390625,-24.3804931640625,0.8234829711914062,-0.4529674255371094,0.0
,6601,,,,,69.7723388671875,-24.3804931640625,0.8807642395019532,-0.4169206237792969,0.0
,6602,,,,,74.2950439453125,-12.506103515625,0.8911225158691407,-0.382013232421875,0.0
,6603,,,,,71.2188720703125,-12.506103515625,0.9217830139160157,-0.35031690673828125,0.0
,6604,,,,,76.8768310546875,2.3895263671875,0.9055205200195313,-0.33622965087890627,0.0
,6605,,,,,74.2767333984375,2.3895263671875,0.9010664611816407,-0.2930356384277344,0.0
,6606,,,,,77.0782470703125,11.4349365234375,0.8802463256835937,-0.2537777709960938,0.0
,6607,,,,,70.8984375,11.4349365234375,0.9139107238769532,-0.18220208129882812,0.0
,6608,,,,,76.300048828125,20.7916259765625,0.9059348510742188,-0.11580552978515625,0.0
,6609,,,,,70.6329345703125,20.7916259765625,0.9293445556640625,-0.024549114990234377,0.0
,6610,,,,,75.2197265625,28.7200927734375,0.9241654174804688,0.058835009765625,0.0
,6611,,,,,67.254638671875,28.7200927734375,0.9353523559570313,0.12243482666015626,0.0
,6612,,,,,71.8048095703125,36.602783203125,0.9360774353027344,0.21845604858398437,0.0
,6613,,,,,63.7298583984375,36.602783203125,0.9387705871582032,0.2816415344238281,0.0
,6614,,,,,65.643310546875,39.9261474609375,0.9129784790039063,0.34089087524414063,0.0
,6615,,,,,58.905029296875,39.9261474609375,0.9188826965332032,0.4202352722167969,0.0
,6616,,,,,62.36572265625,45.9228515625,0.8949550781250001,0.4702657470703125,0.0
,6617,,,,,53.6865234375,45.9228515625,0.8892580261230469,0.49595427246093754,0.0
,6618,,,,,56.4697265625,50.738525390625,0.9120462341308594,0.5851390319824219,0.0
,6619,,,,,42.4072265625,50.738525390625,0.8748600219726563,0.5957044738769531,0.0
,6620,,,,,18.4661865234375,54.7210693359375,0.8590118591308594,0.6390020690917969,0.0
,6621,,,,,31.2103271484375,58.941650390625,0.7692056030273438,0.6200464233398437,0.0
,6622,,,,,33.270263671875,62.51220703125,0.7306728149414062,0.6515355834960938,0.0
,6623,,,,,23.2818603515625,65.972900390625,0.6625153564453126,0.6520534973144532,0.0
,6624,,,,,25.0396728515625,69.012451171875,0.6469779418945313,0.7013588928222656,0.0
,6625,,,,,15.0970458984375,71.15478515625,0.5551000305175782,0.716792724609375,0.0
,6626,,,,,16.0400390625,72.784423828125,0.5217463806152344,0.778113720703125,0.0
,6627,,,,,5.9051513671875,74.1485595703125,0.4364977661132813,0.8094992980957032,0.0
,6628,,,,,6.3079833984375,74.8443603515625,0.40925549926757815,0.8621193420410157,0.0
,6629,,,,,-2.490234375,74.8443603515625,0.33685114746093753,0.8749636047363282,0.0
,6630,,,,,-2.655029296875,74.5697021484375,0.2722155029296875,0.9010664611816407,0.0
,6631,,,,,-8.111572265625,74.12109375,0.16500734252929689,0.8968195678710937,0.0
,6632,,,,,-8.5235595703125,73.406982421875,0.12771754760742188,0.9162931274414062,0.0
,6633,,,,,-14.4195556640625,72.3358154296875,0.07944797973632813,0.9452963012695312,0.0
,6634,,,,,-15.2069091796875,70.9808349609375,0.03387156372070313,0.9457106323242188,0.0
,6635,,,,,-17.669677734375,68.7103271484375,-0.040190112304687504,0.9169146240234375,0.0
,6636,,,,,-23.565673828125,66.302490234375,-0.0766512451171875,0.9124605651855469,0.0
,6637,,,,,-29.2510986328125,64.105224609375,-0.10969414672851563,0.8979589782714844,0.0
,6638,,,,,-34.4329833984375,62.164306640625,-0.158274462890625,0.8722704528808594,0.0
,6639,,,,,-41.9219970703125,56.9915771484375,-0.2017792236328125,0.8407812927246094,0.0
,6640,,,,,-46.2615966796875,56.9915771484375,-0.24766638793945314,0.8063918151855469,0.0
,6641,,,,,-52.7435302734375,51.8646240234375,-0.2971789489746094,0.7935475524902345,0.0
,6642,,,,,-54.986572265625,51.8646240234375,-0.3680295593261719,0.7575007507324218,0.0
,6643,,,,,-60.31494140625,45.9503173828125,-0.4438521423339844,0.7092311828613281,0.0
,6644,,,,,-62.0361328125,45.9503173828125,-0.5077627075195312,0.6638619323730469,0.0
,6645,,,,,-66.5771484375,39.9261474609375,-0.5645260620117187,0.6175604370117188,0.0
,6646,,,,,-66.7694091796875,39.9261474609375,-0.6282294616699219,0.5885572631835938,0.0
,6647,,,,,-69.5343017578125,35.2203369140625,-0.6984585754394531,0.5358336364746094,0.0
,6648,,,,,-68.975830078125,35.2203369140625,-0.7361627014160157,0.5055874694824218,0.0
,6649,,,,,-71.905517578125,28.619384765625,-0.7949977111816406,0.45845731201171874,0.0
,6650,,,,,-70.367431640625,28.619384765625,-0.8511395690917969,0.4128808959960938,0.0
,6651,,,,,-73.5992431640625,20.269775390625,-0.8713382080078125,0.3846028015136719,0.0
,6652,,,,,-94.6014404296875,-20.2972412109375,-0.8834573913574219,0.38242756347656254,0.0
,6653,,,,,-84.4024658203125,-7.58056640625,-0.9255119934082031,0.3144772705078125,0.0
,6654,,,,,-81.683349609375,-7.58056640625,-0.9252012451171875,0.3086766357421875,0.0
,6655,,,,,-76.6754150390625,-3.8543701171875,-0.9374240112304688,0.23388988037109376,0.0
,6656,,,,,-69.90966796875,-3.8543701171875,-0.9576226501464844,0.1843773193359375,0.0
,6657,,,,,-76.3275146484375,-14.959716796875,-0.9670486816406251,0.10140752563476563,0.0
,6658,,,,,-70.220947265625,-14.959716796875,-0.952132763671875,0.06442847900390625,0.0
,6659,,,,,-74.6795654296875,-22.686767578125,-0.9880759826660157,-0.036357550048828124,0.0
,6660,,,,,-66.961669921875,-22.686767578125,-0.9872473205566407,-0.07768707275390625,0.0
,6661,,,,,-72.4365234375,-32.1624755859375,-0.9785463684082032,-0.15547772827148437,0.0
,6662,,,,,-64.1693115234375,-32.1624755859375,-0.943846142578125,-0.17971609497070312,0.0
,6663,,,,,-67.364501953125,-37.68310546875,-0.9541008361816407,-0.2648611267089844,0.0
,6664,,,,,-59.7198486328125,-37.68310546875,-0.927272900390625,-0.3229710571289063,0.0
,6665,,,,,-63.116455078125,-43.560791015625,-0.8882221984863281,-0.3883317810058594,0.0
,6666,,,,,-56.25,-43.560791015625,-0.8603584350585938,-0.41919944458007813,0.0
,6667,,,,,-59.1705322265625,-48.614501953125,-0.8625336730957032,-0.48953214111328125,0.0
,6668,,,,,-48.22998046875,-48.614501953125,-0.8221363952636719,-0.48756406860351564,0.0
,6669,,,,,-49.5849609375,-50.9490966796875,-0.7988302734375,-0.5355228881835937,0.0
,6670,,,,,-37.646484375,-54.8309326171875,-0.7985195251464844,-0.5720876037597656,0.0
,6671,,,,,-39.73388671875,-58.4564208984375,-0.7707593444824219,-0.6088594848632812,0.0
,6672,,,,,-26.5869140625,-62.1734619140625,-0.7531502746582032,-0.62812587890625,0.0
,6673,,,,,-28.8299560546875,-66.0736083984375,-0.70767744140625,-0.6568183044433594,0.0
,6674,,,,,-17.6605224609375,-69.17724609375,-0.6362053344726563,-0.6682124084472656,0.0
,6675,,,,,-18.9422607421875,-71.392822265625,-0.5680478759765625,-0.7038448791503906,0.0
,6676,,,,,-8.53271484375,-73.004150390625,-0.5149099182128907,-0.7295334045410157,0.0
,6677,,,,,-9.2926025390625,-74.322509765625,-0.4489276977539063,-0.7651658752441407,0.0
,6678,,,,,-0.4669189453125,-75.201416015625,-0.37445169067382816,-0.8032843322753906,0.0
,6679,,,,,-0.6134033203125,-75.457763671875,-0.31623817749023436,-0.8323910888671875,0.0
,6680,,,,,6.463623046875,-75.457763671875,-0.26361813354492186,-0.8646053283691406,0.0
,6681,,,,,6.5093994140625,-75.3936767578125,-0.1732939636230469,-0.8658483215332031,0.0
,6682,,,,,12.2222900390625,-74.835205078125,-0.07468317260742188,-0.8607727661132812,0.0
,6683,,,,,12.725830078125,-73.974609375,-0.02133804931640625,-0.8622229248046875,0.0
,6684,,,,,17.5506591796875,-72.4456787109375,0.01512308349609375,-0.8777603393554688,0.0
,6685,,,,,18.3563232421875,-71.044921875,0.025377777099609377,-0.910699658203125,0.0
,6686,,,,,24.1790771484375,-68.5821533203125,0.07758348999023437,-0.9152572998046875,0.0
,6687,,,,,30.1849365234375,-65.8355712890625,0.1139410400390625,-0.8963016540527344,0.0
,6688,,,,,35.7147216796875,-63.5284423828125,0.16428226318359376,-0.8765173461914063,0.0
,6689,,,,,40.997314453125,-61.2762451171875,0.2067511962890625,-0.8680235595703125,0.0
,6690,,,,,48.101806640625,-55.95703125,0.27004026489257815,-0.8188217468261719,0.0
,6691,,,,,51.26953125,-55.95703125,0.30733005981445316,-0.7850537658691407,0.0
,6692,,,,,56.414794921875,-50.811767578125,0.3633683349609375,-0.7587437438964844,0.0
,6693,,,,,58.2550048828125,-50.811767578125,0.40386919555664064,-0.7364734497070313,0.0
,6694,,,,,63.68408203125,-44.2474365234375,0.48766765136718754,-0.70104814453125,0.0
,6695,,,,,64.74609375,-44.2474365234375,0.5636973999023438,-0.635583837890625,0.0
,6696,,,,,68.7469482421875,-38.360595703125,0.6253291442871094,-0.5806849731445313,0.0
,6697,,,,,68.7103271484375,-38.360595703125,0.6644834289550782,-0.5512674682617188,0.0
,6698,,,,,70.7061767578125,-33.9935302734375,0.7270474182128907,-0.5280649291992188,0.0
,6699,,,,,69.68994140625,-33.9935302734375,0.8045273254394532,-0.47130157470703127,0.0
,6700,,,,,72.4456787109375,-26.6876220703125,0.846167596435547,-0.43504760742187504,0.0
,6701,,,,,70.0836181640625,-26.6876220703125,0.8963016540527344,-0.38657087402343754,0.0
,6702,,,,,74.432373046875,-14.7216796875,0.9070742614746095,-0.3612966796875,0.0
,6703,,,,,71.15478515625,-14.7216796875,0.9131856445312501,-0.3540458862304688,0.0
,6704,,,,,71.978759765625,-8.0291748046875,0.8989948059082031,-0.33923355102539066,0.0
,6705,,,,,69.5159912109375,-8.0291748046875,0.9344201110839844,-0.2939678833007813,0.0
,6706,,,,,76.7303466796875,9.2010498046875,0.9508897705078125,-0.2172130554199219,0.0
,6707,,,,,69.964599609375,9.2010498046875,0.9660128540039062,-0.15226666259765625,0.0
,6708,,,,,75.4486083984375,18.695068359375,0.9631125366210938,-0.08970267333984375,0.0
,6709,,,,,69.4061279296875,18.695068359375,0.9715027404785157,-0.01512308349609375,0.0
,6710,,,,,74.5147705078125,27.5390625,0.9297588867187501,0.04205460205078125,0.0
,6711,,,,,65.51513671875,27.5390625,0.9566904052734375,0.11414820556640626,0.0
,6712,,,,,70.86181640625,36.8133544921875,0.9328663696289062,0.17629786376953124,0.0
,6713,,,,,61.70654296875,36.8133544921875,0.934730859375,0.24352307739257814,0.0
,6714,,,,,64.288330078125,41.2811279296875,0.9173289550781251,0.2909639831542969,0.0
,6715,,,,,56.982421875,41.2811279296875,0.91650029296875,0.3602608520507813,0.0
,6716,,,,,60.4339599609375,47.2503662109375,0.9038631958007812,0.4407446594238281,0.0
,6717,,,,,52.8717041015625,47.2503662109375,0.8810749877929688,0.4786559509277344,0.0
,6718,,,,,55.5633544921875,51.910400390625,0.8938156677246094,0.53863037109375,0.0
,6719,,,,,41.8853759765625,51.910400390625,0.8578724487304688,0.5549964477539062,0.0
,6720,,,,,20.196533203125,55.6365966796875,0.8412992065429687,0.5952901428222657,0.0
,6721,,,,,31.1553955078125,59.2437744140625,0.7934439697265625,0.6147637023925782,0.0
,6722,,,,,32.977294921875,62.3931884765625,0.7726238342285157,0.6545394836425782,0.0
,6723,,,,,20.562744140625,65.350341796875,0.678674267578125,0.6536072387695313,0.0
,6724,,,,,22.2747802734375,68.316650390625,0.6691446533203125,0.7033269653320313,0.0
,6725,,,,,12.3138427734375,70.843505859375,0.5863820251464844,0.6829211608886719,0.0
,6726,,,,,13.3575439453125,72.6470947265625,0.557689599609375,0.7514929504394532,0.0
,6727,,,,,3.955078125,74.029541015625,0.4592859741210938,0.7699306823730468,0.0
,6728,,,,,4.4952392578125,74.96337890625,0.4127773132324219,0.8238973022460938,0.0
,6729,,,,,-3.094482421875,75.4302978515625,0.32794302978515627,0.8571473693847657,0.0
,6730,,,,,-3.0670166015625,75.4852294921875,0.2766695617675781,0.8984768920898438,0.0
,6731,,,,,-7.7362060546875,74.8809814453125,0.19173169555664063,0.9068670959472657,0.0
,6732,,,,,-8.23974609375,73.992919921875,0.12108825073242188,0.9211615173339844,0.0
,6733,,,,,-13.5772705078125,72.76611328125,0.054898864746093755,0.9456070495605469,0.0
,6734,,,,,-14.3280029296875,71.466064453125,0.0319034912109375,0.9508897705078125,0.0
,6735,,,,,-17.2943115234375,69.7540283203125,-0.03242140502929688,0.928930224609375,0.0
,6736,,,,,-23.199462890625,67.4835205078125,-0.077065576171875,0.914117889404297,0.0
,6737,,,,,-29.0863037109375,65.2679443359375,-0.12564589233398438,0.8972338989257813,0.0
,6738,,,,,-34.2498779296875,63.555908203125,-0.17174022216796875,0.8771388427734376,0.0
,6739,,,,,-41.162109375,58.5479736328125,-0.2224957763671875,0.8540398864746094,0.0
,6740,,,,,-44.9432373046875,58.5479736328125,-0.2929320556640625,0.8083598876953125,0.0
,6741,,,,,-50.93994140625,53.6590576171875,-0.3444126892089844,0.7783208862304688,0.0
,6742,,,,,-53.1280517578125,53.6590576171875,-0.38967835693359376,0.7619548095703125,0.0
,6743,,,,,-58.355712890625,47.8271484375,-0.4815562683105469,0.7123386657714844,0.0
,6744,,,,,-59.5367431640625,47.8271484375,-0.54525966796875,0.6723557189941406,0.0
,6745,,,,,-63.8671875,41.986083984375,-0.6171461059570312,0.63806982421875,0.0
,6746,,,,,-64.0594482421875,41.986083984375,-0.6742202087402344,0.5986047912597656,0.0
,6747,,,,,-66.9158935546875,36.7767333984375,-0.7351268737792969,0.5562394409179687,0.0
,6748,,,,,-65.9912109375,36.7767333984375,-0.7867110900878906,0.5083842041015625,0.0
,6749,,,,,-69.1131591796875,29.4342041015625,-0.8132282775878906,0.4746162231445313,0.0
,6750,,,,,-67.4102783203125,29.4342041015625,-0.8371558959960937,0.4644651123046875,0.0
,6751,,,,,-70.367431640625,20.6817626953125,-0.8742385253906251,0.41629912719726564,0.0
,6752,,,,,-67.78564453125,20.6817626953125,-0.9103889099121094,0.3849135498046875,0.0
,6753,,,,,-72.2900390625,7.708740234375,-0.9381490905761719,0.34109804077148437,0.0
,6754,,,,,-78.4332275390625,-7.7362060546875,-0.9254084106445313,0.3227638916015625,0.0
,6755,,,,,-73.3612060546875,-2.874755859375,-0.9349380249023438,0.24373024291992187,0.0
,6756,,,,,-67.8680419921875,-2.874755859375,-0.9404279113769531,0.21887037963867187,0.0
,6757,,,,,-74.52392578125,-14.410400390625,-0.9668415161132813,0.11487328491210938,0.0
,6758,,,,,-68.5821533203125,-14.410400390625,-0.930691131591797,0.09508897705078126,0.0
,6759,,,,,-74.0203857421875,-23.8311767578125,-0.9361810180664063,0.019887890625,0.0
,6760,,,,,-65.679931640625,-23.8311767578125,-0.9246833312988282,-0.021648797607421874,0.0
,6761,,,,,-71.5301513671875,-33.966064453125,-0.9370096801757812,-0.11052280883789063,0.0
,6762,,,,,-63.134765625,-33.966064453125,-0.9150501342773438,-0.1425298828125,0.0
,6763,,,,,-66.815185546875,-40.338134765625,-0.9279979797363281,-0.1944248474121094,0.0
,6764,,,,,-57.31201171875,-40.338134765625,-0.8968195678710937,-0.256056591796875,0.0
,6765,,,,,-60.040283203125,-45.062255859375,-0.8986840576171875,-0.34627717895507815,0.0
,6766,,,,,-54.180908203125,-45.062255859375,-0.8622229248046875,-0.38304906005859374,0.0
,6767,,,,,-56.9091796875,-49.7955322265625,-0.8255546264648438,-0.44437005615234376,0.0
,6768,,,,,-46.7376708984375,-49.7955322265625,-0.8077383911132813,-0.46881558837890625,0.0
,6769,,,,,-47.845458984375,-51.7181396484375,-0.8156106811523438,-0.5415306884765625,0.0
,6770,,,,,-36.163330078125,-55.5908203125,-0.8010055114746094,-0.5763344970703125,0.0
,6771,,,,,-38.0218505859375,-58.8134765625,-0.78225703125,-0.6172496887207032,0.0
,6772,,,,,-25.89111328125,-62.36572265625,-0.7139959899902344,-0.5876250183105469,0.0
,6773,,,,,-28.01513671875,-66.0369873046875,-0.6485316833496094,-0.619114178466797,0.0
,6774,,,,,-17.413330078125,-69.122314453125,-0.6092738159179688,-0.6593042907714844,0.0
,6775,,,,,-19.097900390625,-72.03369140625,-0.5741592590332032,-0.7180357177734376,0.0
,6776,,,,,-9.503173828125,-74.0570068359375,-0.49709368286132816,-0.7497320434570313,0.0
,6777,,,,,-10.2447509765625,-75.3387451171875,-0.4344261108398438,-0.7841215209960938,0.0
,6778,,,,,-2.01416015625,-76.6754150390625,-0.3715513732910156,-0.8092921325683594,0.0
,6779,,,,,-2.4169921875,-77.3712158203125,-0.30059718017578124,-0.8288692749023437,0.0
,6780,,,,,2.52685546875,-76.9500732421875,-0.21690230712890626,-0.8561115417480469,0.0
,6781,,,,,2.783203125,-76.50146484375,-0.14729468994140626,-0.8678163940429687,0.0
,6782,,,,,9.6954345703125,-75.54931640625,-0.07841215209960938,-0.889154443359375,0.0
,6783,,,,,10.455322265625,-74.23095703125,-0.020405804443359377,-0.8947479125976563,0.0
,6784,,,,,15.911865234375,-72.4273681640625,0.048994647216796874,-0.8783818359375001,0.0
,6785,,,,,16.80908203125,-70.8892822265625,0.07437242431640625,-0.8918475952148438,0.0
,6786,,,,,22.650146484375,-68.7744140625,0.13600416870117188,-0.8822143981933595,0.0
,6787,,,,,28.4820556640625,-66.522216796875,0.1346575927734375,-0.8869792053222657,0.0
,6788,,,,,33.72802734375,-64.34326171875,0.17060081176757813,-0.8896723571777344,0.0
,6789,,,,,38.9739990234375,-62.2100830078125,0.20250430297851563,-0.8691629699707032,0.0
,6790,,,,,45.73974609375,-57.01904296875,0.2993541870117188,-0.8172680053710938,0.0
,6791,,,,,48.5321044921875,-57.01904296875,0.34410194091796875,-0.7865039245605469,0.0
,6792,,,,,53.6041259765625,-52.0111083984375,0.3932001708984375,-0.7812212036132813,0.0
,6793,,,,,55.1422119140625,-52.0111083984375,0.44747753906250004,-0.7519072814941407,0.0
,6794,,,,,60.223388671875,-44.842529296875,0.531172412109375,-0.7122350830078126,0.0
,6795,,,,,60.882568359375,-44.842529296875,0.6055448364257813,-0.6769133605957032,0.0
,6796,,,,,65.44189453125,-37.4267578125,0.6748417053222656,-0.6403486450195313,0.0
,6797,,,,,65.2496337890625,-37.4267578125,0.7155497314453125,-0.5885572631835938,0.0
,6798,,,,,68.023681640625,-32.0526123046875,0.7565685058593751,-0.5554107788085938,0.0
,6799,,,,,67.12646484375,-32.0526123046875,0.7896114074707031,-0.5023764038085937,0.0
,6800,,,,,69.5159912109375,-26.3946533203125,0.8493786621093751,-0.45648923950195314,0.0
,6801,,,,,67.93212890625,-26.3946533203125,0.8934013366699219,-0.4147453857421875,0.0
,6802,,,,,72.1343994140625,-15.582275390625,0.9019987060546876,-0.38636370849609375,0.0
,6803,,,,,69.415283203125,-15.582275390625,0.9073850097656251,-0.3666829833984375,0.0
,6804,,,,,76.8585205078125,2.63671875,0.8966124023437501,-0.34638076171875,0.0
,6805,,,,,73.699951171875,2.63671875,0.9086280029296875,-0.31810266723632813,0.0
,6806,,,,,74.945068359375,10.0341796875,0.9137035583496094,-0.26165006103515626,0.0
,6807,,,,,67.4652099609375,10.0341796875,0.9548259155273437,-0.20208997192382813,0.0
,6808,,,,,74.322509765625,21.917724609375,0.9216794311523437,-0.1500914245605469,0.0
,6809,,,,,67.6849365234375,21.917724609375,0.9234403381347657,-0.10575800170898438,0.0
,6810,,,,,72.418212890625,30.1025390625,0.9125641479492188,-0.020820135498046875,0.0
,6811,,,,,64.3798828125,30.1025390625,0.92644423828125,0.0766512451171875,0.0
,6812,,,,,69.635009765625,39.22119140625,0.926547821044922,0.17091156005859376,0.0
,6813,,,,,61.2762451171875,39.22119140625,0.9344201110839844,0.23430421142578126,0.0
,6814,,,,,63.592529296875,43.231201171875,0.8900866882324219,0.2868206726074219,0.0
,6815,,,,,56.817626953125,43.231201171875,0.8755851013183594,0.3623325073242188,0.0
,6816,,,,,59.9945068359375,48.74267578125,0.8853218811035156,0.44602738037109374,0.0
,6817,,,,,53.0181884765625,48.74267578125,0.8761030151367187,0.49657576904296874,0.0
,6818,,,,,55.4443359375,52.9541015625,0.8524861450195312,0.5336583984375001,0.0
,6819,,,,,42.1051025390625,52.9541015625,0.8019377563476563,0.5399769470214844,0.0
,6820,,,,,21.2677001953125,56.8359375,0.80711689453125,0.6055448364257813,0.0
,6821,,,,,32.4371337890625,60.97412109375,0.7428955810546876,0.5852426147460937,0.0
,6822,,,,,34.31396484375,64.2242431640625,0.7206252868652344,0.6245004821777344,0.0
,6823,,,,,22.88818359375,67.8497314453125,0.6103096435546875,0.623982568359375,0.0
,6824,,,,,24.71923828125,71.0174560546875,0.6047161743164062,0.6748417053222656,0.0
,6825,,,,,15.087890625,73.077392578125,0.5285828430175782,0.7044663757324219,0.0
,6826,,,,,16.094970703125,74.8260498046875,0.4939861999511719,0.7613333129882812,0.0
,6827,,,,,7.0770263671875,76.1077880859375,0.4117414855957031,0.7646479614257813,0.0
,6828,,,,,7.489013671875,76.8218994140625,0.362125341796875,0.8060810668945313,0.0
,6829,,,,,0.9796142578125,77.252197265625,0.2685901062011719,0.83363408203125,0.0
,6830,,,,,0.933837890625,77.1881103515625,0.21762738647460939,0.8906046020507813,0.0
,6831,,,,,-4.669189453125,76.5106201171875,0.14625886230468751,0.9118390686035156,0.0
,6832,,,,,-5.0445556640625,75.8697509765625,0.10565441894531251,0.9307947143554688,0.0
,6833,,,,,-11.3525390625,74.67041015625,0.0551060302734375,0.9532721740722656,0.0
,6834,,,,,-11.993408203125,73.5626220703125,0.01512308349609375,0.9553438293457032,0.0
,6835,,,,,-19.4732666015625,71.868896484375,-0.03345723266601563,0.9481966186523437,0.0
,6836,,,,,-21.0479736328125,69.1497802734375,-0.0828662109375,0.952132763671875,0.0
,6837,,,,,-26.9256591796875,66.7877197265625,-0.14729468994140626,0.943121063232422,0.0
,6838,,,,,-32.1075439453125,64.398193359375,-0.19525350952148438,0.9081100891113282,0.0
,6839,,,,,-37.628173828125,61.6973876953125,-0.22529251098632813,0.8862541259765625,0.0
,6840,,,,,-42.2515869140625,59.600830078125,-0.2755301513671875,0.8482392517089844,0.0
,6841,,,,,-49.090576171875,53.302001953125,-0.32680361938476565,0.8225507263183593,0.0
,6842,,,,,-51.654052734375,53.302001953125,-0.3881246154785156,0.7932368041992188,0.0
,6843,,,,,-56.4971923828125,48.44970703125,-0.4702657470703125,0.728393994140625,0.0
,6844,,,,,-58.135986328125,48.44970703125,-0.5201926391601562,0.6995979858398438,0.0
,6845,,,,,-63.6474609375,41.05224609375,-0.6057520019531251,0.645527783203125,0.0
,6846,,,,,-64.2242431640625,41.05224609375,-0.6477030212402344,0.6292652893066406,0.0
,6847,,,,,-68.1610107421875,34.1949462890625,-0.677016943359375,0.585864111328125,0.0
,6848,,,,,-67.6666259765625,34.1949462890625,-0.7193822937011719,0.5455704162597657,0.0
,6849,,,,,-70.5780029296875,27.6947021484375,-0.7985195251464844,0.4849744995117188,0.0
,6850,,,,,-68.95751953125,27.6947021484375,-0.8263832885742187,0.46922991943359377,0.0
,6851,,,,,-71.6217041015625,20.0225830078125,-0.8561115417480469,0.41225939941406253,0.0
,6852,,,,,-92.4407958984375,-20.050048828125,-0.8951622436523438,0.3798379943847656,0.0
,6853,,,,,-82.03125,-7.049560546875,-0.9379419250488281,0.335608154296875,0.0
,6854,,,,,-78.973388671875,-7.049560546875,-0.9288266418457032,0.33177559204101564,0.0
,6855,,,,,-74.9267578125,-4.8431396484375,-0.9260299072265625,0.27573731689453124,0.0
,6856,,,,,-67.840576171875,-4.8431396484375,-0.9173289550781251,0.25874974365234377,0.0
,6857,,,,,-74.8626708984375,-17.0013427734375,-0.9456070495605469,0.16625033569335937,0.0
,6858,,,,,-68.1610107421875,-17.0013427734375,-0.9381490905761719,0.12440289916992188,0.0
,6859,,,,,-73.736572265625,-26.6510009765625,-0.938977752685547,0.02672435302734375,0.0
,6860,,,,,-65.753173828125,-26.6510009765625,-0.9233367553710938,-0.0178162353515625,0.0
,6861,,,,,-71.3470458984375,-36.3372802734375,-0.9260299072265625,-0.10099319458007813,0.0
,6862,,,,,-64.12353515625,-36.3372802734375,-0.8954729919433594,-0.13186085815429688,0.0
,6863,,,,,-66.943359375,-41.217041015625,-0.8982697265625,-0.1960821716308594,0.0
,6864,,,,,-60.406494140625,-41.217041015625,-0.8806606567382813,-0.2789483825683594,0.0
,6865,,,,,-63.519287109375,-46.61865234375,-0.8480320861816406,-0.3638862487792969,0.0
,6866,,,,,-57.16552734375,-46.61865234375,-0.8106387084960938,-0.3860529602050781,0.0
,6867,,,,,-59.65576171875,-50.93994140625,-0.8167500915527344,-0.4726481506347656,0.0
,6868,,,,,-48.577880859375,-50.93994140625,-0.789714990234375,-0.4931575378417969,0.0
,6869,,,,,-50.1708984375,-53.704833984375,-0.7766635620117188,-0.5466062438964844,0.0
,6870,,,,,-37.9669189453125,-57.4310302734375,-0.7727274169921875,-0.5731234313964844,0.0
,6871,,,,,-39.935302734375,-60.845947265625,-0.7116135864257813,-0.5805813903808594,0.0
,6872,,,,,-28.2257080078125,-64.5355224609375,-0.6657264221191407,-0.6017122741699219,0.0
,6873,,,,,-30.267333984375,-68.0694580078125,-0.6293688720703126,-0.6539179870605469,0.0
,6874,,,,,-20.4071044921875,-70.9716796875,-0.5944614807128906,-0.6971119995117188,0.0
,6875,,,,,-21.661376953125,-73.1597900390625,-0.5317939086914063,-0.7274617492675781,0.0
,6876,,,,,-12.26806640625,-74.652099609375,-0.44954919433593754,-0.7282904113769532,0.0
,6877,,,,,-13.165283203125,-76.20849609375,-0.38025232543945314,-0.7699306823730468,0.0
,6878,,,,,-4.7882080078125,-77.105712890625,-0.3334329162597656,-0.812917529296875,0.0
,6879,,,,,-4.8797607421875,-77.2796630859375,-0.285888427734375,-0.8571473693847657,0.0
,6880,,,,,0.8056640625,-76.812744140625,-0.21742022094726562,-0.8888436950683594,0.0
,6881,,,,,1.4373779296875,-75.7232666015625,-0.15744580078125,-0.8942299987792969,0.0
,6882,,,,,7.1685791015625,-74.6978759765625,-0.06018158569335938,-0.8915368469238282,0.0
,6883,,,,,8.001708984375,-73.2421875,-0.007768707275390625,-0.908213671875,0.0
,6884,,,,,14.813232421875,-71.429443359375,0.04858031616210938,-0.9252012451171875,0.0
,6885,,,,,15.948486328125,-69.47021484375,0.07509750366210938,-0.9271693176269532,0.0
,6886,,,,,21.5240478515625,-67.0806884765625,0.13641849975585937,-0.9143250549316406,0.0
,6887,,,,,26.98974609375,-64.8284912109375,0.14905559692382814,-0.9051061889648437,0.0
,6888,,,,,32.5653076171875,-62.43896484375,0.17723010864257813,-0.9071778442382813,0.0
,6889,,,,,38.3056640625,-59.80224609375,0.21855963134765627,-0.8713382080078125,0.0
,6890,,,,,44.9066162109375,-55.1971435546875,0.28205586547851563,-0.8393311340332031,0.0
,6891,,,,,47.845458984375,-55.1971435546875,0.3154095153808594,-0.8238973022460938,0.0
,6892,,,,,53.79638671875,-49.0447998046875,0.37693767700195313,-0.7802889587402344,0.0
,6893,,,,,55.6732177734375,-49.0447998046875,0.4262430725097656,-0.7496284606933594,0.0
,6894,,,,,60.8001708984375,-42.81005859375,0.49087871704101566,-0.7142031555175782,0.0
,6895,,,,,61.5142822265625,-42.81005859375,0.5665977172851563,-0.670387646484375,0.0
,6896,,,,,65.899658203125,-35.9893798828125,0.6203571716308593,-0.6535036560058594,0.0
,6897,,,,,65.753173828125,-35.9893798828125,0.6598222045898438,-0.6058555847167969,0.0
,6898,,,,,68.9849853515625,-29.150390625,0.7147210693359375,-0.5748843383789063,0.0
,6899,,,,,67.9229736328125,-29.150390625,0.7616440612792968,-0.5445345886230469,0.0
,6900,,,,,70.037841796875,-23.2086181640625,0.8219292297363282,-0.47565205078125,0.0
,6901,,,,,67.9595947265625,-23.2086181640625,0.8603584350585938,-0.41464180297851566,0.0
,6902,,,,,72.161865234375,-11.517333984375,0.8781746704101563,-0.37828425292968754,0.0
,6903,,,,,69.4244384765625,-11.517333984375,0.9027237854003907,-0.3517670654296875,0.0
,6904,,,,,74.7161865234375,1.904296875,0.8906046020507813,-0.3271143676757813,0.0
,6905,,,,,68.572998046875,1.904296875,0.9214722656250001,-0.26672561645507814,0.0
,6906,,,,,74.5330810546875,12.2314453125,0.9160859619140626,-0.21855963134765627,0.0
,6907,,,,,68.6737060546875,12.2314453125,0.9266514038085938,-0.16625033569335937,0.0
,6908,,,,,73.992919921875,21.4508056640625,0.8831466430664062,-0.11124788818359375,0.0
,6909,,,,,67.4560546875,21.4508056640625,0.8842860534667969,-0.03956861572265625,0.0
,6910,,,,,73.223876953125,31.439208984375,0.8854254638671876,0.0451620849609375,0.0
,6911,,,,,66.3299560546875,31.439208984375,0.8851147155761719,0.09229224243164062,0.0
,6912,,,,,70.4132080078125,38.525390625,0.8513467346191407,0.15589205932617187,0.0
,6913,,,,,61.9720458984375,38.525390625,0.8495858276367187,0.23306121826171874,0.0
,6914,,,,,64.3798828125,42.681884765625,0.8669877319335938,0.3161345947265625,0.0
,6915,,,,,59.9761962890625,42.681884765625,0.8463747619628906,0.3909213500976563,0.0
,6916,,,,,62.3565673828125,46.8017578125,0.8409884582519531,0.4637400329589844,0.0
,6917,,,,,53.4393310546875,46.8017578125,0.8300086853027344,0.5084877868652344,0.0
,6918,,,,,56.597900390625,52.276611328125,0.8167500915527344,0.5567573547363281,0.0
,6919,,,,,43.817138671875,52.276611328125,0.7965514526367188,0.5671156311035156,0.0
,6920,,,,,18.4478759765625,55.5816650390625,0.7818427001953125,0.602437353515625,0.0
,6921,,,,,30.377197265625,59.1705322265625,0.6944188476562501,0.5802706420898438,0.0
,6922,,,,,32.8399658203125,63.427734375,0.6843713195800781,0.6276079650878906,0.0
,6923,,,,,25.1678466796875,67.1539306640625,0.6117598022460937,0.6398307312011718,0.0
,6924,,,,,26.495361328125,69.4610595703125,0.6055448364257813,0.6848892333984375,0.0
,6925,,,,,16.4886474609375,71.173095703125,0.511284521484375,0.703534130859375,0.0
,6926,,,,,17.32177734375,72.6287841796875,0.4737875610351563,0.7707593444824219,0.0
,6927,,,,,8.8531494140625,73.71826171875,0.4045942749023438,0.8146784362792969,0.0
,6928,,,,,9.1552734375,74.2401123046875,0.3848099670410156,0.8691629699707032,0.0
,6929,,,,,0.3021240234375,74.322509765625,0.2951072937011719,0.8841824707031251,0.0
,6930,,,,,0.2471923828125,74.2218017578125,0.2581282470703125,0.9246833312988282,0.0
,6931,,,,,-4.339599609375,73.992919921875,0.1795089294433594,0.9243725830078126,0.0
,6932,,,,,-4.6051025390625,73.5443115234375,0.1372471618652344,0.9437425598144532,0.0
,6933,,,,,-12.19482421875,72.418212890625,0.061735327148437505,0.9400135803222657,0.0
,6934,,,,,-13.1011962890625,70.843505859375,0.02506702880859375,0.9584513122558594,0.0
,6935,,,,,-20.32470703125,68.8385009765625,-0.03179990844726563,0.9378383422851563,0.0
,6936,,,,,-21.35009765625,67.05322265625,-0.061631744384765624,0.9307947143554688,0.0
,6937,,,,,-26.934814453125,64.8651123046875,-0.10513650512695313,0.9039667785644532,0.0
,6938,,,,,-33.3892822265625,62.3748779296875,-0.13703999633789063,0.8990983886718751,0.0
,6939,,,,,-40.850830078125,57.110595703125,-0.183134326171875,0.8880150329589844,0.0
,6940,,,,,-44.1741943359375,57.110595703125,-0.2487022155761719,0.8412992065429687,0.0
,6941,,,,,-50.28076171875,51.96533203125,-0.3126127807617188,0.8061846496582031,0.0
,6942,,,,,-52.7801513671875,51.96533203125,-0.37621259765625004,0.7671339477539063,0.0
,6943,,,,,-59.2803955078125,44.86083984375,-0.428418310546875,0.7410310913085938,0.0
,6944,,,,,-60.7269287109375,44.86083984375,-0.4984402587890625,0.6929686889648438,0.0
,6945,,,,,-65.33203125,38.3331298828125,-0.5686693725585937,0.6613759460449219,0.0
,6946,,,,,-65.51513671875,38.3331298828125,-0.6354802551269532,0.6200464233398437,0.0
,6947,,,,,-70.05615234375,30.6060791015625,-0.7082989379882813,0.565976220703125,0.0
,6948,,,,,-69.818115234375,30.6060791015625,-0.7590544921875,0.5282720947265626,0.0
,6949,,,,,-71.3836669921875,26.605224609375,-0.7793567138671875,0.4766878784179688,0.0
,6950,,,,,-69.8822021484375,26.605224609375,-0.8152999328613282,0.43162937622070313,0.0
,6951,,,,,-72.930908203125,17.6513671875,-0.8605656005859376,0.3777663391113281,0.0
,6952,,,,,-90.9942626953125,-17.6788330078125,-0.8849075500488282,0.36699373168945315,0.0
,6953,,,,,-82.379150390625,-7.03125,-0.8954729919433594,0.32970393676757814,0.0
,6954,,,,,-79.4677734375,-7.03125,-0.8985804748535157,0.311576953125,0.0
,6955,,,,,-76.153564453125,-5.657958984375,-0.9194006103515625,0.2540885192871094,0.0
,6956,,,,,-69.0765380859375,-5.657958984375,-0.909974578857422,0.24486965332031252,0.0
,6957,,,,,-75.5218505859375,-16.827392578125,-0.9240618347167969,0.16676824951171876,0.0
,6958,,,,,-69.6990966796875,-16.827392578125,-0.9154644653320313,0.131757275390625,0.0
,6959,,,,,-75.2197265625,-26.3946533203125,-0.9139107238769532,0.02154521484375,0.0
,6960,,,,,-68.8201904296875,-26.3946533203125,-0.9013772094726563,-0.03211065673828125,0.0
,6961,,,,,-73.4344482421875,-34.3780517578125,-0.8994091369628906,-0.11135147094726563,0.0
,6962,,,,,-66.61376953125,-34.3780517578125,-0.8824215637207031,-0.1454302001953125,0.0
,6963,,,,,-69.3878173828125,-39.1754150390625,-0.9105960754394532,-0.2619608093261719,0.0
,6964,,,,,-62.6220703125,-39.1754150390625,-0.8837681396484375,-0.3063978149414063,0.0
,6965,,,,,-65.771484375,-44.6319580078125,-0.8605656005859376,-0.3779735046386719,0.0
,6966,,,,,-58.4747314453125,-44.6319580078125,-0.8578724487304688,-0.4238606689453125,0.0
,6967,,,,,-60.9100341796875,-48.8616943359375,-0.8733062805175782,-0.5016513244628906,0.0
,6968,,,,,-48.5321044921875,-48.8616943359375,-0.851035986328125,-0.5293079223632813,0.0
,6969,,,,,-50.3265380859375,-51.9561767578125,-0.8223435607910157,-0.5936328186035157,0.0
,6970,,,,,-38.616943359375,-55.8929443359375,-0.8164393432617187,-0.6275043823242188,0.0
,6971,,,,,-40.447998046875,-59.0606689453125,-0.7899221557617188,-0.6616866943359375,0.0
,6972,,,,,-28.363037109375,-62.4847412109375,-0.7414454223632813,-0.6693518188476563,0.0
,6973,,,,,-30.523681640625,-66.229248046875,-0.6921400268554688,-0.7212467834472657,0.0
,6974,,,,,-20.3338623046875,-69.0216064453125,-0.6495675109863281,-0.7551183471679688,0.0
,6975,,,,,-21.4508056640625,-70.9625244140625,-0.5947722290039062,-0.7820498657226562,0.0
,6976,,,,,-11.6729736328125,-72.8302001953125,-0.5046552246093751,-0.7877469177246094,0.0
,6977,,,,,-12.506103515625,-74.267578125,-0.43981241455078124,-0.8201683227539063,0.0
,6978,,,,,-3.5614013671875,-74.81689453125,-0.3974470642089844,-0.86346591796875,0.0
,6979,,,,,-3.7353515625,-75.1190185546875,-0.3227638916015625,-0.8883257812500001,0.0
,6980,,,,,3.0670166015625,-75.0457763671875,-0.26869368896484375,-0.9079029235839844,0.0
,6981,,,,,3.1219482421875,-74.945068359375,-0.20126130981445314,-0.9242690002441406,0.0
,6982,,,,,10.5377197265625,-74.652099609375,-0.13766149291992189,-0.922300927734375,0.0
,6983,,,,,11.1602783203125,-73.57177734375,-0.08214113159179688,-0.9295517211914063,0.0
,6984,,,,,17.083740234375,-71.8963623046875,0.008079455566406251,-0.9274800659179688,0.0
,6985,,,,,18.072509765625,-70.1751708984375,0.0542773681640625,-0.9345236938476563,0.0
,6986,,,,,23.2452392578125,-67.529296875,0.0932244873046875,-0.953790087890625,0.0
,6987,,,,,29.1778564453125,-64.947509765625,0.10927981567382813,-0.9634232849121094,0.0
,6988,,,,,34.5977783203125,-62.2100830078125,0.17412262573242188,-0.9453998840332032,0.0
,6989,,,,,40.4205322265625,-59.234619140625,0.18468806762695314,-0.9118390686035156,0.0
,6990,,,,,47.625732421875,-53.5308837890625,0.2398976806640625,-0.8778639221191407,0.0
,6991,,,,,50.9674072265625,-53.5308837890625,0.2993541870117188,-0.8395382995605469,0.0
,6992,,,,,56.3690185546875,-49.0264892578125,0.3526993103027344,-0.8204790710449219,0.0
,6993,,,,,58.447265625,-49.0264892578125,0.3857422119140625,-0.8116745361328125,0.0
,6994,,,,,64.141845703125,-42.0684814453125,0.4768950439453125,-0.7404095947265625,0.0
,6995,,,,,65.3228759765625,-42.0684814453125,0.5488850646972656,-0.6863393920898437,0.0
,6996,,,,,69.9371337890625,-35.3302001953125,0.6172496887207032,-0.6393128173828125,0.0
,6997,,,,,69.6533203125,-35.3302001953125,0.6627225219726562,-0.6086523193359376,0.0
,6998,,,,,72.0245361328125,-30.120849609375,0.7309835632324219,-0.5567573547363281,0.0
,6999,,,,,70.9259033203125,-30.120849609375,0.7904400695800782,-0.49295037231445316,0.0
,7000,,,,,72.8485107421875,-24.1973876953125,0.8221363952636719,-0.4583537292480469,0.0
,7001,,,,,70.770263671875,-24.1973876953125,0.8691629699707032,-0.4170242065429688,0.0
,7002,,,,,74.52392578125,-13.7969970703125,0.8994091369628906,-0.4014867919921875,0.0
,7003,,,,,71.7681884765625,-13.7969970703125,0.9131856445312501,-0.3691689697265625,0.0
,7004,,,,,77.7191162109375,1.904296875,0.9194006103515625,-0.3259749572753906,0.0
,7005,,,,,75.03662109375,1.904296875,0.9457106323242188,-0.2785340515136719,0.0
,7006,,,,,77.6641845703125,11.24267578125,0.9159823791503906,-0.229539404296875,0.0
,7007,,,,,71.5667724609375,11.24267578125,0.9341093627929687,-0.17018648071289064,0.0
,7008,,,,,77.5177001953125,21.551513671875,0.9408422424316406,-0.08576652832031251,0.0
,7009,,,,,71.173095703125,21.551513671875,0.9441568908691407,-0.019577142333984377,0.0
,7010,,,,,75.7049560546875,29.3975830078125,0.9121498168945312,0.05707410278320313,0.0
,7011,,,,,68.9666748046875,29.3975830078125,0.9420852355957031,0.13776507568359375,0.0
,7012,,,,,73.5443115234375,37.3260498046875,0.9376311767578125,0.22612117309570312,0.0
,7013,,,,,63.6474609375,37.3260498046875,0.9502682739257813,0.2932428039550781,0.0
,7014,,,,,65.80810546875,41.070556640625,0.9276872314453125,0.3531136413574219,0.0
,7015,,,,,60.5072021484375,41.070556640625,0.9342129455566407,0.4304899658203125,0.0
,7016,,,,,63.720703125,46.6278076171875,0.9225080932617188,0.4841458374023438,0.0
,7017,,,,,53.9154052734375,46.6278076171875,0.9152572998046875,0.5150135009765625,0.0
,7018,,,,,56.6070556640625,51.287841796875,0.9117354858398438,0.584206787109375,0.0
,7019,,,,,43.8629150390625,51.287841796875,0.8700952148437501,0.5859676940917969,0.0
,7020,,,,,17.449951171875,54.9224853515625,0.870923876953125,0.6443883728027344,0.0
,7021,,,,,31.8328857421875,59.06982421875,0.7808068725585938,0.6451134521484375,0.0
,7022,,,,,33.9752197265625,62.7685546875,0.7561541748046875,0.6691446533203125,0.0
,7023,,,,,23.62060546875,65.6158447265625,0.6918292785644532,0.6724593017578125,0.0
,7024,,,,,25.1678466796875,68.29833984375,0.6801244262695313,0.7208324523925781,0.0
,7025,,,,,14.0167236328125,70.9808349609375,0.5801670593261719,0.6965940856933593,0.0
,7026,,,,,15.3533935546875,73.3062744140625,0.5364551330566406,0.7587437438964844,0.0
,7027,,,,,5.52978515625,74.4598388671875,0.43753359375,0.7841215209960938,0.0
,7028,,,,,5.96923828125,75.2288818359375,0.41049849243164066,0.8490679138183594,0.0
,7029,,,,,-2.3895263671875,75.7781982421875,0.353838720703125,0.8781746704101563,0.0
,7030,,,,,-2.252197265625,76.025390625,0.2828845275878906,0.8973374816894532,0.0
,7031,,,,,-7.6080322265625,75.6591796875,0.1752620361328125,0.8828358947753907,0.0
,7032,,,,,-8.16650390625,74.688720703125,0.14366929321289063,0.9166038757324219,0.0
,7033,,,,,-14.0533447265625,73.114013671875,0.07178285522460938,0.9232331726074219,0.0
,7034,,,,,-15.032958984375,71.4202880859375,0.022684625244140624,0.9225080932617188,0.0
,7035,,,,,-17.7978515625,69.232177734375,-0.026931518554687502,0.9117354858398438,0.0
,7036,,,,,-23.583984375,66.7877197265625,-0.06577505493164063,0.9092494995117187,0.0
,7037,,,,,-29.7454833984375,64.3341064453125,-0.1064830810546875,0.8865648742675781,0.0
,7038,,,,,-35.3668212890625,62.530517578125,-0.16024253540039063,0.8464783447265626,0.0
,7039,,,,,-42.6361083984375,57.0098876953125,-0.19297468872070314,0.8434744445800781,0.0
,7040,,,,,-46.5728759765625,57.0098876953125,-0.24580189819335937,0.8126067810058594,0.0
,7041,,,,,-52.8350830078125,52.3956298828125,-0.32670003662109376,0.7766635620117188,0.0
,7042,,,,,-54.9957275390625,52.3956298828125,-0.39340733642578124,0.7272545837402344,0.0
,7043,,,,,-60.4522705078125,46.7193603515625,-0.4366013488769531,0.705191455078125,0.0
,7044,,,,,-62.2100830078125,46.7193603515625,-0.47565205078125,0.6692482360839844,0.0
,7045,,,,,-66.90673828125,40.5303955078125,-0.54857431640625,0.6259506408691407,0.0
,7046,,,,,-66.943359375,40.5303955078125,-0.6296796203613282,0.5638009826660156,0.0
,7047,,,,,-69.9371337890625,34.97314453125,-0.7142031555175782,0.522885791015625,0.0
,7048,,,,,-69.2779541015625,34.97314453125,-0.7616440612792968,0.4749269714355469,0.0
,7049,,,,,-71.96044921875,28.656005859375,-0.8020413391113281,0.44012316284179687,0.0
,7050,,,,,-70.3399658203125,28.656005859375,-0.8535219726562501,0.4165062927246094,0.0
,7051,,,,,-73.297119140625,19.8394775390625,-0.8967159851074219,0.3791129150390625,0.0
,7052,,,,,-93.71337890625,-19.866943359375,-0.9172253723144531,0.3480380859375,0.0
,7053,,,,,-83.0474853515625,-6.8206787109375,-0.9349380249023438,0.314062939453125,0.0
,7054,,,,,-79.7882080078125,-6.8206787109375,-0.9351451904296876,0.28340244140625,0.0
,7055,,,,,-75.3204345703125,-3.5980224609375,-0.9456070495605469,0.229539404296875,0.0
,7056,,,,,-69.0216064453125,-3.5980224609375,-0.9665307678222657,0.19577142333984376,0.0
,7057,,,,,-75.4119873046875,-14.666748046875,-0.9533757568359376,0.1325859375,0.0
,7058,,,,,-68.8751220703125,-14.666748046875,-0.94136015625,0.07830856933593751,0.0
,7059,,,,,-73.8372802734375,-23.25439453125,-0.9608337158203125,-0.027656597900390625,0.0
,7060,,,,,-66.0919189453125,-23.25439453125,-0.9475751220703126,-0.06898612060546876,0.0
,7061,,,,,-70.9808349609375,-31.7230224609375,-0.9759567993164063,-0.15775654907226563,0.0
,7062,,,,,-62.9058837890625,-31.7230224609375,-0.9493360290527344,-0.1794053466796875,0.0
,7063,,,,,-65.716552734375,-36.5936279296875,-0.9329699523925782,-0.259371240234375,0.0
,7064,,,,,-58.7127685546875,-36.5936279296875,-0.9018951232910156,-0.31509876708984375,0.0
,7065,,,,,-62.109375,-42.48046875,-0.8814893188476562,-0.38356697387695315,0.0
,7066,,,,,-55.169677734375,-42.48046875,-0.8791069152832032,-0.42251409301757814,0.0
,7067,,,,,-57.9345703125,-47.259521484375,-0.8562151245117188,-0.4894285583496094,0.0
,7068,,,,,-46.9940185546875,-47.259521484375,-0.8115709533691406,-0.47927744750976564,0.0
,7069,,,,,-48.6419677734375,-50.1251220703125,-0.8176823364257813,-0.5447417541503906,0.0
,7070,,,,,-36.8316650390625,-54.08935546875,-0.8098100463867188,-0.5741592590332032,0.0
,7071,,,,,-38.873291015625,-57.623291015625,-0.7634049682617188,-0.598397625732422,0.0
,7072,,,,,-26.40380859375,-61.138916015625,-0.7472460571289062,-0.6278151306152344,0.0
,7073,,,,,-28.5369873046875,-64.8284912109375,-0.70104814453125,-0.6656228393554687,0.0
,7074,,,,,-17.7520751953125,-68.2891845703125,-0.6161102783203125,-0.6722521362304688,0.0
,7075,,,,,-18.951416015625,-70.367431640625,-0.5652511413574219,-0.713478076171875,0.0
,7076,,,,,-8.2672119140625,-72.015380859375,-0.5221607116699218,-0.7602974853515625,0.0
,7077,,,,,-9.2559814453125,-73.7274169921875,-0.47088724365234375,-0.8043201599121094,0.0
,7078,,,,,-0.84228515625,-74.9267578125,-0.38750311889648437,-0.821307733154297,0.0
,7079,,,,,-0.9246826171875,-75.0640869140625,-0.31644534301757815,-0.8281441955566406,0.0
,7080,,,,,6.005859375,-74.835205078125,-0.2528455261230469,-0.846064013671875,0.0
,7081,,,,,6.134033203125,-74.615478515625,-0.16552525634765625,-0.8555936279296875,0.0
,7082,,,,,11.627197265625,-73.6907958984375,-0.08804534912109375,-0.854350634765625,0.0
,7083,,,,,12.26806640625,-72.5830078125,-0.033250067138671874,-0.8704059631347657,0.0
,7084,,,,,17.7337646484375,-70.9075927734375,0.028796008300781252,-0.8697844665527344,0.0
,7085,,,,,19.024658203125,-68.6737060546875,0.04329759521484375,-0.8866684570312501,0.0
,7086,,,,,24.5819091796875,-66.2109375,0.09964661865234375,-0.8837681396484375,0.0
,7087,,,,,29.5806884765625,-64.1143798828125,0.13911165161132813,-0.8733062805175782,0.0
,7088,,,,,34.8175048828125,-62.14599609375,0.1955642578125,-0.8515539001464844,0.0
,7089,,,,,39.9169921875,-60.1318359375,0.20923718261718752,-0.8429565307617187,0.0
,7090,,,,,47.05810546875,-55.078125,0.25854257812500003,-0.8200647399902344,0.0
,7091,,,,,50.4180908203125,-55.078125,0.30474049072265624,-0.7755241516113281,0.0
,7092,,,,,55.55419921875,-50.537109375,0.3546673828125,-0.7476603881835938,0.0
,7093,,,,,57.476806640625,-50.537109375,0.38304906005859374,-0.7477639709472657,0.0
,7094,,,,,63.006591796875,-43.8720703125,0.4841458374023438,-0.6944188476562501,0.0
,7095,,,,,63.90380859375,-43.8720703125,0.5349013916015625,-0.6434561279296875,0.0
,7096,,,,,67.5018310546875,-38.323974609375,0.6162138610839843,-0.5868999389648437,0.0
,7097,,,,,67.3828125,-38.323974609375,0.67453095703125,-0.5295150878906251,0.0
,7098,,,,,69.7906494140625,-33.0596923828125,0.7475568054199219,-0.4985438415527344,0.0
,7099,,,,,68.609619140625,-33.0596923828125,0.7787352172851563,-0.48331717529296875,0.0
,7100,,,,,70.6787109375,-26.91650390625,0.8300086853027344,-0.44540588378906254,0.0
,7101,,,,,68.6920166015625,-26.91650390625,0.8690593872070312,-0.40925549926757815,0.0
,7102,,,,,73.828125,-14.1082763671875,0.8771388427734376,-0.3849135498046875,0.0
,7103,,,,,70.2667236328125,-14.1082763671875,0.9177432861328125,-0.3435840270996094,0.0
,7104,,,,,73.53515625,-2.7008056640625,0.9283087280273438,-0.31302711181640624,0.0
,7105,,,,,71.0540771484375,-2.7008056640625,0.9295517211914063,-0.27988062744140624,0.0
,7106,,,,,75.5126953125,9.11865234375,0.9138071411132813,-0.21638439331054687,0.0
,7107,,,,,68.6920166015625,9.11865234375,0.938874169921875,-0.14770902099609376,0.0
,7108,,,,,74.212646484375,18.6767578125,0.9412565734863282,-0.06732879638671875,0.0
,7109,,,,,68.5546875,18.6767578125,0.9435353942871094,-0.004454058837890625,0.0
,7110,,,,,73.919677734375,27.960205078125,0.9172253723144531,0.06080308227539063,0.0
,7111,,,,,65.1397705078125,27.960205078125,0.9616623779296876,0.14263346557617188,0.0
,7112,,,,,69.873046875,36.1724853515625,0.9341093627929687,0.19991473388671877,0.0
,7113,,,,,61.6607666015625,36.1724853515625,0.9349380249023438,0.2578174987792969,0.0
,7114,,,,,64.4439697265625,40.997314453125,0.9240618347167969,0.3219352294921875,0.0
,7115,,,,,57.110595703125,40.997314453125,0.9058312683105469,0.38646729125976564,0.0
,7116,,,,,60.2783203125,46.490478515625,0.9171217895507813,0.4644651123046875,0.0
,7117,,,,,52.9998779296875,46.490478515625,0.9051061889648437,0.5007190795898437,0.0
,7118,,,,,55.682373046875,51.1505126953125,0.8791069152832032,0.5407020263671876,0.0
,7119,,,,,41.8487548828125,51.1505126953125,0.8196504089355469,0.5422557678222656,0.0
,7120,,,,,19.482421875,55.096435546875,0.8437851928710938,0.6030588500976563,0.0
,7121,,,,,30.9722900390625,59.06982421875,0.7881612487792969,0.5874178527832031,0.0
,7122,,,,,32.8582763671875,62.3199462890625,0.7648551269531251,0.6234646545410156,0.0
,7123,,,,,20.8831787109375,65.8721923828125,0.6915185302734376,0.6522606628417968,0.0
,7124,,,,,22.833251953125,69.25048828125,0.6518463317871094,0.6920364440917969,0.0
,7125,,,,,12.9180908203125,71.6766357421875,0.5794419799804688,0.6683159912109375,0.0
,7126,,,,,13.916015625,73.406982421875,0.5572752685546876,0.72425068359375,0.0
,7127,,,,,4.0008544921875,74.688720703125,0.4445772216796875,0.7477639709472657,0.0
,7128,,,,,4.7607421875,76.007080078125,0.40386919555664064,0.8084634704589844,0.0
,7129,,,,,-3.314208984375,76.64794921875,0.3332257507324219,0.8434744445800781,0.0
,7130,,,,,-3.2501220703125,76.7486572265625,0.2806057067871094,0.88335380859375,0.0
,7131,,,,,-7.8643798828125,76.556396484375,0.1790945983886719,0.8928834228515625,0.0
,7132,,,,,-8.5052490234375,75.4486083984375,0.1205703369140625,0.9119426513671876,0.0
,7133,,,,,-13.7969970703125,73.9471435546875,0.07126494140625,0.9398064147949219,0.0
,7134,,,,,-14.7674560546875,72.2625732421875,0.04381550903320312,0.9671522644042969,0.0
,7135,,,,,-17.5872802734375,70.0836181640625,-0.04951256103515625,0.9443640563964844,0.0
,7136,,,,,-23.309326171875,67.987060546875,-0.10586158447265626,0.9074885925292969,0.0
,7137,,,,,-29.18701171875,65.9912109375,-0.11994884033203125,0.9150501342773438,0.0
,7138,,,,,-34.423828125,64.0869140625,-0.16127836303710938,0.8803499084472657,0.0
,7139,,,,,-41.3543701171875,59.051513671875,-0.23886185302734375,0.8332197509765625,0.0
,7140,,,,,-45.2545166015625,59.051513671875,-0.30329033203125,0.8069097290039062,0.0
,7141,,,,,-51.287841796875,54.3914794921875,-0.3683403076171875,0.7826713623046875,0.0
,7142,,,,,-53.741455078125,54.3914794921875,-0.4362906005859375,0.7306728149414062,0.0
,7143,,,,,-58.6212158203125,49.6124267578125,-0.47554846801757816,0.7001158996582032,0.0
,7144,,,,,-60.0677490234375,49.6124267578125,-0.5364551330566406,0.6711127258300782,0.0
,7145,,,,,-65.29541015625,42.1783447265625,-0.6109311401367188,0.6428346313476563,0.0
,7146,,,,,-65.093994140625,42.1783447265625,-0.6669694152832032,0.6083415710449219,0.0
,7147,,,,,-68.1243896484375,36.273193359375,-0.72425068359375,0.5535462890625,0.0
,7148,,,,,-67.41943359375,36.273193359375,-0.7810140380859375,0.5134597595214844,0.0
,7149,,,,,-70.1019287109375,29.205322265625,-0.8354985717773438,0.4788631164550781,0.0
,7150,,,,,-68.1610107421875,29.205322265625,-0.8651232421875,0.45472833251953126,0.0
,7151,,,,,-71.30126953125,20.6451416015625,-0.9006521301269531,0.4147453857421875,0.0
,7152,,,,,-68.8201904296875,20.6451416015625,-0.9135999755859375,0.4028333679199219,0.0
,7153,,,,,-73.370361328125,8.7890625,-0.9416709045410157,0.34420552368164065,0.0
,7154,,,,,-80.67626953125,-8.8165283203125,-0.9672558471679688,0.30660498046875,0.0
,7155,,,,,-74.4415283203125,-3.0120849609375,-0.9748173889160157,0.24062276000976562,0.0
,7156,,,,,-69.2047119140625,-3.0120849609375,-0.9677737609863282,0.2238423522949219,0.0
,7157,,,,,-75.8148193359375,-14.4561767578125,-0.976267547607422,0.14574094848632813,0.0
,7158,,,,,-68.2159423828125,-14.4561767578125,-0.9689131713867187,0.11093713989257813,0.0
,7159,,,,,-73.9837646484375,-24.4537353515625,-0.9498539428710938,0.03293931884765625,0.0
,7160,,,,,-66.97998046875,-24.4537353515625,-0.9408422424316406,-0.024031201171875002,0.0
,7161,,,,,-72.491455078125,-33.9935302734375,-0.9599014709472656,-0.12378140258789062,0.0
,7162,,,,,-62.8143310546875,-33.9935302734375,-0.9318305419921875,-0.15195591430664063,0.0
,7163,,,,,-66.9158935546875,-41.0980224609375,-0.9489216979980469,-0.20571536865234374,0.0
,7164,,,,,-58.7127685546875,-41.0980224609375,-0.9273764831542969,-0.2640324645996094,0.0
,7165,,,,,-61.19384765625,-45.391845703125,-0.9218865966796875,-0.3622289245605469,0.0
,7166,,,,,-54.01611328125,-45.391845703125,-0.8811785705566406,-0.39786139526367187,0.0
,7167,,,,,-57.0556640625,-50.6561279296875,-0.8457532653808594,-0.46477586059570314,0.0
,7168,,,,,-48.0743408203125,-50.6561279296875,-0.8397454650878906,-0.4954363586425781,0.0
,7169,,,,,-49.03564453125,-52.3223876953125,-0.8248295471191407,-0.556032275390625,0.0
,7170,,,,,-36.62109375,-56.2225341796875,-0.7908544006347656,-0.5578967651367188,0.0
,7171,,,,,-38.836669921875,-60.0494384765625,-0.7708629272460937,-0.5964295532226562,0.0
,7172,,,,,-27.1636962890625,-63.2171630859375,-0.7212467834472657,-0.6101024780273437,0.0
,7173,,,,,-29.132080078125,-66.632080078125,-0.6651049255371094,-0.6357910034179688,0.0
,7174,,,,,-16.973876953125,-69.8822021484375,-0.6261578063964844,-0.6542287353515626,0.0
,7175,,,,,-18.49365234375,-72.5189208984375,-0.5797527282714844,-0.7142031555175782,0.0
,7176,,,,,-9.7412109375,-74.1943359375,-0.5092128662109375,-0.7335731323242187,0.0
,7177,,,,,-10.7574462890625,-75.9429931640625,-0.4560749084472656,-0.7741775756835938,0.0
,7178,,,,,-1.1444091796875,-77.2430419921875,-0.3827383117675781,-0.7941690490722656,0.0
,7179,,,,,-1.483154296875,-77.838134765625,-0.3016330078125,-0.8243116333007813,0.0
,7180,,,,,2.8656005859375,-77.5360107421875,-0.23565078735351563,-0.8646053283691406,0.0
,7181,,,,,3.1036376953125,-77.1240234375,-0.14429078979492188,-0.8719597045898437,0.0
,7182,,,,,9.9334716796875,-76.3458251953125,-0.06318548583984375,-0.8749636047363282,0.0
,7183,,,,,10.6292724609375,-75.146484375,-0.0343894775390625,-0.9036560302734375,0.0
,7184,,,,,15.9576416015625,-73.5076904296875,0.04340117797851563,-0.9042775268554688,0.0
,7185,,,,,16.9281005859375,-71.8231201171875,0.0725079345703125,-0.9105960754394532,0.0
,7186,,,,,21.78955078125,-70.0927734375,0.12036317138671876,-0.9096638305664063,0.0
,7187,,,,,28.179931640625,-67.510986328125,0.12357423706054688,-0.9041739440917969,0.0
,7188,,,,,34.4970703125,-64.7735595703125,0.16417868041992187,-0.8822143981933595,0.0
,7189,,,,,39.29443359375,-62.7960205078125,0.21742022094726562,-0.8698880493164063,0.0
,7190,,,,,45.7672119140625,-57.6873779296875,0.31623817749023436,-0.8197539916992188,0.0
,7191,,,,,49.0447998046875,-57.6873779296875,0.34907391357421874,-0.804630908203125,0.0
,7192,,,,,54.7119140625,-52.093505859375,0.3899891052246094,-0.8064953979492188,0.0
,7193,,,,,56.1126708984375,-52.093505859375,0.4351511901855469,-0.7692056030273438,0.0
,7194,,,,,60.882568359375,-45.428466796875,0.5280649291992188,-0.7161712280273438,0.0
,7195,,,,,61.4501953125,-45.428466796875,0.5990191223144531,-0.6797100952148438,0.0
,7196,,,,,66.5771484375,-37.3077392578125,0.6617902770996094,-0.6414880554199219,0.0
,7197,,,,,66.412353515625,-37.3077392578125,0.7239399353027344,-0.5767488281250001,0.0
,7198,,,,,68.206787109375,-33.3709716796875,0.7676518615722656,-0.53200107421875,0.0
,7199,,,,,67.2821044921875,-33.3709716796875,0.8010055114746094,-0.5020656555175781,0.0
,7200,,,,,70.2484130859375,-26.0284423828125,0.8525897277832032,-0.4489276977539063,0.0
,7201,,,,,68.426513671875,-26.0284423828125,0.8784854187011719,-0.42582874145507815,0.0
,7202,,,,,72.7203369140625,-15.032958984375,0.8821108154296875,-0.40811608886718753,0.0
,7203,,,,,69.9737548828125,-15.032958984375,0.9134963928222657,-0.3561175415039063,0.0
,7204,,,,,76.666259765625,1.995849609375,0.9282051452636719,-0.32245314331054686,0.0
,7205,,,,,73.5626220703125,1.995849609375,0.9273764831542969,-0.2871314208984375,0.0
,7206,,,,,75.5767822265625,10.1898193359375,0.9069706787109375,-0.2432123291015625,0.0
,7207,,,,,68.5546875,10.1898193359375,0.9489216979980469,-0.18800271606445312,0.0
,7208,,,,,75.18310546875,21.6705322265625,0.9327627868652344,-0.12999636840820314,0.0
,7209,,,,,68.023681640625,21.6705322265625,0.9331771179199219,-0.058938592529296875,0.0
,7210,,,,,72.967529296875,30.230712890625,0.9133928100585937,0.014812335205078126,0.0
,7211,,,,,64.5263671875,30.230712890625,0.9346272766113282,0.09498539428710938,0.0
,7212,,,,,69.61669921875,39.0472412109375,0.9290338073730469,0.17868026733398437,0.0
,7213,,,,,61.431884765625,39.0472412109375,0.9345236938476563,0.24103709106445315,0.0
,7214,,,,,63.7481689453125,43.048095703125,0.9027237854003907,0.2869242553710938,0.0
,7215,,,,,56.72607421875,43.048095703125,0.8853218811035156,0.3437911926269531,0.0
,7216,,,,,60.2691650390625,49.1729736328125,0.8738241943359375,0.41671345825195316,0.0
,7217,,,,,52.9449462890625,49.1729736328125,0.8623265075683594,0.4656045227050781,0.0
,7218,,,,,55.352783203125,53.3477783203125,0.8708202941894532,0.5465026611328125,0.0
,7219,,,,,41.912841796875,53.3477783203125,0.8223435607910157,0.5532355407714844,0.0
,7220,,,,,21.6156005859375,56.707763671875,0.8026628356933594,0.5910432495117187,0.0
,7221,,,,,31.7962646484375,60.2783203125,0.7558434265136719,0.5959116394042969,0.0
,7222,,,,,33.6273193359375,63.446044921875,0.7520108642578125,0.640555810546875,0.0
,7223,,,,,22.22900390625,66.4947509765625,0.6494639282226563,0.645527783203125,0.0
,7224,,,,,23.91357421875,69.4244384765625,0.6056484191894531,0.6705948120117188,0.0
,7225,,,,,14.8223876953125,71.9329833984375,0.516256494140625,0.6626189392089844,0.0
,7226,,,,,15.8843994140625,73.773193359375,0.468194091796875,0.7361627014160157,0.0
,7227,,,,,6.793212890625,75.311279296875,0.4053193542480469,0.8027664184570312,0.0
,7228,,,,,7.379150390625,76.318359375,0.38967835693359376,0.8762065979003907,0.0
,7229,,,,,1.3641357421875,76.5472412109375,0.25750675048828126,0.854454217529297,0.0
,7230,,,,,1.190185546875,76.226806640625,0.19494276123046875,0.8819036499023438,0.0
,7231,,,,,-3.900146484375,75.62255859375,0.12740679931640625,0.8973374816894532,0.0
,7232,,,,,-4.486083984375,74.6246337890625,0.09498539428710938,0.9307947143554688,0.0
,7233,,,,,-10.601806640625,73.1689453125,0.048891064453125,0.9558617431640626,0.0
,7234,,,,,-11.444091796875,71.7132568359375,0.002589569091796875,0.9464357116699219,0.0
,7235,,,,,-19.3634033203125,69.598388671875,-0.06991836547851563,0.9260299072265625,0.0
,7236,,,,,-20.7550048828125,67.1905517578125,-0.1114550537109375,0.9175361206054687,0.0
,7237,,,,,-26.6326904296875,64.9017333984375,-0.14511945190429687,0.9081100891113282,0.0
,7238,,,,,-31.732177734375,62.51220703125,-0.1728796325683594,0.8769316772460938,0.0
,7239,,,,,-38.4246826171875,57.9254150390625,-0.22777849731445313,0.8429565307617187,0.0
,7240,,,,,-42.66357421875,57.9254150390625,-0.29262130737304687,0.8053559875488282,0.0
,7241,,,,,-48.394775390625,53.61328125,-0.3500061584472656,0.7808068725585938,0.0
,7242,,,,,-50.57373046875,53.61328125,-0.42354992065429686,0.7394773498535157,0.0
,7243,,,,,-55.99365234375,48.065185546875,-0.46891917114257814,0.7104741760253906,0.0
,7244,,,,,-57.696533203125,48.065185546875,-0.5074519592285156,0.6816781677246094,0.0
,7245,,,,,-62.6861572265625,41.400146484375,-0.5814100524902344,0.6334085998535156,0.0
,7246,,,,,-62.9241943359375,41.400146484375,-0.6490495971679687,0.6003656982421876,0.0
,7247,,,,,-67.34619140625,33.2611083984375,-0.7144103210449219,0.5461919128417969,0.0
,7248,,,,,-66.6595458984375,33.2611083984375,-0.7520108642578125,0.5307580810546875,0.0
,7249,,,,,-68.975830078125,27.7313232421875,-0.801316259765625,0.4819705993652344,0.0
,7250,,,,,-67.4102783203125,27.7313232421875,-0.8313552612304688,0.4621862915039063,0.0
,7251,,,,,-70.147705078125,20.0225830078125,-0.8439923583984376,0.42976488647460936,0.0
,7252,,,,,-90.985107421875,-20.050048828125,-0.8608763488769532,0.41215581665039064,0.0
,7253,,,,,-80.4473876953125,-7.03125,-0.9031381164550781,0.3507312377929688,0.0
,7254,,,,,-77.545166015625,-7.03125,-0.9181576171875,0.3340544128417969,0.0
,7255,,,,,-74.3316650390625,-5.621337890625,-0.9137035583496094,0.27780897216796874,0.0
,7256,,,,,-67.218017578125,-5.621337890625,-0.9166038757324219,0.2551243469238281,0.0
,7257,,,,,-73.6358642578125,-16.7449951171875,-0.9241654174804688,0.16842557373046876,0.0
,7258,,,,,-67.5567626953125,-16.7449951171875,-0.8881186157226563,0.15640997314453126,0.0
,7259,,,,,-73.3795166015625,-26.84326171875,-0.8958873229980469,0.05438095092773438,0.0
,7260,,,,,-65.606689453125,-26.84326171875,-0.8832502258300782,0.02175238037109375,0.0
,7261,,,,,-70.20263671875,-34.808349609375,-0.9114247375488281,-0.09011700439453126,0.0
,7262,,,,,-63.2080078125,-34.808349609375,-0.8911225158691407,-0.131757275390625,0.0
,7263,,,,,-66.76025390625,-40.97900390625,-0.9072814270019531,-0.20861568603515626,0.0
,7264,,,,,-59.088134765625,-40.97900390625,-0.8580796142578125,-0.2590604919433594,0.0
,7265,,,,,-61.541748046875,-45.2362060546875,-0.8191324951171876,-0.33902638549804687,0.0
,7266,,,,,-56.06689453125,-45.2362060546875,-0.8108458740234376,-0.3991043884277344,0.0
,7267,,,,,-59.0423583984375,-50.3997802734375,-0.812917529296875,-0.4695406677246094,0.0
,7268,,,,,-47.6806640625,-50.3997802734375,-0.7737632446289062,-0.48549241333007814,0.0
,7269,,,,,-49.090576171875,-52.84423828125,-0.7490069641113282,-0.5306544982910156,0.0
,7270,,,,,-38.287353515625,-56.011962890625,-0.7470388916015626,-0.5652511413574219,0.0
,7271,,,,,-40.2740478515625,-59.454345703125,-0.7161712280273438,-0.5969474670410156,0.0
,7272,,,,,-27.740478515625,-63.702392578125,-0.6787778503417969,-0.5952901428222657,0.0
,7273,,,,,-29.9652099609375,-67.547607421875,-0.6303011169433594,-0.6376554931640626,0.0
,7274,,,,,-20.379638671875,-70.0103759765625,-0.5612114135742188,-0.6637583496093751,0.0
,7275,,,,,-21.7529296875,-72.381591796875,-0.5188460632324219,-0.7061236999511719,0.0
,7276,,,,,-11.7828369140625,-74.4415283203125,-0.4702657470703125,-0.7559470092773438,0.0
,7277,,,,,-12.4237060546875,-75.54931640625,-0.4075981750488281,-0.7936511352539063,0.0
,7278,,,,,-4.6417236328125,-75.897216796875,-0.34120162353515626,-0.8148856018066406,0.0
,7279,,,,,-4.705810546875,-75.9979248046875,-0.26082139892578127,-0.8275226989746094,0.0
,7280,,,,,1.4190673828125,-75.6866455078125,-0.1944248474121094,-0.8530040588378907,0.0
,7281,,,,,1.812744140625,-74.9908447265625,-0.14035464477539064,-0.8795212463378906,0.0
,7282,,,,,6.9488525390625,-74.322509765625,-0.05769559936523438,-0.8850111328125,0.0
,7283,,,,,7.4798583984375,-73.3978271484375,0.00766512451171875,-0.8887401123046875,0.0
,7284,,,,,14.2181396484375,-71.5301513671875,0.0484767333984375,-0.9075921752929688,0.0
,7285,,,,,15.5181884765625,-69.2779541015625,0.06670729980468751,-0.910699658203125,0.0
,7286,,,,,21.4599609375,-67.3004150390625,0.10254693603515626,-0.9109068237304688,0.0
,7287,,,,,26.7425537109375,-65.7257080078125,0.10120036010742188,-0.9146358032226563,0.0
,7288,,,,,32.3455810546875,-63.5101318359375,0.17453695678710937,-0.8851147155761719,0.0
,7289,,,,,38.4979248046875,-60.8642578125,0.19680725097656251,-0.8690593872070312,0.0
,7290,,,,,45.574951171875,-55.70068359375,0.24963446044921875,-0.846167596435547,0.0
,7291,,,,,48.3123779296875,-55.70068359375,0.3002864318847656,-0.8199611572265625,0.0
,7292,,,,,54.1259765625,-49.896240234375,0.35539246215820314,-0.7911651489257813,0.0
,7293,,,,,56.3232421875,-49.896240234375,0.391957177734375,-0.7741775756835938,0.0
,7294,,,,,61.7523193359375,-43.4051513671875,0.47927744750976564,-0.7336767150878907,0.0
,7295,,,,,62.51220703125,-43.4051513671875,0.5571716857910156,-0.6796065124511719,0.0
,7296,,,,,67.2821044921875,-35.5224609375,0.6384841552734375,-0.6230503234863282,0.0
,7297,,,,,66.8426513671875,-35.5224609375,0.6904827026367187,-0.5600720031738281,0.0
,7298,,,,,69.873046875,-29.2327880859375,0.7131673278808593,-0.5429808471679688,0.0
,7299,,,,,68.73779296875,-29.2327880859375,0.7463138122558594,-0.5082806213378906,0.0
,7300,,,,,71.22802734375,-22.9156494140625,0.8034914978027344,-0.44602738037109374,0.0
,7301,,,,,69.305419921875,-22.9156494140625,0.8639838317871094,-0.41598837890625,0.0
,7302,,,,,73.114013671875,-11.9842529296875,0.8909153503417969,-0.3766269287109375,0.0
,7303,,,,,70.3125,-11.9842529296875,0.8982697265625,-0.3425481994628906,0.0
,7304,,,,,76.6845703125,3.55224609375,0.8855290466308594,-0.3327078369140625,0.0
,7305,,,,,73.3245849609375,3.55224609375,0.9302768005371094,-0.2826773620605469,0.0
,7306,,,,,75.0,11.7828369140625,0.9084208374023438,-0.24259083251953126,0.0
,7307,,,,,68.8934326171875,11.7828369140625,0.9017915405273438,-0.19224960937500002,0.0
,7308,,,,,74.6063232421875,21.6705322265625,0.9003413818359375,-0.11321596069335937,0.0
,7309,,,,,68.0877685546875,21.6705322265625,0.9054169372558594,-0.036357550048828124,0.0
,7310,,,,,73.7274169921875,31.439208984375,0.8841824707031251,0.021855963134765625,0.0
,7311,,,,,66.668701171875,31.439208984375,0.9124605651855469,0.10865831909179688,0.0
,7312,,,,,70.9442138671875,38.85498046875,0.8813857360839844,0.17919818115234376,0.0
,7313,,,,,62.347412109375,38.85498046875,0.8845968017578125,0.26568978881835936,0.0
,7314,,,,,64.7918701171875,43.0938720703125,0.869266552734375,0.33291500244140626,0.0
,7315,,,,,60.479736328125,43.0938720703125,0.8720632873535157,0.3993115539550781,0.0
,7316,,,,,62.896728515625,47.2869873046875,0.8705095458984375,0.47389114379882813,0.0
,7317,,,,,54.19921875,47.2869873046875,0.8405741271972657,0.5023764038085937,0.0
,7318,,,,,57.6507568359375,53.265380859375,0.8473070068359375,0.5668048828125,0.0
,7319,,,,,44.970703125,53.265380859375,0.814574853515625,0.5603827514648437,0.0
,7320,,,,,18.402099609375,56.524658203125,0.7828785278320313,0.5940471496582032,0.0
,7321,,,,,31.1737060546875,60.24169921875,0.7156533142089844,0.59663671875,0.0
,7322,,,,,33.3526611328125,64.0228271484375,0.7064344482421875,0.6523642456054688,0.0
,7323,,,,,25.0579833984375,67.41943359375,0.610723974609375,0.6425238830566407,0.0
,7324,,,,,26.47705078125,69.873046875,0.6225324096679687,0.6978370788574219,0.0
,7325,,,,,16.2506103515625,71.759033203125,0.5421521850585937,0.7277724975585937,0.0
,7326,,,,,17.2943115234375,73.5809326171875,0.4952291931152344,0.7906472351074219,0.0
,7327,,,,,8.5235595703125,74.6337890625,0.4119486511230469,0.8148856018066406,0.0
,7328,,,,,8.8165283203125,75.1373291015625,0.391957177734375,0.8744456909179688,0.0
,7329,,,,,0.018310546875,75.347900390625,0.29137831420898436,0.8701987976074219,0.0
,7330,,,,,0.018310546875,75.347900390625,0.2456983154296875,0.9110104064941407,0.0
,7331,,,,,-4.6875,75.03662109375,0.19007437133789062,0.9358702697753907,0.0
,7332,,,,,-5.0628662109375,74.37744140625,0.1413904724121094,0.9561724914550781,0.0
,7333,,,,,-12.48779296875,73.3428955078125,0.060595916748046874,0.9533757568359376,0.0
,7334,,,,,-13.2568359375,72.0062255859375,0.018126983642578125,0.9520291809082032,0.0
,7335,,,,,-20.159912109375,69.98291015625,-0.036771881103515626,0.9451927185058594,0.0
,7336,,,,,-21.3134765625,67.987060546875,-0.07199002075195313,0.9353523559570313,0.0
,7337,,,,,-26.9622802734375,65.716552734375,-0.09550330810546875,0.9401171630859375,0.0
,7338,,,,,-33.5357666015625,62.823486328125,-0.13786865844726562,0.9293445556640625,0.0
,7339,,,,,-41.619873046875,56.5704345703125,-0.18541314697265626,0.9111139892578125,0.0
,7340,,,,,-44.86083984375,56.5704345703125,-0.24642339477539063,0.8657447387695313,0.0
,7341,,,,,-50.6103515625,51.910400390625,-0.29997568359375,0.8276262817382812,0.0
,7342,,,,,-53.192138671875,51.910400390625,-0.36160742797851564,0.7829821105957031,0.0
,7343,,,,,-59.5367431640625,45.3643798828125,-0.4396052490234375,0.7339874633789063,0.0
,7344,,,,,-61.212158203125,45.3643798828125,-0.5020656555175781,0.6955582580566406,0.0
,7345,,,,,-65.460205078125,39.22119140625,-0.5561358581542969,0.6462528625488282,0.0
,7346,,,,,-65.899658203125,39.22119140625,-0.6001585327148438,0.616524609375,0.0
,7347,,,,,-70.953369140625,30.853271484375,-0.6657264221191407,0.5767488281250001,0.0
,7348,,,,,-70.34912109375,30.853271484375,-0.7426884155273438,0.5152206665039063,0.0
,7349,,,,,-71.8597412109375,26.8157958984375,-0.7882648315429688,0.45441758422851564,0.0
,7350,,,,,-70.42236328125,26.8157958984375,-0.8246223815917969,0.4396052490234375,0.0
,7351,,,,,-73.42529296875,18.017578125,-0.855179296875,0.39775781250000003,0.0
,7352,,,,,-91.7633056640625,-18.0450439453125,-0.8672984802246094,0.39982946777343753,0.0
,7353,,,,,-82.763671875,-6.610107421875,-0.9089387512207031,0.3365403991699219,0.0
,7354,,,,,-80.126953125,-6.610107421875,-0.9038631958007812,0.3218316467285156,0.0
,7355,,,,,-77.01416015625,-5.9051513671875,-0.9242690002441406,0.24538756713867188,0.0
,7356,,,,,-70.074462890625,-5.9051513671875,-0.9179504516601563,0.21193033447265625,0.0
,7357,,,,,-76.3458251953125,-16.7633056640625,-0.9137035583496094,0.14781260375976563,0.0
,7358,,,,,-70.4681396484375,-16.7633056640625,-0.9056241027832032,0.10461859130859376,0.0
,7359,,,,,-76.3092041015625,-26.898193359375,-0.9414637390136719,-0.00849378662109375,0.0
,7360,,,,,-68.9300537109375,-26.898193359375,-0.9242690002441406,-0.05085913696289063,0.0
,7361,,,,,-73.297119140625,-34.4512939453125,-0.932244873046875,-0.1388009033203125,0.0
,7362,,,,,-66.7327880859375,-34.4512939453125,-0.8928834228515625,-0.15257741088867188,0.0
,7363,,,,,-69.8822021484375,-39.898681640625,-0.8954729919433594,-0.24466248779296876,0.0
,7364,,,,,-63.02490234375,-39.898681640625,-0.8640874145507813,-0.29334638671875,0.0
,7365,,,,,-66.156005859375,-45.3277587890625,-0.8540398864746094,-0.3859493774414063,0.0
,7366,,,,,-59.893798828125,-45.3277587890625,-0.8578724487304688,-0.43152579345703124,0.0
,7367,,,,,-61.944580078125,-48.870849609375,-0.8555936279296875,-0.5026871520996093,0.0
,7368,,,,,-48.980712890625,-48.870849609375,-0.8197539916992188,-0.5225750427246094,0.0
,7369,,,,,-50.885009765625,-52.166748046875,-0.817164422607422,-0.5826530456542969,0.0
,7370,,,,,-38.96484375,-56.1126708984375,-0.80711689453125,-0.6128992126464844,0.0
,7371,,,,,-40.887451171875,-59.43603515625,-0.7642336303710938,-0.6477030212402344,0.0
,7372,,,,,-28.3538818359375,-62.8143310546875,-0.7504571228027344,-0.6771205261230469,0.0
,7373,,,,,-30.4779052734375,-66.485595703125,-0.7108885070800781,-0.7158604797363282,0.0
,7374,,,,,-20.452880859375,-69.2230224609375,-0.6357910034179688,-0.7438278259277344,0.0
,7375,,,,,-21.6064453125,-71.2188720703125,-0.56846220703125,-0.7725202514648438,0.0
,7376,,,,,-11.407470703125,-73.0499267578125,-0.5194675598144531,-0.7919938110351563,0.0
,7377,,,,,-12.4053955078125,-74.7894287109375,-0.4642579467773438,-0.8296979370117188,0.0
,7378,,,,,-3.8909912109375,-75.567626953125,-0.38729595336914063,-0.8679199768066407,0.0
,7379,,,,,-3.936767578125,-75.6317138671875,-0.3000792663574219,-0.8746528564453125,0.0
,7380,,,,,3.7445068359375,-75.567626953125,-0.25212044677734374,-0.9000306335449219,0.0
,7381,,,,,4.06494140625,-75.0091552734375,-0.16997931518554688,-0.9005485473632813,0.0
,7382,,,,,10.1531982421875,-74.0936279296875,-0.08814893188476562,-0.908213671875,0.0
,7383,,,,,10.7757568359375,-73.0224609375,-0.051687799072265624,-0.9424995666503907,0.0
,7384,,,,,16.534423828125,-71.4935302734375,0.01263709716796875,-0.93307353515625,0.0
,7385,,,,,17.4224853515625,-69.9554443359375,0.035736053466796876,-0.9491288635253906,0.0
,7386,,,,,22.9156494140625,-67.3004150390625,0.09995736694335938,-0.9469536254882813,0.0
,7387,,,,,28.875732421875,-64.324951171875,0.11445895385742187,-0.9327627868652344,0.0
,7388,,,,,34.16748046875,-61.70654296875,0.16138194580078125,-0.9253048278808594,0.0
,7389,,,,,39.8345947265625,-59.197998046875,0.1919388610839844,-0.9158787963867188,0.0
,7390,,,,,47.625732421875,-52.6702880859375,0.25243119506835937,-0.8878078674316406,0.0
,7391,,,,,50.830078125,-52.6702880859375,0.28226303100585937,-0.8638802490234375,0.0
,7392,,,,,56.4605712890625,-47.27783203125,0.34948824462890626,-0.8300086853027344,0.0
,7393,,,,,58.2366943359375,-47.27783203125,0.39589332275390626,-0.7886791625976562,0.0
,7394,,,,,63.555908203125,-40.667724609375,0.48217776489257813,-0.7340910461425781,0.0
,7395,,,,,64.4989013671875,-40.667724609375,0.5605899169921875,-0.6926579406738281,0.0
,7396,,,,,68.22509765625,-34.82666015625,0.6285402099609375,-0.6409701416015625,0.0
,7397,,,,,68.023681640625,-34.82666015625,0.6667622497558594,-0.604094677734375,0.0
,7398,,,,,70.2850341796875,-30.1483154296875,0.7322265563964844,-0.5516817993164063,0.0
,7399,,,,,69.085693359375,-30.1483154296875,0.7809104553222657,-0.5046552246093751,0.0
,7400,,,,,71.22802734375,-24.0234375,0.8199611572265625,-0.4675725952148438,0.0
,7401,,,,,69.122314453125,-24.0234375,0.8587011108398438,-0.42541441040039063,0.0
,7402,,,,,73.7823486328125,-11.75537109375,0.8751707702636718,-0.4025226196289063,0.0
,7403,,,,,70.9625244140625,-11.75537109375,0.8910189331054688,-0.36564715576171875,0.0
,7404,,,,,76.4739990234375,2.3895263671875,0.8981661437988282,-0.31592742919921873,0.0
,7405,,,,,73.974609375,2.3895263671875,0.9079029235839844,-0.2652754577636719,0.0
,7406,,,,,76.42822265625,11.1419677734375,0.894126416015625,-0.2142091552734375,0.0
,7407,,,,,70.86181640625,11.1419677734375,0.9257191589355469,-0.1359005859375,0.0
,7408,,,,,76.13525390625,20.269775390625,0.9191934448242188,-0.08089813842773438,0.0
,7409,,,,,70.49560546875,20.269775390625,0.9428103149414063,0.0047648071289062505,0.0
,7410,,,,,75.10986328125,28.253173828125,0.9152572998046875,0.08100172119140625,0.0
,7411,,,,,66.6229248046875,28.253173828125,0.9200221069335938,0.13186085815429688,0.0
,7412,,,,,71.4385986328125,36.58447265625,0.9386670043945313,0.20188280639648437,0.0
,7413,,,,,62.8326416015625,36.58447265625,0.9611444641113281,0.2848526000976563,0.0
,7414,,,,,64.9200439453125,40.191650390625,0.9334878662109375,0.35031690673828125,0.0
,7415,,,,,58.3740234375,40.191650390625,0.9145322204589844,0.40428352661132816,0.0
,7416,,,,,61.3861083984375,45.4010009765625,0.9114247375488281,0.483110009765625,0.0
,7417,,,,,53.3843994140625,45.4010009765625,0.8976482299804688,0.519571142578125,0.0
,7418,,,,,55.9478759765625,49.8321533203125,0.8844932189941407,0.5728126831054687,0.0
,7419,,,,,41.986083984375,49.8321533203125,0.8249331298828125,0.5785097351074219,0.0
,7420,,,,,17.9443359375,53.9886474609375,0.8376738098144532,0.64138447265625,0.0
,7421,,,,,30.853271484375,58.5845947265625,0.7728309997558594,0.6310261962890625,0.0
,7422,,,,,32.9498291015625,62.200927734375,0.7505607055664063,0.6671765808105469,0.0
,7423,,,,,23.199462890625,65.716552734375,0.6528821594238281,0.6444919555664063,0.0
,7424,,,,,25.1129150390625,69.0399169921875,0.619114178466797,0.6843713195800781,0.0
,7425,,,,,15.142822265625,71.246337890625,0.5574824340820312,0.6843713195800781,0.0
,7426,,,,,15.93017578125,72.5921630859375,0.5346942260742188,0.768169775390625,0.0
,7427,,,,,6.005859375,73.6358642578125,0.42862547607421875,0.8052524047851563,0.0
,7428,,,,,6.3079833984375,74.1485595703125,0.3923715087890625,0.8592190246582031,0.0
,7429,,,,,-2.3162841796875,74.2584228515625,0.3321899230957031,0.8696808837890625,0.0
,7430,,,,,-2.3345947265625,74.2218017578125,0.2890994934082031,0.901584375,0.0
,7431,,,,,-8.1024169921875,73.8555908203125,0.18261641235351564,0.8886365295410157,0.0
,7432,,,,,-8.3953857421875,73.35205078125,0.138386572265625,0.9228188415527344,0.0
,7433,,,,,-14.3829345703125,71.9512939453125,0.083694873046875,0.9337986145019531,0.0
,7434,,,,,-15.3167724609375,70.3399658203125,0.03987936401367188,0.9358702697753907,0.0
,7435,,,,,-22.6409912109375,68.2159423828125,-0.014190838623046875,0.9284123107910156,0.0
,7436,,,,,-23.822021484375,66.1651611328125,-0.06328906860351563,0.9073850097656251,0.0
,7437,,,,,-28.7933349609375,64.0411376953125,-0.10710457763671875,0.9029309509277345,0.0
,7438,,,,,-34.38720703125,61.907958984375,-0.135071923828125,0.8805570739746094,0.0
,7439,,,,,-42.352294921875,55.9661865234375,-0.19038511962890625,0.8516574829101563,0.0
,7440,,,,,-46.03271484375,55.9661865234375,-0.24745922241210938,0.8059774841308593,0.0
,7441,,,,,-51.910400390625,51.1505126953125,-0.28360960693359377,0.7907508178710938,0.0
,7442,,,,,-54.45556640625,51.1505126953125,-0.3444126892089844,0.7529431091308594,0.0
,7443,,,,,-60.1318359375,45.6756591796875,-0.4351511901855469,0.6926579406738281,0.0
,7444,,,,,-61.9720458984375,45.6756591796875,-0.49222529296875,0.6639655151367188,0.0
,7445,,,,,-65.9820556640625,40.045166015625,-0.5544785339355469,0.6335121826171876,0.0
,7446,,,,,-66.082763671875,40.045166015625,-0.6086523193359376,0.5774739074707032,0.0
,7447,,,,,-69.10400390625,34.332275390625,-0.6738058776855469,0.5126310974121094,0.0
,7448,,,,,-68.44482421875,34.332275390625,-0.7351268737792969,0.4757556335449219,0.0
,7449,,,,,-70.7977294921875,29.150390625,-0.7724166687011719,0.43328670043945317,0.0
,7450,,,,,-69.25048828125,29.150390625,-0.8188217468261719,0.41433105468750003,0.0
,7451,,,,,-72.98583984375,19.3634033203125,-0.8481356689453126,0.38957477416992187,0.0
,7452,,,,,-92.8619384765625,-19.390869140625,-0.8757922668457031,0.364611328125,0.0
,7453,,,,,-84.0911865234375,-8.0841064453125,-0.9161895446777344,0.29572879028320315,0.0
,7454,,,,,-81.8572998046875,-8.0841064453125,-0.915671630859375,0.28526693115234375,0.0
,7455,,,,,-76.1810302734375,-2.9754638671875,-0.9308982971191406,0.2125518310546875,0.0
,7456,,,,,-69.6441650390625,-2.9754638671875,-0.9187791137695313,0.18634539184570312,0.0
,7457,,,,,-76.3824462890625,-14.6484375,-0.9370096801757812,0.10265051879882812,0.0
,7458,,,,,-69.6441650390625,-14.6484375,-0.9307947143554688,0.07468317260742188,0.0
,7459,,,,,-74.6337890625,-23.291015625,-0.9494396118164062,-0.011290521240234375,0.0
,7460,,,,,-66.9158935546875,-23.291015625,-0.9592799743652344,-0.05945650634765625,0.0
,7461,,,,,-72.052001953125,-32.1990966796875,-0.9643555297851563,-0.1454302001953125,0.0
,7462,,,,,-63.9312744140625,-32.1990966796875,-0.9260299072265625,-0.16480017700195312,0.0
,7463,,,,,-67.27294921875,-37.97607421875,-0.9110104064941407,-0.22694983520507814,0.0
,7464,,,,,-59.197998046875,-37.97607421875,-0.8885329467773437,-0.29075681762695316,0.0
,7465,,,,,-62.384033203125,-43.505859375,-0.8895687744140626,-0.39340733642578124,0.0
,7466,,,,,-55.84716796875,-43.505859375,-0.856007958984375,-0.4106020751953125,0.0
,7467,,,,,-58.2366943359375,-47.64404296875,-0.8492750793457031,-0.4787595336914063,0.0
,7468,,,,,-47.5341796875,-47.64404296875,-0.8318731750488282,-0.4894285583496094,0.0
,7469,,,,,-51.5625,-54.6295166015625,-0.7902329040527344,-0.5247502807617188,0.0
,7470,,,,,-37.3626708984375,-54.6295166015625,-0.7772850585937501,-0.5472277404785156,0.0
,7471,,,,,-39.4500732421875,-58.245849609375,-0.7826713623046875,-0.610827557373047,0.0
,7472,,,,,-26.40380859375,-61.798095703125,-0.7699306823730468,-0.656300390625,0.0
,7473,,,,,-28.4912109375,-65.4144287109375,-0.6979406616210938,-0.6713198913574219,0.0
,7474,,,,,-17.7154541015625,-68.7744140625,-0.6369304138183594,-0.6789850158691406,0.0
,7475,,,,,-18.896484375,-70.8160400390625,-0.5685657897949219,-0.7086096862792969,0.0
,7476,,,,,-8.3404541015625,-72.4639892578125,-0.514599169921875,-0.7471424743652344,0.0
,7477,,,,,-9.3658447265625,-74.23095703125,-0.45265667724609376,-0.7792531311035157,0.0
,7478,,,,,-0.6866455078125,-75.1007080078125,-0.3841884704589844,-0.8055631530761719,0.0
,7479,,,,,-0.9246826171875,-75.5126953125,-0.32960035400390625,-0.8231722229003906,0.0
,7480,,,,,6.1798095703125,-75.6500244140625,-0.2465269775390625,-0.8343591613769531,0.0
,7481,,,,,6.353759765625,-75.3387451171875,-0.17712652587890626,-0.8515539001464844,0.0
,7482,,,,,11.7279052734375,-74.560546875,-0.12409215087890625,-0.8781746704101563,0.0
,7483,,,,,12.4603271484375,-73.297119140625,-0.07157568969726563,-0.9009628784179687,0.0
,7484,,,,,18.2098388671875,-71.685791015625,0.010461859130859376,-0.8877042846679688,0.0
,7485,,,,,19.097900390625,-70.147705078125,0.05365587158203125,-0.8918475952148438,0.0
,7486,,,,,24.5361328125,-67.85888671875,0.09788571166992188,-0.8919511779785156,0.0
,7487,,,,,29.608154296875,-65.4876708984375,0.10865831909179688,-0.887497119140625,0.0
,7488,,,,,36.9964599609375,-59.9578857421875,0.16625033569335937,-0.8685414733886719,0.0
,7489,,,,,41.253662109375,-59.9578857421875,0.19411409912109376,-0.8635695007324219,0.0
,7490,,,,,47.6531982421875,-55.4534912109375,0.2641360473632813,-0.8428529479980469,0.0
,7491,,,,,50.6561279296875,-55.4534912109375,0.3174811706542969,-0.7914758972167969,0.0
,7492,,,,,56.0028076171875,-51.104736328125,0.365439990234375,-0.7634049682617188,0.0
,7493,,,,,57.9254150390625,-51.104736328125,0.40511218872070315,-0.7249757629394531,0.0
,7494,,,,,63.262939453125,-44.53125,0.5042408935546875,-0.6710091430664062,0.0
,7495,,,,,64.544677734375,-44.53125,0.5649403930664063,-0.6241897338867187,0.0
,7496,,,,,68.5821533203125,-38.983154296875,0.6125884643554688,-0.6052340881347656,0.0
,7497,,,,,68.3441162109375,-38.983154296875,0.6706983947753906,-0.5768524108886719,0.0
,7498,,,,,70.751953125,-32.977294921875,0.7448636535644532,-0.5192603942871094,0.0
,7499,,,,,69.4976806640625,-32.977294921875,0.7951012939453125,-0.46767617797851563,0.0
,7500,,,,,72.7294921875,-24.334716796875,0.8348770751953125,-0.4634292846679688,0.0
,7501,,,,,70.550537109375,-24.334716796875,0.8832502258300782,-0.4200281066894531,0.0
,7502,,,,,75.2105712890625,-12.5885009765625,0.9000306335449219,-0.3817024841308594,0.0
,7503,,,,,72.1893310546875,-12.5885009765625,0.9285158935546876,-0.35155989990234376,0.0
,7504,,,,,78.03955078125,2.8106689453125,0.9054169372558594,-0.3344687438964844,0.0
,7505,,,,,75.457763671875,2.8106689453125,0.8961980712890625,-0.28827083129882813,0.0
,7506,,,,,77.398681640625,10.4644775390625,0.8937120849609376,-0.22694983520507814,0.0
,7507,,,,,71.2921142578125,10.4644775390625,0.9312090454101563,-0.15060933837890625,0.0
,7508,,,,,77.728271484375,21.6064453125,0.9342129455566407,-0.07416525878906251,0.0
,7509,,,,,71.722412109375,21.6064453125,0.9418780700683594,-0.007975872802734376,0.0
,7510,,,,,76.318359375,29.55322265625,0.9326592041015626,0.061631744384765624,0.0
,7511,,,,,68.096923828125,29.55322265625,0.9621802917480469,0.13693641357421876,0.0
,7512,,,,,72.967529296875,37.9852294921875,0.9398064147949219,0.21151600341796875,0.0
,7513,,,,,64.105224609375,37.9852294921875,0.9232331726074219,0.28661350708007816,0.0
,7514,,,,,65.606689453125,40.5853271484375,0.9088351684570313,0.3497989929199219,0.0
,7515,,,,,60.3424072265625,40.5853271484375,0.9226116760253906,0.4240678344726563,0.0
,7516,,,,,63.427734375,45.9228515625,0.9385634216308594,0.5037229797363282,0.0
,7517,,,,,53.72314453125,45.9228515625,0.9139107238769532,0.5351085571289063,0.0
,7518,,,,,56.9732666015625,51.5533447265625,0.9028273681640625,0.5861748596191406,0.0
,7519,,,,,43.9727783203125,51.5533447265625,0.8668841491699218,0.5820315490722656,0.0
,7520,,,,,17.5323486328125,55.0140380859375,0.8612906799316407,0.6332014343261719,0.0
,7521,,,,,31.93359375,59.0972900390625,0.8031807495117188,0.6379662414550782,0.0
,7522,,,,,34.3597412109375,63.2904052734375,0.7628870544433594,0.6631368530273438,0.0
,7523,,,,,22.760009765625,66.1376953125,0.6526749938964844,0.6385877380371094,0.0
,7524,,,,,24.444580078125,69.0582275390625,0.6352730895996094,0.6884110473632813,0.0
,7525,,,,,14.5294189453125,71.6949462890625,0.5473313232421875,0.6914149475097656,0.0
,7526,,,,,15.6646728515625,73.663330078125,0.5133561767578125,0.7610225646972657,0.0
,7527,,,,,6.005859375,74.7802734375,0.43276878662109375,0.7874361694335937,0.0
,7528,,,,,6.207275390625,75.1190185546875,0.40293695068359375,0.8439923583984376,0.0
,7529,,,,,-2.1697998046875,75.5767822265625,0.32452479858398436,0.8525897277832032,0.0
,7530,,,,,-2.1331787109375,75.640869140625,0.26589695434570315,0.8863577087402345,0.0
,7531,,,,,-7.781982421875,74.8260498046875,0.17422620849609374,0.8940228332519532,0.0
,7532,,,,,-8.2855224609375,73.9654541015625,0.14532661743164063,0.9266514038085938,0.0
,7533,,,,,-14.3096923828125,72.9766845703125,0.08473070068359376,0.9365953491210938,0.0
,7534,,,,,-15.19775390625,71.44775390625,0.036771881103515626,0.9395992492675782,0.0
,7535,,,,,-17.7337646484375,69.61669921875,-0.01429442138671875,0.9422924011230469,0.0
,7536,,,,,-23.3734130859375,67.67578125,-0.059663671875000004,0.9296553039550781,0.0
,7537,,,,,-29.18701171875,65.33203125,-0.10886548461914063,0.9097674133300782,0.0
,7538,,,,,-34.7625732421875,63.0523681640625,-0.159931787109375,0.8823179809570313,0.0
,7539,,,,,-42.5628662109375,57.0556640625,-0.19059228515625,0.8810749877929688,0.0
,7540,,,,,-46.7193603515625,57.0556640625,-0.23875827026367188,0.8369487304687501,0.0
,7541,,,,,-53.06396484375,51.96533203125,-0.3186205810546875,0.7794602966308594,0.0
,7542,,,,,-55.3436279296875,51.96533203125,-0.38429205322265625,0.7155497314453125,0.0
,7543,,,,,-60.7269287109375,46.2799072265625,-0.4552462463378906,0.7021875549316406,0.0
,7544,,,,,-62.3016357421875,46.2799072265625,-0.511284521484375,0.6659335876464844,0.0
,7545,,,,,-66.7694091796875,40.02685546875,-0.5482635681152344,0.6370339965820313,0.0
,7546,,,,,-66.632080078125,40.02685546875,-0.6179747680664063,0.5799598937988282,0.0
,7547,,,,,-69.5526123046875,35.04638671875,-0.6948331787109375,0.5285828430175782,0.0
,7548,,,,,-68.975830078125,35.04638671875,-0.7420669189453125,0.5055874694824218,0.0
,7549,,,,,-71.4935302734375,28.60107421875,-0.7916830627441407,0.469851416015625,0.0
,7550,,,,,-69.873046875,28.60107421875,-0.84357802734375,0.449963525390625,0.0
,7551,,,,,-72.98583984375,20.0958251953125,-0.8854254638671876,0.40801250610351564,0.0
,7552,,,,,-93.603515625,-20.123291015625,-0.8954729919433594,0.39340733642578124,0.0
,7553,,,,,-83.0841064453125,-7.1319580078125,-0.9318305419921875,0.32960035400390625,0.0
,7554,,,,,-79.925537109375,-7.1319580078125,-0.9495431945800782,0.2953144592285156,0.0
,7555,,,,,-75.29296875,-4.13818359375,-0.9499575256347657,0.231196728515625,0.0
,7556,,,,,-72.216796875,-4.13818359375,-0.9362846008300781,0.20768344116210938,0.0
,7557,,,,,-75.238037109375,-15.2252197265625,-0.9544115844726563,0.11922376098632813,0.0
,7558,,,,,-69.451904296875,-15.2252197265625,-0.9666343505859375,0.06846820678710938,0.0
,7559,,,,,-73.956298828125,-23.016357421875,-0.9802036926269532,-0.02092371826171875,0.0
,7560,,,,,-66.3116455078125,-23.016357421875,-0.9814466857910157,-0.06784671020507813,0.0
,7561,,,,,-71.2371826171875,-31.5399169921875,-0.9676701782226563,-0.14429078979492188,0.0
,7562,,,,,-63.31787109375,-31.5399169921875,-0.9407386596679688,-0.17422620849609374,0.0
,7563,,,,,-66.4215087890625,-36.9232177734375,-0.9398064147949219,-0.24062276000976562,0.0
,7564,,,,,-59.600830078125,-36.9232177734375,-0.8949550781250001,-0.29282847290039066,0.0
,7565,,,,,-62.8692626953125,-42.59033203125,-0.8755851013183594,-0.3692725524902344,0.0
,7566,,,,,-54.5928955078125,-42.59033203125,-0.8658483215332031,-0.4199245239257813,0.0
,7567,,,,,-57.53173828125,-47.6806640625,-0.8480320861816406,-0.47803445434570313,0.0
,7568,,,,,-46.6552734375,-47.6806640625,-0.8167500915527344,-0.4923288757324219,0.0
,7569,,,,,-48.2666015625,-50.4638671875,-0.8188217468261719,-0.5483671508789063,0.0
,7570,,,,,-36.785888671875,-54.30908203125,-0.8030771667480469,-0.5685657897949219,0.0
,7571,,,,,-38.6077880859375,-57.4676513671875,-0.7736596618652344,-0.6073057434082031,0.0
,7572,,,,,-25.8636474609375,-60.8917236328125,-0.7472460571289062,-0.6146601196289063,0.0
,7573,,,,,-27.996826171875,-64.581298828125,-0.7151354003906251,-0.6556788940429688,0.0
,7574,,,,,-17.3126220703125,-67.803955078125,-0.6443883728027344,-0.6941080993652344,0.0
,7575,,,,,-18.5943603515625,-70.01953125,-0.5777846557617188,-0.7239399353027344,0.0
,7576,,,,,-8.6517333984375,-71.649169921875,-0.5345906433105468,-0.7485926330566407,0.0
,7577,,,,,-9.6221923828125,-73.333740234375,-0.4531745910644531,-0.7564649230957031,0.0
,7578,,,,,-1.0162353515625,-74.249267578125,-0.38967835693359376,-0.802144921875,0.0
,7579,,,,,-1.1810302734375,-74.542236328125,-0.302461669921875,-0.8180966674804688,0.0
,7580,,,,,5.89599609375,-74.7161865234375,-0.24300516357421875,-0.8436816101074219,0.0
,7581,,,,,6.0150146484375,-74.505615234375,-0.18240924682617188,-0.8624300903320313,0.0
,7582,,,,,11.737060546875,-73.370361328125,-0.12202049560546875,-0.8782782531738281,0.0
,7583,,,,,12.322998046875,-72.344970703125,-0.06080308227539063,-0.8836645568847656,0.0
,7584,,,,,18.109130859375,-70.6146240234375,0.006111383056640625,-0.8727883666992188,0.0
,7585,,,,,19.207763671875,-68.7103271484375,0.04754448852539063,-0.8668841491699218,0.0
,7586,,,,,24.57275390625,-66.7144775390625,0.09281015625,-0.8564222900390626,0.0
,7587,,,,,29.644775390625,-64.5538330078125,0.100268115234375,-0.8581831970214844,0.0
,7588,,,,,34.808349609375,-62.5030517578125,0.17350112915039062,-0.8321839233398438,0.0
,7589,,,,,40.557861328125,-60.0311279296875,0.20623328247070313,-0.8001768493652344,0.0
,7590,,,,,47.076416015625,-55.5267333984375,0.27532298583984377,-0.7807032897949219,0.0
,7591,,,,,49.9786376953125,-55.5267333984375,0.3013222595214844,-0.771484423828125,0.0
,7592,,,,,55.242919921875,-51.251220703125,0.3540458862304688,-0.7601939025878907,0.0
,7593,,,,,57.2479248046875,-51.251220703125,0.40790892333984374,-0.7291190734863281,0.0
,7594,,,,,63.153076171875,-44.2657470703125,0.4819705993652344,-0.6956618408203126,0.0
,7595,,,,,63.9129638671875,-44.2657470703125,0.5316903259277344,-0.6432489624023437,0.0
,7596,,,,,67.5201416015625,-38.067626953125,0.6205643371582031,-0.5711553588867188,0.0
,7597,,,,,67.1539306640625,-38.067626953125,0.6832319091796876,-0.5364551330566406,0.0
,7598,,,,,69.39697265625,-32.7301025390625,0.74082392578125,-0.5000975830078125,0.0
,7599,,,,,68.3349609375,-32.7301025390625,0.7770778930664063,-0.47896669921875,0.0
,7600,,,,,70.71533203125,-26.531982421875,0.8260725402832032,-0.44613096313476563,0.0
,7601,,,,,68.4539794921875,-26.531982421875,0.8779675048828125,-0.39879364013671875,0.0
,7602,,,,,73.0499267578125,-14.4287109375,0.8739277770996094,-0.378698583984375,0.0
,7603,,,,,70.3216552734375,-14.4287109375,0.8834573913574219,-0.35549604492187503,0.0
,7604,,,,,74.468994140625,-2.471923828125,0.8880150329589844,-0.3355045715332031,0.0
,7605,,,,,71.484375,-2.471923828125,0.9196077758789063,-0.28226303100585937,0.0
,7606,,,,,75.4669189453125,9.100341796875,0.9401171630859375,-0.20146847534179688,0.0
,7607,,,,,69.049072265625,9.100341796875,0.9478858703613282,-0.141701220703125,0.0
,7608,,,,,74.4873046875,18.5211181640625,0.9150501342773438,-0.0957104736328125,0.0
,7609,,,,,68.26171875,18.5211181640625,0.9183647827148438,-0.025170611572265626,0.0
,7610,,,,,73.828125,28.1524658203125,0.9310018798828126,0.049719726562500004,0.0
,7611,,,,,65.2679443359375,28.1524658203125,0.945503466796875,0.11953450927734376,0.0
,7612,,,,,69.7998046875,35.99853515625,0.9167074584960938,0.17868026733398437,0.0
,7613,,,,,61.4593505859375,35.99853515625,0.9339021972656251,0.265171875,0.0
,7614,,,,,64.4439697265625,41.1712646484375,0.9153608825683595,0.32763228149414064,0.0
,7615,,,,,57.330322265625,41.1712646484375,0.9072814270019531,0.3716549560546875,0.0
,7616,,,,,60.552978515625,46.76513671875,0.8952658264160156,0.436704931640625,0.0
,7617,,,,,53.1005859375,46.76513671875,0.8796248291015625,0.49046438598632813,0.0
,7618,,,,,53.814697265625,48.0194091796875,0.8948514953613281,0.5605899169921875,0.0
,7619,,,,,41.729736328125,51.7730712890625,0.8637766662597657,0.5738485107421876,0.0
,7620,,,,,20.17822265625,55.462646484375,0.8566294555664062,0.6254327270507812,0.0
,7621,,,,,31.4300537109375,59.1522216796875,0.7973801147460938,0.6220144958496094,0.0
,7622,,,,,33.4442138671875,62.6495361328125,0.7997625183105469,0.6688339050292968,0.0
,7623,,,,,20.947265625,66.2933349609375,0.7128565795898437,0.6626189392089844,0.0
,7624,,,,,22.6959228515625,69.32373046875,0.6827139953613282,0.7057093688964844,0.0
,7625,,,,,12.70751953125,71.2738037109375,0.565976220703125,0.6626189392089844,0.0
,7626,,,,,13.7237548828125,73.040771484375,0.5186388977050781,0.7079881896972656,0.0
,7627,,,,,3.7628173828125,74.359130859375,0.420131689453125,0.7509750366210938,0.0
,7628,,,,,4.5867919921875,75.7781982421875,0.38843536376953125,0.8271083679199219,0.0
,7629,,,,,-2.984619140625,76.1444091796875,0.31592742919921873,0.8416099548339844,0.0
,7630,,,,,-3.0029296875,76.1077880859375,0.2538813537597656,0.8707167114257813,0.0
,7631,,,,,-8.001708984375,75.7598876953125,0.17381187744140625,0.8827323120117188,0.0
,7632,,,,,-8.3770751953125,75.1190185546875,0.15143800048828127,0.9297588867187501,0.0
,7633,,,,,-13.9251708984375,74.029541015625,0.08183038330078125,0.9424995666503907,0.0
,7634,,,,,-14.6392822265625,72.784423828125,0.006629296875,0.930691131591797,0.0
,7635,,,,,-17.4407958984375,70.7794189453125,-0.050755554199218754,0.9221973449707032,0.0
,7636,,,,,-23.47412109375,68.22509765625,-0.08234829711914063,0.9138071411132813,0.0
,7637,,,,,-29.1778564453125,65.8355712890625,-0.1396295654296875,0.8889472778320313,0.0
,7638,,,,,-34.442138671875,63.9129638671875,-0.19328543701171877,0.8532112243652344,0.0
,7639,,,,,-40.10009765625,61.834716796875,-0.2337862976074219,0.8388132202148437,0.0
,7640,,,,,-45.41015625,59.2254638671875,-0.29438221435546874,0.8082563049316407,0.0
,7641,,,,,-51.37939453125,54.3182373046875,-0.35642828979492186,0.7774922241210938,0.0
,7642,,,,,-53.5400390625,54.3182373046875,-0.4264502380371094,0.7191751281738281,0.0
,7643,,,,,-58.8958740234375,48.37646484375,-0.47005858154296876,0.6939009338378906,0.0
,7644,,,,,-60.4339599609375,48.37646484375,-0.5381124572753906,0.6539179870605469,0.0
,7645,,,,,-64.617919921875,42.59033203125,-0.5995370361328125,0.6221180786132813,0.0
,7646,,,,,-64.7918701171875,42.59033203125,-0.6606508666992188,0.5939435668945313,0.0
,7647,,,,,-67.8955078125,36.8408203125,-0.7240435180664063,0.5465026611328125,0.0
,7648,,,,,-66.9891357421875,36.8408203125,-0.7855716796875001,0.519571142578125,0.0
,7649,,,,,-70.0103759765625,29.7088623046875,-0.846064013671875,0.4802096923828125,0.0
,7650,,,,,-68.3349609375,29.7088623046875,-0.8887401123046875,0.4435413940429688,0.0
,7651,,,,,-71.1822509765625,21.4141845703125,-0.9163967102050782,0.4023154541015625,0.0
,7652,,,,,-68.5272216796875,21.4141845703125,-0.9178468688964844,0.3951682434082031,0.0
,7653,,,,,-73.4619140625,8.038330078125,-0.9178468688964844,0.3560139587402344,0.0
,7654,,,,,-80.0445556640625,-8.0657958984375,-0.9395992492675782,0.3278394470214844,0.0
,7655,,,,,-74.725341796875,-3.2501220703125,-0.963837615966797,0.24631981201171876,0.0
,7656,,,,,-71.942138671875,-3.2501220703125,-0.9648734436035157,0.22104561767578126,0.0
,7657,,,,,-75.604248046875,-15.1336669921875,-0.9747138061523438,0.12937487182617188,0.0
,7658,,,,,-68.939208984375,-15.1336669921875,-0.9331771179199219,0.11632344360351562,0.0
,7659,,,,,-74.12109375,-24.1058349609375,-0.9457106323242188,0.02548135986328125,0.0
,7660,,,,,-66.064453125,-24.1058349609375,-0.9315197937011719,-0.0136729248046875,0.0
,7661,,,,,-72.0977783203125,-34.552001953125,-0.9512005187988282,-0.1081404052734375,0.0
,7662,,,,,-63.7939453125,-34.552001953125,-0.9574154846191406,-0.1666646667480469,0.0
,7663,,,,,-67.437744140625,-40.8599853515625,-0.9536865051269532,-0.22259935913085938,0.0
,7664,,,,,-58.2550048828125,-40.8599853515625,-0.9274800659179688,-0.28153795166015627,0.0
,7665,,,,,-60.992431640625,-45.6024169921875,-0.912356982421875,-0.3560139587402344,0.0
,7666,,,,,-54.67529296875,-45.6024169921875,-0.875895849609375,-0.3899891052246094,0.0
,7667,,,,,-57.403564453125,-50.3265380859375,-0.8595297729492187,-0.4613576293945313,0.0
,7668,,,,,-47.0672607421875,-50.3265380859375,-0.8227578918457031,-0.47430547485351565,0.0
,7669,,,,,-48.2574462890625,-52.386474609375,-0.8214113159179688,-0.5415306884765625,0.0
,7670,,,,,-36.3922119140625,-56.0302734375,-0.8044237426757813,-0.5589325927734375,0.0
,7671,,,,,-38.360595703125,-59.43603515625,-0.7796674621582032,-0.5890751770019531,0.0
,7672,,,,,-25.9552001953125,-63.0615234375,-0.7398916809082031,-0.6119669677734375,0.0
,7673,,,,,-28.1158447265625,-66.8060302734375,-0.6956618408203126,-0.6528821594238281,0.0
,7674,,,,,-17.7337646484375,-70.12939453125,-0.6185962646484375,-0.675359619140625,0.0
,7675,,,,,-19.0338134765625,-72.381591796875,-0.5607970825195313,-0.7074702758789063,0.0
,7676,,,,,-9.283447265625,-74.3316650390625,-0.4850780822753906,-0.7287047424316406,0.0
,7677,,,,,-10.3271484375,-76.13525390625,-0.4094626647949219,-0.7580186645507813,0.0
,7678,,,,,-1.995849609375,-77.2979736328125,-0.362125341796875,-0.8182002502441407,0.0
,7679,,,,,-2.252197265625,-77.74658203125,-0.28609559326171874,-0.8259689575195313,0.0
,7680,,,,,2.581787109375,-77.783203125,-0.22187427978515625,-0.8605656005859376,0.0
,7681,,,,,2.728271484375,-77.5360107421875,-0.140043896484375,-0.8674020629882813,0.0
,7682,,,,,9.99755859375,-76.3458251953125,-0.07830856933593751,-0.8802463256835937,0.0
,7683,,,,,10.7208251953125,-75.1007080078125,-0.0244455322265625,-0.8912260986328125,0.0
,7684,,,,,15.966796875,-73.4893798828125,0.04661224365234375,-0.8857362121582032,0.0
,7685,,,,,17.0196533203125,-71.66748046875,0.07924081420898438,-0.8896723571777344,0.0
,7686,,,,,22.9888916015625,-69.5068359375,0.11280162963867188,-0.8979589782714844,0.0
,7687,,,,,28.9581298828125,-67.27294921875,0.11321596069335937,-0.9197113586425781,0.0
,7688,,,,,34.112548828125,-64.910888671875,0.20385087890625,-0.8842860534667969,0.0
,7689,,,,,39.07470703125,-62.8692626953125,0.2249817626953125,-0.8744456909179688,0.0
,7690,,,,,46.32568359375,-57.1380615234375,0.2919998107910156,-0.8496894104003907,0.0
,7691,,,,,49.2645263671875,-57.1380615234375,0.3386120544433594,-0.8227578918457031,0.0
,7692,,,,,54.1259765625,-52.3223876953125,0.3963076538085938,-0.7902329040527344,0.0
,7693,,,,,55.7647705078125,-52.3223876953125,0.4786559509277344,-0.7358519531250001,0.0
,7694,,,,,61.0107421875,-45.0439453125,0.5605899169921875,-0.6905862854003907,0.0
,7695,,,,,61.8072509765625,-45.0439453125,0.5906289184570312,-0.6716306396484375,0.0
,7696,,,,,66.1834716796875,-38.0859375,0.6543323181152344,-0.6324763549804687,0.0
,7697,,,,,65.9637451171875,-38.0859375,0.7157568969726563,-0.5975689636230469,0.0
,7698,,,,,68.6920166015625,-32.977294921875,0.7676518615722656,-0.5318974914550781,0.0
,7699,,,,,67.71240234375,-32.977294921875,0.8010055114746094,-0.4939861999511719,0.0
,7700,,,,,70.0653076171875,-26.55029296875,0.8424386169433594,-0.470680078125,0.0
,7701,,,,,68.170166015625,-26.55029296875,0.8867720397949219,-0.4293505554199219,0.0
,7702,,,,,73.040771484375,-14.61181640625,0.9035524475097656,-0.40190112304687503,0.0
,7703,,,,,70.01953125,-14.61181640625,0.9090423339843751,-0.3840848876953125,0.0
,7704,,,,,77.1240234375,2.691650390625,0.9011700439453125,-0.3600536865234375,0.0
,7705,,,,,74.1668701171875,2.691650390625,0.9138071411132813,-0.31395935668945313,0.0
,7706,,,,,75.4669189453125,10.07080078125,0.9144286376953126,-0.26330738525390623,0.0
,7707,,,,,68.389892578125,10.07080078125,0.9186755310058594,-0.20240072021484376,0.0
,7708,,,,,75.1922607421875,21.86279296875,0.9055205200195313,-0.1480197692871094,0.0
,7709,,,,,68.133544921875,21.86279296875,0.9361810180664063,-0.07344017944335937,0.0
,7710,,,,,73.1048583984375,30.46875,0.935559521484375,0.005282720947265625,0.0
,7711,,,,,64.306640625,30.46875,0.9504754394531251,0.10430784301757813,0.0
,7712,,,,,69.5159912109375,39.495849609375,0.9313126281738282,0.16511092529296875,0.0
,7713,,,,,61.19384765625,39.495849609375,0.9211615173339844,0.232854052734375,0.0
,7714,,,,,63.3636474609375,43.24951171875,0.8843896362304687,0.2814343688964844,0.0
,7715,,,,,56.50634765625,43.24951171875,0.8774495910644532,0.3634719177246094,0.0
,7716,,,,,59.674072265625,48.74267578125,0.8982697265625,0.44830620117187503,0.0
,7717,,,,,53.13720703125,48.74267578125,0.8779675048828125,0.47751654052734377,0.0
,7718,,,,,55.224609375,52.3590087890625,0.8533148071289063,0.5284792602539062,0.0
,7719,,,,,41.6473388671875,52.3590087890625,0.8043201599121094,0.5362479675292969,0.0
,7720,,,,,20.947265625,56.06689453125,0.8020413391113281,0.5848282836914063,0.0
,7721,,,,,27.960205078125,59.930419921875,0.7397880981445313,0.5785097351074219,0.0
,7722,,,,,29.8370361328125,63.189697265625,0.7084025207519532,0.6053376708984375,0.0
,7723,,,,,21.86279296875,66.2200927734375,0.6270900512695313,0.6320620239257813,0.0
,7724,,,,,23.7762451171875,69.525146484375,0.6033695983886719,0.6708019775390626,0.0
,7725,,,,,14.6392822265625,72.2259521484375,0.5075555419921876,0.6529857421875,0.0
,7726,,,,,15.7745361328125,74.2034912109375,0.47088724365234375,0.7168963073730469,0.0
,7727,,,,,6.683349609375,75.2288818359375,0.4005545471191406,0.7636121337890626,0.0
,7728,,,,,7.1136474609375,75.970458984375,0.36699373168945315,0.8292836059570313,0.0
,7729,,,,,1.300048828125,76.666259765625,0.2694187683105469,0.8554900451660157,0.0
,7730,,,,,1.3092041015625,76.6845703125,0.20074339599609375,0.8867720397949219,0.0
,7731,,,,,-4.21142578125,75.91552734375,0.14646602783203125,0.9103889099121094,0.0
,7732,,,,,-4.8980712890625,74.74365234375,0.10513650512695313,0.9360774353027344,0.0
,7733,,,,,-10.51025390625,73.35205078125,0.0302461669921875,0.9234403381347657,0.0
,7734,,,,,-11.5264892578125,71.6033935546875,0.017091156005859375,0.9542044189453125,0.0
,7735,,,,,-14.923095703125,69.3511962890625,-0.043194012451171875,0.9390813354492188,0.0
,7736,,,,,-21.002197265625,67.27294921875,-0.10544725341796875,0.9202292724609376,0.0
,7737,,,,,-26.824951171875,65.2313232421875,-0.14884843139648438,0.8982697265625,0.0
,7738,,,,,-31.640625,62.9791259765625,-0.1926639404296875,0.8564222900390626,0.0
,7739,,,,,-36.859130859375,60.7269287109375,-0.23896543579101565,0.8398490478515626,0.0
,7740,,,,,-42.242431640625,58.33740234375,-0.2771874755859375,0.8179930847167969,0.0
,7741,,,,,-48.3123779296875,53.851318359375,-0.35042048950195315,0.7952048767089844,0.0
,7742,,,,,-50.7568359375,53.851318359375,-0.39962230224609374,0.7718987548828126,0.0
,7743,,,,,-56.25,47.71728515625,-0.46498302612304687,0.7278760803222657,0.0
,7744,,,,,-57.696533203125,47.71728515625,-0.5335548156738281,0.6737022949218751,0.0
,7745,,,,,-62.7593994140625,40.814208984375,-0.5880393493652344,0.6315441101074218,0.0
,7746,,,,,-62.9058837890625,40.814208984375,-0.6545394836425782,0.5768524108886719,0.0
,7747,,,,,-67.2271728515625,32.9132080078125,-0.7241471008300782,0.5362479675292969,0.0
,7748,,,,,-66.68701171875,32.9132080078125,-0.7676518615722656,0.5017549072265625,0.0
,7749,,,,,-68.719482421875,27.923583984375,-0.7857788452148438,0.47523771972656254,0.0
,7750,,,,,-67.41943359375,27.923583984375,-0.8225507263183593,0.44395572509765624,0.0
,7751,,,,,-70.8709716796875,19.317626953125,-0.8489643310546875,0.41267373046875,0.0
,7752,,,,,-90.673828125,-19.3450927734375,-0.8696808837890625,0.4028333679199219,0.0
,7753,,,,,-81.4178466796875,-7.672119140625,-0.8828358947753907,0.36689014892578126,0.0
,7754,,,,,-78.6895751953125,-7.672119140625,-0.8983733093261719,0.3423410339355469,0.0
,7755,,,,,-74.6337890625,-5.731201171875,-0.9181576171875,0.27677314453125,0.0
,7756,,,,,-67.236328125,-5.731201171875,-0.930691131591797,0.24145142211914064,0.0
,7757,,,,,-73.79150390625,-17.0928955078125,-0.9364917663574219,0.16469659423828126,0.0
,7758,,,,,-67.6300048828125,-17.0928955078125,-0.9139107238769532,0.14895201416015624,0.0
,7759,,,,,-73.1781005859375,-26.6876220703125,-0.9220937622070313,0.04661224365234375,0.0
,7760,,,,,-65.057373046875,-26.6876220703125,-0.9266514038085938,-0.018541314697265627,0.0
,7761,,,,,-70.0103759765625,-35.2752685546875,-0.9238546691894531,-0.10513650512695313,0.0
,7762,,,,,-63.0706787109375,-35.2752685546875,-0.8935049194335938,-0.1371435791015625,0.0
,7763,,,,,-66.0736083984375,-40.4754638671875,-0.9045882751464844,-0.21855963134765627,0.0
,7764,,,,,-59.3170166015625,-40.4754638671875,-0.8739277770996094,-0.2952108764648438,0.0
,7765,,,,,-61.871337890625,-44.9066162109375,-0.837777392578125,-0.37206928710937504,0.0
,7766,,,,,-55.77392578125,-44.9066162109375,-0.8055631530761719,-0.4013832092285156,0.0
,7767,,,,,-59.051513671875,-50.592041015625,-0.8077383911132813,-0.46891917114257814,0.0
,7768,,,,,-47.9095458984375,-50.592041015625,-0.7889899108886719,-0.48963572387695314,0.0
,7769,,,,,-49.273681640625,-52.9449462890625,-0.7653730407714844,-0.5349013916015625,0.0
,7770,,,,,-38.067626953125,-56.1492919921875,-0.7571900024414063,-0.5710517761230469,0.0
,7771,,,,,-40.1275634765625,-59.7198486328125,-0.7216611145019531,-0.5977761291503907,0.0
,7772,,,,,-27.886962890625,-63.9404296875,-0.6797100952148438,-0.6135207092285156,0.0
,7773,,,,,-30.0018310546875,-67.6116943359375,-0.6443883728027344,-0.6623081909179688,0.0
,7774,,,,,-20.416259765625,-69.9920654296875,-0.5879357666015625,-0.6763954467773438,0.0
,7775,,,,,-21.71630859375,-72.2442626953125,-0.5465026611328125,-0.7226969421386719,0.0
,7776,,,,,-11.68212890625,-74.1943359375,-0.4808311889648438,-0.7650622924804688,0.0
,7777,,,,,-12.506103515625,-75.6134033203125,-0.42375708618164065,-0.8109494567871094,0.0
,7778,,,,,-4.39453125,-76.2542724609375,-0.32835736083984374,-0.84357802734375,0.0
,7779,,,,,-4.6142578125,-76.6387939453125,-0.2561601745605469,-0.8652268249511719,0.0
,7780,,,,,1.190185546875,-76.153564453125,-0.21949187622070312,-0.9076957580566406,0.0
,7781,,,,,1.629638671875,-75.3936767578125,-0.14429078979492188,-0.9053133544921875,0.0
,7782,,,,,6.9580078125,-74.30419921875,-0.05572752685546875,-0.9023094543457032,0.0
,7783,,,,,7.6446533203125,-73.1048583984375,-0.021027301025390625,-0.9137035583496094,0.0
,7784,,,,,14.080810546875,-71.4569091796875,0.0476480712890625,-0.8978553955078126,0.0
,7785,,,,,15.3717041015625,-69.2047119140625,0.062356823730468754,-0.9063491821289062,0.0
,7786,,,,,21.1944580078125,-67.0989990234375,0.10410067749023438,-0.8984768920898438,0.0
,7787,,,,,26.7974853515625,-65.3594970703125,0.11901659545898438,-0.9092494995117187,0.0
,7788,,,,,32.4920654296875,-63.31787109375,0.16055328369140626,-0.9037596130371094,0.0
,7789,,,,,38.4521484375,-60.75439453125,0.18800271606445312,-0.8848039672851563,0.0
,7790,,,,,45.3460693359375,-56.378173828125,0.2374116943359375,-0.8458568481445313,0.0
,7791,,,,,48.74267578125,-56.378173828125,0.29334638671875,-0.809602880859375,0.0
,7792,,,,,54.8126220703125,-50.0885009765625,0.3540458862304688,-0.7940654663085938,0.0
,7793,,,,,56.5338134765625,-50.0885009765625,0.39050701904296875,-0.7762492309570312,0.0
,7794,,,,,61.834716796875,-42.9840087890625,0.47751654052734377,-0.7321229736328125,0.0
,7795,,,,,62.21923828125,-42.9840087890625,0.5559286926269531,-0.6790885986328126,0.0
,7796,,,,,67.437744140625,-34.844970703125,0.6130027954101562,-0.6439740417480468,0.0
,7797,,,,,67.3553466796875,-34.844970703125,0.6492567626953125,-0.6083415710449219,0.0
,7798,,,,,69.68994140625,-29.8370361328125,0.7287047424316406,-0.5632830688476562,0.0
,7799,,,,,68.66455078125,-29.8370361328125,0.7708629272460937,-0.5114916870117188,0.0
,7800,,,,,71.0357666015625,-23.309326171875,0.8092921325683594,-0.46104688110351566,0.0
,7801,,,,,68.6920166015625,-23.309326171875,0.8572509521484375,-0.41930302734375,0.0
,7802,,,,,72.747802734375,-12.6617431640625,0.8867720397949219,-0.3858457946777344,0.0
,7803,,,,,70.0286865234375,-12.6617431640625,0.8938156677246094,-0.3517670654296875,0.0
,7804,,,,,76.4190673828125,3.33251953125,0.8885329467773437,-0.32214239501953124,0.0
,7805,,,,,73.1964111328125,3.33251953125,0.9168110412597656,-0.27076534423828125,0.0
,7806,,,,,74.96337890625,11.8011474609375,0.8852182983398438,-0.232854052734375,0.0
,7807,,,,,69.2047119140625,11.8011474609375,0.8781746704101563,-0.18831346435546875,0.0
,7808,,,,,75.2197265625,22.210693359375,0.8772424255371094,-0.1197416748046875,0.0
,7809,,,,,67.9595947265625,22.210693359375,0.9117354858398438,-0.032317822265625004,0.0
,7810,,,,,73.6541748046875,32.080078125,0.8945407470703125,0.033664398193359375,0.0
,7811,,,,,66.815185546875,32.080078125,0.8926762573242187,0.0990251220703125,0.0
,7812,,,,,70.697021484375,38.800048828125,0.8604620178222656,0.1732939636230469,0.0
,7813,,,,,62.5579833984375,38.800048828125,0.8742385253906251,0.25015237426757814,0.0
,7814,,,,,64.9566650390625,42.95654296875,0.8857362121582032,0.33581531982421875,0.0
,7815,,,,,60.4522705078125,42.95654296875,0.8796248291015625,0.40221187133789066,0.0
,7816,,,,,62.9791259765625,47.3236083984375,0.8555936279296875,0.46405078125,0.0
,7817,,,,,53.8787841796875,47.3236083984375,0.8323910888671875,0.4870461547851563,0.0
,7818,,,,,57.513427734375,53.631591796875,0.8373630615234375,0.5509567199707032,0.0
,7819,,,,,44.3939208984375,53.631591796875,0.7978980285644531,0.5433951782226563,0.0
,7820,,,,,19.3084716796875,56.72607421875,0.7885755798339844,0.5954973083496093,0.0
,7821,,,,,31.0638427734375,60.333251953125,0.7169998901367187,0.5902145874023438,0.0
,7822,,,,,33.14208984375,63.9312744140625,0.6978370788574219,0.6472886901855469,0.0
,7823,,,,,25.6439208984375,67.364501953125,0.6271936340332032,0.6503961730957032,0.0
,7824,,,,,27.0355224609375,69.7723388671875,0.6069949951171875,0.6900683715820313,0.0
,7825,,,,,16.6259765625,71.6949462890625,0.49222529296875,0.6965940856933593,0.0
,7826,,,,,17.5506591796875,73.2879638671875,0.471508740234375,0.7749026550292969,0.0
,7827,,,,,8.514404296875,74.2767333984375,0.4064587646484375,0.8012126770019532,0.0
,7828,,,,,8.8531494140625,74.8626708984375,0.3873995361328125,0.8559043762207031,0.0
,7829,,,,,-0.4669189453125,75.1739501953125,0.31603101196289063,0.8824215637207031,0.0
,7830,,,,,-0.384521484375,75.311279296875,0.2530526916503906,0.9151537170410157,0.0
,7831,,,,,-4.376220703125,75.091552734375,0.15661713867187502,0.9126677307128906,0.0
,7832,,,,,-4.833984375,74.2950439453125,0.11994884033203125,0.9531685913085938,0.0
,7833,,,,,-12.5152587890625,72.8668212890625,0.06732879638671875,0.9740923095703126,0.0
,7834,,,,,-13.3026123046875,71.502685546875,0.022270294189453126,0.9708812438964844,0.0
,7835,,,,,-16.5802001953125,69.598388671875,-0.0377041259765625,0.945503466796875,0.0
,7836,,,,,-21.3958740234375,67.7398681640625,-0.07447600708007812,0.9323484558105469,0.0
,7837,,,,,-26.9073486328125,65.478515625,-0.11207655029296876,0.9195041931152345,0.0
,7838,,,,,-33.4716796875,62.7593994140625,-0.14936634521484377,0.9011700439453125,0.0
,7839,,,,,-39.7247314453125,60.1043701171875,-0.21358765869140625,0.8628444213867188,0.0
,7840,,,,,-44.34814453125,58.1268310546875,-0.26361813354492186,0.8283513610839844,0.0
,7841,,,,,-51.0223388671875,52.5238037109375,-0.2980076110839844,0.8224471435546875,0.0
,7842,,,,,-53.4210205078125,52.5238037109375,-0.3746588562011719,0.768169775390625,0.0
,7843,,,,,-59.7564697265625,45.1263427734375,-0.42158184814453126,0.7510786193847656,0.0
,7844,,,,,-61.4501953125,45.1263427734375,-0.47523771972656254,0.7179321350097656,0.0
,7845,,,,,-66.0369873046875,38.507080078125,-0.5500244750976563,0.6605472839355468,0.0
,7846,,,,,-66.0919189453125,38.507080078125,-0.6087559020996094,0.6207715026855469,0.0
,7847,,,,,-70.8526611328125,30.2581787109375,-0.6610651977539063,0.5848282836914063,0.0
,7848,,,,,-70.3948974609375,30.2581787109375,-0.7138924072265626,0.539459033203125,0.0
,7849,,,,,-71.4752197265625,26.66015625,-0.7964478698730469,0.4497563598632813,0.0
,7850,,,,,-69.9737548828125,26.66015625,-0.8274191162109376,0.42665740356445314,0.0
,7851,,,,,-73.35205078125,17.999267578125,-0.8371558959960937,0.39796497802734376,0.0
,7852,,,,,-91.9097900390625,-18.0267333984375,-0.8681271423339844,0.368754638671875,0.0
,7853,,,,,-83.09326171875,-6.591796875,-0.8946443298339845,0.33053259887695313,0.0
,7854,,,,,-80.45654296875,-6.591796875,-0.9115283203125,0.30287600097656253,0.0
,7855,,,,,-77.01416015625,-6.317138671875,-0.9381490905761719,0.23865468750000002,0.0
,7856,,,,,-73.9105224609375,-6.317138671875,-0.9334878662109375,0.21079092407226563,0.0
,7857,,,,,-76.9866943359375,-16.7633056640625,-0.9433282287597656,0.12730321655273438,0.0
,7858,,,,,-70.6878662109375,-16.7633056640625,-0.9308982971191406,0.08690593872070312,0.0
,7859,,,,,-76.28173828125,-26.458740234375,-0.9443640563964844,-0.019784307861328124,0.0
,7860,,,,,-68.865966796875,-26.458740234375,-0.9291373901367188,-0.07095419311523438,0.0
,7861,,,,,-73.3428955078125,-34.222412109375,-0.9277908142089843,-0.13165369262695312,0.0
,7862,,,,,-66.3665771484375,-34.222412109375,-0.8843896362304687,-0.14636244506835938,0.0
,7863,,,,,-69.781494140625,-40.1458740234375,-0.89992705078125,-0.26703636474609377,0.0
,7864,,,,,-63.0615234375,-40.1458740234375,-0.8727883666992188,-0.32960035400390625,0.0
,7865,,,,,-65.6341552734375,-44.5953369140625,-0.8465819274902344,-0.3974470642089844,0.0
,7866,,,,,-59.28955078125,-44.5953369140625,-0.8580796142578125,-0.4476847045898438,0.0
,7867,,,,,-61.907958984375,-49.1180419921875,-0.8558007934570313,-0.5108701904296875,0.0
,7868,,,,,-49.0264892578125,-49.1180419921875,-0.8436816101074219,-0.5442238403320313,0.0
,7869,,,,,-51.0406494140625,-52.6153564453125,-0.8398490478515626,-0.59829404296875,0.0
,7870,,,,,-39.404296875,-56.4605712890625,-0.7972765319824219,-0.5911468322753907,0.0
,7871,,,,,-41.2445068359375,-59.6466064453125,-0.7395809326171875,-0.6114490539550781,0.0
,7872,,,,,-28.9215087890625,-63.1439208984375,-0.7378200256347657,-0.6456313659667969,0.0
,7873,,,,,-30.889892578125,-66.558837890625,-0.6780527709960937,-0.6854071472167969,0.0
,7874,,,,,-20.361328125,-69.10400390625,-0.61155263671875,-0.7185536315917969,0.0
,7875,,,,,-21.42333984375,-70.9442138671875,-0.5466062438964844,-0.7535646057128906,0.0
,7876,,,,,-11.3800048828125,-72.711181640625,-0.48828914794921874,-0.7799782104492188,0.0
,7877,,,,,-12.26806640625,-74.23095703125,-0.4519315979003906,-0.8264868713378907,0.0
,7878,,,,,-3.4332275390625,-75.3570556640625,-0.38750311889648437,-0.8591154418945313,0.0
,7879,,,,,-3.6712646484375,-75.76904296875,-0.31023037719726565,-0.8675056457519531,0.0
,7880,,,,,3.863525390625,-75.6317138671875,-0.2415550048828125,-0.9089387512207031,0.0
,7881,,,,,4.119873046875,-75.201416015625,-0.1811662536621094,-0.932244873046875,0.0
,7882,,,,,10.107421875,-74.01123046875,-0.1147697021484375,-0.9457106323242188,0.0
,7883,,,,,10.7208251953125,-72.94921875,-0.0493053955078125,-0.9411529907226562,0.0
,7884,,,,,17.0562744140625,-71.319580078125,0.0087009521484375,-0.9575190673828126,0.0
,7885,,,,,18.49365234375,-68.829345703125,0.026931518554687502,-0.9693275024414063,0.0
,7886,,,,,23.419189453125,-65.95458984375,0.07613333129882813,-0.9688095886230469,0.0
,7887,,,,,28.5552978515625,-63.31787109375,0.10886548461914063,-0.9543080017089844,0.0
,7888,,,,,34.185791015625,-60.772705078125,0.1595174560546875,-0.94301748046875,0.0
,7889,,,,,40.13671875,-57.952880859375,0.20084697875976562,-0.8931941711425782,0.0
,7890,,,,,47.0306396484375,-53.082275390625,0.2518096984863281,-0.8723740356445313,0.0
,7891,,,,,49.8687744140625,-53.082275390625,0.28008779296875,-0.8411956237792969,0.0
,7892,,,,,55.3802490234375,-48.1109619140625,0.3444126892089844,-0.8001768493652344,0.0
,7893,,,,,57.3944091796875,-48.1109619140625,0.41122357177734375,-0.75408251953125,0.0
,7894,,,,,63.1439208984375,-41.0980224609375,0.4811419372558594,-0.7090240173339843,0.0
,7895,,,,,64.324951171875,-41.0980224609375,0.5512674682617188,-0.6543323181152344,0.0
,7896,,,,,68.2159423828125,-35.0189208984375,0.6189070129394532,-0.6154887817382813,0.0
,7897,,,,,67.93212890625,-35.0189208984375,0.6692482360839844,-0.5826530456542969,0.0
,7898,,,,,70.5963134765625,-29.8553466796875,0.7246650146484376,-0.536144384765625,0.0
,7899,,,,,69.818115234375,-29.8553466796875,0.7845358520507812,-0.48342075805664064,0.0
,7900,,,,,71.7041015625,-24.1241455078125,0.8204790710449219,-0.4457166320800781,0.0
,7901,,,,,69.6441650390625,-24.1241455078125,0.8645017456054688,-0.4213746826171875,0.0
,7902,,,,,74.1668701171875,-12.3504638671875,0.8710274597167968,-0.39133568115234374,0.0
,7903,,,,,70.9442138671875,-12.3504638671875,0.8859433776855469,-0.37186212158203125,0.0
,7904,,,,,76.7578125,2.60009765625,0.8972338989257813,-0.33094692993164065,0.0
,7905,,,,,74.139404296875,2.60009765625,0.9325556213378906,-0.2590604919433594,0.0
,7906,,,,,76.6021728515625,11.279296875,0.9135999755859375,-0.19753233032226564,0.0
,7907,,,,,70.2667236328125,11.279296875,0.915671630859375,-0.14656961059570314,0.0
,7908,,,,,75.9521484375,21.13037109375,0.8996163024902344,-0.09830004272460938,0.0
,7909,,,,,70.27587890625,21.13037109375,0.9045882751464844,-0.016055328369140625,0.0
,7910,,,,,75.3570556640625,29.937744140625,0.9094566650390625,0.060492333984375,0.0
,7911,,,,,67.3187255859375,29.937744140625,0.9411529907226562,0.16107119750976562,0.0
,7912,,,,,70.8526611328125,36.0626220703125,0.9356631042480469,0.23471854248046875,0.0
,7913,,,,,63.1805419921875,36.0626220703125,0.9285158935546876,0.30111509399414066,0.0
,7914,,,,,65.185546875,39.55078125,0.9120462341308594,0.367097314453125,0.0
,7915,,,,,58.685302734375,39.55078125,0.8935049194335938,0.4148489685058594,0.0
,7916,,,,,62.054443359375,45.3826904296875,0.9105960754394532,0.49067155151367187,0.0
,7917,,,,,53.3935546875,45.3826904296875,0.8883257812500001,0.526200439453125,0.0
,7918,,,,,55.95703125,49.8138427734375,0.8708202941894532,0.5628687377929688,0.0
,7919,,,,,41.839599609375,49.8138427734375,0.8364308166503907,0.5743664245605469,0.0
,7920,,,,,18.145751953125,54.0985107421875,0.8193396606445312,0.6119669677734375,0.0
,7921,,,,,31.0546875,58.721923828125,0.7589509094238281,0.6036803466796875,0.0
,7922,,,,,33.1787109375,62.3931884765625,0.7537717712402344,0.6524678283691406,0.0
,7923,,,,,22.5860595703125,66.082763671875,0.6689374877929688,0.6600293701171875,0.0
,7924,,,,,24.42626953125,69.268798828125,0.65464306640625,0.7065380310058594,0.0
,7925,,,,,15.0970458984375,71.0540771484375,0.5738485107421876,0.7078846069335938,0.0
,7926,,,,,15.9027099609375,72.454833984375,0.5423593505859375,0.7845358520507812,0.0
,7927,,,,,5.6121826171875,73.7548828125,0.4343225280761719,0.8058739013671875,0.0
,7928,,,,,6.005859375,74.432373046875,0.40272978515625,0.8561115417480469,0.0
,7929,,,,,-2.1240234375,74.30419921875,0.3357117370605469,0.889154443359375,0.0
,7930,,,,,-2.2705078125,74.0478515625,0.29044606933593753,0.9242690002441406,0.0
,7931,,,,,-8.0474853515625,73.480224609375,0.19753233032226564,0.9115283203125,0.0
,7932,,,,,-8.441162109375,72.784423828125,0.12046675415039063,0.9159823791503906,0.0
,7933,,,,,-13.8702392578125,71.6217041015625,0.07033269653320312,0.930691131591797,0.0
,7934,,,,,-14.703369140625,70.184326171875,0.03760054321289063,0.9383562561035157,0.0
,7935,,,,,-17.962646484375,68.2159423828125,-0.041536688232421876,0.91484296875,0.0
,7936,,,,,-23.5015869140625,66.5496826171875,-0.07126494140625,0.8998234680175782,0.0
,7937,,,,,-28.802490234375,64.2608642578125,-0.08338412475585938,0.9121498168945312,0.0
,7938,,,,,-34.4970703125,61.9903564453125,-0.14895201416015624,0.8742385253906251,0.0
,7939,,,,,-42.51708984375,56.3507080078125,-0.21048017578125,0.8469962585449219,0.0
,7940,,,,,-46.3897705078125,56.3507080078125,-0.2579210815429688,0.81374619140625,0.0
,7941,,,,,-51.947021484375,51.96533203125,-0.3112662048339844,0.7791495483398437,0.0
,7942,,,,,-54.6661376953125,51.96533203125,-0.37735200805664065,0.7330552185058594,0.0
,7943,,,,,-60.4705810546875,45.501708984375,-0.449963525390625,0.6946260131835937,0.0
,7944,,,,,-61.9537353515625,45.501708984375,-0.5092128662109375,0.6666586669921876,0.0
,7945,,,,,-65.9912109375,40.2374267578125,-0.5673227966308594,0.6274007995605468,0.0
,7946,,,,,-66.2750244140625,40.2374267578125,-0.648842431640625,0.5708446105957031,0.0
,7947,,,,,-69.6807861328125,34.259033203125,-0.7301549011230469,0.5045516418457031,0.0
,7948,,,,,-68.9666748046875,34.259033203125,-0.7601939025878907,0.484767333984375,0.0
,7949,,,,,-71.0540771484375,28.9764404296875,-0.7908544006347656,0.4601146362304688,0.0
,7950,,,,,-69.5526123046875,28.9764404296875,-0.8194432434082032,0.43535835571289067,0.0
,7951,,,,,-73.2879638671875,19.7113037109375,-0.8524861450195312,0.3930965881347656,0.0
,7952,,,,,-93.3837890625,-19.73876953125,-0.8649160766601562,0.3841884704589844,0.0
,7953,,,,,-83.917236328125,-7.94677734375,-0.8961980712890625,0.324006884765625,0.0
,7954,,,,,-81.536865234375,-7.94677734375,-0.9225080932617188,0.28733858642578125,0.0
,7955,,,,,-75.8056640625,-3.0120849609375,-0.9278943969726563,0.23844752197265626,0.0
,7956,,,,,-72.7020263671875,-3.0120849609375,-0.9218865966796875,0.22529251098632813,0.0
,7957,,,,,-76.300048828125,-14.8590087890625,-0.9497503601074219,0.11673777465820313,0.0
,7958,,,,,-69.76318359375,-14.8590087890625,-0.9432246459960938,0.09229224243164062,0.0
,7959,,,,,-74.5330810546875,-23.1170654296875,-0.9642519470214844,-0.006007800292968751,0.0
,7960,,,,,-66.412353515625,-23.1170654296875,-0.9509933532714844,-0.04961614379882812,0.0
,7961,,,,,-71.7498779296875,-32.3638916015625,-0.9639411987304688,-0.14439437255859375,0.0
,7962,,,,,-63.9129638671875,-32.3638916015625,-0.9563796569824219,-0.18013042602539064,0.0
,7963,,,,,-67.0440673828125,-37.79296875,-0.934730859375,-0.23927618408203125,0.0
,7964,,,,,-59.783935546875,-37.79296875,-0.9081100891113282,-0.30101151123046876,0.0
,7965,,,,,-63.0523681640625,-43.450927734375,-0.9056241027832032,-0.391128515625,0.0
,7966,,,,,-56.25,-43.450927734375,-0.8628444213867188,-0.42489649658203127,0.0
,7967,,,,,-59.0423583984375,-48.284912109375,-0.8590118591308594,-0.49160379638671875,0.0
,7968,,,,,-47.7630615234375,-48.284912109375,-0.8518646484375,-0.5014441589355468,0.0
,7969,,,,,-49.2828369140625,-50.921630859375,-0.8315624267578126,-0.5473313232421875,0.0
,7970,,,,,-37.2711181640625,-54.7119140625,-0.8143676879882813,-0.5628687377929688,0.0
,7971,,,,,-39.36767578125,-58.3282470703125,-0.7850537658691407,-0.6068914123535156,0.0
,7972,,,,,-26.641845703125,-62.14599609375,-0.75408251953125,-0.6458385314941406,0.0
,7973,,,,,-28.5552978515625,-65.4510498046875,-0.70767744140625,-0.6771205261230469,0.0
,7974,,,,,-17.633056640625,-68.0145263671875,-0.6477030212402344,-0.7162748107910156,0.0
,7975,,,,,-18.988037109375,-70.34912109375,-0.5886608459472656,-0.7422740844726563,0.0
,7976,,,,,-8.1756591796875,-72.5555419921875,-0.5243359497070312,-0.7579150817871094,0.0
,7977,,,,,-9.063720703125,-74.0936279296875,-0.4684012573242188,-0.7842251037597656,0.0
,7978,,,,,-0.311279296875,-75.3936767578125,-0.41412388916015624,-0.8334269165039063,0.0
,7979,,,,,-0.7232666015625,-76.0986328125,-0.33498665771484376,-0.841920703125,0.0
,7980,,,,,5.7769775390625,-76.171875,-0.26682919921875003,-0.8594261901855469,0.0
,7981,,,,,6.1248779296875,-75.567626953125,-0.17764443969726562,-0.8728919494628906,0.0
,7982,,,,,11.9293212890625,-74.285888671875,-0.11072997436523438,-0.8883257812500001,0.0
,7983,,,,,12.4237060546875,-73.4161376953125,-0.04205460205078125,-0.8905010192871095,0.0
,7984,,,,,18.1182861328125,-71.429443359375,0.03625396728515625,-0.8876007019042969,0.0
,7985,,,,,19.3267822265625,-69.3328857421875,0.0642213134765625,-0.8850111328125,0.0
,7986,,,,,24.86572265625,-67.49267578125,0.10927981567382813,-0.8967159851074219,0.0
,7987,,,,,29.9560546875,-65.606689453125,0.09291373901367188,-0.90655634765625,0.0
,7988,,,,,35.2935791015625,-63.427734375,0.14936634521484377,-0.8662626525878907,0.0
,7989,,,,,40.9332275390625,-60.479736328125,0.21120525512695312,-0.8488607482910157,0.0
,7990,,,,,47.296142578125,-56.0760498046875,0.2673471130371094,-0.8410920410156251,0.0
,7991,,,,,50.4364013671875,-56.0760498046875,0.3036010803222656,-0.8191324951171876,0.0
,7992,,,,,56.5338134765625,-50.152587890625,0.3526993103027344,-0.7841215209960938,0.0
,7993,,,,,58.6578369140625,-50.152587890625,0.4056301025390625,-0.7311907287597657,0.0
,7994,,,,,63.3544921875,-44.512939453125,0.4890142272949219,-0.6917256958007812,0.0
,7995,,,,,64.013671875,-44.512939453125,0.5521997131347657,-0.6459421142578126,0.0
,7996,,,,,68.115234375,-38.37890625,0.6474958557128907,-0.5821351318359376,0.0
,7997,,,,,67.8131103515625,-38.37890625,0.6933830200195312,-0.5537534545898438,0.0
,7998,,,,,70.3125,-33.4259033203125,0.7439314086914063,-0.5131490112304687,0.0
,7999,,,,,69.3603515625,-33.4259033203125,0.8049416564941406,-0.4603218017578125,0.0
,8000,,,,,71.7041015625,-26.4404296875,0.8324946716308594,-0.43908733520507814,0.0
,8001,,,,,69.4427490234375,-26.4404296875,0.862740838623047,-0.40801250610351564,0.0
,8002,,,,,73.8189697265625,-14.5477294921875,0.8906046020507813,-0.3602608520507813,0.0
,8003,,,,,71.0174560546875,-14.5477294921875,0.9302768005371094,-0.327321533203125,0.0
,8004,,,,,78.11279296875,2.67333984375,0.9311054626464844,-0.2797770446777344,0.0
,8005,,,,,75.03662109375,2.67333984375,0.940531494140625,-0.23803319091796876,0.0
,8006,,,,,76.080322265625,9.04541015625,0.9362846008300781,-0.18696688842773437,0.0
,8007,,,,,69.378662109375,9.04541015625,0.9418780700683594,-0.13196444091796874,0.0
,8008,,,,,74.871826171875,18.56689453125,0.9192970275878907,-0.08462711791992188,0.0
,8009,,,,,69.1131591796875,18.56689453125,0.9549294982910157,0.008183038330078125,0.0
,8010,,,,,74.70703125,28.253173828125,0.9475751220703126,0.06349623413085938,0.0
,8011,,,,,66.3299560546875,28.253173828125,0.9435353942871094,0.12098466796875,0.0
,8012,,,,,71.044921875,36.4288330078125,0.9199185241699219,0.1889349609375,0.0
,8013,,,,,62.2650146484375,36.4288330078125,0.9210579345703125,0.2578174987792969,0.0
,8014,,,,,65.2679443359375,41.6290283203125,0.8925726745605469,0.290860400390625,0.0
,8015,,,,,57.403564453125,41.6290283203125,0.90655634765625,0.3601572692871094,0.0
,8016,,,,,60.5804443359375,47.113037109375,0.9240618347167969,0.44654529418945316,0.0
,8017,,,,,53.192138671875,47.113037109375,0.9150501342773438,0.4827992614746094,0.0
,8018,,,,,54.034423828125,48.5687255859375,0.8819036499023438,0.5356264709472657,0.0
,8019,,,,,41.9952392578125,52.8350830078125,0.8319767578125,0.5283756774902344,0.0
,8020,,,,,21.0662841796875,56.414794921875,0.8493786621093751,0.6005728637695312,0.0
,8021,,,,,31.658935546875,59.619140625,0.7931332214355469,0.59829404296875,0.0
,8022,,,,,33.72802734375,63.2080078125,0.768169775390625,0.6403486450195313,0.0
,8023,,,,,21.2860107421875,66.97998046875,0.6677980773925781,0.6408665588378907,0.0
,8024,,,,,22.998046875,69.9462890625,0.6472886901855469,0.689446875,0.0
,8025,,,,,13.3758544921875,72.088623046875,0.5725019348144531,0.6708019775390626,0.0
,8026,,,,,14.3280029296875,73.736572265625,0.5267183532714844,0.7347125427246094,0.0
,8027,,,,,3.5980224609375,75.03662109375,0.4304899658203125,0.7550147644042969,0.0
,8028,,,,,4.4403076171875,76.4923095703125,0.4036620300292969,0.8188217468261719,0.0
,8029,,,,,-3.1494140625,77.0965576171875,0.3301182678222656,0.8447174377441407,0.0
,8030,,,,,-3.2318115234375,76.959228515625,0.2788447998046875,0.8851147155761719,0.0
,8031,,,,,-8.2672119140625,76.629638671875,0.19432126464843752,0.9076957580566406,0.0
,8032,,,,,-8.697509765625,75.8880615234375,0.1412868896484375,0.9319341247558593,0.0
,8033,,,,,-14.02587890625,74.4781494140625,0.05407020263671875,0.9278943969726563,0.0
,8034,,,,,-14.8956298828125,72.9766845703125,0.005075555419921875,0.9328663696289062,0.0
,8035,,,,,-17.7337646484375,70.93505859375,-0.040604443359375,0.9378383422851563,0.0
,8036,,,,,-23.4649658203125,68.7652587890625,-0.07654766235351562,0.9316233764648438,0.0
,8037,,,,,-29.5623779296875,66.412353515625,-0.12067391967773437,0.8958873229980469,0.0
,8038,,,,,-34.7808837890625,64.74609375,-0.18634539184570312,0.860979931640625,0.0
,8039,,,,,-40.0177001953125,62.548828125,-0.23886185302734375,0.8374666442871094,0.0
,8040,,,,,-45.5841064453125,60.040283203125,-0.2981111938476563,0.7887827453613282,0.0
,8041,,,,,-52.020263671875,55.1513671875,-0.3525957275390625,0.7773886413574219,0.0
,8042,,,,,-54.400634765625,55.1513671875,-0.3973434814453125,0.7455887329101563,0.0
,8043,,,,,-60.076904296875,48.5870361328125,-0.4634292846679688,0.7125458312988281,0.0
,8044,,,,,-60.992431640625,48.5870361328125,-0.5484707336425781,0.6756703674316407,0.0
,8045,,,,,-65.33203125,42.279052734375,-0.6229467407226563,0.6392092346191407,0.0
,8046,,,,,-65.4144287109375,42.279052734375,-0.6824032470703125,0.6019194396972657,0.0
,8047,,,,,-68.26171875,36.7218017578125,-0.7493177124023438,0.5565501892089844,0.0
,8048,,,,,-67.1630859375,36.7218017578125,-0.8132282775878906,0.5231965393066407,0.0
,8049,,,,,-69.9737548828125,29.534912109375,-0.8579760314941407,0.4902572204589844,0.0
,8050,,,,,-67.950439453125,29.534912109375,-0.8834573913574219,0.46498302612304687,0.0
,8051,,,,,-70.6878662109375,20.7916259765625,-0.9178468688964844,0.4172313720703125,0.0
,8052,,,,,-92.0013427734375,-20.819091796875,-0.9354559387207032,0.4045942749023438,0.0
,8053,,,,,-81.3446044921875,-7.5164794921875,-0.9552402465820313,0.3562211242675781,0.0
,8054,,,,,-78.3416748046875,-7.5164794921875,-0.9617659606933594,0.32017432250976563,0.0
,8055,,,,,-73.3428955078125,-3.2867431640625,-0.9642519470214844,0.2582318298339844,0.0
,8056,,,,,-70.623779296875,-3.2867431640625,-0.9588656433105469,0.2266390869140625,0.0
,8057,,,,,-74.45068359375,-14.1082763671875,-0.9588656433105469,0.15071292114257814,0.0
,8058,,,,,-67.6116943359375,-14.1082763671875,-0.9626982055664063,0.09819645996093751,0.0
,8059,,,,,-73.35205078125,-24.0509033203125,-0.9953267761230469,-0.001139410400390625,0.0
,8060,,,,,-65.95458984375,-24.0509033203125,-0.9814466857910157,-0.03211065673828125,0.0
,8061,,,,,-71.4935302734375,-33.6456298828125,-0.9696382507324219,-0.11135147094726563,0.0
,8062,,,,,-61.7340087890625,-33.6456298828125,-0.93970283203125,-0.15651355590820312,0.0
,8063,,,,,-65.9454345703125,-40.9423828125,-0.9403243286132813,-0.20084697875976562,0.0
,8064,,,,,-57.586669921875,-40.9423828125,-0.9268585693359376,-0.25636734008789064,0.0
,8065,,,,,-59.9945068359375,-45.1171875,-0.92644423828125,-0.35984652099609377,0.0
,8066,,,,,-53.7322998046875,-45.1171875,-0.9017915405273438,-0.4088411682128906,0.0
,8067,,,,,-56.1492919921875,-49.310302734375,-0.8668841491699218,-0.4600110534667969,0.0
,8068,,,,,-47.2503662109375,-49.310302734375,-0.8283513610839844,-0.47627354736328126,0.0
,8069,,,,,-48.193359375,-50.93994140625,-0.8338412475585938,-0.5434987609863281,0.0
,8070,,,,,-35.2020263671875,-54.730224609375,-0.7991410217285156,-0.5514746337890625,0.0
,8071,,,,,-37.5,-58.7127685546875,-0.7626798889160157,-0.6006764465332032,0.0
,8072,,,,,-25.1312255859375,-62.5030517578125,-0.7332623840332031,-0.6334085998535156,0.0
,8073,,,,,-27.3193359375,-66.302490234375,-0.6751524536132812,-0.6576469665527344,0.0
,8074,,,,,-17.193603515625,-69.2230224609375,-0.6188034301757813,-0.6970084167480469,0.0
,8075,,,,,-18.5943603515625,-71.649169921875,-0.5664941345214843,-0.7336767150878907,0.0
,8076,,,,,-10.345458984375,-73.64501953125,-0.48559599609375004,-0.74745322265625,0.0
,8077,,,,,-11.187744140625,-75.1007080078125,-0.42292842407226566,-0.7872290039062501,0.0
,8078,,,,,-1.629638671875,-76.0162353515625,-0.37693767700195313,-0.8341519958496094,0.0
,8079,,,,,-1.995849609375,-76.6387939453125,-0.29479654541015626,-0.8408848754882813,0.0
,8080,,,,,2.5634765625,-76.46484375,-0.21182675170898438,-0.8743421081542969,0.0
,8081,,,,,2.96630859375,-75.76904296875,-0.13113577880859376,-0.8688522216796876,0.0
,8082,,,,,9.92431640625,-74.560546875,-0.047958819580078124,-0.8556972106933594,0.0
,8083,,,,,10.5743408203125,-73.4344482421875,-0.019991473388671875,-0.88335380859375,0.0
,8084,,,,,15.7928466796875,-72.25341796875,0.0484767333984375,-0.8799355773925781,0.0
,8085,,,,,16.644287109375,-70.78857421875,0.06246040649414063,-0.9036560302734375,0.0
,8086,,,,,22.5860595703125,-68.22509765625,0.09684988403320313,-0.9047954406738281,0.0
,8087,,,,,28.5552978515625,-65.9912109375,0.11508045043945313,-0.9079029235839844,0.0
,8088,,,,,33.5906982421875,-64.031982421875,0.189763623046875,-0.8810749877929688,0.0
,8089,,,,,38.6077880859375,-61.81640625,0.21265541381835937,-0.875895849609375,0.0
,8090,,,,,45.355224609375,-56.671142578125,0.28195228271484374,-0.8428529479980469,0.0
,8091,,,,,48.3123779296875,-56.671142578125,0.3178955017089844,-0.8287656921386719,0.0
,8092,,,,,53.2196044921875,-51.9195556640625,0.367097314453125,-0.8105351257324219,0.0
,8093,,,,,54.8583984375,-51.9195556640625,0.43701567993164064,-0.7591580749511719,0.0
,8094,,,,,60.589599609375,-44.5587158203125,0.5134597595214844,-0.7205217041015626,0.0
,8095,,,,,61.1480712890625,-44.5587158203125,0.5818243835449219,-0.6767061950683594,0.0
,8096,,,,,65.0848388671875,-37.5274658203125,0.6517427490234375,-0.6321656066894531,0.0
,8097,,,,,64.6453857421875,-37.5274658203125,0.7007373962402343,-0.59166474609375,0.0
,8098,,,,,67.1356201171875,-32.208251953125,0.7511822021484376,-0.5473313232421875,0.0
,8099,,,,,66.357421875,-32.208251953125,0.7848466003417969,-0.5167744079589844,0.0
,8100,,,,,69.012451171875,-26.1474609375,0.8218256469726563,-0.46881558837890625,0.0
,8101,,,,,67.3736572265625,-26.1474609375,0.8717525390625,-0.4211675170898438,0.0
,8102,,,,,72.198486328125,-14.373779296875,0.8864612915039063,-0.3993115539550781,0.0
,8103,,,,,69.17724609375,-14.373779296875,0.8984768920898438,-0.38356697387695315,0.0
,8104,,,,,75.98876953125,2.581787109375,0.8965088195800781,-0.34120162353515626,0.0
,8105,,,,,73.2421875,2.581787109375,0.926547821044922,-0.2787412170410156,0.0
,8106,,,,,75.2105712890625,10.693359375,0.9248904968261719,-0.2191811279296875,0.0
,8107,,,,,67.822265625,10.693359375,0.9240618347167969,-0.17132589111328125,0.0
,8108,,,,,73.5992431640625,20.6817626953125,0.9110104064941407,-0.1189130126953125,0.0
,8109,,,,,67.1722412109375,20.6817626953125,0.914117889404297,-0.06981478271484375,0.0
,8110,,,,,72.9034423828125,30.6060791015625,0.908213671875,-0.00352181396484375,0.0
,8111,,,,,64.0869140625,30.6060791015625,0.9171217895507813,0.08338412475585938,0.0
,8112,,,,,68.719482421875,38.6260986328125,0.9135999755859375,0.14812335205078125,0.0
,8113,,,,,60.955810546875,38.6260986328125,0.9133928100585937,0.20954793090820314,0.0
,8114,,,,,63.848876953125,43.634033203125,0.894126416015625,0.29883627319335937,0.0
,8115,,,,,56.8267822265625,43.634033203125,0.9001342163085938,0.37818067016601564,0.0
,8116,,,,,59.28955078125,47.8912353515625,0.885839794921875,0.4434378112792969,0.0
,8117,,,,,52.5421142578125,47.8912353515625,0.8600476867675781,0.49471127929687503,0.0
,8118,,,,,53.43017578125,49.420166015625,0.8566294555664062,0.5544785339355469,0.0
,8119,,,,,41.766357421875,53.302001953125,0.8036986633300781,0.5474349060058594,0.0
,8120,,,,,21.7529296875,56.744384765625,0.7972765319824219,0.5929077392578125,0.0
,8121,,,,,32.04345703125,60.1959228515625,0.749110546875,0.6044054260253906,0.0
,8122,,,,,34.185791015625,63.8946533203125,0.7400988464355469,0.6458385314941406,0.0
,8123,,,,,22.3480224609375,67.5384521484375,0.642213134765625,0.6435597106933594,0.0
,8124,,,,,24.188232421875,70.7244873046875,0.6291617065429688,0.6903791198730469,0.0
,8125,,,,,15.325927734375,72.7020263671875,0.5354193054199219,0.6920364440917969,0.0
,8126,,,,,16.1865234375,74.1851806640625,0.4934682861328125,0.7627834716796875,0.0
,8127,,,,,6.77490234375,75.62255859375,0.40925549926757815,0.774799072265625,0.0
,8128,,,,,7.452392578125,76.8035888671875,0.3401657958984375,0.8041129943847657,0.0
,8129,,,,,1.35498046875,76.904296875,0.2694187683105469,0.8472034240722657,0.0
,8130,,,,,1.373291015625,76.94091796875,0.21638439331054687,0.8826287292480469,0.0
,8131,,,,,-4.3670654296875,76.593017578125,0.11880942993164063,0.8786925842285157,0.0
,8132,,,,,-4.8980712890625,75.677490234375,0.0774799072265625,0.8954729919433594,0.0
,8133,,,,,-10.931396484375,74.432373046875,0.014087255859375,0.9095602478027344,0.0
,8134,,,,,-11.9110107421875,72.7294921875,-0.016158911132812502,0.9316233764648438,0.0
,8135,,,,,-14.923095703125,70.56884765625,-0.053034375,0.9390813354492188,0.0
,8136,,,,,-20.9564208984375,68.5089111328125,-0.09622838745117188,0.9281015625,0.0
,8137,,,,,-27.06298828125,66.10107421875,-0.1520594970703125,0.9042775268554688,0.0
,8138,,,,,-32.26318359375,63.9862060546875,-0.18178775024414062,0.8930905883789063,0.0
,8139,,,,,-37.646484375,61.834716796875,-0.22301369018554687,0.8780710876464844,0.0
,8140,,,,,-42.95654296875,59.1156005859375,-0.27376924438476563,0.8404705444335938,0.0
,8141,,,,,-49.0814208984375,54.1168212890625,-0.34306611328125003,0.8050452392578126,0.0
,8142,,,,,-51.30615234375,54.1168212890625,-0.39962230224609374,0.7669267822265625,0.0
,8143,,,,,-56.65283203125,47.8912353515625,-0.4695406677246094,0.7263223388671876,0.0
,8144,,,,,-58.19091796875,47.8912353515625,-0.5273398498535157,0.691932861328125,0.0
,8145,,,,,-62.933349609375,41.8670654296875,-0.5911468322753907,0.6450098693847657,0.0
,8146,,,,,-63.2537841796875,41.8670654296875,-0.6376554931640626,0.6021266052246094,0.0
,8147,,,,,-67.987060546875,33.2611083984375,-0.6845784851074219,0.5599684204101563,0.0
,8148,,,,,-67.3828125,33.2611083984375,-0.7385451049804688,0.5301365844726562,0.0
,8149,,,,,-69.7723388671875,27.86865234375,-0.7798746276855469,0.49678293457031253,0.0
,8150,,,,,-68.3349609375,27.86865234375,-0.8036986633300781,0.4736839782714844,0.0
,8151,,,,,-71.5301513671875,19.4549560546875,-0.8598405212402344,0.4260359069824219,0.0
,8152,,,,,-91.3330078125,-19.482421875,-0.8739277770996094,0.41236298217773437,0.0
,8153,,,,,-81.536865234375,-7.3883056640625,-0.895783740234375,0.3674080627441406,0.0
,8154,,,,,-78.8909912109375,-7.3883056640625,-0.9066599304199219,0.3334329162597656,0.0
,8155,,,,,-75.0457763671875,-5.438232421875,-0.9229224243164063,0.26154647827148436,0.0
,8156,,,,,-67.822265625,-5.438232421875,-0.9166038757324219,0.25046312255859376,0.0
,8157,,,,,-74.505615234375,-17.0013427734375,-0.9294481384277344,0.16935781860351562,0.0
,8158,,,,,-68.3624267578125,-17.0013427734375,-0.9221973449707032,0.13413967895507814,0.0
,8159,,,,,-74.30419921875,-27.2918701171875,-0.9453998840332032,0.040086529541015624,0.0
,8160,,,,,-66.3665771484375,-27.2918701171875,-0.9387705871582032,-0.014915917968750001,0.0
,8161,,,,,-71.0357666015625,-35.3851318359375,-0.9384598388671875,-0.09923228759765625,0.0
,8162,,,,,-63.97705078125,-35.3851318359375,-0.9050026062011719,-0.13641849975585937,0.0
,8163,,,,,-67.5750732421875,-41.619873046875,-0.91981494140625,-0.20623328247070313,0.0
,8164,,,,,-59.7747802734375,-41.619873046875,-0.8845968017578125,-0.27345849609375,0.0
,8165,,,,,-62.164306640625,-45.758056640625,-0.8500001586914063,-0.34948824462890626,0.0
,8166,,,,,-56.3873291015625,-45.758056640625,-0.8287656921386719,-0.39465032958984375,0.0
,8167,,,,,-59.4635009765625,-51.0955810546875,-0.8150927673339844,-0.4530710083007813,0.0
,8168,,,,,-47.7447509765625,-51.0955810546875,-0.81043154296875,-0.49450411376953124,0.0
,8169,,,,,-49.3194580078125,-53.8330078125,-0.7922009765625,-0.5523032958984375,0.0
,8170,,,,,-38.4613037109375,-56.94580078125,-0.754911181640625,-0.5757130004882812,0.0
,8171,,,,,-40.53955078125,-60.552978515625,-0.7279796630859375,-0.6153851989746094,0.0
,8172,,,,,-28.5552978515625,-64.581298828125,-0.7094383483886719,-0.6382769897460938,0.0
,8173,,,,,-30.5694580078125,-68.0877685546875,-0.6479101867675782,-0.6500854248046876,0.0
,8174,,,,,-20.6451416015625,-70.5963134765625,-0.6152816162109375,-0.6949367614746094,0.0
,8175,,,,,-21.93603515625,-72.8302001953125,-0.5587254272460938,-0.7348161254882812,0.0
,8176,,,,,-11.6363525390625,-74.6978759765625,-0.4670546813964844,-0.7511822021484376,0.0
,8177,,,,,-12.5518798828125,-76.2908935546875,-0.40915191650390625,-0.8010055114746094,0.0
,8178,,,,,-4.8614501953125,-76.9317626953125,-0.35798203125,-0.8554900451660157,0.0
,8179,,,,,-5.0079345703125,-77.178955078125,-0.2681757751464844,-0.8638802490234375,0.0
,8180,,,,,0.91552734375,-76.6937255859375,-0.19121378173828127,-0.8840788879394531,0.0
,8181,,,,,1.4923095703125,-75.6866455078125,-0.14066539306640624,-0.9018951232910156,0.0
,8182,,,,,7.489013671875,-74.7711181640625,-0.06660371704101563,-0.9063491821289062,0.0
,8183,,,,,8.2672119140625,-73.4161376953125,-0.018126983642578125,-0.9119426513671876,0.0
,8184,,,,,14.9871826171875,-71.5484619140625,0.041122357177734374,-0.9052097717285157,0.0
,8185,,,,,15.9027099609375,-69.9554443359375,0.058835009765625,-0.9247869140625,0.0
,8186,,,,,21.624755859375,-68.1884765625,0.10575800170898438,-0.9246833312988282,0.0
,8187,,,,,27.044677734375,-66.24755859375,0.10513650512695313,-0.9378383422851563,0.0
,8188,,,,,32.6019287109375,-64.1326904296875,0.17236171875,-0.9050026062011719,0.0
,8189,,,,,38.653564453125,-61.48681640625,0.19794666137695313,-0.8704059631347657,0.0
,8190,,,,,45.6024169921875,-56.6162109375,0.2704545959472656,-0.8333233337402344,0.0
,8191,,,,,48.724365234375,-56.6162109375,0.2954180419921875,-0.8300086853027344,0.0
,8192,,,,,54.949951171875,-50.28076171875,0.34917749633789064,-0.8051488220214844,0.0
,8193,,,,,56.9091796875,-50.28076171875,0.3898855224609375,-0.7705521789550781,0.0
,8194,,,,,62.2467041015625,-43.450927734375,0.4757556335449219,-0.7174142211914063,0.0
,8195,,,,,62.7044677734375,-43.450927734375,0.5341763122558594,-0.6923471923828125,0.0
,8196,,,,,67.7947998046875,-35.3302001953125,0.6069949951171875,-0.6430417968750001,0.0
,8197,,,,,67.63916015625,-35.3302001953125,0.648842431640625,-0.5968438842773438,0.0
,8198,,,,,70.3582763671875,-30.06591796875,0.7162748107910156,-0.5276505981445313,0.0
,8199,,,,,69.415283203125,-30.06591796875,0.7721059204101562,-0.48031327514648436,0.0
,8200,,,,,72.088623046875,-23.2269287109375,0.8012126770019532,-0.4727517333984375,0.0
,8201,,,,,69.5068359375,-23.2269287109375,0.8547649658203125,-0.4247929138183594,0.0
,8202,,,,,72.967529296875,-12.5518798828125,0.8603584350585938,-0.39589332275390626,0.0
,8203,,,,,70.56884765625,-12.5518798828125,0.8740313598632813,-0.37113704223632815,0.0
,8204,,,,,76.904296875,3.240966796875,0.8773460083007812,-0.3301182678222656,0.0
,8205,,,,,73.5443115234375,3.240966796875,0.8924690917968751,-0.2771874755859375,0.0
,8206,,,,,76.080322265625,12.3046875,0.8900866882324219,-0.23523645629882814,0.0
,8207,,,,,70.05615234375,12.3046875,0.91981494140625,-0.15154158325195313,0.0
,8208,,,,,76.190185546875,22.9156494140625,0.8872899536132812,-0.10441142578125,0.0
,8209,,,,,68.84765625,22.9156494140625,0.8954729919433594,-0.030349749755859377,0.0
,8210,,,,,73.5260009765625,31.0272216796875,0.8813857360839844,0.03138557739257813,0.0
,8211,,,,,66.8701171875,31.0272216796875,0.8944371643066407,0.11880942993164063,0.0
,8212,,,,,71.2371826171875,38.5894775390625,0.8796248291015625,0.18002684326171875,0.0
,8213,,,,,62.3931884765625,38.5894775390625,0.8776567565917969,0.25056670532226566,0.0
,8214,,,,,64.92919921875,42.974853515625,0.8952658264160156,0.3333293334960938,0.0
,8215,,,,,59.72900390625,42.974853515625,0.8942299987792969,0.4010724609375,0.0
,8216,,,,,62.127685546875,47.13134765625,0.8701987976074219,0.46809050903320315,0.0
,8217,,,,,53.6865234375,47.13134765625,0.8572509521484375,0.5133561767578125,0.0
,8218,,,,,56.9000244140625,52.6885986328125,0.8415063720703125,0.5540642028808594,0.0
,8219,,,,,43.83544921875,52.6885986328125,0.7798746276855469,0.55188896484375,0.0
,8220,,,,,18.914794921875,56.0211181640625,0.7763528137207032,0.5995370361328125,0.0
,8221,,,,,30.6884765625,59.710693359375,0.7348161254882812,0.6044054260253906,0.0
,8222,,,,,32.757568359375,63.2904052734375,0.7291190734863281,0.6508105041503907,0.0
,8223,,,,,24.6826171875,66.4947509765625,0.6410737243652344,0.6577505493164063,0.0
,8224,,,,,26.1383056640625,69.012451171875,0.6087559020996094,0.682817578125,0.0
,8225,,,,,16.0675048828125,70.78857421875,0.49792234497070315,0.6846820678710938,0.0
,8226,,,,,16.9097900390625,72.2442626953125,0.4652937744140625,0.7594688232421876,0.0
,8227,,,,,8.697509765625,73.370361328125,0.4057336853027344,0.8030771667480469,0.0
,8228,,,,,8.89892578125,73.71826171875,0.38056307373046877,0.8625336730957032,0.0
,8229,,,,,0.1739501953125,73.79150390625,0.2890994934082031,0.8785890014648438,0.0
,8230,,,,,0.0732421875,73.6175537109375,0.2362722839355469,0.9046918579101563,0.0
,8231,,,,,-4.6417236328125,72.784423828125,0.15920670776367188,0.9052097717285157,0.0
,8232,,,,,-4.9072265625,72.3358154296875,0.11549478149414062,0.9212651000976563,0.0
,8233,,,,,-12.01171875,71.6217041015625,0.059663671875000004,0.9351451904296876,0.0
,8234,,,,,-12.6434326171875,70.5322265625,0.010772607421875,0.94301748046875,0.0
,8235,,,,,-16.1041259765625,68.975830078125,-0.040086529541015624,0.9235439208984375,0.0
,8236,,,,,-21.1669921875,66.998291015625,-0.07893006591796875,0.9083172546386719,0.0
,8237,,,,,-26.8157958984375,64.801025390625,-0.12792471313476564,0.8929870056152344,0.0
,8238,,,,,-33.2794189453125,62.255859375,-0.15558131103515627,0.8802463256835937,0.0
,8239,,,,,-40.8599853515625,56.707763671875,-0.19483917846679688,0.8703023803710938,0.0
,8240,,,,,-44.0277099609375,56.707763671875,-0.25678167114257816,0.8438887756347656,0.0
,8241,,,,,-50.6103515625,50.8026123046875,-0.31561668090820316,0.8151963500976562,0.0
,8242,,,,,-53.2379150390625,50.8026123046875,-0.38543146362304687,0.7738668273925782,0.0
,8243,,,,,-58.6578369140625,44.952392578125,-0.4334938659667969,0.7480747192382813,0.0
,8244,,,,,-60.0128173828125,44.952392578125,-0.48621749267578124,0.700219482421875,0.0
,8245,,,,,-65.0482177734375,37.90283203125,-0.5723983520507813,0.6449062866210937,0.0
,8246,,,,,-65.3594970703125,37.90283203125,-0.6259506408691407,0.5985012084960938,0.0
,8247,,,,,-69.561767578125,30.5877685546875,-0.6860286437988281,0.5505423889160156,0.0
,8248,,,,,-68.7652587890625,30.5877685546875,-0.7280832458496094,0.5122167663574219,0.0
,8249,,,,,-70.34912109375,26.2481689453125,-0.7936511352539063,0.4616683776855469,0.0
,8250,,,,,-68.8751220703125,26.2481689453125,-0.8283513610839844,0.43908733520507814,0.0
,8251,,,,,-72.10693359375,17.742919921875,-0.8716489562988281,0.4073910095214844,0.0
,8252,,,,,-90.4815673828125,-17.7703857421875,-0.8825251464843751,0.37849141845703127,0.0
,8253,,,,,-82.196044921875,-7.049560546875,-0.8925726745605469,0.320692236328125,0.0
,8254,,,,,-79.669189453125,-7.049560546875,-0.8852182983398438,0.3146844360351563,0.0
,8255,,,,,-75.8331298828125,-6.280517578125,-0.9090423339843751,0.25833541259765624,0.0
,8256,,,,,-69.451904296875,-6.280517578125,-0.9191934448242188,0.22601759033203125,0.0
,8257,,,,,-75.4119873046875,-16.607666015625,-0.9293445556640625,0.14646602783203125,0.0
,8258,,,,,-69.1497802734375,-16.607666015625,-0.9248904968261719,0.10337559814453125,0.0
,8259,,,,,-75.0,-26.7425537109375,-0.9364917663574219,-0.0047648071289062505,0.0
,8260,,,,,-68.6004638671875,-26.7425537109375,-0.9019987060546876,-0.04029369506835938,0.0
,8261,,,,,-72.9766845703125,-34.3048095703125,-0.9114247375488281,-0.12854620971679687,0.0
,8262,,,,,-65.95458984375,-34.3048095703125,-0.8815929016113282,-0.14770902099609376,0.0
,8263,,,,,-68.4814453125,-38.690185546875,-0.8896723571777344,-0.2607178161621094,0.0
,8264,,,,,-61.92626953125,-38.690185546875,-0.8658483215332031,-0.320692236328125,0.0
,8265,,,,,-64.8193359375,-43.7164306640625,-0.8662626525878907,-0.4087375854492188,0.0
,8266,,,,,-58.099365234375,-43.7164306640625,-0.8506216552734375,-0.4426091491699219,0.0
,8267,,,,,-61.2579345703125,-49.1729736328125,-0.8509324035644531,-0.5033086486816406,0.0
,8268,,,,,-48.66943359375,-49.1729736328125,-0.8431636962890625,-0.5289971740722657,0.0
,8269,,,,,-50.244140625,-51.89208984375,-0.8125031982421875,-0.5699123657226562,0.0
,8270,,,,,-38.4429931640625,-55.04150390625,-0.8025592529296875,-0.594150732421875,0.0
,8271,,,,,-40.283203125,-58.2275390625,-0.7680661926269532,-0.6258470581054688,0.0
,8272,,,,,-27.850341796875,-61.8804931640625,-0.7255972595214844,-0.6610651977539063,0.0
,8273,,,,,-30.0018310546875,-65.606689453125,-0.6878931335449219,-0.7075738586425782,0.0
,8274,,,,,-20.54443359375,-68.170166015625,-0.642213134765625,-0.7410310913085938,0.0
,8275,,,,,-21.8719482421875,-70.477294921875,-0.5682550415039063,-0.7584329956054687,0.0
,8276,,,,,-11.2335205078125,-72.5830078125,-0.4695406677246094,-0.7504571228027344,0.0
,8277,,,,,-12.2039794921875,-74.267578125,-0.42334275512695313,-0.7959299560546875,0.0
,8278,,,,,-3.8726806640625,-75.18310546875,-0.38677803955078127,-0.8331161682128907,0.0
,8279,,,,,-4.0191650390625,-75.4486083984375,-0.30929813232421877,-0.85683662109375,0.0
,8280,,,,,3.717041015625,-75.164794921875,-0.25460643310546877,-0.9088351684570313,0.0
,8281,,,,,4.083251953125,-74.52392578125,-0.19950040283203124,-0.9246833312988282,0.0
,8282,,,,,10.052490234375,-73.7823486328125,-0.11218013305664062,-0.9258227416992187,0.0
,8283,,,,,10.6842041015625,-72.69287109375,-0.04536925048828125,-0.9352487731933594,0.0
,8284,,,,,17.4407958984375,-70.9075927734375,0.007768707275390625,-0.9427067321777344,0.0
,8285,,,,,18.5028076171875,-69.049072265625,0.024341949462890627,-0.9590728088378907,0.0
,8286,,,,,23.32763671875,-66.83349609375,0.08234829711914063,-0.9513041015625,0.0
,8287,,,,,28.4454345703125,-64.5172119140625,0.10700099487304687,-0.9407386596679688,0.0
,8288,,,,,34.149169921875,-61.8438720703125,0.1744333740234375,-0.9028273681640625,0.0
,8289,,,,,40.4296875,-58.868408203125,0.18727763671875,-0.8809714050292969,0.0
,8290,,,,,47.5250244140625,-53.668212890625,0.24134783935546875,-0.8637766662597657,0.0
,8291,,,,,50.5645751953125,-53.668212890625,0.2827809448242188,-0.8436816101074219,0.0
,8292,,,,,56.158447265625,-48.980712890625,0.340580126953125,-0.8160250122070313,0.0
,8293,,,,,58.2183837890625,-48.980712890625,0.37092987670898436,-0.7871254211425781,0.0
,8294,,,,,64.2333984375,-41.6015625,0.4600110534667969,-0.7420669189453125,0.0
,8295,,,,,65.057373046875,-41.6015625,0.5277541809082031,-0.6775348571777344,0.0
,8296,,,,,69.0399169921875,-35.3302001953125,0.6142457885742187,-0.6126920471191406,0.0
,8297,,,,,68.792724609375,-35.3302001953125,0.6584756286621094,-0.5951865600585937,0.0
,8298,,,,,71.4569091796875,-29.5440673828125,0.7254936767578125,-0.5507495544433594,0.0
,8299,,,,,70.5780029296875,-29.5440673828125,0.775627734375,-0.5090057006835937,0.0
,8300,,,,,72.2991943359375,-24.4537353515625,0.8216184814453126,-0.47005858154296876,0.0
,8301,,,,,70.294189453125,-24.4537353515625,0.862637255859375,-0.4338046142578125,0.0
,8302,,,,,74.74365234375,-12.799072265625,0.8847003845214844,-0.39982946777343753,0.0
,8303,,,,,71.7041015625,-12.799072265625,0.9061420166015626,-0.35321722412109374,0.0
,8304,,,,,77.9296875,2.545166015625,0.9058312683105469,-0.31437368774414065,0.0
,8305,,,,,75.347900390625,2.545166015625,0.9208507690429688,-0.272629833984375,0.0
,8306,,,,,77.8564453125,11.5081787109375,0.8951622436523438,-0.23057523193359375,0.0
,8307,,,,,71.4202880859375,11.5081787109375,0.9300696350097657,-0.15485623168945312,0.0
,8308,,,,,77.1148681640625,21.3775634765625,0.9236475036621095,-0.090324169921875,0.0
,8309,,,,,70.916748046875,21.3775634765625,0.9353523559570313,-0.024756280517578125,0.0
,8310,,,,,75.3387451171875,29.0313720703125,0.9394956665039063,0.06691446533203126,0.0
,8311,,,,,67.41943359375,29.0313720703125,0.9390813354492188,0.13849015502929687,0.0
,8312,,,,,72.2625732421875,37.4359130859375,0.9101817443847656,0.2017792236328125,0.0
,8313,,,,,63.629150390625,37.4359130859375,0.9173289550781251,0.2777053894042969,0.0
,8314,,,,,65.5059814453125,40.68603515625,0.9218865966796875,0.3499025756835938,0.0
,8315,,,,,59.307861328125,40.68603515625,0.9277908142089843,0.41743853759765626,0.0
,8316,,,,,62.5030517578125,46.234130859375,0.9083172546386719,0.47730937500000004,0.0
,8317,,,,,54.2266845703125,46.234130859375,0.8856326293945312,0.5116988525390626,0.0
,8318,,,,,56.7535400390625,50.6103515625,0.8951622436523438,0.5871071044921875,0.0
,8319,,,,,42.4163818359375,50.6103515625,0.8438887756347656,0.5730198486328125,0.0
,8320,,,,,18.42041015625,54.766845703125,0.8371558959960937,0.620667919921875,0.0
,8321,,,,,31.2286376953125,59.2529296875,0.7852609313964845,0.6196320922851563,0.0
,8322,,,,,33.2977294921875,62.841796875,0.762369140625,0.6599257873535156,0.0
,8323,,,,,23.1536865234375,65.9271240234375,0.6795029296875,0.6588899597167969,0.0
,8324,,,,,24.86572265625,68.88427734375,0.6512248352050781,0.7006338134765625,0.0
,8325,,,,,15.0146484375,71.539306640625,0.559346923828125,0.6879967163085938,0.0
,8326,,,,,15.9576416015625,73.1689453125,0.5233001220703125,0.7575007507324218,0.0
,8327,,,,,5.9967041015625,74.37744140625,0.4314222106933594,0.7869182556152344,0.0
,8328,,,,,6.3995361328125,75.0732421875,0.40190112304687503,0.8492750793457031,0.0
,8329,,,,,-2.4444580078125,75.311279296875,0.3393371337890625,0.8651232421875,0.0
,8330,,,,,-2.4627685546875,75.274658203125,0.2929320556640625,0.8997198852539062,0.0
,8331,,,,,-8.001708984375,74.7894287109375,0.18551672973632813,0.8892580261230469,0.0
,8332,,,,,-8.53271484375,73.8739013671875,0.1160126953125,0.909974578857422,0.0
,8333,,,,,-14.501953125,72.54638671875,0.06908970336914062,0.9449855529785156,0.0
,8334,,,,,-15.4266357421875,70.9442138671875,0.04744090576171875,0.9549294982910157,0.0
,8335,,,,,-18.5943603515625,68.646240234375,-0.0236168701171875,0.9283087280273438,0.0
,8336,,,,,-23.76708984375,66.76025390625,-0.06556788940429688,0.9199185241699219,0.0
,8337,,,,,-28.7841796875,64.471435546875,-0.11249088134765625,0.8912260986328125,0.0
,8338,,,,,-34.4512939453125,62.4114990234375,-0.1446015380859375,0.8729955322265626,0.0
,8339,,,,,-42.51708984375,56.79931640625,-0.2085121032714844,0.84855,0.0
,8340,,,,,-46.3714599609375,56.79931640625,-0.25553867797851565,0.8263832885742187,0.0
,8341,,,,,-52.203369140625,52.203369140625,-0.31178411865234373,0.7853645141601563,0.0
,8342,,,,,-54.9224853515625,52.203369140625,-0.3817024841308594,0.7431027465820312,0.0
,8343,,,,,-60.5072021484375,46.76513671875,-0.4372228454589844,0.7050878723144531,0.0
,8344,,,,,-62.384033203125,46.76513671875,-0.5018584899902344,0.6644834289550782,0.0
,8345,,,,,-67.144775390625,40.081787109375,-0.5663905517578125,0.6167317749023438,0.0
,8346,,,,,-67.12646484375,40.081787109375,-0.6315441101074218,0.5749879211425781,0.0
,8347,,,,,-70.6329345703125,34.1400146484375,-0.6947295959472657,0.5360408020019531,0.0
,8348,,,,,-69.818115234375,34.1400146484375,-0.7432063293457032,0.49295037231445316,0.0
,8349,,,,,-71.4752197265625,29.0496826171875,-0.7999696838378907,0.436704931640625,0.0
,8350,,,,,-69.9737548828125,29.0496826171875,-0.8185109985351563,0.42241051025390625,0.0
,8351,,,,,-73.2879638671875,20.3704833984375,-0.8512431518554687,0.3981721435546875,0.0
,8352,,,,,-94.66552734375,-20.39794921875,-0.8911225158691407,0.3525957275390625,0.0
,8353,,,,,-84.99755859375,-8.1207275390625,-0.9172253723144531,0.30194375610351565,0.0
,8354,,,,,-82.470703125,-8.1207275390625,-0.9286194763183594,0.29137831420898436,0.0
,8355,,,,,-76.9500732421875,-3.167724609375,-0.9466428771972657,0.2254996765136719,0.0
,8356,,,,,-73.7548828125,-3.167724609375,-0.95627607421875,0.18489523315429687,0.0
,8357,,,,,-77.1240234375,-15.069580078125,-0.9666343505859375,0.1089690673828125,0.0
,8358,,,,,-70.9808349609375,-15.069580078125,-0.9383562561035157,0.09436389770507812,0.0
,8359,,,,,-75.7598876953125,-23.345947265625,-0.955550994873047,-0.004246893310546875,0.0
,8360,,,,,-67.2271728515625,-23.345947265625,-0.9481966186523437,-0.033250067138671874,0.0
,8361,,,,,-72.802734375,-33.0047607421875,-0.9605229675292969,-0.12139899902343751,0.0
,8362,,,,,-64.78271484375,-33.0047607421875,-0.9442604736328125,-0.16593958740234377,0.0
,8363,,,,,-67.7215576171875,-38.104248046875,-0.9417744873046875,-0.23844752197265626,0.0
,8364,,,,,-59.765625,-38.104248046875,-0.9095602478027344,-0.29997568359375,0.0
,8365,,,,,-62.8509521484375,-43.450927734375,-0.9160859619140626,-0.3990008056640625,0.0
,8366,,,,,-56.0760498046875,-43.450927734375,-0.8843896362304687,-0.44012316284179687,0.0
,8367,,,,,-58.92333984375,-48.3856201171875,-0.8308373474121094,-0.4695406677246094,0.0
,8368,,,,,-48.0194091796875,-48.3856201171875,-0.8140569396972657,-0.4820741821289063,0.0
,8369,,,,,-49.62158203125,-51.15966796875,-0.815403515625,-0.5421521850585937,0.0
,8370,,,,,-38.0035400390625,-55.1788330078125,-0.8115709533691406,-0.5719840209960938,0.0
,8371,,,,,-40.0634765625,-58.7493896484375,-0.7849501831054688,-0.6143493713378907,0.0
,8372,,,,,-26.7333984375,-62.4755859375,-0.7492141296386718,-0.6403486450195313,0.0
,8373,,,,,-28.9306640625,-66.2841796875,-0.6949367614746094,-0.6537108215332031,0.0
,8374,,,,,-17.6513671875,-69.085693359375,-0.6535036560058594,-0.6784671020507813,0.0
,8375,,,,,-18.9971923828125,-71.4111328125,-0.5911468322753907,-0.7150318176269531,0.0
,8376,,,,,-8.8714599609375,-73.4161376953125,-0.5215392150878907,-0.7428955810546876,0.0
,8377,,,,,-9.6771240234375,-74.8077392578125,-0.46922991943359377,-0.7911651489257813,0.0
,8378,,,,,-0.714111328125,-75.6683349609375,-0.39941513671875,-0.8359129028320312,0.0
,8379,,,,,-0.8880615234375,-75.9613037109375,-0.3282537780761719,-0.8409884582519531,0.0
,8380,,,,,6.5093994140625,-75.6317138671875,-0.25761033325195315,-0.8826287292480469,0.0
,8381,,,,,6.7108154296875,-75.29296875,-0.18137341918945313,-0.8841824707031251,0.0
,8382,,,,,11.993408203125,-74.1943359375,-0.11290521240234376,-0.8994091369628906,0.0
,8383,,,,,12.8448486328125,-72.7294921875,-0.050755554199218754,-0.9064527648925782,0.0
,8384,,,,,18.0999755859375,-71.392822265625,0.0203022216796875,-0.9162931274414062,0.0
,8385,,,,,19.244384765625,-69.39697265625,0.04816598510742188,-0.9122533996582032,0.0
,8386,,,,,24.5819091796875,-66.83349609375,0.108554736328125,-0.9066599304199219,0.0
,8387,,,,,29.6356201171875,-64.361572265625,0.11746285400390626,-0.9125641479492188,0.0
,8388,,,,,35.2935791015625,-61.761474609375,0.16397151489257814,-0.8927798400878907,0.0
,8389,,,,,41.0797119140625,-59.161376953125,0.21286257934570313,-0.84357802734375,0.0
,8390,,,,,47.2503662109375,-55.059814453125,0.2639288818359375,-0.81706083984375,0.0
,8391,,,,,50.1068115234375,-55.059814453125,0.3161345947265625,-0.7900257385253906,0.0
,8392,,,,,55.609130859375,-50.0335693359375,0.35974293823242187,-0.7616440612792968,0.0
,8393,,,,,57.60498046875,-50.0335693359375,0.4012796264648438,-0.7260115905761719,0.0
,8394,,,,,62.457275390625,-44.5770263671875,0.47958819580078127,-0.6955582580566406,0.0
,8395,,,,,63.079833984375,-44.5770263671875,0.5535462890625,-0.6577505493164063,0.0
,8396,,,,,67.12646484375,-38.2232666015625,0.6408665588378907,-0.5963259704589844,0.0
,8397,,,,,66.7877197265625,-38.2232666015625,0.6951439270019532,-0.5658726379394532,0.0
,8398,,,,,68.975830078125,-32.4188232421875,0.7609189819335938,-0.5301365844726562,0.0
,8399,,,,,67.657470703125,-32.4188232421875,0.815403515625,-0.4829028442382813,0.0
,8400,,,,,69.8089599609375,-26.3031005859375,0.8597369384765625,-0.4428163146972656,0.0
,8401,,,,,67.4468994140625,-26.3031005859375,0.8829394775390625,-0.430075634765625,0.0
,8402,,,,,72.0428466796875,-13.9434814453125,0.8950586608886719,-0.3962040710449219,0.0
,8403,,,,,69.54345703125,-13.9434814453125,0.8998234680175782,-0.36471491088867186,0.0
,8404,,,,,73.5076904296875,-2.7191162109375,0.8882221984863281,-0.31810266723632813,0.0
,8405,,,,,71.063232421875,-2.7191162109375,0.9162931274414062,-0.25212044677734374,0.0
,8406,,,,,75.2197265625,9.5306396484375,0.9202292724609376,-0.21451990356445313,0.0
,8407,,,,,69.9554443359375,9.5306396484375,0.9273764831542969,-0.1542347351074219,0.0
,8408,,,,,74.96337890625,18.2098388671875,0.927272900390625,-0.0890811767578125,0.0
,8409,,,,,68.646240234375,18.2098388671875,0.9315197937011719,-0.0261028564453125,0.0
,8410,,,,,74.08447265625,27.630615234375,0.9316233764648438,0.056866937255859375,0.0
,8411,,,,,65.0482177734375,27.630615234375,0.9359738525390625,0.11994884033203125,0.0
,8412,,,,,69.708251953125,35.70556640625,0.9268585693359376,0.17515845336914063,0.0
,8413,,,,,61.029052734375,35.70556640625,0.934730859375,0.24725205688476562,0.0
,8414,,,,,64.2425537109375,41.2811279296875,0.9242690002441406,0.327321533203125,0.0
,8415,,,,,56.28662109375,41.2811279296875,0.9356631042480469,0.4012796264648438,0.0
,8416,,,,,59.21630859375,46.3531494140625,0.9384598388671875,0.4601146362304688,0.0
,8417,,,,,52.496337890625,46.3531494140625,0.9004449645996094,0.48828914794921874,0.0
,8418,,,,,55.572509765625,51.690673828125,0.8724776184082031,0.5416342712402344,0.0
,8419,,,,,41.7755126953125,51.690673828125,0.8283513610839844,0.5330369018554688,0.0
,8420,,,,,19.95849609375,55.2520751953125,0.8453389343261719,0.5995370361328125,0.0
,8421,,,,,31.2286376953125,58.6029052734375,0.798001611328125,0.6093773986816406,0.0
,8422,,,,,33.14208984375,61.92626953125,0.7677554443359376,0.6469779418945313,0.0
,8423,,,,,20.4345703125,65.5059814453125,0.6673837463378907,0.6222216613769531,0.0
,8424,,,,,22.3297119140625,68.7835693359375,0.6572326354980469,0.6705948120117188,0.0
,8425,,,,,12.762451171875,71.2738037109375,0.5769559936523437,0.6698697326660157,0.0
,8426,,,,,13.80615234375,73.077392578125,0.5412199401855469,0.7413418395996094,0.0
,8427,,,,,3.5888671875,74.6337890625,0.43390819702148437,0.7378200256347657,0.0
,8428,,,,,4.3304443359375,75.91552734375,0.3971363159179688,0.7923045593261719,0.0
,8429,,,,,-2.6824951171875,75.9063720703125,0.2972825317382813,0.80877421875,0.0
,8430,,,,,-2.764892578125,75.7598876953125,0.24642339477539063,0.8607727661132812,0.0
,8431,,,,,-7.8277587890625,75.274658203125,0.1562028076171875,0.8768280944824219,0.0
,8432,,,,,-8.2122802734375,74.6063232421875,0.1031684326171875,0.9003413818359375,0.0
,8433,,,,,-13.5955810546875,73.5992431640625,0.053759454345703124,0.920643603515625,0.0
,8434,,,,,-14.3096923828125,72.3541259765625,0.02838167724609375,0.9364917663574219,0.0
,8435,,,,,-17.9443359375,70.294189453125,-0.053137957763671875,0.9063491821289062,0.0
,8436,,,,,-23.675537109375,68.29833984375,-0.09042775268554688,0.9030345336914063,0.0
,8437,,,,,-28.8299560546875,65.9454345703125,-0.12916770629882812,0.8956801574707032,0.0
,8438,,,,,-34.1949462890625,63.446044921875,-0.18261641235351564,0.8596333557128907,0.0
,8439,,,,,-40.2557373046875,60.64453125,-0.24538756713867188,0.8305265991210937,0.0
,8440,,,,,-45.4925537109375,58.319091796875,-0.28402393798828124,0.8173715881347656,0.0
,8441,,,,,-51.0772705078125,53.924560546875,-0.3360224853515625,0.8045273254394532,0.0
,8442,,,,,-53.57666015625,53.924560546875,-0.38936760864257813,0.7566720886230469,0.0
,8443,,,,,-58.8134765625,48.4130859375,-0.4677797607421875,0.7150318176269531,0.0
,8444,,,,,-60.3515625,48.4130859375,-0.5316903259277344,0.6848892333984375,0.0
,8445,,,,,-64.7735595703125,42.1417236328125,-0.614970867919922,0.6305082824707031,0.0
,8446,,,,,-64.5904541015625,42.1417236328125,-0.693590185546875,0.583378125,0.0
,8447,,,,,-67.7764892578125,36.0809326171875,-0.7654766235351562,0.5352121398925781,0.0
,8448,,,,,-67.071533203125,36.0809326171875,-0.7915794799804687,0.5034122314453126,0.0
,8449,,,,,-69.3878173828125,30.0750732421875,-0.841920703125,0.43774075927734374,0.0
,8450,,,,,-67.6849365234375,30.0750732421875,-0.8656411560058594,0.43090429687500004,0.0
,8451,,,,,-70.7427978515625,21.478271484375,-0.8956801574707032,0.41951019287109376,0.0
,8452,,,,,-68.206787109375,21.478271484375,-0.9073850097656251,0.39972588500976564,0.0
,8453,,,,,-72.98583984375,7.9010009765625,-0.9319341247558593,0.3540458862304688,0.0
,8454,,,,,-79.1656494140625,-7.928466796875,-0.9466428771972657,0.322349560546875,0.0
,8455,,,,,-73.93798828125,-3.167724609375,-0.9561724914550781,0.26330738525390623,0.0
,8456,,,,,-68.2525634765625,-3.167724609375,-0.9491288635253906,0.2279856628417969,0.0
,8457,,,,,-75.3021240234375,-15.380859375,-0.9504754394531251,0.15019500732421875,0.0
,8458,,,,,-69.10400390625,-15.380859375,-0.9563796569824219,0.100268115234375,0.0
,8459,,,,,-74.3316650390625,-24.4354248046875,-0.955550994873047,0.01180843505859375,0.0
,8460,,,,,-66.357421875,-24.4354248046875,-0.9427067321777344,-0.024134783935546876,0.0
,8461,,,,,-71.74072265625,-33.7738037109375,-0.9667379333496094,-0.11259446411132813,0.0
,8462,,,,,-63.427734375,-33.7738037109375,-0.945503466796875,-0.15309532470703124,0.0
,8463,,,,,-67.327880859375,-40.5303955078125,-0.9498539428710938,-0.20208997192382813,0.0
,8464,,,,,-57.7239990234375,-40.5303955078125,-0.9159823791503906,-0.25212044677734374,0.0
,8465,,,,,-60.4248046875,-45.1995849609375,-0.8967159851074219,-0.3508348205566406,0.0
,8466,,,,,-54.38232421875,-45.1995849609375,-0.8716489562988281,-0.391128515625,0.0
,8467,,,,,-57.0648193359375,-49.84130859375,-0.8738241943359375,-0.47513413696289064,0.0
,8468,,,,,-46.7010498046875,-49.84130859375,-0.8454425170898437,-0.49709368286132816,0.0
,8469,,,,,-48.0010986328125,-52.093505859375,-0.8146784362792969,-0.5329333190917969,0.0
,8470,,,,,-36.492919921875,-55.8563232421875,-0.8116745361328125,-0.5625579895019531,0.0
,8471,,,,,-38.470458984375,-59.2803955078125,-0.7626798889160157,-0.5980868774414063,0.0
,8472,,,,,-25.9368896484375,-63.0615234375,-0.7400988464355469,-0.6181819335937501,0.0
,8473,,,,,-28.216552734375,-67.0074462890625,-0.686960888671875,-0.6478066040039062,0.0
,8474,,,,,-17.669677734375,-70.367431640625,-0.6210822509765626,-0.6617902770996094,0.0
,8475,,,,,-19.134521484375,-72.894287109375,-0.5746771728515625,-0.7161712280273438,0.0
,8476,,,,,-9.539794921875,-74.578857421875,-0.5035158142089844,-0.7406167602539063,0.0
,8477,,,,,-10.1806640625,-75.6866455078125,-0.43194012451171876,-0.7771814758300781,0.0
,8478,,,,,-1.611328125,-76.7120361328125,-0.3651292419433594,-0.8143676879882813,0.0
,8479,,,,,-1.94091796875,-77.2796630859375,-0.3012186767578125,-0.8244152160644531,0.0
,8480,,,,,3.753662109375,-76.8310546875,-0.22612117309570312,-0.855179296875,0.0
,8481,,,,,3.8360595703125,-76.6937255859375,-0.16169269409179687,-0.8788997497558594,0.0
,8482,,,,,9.3017578125,-76.116943359375,-0.07934439697265626,-0.8822143981933595,0.0
,8483,,,,,10.0799560546875,-74.7894287109375,-0.02050938720703125,-0.8955765747070312,0.0
,8484,,,,,15.6829833984375,-73.20556640625,0.05293079223632813,-0.8987876403808595,0.0
,8485,,,,,16.644287109375,-71.5484619140625,0.06411773071289063,-0.9199185241699219,0.0
,8486,,,,,22.6318359375,-69.2779541015625,0.10503292236328125,-0.9108032409667969,0.0
,8487,,,,,28.656005859375,-66.7510986328125,0.12771754760742188,-0.9007557128906251,0.0
,8488,,,,,33.87451171875,-64.361572265625,0.1785766845703125,-0.8893616088867188,0.0
,8489,,,,,38.9007568359375,-62.14599609375,0.2183524658203125,-0.8705095458984375,0.0
,8490,,,,,45.99609375,-56.982421875,0.2939678833007813,-0.8347734924316407,0.0
,8491,,,,,49.237060546875,-56.982421875,0.3290824401855469,-0.8184074157714843,0.0
,8492,,,,,54.0802001953125,-52.2674560546875,0.3791129150390625,-0.7850537658691407,0.0
,8493,,,,,55.5999755859375,-52.2674560546875,0.4434378112792969,-0.7475568054199219,0.0
,8494,,,,,61.065673828125,-45.15380859375,0.5298258361816407,-0.7040520446777344,0.0
,8495,,,,,61.8072509765625,-45.15380859375,0.5801670593261719,-0.6896540405273438,0.0
,8496,,,,,65.899658203125,-38.1317138671875,0.6570254699707031,-0.6257434753417969,0.0
,8497,,,,,65.5517578125,-38.1317138671875,0.709334765625,-0.5839996215820312,0.0
,8498,,,,,68.2525634765625,-32.354736328125,0.7874361694335937,-0.5252681945800781,0.0
,8499,,,,,67.1539306640625,-32.354736328125,0.8156106811523438,-0.4952291931152344,0.0
,8500,,,,,69.635009765625,-26.220703125,0.8587011108398438,-0.45762864990234375,0.0
,8501,,,,,67.8131103515625,-26.220703125,0.8954729919433594,-0.42044243774414064,0.0
,8502,,,,,72.4639892578125,-14.703369140625,0.8744456909179688,-0.406873095703125,0.0
,8503,,,,,69.927978515625,-14.703369140625,0.8940228332519532,-0.37310511474609376,0.0
,8504,,,,,77.105712890625,2.7557373046875,0.8980625610351562,-0.3396478820800781,0.0
,8505,,,,,74.2034912109375,2.7557373046875,0.9186755310058594,-0.2961431213378906,0.0
,8506,,,,,75.87890625,10.986328125,0.9292409729003906,-0.24124425659179688,0.0
,8507,,,,,68.4356689453125,10.986328125,0.96787734375,-0.16625033569335937,0.0
,8508,,,,,74.3865966796875,21.2860107421875,0.9490252807617188,-0.11135147094726563,0.0
,8509,,,,,67.822265625,21.2860107421875,0.9384598388671875,-0.061735327148437505,0.0
,8510,,,,,73.4344482421875,31.0089111328125,0.927272900390625,0.013362176513671876,0.0
,8511,,,,,64.41650390625,31.0089111328125,0.9494396118164062,0.09943945312500001,0.0
,8512,,,,,68.8568115234375,38.6993408203125,0.9168110412597656,0.15651355590820312,0.0
,8513,,,,,61.2762451171875,38.6993408203125,0.9021022888183594,0.2249817626953125,0.0
,8514,,,,,64.2333984375,43.8262939453125,0.8916404296875,0.2828845275878906,0.0
,8515,,,,,57.3394775390625,43.8262939453125,0.8856326293945312,0.35736053466796874,0.0
,8516,,,,,60.333251953125,49.017333984375,0.8755851013183594,0.4372228454589844,0.0
,8517,,,,,53.6773681640625,49.017333984375,0.8530040588378907,0.48652824096679687,0.0
,8518,,,,,54.0618896484375,49.69482421875,0.8549721313476563,0.552717626953125,0.0
,8519,,,,,42.00439453125,53.6773681640625,0.7964478698730469,0.54525966796875,0.0
,8520,,,,,22.2381591796875,57.6141357421875,0.794686962890625,0.5971546325683594,0.0
,8521,,,,,32.3089599609375,60.68115234375,0.7529431091308594,0.6047161743164062,0.0
,8522,,,,,34.38720703125,64.2791748046875,0.7445529052734375,0.6523642456054688,0.0
,8523,,,,,22.81494140625,67.7581787109375,0.6560932250976562,0.6590971252441407,0.0
,8524,,,,,24.5086669921875,70.6878662109375,0.6174568542480469,0.6863393920898437,0.0
,8525,,,,,15.3350830078125,72.857666015625,0.51211318359375,0.682817578125,0.0
,8526,,,,,16.424560546875,74.74365234375,0.4777237060546875,0.7559470092773438,0.0
,8527,,,,,6.500244140625,76.4923095703125,0.4064587646484375,0.7937547180175781,0.0
,8528,,,,,7.0587158203125,77.4627685546875,0.36564715576171875,0.8430601135253907,0.0
,8529,,,,,1.263427734375,77.9937744140625,0.2751158203125,0.8531076416015625,0.0
,8530,,,,,1.3641357421875,78.167724609375,0.21969904174804689,0.8847003845214844,0.0
,8531,,,,,-4.2938232421875,77.6824951171875,0.13496834106445313,0.9072814270019531,0.0
,8532,,,,,-4.6875,77.01416015625,0.09332807006835937,0.9335914489746094,0.0
,8533,,,,,-11.0504150390625,75.604248046875,0.027449432373046877,0.9315197937011719,0.0
,8534,,,,,-12.0758056640625,73.8372802734375,-0.0078722900390625,0.9473679565429688,0.0
,8535,,,,,-15.5731201171875,71.44775390625,-0.07696199340820313,0.937216845703125,0.0
,8536,,,,,-21.5423583984375,68.865966796875,-0.1160126953125,0.9257191589355469,0.0
,8537,,,,,-27.2552490234375,66.39404296875,-0.14853768310546875,0.9225080932617188,0.0
,8538,,,,,-32.3638916015625,64.16015625,-0.17557278442382812,0.8992019714355469,0.0
,8539,,,,,-37.8753662109375,61.6790771484375,-0.22353160400390626,0.8669877319335938,0.0
,8540,,,,,-43.4051513671875,59.1705322265625,-0.29966493530273436,0.8164393432617187,0.0
,8541,,,,,-49.3743896484375,54.6844482421875,-0.35549604492187503,0.80048759765625,0.0
,8542,,,,,-51.7181396484375,54.6844482421875,-0.4067695129394531,0.7609189819335938,0.0
,8543,,,,,-57.275390625,48.8616943359375,-0.4766878784179688,0.7291190734863281,0.0
,8544,,,,,-58.612060546875,48.8616943359375,-0.5470205749511718,0.6865465576171875,0.0
,8545,,,,,-63.5101318359375,41.9036865234375,-0.5997442016601563,0.6684195739746094,0.0
,8546,,,,,-63.8763427734375,41.9036865234375,-0.6746345397949219,0.6069949951171875,0.0
,8547,,,,,-68.6004638671875,33.1512451171875,-0.7207288696289063,0.5791312316894531,0.0
,8548,,,,,-67.547607421875,33.1512451171875,-0.7712772583007813,0.5430844299316406,0.0
,8549,,,,,-69.6533203125,27.593994140625,-0.8201683227539063,0.4953327758789063,0.0
,8550,,,,,-67.913818359375,27.593994140625,-0.8561115417480469,0.4600110534667969,0.0
,8551,,,,,-70.8343505859375,19.4549560546875,-0.8870827880859375,0.4283147277832031,0.0
,8552,,,,,-90.8294677734375,-19.482421875,-0.8969231506347657,0.41826719970703125,0.0
,8553,,,,,-80.6671142578125,-6.8939208984375,-0.9294481384277344,0.3581891967773438,0.0
,8554,,,,,-77.6824951171875,-6.8939208984375,-0.9464357116699219,0.3456556823730469,0.0
,8555,,,,,-74.1302490234375,-6.1431884765625,-0.9428103149414063,0.2888923278808594,0.0
,8556,,,,,-67.0166015625,-6.1431884765625,-0.9378383422851563,0.24331591186523438,0.0
,8557,,,,,-73.3245849609375,-17.0745849609375,-0.940531494140625,0.17049722900390626,0.0
,8558,,,,,-67.2821044921875,-17.0745849609375,-0.91650029296875,0.13652208251953124,0.0
,8559,,,,,-72.821044921875,-26.6693115234375,-0.9442604736328125,0.029728253173828125,0.0
,8560,,,,,-65.0665283203125,-26.6693115234375,-0.9260299072265625,-0.014605169677734375,0.0
,8561,,,,,-69.964599609375,-35.15625,-0.9161895446777344,-0.09146358032226563,0.0
,8562,,,,,-63.0615234375,-35.15625,-0.8907081848144531,-0.13641849975585937,0.0
,8563,,,,,-66.39404296875,-40.924072265625,-0.9063491821289062,-0.22228861083984375,0.0
,8564,,,,,-59.271240234375,-40.924072265625,-0.8803499084472657,-0.2876493347167969,0.0
,8565,,,,,-61.5875244140625,-44.9249267578125,-0.8657447387695313,-0.36823672485351566,0.0
,8566,,,,,-55.5633544921875,-44.9249267578125,-0.8307337646484375,-0.39879364013671875,0.0
,8567,,,,,-58.3648681640625,-49.7772216796875,-0.8184074157714843,-0.476480712890625,0.0
,8568,,,,,-46.76513671875,-49.7772216796875,-0.801316259765625,-0.4939861999511719,0.0
,8569,,,,,-48.0560302734375,-52.0111083984375,-0.7746954895019531,-0.5414271057128907,0.0
,8570,,,,,-37.3992919921875,-55.4534912109375,-0.7650622924804688,-0.5783025695800782,0.0
,8571,,,,,-39.532470703125,-59.14306640625,-0.7266330871582032,-0.6077200744628907,0.0
,8572,,,,,-27.392578125,-63.336181640625,-0.6756703674316407,-0.6147637023925782,0.0
,8573,,,,,-29.534912109375,-67.0440673828125,-0.63806982421875,-0.6519499145507812,0.0
,8574,,,,,-20.4071044921875,-69.5892333984375,-0.5780954040527344,-0.6548502319335938,0.0
,8575,,,,,-21.826171875,-72.052001953125,-0.5270291015625,-0.7037412963867188,0.0
,8576,,,,,-11.810302734375,-73.93798828125,-0.4728553161621094,-0.7458994812011719,0.0
,8577,,,,,-12.6251220703125,-75.3387451171875,-0.42085676879882816,-0.7987266906738282,0.0
,8578,,,,,-4.7882080078125,-75.6500244140625,-0.3355045715332031,-0.8189253295898438,0.0
,8579,,,,,-4.852294921875,-75.76904296875,-0.24766638793945314,-0.8220328125,0.0
,8580,,,,,1.1077880859375,-75.531005859375,-0.2022971374511719,-0.8622229248046875,0.0
,8581,,,,,1.57470703125,-74.7161865234375,-0.14107972412109376,-0.8885329467773437,0.0
,8582,,,,,7.086181640625,-73.9013671875,-0.05779918212890625,-0.9048990234375001,0.0
,8583,,,,,7.635498046875,-72.94921875,-0.03138557739257813,-0.9285158935546876,0.0
,8584,,,,,14.4195556640625,-71.1456298828125,0.030867663574218752,-0.9153608825683595,0.0
,8585,,,,,15.56396484375,-69.158935546875,0.055831109619140624,-0.9115283203125,0.0
,8586,,,,,21.38671875,-66.9708251953125,0.10006094970703125,-0.9055205200195313,0.0
,8587,,,,,26.66015625,-65.0848388671875,0.1106263916015625,-0.9228188415527344,0.0
,8588,,,,,32.318115234375,-62.8692626953125,0.15433831787109376,-0.8945407470703125,0.0
,8589,,,,,38.5345458984375,-60.16845703125,0.17774802246093752,-0.8718561218261719,0.0
,8590,,,,,45.3277587890625,-55.37109375,0.24352307739257814,-0.8266940368652343,0.0
,8591,,,,,48.1842041015625,-55.37109375,0.2692116027832031,-0.8184074157714843,0.0
,8592,,,,,54.034423828125,-49.4659423828125,0.3416159545898438,-0.7830856933593751,0.0
,8593,,,,,55.938720703125,-49.4659423828125,0.3933037536621094,-0.7450708190917968,0.0
,8594,,,,,61.12060546875,-43.2586669921875,0.48342075805664064,-0.7162748107910156,0.0
,8595,,,,,61.85302734375,-43.2586669921875,0.5472277404785156,-0.6682124084472656,0.0
,8596,,,,,66.8975830078125,-35.2935791015625,0.6154887817382813,-0.6247076477050781,0.0
,8597,,,,,66.6961669921875,-35.2935791015625,0.678674267578125,-0.5864856079101562,0.0
,8598,,,,,69.268798828125,-29.736328125,0.7402024291992187,-0.5346942260742188,0.0
,8599,,,,,68.2891845703125,-29.736328125,0.7819462829589844,-0.4932611206054688,0.0
,8600,,,,,70.7427978515625,-22.705078125,0.8067025634765626,-0.46891917114257814,0.0
,8601,,,,,68.0694580078125,-22.705078125,0.8232758056640626,-0.44437005615234376,0.0
,8602,,,,,71.9879150390625,-11.865234375,0.8616014282226563,-0.3974470642089844,0.0
,8603,,,,,69.561767578125,-11.865234375,0.8720632873535157,-0.3610895141601563,0.0
,8604,,,,,75.9796142578125,3.4698486328125,0.8591154418945313,-0.3351938232421875,0.0
,8605,,,,,72.857666015625,3.4698486328125,0.8925726745605469,-0.2751158203125,0.0
,8606,,,,,74.6978759765625,11.846923828125,0.8877042846679688,-0.22974656982421876,0.0
,8607,,,,,69.1131591796875,11.846923828125,0.8799355773925781,-0.17515845336914063,0.0
,8608,,,,,74.9359130859375,21.9268798828125,0.87340986328125,-0.10472217407226563,0.0
,8609,,,,,67.8131103515625,21.9268798828125,0.9030345336914063,-0.023513287353515627,0.0
,8610,,,,,72.674560546875,30.3497314453125,0.8694737182617188,0.0236168701171875,0.0
,8611,,,,,66.0003662109375,30.3497314453125,0.8777603393554688,0.09353523559570313,0.0
,8612,,,,,70.953369140625,38.9373779296875,0.8729955322265626,0.18738121948242187,0.0
,8613,,,,,62.3565673828125,38.9373779296875,0.8630515869140625,0.2581282470703125,0.0
,8614,,,,,64.34326171875,42.388916015625,0.84689267578125,0.3145808532714844,0.0
,8615,,,,,60.0494384765625,42.388916015625,0.8421278686523438,0.3807702392578125,0.0
,8616,,,,,63.1256103515625,47.71728515625,0.8423350341796876,0.44954919433593754,0.0
,8617,,,,,53.7872314453125,47.71728515625,0.8445102722167969,0.49802592773437504,0.0
,8618,,,,,56.5704345703125,52.532958984375,0.8275226989746094,0.5525104614257813,0.0
,8619,,,,,44.110107421875,52.532958984375,0.7704485961914063,0.5541677856445313,0.0
,8620,,,,,18.6859130859375,56.2408447265625,0.7541861022949219,0.5874178527832031,0.0
,8621,,,,,32.5836181640625,60.0494384765625,0.7061236999511719,0.59166474609375,0.0
,8622,,,,,34.7625732421875,63.83056640625,0.7016696411132812,0.6470815246582031,0.0
,8623,,,,,25.0030517578125,66.8060302734375,0.60823798828125,0.6375519104003906,0.0
,8624,,,,,26.495361328125,69.3878173828125,0.5960152221679688,0.6784671020507813,0.0
,8625,,,,,16.497802734375,71.466064453125,0.5212284667968751,0.6801244262695313,0.0
,8626,,,,,17.523193359375,73.2513427734375,0.5027907348632813,0.779771044921875,0.0
,8627,,,,,8.67919921875,74.1668701171875,0.41640270996093753,0.8162321777343751,0.0
,8628,,,,,8.9263916015625,74.6063232421875,0.38563862915039065,0.88335380859375,0.0
,8629,,,,,-0.1922607421875,74.7802734375,0.28837441406250003,0.8727883666992188,0.0
,8630,,,,,-0.29296875,74.6063232421875,0.23192180786132813,0.8958873229980469,0.0
,8631,,,,,-4.705810546875,73.8555908203125,0.14936634521484377,0.9155680480957031,0.0
,8632,,,,,-5.0079345703125,73.3428955078125,0.10575800170898438,0.9375275939941407,0.0
,8633,,,,,-12.176513671875,72.18017578125,0.058938592529296875,0.9527542602539063,0.0
,8634,,,,,-13.0279541015625,70.7061767578125,0.01760906982421875,0.9497503601074219,0.0
,8635,,,,,-20.0592041015625,69.287109375,-0.048373150634765626,0.9246833312988282,0.0
,8636,,,,,-20.9930419921875,67.67578125,-0.08845968017578125,0.9249940795898438,0.0
,8637,,,,,-26.7425537109375,65.33203125,-0.13558983764648438,0.9128748962402344,0.0
,8638,,,,,-33.544921875,62.6312255859375,-0.146673193359375,0.9048990234375001,0.0
,8639,,,,,-41.1346435546875,57.8338623046875,-0.1985681579589844,0.8787961669921875,0.0
,8640,,,,,-44.5953369140625,57.8338623046875,-0.2710760925292969,0.8305265991210937,0.0
,8641,,,,,-51.4617919921875,51.30615234375,-0.31427010498046876,0.8167500915527344,0.0
,8642,,,,,-53.8238525390625,51.30615234375,-0.37414094238281254,0.7829821105957031,0.0
,8643,,,,,-59.3994140625,45.172119140625,-0.4409518249511719,0.7472460571289062,0.0
,8644,,,,,-60.662841796875,45.172119140625,-0.501340576171875,0.6932794372558594,0.0
,8645,,,,,-65.679931640625,37.939453125,-0.5758165832519532,0.6378626586914062,0.0
,8646,,,,,-66.064453125,37.939453125,-0.6344444274902344,0.6006764465332032,0.0
,8647,,,,,-70.12939453125,31.16455078125,-0.6702840637207031,0.5749879211425781,0.0
,8648,,,,,-69.3511962890625,31.16455078125,-0.7109920898437501,0.5548928649902344,0.0
,8649,,,,,-70.916748046875,26.898193359375,-0.7710700927734375,0.491396630859375,0.0
,8650,,,,,-69.6533203125,26.898193359375,-0.8086706359863282,0.44944561157226565,0.0
,8651,,,,,-72.967529296875,17.4957275390625,-0.8564222900390626,0.4211675170898438,0.0
,8652,,,,,-90.985107421875,-17.523193359375,-0.8923655090332031,0.385327880859375,0.0
,8653,,,,,-82.6080322265625,-6.5093994140625,-0.9028273681640625,0.3236961364746094,0.0
,8654,,,,,-79.8797607421875,-6.5093994140625,-0.8952658264160156,0.2994577697753906,0.0
,8655,,,,,-76.7303466796875,-6.6650390625,-0.904070361328125,0.24373024291992187,0.0
,8656,,,,,-70.697021484375,-6.6650390625,-0.9215758483886719,0.19742874755859374,0.0
,8657,,,,,-76.4739990234375,-16.6717529296875,-0.928930224609375,0.1321716064453125,0.0
,8658,,,,,-70.733642578125,-16.6717529296875,-0.9144286376953126,0.10492933959960937,0.0
,8659,,,,,-76.2725830078125,-26.275634765625,-0.9121498168945312,0.010979772949218751,0.0
,8660,,,,,-68.4173583984375,-26.275634765625,-0.8987876403808595,-0.03407872924804688,0.0
,8661,,,,,-72.9400634765625,-34.1217041015625,-0.9302768005371094,-0.130099951171875,0.0
,8662,,,,,-66.1468505859375,-34.1217041015625,-0.8928834228515625,-0.1491591796875,0.0
,8663,,,,,-69.2413330078125,-39.4866943359375,-0.8928834228515625,-0.2287107421875,0.0
,8664,,,,,-62.347412109375,-39.4866943359375,-0.8818000671386719,-0.30722647705078127,0.0
,8665,,,,,-65.277099609375,-44.5587158203125,-0.8622229248046875,-0.38636370849609375,0.0
,8666,,,,,-58.6944580078125,-44.5587158203125,-0.8578724487304688,-0.43484044189453125,0.0
,8667,,,,,-61.5325927734375,-49.4842529296875,-0.842024285888672,-0.48839273071289063,0.0
,8668,,,,,-48.8525390625,-49.4842529296875,-0.8225507263183593,-0.5066232971191407,0.0
,8669,,,,,-50.72021484375,-52.716064453125,-0.8276262817382812,-0.5664941345214843,0.0
,8670,,,,,-39.7064208984375,-56.011962890625,-0.8053559875488282,-0.5939435668945313,0.0
,8671,,,,,-41.619873046875,-59.3353271484375,-0.7702414306640625,-0.6429382141113281,0.0
,8672,,,,,-28.89404296875,-62.640380859375,-0.7595724060058594,-0.6854071472167969,0.0
,8673,,,,,-31.01806640625,-66.32080078125,-0.6897576232910156,-0.7097490966796876,0.0
,8674,,,,,-20.4345703125,-69.158935546875,-0.6397271484375,-0.74248125,0.0
,8675,,,,,-21.56982421875,-71.1273193359375,-0.5829637939453125,-0.7780101379394532,0.0
,8676,,,,,-11.2335205078125,-72.930908203125,-0.4995796691894531,-0.7861931762695312,0.0
,8677,,,,,-12.139892578125,-74.505615234375,-0.44830620117187503,-0.8247259643554687,0.0
,8678,,,,,-3.314208984375,-75.494384765625,-0.3991043884277344,-0.8719597045898437,0.0
,8679,,,,,-3.4332275390625,-75.7049560546875,-0.31768833618164066,-0.8771388427734376,0.0
,8680,,,,,4.3121337890625,-75.5859375,-0.24279799804687502,-0.9071778442382813,0.0
,8681,,,,,4.5135498046875,-75.238037109375,-0.1836522399902344,-0.922404510498047,0.0
,8682,,,,,10.0341796875,-74.3682861328125,-0.11238729858398439,-0.9176397033691407,0.0
,8683,,,,,10.455322265625,-73.64501953125,-0.047337322998046875,-0.9173289550781251,0.0
,8684,,,,,17.4407958984375,-72.36328125,0.00932244873046875,-0.9271693176269532,0.0
,8685,,,,,18.5302734375,-70.477294921875,0.028899591064453126,-0.9418780700683594,0.0
,8686,,,,,23.69384765625,-67.6849365234375,0.09011700439453126,-0.9252012451171875,0.0
,8687,,,,,29.1046142578125,-65.203857421875,0.09581405639648438,-0.9350416076660156,0.0
,8688,,,,,34.7076416015625,-62.8509521484375,0.13952598266601562,-0.9328663696289062,0.0
,8689,,,,,40.2008056640625,-60.2691650390625,0.16894348754882813,-0.9177432861328125,0.0
,8690,,,,,48.0194091796875,-53.759765625,0.25450285034179687,-0.8834573913574219,0.0
,8691,,,,,51.0772705078125,-53.759765625,0.30266883544921874,-0.844406689453125,0.0
,8692,,,,,56.50634765625,-48.577880859375,0.3520778137207031,-0.8174751708984376,0.0
,8693,,,,,58.502197265625,-48.577880859375,0.3970327331542969,-0.7802889587402344,0.0
,8694,,,,,64.2974853515625,-42.15087890625,0.46695109863281253,-0.7371985290527344,0.0
,8695,,,,,65.4327392578125,-42.15087890625,0.5271326843261719,-0.6859250610351563,0.0
,8696,,,,,69.8455810546875,-35.0738525390625,0.5870035217285157,-0.6409701416015625,0.0
,8697,,,,,70.0103759765625,-35.0738525390625,0.66458701171875,-0.5859676940917969,0.0
,8698,,,,,72.4090576171875,-30.28564453125,0.721764697265625,-0.5329333190917969,0.0
,8699,,,,,71.3470458984375,-30.28564453125,0.7743847412109375,-0.5005119140625001,0.0
,8700,,,,,73.3062744140625,-24.5361328125,0.8274191162109376,-0.47233740234375,0.0
,8701,,,,,70.9075927734375,-24.5361328125,0.8754815185546875,-0.4028333679199219,0.0
,8702,,,,,75.5035400390625,-12.689208984375,0.9029309509277345,-0.37300153198242186,0.0
,8703,,,,,72.6837158203125,-12.689208984375,0.9293445556640625,-0.3351938232421875,0.0
,8704,,,,,78.717041015625,2.67333984375,0.9246833312988282,-0.31344144287109377,0.0
,8705,,,,,75.732421875,2.67333984375,0.955550994873047,-0.25874974365234377,0.0
,8706,,,,,77.581787109375,11.1053466796875,0.9152572998046875,-0.21369124145507812,0.0
,8707,,,,,71.44775390625,11.1053466796875,0.9209543518066406,-0.15599564208984376,0.0
,8708,,,,,77.3529052734375,21.3409423828125,0.9254084106445313,-0.06898612060546876,0.0
,8709,,,,,71.5118408203125,21.3409423828125,0.9518220153808594,0.007354376220703125,0.0
,8710,,,,,75.677490234375,28.546142578125,0.938977752685547,0.07520108642578126,0.0
,8711,,,,,67.3736572265625,28.546142578125,0.94136015625,0.14532661743164063,0.0
,8712,,,,,72.65625,37.6922607421875,0.9331771179199219,0.2117231689453125,0.0
,8713,,,,,64.178466796875,37.6922607421875,0.9422924011230469,0.29044606933593753,0.0
,8714,,,,,65.7440185546875,40.411376953125,0.9327627868652344,0.3460700134277344,0.0
,8715,,,,,59.344482421875,40.411376953125,0.9200221069335938,0.40832325439453127,0.0
,8716,,,,,62.6678466796875,46.160888671875,0.9055205200195313,0.46726184692382816,0.0
,8717,,,,,54.2266845703125,46.160888671875,0.9004449645996094,0.5277541809082031,0.0
,8718,,,,,56.597900390625,50.2716064453125,0.9084208374023438,0.5838960388183594,0.0
,8719,,,,,41.85791015625,50.2716064453125,0.8531076416015625,0.5770595764160157,0.0
,8720,,,,,18.71337890625,54.6661376953125,0.850310906982422,0.62481123046875,0.0
,8721,,,,,31.1737060546875,58.8226318359375,0.7723130859375,0.6064770812988282,0.0
,8722,,,,,33.2427978515625,62.4114990234375,0.7626798889160157,0.6515355834960938,0.0
,8723,,,,,22.7142333984375,65.8538818359375,0.6555753112792969,0.6529857421875,0.0
,8724,,,,,24.4537353515625,68.865966796875,0.6361017517089844,0.6937973510742188,0.0
,8725,,,,,14.3463134765625,70.587158203125,0.5635938171386718,0.7262187561035156,0.0
,8726,,,,,15.1702880859375,72.0062255859375,0.5288935913085938,0.7976908630371095,0.0
,8727,,,,,5.7769775390625,72.9949951171875,0.4509993530273438,0.8253474609375,0.0
,8728,,,,,6.097412109375,73.5443115234375,0.4117414855957031,0.8617050109863281,0.0
,8729,,,,,-2.34375,74.102783203125,0.3336400817871094,0.8666769836425782,0.0
,8730,,,,,-2.4627685546875,73.8922119140625,0.2706617614746094,0.8975446472167969,0.0
,8731,,,,,-7.7178955078125,73.2147216796875,0.17878385009765627,0.8976482299804688,0.0
,8732,,,,,-8.0841064453125,72.5738525390625,0.12025958862304688,0.9138071411132813,0.0
,8733,,,,,-14.1082763671875,71.502685546875,0.0774799072265625,0.9464357116699219,0.0
,8734,,,,,-14.9322509765625,70.0653076171875,0.051687799072265624,0.9619731262207032,0.0
,8735,,,,,-18.3197021484375,68.00537109375,-0.024134783935546876,0.9343165283203125,0.0
,8736,,,,,-23.6572265625,65.9454345703125,-0.0799658935546875,0.9030345336914063,0.0
,8737,,,,,-28.7567138671875,63.482666015625,-0.11746285400390626,0.8878078674316406,0.0
,8738,,,,,-34.2498779296875,61.19384765625,-0.1708079772949219,0.8505180725097656,0.0
,8739,,,,,-42.07763671875,55.755615234375,-0.214623486328125,0.827833447265625,0.0
,8740,,,,,-46.014404296875,55.755615234375,-0.24890938110351563,0.8025592529296875,0.0
,8741,,,,,-51.5899658203125,51.361083984375,-0.3133378601074219,0.7782173034667969,0.0
,8742,,,,,-54.01611328125,51.361083984375,-0.3742445251464844,0.7479711364746094,0.0
,8743,,,,,-59.2803955078125,45.904541015625,-0.44861694946289066,0.6936937683105469,0.0
,8744,,,,,-61.12060546875,45.904541015625,-0.5156349975585938,0.6469779418945313,0.0
,8745,,,,,-65.8172607421875,39.788818359375,-0.5773703247070313,0.6065806640625,0.0
,8746,,,,,-66.0552978515625,39.788818359375,-0.6251219787597656,0.57011953125,0.0
,8747,,,,,-69.580078125,34.09423828125,-0.6854071472167969,0.5214356323242187,0.0
,8748,,,,,-69.0032958984375,34.09423828125,-0.7236291870117187,0.5089021179199219,0.0
,8749,,,,,-70.7977294921875,29.18701171875,-0.7956192077636719,0.45369250488281254,0.0
,8750,,,,,-69.25048828125,29.18701171875,-0.8317695922851562,0.4397088317871094,0.0
,8751,,,,,-72.8851318359375,19.610595703125,-0.8636730834960937,0.39257867431640625,0.0
,8752,,,,,-92.8070068359375,-19.6380615234375,-0.8955765747070312,0.37186212158203125,0.0
,8753,,,,,-83.1939697265625,-7.7362060546875,-0.9161895446777344,0.31654892578125,0.0
,8754,,,,,-80.5755615234375,-7.7362060546875,-0.9242690002441406,0.29893985595703126,0.0
,8755,,,,,-75.4669189453125,-3.2867431640625,-0.9419816528320313,0.22860715942382814,0.0
,8756,,,,,-72.6470947265625,-3.2867431640625,-0.9353523559570313,0.20695836181640626,0.0
,8757,,,,,-75.62255859375,-14.1632080078125,-0.9534793395996094,0.12481723022460937,0.0
,8758,,,,,-69.561767578125,-14.1632080078125,-0.9507861877441407,0.07861931762695312,0.0
,8759,,,,,-74.8260498046875,-23.272705078125,-0.9476787048339844,-0.002175238037109375,0.0
,8760,,,,,-66.6412353515625,-23.272705078125,-0.9446748046875,-0.06639655151367188,0.0
,8761,,,,,-71.81396484375,-32.2265625,-0.9580369812011719,-0.14698394165039064,0.0
,8762,,,,,-63.7115478515625,-32.2265625,-0.932244873046875,-0.17360471191406252,0.0
,8763,,,,,-66.7144775390625,-37.4267578125,-0.9464357116699219,-0.259371240234375,0.0
,8764,,,,,-59.033203125,-37.4267578125,-0.9279979797363281,-0.3220388122558594,0.0
,8765,,,,,-62.457275390625,-43.3502197265625,-0.8954729919433594,-0.3909213500976563,0.0
,8766,,,,,-55.4718017578125,-43.3502197265625,-0.8631551696777344,-0.42261767578125004,0.0
,8767,,,,,-57.9437255859375,-47.625732421875,-0.8621193420410157,-0.4933647033691406,0.0
,8768,,,,,-47.1038818359375,-47.625732421875,-0.8346699096679687,-0.5198818908691406,0.0
,8769,,,,,-48.687744140625,-50.3631591796875,-0.8067025634765626,-0.5512674682617188,0.0
,8770,,,,,-36.9964599609375,-54.473876953125,-0.8018341735839845,-0.56846220703125,0.0
,8771,,,,,-38.96484375,-57.879638671875,-0.776456396484375,-0.6038875122070313,0.0
,8772,,,,,-26.4678955078125,-61.3128662109375,-0.7276689147949219,-0.6185962646484375,0.0
,8773,,,,,-28.619384765625,-65.0482177734375,-0.6657264221191407,-0.6411773071289063,0.0
,8774,,,,,-18.1640625,-68.2708740234375,-0.6255363098144532,-0.6771205261230469,0.0
,8775,,,,,-19.3634033203125,-70.34912109375,-0.5923898254394532,-0.72425068359375,0.0
,8776,,,,,-8.660888671875,-72.32666015625,-0.5258896911621094,-0.7579150817871094,0.0
,8777,,,,,-9.70458984375,-74.1302490234375,-0.46311853637695316,-0.7844322692871094,0.0
,8778,,,,,-0.84228515625,-74.96337890625,-0.4172313720703125,-0.8298015197753906,0.0
,8779,,,,,-0.9063720703125,-75.0640869140625,-0.33881921997070313,-0.8464783447265626,0.0
,8780,,,,,6.610107421875,-75.0823974609375,-0.2663112854003906,-0.8854254638671876,0.0
,8781,,,,,6.7108154296875,-74.908447265625,-0.19535709228515627,-0.8927798400878907,0.0
,8782,,,,,11.8927001953125,-74.1302490234375,-0.11922376098632813,-0.8913296813964844,0.0
,8783,,,,,12.5244140625,-73.040771484375,-0.04826956787109375,-0.8870827880859375,0.0
,8784,,,,,18.035888671875,-71.6033935546875,0.019887890625,-0.8864612915039063,0.0
,8785,,,,,19.1619873046875,-69.6441650390625,0.03542530517578125,-0.9069706787109375,0.0
,8786,,,,,24.5635986328125,-67.1173095703125,0.10171827392578126,-0.8992019714355469,0.0
,8787,,,,,29.55322265625,-65.0848388671875,0.11342312622070314,-0.9130820617675781,0.0
,8788,,,,,35.15625,-62.9058837890625,0.15796371459960937,-0.8923655090332031,0.0
,8789,,,,,41.0980224609375,-60.1318359375,0.181477001953125,-0.8581831970214844,0.0
,8790,,,,,47.64404296875,-55.33447265625,0.25129178466796875,-0.8251402954101563,0.0
,8791,,,,,50.3265380859375,-55.33447265625,0.31841341552734376,-0.7855716796875001,0.0
,8792,,,,,55.718994140625,-50.0885009765625,0.37714484252929686,-0.7470388916015626,0.0
,8793,,,,,57.9986572265625,-50.0885009765625,0.41961377563476565,-0.7074702758789063,0.0
,8794,,,,,63.1072998046875,-44.3572998046875,0.49295037231445316,-0.6730807983398438,0.0
,8795,,,,,64.0045166015625,-44.3572998046875,0.5644224792480469,-0.6363089172363281,0.0
,8796,,,,,68.00537109375,-38.7451171875,0.6242933166503907,-0.6021266052246094,0.0
,8797,,,,,67.96875,-38.7451171875,0.6889289611816406,-0.5479528198242187,0.0
,8798,,,,,70.257568359375,-33.3251953125,0.7435170776367188,-0.4997868347167969,0.0
,8799,,,,,68.792724609375,-33.3251953125,0.794686962890625,-0.46270420532226564,0.0
,8800,,,,,71.1090087890625,-26.6876220703125,0.8358093200683594,-0.44312706298828125,0.0
,8801,,,,,68.7469482421875,-26.6876220703125,0.8865648742675781,-0.4044906921386719,0.0
,8802,,,,,73.3428955078125,-14.2547607421875,0.9199185241699219,-0.364611328125,0.0
,8803,,,,,70.7427978515625,-14.2547607421875,0.9213686828613281,-0.3456556823730469,0.0
,8804,,,,,74.853515625,-2.2796630859375,0.9073850097656251,-0.3174811706542969,0.0
,8805,,,,,72.235107421875,-2.2796630859375,0.9212651000976563,-0.2705581787109375,0.0
,8806,,,,,76.300048828125,8.9080810546875,0.9429138977050782,-0.19618575439453126,0.0
,8807,,,,,69.43359375,8.9080810546875,0.9419816528320313,-0.14429078979492188,0.0
,8808,,,,,75.0274658203125,18.585205078125,0.9307947143554688,-0.09281015625,0.0
,8809,,,,,68.6279296875,18.585205078125,0.9648734436035157,-0.0053863037109375,0.0
,8810,,,,,73.9105224609375,27.7313232421875,0.9576226501464844,0.06463564453125001,0.0
,8811,,,,,65.22216796875,27.7313232421875,0.9519255981445313,0.10751890869140625,0.0
,8812,,,,,70.1751708984375,36.309814453125,0.9333842834472657,0.1744333740234375,0.0
,8813,,,,,61.395263671875,36.309814453125,0.9383562561035157,0.2652754577636719,0.0
,8814,,,,,64.74609375,42.1142578125,0.9133928100585937,0.328978857421875,0.0
,8815,,,,,57.6507568359375,42.1142578125,0.8914332641601562,0.37610901489257814,0.0
,8816,,,,,60.4339599609375,46.9390869140625,0.8903974365234375,0.44644171142578126,0.0
,8817,,,,,53.5400390625,46.9390869140625,0.9011700439453125,0.5144955871582031,0.0
,8818,,,,,56.2957763671875,51.7181396484375,0.8978553955078126,0.5641117309570313,0.0
,8819,,,,,41.839599609375,51.7181396484375,0.841920703125,0.5475384887695313,0.0
,8820,,,,,20.0775146484375,55.535888671875,0.8490679138183594,0.6021266052246094,0.0
,8821,,,,,31.3201904296875,59.1339111328125,0.7850537658691407,0.5910432495117187,0.0
,8822,,,,,33.43505859375,62.80517578125,0.7685841064453125,0.6282294616699219,0.0
,8823,,,,,20.7000732421875,66.4764404296875,0.6966976684570313,0.6386913208007813,0.0
,8824,,,,,22.613525390625,69.8089599609375,0.6754632019042969,0.6879967163085938,0.0
,8825,,,,,13.0279541015625,72.0062255859375,0.5762309143066406,0.6900683715820313,0.0
,8826,,,,,14.1357421875,73.9288330078125,0.5407020263671876,0.7619548095703125,0.0
,8827,,,,,4.5318603515625,75.2105712890625,0.43090429687500004,0.75739716796875,0.0
,8828,,,,,4.94384765625,75.91552734375,0.4057336853027344,0.8182002502441407,0.0
,8829,,,,,-3.3233642578125,76.35498046875,0.34617359619140625,0.8401597961425782,0.0
,8830,,,,,-3.057861328125,76.8218994140625,0.2669327819824219,0.8730991149902344,0.0
,8831,,,,,-7.94677734375,76.4923095703125,0.17826593627929688,0.8798319946289063,0.0
,8832,,,,,-8.38623046875,75.732421875,0.11673777465820313,0.9097674133300782,0.0
,8833,,,,,-14.0350341796875,74.67041015625,0.051791381835937504,0.9304839660644532,0.0
,8834,,,,,-14.8956298828125,73.1781005859375,0.022477459716796877,0.9424995666503907,0.0
,8835,,,,,-17.889404296875,71.0357666015625,-0.04536925048828125,0.9118390686035156,0.0
,8836,,,,,-23.84033203125,69.012451171875,-0.09964661865234375,0.8915368469238282,0.0
,8837,,,,,-29.5440673828125,66.68701171875,-0.13072144775390626,0.8867720397949219,0.0
,8838,,,,,-34.82666015625,64.398193359375,-0.16718258056640625,0.8694737182617188,0.0
,8839,,,,,-41.9769287109375,59.2529296875,-0.20934076538085938,0.8651232421875,0.0
,8840,,,,,-45.6756591796875,59.2529296875,-0.25709241943359373,0.8416099548339844,0.0
,8841,,,,,-51.416015625,54.583740234375,-0.3210029846191406,0.8148856018066406,0.0
,8842,,,,,-53.631591796875,54.583740234375,-0.4044906921386719,0.7497320434570313,0.0
,8843,,,,,-58.8592529296875,49.47509765625,-0.493053955078125,0.695247509765625,0.0
,8844,,,,,-60.260009765625,49.47509765625,-0.5446381713867188,0.6799172607421875,0.0
,8845,,,,,-65.5426025390625,41.5740966796875,-0.6083415710449219,0.6481173522949218,0.0
,8846,,,,,-65.7806396484375,41.5740966796875,-0.6660371704101563,0.60823798828125,0.0
,8847,,,,,-68.3258056640625,36.859130859375,-0.7296369873046875,0.5492993957519532,0.0
,8848,,,,,-67.34619140625,36.859130859375,-0.7850537658691407,0.5093164489746094,0.0
,8849,,,,,-70.27587890625,29.91943359375,-0.8412992065429687,0.45358892211914065,0.0
,8850,,,,,-68.609619140625,29.91943359375,-0.8917440124511719,0.43287236938476564,0.0
,8851,,,,,-71.4569091796875,21.3592529296875,-0.9235439208984375,0.39392525024414066,0.0
,8852,,,,,-69.2138671875,21.3592529296875,-0.9295517211914063,0.3860529602050781,0.0
,8853,,,,,-74.2950439453125,8.441162109375,-0.9331771179199219,0.33871563720703124,0.0
,8854,,,,,-80.7952880859375,-8.4686279296875,-0.9561724914550781,0.30556915283203123,0.0
,8855,,,,,-75.164794921875,-3.80859375,-0.9718134887695313,0.24093350830078125,0.0
,8856,,,,,-72.39990234375,-3.80859375,-0.9579333984375,0.22622475585937502,0.0
,8857,,,,,-75.933837890625,-14.666748046875,-0.9717099060058594,0.1321716064453125,0.0
,8858,,,,,-68.6920166015625,-14.666748046875,-0.9516148498535156,0.0998537841796875,0.0
,8859,,,,,-74.3133544921875,-24.3988037109375,-0.9600050537109376,0.015433831787109376,0.0
,8860,,,,,-67.218017578125,-24.3988037109375,-0.9584513122558594,-0.027035101318359376,0.0
,8861,,,,,-72.65625,-33.819580078125,-0.9575190673828126,-0.09995736694335938,0.0
,8862,,,,,-62.896728515625,-33.819580078125,-0.9419816528320313,-0.1542347351074219,0.0
,8863,,,,,-67.1722412109375,-41.2353515625,-0.94964677734375,-0.22363518676757813,0.0
,8864,,,,,-59.1522216796875,-41.2353515625,-0.9017915405273438,-0.27294058227539064,0.0
,8865,,,,,-61.99951171875,-46.1700439453125,-0.9089387512207031,-0.38615654296875,0.0
,8866,,,,,-54.8675537109375,-46.1700439453125,-0.8921583435058594,-0.43090429687500004,0.0
,8867,,,,,-57.5042724609375,-50.7476806640625,-0.8519682312011719,-0.46933350219726566,0.0
,8868,,,,,-48.1201171875,-50.7476806640625,-0.8156106811523438,-0.48590674438476567,0.0
,8869,,,,,-49.0631103515625,-52.3773193359375,-0.8185109985351563,-0.5506459716796875,0.0
,8870,,,,,-35.980224609375,-56.1492919921875,-0.8101207946777343,-0.570948193359375,0.0
,8871,,,,,-38.104248046875,-59.820556640625,-0.7713808410644531,-0.598397625732422,0.0
,8872,,,,,-26.7608642578125,-63.1439208984375,-0.7299477355957031,-0.6169389404296876,0.0
,8873,,,,,-28.8848876953125,-66.815185546875,-0.6924507751464843,-0.6632404357910157,0.0
,8874,,,,,-17.047119140625,-70.147705078125,-0.6522606628417968,-0.7071595275878907,0.0
,8875,,,,,-18.5760498046875,-72.7935791015625,-0.5889715942382813,-0.7381307739257813,0.0
,8876,,,,,-10.0982666015625,-74.6337890625,-0.4944005310058594,-0.7489033813476563,0.0
,8877,,,,,-10.894775390625,-76.0162353515625,-0.4185779479980469,-0.7710700927734375,0.0
,8878,,,,,-1.2451171875,-77.069091796875,-0.35301005859375,-0.7984159423828125,0.0
,8879,,,,,-1.611328125,-77.7099609375,-0.28951382446289065,-0.8214113159179688,0.0
,8880,,,,,3.0303955078125,-77.6458740234375,-0.2191811279296875,-0.847721337890625,0.0
,8881,,,,,3.167724609375,-77.398681640625,-0.13434684448242187,-0.859322607421875,0.0
,8882,,,,,9.5672607421875,-76.46484375,-0.05324154052734375,-0.8746528564453125,0.0
,8883,,,,,10.4644775390625,-74.908447265625,-0.023306121826171877,-0.8977518127441406,0.0
,8884,,,,,15.728759765625,-73.1048583984375,0.022063128662109376,-0.9173289550781251,0.0
,8885,,,,,16.900634765625,-71.08154296875,0.023720452880859375,-0.9494396118164062,0.0
,8886,,,,,22.6776123046875,-68.44482421875,0.08607727661132812,-0.9416709045410157,0.0
,8887,,,,,28.3538818359375,-66.192626953125,0.13486475830078126,-0.9161895446777344,0.0
,8888,,,,,33.599853515625,-63.629150390625,0.21016942749023437,-0.8862541259765625,0.0
,8889,,,,,38.6627197265625,-61.5325927734375,0.23067881469726564,-0.8620157592773438,0.0
,8890,,,,,44.8150634765625,-56.25,0.31147337036132816,-0.8296979370117188,0.0
,8891,,,,,47.900390625,-56.25,0.348866748046875,-0.8201683227539063,0.0
,8892,,,,,53.4942626953125,-51.1962890625,0.40604443359375003,-0.8064953979492188,0.0
,8893,,,,,55.078125,-51.1962890625,0.4477882873535156,-0.7803925415039062,0.0
,8894,,,,,60.3973388671875,-43.9178466796875,0.54525966796875,-0.7272545837402344,0.0
,8895,,,,,60.8551025390625,-43.9178466796875,0.6217037475585938,-0.6590971252441407,0.0
,8896,,,,,65.1763916015625,-36.822509765625,0.6754632019042969,-0.6285402099609375,0.0
,8897,,,,,64.63623046875,-36.822509765625,0.7121315002441406,-0.592493408203125,0.0
,8898,,,,,66.961669921875,-31.8878173828125,0.7562577575683594,-0.5489886474609376,0.0
,8899,,,,,66.1651611328125,-31.8878173828125,0.8044237426757813,-0.5074519592285156,0.0
,8900,,,,,68.4722900390625,-26.220703125,0.8613942626953125,-0.4583537292480469,0.0
,8901,,,,,66.6961669921875,-26.220703125,0.8881186157226563,-0.4090483337402344,0.0
,8902,,,,,71.0906982421875,-15.1153564453125,0.8905010192871095,-0.3832562255859375,0.0
,8903,,,,,68.66455078125,-15.1153564453125,0.9128748962402344,-0.34938466186523437,0.0
,8904,,,,,75.494384765625,2.2247314453125,0.9135999755859375,-0.32773586425781254,0.0
,8905,,,,,72.4365234375,2.2247314453125,0.9418780700683594,-0.28247019653320316,0.0
,8906,,,,,74.2950439453125,10.3271484375,0.9132892272949219,-0.2357543701171875,0.0
,8907,,,,,67.236328125,10.3271484375,0.9196077758789063,-0.18137341918945313,0.0
,8908,,,,,73.5443115234375,21.258544921875,0.9219901794433594,-0.11818793334960938,0.0
,8909,,,,,66.68701171875,21.258544921875,0.92312958984375,-0.063806982421875,0.0
,8910,,,,,71.4752197265625,29.55322265625,0.9152572998046875,0.0103582763671875,0.0
,8911,,,,,63.09814453125,29.55322265625,0.9333842834472657,0.07447600708007812,0.0
,8912,,,,,68.1884765625,38.3697509765625,0.9130820617675781,0.14066539306640624,0.0
,8913,,,,,60.3424072265625,38.3697509765625,0.9243725830078126,0.2075798583984375,0.0
,8914,,,,,62.7685546875,42.5628662109375,0.9097674133300782,0.28454185180664066,0.0
,8915,,,,,56.4239501953125,42.5628662109375,0.8878078674316406,0.3443091064453125,0.0
,8916,,,,,59.8846435546875,48.5504150390625,0.8890508605957032,0.43183654174804686,0.0
,8917,,,,,53.045654296875,48.5504150390625,0.8720632873535157,0.47730937500000004,0.0
,8918,,,,,55.316162109375,52.4871826171875,0.8452353515625001,0.5316903259277344,0.0
,8919,,,,,41.839599609375,52.4871826171875,0.7890934936523438,0.5334512329101563,0.0
,8920,,,,,21.0845947265625,56.524658203125,0.7999696838378907,0.6034731811523437,0.0
,8921,,,,,32.098388671875,60.3515625,0.7396845153808594,0.6039910949707031,0.0
,8922,,,,,33.9569091796875,63.57421875,0.7135816589355469,0.6265721374511719,0.0
,8923,,,,,22.6043701171875,66.705322265625,0.6247076477050781,0.6196320922851563,0.0
,8924,,,,,24.2889404296875,69.61669921875,0.6229467407226563,0.6826104125976563,0.0
,8925,,,,,14.97802734375,72.125244140625,0.5213320495605469,0.6532964904785157,0.0
,8926,,,,,15.9942626953125,73.8922119140625,0.4832135925292969,0.7200037902832032,0.0
,8927,,,,,6.756591796875,75.0,0.41008416137695314,0.7444493225097657,0.0
,8928,,,,,7.3333740234375,76.007080078125,0.37641976318359377,0.8133318603515626,0.0
,8929,,,,,1.0528564453125,76.702880859375,0.2789483825683594,0.829490771484375,0.0
,8930,,,,,1.0528564453125,76.702880859375,0.23451137695312502,0.8809714050292969,0.0
,8931,,,,,-4.486083984375,76.1444091796875,0.14781260375976563,0.8958873229980469,0.0
,8932,,,,,-4.79736328125,75.604248046875,0.0890811767578125,0.9195041931152345,0.0
,8933,,,,,-10.711669921875,74.432373046875,0.04329759521484375,0.9395992492675782,0.0
,8934,,,,,-11.773681640625,72.5921630859375,0.017091156005859375,0.9446748046875,0.0
,8935,,,,,-19.647216796875,70.49560546875,-0.06650013427734375,0.9201256896972656,0.0
,8936,,,,,-21.0205078125,68.1060791015625,-0.09125641479492187,0.9177432861328125,0.0
,8937,,,,,-26.9073486328125,65.679931640625,-0.13372534790039062,0.9090423339843751,0.0
,8938,,,,,-31.951904296875,63.6932373046875,-0.1823056640625,0.8940228332519532,0.0
,8939,,,,,-37.1429443359375,61.322021484375,-0.21887037963867187,0.8880150329589844,0.0
,8940,,,,,-42.51708984375,58.740234375,-0.29262130737304687,0.8400562133789062,0.0
,8941,,,,,-48.760986328125,54.0069580078125,-0.3481416687011719,0.7904400695800782,0.0
,8942,,,,,-51.0406494140625,54.0069580078125,-0.40014021606445316,0.7552219299316406,0.0
,8943,,,,,-56.5338134765625,47.75390625,-0.47927744750976564,0.7213503662109375,0.0
,8944,,,,,-58.0718994140625,47.75390625,-0.5345906433105468,0.6962833374023438,0.0
,8945,,,,,-62.7593994140625,41.0888671875,-0.5934256530761719,0.6606508666992188,0.0
,8946,,,,,-62.7593994140625,41.0888671875,-0.6575433837890625,0.6230503234863282,0.0
,8947,,,,,-66.8792724609375,33.94775390625,-0.7150318176269531,0.5769559936523437,0.0
,8948,,,,,-66.485595703125,33.94775390625,-0.741652587890625,0.5450525024414062,0.0
,8949,,,,,-69.580078125,27.685546875,-0.7837071899414063,0.49657576904296874,0.0
,8950,,,,,-68.3624267578125,27.685546875,-0.81706083984375,0.4769986267089844,0.0
,8951,,,,,-71.044921875,19.7479248046875,-0.8774495910644532,0.42075318603515627,0.0
,8952,,,,,-91.3421630859375,-19.775390625,-0.9061420166015626,0.38128815307617187,0.0
,8953,,,,,-81.3262939453125,-6.9580078125,-0.9067635131835938,0.3396478820800781,0.0
,8954,,,,,-78.18603515625,-6.9580078125,-0.9075921752929688,0.3303254333496094,0.0
,8955,,,,,-74.029541015625,-5.108642578125,-0.9463321289062501,0.26082139892578127,0.0
,8956,,,,,-67.236328125,-5.108642578125,-0.9269621520996094,0.24051917724609376,0.0
,8957,,,,,-74.4964599609375,-17.6788330078125,-0.9282051452636719,0.15941387329101564,0.0
,8958,,,,,-68.2159423828125,-17.6788330078125,-0.9328663696289062,0.10886548461914063,0.0
,8959,,,,,-73.1048583984375,-26.1474609375,-0.9308982971191406,0.027656597900390625,0.0
,8960,,,,,-65.7623291015625,-26.1474609375,-0.9037596130371094,0.01553741455078125,0.0
,8961,,,,,-70.9991455078125,-35.2294921875,-0.9073850097656251,-0.07364734497070313,0.0
,8962,,,,,-63.8031005859375,-35.2294921875,-0.8918475952148438,-0.13072144775390626,0.0
,8963,,,,,-67.034912109375,-40.8233642578125,-0.8919511779785156,-0.19794666137695313,0.0
,8964,,,,,-59.674072265625,-40.8233642578125,-0.8633623352050781,-0.2697295166015625,0.0
,8965,,,,,-62.6861572265625,-46.03271484375,-0.8651232421875,-0.3633683349609375,0.0
,8966,,,,,-56.0028076171875,-46.03271484375,-0.8351878234863281,-0.4015903747558594,0.0
,8967,,,,,-58.6578369140625,-50.628662109375,-0.8028700012207032,-0.4552462463378906,0.0
,8968,,,,,-48.0743408203125,-50.628662109375,-0.7915794799804687,-0.4819705993652344,0.0
,8969,,,,,-49.4110107421875,-52.9449462890625,-0.7941690490722656,-0.5484707336425781,0.0
,8970,,,,,-38.0035400390625,-56.87255859375,-0.7672375305175781,-0.5703266967773438,0.0
,8971,,,,,-40.0726318359375,-60.46142578125,-0.7431027465820312,-0.6117598022460937,0.0
,8972,,,,,-28.1707763671875,-63.922119140625,-0.6998051513671876,-0.6284366271972657,0.0
,8973,,,,,-30.322265625,-67.6483154296875,-0.6548502319335938,-0.6566111389160156,0.0
,8974,,,,,-20.416259765625,-70.6146240234375,-0.5922862426757812,-0.6878931335449219,0.0
,8975,,,,,-21.478271484375,-72.4456787109375,-0.5401841125488281,-0.7371985290527344,0.0
,8976,,,,,-11.75537109375,-74.01123046875,-0.4666403503417969,-0.766512451171875,0.0
,8977,,,,,-12.615966796875,-75.494384765625,-0.39796497802734376,-0.7873325866699219,0.0
,8978,,,,,-4.522705078125,-76.3824462890625,-0.32587137451171877,-0.8199611572265625,0.0
,8979,,,,,-4.632568359375,-76.57470703125,-0.26154647827148436,-0.8459604309082032,0.0
,8980,,,,,0.8056640625,-76.153564453125,-0.21203391723632814,-0.8806606567382813,0.0
,8981,,,,,1.0986328125,-75.6500244140625,-0.13227518920898437,-0.8995127197265625,0.0
,8982,,,,,7.159423828125,-74.615478515625,-0.046301495361328125,-0.897441064453125,0.0
,8983,,,,,7.9925537109375,-73.1597900390625,-0.013569342041015625,-0.914117889404297,0.0
,8984,,,,,14.6575927734375,-71.74072265625,0.04329759521484375,-0.9161895446777344,0.0
,8985,,,,,15.7745361328125,-69.7998046875,0.0691932861328125,-0.9072814270019531,0.0
,8986,,,,,21.533203125,-67.510986328125,0.11259446411132813,-0.9077993408203126,0.0
,8987,,,,,26.7333984375,-65.643310546875,0.11321596069335937,-0.9212651000976563,0.0
,8988,,,,,32.4371337890625,-63.665771484375,0.17567636718750002,-0.8966124023437501,0.0
,8989,,,,,38.726806640625,-61.12060546875,0.18323790893554687,-0.8794176635742188,0.0
,8990,,,,,45.66650390625,-56.231689453125,0.26268588867187503,-0.8399526306152344,0.0
,8991,,,,,48.504638671875,-56.231689453125,0.32566420898437504,-0.815403515625,0.0
,8992,,,,,53.997802734375,-50.811767578125,0.3745552734375,-0.7935475524902345,0.0
,8993,,,,,55.99365234375,-50.811767578125,0.4130880615234375,-0.7646479614257813,0.0
,8994,,,,,62.29248046875,-42.7459716796875,0.47917386474609375,-0.7347125427246094,0.0
,8995,,,,,62.9974365234375,-42.7459716796875,0.5455704162597657,-0.6834390747070312,0.0
,8996,,,,,67.34619140625,-35.870361328125,0.6164210266113281,-0.6406593933105469,0.0
,8997,,,,,67.2454833984375,-35.870361328125,0.6482209350585938,-0.6222216613769531,0.0
,8998,,,,,70.2667236328125,-29.5257568359375,0.710163427734375,-0.5818243835449219,0.0
,8999,,,,,69.049072265625,-29.5257568359375,0.7803925415039062,-0.5219535461425782,0.0
,9000,,,,,70.8526611328125,-23.7579345703125,0.8248295471191407,-0.4611504638671875,0.0
,9001,,,,,68.756103515625,-23.7579345703125,0.8639838317871094,-0.41039490966796877,0.0
,9002,,,,,73.3245849609375,-11.6546630859375,0.8649160766601562,-0.3811845703125,0.0
,9003,,,,,70.60546875,-11.6546630859375,0.895783740234375,-0.3506276550292969,0.0
,9004,,,,,76.0345458984375,2.0782470703125,0.8895687744140626,-0.32877169189453126,0.0
,9005,,,,,73.13232421875,2.0782470703125,0.9188826965332032,-0.28661350708007816,0.0
,9006,,,,,75.7049560546875,12.322998046875,0.8997198852539062,-0.23710094604492188,0.0
,9007,,,,,69.6624755859375,12.322998046875,0.9003413818359375,-0.17422620849609374,0.0
,9008,,,,,75.2105712890625,21.917724609375,0.875895849609375,-0.11166221923828125,0.0
,9009,,,,,68.5272216796875,21.917724609375,0.9126677307128906,-0.029003173828125,0.0
,9010,,,,,74.08447265625,31.5399169921875,0.8807642395019532,0.03449306030273438,0.0
,9011,,,,,67.12646484375,31.5399169921875,0.887497119140625,0.08763101806640625,0.0
,9012,,,,,71.3653564453125,38.8916015625,0.8717525390625,0.16542167358398438,0.0
,9013,,,,,62.58544921875,38.8916015625,0.8938156677246094,0.23482212524414064,0.0
,9014,,,,,65.1763916015625,43.377685546875,0.8781746704101563,0.31592742919921873,0.0
,9015,,,,,60.8184814453125,43.377685546875,0.8537291381835937,0.37849141845703127,0.0
,9016,,,,,63.0706787109375,47.2686767578125,0.8614978454589844,0.4542104187011719,0.0
,9017,,,,,54.1900634765625,47.2686767578125,0.8474105895996094,0.5005119140625001,0.0
,9018,,,,,57.6324462890625,53.2470703125,0.8335304992675782,0.5425665161132812,0.0
,9019,,,,,44.476318359375,53.2470703125,0.8035950805664063,0.5422557678222656,0.0
,9020,,,,,18.93310546875,56.6070556640625,0.7846394348144532,0.5964295532226562,0.0
,9021,,,,,31.256103515625,60.1409912109375,0.7079881896972656,0.5974653808593751,0.0
,9022,,,,,33.4075927734375,63.8671875,0.7138924072265626,0.6642762634277344,0.0
,9023,,,,,25.341796875,67.254638671875,0.6102060607910157,0.6514320007324219,0.0
,9024,,,,,26.91650390625,69.98291015625,0.5847247009277344,0.6766026123046875,0.0
,9025,,,,,16.66259765625,72.3541259765625,0.5066232971191407,0.6871680541992188,0.0
,9026,,,,,17.706298828125,74.1485595703125,0.47523771972656254,0.7617476440429688,0.0
,9027,,,,,8.734130859375,75.1007080078125,0.4044906921386719,0.7778029724121094,0.0
,9028,,,,,8.9263916015625,75.4302978515625,0.3811845703125,0.84357802734375,0.0
,9029,,,,,-0.0732421875,75.4302978515625,0.28650992431640626,0.8524861450195312,0.0
,9030,,,,,-0.091552734375,75.40283203125,0.25471001586914066,0.9018951232910156,0.0
,9031,,,,,-4.4677734375,74.5513916015625,0.16883990478515626,0.9041739440917969,0.0
,9032,,,,,-4.925537109375,73.7548828125,0.12854620971679687,0.9447783874511719,0.0
,9033,,,,,-11.6729736328125,72.9034423828125,0.0426760986328125,0.9346272766113282,0.0
,9034,,,,,-12.3321533203125,71.759033203125,0.018334149169921876,0.9432246459960938,0.0
,9035,,,,,-20.83740234375,70.1019287109375,-0.03956861572265625,0.9303803833007813,0.0
,9036,,,,,-21.8994140625,68.243408203125,-0.07654766235351562,0.9237510864257813,0.0
,9037,,,,,-27.227783203125,66.1376953125,-0.10979772949218751,0.9227152587890626,0.0
,9038,,,,,-32.9498291015625,63.8946533203125,-0.14822693481445312,0.8882221984863281,0.0
,9039,,,,,-41.27197265625,57.659912109375,-0.18634539184570312,0.8787961669921875,0.0
,9040,,,,,-45.2728271484375,57.659912109375,-0.24300516357421875,0.8531076416015625,0.0
,9041,,,,,-51.470947265625,52.0843505859375,-0.29365713500976565,0.8349806579589844,0.0
,9042,,,,,-53.997802734375,52.0843505859375,-0.35653187255859375,0.8027664184570312,0.0
,9043,,,,,-60.186767578125,45.245361328125,-0.4263466552734375,0.7478675537109375,0.0
,9044,,,,,-61.48681640625,45.245361328125,-0.4848709167480469,0.6980442443847656,0.0
,9045,,,,,-65.8721923828125,38.85498046875,-0.5600720031738281,0.6530893249511719,0.0
,9046,,,,,-66.1376953125,38.85498046875,-0.6141422058105469,0.62481123046875,0.0
,9047,,,,,-70.843505859375,30.21240234375,-0.6863393920898437,0.5707410278320313,0.0
,9048,,,,,-70.166015625,30.21240234375,-0.7321229736328125,0.526200439453125,0.0
,9049,,,,,-71.2646484375,26.605224609375,-0.7726238342285157,0.4892213928222656,0.0
,9050,,,,,-69.7998046875,26.605224609375,-0.8331161682128907,0.4496527770996094,0.0
,9051,,,,,-73.114013671875,17.5140380859375,-0.8639838317871094,0.40386919555664064,0.0
,9052,,,,,-90.8935546875,-17.54150390625,-0.9031381164550781,0.375383935546875,0.0
,9053,,,,,-82.122802734375,-6.4361572265625,-0.9211615173339844,0.33084334716796876,0.0
,9054,,,,,-78.9276123046875,-6.4361572265625,-0.9315197937011719,0.30815872192382815,0.0
,9055,,,,,-75.7965087890625,-6.1798095703125,-0.9294481384277344,0.2752194030761719,0.0
,9056,,,,,-68.756103515625,-6.1798095703125,-0.9321412902832031,0.2398976806640625,0.0
,9057,,,,,-75.0,-17.0013427734375,-0.9603158020019531,0.13455401000976563,0.0
,9058,,,,,-69.2047119140625,-17.0013427734375,-0.952132763671875,0.07861931762695312,0.0
,9059,,,,,-74.4232177734375,-26.0467529296875,-0.9677737609863282,-0.01512308349609375,0.0
,9060,,,,,-67.1630859375,-26.0467529296875,-0.9279979797363281,-0.04505850219726563,0.0
,9061,,,,,-71.6400146484375,-33.8104248046875,-0.9212651000976563,-0.12574947509765624,0.0
,9062,,,,,-65.2862548828125,-33.8104248046875,-0.9071778442382813,-0.15879237670898438,0.0
,9063,,,,,-68.1060791015625,-38.690185546875,-0.88998310546875,-0.24165858764648437,0.0
,9064,,,,,-61.944580078125,-38.690185546875,-0.8836645568847656,-0.31603101196289063,0.0
,9065,,,,,-64.9200439453125,-43.853759765625,-0.8826287292480469,-0.40998057861328124,0.0
,9066,,,,,-58.2275390625,-43.853759765625,-0.8540398864746094,-0.45244951171875003,0.0
,9067,,,,,-60.5072021484375,-47.7996826171875,-0.8614978454589844,-0.5105594421386719,0.0
,9068,,,,,-48.065185546875,-47.7996826171875,-0.8405741271972657,-0.5379052917480469,0.0
,9069,,,,,-49.9969482421875,-51.141357421875,-0.8317695922851562,-0.590007421875,0.0
,9070,,,,,-38.2415771484375,-55.0048828125,-0.8133318603515626,-0.6153851989746094,0.0
,9071,,,,,-40.191650390625,-58.3831787109375,-0.784743017578125,-0.6581648803710938,0.0
,9072,,,,,-28.3447265625,-61.99951171875,-0.7613333129882812,-0.6602365356445312,0.0
,9073,,,,,-30.3863525390625,-65.533447265625,-0.6866501403808594,-0.6892397094726562,0.0
,9074,,,,,-20.2606201171875,-68.5821533203125,-0.6436632934570312,-0.7265295043945312,0.0
,9075,,,,,-21.4874267578125,-70.697021484375,-0.5851390319824219,-0.775627734375,0.0
,9076,,,,,-11.6455078125,-72.015380859375,-0.5022728210449219,-0.7953084594726563,0.0
,9077,,,,,-12.4237060546875,-73.370361328125,-0.4614612121582031,-0.8455460998535157,0.0
,9078,,,,,-3.717041015625,-74.249267578125,-0.3858457946777344,-0.8506216552734375,0.0
,9079,,,,,-3.8543701171875,-74.4873046875,-0.312405615234375,-0.8720632873535157,0.0
,9080,,,,,3.4698486328125,-74.3499755859375,-0.2620643920898438,-0.9180540344238282,0.0
,9081,,,,,3.5430908203125,-74.212646484375,-0.178991015625,-0.9130820617675781,0.0
,9082,,,,,10.491943359375,-73.4344482421875,-0.10907265014648437,-0.9358702697753907,0.0
,9083,,,,,11.1419677734375,-72.308349609375,-0.06225324096679688,-0.9392885009765626,0.0
,9084,,,,,16.7083740234375,-70.8160400390625,-0.0012429931640625,-0.945503466796875,0.0
,9085,,,,,17.816162109375,-68.8934326171875,0.026206439208984376,-0.9594871398925782,0.0
,9086,,,,,23.0255126953125,-66.522216796875,0.07395809326171875,-0.9525470947265625,0.0
,9087,,,,,28.8482666015625,-64.581298828125,0.08359129028320313,-0.9449855529785156,0.0
,9088,,,,,34.1217041015625,-62.2283935546875,0.17308679809570313,-0.8963016540527344,0.0
,9089,,,,,39.7064208984375,-59.454345703125,0.20726911010742188,-0.8794176635742188,0.0
,9090,,,,,47.4151611328125,-53.06396484375,0.2516025329589844,-0.8657447387695313,0.0
,9091,,,,,50.4364013671875,-53.06396484375,0.2731477478027344,-0.8465819274902344,0.0
,9092,,,,,56.0760498046875,-47.589111328125,0.3383013061523438,-0.8192360778808594,0.0
,9093,,,,,58.099365234375,-47.589111328125,0.39993305053710937,-0.7680661926269532,0.0
,9094,,,,,63.4735107421875,-40.97900390625,0.47616996459960936,-0.7193822937011719,0.0
,9095,,,,,64.8193359375,-40.97900390625,0.5345906433105468,-0.6746345397949219,0.0
,9096,,,,,68.865966796875,-35.5224609375,0.6176640197753906,-0.6154887817382813,0.0
,9097,,,,,68.7469482421875,-35.5224609375,0.6599257873535156,-0.5716732727050782,0.0
,9098,,,,,71.173095703125,-30.377197265625,0.7127529968261719,-0.5296186706542969,0.0
,9099,,,,,69.873046875,-30.377197265625,0.7741775756835938,-0.4915002136230469,0.0
,9100,,,,,71.832275390625,-24.3804931640625,0.8234829711914062,-0.4529674255371094,0.0
,9101,,,,,69.7723388671875,-24.3804931640625,0.8807642395019532,-0.4169206237792969,0.0
,9102,,,,,74.2950439453125,-12.506103515625,0.8911225158691407,-0.382013232421875,0.0
,9103,,,,,71.2188720703125,-12.506103515625,0.9217830139160157,-0.35031690673828125,0.0
,9104,,,,,76.8768310546875,2.3895263671875,0.9055205200195313,-0.33622965087890627,0.0
,9105,,,,,74.2767333984375,2.3895263671875,0.9010664611816407,-0.2930356384277344,0.0
,9106,,,,,77.0782470703125,11.4349365234375,0.8802463256835937,-0.2537777709960938,0.0
,9107,,,,,70.8984375,11.4349365234375,0.9139107238769532,-0.18220208129882812,0.0
,9108,,,,,76.300048828125,20.7916259765625,0.9059348510742188,-0.11580552978515625,0.0
,9109,,,,,70.6329345703125,20.7916259765625,0.9293445556640625,-0.024549114990234377,0.0
,9110,,,,,75.2197265625,28.7200927734375,0.9241654174804688,0.058835009765625,0.0
,9111,,,,,67.254638671875,28.7200927734375,0.9353523559570313,0.12243482666015626,0.0
,9112,,,,,71.8048095703125,36.602783203125,0.9360774353027344,0.21845604858398437,0.0
,9113,,,,,63.7298583984375,36.602783203125,0.9387705871582032,0.2816415344238281,0.0
,9114,,,,,65.643310546875,39.9261474609375,0.9129784790039063,0.34089087524414063,0.0
,9115,,,,,58.905029296875,39.9261474609375,0.9188826965332032,0.4202352722167969,0.0
,9116,,,,,62.36572265625,45.9228515625,0.8949550781250001,0.4702657470703125,0.0
,9117,,,,,53.6865234375,45.9228515625,0.8892580261230469,0.49595427246093754,0.0
,9118,,,,,56.4697265625,50.738525390625,0.9120462341308594,0.5851390319824219,0.0
,9119,,,,,42.4072265625,50.738525390625,0.8748600219726563,0.5957044738769531,0.0
,9120,,,,,18.4661865234375,54.7210693359375,0.8590118591308594,0.6390020690917969,0.0
,9121,,,,,31.2103271484375,58.941650390625,0.7692056030273438,0.6200464233398437,0.0
,9122,,,,,33.270263671875,62.51220703125,0.7306728149414062,0.6515355834960938,0.0
,9123,,,,,23.2818603515625,65.972900390625,0.6625153564453126,0.6520534973144532,0.0
,9124,,,,,25.0396728515625,69.012451171875,0.6469779418945313,0.7013588928222656,0.0
,9125,,,,,15.0970458984375,71.15478515625,0.5551000305175782,0.716792724609375,0.0
,9126,,,,,16.0400390625,72.784423828125,0.5217463806152344,0.778113720703125,0.0
,9127,,,,,5.9051513671875,74.1485595703125,0.4364977661132813,0.8094992980957032,0.0
,9128,,,,,6.3079833984375,74.8443603515625,0.40925549926757815,0.8621193420410157,0.0
,9129,,,,,-2.490234375,74.8443603515625,0.33685114746093753,0.8749636047363282,0.0
,9130,,,,,-2.655029296875,74.5697021484375,0.2722155029296875,0.9010664611816407,0.0
,9131,,,,,-8.111572265625,74.12109375,0.16500734252929689,0.8968195678710937,0.0
,9132,,,,,-8.5235595703125,73.406982421875,0.12771754760742188,0.9162931274414062,0.0
,9133,,,,,-14.4195556640625,72.3358154296875,0.07944797973632813,0.9452963012695312,0.0
,9134,,,,,-15.2069091796875,70.9808349609375,0.03387156372070313,0.9457106323242188,0.0
,9135,,,,,-17.669677734375,68.7103271484375,-0.040190112304687504,0.9169146240234375,0.0
,9136,,,,,-23.565673828125,66.302490234375,-0.0766512451171875,0.9124605651855469,0.0
,9137,,,,,-29.2510986328125,64.105224609375,-0.10969414672851563,0.8979589782714844,0.0
,9138,,,,,-34.4329833984375,62.164306640625,-0.158274462890625,0.8722704528808594,0.0
,9139,,,,,-41.9219970703125,56.9915771484375,-0.2017792236328125,0.8407812927246094,0.0
,9140,,,,,-46.2615966796875,56.9915771484375,-0.24766638793945314,0.8063918151855469,0.0
,9141,,,,,-52.7435302734375,51.8646240234375,-0.2971789489746094,0.7935475524902345,0.0
,9142,,,,,-54.986572265625,51.8646240234375,-0.3680295593261719,0.7575007507324218,0.0
,9143,,,,,-60.31494140625,45.9503173828125,-0.4438521423339844,0.7092311828613281,0.0
,9144,,,,,-62.0361328125,45.9503173828125,-0.5077627075195312,0.6638619323730469,0.0
,9145,,,,,-66.5771484375,39.9261474609375,-0.5645260620117187,0.6175604370117188,0.0
,9146,,,,,-66.7694091796875,39.9261474609375,-0.6282294616699219,0.5885572631835938,0.0
,9147,,,,,-69.5343017578125,35.2203369140625,-0.6984585754394531,0.5358336364746094,0.0
,9148,,,,,-68.975830078125,35.2203369140625,-0.7361627014160157,0.5055874694824218,0.0
,9149,,,,,-71.905517578125,28.619384765625,-0.7949977111816406,0.45845731201171874,0.0
,9150,,,,,-70.367431640625,28.619384765625,-0.8511395690917969,0.4128808959960938,0.0
,9151,,,,,-73.5992431640625,20.269775390625,-0.8713382080078125,0.3846028015136719,0.0
,9152,,,,,-94.6014404296875,-20.2972412109375,-0.8834573913574219,0.38242756347656254,0.0
,9153,,,,,-84.4024658203125,-7.58056640625,-0.9255119934082031,0.3144772705078125,0.0
,9154,,,,,-81.683349609375,-7.58056640625,-0.9252012451171875,0.3086766357421875,0.0
,9155,,,,,-76.6754150390625,-3.8543701171875,-0.9374240112304688,0.23388988037109376,0.0
,9156,,,,,-69.90966796875,-3.8543701171875,-0.9576226501464844,0.1843773193359375,0.0
,9157,,,,,-76.3275146484375,-14.959716796875,-0.9670486816406251,0.10140752563476563,0.0
,9158,,,,,-70.220947265625,-14.959716796875,-0.952132763671875,0.06442847900390625,0.0
,9159,,,,,-74.6795654296875,-22.686767578125,-0.9880759826660157,-0.036357550048828124,0.0
,9160,,,,,-66.961669921875,-22.686767578125,-0.9872473205566407,-0.07768707275390625,0.0
,9161,,,,,-72.4365234375,-32.1624755859375,-0.9785463684082032,-0.15547772827148437,0.0
,9162,,,,,-64.1693115234375,-32.1624755859375,-0.943846142578125,-0.17971609497070312,0.0
,9163,,,,,-67.364501953125,-37.68310546875,-0.9541008361816407,-0.2648611267089844,0.0
,9164,,,,,-59.7198486328125,-37.68310546875,-0.927272900390625,-0.3229710571289063,0.0
,9165,,,,,-63.116455078125,-43.560791015625,-0.8882221984863281,-0.3883317810058594,0.0
,9166,,,,,-56.25,-43.560791015625,-0.8603584350585938,-0.41919944458007813,0.0
,9167,,,,,-59.1705322265625,-48.614501953125,-0.8625336730957032,-0.48953214111328125,0.0
,9168,,,,,-48.22998046875,-48.614501953125,-0.8221363952636719,-0.48756406860351564,0.0
,9169,,,,,-49.5849609375,-50.9490966796875,-0.7988302734375,-0.5355228881835937,0.0
,9170,,,,,-37.646484375,-54.8309326171875,-0.7985195251464844,-0.5720876037597656,0.0
,9171,,,,,-39.73388671875,-58.4564208984375,-0.7707593444824219,-0.6088594848632812,0.0
,9172,,,,,-26.5869140625,-62.1734619140625,-0.7531502746582032,-0.62812587890625,0.0
,9173,,,,,-28.8299560546875,-66.0736083984375,-0.70767744140625,-0.6568183044433594,0.0
,9174,,,,,-17.6605224609375,-69.17724609375,-0.6362053344726563,-0.6682124084472656,0.0
,9175,,,,,-18.9422607421875,-71.392822265625,-0.5680478759765625,-0.7038448791503906,0.0
,9176,,,,,-8.53271484375,-73.004150390625,-0.5149099182128907,-0.7295334045410157,0.0
,9177,,,,,-9.2926025390625,-74.322509765625,-0.4489276977539063,-0.7651658752441407,0.0
,9178,,,,,-0.4669189453125,-75.201416015625,-0.37445169067382816,-0.8032843322753906,0.0
,9179,,,,,-0.6134033203125,-75.457763671875,-0.31623817749023436,-0.8323910888671875,0.0
,9180,,,,,6.463623046875,-75.457763671875,-0.26361813354492186,-0.8646053283691406,0.0
,9181,,,,,6.5093994140625,-75.3936767578125,-0.1732939636230469,-0.8658483215332031,0.0
,9182,,,,,12.2222900390625,-74.835205078125,-0.07468317260742188,-0.8607727661132812,0.0
,9183,,,,,12.725830078125,-73.974609375,-0.02133804931640625,-0.8622229248046875,0.0
,9184,,,,,17.5506591796875,-72.4456787109375,0.01512308349609375,-0.8777603393554688,0.0
,9185,,,,,18.3563232421875,-71.044921875,0.025377777099609377,-0.910699658203125,0.0
,9186,,,,,24.1790771484375,-68.5821533203125,0.07758348999023437,-0.9152572998046875,0.0
,9187,,,,,30.1849365234375,-65.8355712890625,0.1139410400390625,-0.8963016540527344,0.0
,9188,,,,,35.7147216796875,-63.5284423828125,0.16428226318359376,-0.8765173461914063,0.0
,9189,,,,,40.997314453125,-61.2762451171875,0.2067511962890625,-0.8680235595703125,0.0
,9190,,,,,48.101806640625,-55.95703125,0.27004026489257815,-0.8188217468261719,0.0
,9191,,,,,51.26953125,-55.95703125,0.30733005981445316,-0.7850537658691407,0.0
,9192,,,,,56.414794921875,-50.811767578125,0.3633683349609375,-0.7587437438964844,0.0
,9193,,,,,58.2550048828125,-50.811767578125,0.40386919555664064,-0.7364734497070313,0.0
,9194,,,,,63.68408203125,-44.2474365234375,0.48766765136718754,-0.70104814453125,0.0
,9195,,,,,64.74609375,-44.2474365234375,0.5636973999023438,-0.635583837890625,0.0
,9196,,,,,68.7469482421875,-38.360595703125,0.6253291442871094,-0.5806849731445313,0.0
,9197,,,,,68.7103271484375,-38.360595703125,0.6644834289550782,-0.5512674682617188,0.0
,9198,,,,,70.7061767578125,-33.9935302734375,0.7270474182128907,-0.5280649291992188,0.0
,9199,,,,,69.68994140625,-33.9935302734375,0.8045273254394532,-0.47130157470703127,0.0
,9200,,,,,72.4456787109375,-26.6876220703125,0.846167596435547,-0.43504760742187504,0.0
,9201,,,,,70.0836181640625,-26.6876220703125,0.8963016540527344,-0.38657087402343754,0.0
,9202,,,,,74.432373046875,-14.7216796875,0.9070742614746095,-0.3612966796875,0.0
,9203,,,,,71.15478515625,-14.7216796875,0.9131856445312501,-0.3540458862304688,0.0
,9204,,,,,71.978759765625,-8.0291748046875,0.8989948059082031,-0.33923355102539066,0.0
,9205,,,,,69.5159912109375,-8.0291748046875,0.9344201110839844,-0.2939678833007813,0.0
,9206,,,,,76.7303466796875,9.2010498046875,0.9508897705078125,-0.2172130554199219,0.0
,9207,,,,,69.964599609375,9.2010498046875,0.9660128540039062,-0.15226666259765625,0.0
,9208,,,,,75.4486083984375,18.695068359375,0.9631125366210938,-0.08970267333984375,0.0
,9209,,,,,69.4061279296875,18.695068359375,0.9715027404785157,-0.01512308349609375,0.0
,9210,,,,,74.5147705078125,27.5390625,0.9297588867187501,0.04205460205078125,0.0
,9211,,,,,65.51513671875,27.5390625,0.9566904052734375,0.11414820556640626,0.0
,9212,,,,,70.86181640625,36.8133544921875,0.9328663696289062,0.17629786376953124,0.0
,9213,,,,,61.70654296875,36.8133544921875,0.934730859375,0.24352307739257814,0.0
,9214,,,,,64.288330078125,41.2811279296875,0.9173289550781251,0.2909639831542969,0.0
,9215,,,,,56.982421875,41.2811279296875,0.91650029296875,0.3602608520507813,0.0
,9216,,,,,60.4339599609375,47.2503662109375,0.9038631958007812,0.4407446594238281,0.0
,9217,,,,,52.8717041015625,47.2503662109375,0.8810749877929688,0.4786559509277344,0.0
,9218,,,,,55.5633544921875,51.910400390625,0.8938156677246094,0.53863037109375,0.0
,9219,,,,,41.8853759765625,51.910400390625,0.8578724487304688,0.5549964477539062,0.0
,9220,,,,,20.196533203125,55.6365966796875,0.8412992065429687,0.5952901428222657,0.0
,9221,,,,,31.1553955078125,59.2437744140625,0.7934439697265625,0.6147637023925782,0.0
,9222,,,,,32.977294921875,62.3931884765625,0.7726238342285157,0.6545394836425782,0.0
,9223,,,,,20.562744140625,65.350341796875,0.678674267578125,0.6536072387695313,0.0
,9224,,,,,22.2747802734375,68.316650390625,0.6691446533203125,0.7033269653320313,0.0
,9225,,,,,12.3138427734375,70.843505859375,0.5863820251464844,0.6829211608886719,0.0
,9226,,,,,13.3575439453125,72.6470947265625,0.557689599609375,0.7514929504394532,0.0
,9227,,,,,3.955078125,74.029541015625,0.4592859741210938,0.7699306823730468,0.0
,9228,,,,,4.4952392578125,74.96337890625,0.4127773132324219,0.8238973022460938,0.0
,9229,,,,,-3.094482421875,75.4302978515625,0.32794302978515627,0.8571473693847657,0.0
,9230,,,,,-3.0670166015625,75.4852294921875,0.2766695617675781,0.8984768920898438,0.0
,9231,,,,,-7.7362060546875,74.8809814453125,0.19173169555664063,0.9068670959472657,0.0
,9232,,,,,-8.23974609375,73.992919921875,0.12108825073242188,0.9211615173339844,0.0
,9233,,,,,-13.5772705078125,72.76611328125,0.054898864746093755,0.9456070495605469,0.0
,9234,,,,,-14.3280029296875,71.466064453125,0.0319034912109375,0.9508897705078125,0.0
,9235,,,,,-17.2943115234375,69.7540283203125,-0.03242140502929688,0.928930224609375,0.0
,9236,,,,,-23.199462890625,67.4835205078125,-0.077065576171875,0.914117889404297,0.0
,9237,,,,,-29.0863037109375,65.2679443359375,-0.12564589233398438,0.8972338989257813,0.0
,9238,,,,,-34.2498779296875,63.555908203125,-0.17174022216796875,0.8771388427734376,0.0
,9239,,,,,-41.162109375,58.5479736328125,-0.2224957763671875,0.8540398864746094,0.0
,9240,,,,,-44.9432373046875,58.5479736328125,-0.2929320556640625,0.8083598876953125,0.0
,9241,,,,,-50.93994140625,53.6590576171875,-0.3444126892089844,0.7783208862304688,0.0
,9242,,,,,-53.1280517578125,53.6590576171875,-0.38967835693359376,0.7619548095703125,0.0
,9243,,,,,-58.355712890625,47.8271484375,-0.4815562683105469,0.7123386657714844,0.0
,9244,,,,,-59.5367431640625,47.8271484375,-0.54525966796875,0.6723557189941406,0.0
,9245,,,,,-63.8671875,41.986083984375,-0.6171461059570312,0.63806982421875,0.0
,9246,,,,,-64.0594482421875,41.986083984375,-0.6742202087402344,0.5986047912597656,0.0
,9247,,,,,-66.9158935546875,36.7767333984375,-0.7351268737792969,0.5562394409179687,0.0
,9248,,,,,-65.9912109375,36.7767333984375,-0.7867110900878906,0.5083842041015625,0.0
,9249,,,,,-69.1131591796875,29.4342041015625,-0.8132282775878906,0.4746162231445313,0.0
,9250,,,,,-67.4102783203125,29.4342041015625,-0.8371558959960937,0.4644651123046875,0.0
,9251,,,,,-70.367431640625,20.6817626953125,-0.8742385253906251,0.41629912719726564,0.0
,9252,,,,,-67.78564453125,20.6817626953125,-0.9103889099121094,0.3849135498046875,0.0
,9253,,,,,-72.2900390625,7.708740234375,-0.9381490905761719,0.34109804077148437,0.0
,9254,,,,,-78.4332275390625,-7.7362060546875,-0.9254084106445313,0.3227638916015625,0.0
,9255,,,,,-73.3612060546875,-2.874755859375,-0.9349380249023438,0.24373024291992187,0.0
,9256,,,,,-67.8680419921875,-2.874755859375,-0.9404279113769531,0.21887037963867187,0.0
,9257,,,,,-74.52392578125,-14.410400390625,-0.9668415161132813,0.11487328491210938,0.0
,9258,,,,,-68.5821533203125,-14.410400390625,-0.930691131591797,0.09508897705078126,0.0
,9259,,,,,-74.0203857421875,-23.8311767578125,-0.9361810180664063,0.019887890625,0.0
,9260,,,,,-65.679931640625,-23.8311767578125,-0.9246833312988282,-0.021648797607421874,0.0
,9261,,,,,-71.5301513671875,-33.966064453125,-0.9370096801757812,-0.11052280883789063,0.0
,9262,,,,,-63.134765625,-33.966064453125,-0.9150501342773438,-0.1425298828125,0.0
,9263,,,,,-66.815185546875,-40.338134765625,-0.9279979797363281,-0.1944248474121094,0.0
,9264,,,,,-57.31201171875,-40.338134765625,-0.8968195678710937,-0.256056591796875,0.0
,9265,,,,,-60.040283203125,-45.062255859375,-0.8986840576171875,-0.34627717895507815,0.0
,9266,,,,,-54.180908203125,-45.062255859375,-0.8622229248046875,-0.38304906005859374,0.0
,9267,,,,,-56.9091796875,-49.7955322265625,-0.8255546264648438,-0.44437005615234376,0.0
,9268,,,,,-46.7376708984375,-49.7955322265625,-0.8077383911132813,-0.46881558837890625,0.0
,9269,,,,,-47.845458984375,-51.7181396484375,-0.8156106811523438,-0.5415306884765625,0.0
,9270,,,,,-36.163330078125,-55.5908203125,-0.8010055114746094,-0.5763344970703125,0.0
,9271,,,,,-38.0218505859375,-58.8134765625,-0.78225703125,-0.6172496887207032,0.0
,9272,,,,,-25.89111328125,-62.36572265625,-0.7139959899902344,-0.5876250183105469,0.0
,9273,,,,,-28.01513671875,-66.0369873046875,-0.6485316833496094,-0.619114178466797,0.0
,9274,,,,,-17.413330078125,-69.122314453125,-0.6092738159179688,-0.6593042907714844,0.0
,9275,,,,,-19.097900390625,-72.03369140625,-0.5741592590332032,-0.7180357177734376,0.0
,9276,,,,,-9.503173828125,-74.0570068359375,-0.49709368286132816,-0.7497320434570313,0.0
,9277,,,,,-10.2447509765625,-75.3387451171875,-0.4344261108398438,-0.7841215209960938,0.0
,9278,,,,,-2.01416015625,-76.6754150390625,-0.3715513732910156,-0.8092921325683594,0.0
,9279,,,,,-2.4169921875,-77.3712158203125,-0.30059718017578124,-0.8288692749023437,0.0
,9280,,,,,2.52685546875,-76.9500732421875,-0.21690230712890626,-0.8561115417480469,0.0
,9281,,,,,2.783203125,-76.50146484375,-0.14729468994140626,-0.8678163940429687,0.0
,9282,,,,,9.6954345703125,-75.54931640625,-0.07841215209960938,-0.889154443359375,0.0
,9283,,,,,10.455322265625,-74.23095703125,-0.020405804443359377,-0.8947479125976563,0.0
,9284,,,,,15.911865234375,-72.4273681640625,0.048994647216796874,-0.8783818359375001,0.0
,9285,,,,,16.80908203125,-70.8892822265625,0.07437242431640625,-0.8918475952148438,0.0
,9286,,,,,22.650146484375,-68.7744140625,0.13600416870117188,-0.8822143981933595,0.0
,9287,,,,,28.4820556640625,-66.522216796875,0.1346575927734375,-0.8869792053222657,0.0
,9288,,,,,33.72802734375,-64.34326171875,0.17060081176757813,-0.8896723571777344,0.0
,9289,,,,,38.9739990234375,-62.2100830078125,0.20250430297851563,-0.8691629699707032,0.0
,9290,,,,,45.73974609375,-57.01904296875,0.2993541870117188,-0.8172680053710938,0.0
,9291,,,,,48.5321044921875,-57.01904296875,0.34410194091796875,-0.7865039245605469,0.0
,9292,,,,,53.6041259765625,-52.0111083984375,0.3932001708984375,-0.7812212036132813,0.0
,9293,,,,,55.1422119140625,-52.0111083984375,0.44747753906250004,-0.7519072814941407,0.0
,9294,,,,,60.223388671875,-44.842529296875,0.531172412109375,-0.7122350830078126,0.0
,9295,,,,,60.882568359375,-44.842529296875,0.6055448364257813,-0.6769133605957032,0.0
,9296,,,,,65.44189453125,-37.4267578125,0.6748417053222656,-0.6403486450195313,0.0
,9297,,,,,65.2496337890625,-37.4267578125,0.7155497314453125,-0.5885572631835938,0.0
,9298,,,,,68.023681640625,-32.0526123046875,0.7565685058593751,-0.5554107788085938,0.0
,9299,,,,,67.12646484375,-32.0526123046875,0.7896114074707031,-0.5023764038085937,0.0
,9300,,,,,69.5159912109375,-26.3946533203125,0.8493786621093751,-0.45648923950195314,0.0
,9301,,,,,67.93212890625,-26.3946533203125,0.8934013366699219,-0.4147453857421875,0.0
,9302,,,,,72.1343994140625,-15.582275390625,0.9019987060546876,-0.38636370849609375,0.0
,9303,,,,,69.415283203125,-15.582275390625,0.9073850097656251,-0.3666829833984375,0.0
,9304,,,,,76.8585205078125,2.63671875,0.8966124023437501,-0.34638076171875,0.0
,9305,,,,,73.699951171875,2.63671875,0.9086280029296875,-0.31810266723632813,0.0
,9306,,,,,74.945068359375,10.0341796875,0.9137035583496094,-0.26165006103515626,0.0
,9307,,,,,67.4652099609375,10.0341796875,0.9548259155273437,-0.20208997192382813,0.0
,9308,,,,,74.322509765625,21.917724609375,0.9216794311523437,-0.1500914245605469,0.0
,9309,,,,,67.6849365234375,21.917724609375,0.9234403381347657,-0.10575800170898438,0.0
,9310,,,,,72.418212890625,30.1025390625,0.9125641479492188,-0.020820135498046875,0.0
,9311,,,,,64.3798828125,30.1025390625,0.92644423828125,0.0766512451171875,0.0
,9312,,,,,69.635009765625,39.22119140625,0.926547821044922,0.17091156005859376,0.0
,9313,,,,,61.2762451171875,39.22119140625,0.9344201110839844,0.23430421142578126,0.0
,9314,,,,,63.592529296875,43.231201171875,0.8900866882324219,0.2868206726074219,0.0
,9315,,,,,56.817626953125,43.231201171875,0.8755851013183594,0.3623325073242188,0.0
,9316,,,,,59.9945068359375,48.74267578125,0.8853218811035156,0.44602738037109374,0.0
,9317,,,,,53.0181884765625,48.74267578125,0.8761030151367187,0.49657576904296874,0.0
,9318,,,,,55.4443359375,52.9541015625,0.8524861450195312,0.5336583984375001,0.0
,9319,,,,,42.1051025390625,52.9541015625,0.8019377563476563,0.5399769470214844,0.0
,9320,,,,,21.2677001953125,56.8359375,0.80711689453125,0.6055448364257813,0.0
,9321,,,,,32.4371337890625,60.97412109375,0.7428955810546876,0.5852426147460937,0.0
,9322,,,,,34.31396484375,64.2242431640625,0.7206252868652344,0.6245004821777344,0.0
,9323,,,,,22.88818359375,67.8497314453125,0.6103096435546875,0.623982568359375,0.0
,9324,,,,,24.71923828125,71.0174560546875,0.6047161743164062,0.6748417053222656,0.0
,9325,,,,,15.087890625,73.077392578125,0.5285828430175782,0.7044663757324219,0.0
,9326,,,,,16.094970703125,74.8260498046875,0.4939861999511719,0.7613333129882812,0.0
,9327,,,,,7.0770263671875,76.1077880859375,0.4117414855957031,0.7646479614257813,0.0
,9328,,,,,7.489013671875,76.8218994140625,0.362125341796875,0.8060810668945313,0.0
,9329,,,,,0.9796142578125,77.252197265625,0.2685901062011719,0.83363408203125,0.0
,9330,,,,,0.933837890625,77.1881103515625,0.21762738647460939,0.8906046020507813,0.0
,9331,,,,,-4.669189453125,76.5106201171875,0.14625886230468751,0.9118390686035156,0.0
,9332,,,,,-5.0445556640625,75.8697509765625,0.10565441894531251,0.9307947143554688,0.0
,9333,,,,,-11.3525390625,74.67041015625,0.0551060302734375,0.9532721740722656,0.0
,9334,,,,,-11.993408203125,73.5626220703125,0.01512308349609375,0.9553438293457032,0.0
,9335,,,,,-19.4732666015625,71.868896484375,-0.03345723266601563,0.9481966186523437,0.0
,9336,,,,,-21.0479736328125,69.1497802734375,-0.0828662109375,0.952132763671875,0.0
,9337,,,,,-26.9256591796875,66.7877197265625,-0.14729468994140626,0.943121063232422,0.0
,9338,,,,,-32.1075439453125,64.398193359375,-0.19525350952148438,0.9081100891113282,0.0
,9339,,,,,-37.628173828125,61.6973876953125,-0.22529251098632813,0.8862541259765625,0.0
,9340,,,,,-42.2515869140625,59.600830078125,-0.2755301513671875,0.8482392517089844,0.0
,9341,,,,,-49.090576171875,53.302001953125,-0.32680361938476565,0.8225507263183593,0.0
,9342,,,,,-51.654052734375,53.302001953125,-0.3881246154785156,0.7932368041992188,0.0
,9343,,,,,-56.4971923828125,48.44970703125,-0.4702657470703125,0.728393994140625,0.0
,9344,,,,,-58.135986328125,48.44970703125,-0.5201926391601562,0.6995979858398438,0.0
,9345,,,,,-63.6474609375,41.05224609375,-0.6057520019531251,0.645527783203125,0.0
,9346,,,,,-64.2242431640625,41.05224609375,-0.6477030212402344,0.6292652893066406,0.0
,9347,,,,,-68.1610107421875,34.1949462890625,-0.677016943359375,0.585864111328125,0.0
,9348,,,,,-67.6666259765625,34.1949462890625,-0.7193822937011719,0.5455704162597657,0.0
,9349,,,,,-70.5780029296875,27.6947021484375,-0.7985195251464844,0.4849744995117188,0.0
,9350,,,,,-68.95751953125,27.6947021484375,-0.8263832885742187,0.46922991943359377,0.0
,9351,,,,,-71.6217041015625,20.0225830078125,-0.8561115417480469,0.41225939941406253,0.0
,9352,,,,,-92.4407958984375,-20.050048828125,-0.8951622436523438,0.3798379943847656,0.0
,9353,,,,,-82.03125,-7.049560546875,-0.9379419250488281,0.335608154296875,0.0
,9354,,,,,-78.973388671875,-7.049560546875,-0.9288266418457032,0.33177559204101564,0.0
,9355,,,,,-74.9267578125,-4.8431396484375,-0.9260299072265625,0.27573731689453124,0.0
,9356,,,,,-67.840576171875,-4.8431396484375,-0.9173289550781251,0.25874974365234377,0.0
,9357,,,,,-74.8626708984375,-17.0013427734375,-0.9456070495605469,0.16625033569335937,0.0
,9358,,,,,-68.1610107421875,-17.0013427734375,-0.9381490905761719,0.12440289916992188,0.0
,9359,,,,,-73.736572265625,-26.6510009765625,-0.938977752685547,0.02672435302734375,0.0
,9360,,,,,-65.753173828125,-26.6510009765625,-0.9233367553710938,-0.0178162353515625,0.0
,9361,,,,,-71.3470458984375,-36.3372802734375,-0.9260299072265625,-0.10099319458007813,0.0
,9362,,,,,-64.12353515625,-36.3372802734375,-0.8954729919433594,-0.13186085815429688,0.0
,9363,,,,,-66.943359375,-41.217041015625,-0.8982697265625,-0.1960821716308594,0.0
,9364,,,,,-60.406494140625,-41.217041015625,-0.8806606567382813,-0.2789483825683594,0.0
,9365,,,,,-63.519287109375,-46.61865234375,-0.8480320861816406,-0.3638862487792969,0.0
,9366,,,,,-57.16552734375,-46.61865234375,-0.8106387084960938,-0.3860529602050781,0.0
,9367,,,,,-59.65576171875,-50.93994140625,-0.8167500915527344,-0.4726481506347656,0.0
,9368,,,,,-48.577880859375,-50.93994140625,-0.789714990234375,-0.4931575378417969,0.0
,9369,,,,,-50.1708984375,-53.704833984375,-0.7766635620117188,-0.5466062438964844,0.0
,9370,,,,,-37.9669189453125,-57.4310302734375,-0.7727274169921875,-0.5731234313964844,0.0
,9371,,,,,-39.935302734375,-60.845947265625,-0.7116135864257813,-0.5805813903808594,0.0
,9372,,,,,-28.2257080078125,-64.5355224609375,-0.6657264221191407,-0.6017122741699219,0.0
,9373,,,,,-30.267333984375,-68.0694580078125,-0.6293688720703126,-0.6539179870605469,0.0
,9374,,,,,-20.4071044921875,-70.9716796875,-0.5944614807128906,-0.6971119995117188,0.0
,9375,,,,,-21.661376953125,-73.1597900390625,-0.5317939086914063,-0.7274617492675781,0.0
,9376,,,,,-12.26806640625,-74.652099609375,-0.44954919433593754,-0.7282904113769532,0.0
,9377,,,,,-13.165283203125,-76.20849609375,-0.38025232543945314,-0.7699306823730468,0.0
,9378,,,,,-4.7882080078125,-77.105712890625,-0.3334329162597656,-0.812917529296875,0.0
,9379,,,,,-4.8797607421875,-77.2796630859375,-0.285888427734375,-0.8571473693847657,0.0
,9380,,,,,0.8056640625,-76.812744140625,-0.21742022094726562,-0.8888436950683594,0.0
,9381,,,,,1.4373779296875,-75.7232666015625,-0.15744580078125,-0.8942299987792969,0.0
,9382,,,,,7.1685791015625,-74.6978759765625,-0.06018158569335938,-0.8915368469238282,0.0
,9383,,,,,8.001708984375,-73.2421875,-0.007768707275390625,-0.908213671875,0.0
,9384,,,,,14.813232421875,-71.429443359375,0.04858031616210938,-0.9252012451171875,0.0
,9385,,,,,15.948486328125,-69.47021484375,0.07509750366210938,-0.9271693176269532,0.0
,9386,,,,,21.5240478515625,-67.0806884765625,0.13641849975585937,-0.9143250549316406,0.0
,9387,,,,,26.98974609375,-64.8284912109375,0.14905559692382814,-0.9051061889648437,0.0
,9388,,,,,32.5653076171875,-62.43896484375,0.17723010864257813,-0.9071778442382813,0.0
,9389,,,,,38.3056640625,-59.80224609375,0.21855963134765627,-0.8713382080078125,0.0
,9390,,,,,44.9066162109375,-55.1971435546875,0.28205586547851563,-0.8393311340332031,0.0
,9391,,,,,47.845458984375,-55.1971435546875,0.3154095153808594,-0.8238973022460938,0.0
,9392,,,,,53.79638671875,-49.0447998046875,0.37693767700195313,-0.7802889587402344,0.0
,9393,,,,,55.6732177734375,-49.0447998046875,0.4262430725097656,-0.7496284606933594,0.0
,9394,,,,,60.8001708984375,-42.81005859375,0.49087871704101566,-0.7142031555175782,0.0
,9395,,,,,61.5142822265625,-42.81005859375,0.5665977172851563,-0.670387646484375,0.0
,9396,,,,,65.899658203125,-35.9893798828125,0.6203571716308593,-0.6535036560058594,0.0
,9397,,,,,65.753173828125,-35.9893798828125,0.6598222045898438,-0.6058555847167969,0.0
,9398,,,,,68.9849853515625,-29.150390625,0.7147210693359375,-0.5748843383789063,0.0
,9399,,,,,67.9229736328125,-29.150390625,0.7616440612792968,-0.5445345886230469,0.0
,9400,,,,,70.037841796875,-23.2086181640625,0.8219292297363282,-0.47565205078125,0.0
,9401,,,,,67.9595947265625,-23.2086181640625,0.8603584350585938,-0.41464180297851566,0.0
,9402,,,,,72.161865234375,-11.517333984375,0.8781746704101563,-0.37828425292968754,0.0
,9403,,,,,69.4244384765625,-11.517333984375,0.9027237854003907,-0.3517670654296875,0.0
,9404,,,,,74.7161865234375,1.904296875,0.8906046020507813,-0.3271143676757813,0.0
,9405,,,,,68.572998046875,1.904296875,0.9214722656250001,-0.26672561645507814,0.0
,9406,,,,,74.5330810546875,12.2314453125,0.9160859619140626,-0.21855963134765627,0.0
,9407,,,,,68.6737060546875,12.2314453125,0.9266514038085938,-0.16625033569335937,0.0
,9408,,,,,73.992919921875,21.4508056640625,0.8831466430664062,-0.11124788818359375,0.0
,9409,,,,,67.4560546875,21.4508056640625,0.8842860534667969,-0.03956861572265625,0.0
,9410,,,,,73.223876953125,31.439208984375,0.8854254638671876,0.0451620849609375,0.0
,9411,,,,,66.3299560546875,31.439208984375,0.8851147155761719,0.09229224243164062,0.0
,9412,,,,,70.4132080078125,38.525390625,0.8513467346191407,0.15589205932617187,0.0
,9413,,,,,61.9720458984375,38.525390625,0.8495858276367187,0.23306121826171874,0.0
,9414,,,,,64.3798828125,42.681884765625,0.8669877319335938,0.3161345947265625,0.0
,9415,,,,,59.9761962890625,42.681884765625,0.8463747619628906,0.3909213500976563,0.0
,9416,,,,,62.3565673828125,46.8017578125,0.8409884582519531,0.4637400329589844,0.0
,9417,,,,,53.4393310546875,46.8017578125,0.8300086853027344,0.5084877868652344,0.0
,9418,,,,,56.597900390625,52.276611328125,0.8167500915527344,0.5567573547363281,0.0
,9419,,,,,43.817138671875,52.276611328125,0.7965514526367188,0.5671156311035156,0.0
,9420,,,,,18.4478759765625,55.5816650390625,0.7818427001953125,0.602437353515625,0.0
,9421,,,,,30.377197265625,59.1705322265625,0.6944188476562501,0.5802706420898438,0.0
,9422,,,,,32.8399658203125,63.427734375,0.6843713195800781,0.6276079650878906,0.0
,9423,,,,,25.1678466796875,67.1539306640625,0.6117598022460937,0.6398307312011718,0.0
,9424,,,,,26.495361328125,69.4610595703125,0.6055448364257813,0.6848892333984375,0.0
,9425,,,,,16.4886474609375,71.173095703125,0.511284521484375,0.703534130859375,0.0
,9426,,,,,17.32177734375,72.6287841796875,0.4737875610351563,0.7707593444824219,0.0
,9427,,,,,8.8531494140625,73.71826171875,0.4045942749023438,0.8146784362792969,0.0
,9428,,,,,9.1552734375,74.2401123046875,0.3848099670410156,0.8691629699707032,0.0
,9429,,,,,0.3021240234375,74.322509765625,0.2951072937011719,0.8841824707031251,0.0
,9430,,,,,0.2471923828125,74.2218017578125,0.2581282470703125,0.9246833312988282,0.0
,9431,,,,,-4.339599609375,73.992919921875,0.1795089294433594,0.9243725830078126,0.0
,9432,,,,,-4.6051025390625,73.5443115234375,0.1372471618652344,0.9437425598144532,0.0
,9433,,,,,-12.19482421875,72.418212890625,0.061735327148437505,0.9400135803222657,0.0
,9434,,,,,-13.1011962890625,70.843505859375,0.02506702880859375,0.9584513122558594,0.0
,9435,,,,,-20.32470703125,68.8385009765625,-0.03179990844726563,0.9378383422851563,0.0
,9436,,,,,-21.35009765625,67.05322265625,-0.061631744384765624,0.9307947143554688,0.0
,9437,,,,,-26.934814453125,64.8651123046875,-0.10513650512695313,0.9039667785644532,0.0
,9438,,,,,-33.3892822265625,62.3748779296875,-0.13703999633789063,0.8990983886718751,0.0
,9439,,,,,-40.850830078125,57.110595703125,-0.183134326171875,0.8880150329589844,0.0
,9440,,,,,-44.1741943359375,57.110595703125,-0.2487022155761719,0.8412992065429687,0.0
,9441,,,,,-50.28076171875,51.96533203125,-0.3126127807617188,0.8061846496582031,0.0
,9442,,,,,-52.7801513671875,51.96533203125,-0.37621259765625004,0.7671339477539063,0.0
,9443,,,,,-59.2803955078125,44.86083984375,-0.428418310546875,0.7410310913085938,0.0
,9444,,,,,-60.7269287109375,44.86083984375,-0.4984402587890625,0.6929686889648438,0.0
,9445,,,,,-65.33203125,38.3331298828125,-0.5686693725585937,0.6613759460449219,0.0
,9446,,,,,-65.51513671875,38.3331298828125,-0.6354802551269532,0.6200464233398437,0.0
,9447,,,,,-70.05615234375,30.6060791015625,-0.7082989379882813,0.565976220703125,0.0
,9448,,,,,-69.818115234375,30.6060791015625,-0.7590544921875,0.5282720947265626,0.0
,9449,,,,,-71.3836669921875,26.605224609375,-0.7793567138671875,0.4766878784179688,0.0
,9450,,,,,-69.8822021484375,26.605224609375,-0.8152999328613282,0.43162937622070313,0.0
,9451,,,,,-72.930908203125,17.6513671875,-0.8605656005859376,0.3777663391113281,0.0
,9452,,,,,-90.9942626953125,-17.6788330078125,-0.8849075500488282,0.36699373168945315,0.0
,9453,,,,,-82.379150390625,-7.03125,-0.8954729919433594,0.32970393676757814,0.0
,9454,,,,,-79.4677734375,-7.03125,-0.8985804748535157,0.311576953125,0.0
,9455,,,,,-76.153564453125,-5.657958984375,-0.9194006103515625,0.2540885192871094,0.0
,9456,,,,,-69.0765380859375,-5.657958984375,-0.909974578857422,0.24486965332031252,0.0
,9457,,,,,-75.5218505859375,-16.827392578125,-0.9240618347167969,0.16676824951171876,0.0
,9458,,,,,-69.6990966796875,-16.827392578125,-0.9154644653320313,0.131757275390625,0.0
,9459,,,,,-75.2197265625,-26.3946533203125,-0.9139107238769532,0.02154521484375,0.0
,9460,,,,,-68.8201904296875,-26.3946533203125,-0.9013772094726563,-0.03211065673828125,0.0
,9461,,,,,-73.4344482421875,-34.3780517578125,-0.8994091369628906,-0.11135147094726563,0.0
,9462,,,,,-66.61376953125,-34.3780517578125,-0.8824215637207031,-0.1454302001953125,0.0
,9463,,,,,-69.3878173828125,-39.1754150390625,-0.9105960754394532,-0.2619608093261719,0.0
,9464,,,,,-62.6220703125,-39.1754150390625,-0.8837681396484375,-0.3063978149414063,0.0
,9465,,,,,-65.771484375,-44.6319580078125,-0.8605656005859376,-0.3779735046386719,0.0
,9466,,,,,-58.4747314453125,-44.6319580078125,-0.8578724487304688,-0.4238606689453125,0.0
,9467,,,,,-60.9100341796875,-48.8616943359375,-0.8733062805175782,-0.5016513244628906,0.0
,9468,,,,,-48.5321044921875,-48.8616943359375,-0.851035986328125,-0.5293079223632813,0.0
,9469,,,,,-50.3265380859375,-51.9561767578125,-0.8223435607910157,-0.5936328186035157,0.0
,9470,,,,,-38.616943359375,-55.8929443359375,-0.8164393432617187,-0.6275043823242188,0.0
,9471,,,,,-40.447998046875,-59.0606689453125,-0.7899221557617188,-0.6616866943359375,0.0
,9472,,,,,-28.363037109375,-62.4847412109375,-0.7414454223632813,-0.6693518188476563,0.0
,9473,,,,,-30.523681640625,-66.229248046875,-0.6921400268554688,-0.7212467834472657,0.0
,9474,,,,,-20.3338623046875,-69.0216064453125,-0.6495675109863281,-0.7551183471679688,0.0
,9475,,,,,-21.4508056640625,-70.9625244140625,-0.5947722290039062,-0.7820498657226562,0.0
,9476,,,,,-11.6729736328125,-72.8302001953125,-0.5046552246093751,-0.7877469177246094,0.0
,9477,,,,,-12.506103515625,-74.267578125,-0.43981241455078124,-0.8201683227539063,0.0
,9478,,,,,-3.5614013671875,-74.81689453125,-0.3974470642089844,-0.86346591796875,0.0
,9479,,,,,-3.7353515625,-75.1190185546875,-0.3227638916015625,-0.8883257812500001,0.0
,9480,,,,,3.0670166015625,-75.0457763671875,-0.26869368896484375,-0.9079029235839844,0.0
,9481,,,,,3.1219482421875,-74.945068359375,-0.20126130981445314,-0.9242690002441406,0.0
,9482,,,,,10.5377197265625,-74.652099609375,-0.13766149291992189,-0.922300927734375,0.0
,9483,,,,,11.1602783203125,-73.57177734375,-0.08214113159179688,-0.9295517211914063,0.0
,9484,,,,,17.083740234375,-71.8963623046875,0.008079455566406251,-0.9274800659179688,0.0
,9485,,,,,18.072509765625,-70.1751708984375,0.0542773681640625,-0.9345236938476563,0.0
,9486,,,,,23.2452392578125,-67.529296875,0.0932244873046875,-0.953790087890625,0.0
,9487,,,,,29.1778564453125,-64.947509765625,0.10927981567382813,-0.9634232849121094,0.0
,9488,,,,,34.5977783203125,-62.2100830078125,0.17412262573242188,-0.9453998840332032,0.0
,9489,,,,,40.4205322265625,-59.234619140625,0.18468806762695314,-0.9118390686035156,0.0
,9490,,,,,47.625732421875,-53.5308837890625,0.2398976806640625,-0.8778639221191407,0.0
,9491,,,,,50.9674072265625,-53.5308837890625,0.2993541870117188,-0.8395382995605469,0.0
,9492,,,,,56.3690185546875,-49.0264892578125,0.3526993103027344,-0.8204790710449219,0.0
,9493,,,,,58.447265625,-49.0264892578125,0.3857422119140625,-0.8116745361328125,0.0
,9494,,,,,64.141845703125,-42.0684814453125,0.4768950439453125,-0.7404095947265625,0.0
,9495,,,,,65.3228759765625,-42.0684814453125,0.5488850646972656,-0.6863393920898437,0.0
,9496,,,,,69.9371337890625,-35.3302001953125,0.6172496887207032,-0.6393128173828125,0.0
,9497,,,,,69.6533203125,-35.3302001953125,0.6627225219726562,-0.6086523193359376,0.0
,9498,,,,,72.0245361328125,-30.120849609375,0.7309835632324219,-0.5567573547363281,0.0
,9499,,,,,70.9259033203125,-30.120849609375,0.7904400695800782,-0.49295037231445316,0.0
,9500,,,,,72.8485107421875,-24.1973876953125,0.8221363952636719,-0.4583537292480469,0.0
,9501,,,,,70.770263671875,-24.1973876953125,0.8691629699707032,-0.4170242065429688,0.0
,9502,,,,,74.52392578125,-13.7969970703125,0.8994091369628906,-0.4014867919921875,0.0
,9503,,,,,71.7681884765625,-13.7969970703125,0.9131856445312501,-0.3691689697265625,0.0
,9504,,,,,77.7191162109375,1.904296875,0.9194006103515625,-0.3259749572753906,0.0
,9505,,,,,75.03662109375,1.904296875,0.9457106323242188,-0.2785340515136719,0.0
,9506,,,,,77.6641845703125,11.24267578125,0.9159823791503906,-0.229539404296875,0.0
,9507,,,,,71.5667724609375,11.24267578125,0.9341093627929687,-0.17018648071289064,0.0
,9508,,,,,77.5177001953125,21.551513671875,0.9408422424316406,-0.08576652832031251,0.0
,9509,,,,,71.173095703125,21.551513671875,0.9441568908691407,-0.019577142333984377,0.0
,9510,,,,,75.7049560546875,29.3975830078125,0.9121498168945312,0.05707410278320313,0.0
,9511,,,,,68.9666748046875,29.3975830078125,0.9420852355957031,0.13776507568359375,0.0
,9512,,,,,73.5443115234375,37.3260498046875,0.9376311767578125,0.22612117309570312,0.0
,9513,,,,,63.6474609375,37.3260498046875,0.9502682739257813,0.2932428039550781,0.0
,9514,,,,,65.80810546875,41.070556640625,0.9276872314453125,0.3531136413574219,0.0
,9515,,,,,60.5072021484375,41.070556640625,0.9342129455566407,0.4304899658203125,0.0
,9516,,,,,63.720703125,46.6278076171875,0.9225080932617188,0.4841458374023438,0.0
,9517,,,,,53.9154052734375,46.6278076171875,0.9152572998046875,0.5150135009765625,0.0
,9518,,,,,56.6070556640625,51.287841796875,0.9117354858398438,0.584206787109375,0.0
,9519,,,,,43.8629150390625,51.287841796875,0.8700952148437501,0.5859676940917969,0.0
,9520,,,,,17.449951171875,54.9224853515625,0.870923876953125,0.6443883728027344,0.0
,9521,,,,,31.8328857421875,59.06982421875,0.7808068725585938,0.6451134521484375,0.0
,9522,,,,,33.9752197265625,62.7685546875,0.7561541748046875,0.6691446533203125,0.0
,9523,,,,,23.62060546875,65.6158447265625,0.6918292785644532,0.6724593017578125,0.0
,9524,,,,,25.1678466796875,68.29833984375,0.6801244262695313,0.7208324523925781,0.0
,9525,,,,,14.0167236328125,70.9808349609375,0.5801670593261719,0.6965940856933593,0.0
,9526,,,,,15.3533935546875,73.3062744140625,0.5364551330566406,0.7587437438964844,0.0
,9527,,,,,5.52978515625,74.4598388671875,0.43753359375,0.7841215209960938,0.0
,9528,,,,,5.96923828125,75.2288818359375,0.41049849243164066,0.8490679138183594,0.0
,9529,,,,,-2.3895263671875,75.7781982421875,0.353838720703125,0.8781746704101563,0.0
,9530,,,,,-2.252197265625,76.025390625,0.2828845275878906,0.8973374816894532,0.0
,9531,,,,,-7.6080322265625,75.6591796875,0.1752620361328125,0.8828358947753907,0.0
,9532,,,,,-8.16650390625,74.688720703125,0.14366929321289063,0.9166038757324219,0.0
,9533,,,,,-14.0533447265625,73.114013671875,0.07178285522460938,0.9232331726074219,0.0
,9534,,,,,-15.032958984375,71.4202880859375,0.022684625244140624,0.9225080932617188,0.0
,9535,,,,,-17.7978515625,69.232177734375,-0.026931518554687502,0.9117354858398438,0.0
,9536,,,,,-23.583984375,66.7877197265625,-0.06577505493164063,0.9092494995117187,0.0
,9537,,,,,-29.7454833984375,64.3341064453125,-0.1064830810546875,0.8865648742675781,0.0
,9538,,,,,-35.3668212890625,62.530517578125,-0.16024253540039063,0.8464783447265626,0.0
,9539,,,,,-42.6361083984375,57.0098876953125,-0.19297468872070314,0.8434744445800781,0.0
,9540,,,,,-46.5728759765625,57.0098876953125,-0.24580189819335937,0.8126067810058594,0.0
,9541,,,,,-52.8350830078125,52.3956298828125,-0.32670003662109376,0.7766635620117188,0.0
,9542,,,,,-54.9957275390625,52.3956298828125,-0.39340733642578124,0.7272545837402344,0.0
,9543,,,,,-60.4522705078125,46.7193603515625,-0.4366013488769531,0.705191455078125,0.0
,9544,,,,,-62.2100830078125,46.7193603515625,-0.47565205078125,0.6692482360839844,0.0
,9545,,,,,-66.90673828125,40.5303955078125,-0.54857431640625,0.6259506408691407,0.0
,9546,,,,,-66.943359375,40.5303955078125,-0.6296796203613282,0.5638009826660156,0.0
,9547,,,,,-69.9371337890625,34.97314453125,-0.7142031555175782,0.522885791015625,0.0
,9548,,,,,-69.2779541015625,34.97314453125,-0.7616440612792968,0.4749269714355469,0.0
,9549,,,,,-71.96044921875,28.656005859375,-0.8020413391113281,0.44012316284179687,0.0
,9550,,,,,-70.3399658203125,28.656005859375,-0.8535219726562501,0.4165062927246094,0.0
,9551,,,,,-73.297119140625,19.8394775390625,-0.8967159851074219,0.3791129150390625,0.0
,9552,,,,,-93.71337890625,-19.866943359375,-0.9172253723144531,0.3480380859375,0.0
,9553,,,,,-83.0474853515625,-6.8206787109375,-0.9349380249023438,0.314062939453125,0.0
,9554,,,,,-79.7882080078125,-6.8206787109375,-0.9351451904296876,0.28340244140625,0.0
,9555,,,,,-75.3204345703125,-3.5980224609375,-0.9456070495605469,0.229539404296875,0.0
,9556,,,,,-69.0216064453125,-3.5980224609375,-0.9665307678222657,0.19577142333984376,0.0
,9557,,,,,-75.4119873046875,-14.666748046875,-0.9533757568359376,0.1325859375,0.0
,9558,,,,,-68.8751220703125,-14.666748046875,-0.94136015625,0.07830856933593751,0.0
,9559,,,,,-73.8372802734375,-23.25439453125,-0.9608337158203125,-0.027656597900390625,0.0
,9560,,,,,-66.0919189453125,-23.25439453125,-0.9475751220703126,-0.06898612060546876,0.0
,9561,,,,,-70.9808349609375,-31.7230224609375,-0.9759567993164063,-0.15775654907226563,0.0
,9562,,,,,-62.9058837890625,-31.7230224609375,-0.9493360290527344,-0.1794053466796875,0.0
,9563,,,,,-65.716552734375,-36.5936279296875,-0.9329699523925782,-0.259371240234375,0.0
,9564,,,,,-58.7127685546875,-36.5936279296875,-0.9018951232910156,-0.31509876708984375,0.0
,9565,,,,,-62.109375,-42.48046875,-0.8814893188476562,-0.38356697387695315,0.0
,9566,,,,,-55.169677734375,-42.48046875,-0.8791069152832032,-0.42251409301757814,0.0
,9567,,,,,-57.9345703125,-47.259521484375,-0.8562151245117188,-0.4894285583496094,0.0
,9568,,,,,-46.9940185546875,-47.259521484375,-0.8115709533691406,-0.47927744750976564,0.0
,9569,,,,,-48.6419677734375,-50.1251220703125,-0.8176823364257813,-0.5447417541503906,0.0
,9570,,,,,-36.8316650390625,-54.08935546875,-0.8098100463867188,-0.5741592590332032,0.0
,9571,,,,,-38.873291015625,-57.623291015625,-0.7634049682617188,-0.598397625732422,0.0
,9572,,,,,-26.40380859375,-61.138916015625,-0.7472460571289062,-0.6278151306152344,0.0
,9573,,,,,-28.5369873046875,-64.8284912109375,-0.70104814453125,-0.6656228393554687,0.0
,9574,,,,,-17.7520751953125,-68.2891845703125,-0.6161102783203125,-0.6722521362304688,0.0
,9575,,,,,-18.951416015625,-70.367431640625,-0.5652511413574219,-0.713478076171875,0.0
,9576,,,,,-8.2672119140625,-72.015380859375,-0.5221607116699218,-0.7602974853515625,0.0
,9577,,,,,-9.2559814453125,-73.7274169921875,-0.47088724365234375,-0.8043201599121094,0.0
,9578,,,,,-0.84228515625,-74.9267578125,-0.38750311889648437,-0.821307733154297,0.0
,9579,,,,,-0.9246826171875,-75.0640869140625,-0.31644534301757815,-0.8281441955566406,0.0
,9580,,,,,6.005859375,-74.835205078125,-0.2528455261230469,-0.846064013671875,0.0
,9581,,,,,6.134033203125,-74.615478515625,-0.16552525634765625,-0.8555936279296875,0.0
,9582,,,,,11.627197265625,-73.6907958984375,-0.08804534912109375,-0.854350634765625,0.0
,9583,,,,,12.26806640625,-72.5830078125,-0.033250067138671874,-0.8704059631347657,0.0
,9584,,,,,17.7337646484375,-70.9075927734375,0.028796008300781252,-0.8697844665527344,0.0
,9585,,,,,19.024658203125,-68.6737060546875,0.04329759521484375,-0.8866684570312501,0.0
,9586,,,,,24.5819091796875,-66.2109375,0.09964661865234375,-0.8837681396484375,0.0
,9587,,,,,29.5806884765625,-64.1143798828125,0.13911165161132813,-0.8733062805175782,0.0
,9588,,,,,34.8175048828125,-62.14599609375,0.1955642578125,-0.8515539001464844,0.0
,9589,,,,,39.9169921875,-60.1318359375,0.20923718261718752,-0.8429565307617187,0.0
,9590,,,,,47.05810546875,-55.078125,0.25854257812500003,-0.8200647399902344,0.0
,9591,,,,,50.4180908203125,-55.078125,0.30474049072265624,-0.7755241516113281,0.0
,9592,,,,,55.55419921875,-50.537109375,0.3546673828125,-0.7476603881835938,0.0
,9593,,,,,57.476806640625,-50.537109375,0.38304906005859374,-0.7477639709472657,0.0
,9594,,,,,63.006591796875,-43.8720703125,0.4841458374023438,-0.6944188476562501,0.0
,9595,,,,,63.90380859375,-43.8720703125,0.5349013916015625,-0.6434561279296875,0.0
,9596,,,,,67.5018310546875,-38.323974609375,0.6162138610839843,-0.5868999389648437,0.0
,9597,,,,,67.3828125,-38.323974609375,0.67453095703125,-0.5295150878906251,0.0
,9598,,,,,69.7906494140625,-33.0596923828125,0.7475568054199219,-0.4985438415527344,0.0
,9599,,,,,68.609619140625,-33.0596923828125,0.7787352172851563,-0.48331717529296875,0.0
,9600,,,,,70.6787109375,-26.91650390625,0.8300086853027344,-0.44540588378906254,0.0
,9601,,,,,68.6920166015625,-26.91650390625,0.8690593872070312,-0.40925549926757815,0.0
,9602,,,,,73.828125,-14.1082763671875,0.8771388427734376,-0.3849135498046875,0.0
,9603,,,,,70.2667236328125,-14.1082763671875,0.9177432861328125,-0.3435840270996094,0.0
,9604,,,,,73.53515625,-2.7008056640625,0.9283087280273438,-0.31302711181640624,0.0
,9605,,,,,71.0540771484375,-2.7008056640625,0.9295517211914063,-0.27988062744140624,0.0
,9606,,,,,75.5126953125,9.11865234375,0.9138071411132813,-0.21638439331054687,0.0
,9607,,,,,68.6920166015625,9.11865234375,0.938874169921875,-0.14770902099609376,0.0
,9608,,,,,74.212646484375,18.6767578125,0.9412565734863282,-0.06732879638671875,0.0
,9609,,,,,68.5546875,18.6767578125,0.9435353942871094,-0.004454058837890625,0.0
,9610,,,,,73.919677734375,27.960205078125,0.9172253723144531,0.06080308227539063,0.0
,9611,,,,,65.1397705078125,27.960205078125,0.9616623779296876,0.14263346557617188,0.0
,9612,,,,,69.873046875,36.1724853515625,0.9341093627929687,0.19991473388671877,0.0
,9613,,,,,61.6607666015625,36.1724853515625,0.9349380249023438,0.2578174987792969,0.0
,9614,,,,,64.4439697265625,40.997314453125,0.9240618347167969,0.3219352294921875,0.0
,9615,,,,,57.110595703125,40.997314453125,0.9058312683105469,0.38646729125976564,0.0
,9616,,,,,60.2783203125,46.490478515625,0.9171217895507813,0.4644651123046875,0.0
,9617,,,,,52.9998779296875,46.490478515625,0.9051061889648437,0.5007190795898437,0.0
,9618,,,,,55.682373046875,51.1505126953125,0.8791069152832032,0.5407020263671876,0.0
,9619,,,,,41.8487548828125,51.1505126953125,0.8196504089355469,0.5422557678222656,0.0
,9620,,,,,19.482421875,55.096435546875,0.8437851928710938,0.6030588500976563,0.0
,9621,,,,,30.9722900390625,59.06982421875,0.7881612487792969,0.5874178527832031,0.0
,9622,,,,,32.8582763671875,62.3199462890625,0.7648551269531251,0.6234646545410156,0.0
,9623,,,,,20.8831787109375,65.8721923828125,0.6915185302734376,0.6522606628417968,0.0
,9624,,,,,22.833251953125,69.25048828125,0.6518463317871094,0.6920364440917969,0.0
,9625,,,,,12.9180908203125,71.6766357421875,0.5794419799804688,0.6683159912109375,0.0
,9626,,,,,13.916015625,73.406982421875,0.5572752685546876,0.72425068359375,0.0
,9627,,,,,4.0008544921875,74.688720703125,0.4445772216796875,0.7477639709472657,0.0
,9628,,,,,4.7607421875,76.007080078125,0.40386919555664064,0.8084634704589844,0.0
,9629,,,,,-3.314208984375,76.64794921875,0.3332257507324219,0.8434744445800781,0.0
,9630,,,,,-3.2501220703125,76.7486572265625,0.2806057067871094,0.88335380859375,0.0
,9631,,,,,-7.8643798828125,76.556396484375,0.1790945983886719,0.8928834228515625,0.0
,9632,,,,,-8.5052490234375,75.4486083984375,0.1205703369140625,0.9119426513671876,0.0
,9633,,,,,-13.7969970703125,73.9471435546875,0.07126494140625,0.9398064147949219,0.0
,9634,,,,,-14.7674560546875,72.2625732421875,0.04381550903320312,0.9671522644042969,0.0
,9635,,,,,-17.5872802734375,70.0836181640625,-0.04951256103515625,0.9443640563964844,0.0
,9636,,,,,-23.309326171875,67.987060546875,-0.10586158447265626,0.9074885925292969,0.0
,9637,,,,,-29.18701171875,65.9912109375,-0.11994884033203125,0.9150501342773438,0.0
,9638,,,,,-34.423828125,64.0869140625,-0.16127836303710938,0.8803499084472657,0.0
,9639,,,,,-41.3543701171875,59.051513671875,-0.23886185302734375,0.8332197509765625,0.0
,9640,,,,,-45.2545166015625,59.051513671875,-0.30329033203125,0.8069097290039062,0.0
,9641,,,,,-51.287841796875,54.3914794921875,-0.3683403076171875,0.7826713623046875,0.0
,9642,,,,,-53.741455078125,54.3914794921875,-0.4362906005859375,0.7306728149414062,0.0
,9643,,,,,-58.6212158203125,49.6124267578125,-0.47554846801757816,0.7001158996582032,0.0
,9644,,,,,-60.0677490234375,49.6124267578125,-0.5364551330566406,0.6711127258300782,0.0
,9645,,,,,-65.29541015625,42.1783447265625,-0.6109311401367188,0.6428346313476563,0.0
,9646,,,,,-65.093994140625,42.1783447265625,-0.6669694152832032,0.6083415710449219,0.0
,9647,,,,,-68.1243896484375,36.273193359375,-0.72425068359375,0.5535462890625,0.0
,9648,,,,,-67.41943359375,36.273193359375,-0.7810140380859375,0.5134597595214844,0.0
,9649,,,,,-70.1019287109375,29.205322265625,-0.8354985717773438,0.4788631164550781,0.0
,9650,,,,,-68.1610107421875,29.205322265625,-0.8651232421875,0.45472833251953126,0.0
,9651,,,,,-71.30126953125,20.6451416015625,-0.9006521301269531,0.4147453857421875,0.0
,9652,,,,,-68.8201904296875,20.6451416015625,-0.9135999755859375,0.4028333679199219,0.0
,9653,,,,,-73.370361328125,8.7890625,-0.9416709045410157,0.34420552368164065,0.0
,9654,,,,,-80.67626953125,-8.8165283203125,-0.9672558471679688,0.30660498046875,0.0
,9655,,,,,-74.4415283203125,-3.0120849609375,-0.9748173889160157,0.24062276000976562,0.0
,9656,,,,,-69.2047119140625,-3.0120849609375,-0.9677737609863282,0.2238423522949219,0.0
,9657,,,,,-75.8148193359375,-14.4561767578125,-0.976267547607422,0.14574094848632813,0.0
,9658,,,,,-68.2159423828125,-14.4561767578125,-0.9689131713867187,0.11093713989257813,0.0
,9659,,,,,-73.9837646484375,-24.4537353515625,-0.9498539428710938,0.03293931884765625,0.0
,9660,,,,,-66.97998046875,-24.4537353515625,-0.9408422424316406,-0.024031201171875002,0.0
,9661,,,,,-72.491455078125,-33.9935302734375,-0.9599014709472656,-0.12378140258789062,0.0
,9662,,,,,-62.8143310546875,-33.9935302734375,-0.9318305419921875,-0.15195591430664063,0.0
,9663,,,,,-66.9158935546875,-41.0980224609375,-0.9489216979980469,-0.20571536865234374,0.0
,9664,,,,,-58.7127685546875,-41.0980224609375,-0.9273764831542969,-0.2640324645996094,0.0
,9665,,,,,-61.19384765625,-45.391845703125,-0.9218865966796875,-0.3622289245605469,0.0
,9666,,,,,-54.01611328125,-45.391845703125,-0.8811785705566406,-0.39786139526367187,0.0
,9667,,,,,-57.0556640625,-50.6561279296875,-0.8457532653808594,-0.46477586059570314,0.0
,9668,,,,,-48.0743408203125,-50.6561279296875,-0.8397454650878906,-0.4954363586425781,0.0
,9669,,,,,-49.03564453125,-52.3223876953125,-0.8248295471191407,-0.556032275390625,0.0
,9670,,,,,-36.62109375,-56.2225341796875,-0.7908544006347656,-0.5578967651367188,0.0
,9671,,,,,-38.836669921875,-60.0494384765625,-0.7708629272460937,-0.5964295532226562,0.0
,9672,,,,,-27.1636962890625,-63.2171630859375,-0.7212467834472657,-0.6101024780273437,0.0
,9673,,,,,-29.132080078125,-66.632080078125,-0.6651049255371094,-0.6357910034179688,0.0
,9674,,,,,-16.973876953125,-69.8822021484375,-0.6261578063964844,-0.6542287353515626,0.0
,9675,,,,,-18.49365234375,-72.5189208984375,-0.5797527282714844,-0.7142031555175782,0.0
,9676,,,,,-9.7412109375,-74.1943359375,-0.5092128662109375,-0.7335731323242187,0.0
,9677,,,,,-10.7574462890625,-75.9429931640625,-0.4560749084472656,-0.7741775756835938,0.0
,9678,,,,,-1.1444091796875,-77.2430419921875,-0.3827383117675781,-0.7941690490722656,0.0
,9679,,,,,-1.483154296875,-77.838134765625,-0.3016330078125,-0.8243116333007813,0.0
,9680,,,,,2.8656005859375,-77.5360107421875,-0.23565078735351563,-0.8646053283691406,0.0
,9681,,,,,3.1036376953125,-77.1240234375,-0.14429078979492188,-0.8719597045898437,0.0
,9682,,,,,9.9334716796875,-76.3458251953125,-0.06318548583984375,-0.8749636047363282,0.0
,9683,,,,,10.6292724609375,-75.146484375,-0.0343894775390625,-0.9036560302734375,0.0
,9684,,,,,15.9576416015625,-73.5076904296875,0.04340117797851563,-0.9042775268554688,0.0
,9685,,,,,16.9281005859375,-71.8231201171875,0.0725079345703125,-0.9105960754394532,0.0
,9686,,,,,21.78955078125,-70.0927734375,0.12036317138671876,-0.9096638305664063,0.0
,9687,,,,,28.179931640625,-67.510986328125,0.12357423706054688,-0.9041739440917969,0.0
,9688,,,,,34.4970703125,-64.7735595703125,0.16417868041992187,-0.8822143981933595,0.0
,9689,,,,,39.29443359375,-62.7960205078125,0.21742022094726562,-0.8698880493164063,0.0
,9690,,,,,45.7672119140625,-57.6873779296875,0.31623817749023436,-0.8197539916992188,0.0
,9691,,,,,49.0447998046875,-57.6873779296875,0.34907391357421874,-0.804630908203125,0.0
,9692,,,,,54.7119140625,-52.093505859375,0.3899891052246094,-0.8064953979492188,0.0
,9693,,,,,56.1126708984375,-52.093505859375,0.4351511901855469,-0.7692056030273438,0.0
,9694,,,,,60.882568359375,-45.428466796875,0.5280649291992188,-0.7161712280273438,0.0
,9695,,,,,61.4501953125,-45.428466796875,0.5990191223144531,-0.6797100952148438,0.0
,9696,,,,,66.5771484375,-37.3077392578125,0.6617902770996094,-0.6414880554199219,0.0
,9697,,,,,66.412353515625,-37.3077392578125,0.7239399353027344,-0.5767488281250001,0.0
,9698,,,,,68.206787109375,-33.3709716796875,0.7676518615722656,-0.53200107421875,0.0
,9699,,,,,67.2821044921875,-33.3709716796875,0.8010055114746094,-0.5020656555175781,0.0
,9700,,,,,70.2484130859375,-26.0284423828125,0.8525897277832032,-0.4489276977539063,0.0
,9701,,,,,68.426513671875,-26.0284423828125,0.8784854187011719,-0.42582874145507815,0.0
,9702,,,,,72.7203369140625,-15.032958984375,0.8821108154296875,-0.40811608886718753,0.0
,9703,,,,,69.9737548828125,-15.032958984375,0.9134963928222657,-0.3561175415039063,0.0
,9704,,,,,76.666259765625,1.995849609375,0.9282051452636719,-0.32245314331054686,0.0
,9705,,,,,73.5626220703125,1.995849609375,0.9273764831542969,-0.2871314208984375,0.0
,9706,,,,,75.5767822265625,10.1898193359375,0.9069706787109375,-0.2432123291015625,0.0
,9707,,,,,68.5546875,10.1898193359375,0.9489216979980469,-0.18800271606445312,0.0
,9708,,,,,75.18310546875,21.6705322265625,0.9327627868652344,-0.12999636840820314,0.0
,9709,,,,,68.023681640625,21.6705322265625,0.9331771179199219,-0.058938592529296875,0.0
,9710,,,,,72.967529296875,30.230712890625,0.9133928100585937,0.014812335205078126,0.0
,9711,,,,,64.5263671875,30.230712890625,0.9346272766113282,0.09498539428710938,0.0
,9712,,,,,69.61669921875,39.0472412109375,0.9290338073730469,0.17868026733398437,0.0
,9713,,,,,61.431884765625,39.0472412109375,0.9345236938476563,0.24103709106445315,0.0
,9714,,,,,63.7481689453125,43.048095703125,0.9027237854003907,0.2869242553710938,0.0
,9715,,,,,56.72607421875,43.048095703125,0.8853218811035156,0.3437911926269531,0.0
,9716,,,,,60.2691650390625,49.1729736328125,0.8738241943359375,0.41671345825195316,0.0
,9717,,,,,52.9449462890625,49.1729736328125,0.8623265075683594,0.4656045227050781,0.0
,9718,,,,,55.352783203125,53.3477783203125,0.8708202941894532,0.5465026611328125,0.0
,9719,,,,,41.912841796875,53.3477783203125,0.8223435607910157,0.5532355407714844,0.0
,9720,,,,,21.6156005859375,56.707763671875,0.8026628356933594,0.5910432495117187,0.0
,9721,,,,,31.7962646484375,60.2783203125,0.7558434265136719,0.5959116394042969,0.0
,9722,,,,,33.6273193359375,63.446044921875,0.7520108642578125,0.640555810546875,0.0
,9723,,,,,22.22900390625,66.4947509765625,0.6494639282226563,0.645527783203125,0.0
,9724,,,,,23.91357421875,69.4244384765625,0.6056484191894531,0.6705948120117188,0.0
,9725,,,,,14.8223876953125,71.9329833984375,0.516256494140625,0.6626189392089844,0.0
,9726,,,,,15.8843994140625,73.773193359375,0.468194091796875,0.7361627014160157,0.0
,9727,,,,,6.793212890625,75.311279296875,0.4053193542480469,0.8027664184570312,0.0
,9728,,,,,7.379150390625,76.318359375,0.38967835693359376,0.8762065979003907,0.0
,9729,,,,,1.3641357421875,76.5472412109375,0.25750675048828126,0.854454217529297,0.0
,9730,,,,,1.190185546875,76.226806640625,0.19494276123046875,0.8819036499023438,0.0
,9731,,,,,-3.900146484375,75.62255859375,0.12740679931640625,0.8973374816894532,0.0
,9732,,,,,-4.486083984375,74.6246337890625,0.09498539428710938,0.9307947143554688,0.0
,9733,,,,,-10.601806640625,73.1689453125,0.048891064453125,0.9558617431640626,0.0
,9734,,,,,-11.444091796875,71.7132568359375,0.002589569091796875,0.9464357116699219,0.0
,9735,,,,,-19.3634033203125,69.598388671875,-0.06991836547851563,0.9260299072265625,0.0
,9736,,,,,-20.7550048828125,67.1905517578125,-0.1114550537109375,0.9175361206054687,0.0
,9737,,,,,-26.6326904296875,64.9017333984375,-0.14511945190429687,0.9081100891113282,0.0
,9738,,,,,-31.732177734375,62.51220703125,-0.1728796325683594,0.8769316772460938,0.0
,9739,,,,,-38.4246826171875,57.9254150390625,-0.22777849731445313,0.8429565307617187,0.0
,9740,,,,,-42.66357421875,57.9254150390625,-0.29262130737304687,0.8053559875488282,0.0
,9741,,,,,-48.394775390625,53.61328125,-0.3500061584472656,0.7808068725585938,0.0
,9742,,,,,-50.57373046875,53.61328125,-0.42354992065429686,0.7394773498535157,0.0
,9743,,,,,-55.99365234375,48.065185546875,-0.46891917114257814,0.7104741760253906,0.0
,9744,,,,,-57.696533203125,48.065185546875,-0.5074519592285156,0.6816781677246094,0.0
,9745,,,,,-62.6861572265625,41.400146484375,-0.5814100524902344,0.6334085998535156,0.0
,9746,,,,,-62.9241943359375,41.400146484375,-0.6490495971679687,0.6003656982421876,0.0
,9747,,,,,-67.34619140625,33.2611083984375,-0.7144103210449219,0.5461919128417969,0.0
,9748,,,,,-66.6595458984375,33.2611083984375,-0.7520108642578125,0.5307580810546875,0.0
,9749,,,,,-68.975830078125,27.7313232421875,-0.801316259765625,0.4819705993652344,0.0
,9750,,,,,-67.4102783203125,27.7313232421875,-0.8313552612304688,0.4621862915039063,0.0
,9751,,,,,-70.147705078125,20.0225830078125,-0.8439923583984376,0.42976488647460936,0.0
,9752,,,,,-90.985107421875,-20.050048828125,-0.8608763488769532,0.41215581665039064,0.0
,9753,,,,,-80.4473876953125,-7.03125,-0.9031381164550781,0.3507312377929688,0.0
,9754,,,,,-77.545166015625,-7.03125,-0.9181576171875,0.3340544128417969,0.0
,9755,,,,,-74.3316650390625,-5.621337890625,-0.9137035583496094,0.27780897216796874,0.0
,9756,,,,,-67.218017578125,-5.621337890625,-0.9166038757324219,0.2551243469238281,0.0
,9757,,,,,-73.6358642578125,-16.7449951171875,-0.9241654174804688,0.16842557373046876,0.0
,9758,,,,,-67.5567626953125,-16.7449951171875,-0.8881186157226563,0.15640997314453126,0.0
,9759,,,,,-73.3795166015625,-26.84326171875,-0.8958873229980469,0.05438095092773438,0.0
,9760,,,,,-65.606689453125,-26.84326171875,-0.8832502258300782,0.02175238037109375,0.0
,9761,,,,,-70.20263671875,-34.808349609375,-0.9114247375488281,-0.09011700439453126,0.0
,9762,,,,,-63.2080078125,-34.808349609375,-0.8911225158691407,-0.131757275390625,0.0
,9763,,,,,-66.76025390625,-40.97900390625,-0.9072814270019531,-0.20861568603515626,0.0
,9764,,,,,-59.088134765625,-40.97900390625,-0.8580796142578125,-0.2590604919433594,0.0
,9765,,,,,-61.541748046875,-45.2362060546875,-0.8191324951171876,-0.33902638549804687,0.0
,9766,,,,,-56.06689453125,-45.2362060546875,-0.8108458740234376,-0.3991043884277344,0.0
,9767,,,,,-59.0423583984375,-50.3997802734375,-0.812917529296875,-0.4695406677246094,0.0
,9768,,,,,-47.6806640625,-50.3997802734375,-0.7737632446289062,-0.48549241333007814,0.0
,9769,,,,,-49.090576171875,-52.84423828125,-0.7490069641113282,-0.5306544982910156,0.0
,9770,,,,,-38.287353515625,-56.011962890625,-0.7470388916015626,-0.5652511413574219,0.0
,9771,,,,,-40.2740478515625,-59.454345703125,-0.7161712280273438,-0.5969474670410156,0.0
,9772,,,,,-27.740478515625,-63.702392578125,-0.6787778503417969,-0.5952901428222657,0.0
,9773,,,,,-29.9652099609375,-67.547607421875,-0.6303011169433594,-0.6376554931640626,0.0
,9774,,,,,-20.379638671875,-70.0103759765625,-0.5612114135742188,-0.6637583496093751,0.0
,9775,,,,,-21.7529296875,-72.381591796875,-0.5188460632324219,-0.7061236999511719,0.0
,9776,,,,,-11.7828369140625,-74.4415283203125,-0.4702657470703125,-0.7559470092773438,0.0
,9777,,,,,-12.4237060546875,-75.54931640625,-0.4075981750488281,-0.7936511352539063,0.0
,9778,,,,,-4.6417236328125,-75.897216796875,-0.34120162353515626,-0.8148856018066406,0.0
,9779,,,,,-4.705810546875,-75.9979248046875,-0.26082139892578127,-0.8275226989746094,0.0
,9780,,,,,1.4190673828125,-75.6866455078125,-0.1944248474121094,-0.8530040588378907,0.0
,9781,,,,,1.812744140625,-74.9908447265625,-0.14035464477539064,-0.8795212463378906,0.0
,9782,,,,,6.9488525390625,-74.322509765625,-0.05769559936523438,-0.8850111328125,0.0
,9783,,,,,7.4798583984375,-73.3978271484375,0.00766512451171875,-0.8887401123046875,0.0
,9784,,,,,14.2181396484375,-71.5301513671875,0.0484767333984375,-0.9075921752929688,0.0
,9785,,,,,15.5181884765625,-69.2779541015625,0.06670729980468751,-0.910699658203125,0.0
,9786,,,,,21.4599609375,-67.3004150390625,0.10254693603515626,-0.9109068237304688,0.0
,9787,,,,,26.7425537109375,-65.7257080078125,0.10120036010742188,-0.9146358032226563,0.0
,9788,,,,,32.3455810546875,-63.5101318359375,0.17453695678710937,-0.8851147155761719,0.0
,9789,,,,,38.4979248046875,-60.8642578125,0.19680725097656251,-0.8690593872070312,0.0
,9790,,,,,45.574951171875,-55.70068359375,0.24963446044921875,-0.846167596435547,0.0
,9791,,,,,48.3123779296875,-55.70068359375,0.3002864318847656,-0.8199611572265625,0.0
,9792,,,,,54.1259765625,-49.896240234375,0.35539246215820314,-0.7911651489257813,0.0
,9793,,,,,56.3232421875,-49.896240234375,0.391957177734375,-0.7741775756835938,0.0
,9794,,,,,61.7523193359375,-43.4051513671875,0.47927744750976564,-0.7336767150878907,0.0
,9795,,,,,62.51220703125,-43.4051513671875,0.5571716857910156,-0.6796065124511719,0.0
,9796,,,,,67.2821044921875,-35.5224609375,0.6384841552734375,-0.6230503234863282,0.0
,9797,,,,,66.8426513671875,-35.5224609375,0.6904827026367187,-0.5600720031738281,0.0
,9798,,,,,69.873046875,-29.2327880859375,0.7131673278808593,-0.5429808471679688,0.0
,9799,,,,,68.73779296875,-29.2327880859375,0.7463138122558594,-0.5082806213378906,0.0
,9800,,,,,71.22802734375,-22.9156494140625,0.8034914978027344,-0.44602738037109374,0.0
,9801,,,,,69.305419921875,-22.9156494140625,0.8639838317871094,-0.41598837890625,0.0
,9802,,,,,73.114013671875,-11.9842529296875,0.8909153503417969,-0.3766269287109375,0.0
,9803,,,,,70.3125,-11.9842529296875,0.8982697265625,-0.3425481994628906,0.0
,9804,,,,,76.6845703125,3.55224609375,0.8855290466308594,-0.3327078369140625,0.0
,9805,,,,,73.3245849609375,3.55224609375,0.9302768005371094,-0.2826773620605469,0.0
,9806,,,,,75.0,11.7828369140625,0.9084208374023438,-0.24259083251953126,0.0
,9807,,,,,68.8934326171875,11.7828369140625,0.9017915405273438,-0.19224960937500002,0.0
,9808,,,,,74.6063232421875,21.6705322265625,0.9003413818359375,-0.11321596069335937,0.0
,9809,,,,,68.0877685546875,21.6705322265625,0.9054169372558594,-0.036357550048828124,0.0
,9810,,,,,73.7274169921875,31.439208984375,0.8841824707031251,0.021855963134765625,0.0
,9811,,,,,66.668701171875,31.439208984375,0.9124605651855469,0.10865831909179688,0.0
,9812,,,,,70.9442138671875,38.85498046875,0.8813857360839844,0.17919818115234376,0.0
,9813,,,,,62.347412109375,38.85498046875,0.8845968017578125,0.26568978881835936,0.0
,9814,,,,,64.7918701171875,43.0938720703125,0.869266552734375,0.33291500244140626,0.0
,9815,,,,,60.479736328125,43.0938720703125,0.8720632873535157,0.3993115539550781,0.0
,9816,,,,,62.896728515625,47.2869873046875,0.8705095458984375,0.47389114379882813,0.0
,9817,,,,,54.19921875,47.2869873046875,0.8405741271972657,0.5023764038085937,0.0
,9818,,,,,57.6507568359375,53.265380859375,0.8473070068359375,0.5668048828125,0.0
,9819,,,,,44.970703125,53.265380859375,0.814574853515625,0.5603827514648437,0.0
,9820,,,,,18.402099609375,56.524658203125,0.7828785278320313,0.5940471496582032,0.0
,9821,,,,,31.1737060546875,60.24169921875,0.7156533142089844,0.59663671875,0.0
,9822,,,,,33.3526611328125,64.0228271484375,0.7064344482421875,0.6523642456054688,0.0
,9823,,,,,25.0579833984375,67.41943359375,0.610723974609375,0.6425238830566407,0.0
,9824,,,,,26.47705078125,69.873046875,0.6225324096679687,0.6978370788574219,0.0
,9825,,,,,16.2506103515625,71.759033203125,0.5421521850585937,0.7277724975585937,0.0
,9826,,,,,17.2943115234375,73.5809326171875,0.4952291931152344,0.7906472351074219,0.0
,9827,,,,,8.5235595703125,74.6337890625,0.4119486511230469,0.8148856018066406,0.0
,9828,,,,,8.8165283203125,75.1373291015625,0.391957177734375,0.8744456909179688,0.0
,9829,,,,,0.018310546875,75.347900390625,0.29137831420898436,0.8701987976074219,0.0
,9830,,,,,0.018310546875,75.347900390625,0.2456983154296875,0.9110104064941407,0.0
,9831,,,,,-4.6875,75.03662109375,0.19007437133789062,0.9358702697753907,0.0
,9832,,,,,-5.0628662109375,74.37744140625,0.1413904724121094,0.9561724914550781,0.0
,9833,,,,,-12.48779296875,73.3428955078125,0.060595916748046874,0.9533757568359376,0.0
,9834,,,,,-13.2568359375,72.0062255859375,0.018126983642578125,0.9520291809082032,0.0
,9835,,,,,-20.159912109375,69.98291015625,-0.036771881103515626,0.9451927185058594,0.0
,9836,,,,,-21.3134765625,67.987060546875,-0.07199002075195313,0.9353523559570313,0.0
,9837,,,,,-26.9622802734375,65.716552734375,-0.09550330810546875,0.9401171630859375,0.0
,9838,,,,,-33.5357666015625,62.823486328125,-0.13786865844726562,0.9293445556640625,0.0
,9839,,,,,-41.619873046875,56.5704345703125,-0.18541314697265626,0.9111139892578125,0.0
,9840,,,,,-44.86083984375,56.5704345703125,-0.24642339477539063,0.8657447387695313,0.0
,9841,,,,,-50.6103515625,51.910400390625,-0.29997568359375,0.8276262817382812,0.0
,9842,,,,,-53.192138671875,51.910400390625,-0.36160742797851564,0.7829821105957031,0.0
,9843,,,,,-59.5367431640625,45.3643798828125,-0.4396052490234375,0.7339874633789063,0.0
,9844,,,,,-61.212158203125,45.3643798828125,-0.5020656555175781,0.6955582580566406,0.0
,9845,,,,,-65.460205078125,39.22119140625,-0.5561358581542969,0.6462528625488282,0.0
,9846,,,,,-65.899658203125,39.22119140625,-0.6001585327148438,0.616524609375,0.0
,9847,,,,,-70.953369140625,30.853271484375,-0.6657264221191407,0.5767488281250001,0.0
,9848,,,,,-70.34912109375,30.853271484375,-0.7426884155273438,0.5152206665039063,0.0
,9849,,,,,-71.8597412109375,26.8157958984375,-0.7882648315429688,0.45441758422851564,0.0
,9850,,,,,-70.42236328125,26.8157958984375,-0.8246223815917969,0.4396052490234375,0.0
,9851,,,,,-73.42529296875,18.017578125,-0.855179296875,0.39775781250000003,0.0
,9852,,,,,-91.7633056640625,-18.0450439453125,-0.8672984802246094,0.39982946777343753,0.0
,9853,,,,,-82.763671875,-6.610107421875,-0.9089387512207031,0.3365403991699219,0.0
,9854,,,,,-80.126953125,-6.610107421875,-0.9038631958007812,0.3218316467285156,0.0
,9855,,,,,-77.01416015625,-5.9051513671875,-0.9242690002441406,0.24538756713867188,0.0
,9856,,,,,-70.074462890625,-5.9051513671875,-0.9179504516601563,0.21193033447265625,0.0
,9857,,,,,-76.3458251953125,-16.7633056640625,-0.9137035583496094,0.14781260375976563,0.0
,9858,,,,,-70.4681396484375,-16.7633056640625,-0.9056241027832032,0.10461859130859376,0.0
,9859,,,,,-76.3092041015625,-26.898193359375,-0.9414637390136719,-0.00849378662109375,0.0
,9860,,,,,-68.9300537109375,-26.898193359375,-0.9242690002441406,-0.05085913696289063,0.0
,9861,,,,,-73.297119140625,-34.4512939453125,-0.932244873046875,-0.1388009033203125,0.0
,9862,,,,,-66.7327880859375,-34.4512939453125,-0.8928834228515625,-0.15257741088867188,0.0
,9863,,,,,-69.8822021484375,-39.898681640625,-0.8954729919433594,-0.24466248779296876,0.0
,9864,,,,,-63.02490234375,-39.898681640625,-0.8640874145507813,-0.29334638671875,0.0
,9865,,,,,-66.156005859375,-45.3277587890625,-0.8540398864746094,-0.3859493774414063,0.0
,9866,,,,,-59.893798828125,-45.3277587890625,-0.8578724487304688,-0.43152579345703124,0.0
,9867,,,,,-61.944580078125,-48.870849609375,-0.8555936279296875,-0.5026871520996093,0.0
,9868,,,,,-48.980712890625,-48.870849609375,-0.8197539916992188,-0.5225750427246094,0.0
,9869,,,,,-50.885009765625,-52.166748046875,-0.817164422607422,-0.5826530456542969,0.0
,9870,,,,,-38.96484375,-56.1126708984375,-0.80711689453125,-0.6128992126464844,0.0
,9871,,,,,-40.887451171875,-59.43603515625,-0.7642336303710938,-0.6477030212402344,0.0
,9872,,,,,-28.3538818359375,-62.8143310546875,-0.7504571228027344,-0.6771205261230469,0.0
,9873,,,,,-30.4779052734375,-66.485595703125,-0.7108885070800781,-0.7158604797363282,0.0
,9874,,,,,-20.452880859375,-69.2230224609375,-0.6357910034179688,-0.7438278259277344,0.0
,9875,,,,,-21.6064453125,-71.2188720703125,-0.56846220703125,-0.7725202514648438,0.0
,9876,,,,,-11.407470703125,-73.0499267578125,-0.5194675598144531,-0.7919938110351563,0.0
,9877,,,,,-12.4053955078125,-74.7894287109375,-0.4642579467773438,-0.8296979370117188,0.0
,9878,,,,,-3.8909912109375,-75.567626953125,-0.38729595336914063,-0.8679199768066407,0.0
,9879,,,,,-3.936767578125,-75.6317138671875,-0.3000792663574219,-0.8746528564453125,0.0
,9880,,,,,3.7445068359375,-75.567626953125,-0.25212044677734374,-0.9000306335449219,0.0
,9881,,,,,4.06494140625,-75.0091552734375,-0.16997931518554688,-0.9005485473632813,0.0
,9882,,,,,10.1531982421875,-74.0936279296875,-0.08814893188476562,-0.908213671875,0.0
,9883,,,,,10.7757568359375,-73.0224609375,-0.051687799072265624,-0.9424995666503907,0.0
,9884,,,,,16.534423828125,-71.4935302734375,0.01263709716796875,-0.93307353515625,0.0
,9885,,,,,17.4224853515625,-69.9554443359375,0.035736053466796876,-0.9491288635253906,0.0
,9886,,,,,22.9156494140625,-67.3004150390625,0.09995736694335938,-0.9469536254882813,0.0
,9887,,,,,28.875732421875,-64.324951171875,0.11445895385742187,-0.9327627868652344,0.0
,9888,,,,,34.16748046875,-61.70654296875,0.16138194580078125,-0.9253048278808594,0.0
,9889,,,,,39.8345947265625,-59.197998046875,0.1919388610839844,-0.9158787963867188,0.0
,9890,,,,,47.625732421875,-52.6702880859375,0.25243119506835937,-0.8878078674316406,0.0
,9891,,,,,50.830078125,-52.6702880859375,0.28226303100585937,-0.8638802490234375,0.0
,9892,,,,,56.4605712890625,-47.27783203125,0.34948824462890626,-0.8300086853027344,0.0
,9893,,,,,58.2366943359375,-47.27783203125,0.39589332275390626,-0.7886791625976562,0.0
,9894,,,,,63.555908203125,-40.667724609375,0.48217776489257813,-0.7340910461425781,0.0
,9895,,,,,64.4989013671875,-40.667724609375,0.5605899169921875,-0.6926579406738281,0.0
,9896,,,,,68.22509765625,-34.82666015625,0.6285402099609375,-0.6409701416015625,0.0
,9897,,,,,68.023681640625,-34.82666015625,0.6667622497558594,-0.604094677734375,0.0
,9898,,,,,70.2850341796875,-30.1483154296875,0.7322265563964844,-0.5516817993164063,0.0
,9899,,,,,69.085693359375,-30.1483154296875,0.7809104553222657,-0.5046552246093751,0.0
,9900,,,,,71.22802734375,-24.0234375,0.8199611572265625,-0.4675725952148438,0.0
,9901,,,,,69.122314453125,-24.0234375,0.8587011108398438,-0.42541441040039063,0.0
,9902,,,,,73.7823486328125,-11.75537109375,0.8751707702636718,-0.4025226196289063,0.0
,9903,,,,,70.9625244140625,-11.75537109375,0.8910189331054688,-0.36564715576171875,0.0
,9904,,,,,76.4739990234375,2.3895263671875,0.8981661437988282,-0.31592742919921873,0.0
,9905,,,,,73.974609375,2.3895263671875,0.9079029235839844,-0.2652754577636719,0.0
,9906,,,,,76.42822265625,11.1419677734375,0.894126416015625,-0.2142091552734375,0.0
,9907,,,,,70.86181640625,11.1419677734375,0.9257191589355469,-0.1359005859375,0.0
,9908,,,,,76.13525390625,20.269775390625,0.9191934448242188,-0.08089813842773438,0.0
,9909,,,,,70.49560546875,20.269775390625,0.9428103149414063,0.0047648071289062505,0.0
,9910,,,,,75.10986328125,28.253173828125,0.9152572998046875,0.08100172119140625,0.0
,9911,,,,,66.6229248046875,28.253173828125,0.9200221069335938,0.13186085815429688,0.0
,9912,,,,,71.4385986328125,36.58447265625,0.9386670043945313,0.20188280639648437,0.0
,9913,,,,,62.8326416015625,36.58447265625,0.9611444641113281,0.2848526000976563,0.0
,9914,,,,,64.9200439453125,40.191650390625,0.9334878662109375,0.35031690673828125,0.0
,9915,,,,,58.3740234375,40.191650390625,0.9145322204589844,0.40428352661132816,0.0
,9916,,,,,61.3861083984375,45.4010009765625,0.9114247375488281,0.483110009765625,0.0
,9917,,,,,53.3843994140625,45.4010009765625,0.8976482299804688,0.519571142578125,0.0
,9918,,,,,55.9478759765625,49.8321533203125,0.8844932189941407,0.5728126831054687,0.0
,9919,,,,,41.986083984375,49.8321533203125,0.8249331298828125,0.5785097351074219,0.0
,9920,,,,,17.9443359375,53.9886474609375,0.8376738098144532,0.64138447265625,0.0
,9921,,,,,30.853271484375,58.5845947265625,0.7728309997558594,0.6310261962890625,0.0
,9922,,,,,32.9498291015625,62.200927734375,0.7505607055664063,0.6671765808105469,0.0
,9923,,,,,23.199462890625,65.716552734375,0.6528821594238281,0.6444919555664063,0.0
,9924,,,,,25.1129150390625,69.0399169921875,0.619114178466797,0.6843713195800781,0.0
,9925,,,,,15.142822265625,71.246337890625,0.5574824340820312,0.6843713195800781,0.0
,9926,,,,,15.93017578125,72.5921630859375,0.5346942260742188,0.768169775390625,0.0
,9927,,,,,6.005859375,73.6358642578125,0.42862547607421875,0.8052524047851563,0.0
,9928,,,,,6.3079833984375,74.1485595703125,0.3923715087890625,0.8592190246582031,0.0
,9929,,,,,-2.3162841796875,74.2584228515625,0.3321899230957031,0.8696808837890625,0.0
,9930,,,,,-2.3345947265625,74.2218017578125,0.2890994934082031,0.901584375,0.0
,9931,,,,,-8.1024169921875,73.8555908203125,0.18261641235351564,0.8886365295410157,0.0
,9932,,,,,-8.3953857421875,73.35205078125,0.138386572265625,0.9228188415527344,0.0
,9933,,,,,-14.3829345703125,71.9512939453125,0.083694873046875,0.9337986145019531,0.0
,9934,,,,,-15.3167724609375,70.3399658203125,0.03987936401367188,0.9358702697753907,0.0
,9935,,,,,-22.6409912109375,68.2159423828125,-0.014190838623046875,0.9284123107910156,0.0
,9936,,,,,-23.822021484375,66.1651611328125,-0.06328906860351563,0.9073850097656251,0.0
,9937,,,,,-28.7933349609375,64.0411376953125,-0.10710457763671875,0.9029309509277345,0.0
,9938,,,,,-34.38720703125,61.907958984375,-0.135071923828125,0.8805570739746094,0.0
,9939,,,,,-42.352294921875,55.9661865234375,-0.19038511962890625,0.8516574829101563,0.0
,9940,,,,,-46.03271484375,55.9661865234375,-0.24745922241210938,0.8059774841308593,0.0
,9941,,,,,-51.910400390625,51.1505126953125,-0.28360960693359377,0.7907508178710938,0.0
,9942,,,,,-54.45556640625,51.1505126953125,-0.3444126892089844,0.7529431091308594,0.0
,9943,,,,,-60.1318359375,45.6756591796875,-0.4351511901855469,0.6926579406738281,0.0
,9944,,,,,-61.9720458984375,45.6756591796875,-0.49222529296875,0.6639655151367188,0.0
,9945,,,,,-65.9820556640625,40.045166015625,-0.5544785339355469,0.6335121826171876,0.0
,9946,,,,,-66.082763671875,40.045166015625,-0.6086523193359376,0.5774739074707032,0.0
,9947,,,,,-69.10400390625,34.332275390625,-0.6738058776855469,0.5126310974121094,0.0
,9948,,,,,-68.44482421875,34.332275390625,-0.7351268737792969,0.4757556335449219,0.0
,9949,,,,,-70.7977294921875,29.150390625,-0.7724166687011719,0.43328670043945317,0.0
,9950,,,,,-69.25048828125,29.150390625,-0.8188217468261719,0.41433105468750003,0.0
,9951,,,,,-72.98583984375,19.3634033203125,-0.8481356689453126,0.38957477416992187,0.0
,9952,,,,,-92.8619384765625,-19.390869140625,-0.8757922668457031,0.364611328125,0.0
,9953,,,,,-84.0911865234375,-8.0841064453125,-0.9161895446777344,0.29572879028320315,0.0
,9954,,,,,-81.8572998046875,-8.0841064453125,-0.915671630859375,0.28526693115234375,0.0
,9955,,,,,-76.1810302734375,-2.9754638671875,-0.9308982971191406,0.2125518310546875,0.0
,9956,,,,,-69.6441650390625,-2.9754638671875,-0.9187791137695313,0.18634539184570312,0.0
,9957,,,,,-76.3824462890625,-14.6484375,-0.9370096801757812,0.10265051879882812,0.0
,9958,,,,,-69.6441650390625,-14.6484375,-0.9307947143554688,0.07468317260742188,0.0
,9959,,,,,-74.6337890625,-23.291015625,-0.9494396118164062,-0.011290521240234375,0.0
,9960,,,,,-66.9158935546875,-23.291015625,-0.9592799743652344,-0.05945650634765625,0.0
,9961,,,,,-72.052001953125,-32.1990966796875,-0.9643555297851563,-0.1454302001953125,0.0
,9962,,,,,-63.9312744140625,-32.1990966796875,-0.9260299072265625,-0.16480017700195312,0.0
,9963,,,,,-67.27294921875,-37.97607421875,-0.9110104064941407,-0.22694983520507814,0.0
,9964,,,,,-59.197998046875,-37.97607421875,-0.8885329467773437,-0.29075681762695316,0.0
,9965,,,,,-62.384033203125,-43.505859375,-0.8895687744140626,-0.39340733642578124,0.0
,9966,,,,,-55.84716796875,-43.505859375,-0.856007958984375,-0.4106020751953125,0.0
,9967,,,,,-58.2366943359375,-47.64404296875,-0.8492750793457031,-0.4787595336914063,0.0
,9968,,,,,-47.5341796875,-47.64404296875,-0.8318731750488282,-0.4894285583496094,0.0
,9969,,,,,-51.5625,-54.6295166015625,-0.7902329040527344,-0.5247502807617188,0.0
,9970,,,,,-37.3626708984375,-54.6295166015625,-0.7772850585937501,-0.5472277404785156,0.0
,9971,,,,,-39.4500732421875,-58.245849609375,-0.7826713623046875,-0.610827557373047,0.0
,9972,,,,,-26.40380859375,-61.798095703125,-0.7699306823730468,-0.656300390625,0.0
,9973,,,,,-28.4912109375,-65.4144287109375,-0.6979406616210938,-0.6713198913574219,0.0
,9974,,,,,-17.7154541015625,-68.7744140625,-0.6369304138183594,-0.6789850158691406,0.0
,9975,,,,,-18.896484375,-70.8160400390625,-0.5685657897949219,-0.7086096862792969,0.0
,9976,,,,,-8.3404541015625,-72.4639892578125,-0.514599169921875,-0.7471424743652344,0.0
,9977,,,,,-9.3658447265625,-74.23095703125,-0.45265667724609376,-0.7792531311035157,0.0
,9978,,,,,-0.6866455078125,-75.1007080078125,-0.3841884704589844,-0.8055631530761719,0.0
,9979,,,,,-0.9246826171875,-75.5126953125,-0.32960035400390625,-0.8231722229003906,0.0
,9980,,,,,6.1798095703125,-75.6500244140625,-0.2465269775390625,-0.8343591613769531,0.0
,9981,,,,,6.353759765625,-75.3387451171875,-0.17712652587890626,-0.8515539001464844,0.0
,9982,,,,,11.7279052734375,-74.560546875,-0.12409215087890625,-0.8781746704101563,0.0
,9983,,,,,12.4603271484375,-73.297119140625,-0.07157568969726563,-0.9009628784179687,0.0
,9984,,,,,18.2098388671875,-71.685791015625,0.010461859130859376,-0.8877042846679688,0.0
,9985,,,,,19.097900390625,-70.147705078125,0.05365587158203125,-0.8918475952148438,0.0
,9986,,,,,24.5361328125,-67.85888671875,0.09788571166992188,-0.8919511779785156,0.0
,9987,,,,,29.608154296875,-65.4876708984375,0.10865831909179688,-0.887497119140625,0.0
,9988,,,,,36.9964599609375,-59.9578857421875,0.16625033569335937,-0.8685414733886719,0.0
,9989,,,,,41.253662109375,-59.9578857421875,0.19411409912109376,-0.8635695007324219,0.0
,9990,,,,,47.6531982421875,-55.4534912109375,0.2641360473632813,-0.8428529479980469,0.0
,9991,,,,,50.6561279296875,-55.4534912109375,0.3174811706542969,-0.7914758972167969,0.0
,9992,,,,,56.0028076171875,-51.104736328125,0.365439990234375,-0.7634049682617188,0.0
,9993,,,,,57.9254150390625,-51.104736328125,0.40511218872070315,-0.7249757629394531,0.0
,9994,,,,,63.262939453125,-44.53125,0.5042408935546875,-0.6710091430664062,0.0
,9995,,,,,64.544677734375,-44.53125,0.5649403930664063,-0.6241897338867187,0.0
,9996,,,,,68.5821533203125,-38.983154296875,0.6125884643554688,-0.6052340881347656,0.0
,9997,,,,,68.3441162109375,-38.983154296875,0.6706983947753906,-0.5768524108886719,0.0
,9998,,,,,70.751953125,-32.977294921875,0.7448636535644532,-0.5192603942871094,0.0
,9999,,,,,69.4976806640625,-32.977294921875,0.7951012939453125,-0.46767617797851563,0.0
